"","8:61592878:G:T","8:61594469:A:G","8:61596652:G:T","8:61597546:T:C","8:61597926:A:T","8:61604363:G:T","8:61605194:T:C","8:61606762:T:C","8:61612409:T:C","8:61612509:C:T","8:61613721:C:T","8:61617849:C:T","8:61623190:A:G","8:61627183:C:T","8:61627226:G:A","8:61629969:G:A","8:61631749:G:T","8:61635785:G:A","8:61635991:G:A","8:61636174:T:G","8:61639252:G:C","8:61639619:A:G","8:61639842:C:G","8:61640290:A:G","8:61643023:T:G","8:61646204:C:T","8:61648538:G:A","8:61648773:A:T","8:61651707:G:A","8:61653510:G:A","8:61654207:T:C","8:61660407:G:A","8:61661207:C:T","8:61661547:A:T","8:61662124:T:G","8:61662294:A:G","8:61663266:G:C","8:61664402:G:A","8:61665055:G:A","8:61666071:T:C","8:61666247:G:A","8:61667898:G:A","8:61669594:A:G","8:61673347:A:G","8:61675312:A:G","8:61685834:G:A","8:61686504:C:T","8:61687075:G:A","8:61688044:A:G","8:61695835:T:A","8:61698794:C:T","8:61699850:G:A","8:61701420:C:T","8:61703789:G:C","8:61705343:C:T","8:61711141:T:C","8:61712650:C:G","8:61712698:T:C","8:61714190:A:T","8:61716638:A:G","8:61717158:A:G","8:61718965:A:T","8:61719125:C:A","8:61720901:T:A","8:61724241:T:C","8:61725042:C:T","8:61725989:A:G","8:61730156:T:G","8:61730379:C:T","8:61733739:C:T","8:61735646:A:G","8:61739250:G:A","8:61740881:T:C","8:61741769:C:G","8:61743841:G:A","8:61745056:A:G","8:61745741:G:A","8:61747982:G:A","8:61750531:A:G","8:61754713:C:T","8:61760456:A:G","8:61762876:C:G","8:61762918:T:C","8:61764389:G:T","8:61764908:C:G","8:61765419:G:A","8:61770778:G:A","8:61776840:G:A","8:61781236:A:G"
"8:61592878:G:T",0.0879932908420598,3.85514940619558e-05,-0.000831017957727553,-0.00136481625873142,-7.98668486945431e-05,-0.00318629146821792,0.000351466844634274,-0.000388244675251226,0.00447450259597471,3.85514940619558e-05,-0.00016902290460763,-0.000831017957727553,-0.000637481508905857,-0.00346663833271244,-0.000977955347233106,-0.000953396137727935,0.000268678502657771,-5.86867404246405e-05,0.000104080775063409,-0.000296335532291359,-0.0020306293097061,-0.000510138447632258,2.10581365882589e-05,-0.00136481625873142,-0.000428197380268003,-0.000423628185396652,3.85514940619558e-05,-0.00532538596436272,0.000361964050142216,-0.00128570225322111,-9.88294529911116e-05,-0.000849608108768329,-0.00511326785954225,-0.000208130689868469,-6.91139257620321e-05,-0.00236388545653554,-0.00204118013605914,-5.35908570844512e-05,-0.000217619325833418,-0.000637481508905857,-0.00331835635920985,-0.00307366888721328,0.000193145019253826,-0.0020306293097061,-0.00301101991945085,-0.00136481625873142,-0.001631421022946,-0.000399353781629586,-9.88294529911116e-05,-0.00016902290460763,-0.000407851781614177,-0.000953396137727935,6.05995491920197e-05,-2.30207181708408e-05,-1.87144255301419e-05,-0.00112530156017154,-0.00136481625873142,-6.38605171632278e-05,0.000230836212895547,-0.00346663833271244,-0.000212232818440405,-4.37742372634276e-05,-9.88294529911116e-05,0.000268678502657771,-0.000637481508905857,-0.00261510510975071,-0.000482492937426304,-0.0016189412386991,-0.00194885114776788,3.42764085417002e-05,-5.35908570844512e-05,-0.0020306293097061,-0.00621407914246586,-0.000121293592560079,-0.000974850422265305,-0.00176654413639454,0.00200625293326784,-0.00106829567031586,-0.00331835635920985,-2.30207181708408e-05,-0.000104317478417215,-0.000171174668128771,-9.88294529911116e-05,-0.00398331746634994,-0.00218636761404234,-0.00396118993617911,-6.3860517164116e-05,-0.00321563400014568,-0.000688730643049418
"8:61594469:A:G",3.85514940619558e-05,0.0378133466803003,-5.20261750001083e-05,-2.48953956196729e-05,1.07837707066238e-05,1.67688787575671e-05,-0.000128010687880931,-0.00529574831008528,3.85514940619558e-05,0.000367100882473714,-0.00444432074707102,-5.20261750001083e-05,2.19294863681441e-05,1.61181202766869e-05,-8.57596839525243e-05,-3.97798986462305e-05,-4.68260636061757e-05,8.31437497694765e-06,0.000263335672588738,3.9035576069324e-05,1.69450634412982e-06,-0.00116412585893055,-3.92797764359187e-06,-2.48953956196729e-05,-1.09947368889252e-05,4.6472772365469e-05,0.000367100882473714,9.15405556369819e-05,-0.00424239476953314,2.3969296065296e-05,1.42063080241783e-05,3.94092260034284e-05,1.0783770707512e-05,2.75162103093862e-05,9.53596467745399e-06,-6.1226997924102e-05,-4.20736841011404e-05,7.71315590775146e-06,2.96980217022735e-05,2.19294863681441e-05,2.46636463563377e-05,-0.00515042260569665,-3.25080193235294e-05,1.69450634412982e-06,-2.53435580557237e-05,-2.48953956196729e-05,1.61181202766869e-05,-0.00119723571214259,1.42063080241783e-05,2.32822276018396e-05,-5.52314148212218e-05,-3.97798986462305e-05,-1.0289206679559e-05,-1.08127263507285e-05,2.27137522479381e-06,-2.57868147164331e-05,-2.48953956196729e-05,8.92194438861793e-06,1.27064996986448e-05,1.61181202766869e-05,-2.5811585770974e-05,5.25039110321757e-06,1.42063080241783e-05,-4.68260636061757e-05,2.19294863681441e-05,-0.00509785151548225,-0.00486337297276052,-1.73124295557159e-05,-5.02408655478348e-06,-5.56340535684541e-06,7.71315590775146e-06,1.69450634412982e-06,-0.000131697699915279,1.67688787575671e-05,-0.00191617552632017,0.00023049402133335,3.9035576069324e-05,4.53670676803242e-05,2.46636463563377e-05,-1.08127263507285e-05,1.48369395649439e-05,-2.58115857700858e-05,1.42063080241783e-05,-0.00540767640672168,-9.75992493046363e-06,-1.37328472638032e-05,8.92194438772975e-06,5.0676324434562e-05,-4.74918082407072e-05
"8:61596652:G:T",-0.000831017957727553,-5.20261750001083e-05,0.114076512031449,-0.000224180521733786,-0.000735181674720309,0.000127147413619078,-0.00281343419897606,-0.000697248681523099,-0.000831017957727553,-5.20261750001083e-05,-0.00120708170457995,0.00140659718075753,0.000167441094538034,0.000123069919970575,-0.000484789690895049,-0.00105591198349675,-0.000280211220782256,-0.00291858603971562,-0.000613774389933042,0.000283049319366846,-0.0024011736965921,-0.000436813117110191,-0.00132473599627403,-0.00155969418867929,-0.00077740138378779,-0.0053747347010713,-5.20261750001083e-05,0.00025991465952746,-0.00609344656272937,0.000180017455126524,0.000111061021406123,-0.0009667360586878,-0.00185492145279387,2.74390698544735e-05,1.03939975355516e-05,-0.000341896144657738,-0.00342799052735376,6.03874393387827e-05,0.000221857318640772,0.000167441094538034,-0.00256424849129555,-0.000559905029219099,-0.0022345215963453,-0.0024011736965921,-0.000226836268487851,-0.00155969418867929,-0.0015633655462608,-0.0012413708591561,0.000111061021406123,-0.00314649353820062,-0.000533981547300222,-0.000364441687051631,-0.00397809237021374,-0.00153457679128532,-0.00198159984998902,-0.000229462136918102,-0.00155969418867929,-2.97414801764262e-05,-0.00194045439135326,0.000123069919970575,-0.00238902471260971,-0.000246163071844663,0.000111061021406123,-0.000280211220782256,0.000167441094538034,-0.00208225848611931,-0.00322339905368585,-0.000103631123026027,-0.00293393117171004,-0.00336792090949256,6.03874393387827e-05,-0.00206558100699272,-0.0014322868265042,-0.00254901119228723,0.000152426587550991,-0.000653681237957393,-0.00103940051806894,-0.000788501587891233,-0.00256424849129555,-0.00153457679128532,0.000115027166676995,-0.00258688766218995,0.000111061021406123,-0.00911557700170951,-0.000159217850464799,-0.000444896420558116,-0.00419351087874986,-0.00892310818032804,-0.000439126858656991
"8:61597546:T:C",-0.00136481625873142,-2.48953956196729e-05,-0.000224180521733786,0.0386840379420512,4.2032777231249e-05,-0.00248735685826507,-0.000529150244340748,-0.000469256711637556,-0.00136481625873142,-2.48953956196729e-05,-0.00214271761409002,-0.000224180521733786,8.75711553973701e-05,6.39784817764166e-05,-0.00035190425881293,-0.000162759996117146,-0.000594678809932248,3.29436296953034e-05,-0.000150803963635759,0.000154938040912711,6.1999446465677e-06,-0.00390117569271187,-1.70123699323455e-05,-0.000102231968600819,-4.90361835954189e-05,0.000180838268942551,-2.48953956196729e-05,-0.00205898942640914,-0.000883124335565366,9.5142643111501e-05,5.69098626526099e-05,-0.00320659028346526,4.2032777231249e-05,-0.00251871281515292,3.74395664906046e-05,-0.00467263584280087,-0.00019400907252809,3.07311851397429e-05,0.000118352543259981,8.75711553973701e-05,9.77202608760663e-05,-0.000512473184623552,-0.000133038156326926,6.1999446465677e-06,-0.000103810221548706,-0.000102231968600819,6.39784817764166e-05,-0.00389780567759335,5.69098626526099e-05,9.25922002572577e-05,-0.000225552629422587,-0.00246016723842679,-4.30521477250423e-05,-4.49394442805229e-05,8.31103193466021e-06,0.00107429958038718,-0.000102231968600819,3.51796316273578e-05,-0.00158195803284222,6.39784817764166e-05,-0.000109810521326636,1.92162292380615e-05,5.69098626526099e-05,-0.000594678809932248,8.75711553973701e-05,-0.00058376921045511,-0.00106166988015444,-7.15990987636417e-05,-2.09964302131382e-05,-2.29563792695231e-05,3.07311851397429e-05,6.1999446465677e-06,-0.00055449319463996,6.63848953488255e-05,-0.000218478318002369,-0.00034705999291873,0.000154938040912711,0.000180245130759538,9.77202608760663e-05,-4.49394442805229e-05,5.92413570075223e-05,-0.000109810521326636,5.69098626526099e-05,-0.0011853280561267,-4.11438345224724e-05,-5.88200265800864e-05,3.51796316273578e-05,0.000198399397604909,-0.000291895819848342
"8:61597926:A:T",-7.98668486945431e-05,1.07837707066238e-05,-0.000735181674720309,4.2032777231249e-05,0.0621756241546105,-3.21930254063574e-05,-0.00363944533741645,-0.00123116055877492,-7.98668486945431e-05,1.07837707066238e-05,-4.51771362808273e-05,-0.000735181674720309,-4.22361607306243e-05,-3.08141857994215e-05,-0.00453019343111283,6.51584167812302e-05,-0.00336904342163713,-1.56317577175713e-05,-0.00232337542472649,0.000216363709758305,-0.00197754425834518,0.000109939774840306,6.58619741944477e-06,-0.00170956347446971,1.7656229997165e-05,-0.00146351179777238,1.07837707066238e-05,-0.00114032817969001,-0.00143886883370037,-4.66789249706778e-05,-2.6790843560498e-05,-8.18993264601886e-05,-0.00578239004273406,-0.00139512674534359,-1.8137085120884e-05,9.52019935533954e-05,-0.000872084419078156,-1.44047399377456e-05,-1.98268234319343e-05,-4.22361607306243e-05,-4.82021599736981e-05,-0.00374123024475903,5.41128054294404e-05,-0.00197754425834518,4.28355810431214e-05,-0.00170956347446971,-3.08141858011979e-05,-0.00213879738458989,-2.6790843560498e-05,0.000226963735846297,8.74787454634429e-05,6.51584167812302e-05,1.76314827617929e-05,1.8624323292471e-05,-4.50388659878342e-06,4.36275670203656e-05,-0.00170956347446971,-1.68757574883216e-05,-2.47164137068268e-05,-3.08141857994215e-05,4.22085170637132e-05,-0.000122744091154203,-2.6790843560498e-05,-0.00336904342163713,-4.22361607306243e-05,-5.19275232706562e-05,-0.00402483458527048,2.9539147390345e-05,8.71363932031244e-06,-0.00286999215123984,-1.44047399377456e-05,-3.35476674084845e-06,-0.00376764300588306,0.000118846928580219,-4.08904115341002e-05,0.000121162099071093,-7.8760428714908e-05,-9.27908625678597e-05,-4.82021599736981e-05,1.8624323292471e-05,-2.81134743254086e-05,4.22085170637132e-05,-2.6790843560498e-05,-0.00129452665962138,1.6624779322072e-05,-0.00208177677373378,-1.68757574883216e-05,-0.00141191864535628,7.65175425883058e-05
"8:61604363:G:T",-0.00318629146821792,1.67688787575671e-05,0.000127147413619078,-0.00248735685826507,-3.21930254063574e-05,0.0461669756415128,0.000297813830637317,-0.000383779550818808,-0.00318629146821792,1.67688787575671e-05,-6.90008915347207e-05,0.000127147413619078,-6.45028580423812e-05,0.00083491763713095,0.000211758808863927,0.000104505368302199,0.000121707194185916,-2.42282728271093e-05,-0.00234678630933072,-0.000118691134923132,-5.34901708793001e-06,-0.00135500557705903,-0.00181849454546867,6.63848953488255e-05,-0.00149169860659626,-0.000147109620960428,1.67688787575671e-05,-0.000305469080403853,-0.000780389654256197,-0.000837766881130797,-4.11583411628058e-05,-0.00324977656324865,-3.21930254063574e-05,-8.32185983146161e-05,-2.81597606308637e-05,-0.00765851069305779,-4.76899875305747e-05,-2.22995075365162e-05,-8.85743192213795e-05,-6.45028580423812e-05,-0.000925756220636842,-0.000288146776529885,-0.00194943717007146,-5.34901708793001e-06,6.77410035008208e-05,6.63848953488255e-05,-4.73967683412013e-05,-0.00117227256165719,-4.11583411628058e-05,-6.90008915347207e-05,0.000142506774659878,-0.00317025147702132,-0.000177233173071834,2.89050804962443e-05,-7.17725393784008e-06,6.90801377034589e-05,6.63848953488255e-05,-0.00120540507722211,-0.00321662175031179,0.00083491763713095,-0.00160461545033641,-1.6677524515174e-05,-4.11583411628058e-05,0.000121707194185916,-6.45028580423812e-05,-0.00137406300810561,-9.15463868658151e-05,4.62059283989902e-05,1.34238773048523e-05,1.5106836697143e-05,-2.22995075365162e-05,-5.34901708793001e-06,4.1028000562271e-05,-4.95298059215443e-05,-6.29277718369181e-05,-0.00135159640272775,-0.000118691134923132,-0.000139013150777245,-0.000925756220636842,2.89050804962443e-05,-4.32115395199162e-05,-0.00167256158600715,-4.11583411628058e-05,0.000207120160936825,2.5640130648874e-05,3.51655778665361e-05,-2.61815351336736e-05,-0.000160043146677502,0.000123689631483792
"8:61605194:T:C",0.000351466844634274,-0.000128010687880931,-0.00281343419897606,-0.000529150244340748,-0.00363944533741645,0.000297813830637317,0.0697866644111369,-0.00128921636575141,0.000351466844634274,-0.000128010687880931,0.000429485378872663,-0.00281343419897695,0.000414953425737608,0.000291234470563673,0.00879893582222113,0.00301591793790035,-0.00080211450125578,-0.00186758839199186,0.000394988520014294,-0.00144523765243942,-0.0027932630961196,-0.000966621359764552,-0.000111367269146179,-0.00160934587445283,0.000138282711518833,0.000172433313158749,-0.000128010687880931,-0.00440497681978957,-0.00149989375722459,0.000436876744766224,-0.00170532057365325,0.00029515111575229,0.000170411136281245,-0.00039070206506775,-0.00324989311911583,0.000249562775815448,-0.00204199263517157,-0.00408446352694813,0.000559550004950893,0.000414953425737608,0.000444353638886064,-0.000268275562947728,-0.000600533877887166,-0.0027932630961196,-0.00053093009738614,-0.00160934587445283,0.000291234470563673,-0.000442847984267303,-0.00170532057365325,-0.00192107444674239,0.00628646191009619,0.00201460859589098,-0.000245433082056934,-0.000248907298797896,-0.00262309478025191,-0.000453398801103511,-0.00160934587445283,0.000152912417680895,0.000188527789992676,0.000291234470563673,0.000625957153358669,-0.00396321101492436,-0.00170532057365325,-0.00080211450125578,0.000414953425737608,-0.000716381597122506,-0.00161417489895666,-0.00511109639575125,-0.00212025788201675,-0.00350112549010539,-0.00408446352694813,-0.00109484928481329,-0.00318001866833573,-0.00378765934966818,-0.00338215276007769,0.000558078100535653,-0.00148321372340288,0.000853564591885458,0.000444353638886064,-0.000248907298797896,0.00027829840925353,0.000736303754254486,-0.00170532057365325,-0.00584102504949069,-0.000796038771818885,-0.00468677742064383,0.000152912417680895,7.28522654558361e-06,0.00300618445665535
"8:61606762:T:C",-0.000388244675251226,-0.00529574831008528,-0.000697248681523099,-0.000469256711637556,-0.00123116055877492,-0.000383779550818808,-0.00128921636575141,0.174270169497455,-0.000388244675251226,-0.00529574831008617,-0.000285855276146663,-0.000697248681522211,-0.0010439258346171,-0.000308080527136489,0.000429412402801255,-0.00360231047648485,7.66066622404082e-05,-0.00350984140954846,-0.00366999582026084,-0.00147588100238316,-3.60749105672298e-05,-0.00376555210320673,-2.30385474022654e-05,-0.000499644244837949,-0.0019207479406087,-0.00499115272778683,-0.00529574831008617,0.000287539386901958,-0.00168046300480729,-0.0102554632435989,-0.000264302854977139,-0.00515485778610669,-0.000634838752041844,-0.00674189965936289,0.000196425538589118,0.000597880317858568,-0.00409844452435548,-0.00121821067428929,-0.00363274180108153,-0.0010439258346171,-0.00319896107653284,-0.00383076128416926,-0.00165942231928717,-3.60749105672298e-05,-0.00103862258514908,-0.000499644244837949,-0.00294454382266629,-0.000514272642123004,-0.000264302854977139,-0.000689960525390276,-0.00190429027081684,-0.00126263678379779,-0.000973915971257178,-0.000238168934551197,-0.00180200483451198,-0.00052585105214753,-0.000499644244837949,-0.00322507578071018,-0.000475945145890222,-0.000308080527136489,-0.00136125504402074,-0.00169157081934523,-0.000264302854977139,7.66066622404082e-05,-0.0010439258346171,-0.000920661432357583,-0.00758134914582786,-0.000404054414710586,-0.00427872529313067,-0.00158967289030176,-0.00121821067428929,-0.00470911774615779,-0.00147889045508665,-0.00117032891226021,-0.00817191842946485,-0.00347139965719023,0.000295047604667698,-0.000928412715066163,-0.00319896107653284,-0.000238168934551197,-0.00262940038748294,-0.00172909180645675,-0.000264302854977139,-0.00838556581012151,-0.000278313214050474,-0.000647737760357092,-0.0075806472092248,-0.00276360836174749,-0.00104902074007729
"8:61612409:T:C",0.00447450259597471,3.85514940619558e-05,-0.000831017957727553,-0.00136481625873142,-7.98668486945431e-05,-0.00318629146821792,0.000351466844634274,-0.000388244675251226,0.0879932908420598,3.85514940619558e-05,-0.00016902290460763,-0.000831017957727553,-0.000637481508905857,-0.00346663833271244,-0.000977955347233106,-0.000953396137727935,0.000268678502657771,-5.86867404246405e-05,0.000104080775063409,-0.000296335532291359,-0.0020306293097061,-0.000510138447632258,2.10581365882589e-05,-0.00136481625873142,-0.000428197380268003,-0.000423628185396652,3.85514940619558e-05,-0.00532538596436272,0.000361964050142216,-0.00128570225322111,-9.88294529911116e-05,-0.000849608108768329,-0.00511326785954225,-0.000208130689868469,-6.91139257620321e-05,-0.00236388545653554,-0.00204118013605914,-5.35908570844512e-05,-0.000217619325833418,-0.000637481508905857,-0.00331835635920985,-0.00307366888721328,0.000193145019253826,-0.0020306293097061,-0.00301101991945085,-0.00136481625873142,-0.001631421022946,-0.000399353781629586,-9.88294529911116e-05,-0.00016902290460763,-0.000407851781614177,-0.000953396137727935,6.05995491920197e-05,-2.30207181708408e-05,-1.87144255301419e-05,-0.00112530156017154,-0.00136481625873142,-6.38605171632278e-05,0.000230836212895547,-0.00346663833271244,-0.000212232818440405,-4.37742372634276e-05,-9.88294529911116e-05,0.000268678502657771,-0.000637481508905857,-0.00261510510975071,-0.000482492937426304,-0.0016189412386991,-0.00194885114776788,3.42764085417002e-05,-5.35908570844512e-05,-0.0020306293097061,-0.00621407914246586,-0.000121293592560079,-0.000974850422265305,-0.00176654413639454,0.00200625293326784,-0.00106829567031586,-0.00331835635920985,-2.30207181708408e-05,-0.000104317478417215,-0.000171174668128771,-9.88294529911116e-05,-0.00398331746634994,-0.00218636761404234,-0.00396118993617911,-6.3860517164116e-05,-0.00321563400014568,-0.000688730643049418
"8:61612509:C:T",3.85514940619558e-05,0.000367100882473714,-5.20261750001083e-05,-2.48953956196729e-05,1.07837707066238e-05,1.67688787575671e-05,-0.000128010687880931,-0.00529574831008617,3.85514940619558e-05,0.0378133466803012,-0.00444432074707102,-5.20261750001083e-05,2.19294863681441e-05,1.61181202766869e-05,-8.57596839525243e-05,-3.97798986462305e-05,-4.68260636061757e-05,8.31437497694765e-06,0.000263335672588738,3.9035576069324e-05,1.69450634412982e-06,-0.00116412585893055,-3.92797764359187e-06,-2.48953956196729e-05,-1.09947368889252e-05,4.6472772365469e-05,0.000367100882473714,9.15405556369819e-05,-0.00424239476953314,2.3969296065296e-05,1.42063080241783e-05,3.94092260034284e-05,1.0783770707512e-05,2.75162103093862e-05,9.53596467745399e-06,-6.1226997924102e-05,-4.20736841011404e-05,7.71315590775146e-06,2.96980217022735e-05,2.19294863681441e-05,2.46636463563377e-05,-0.00515042260569665,-3.25080193235294e-05,1.69450634412982e-06,-2.53435580557237e-05,-2.48953956196729e-05,1.61181202766869e-05,-0.00119723571214259,1.42063080241783e-05,2.32822276018396e-05,-5.52314148212218e-05,-3.97798986462305e-05,-1.0289206679559e-05,-1.08127263507285e-05,2.27137522479381e-06,-2.57868147164331e-05,-2.48953956196729e-05,8.92194438861793e-06,1.27064996986448e-05,1.61181202766869e-05,-2.5811585770974e-05,5.25039110321757e-06,1.42063080241783e-05,-4.68260636061757e-05,2.19294863681441e-05,-0.00509785151548225,-0.00486337297276052,-1.73124295557159e-05,-5.02408655478348e-06,-5.56340535684541e-06,7.71315590775146e-06,1.69450634412982e-06,-0.000131697699915279,1.67688787575671e-05,-0.00191617552632017,0.00023049402133335,3.9035576069324e-05,4.53670676803242e-05,2.46636463563377e-05,-1.08127263507285e-05,1.48369395649439e-05,-2.58115857700858e-05,1.42063080241783e-05,-0.00540767640672168,-9.75992493046363e-06,-1.37328472638032e-05,8.92194438772975e-06,5.0676324434562e-05,-4.74918082407072e-05
"8:61613721:C:T",-0.00016902290460763,-0.00444432074707102,-0.00120708170457995,-0.00214271761409002,-4.51771362808273e-05,-6.90008915347207e-05,0.000429485378872663,-0.000285855276146663,-0.00016902290460763,-0.00444432074707102,0.0567948747467337,-0.00120708170457995,-8.94192177183228e-05,-6.59816364070309e-05,0.000301742969105234,0.00014672147007655,0.000171199792415422,-3.38395262593494e-05,-0.00162585620157341,-0.000163929510453187,-7.66804448382175e-06,0.000254187205479539,1.35163238939029e-05,9.25922002572577e-05,-0.00348806455796513,-0.000204124001271566,-0.00444432074707102,-0.000719213372682326,-0.000681838499039245,-9.89816368361929e-05,-5.71441367256398e-05,-0.000173237243839885,-4.51771362808273e-05,-0.000115744258395445,-0.000944046993850201,0.000219675416156306,-0.00256430114119066,-3.10912649359452e-05,-0.000122548852984572,-8.94192177183228e-05,-0.000635982037217708,4.35824444577904e-05,0.00012068080181038,-7.66804448382175e-06,-0.00270934816235258,9.25922002572577e-05,-6.59816364079191e-05,0.000281003497104138,-5.71441367256398e-05,-9.57544379360797e-05,0.000201278749068834,0.00014672147007655,3.75730417028208e-05,3.99240642607879e-05,-0.00127866423392931,-0.00281097904815297,9.25922002572577e-05,-3.66216099534356e-05,-5.40605681589312e-05,-6.59816364070309e-05,-0.00328844149516083,-2.38801242673503e-05,-5.71441367256398e-05,0.000171199792415422,-8.94192177183228e-05,-0.00203599185645498,-0.000811744285627469,-0.00304571790862873,1.84589672036495e-05,2.08852489622657e-05,-3.10912649359452e-05,-7.66804448382175e-06,-0.00356056354439716,-6.90008915347207e-05,-0.000945063795479761,-0.00139857452324321,-0.000163929510453187,-0.000191498161902004,-0.000635982037217708,3.99240642607879e-05,-6.00539304391745e-05,-0.00322972966204027,-5.71441367256398e-05,-0.00225954049340782,3.51925734145553e-05,4.80073998403441e-05,-3.66216099534356e-05,-0.000221272976974163,0.000174195969664837
"8:61617849:C:T",-0.000831017957727553,-5.20261750001083e-05,0.00140659718075753,-0.000224180521733786,-0.000735181674720309,0.000127147413619078,-0.00281343419897695,-0.000697248681522211,-0.000831017957727553,-5.20261750001083e-05,-0.00120708170457995,0.114076512031449,0.000167441094538034,0.000123069919970575,-0.000484789690895049,-0.00105591198349675,-0.000280211220782256,-0.00291858603971562,-0.000613774389933042,0.000283049319366846,-0.0024011736965921,-0.000436813117110191,-0.00132473599627403,-0.00155969418867929,-0.00077740138378779,-0.0053747347010713,-5.20261750001083e-05,0.00025991465952746,-0.00609344656272937,0.000180017455126524,0.000111061021406123,-0.0009667360586878,-0.00185492145279387,2.74390698544735e-05,1.03939975355516e-05,-0.000341896144657738,-0.00342799052735376,6.03874393387827e-05,0.000221857318640772,0.000167441094538034,-0.00256424849129555,-0.000559905029219099,-0.0022345215963453,-0.0024011736965921,-0.000226836268487851,-0.00155969418867929,-0.0015633655462608,-0.0012413708591561,0.000111061021406123,-0.00314649353820062,-0.000533981547300222,-0.000364441687051631,-0.00397809237021374,-0.00153457679128532,-0.00198159984998902,-0.000229462136918102,-0.00155969418867929,-2.97414801764262e-05,-0.00194045439135326,0.000123069919970575,-0.00238902471260971,-0.000246163071844663,0.000111061021406123,-0.000280211220782256,0.000167441094538034,-0.00208225848611931,-0.00322339905368585,-0.000103631123026027,-0.00293393117171004,-0.00336792090949256,6.03874393387827e-05,-0.00206558100699272,-0.0014322868265042,-0.00254901119228723,0.000152426587550991,-0.000653681237957393,-0.00103940051806894,-0.000788501587891233,-0.00256424849129555,-0.00153457679128532,0.000115027166676995,-0.00258688766218995,0.000111061021406123,-0.00911557700170951,-0.000159217850464799,-0.000444896420558116,-0.00419351087874986,-0.00892310818032804,-0.000439126858656991
"8:61623190:A:G",-0.000637481508905857,2.19294863681441e-05,0.000167441094538034,8.75711553973701e-05,-4.22361607306243e-05,-6.45028580423812e-05,0.000414953425737608,-0.0010439258346171,-0.000637481508905857,2.19294863681441e-05,-8.94192177183228e-05,0.000167441094538034,0.0282682449764406,-6.17052639553251e-05,0.000288975478694553,0.000139160812534733,0.000162622488398156,-3.16986859383306e-05,0.000124170983837324,-0.000152505714796192,-7.15702741782565e-06,-0.00150761909371422,1.27926517832222e-05,8.75711553973701e-05,-0.00703152628897197,-0.00018906710297184,2.19294863681441e-05,-0.000177745667854445,-0.000934413357752462,-9.23997935426968e-05,-5.35100492298213e-05,-0.000583190577601478,-4.22361607315125e-05,-0.000107861315452595,-3.69042470067527e-05,0.000209309901136656,0.000121160978141965,-2.91418932123477e-05,-0.00011430296087056,0.00308659216413965,-9.54167048945465e-05,-0.000830504009520006,0.000114292343527111,-7.15702741782565e-06,8.94535057121004e-05,8.75711553973701e-05,-6.17052639553251e-05,-0.00130535907335805,-5.35100492298213e-05,-8.94192177183228e-05,0.000191512837546703,0.000139160812534733,3.54837585296863e-05,3.76880092103349e-05,-9.59961935098619e-06,9.13134695412765e-05,8.75711553973701e-05,-3.428595459809e-05,-5.04811856467668e-05,-6.17052639553251e-05,-0.00683501312378532,-2.22630543644797e-05,-5.35100492298213e-05,0.000162622488398156,0.00308659216413965,-0.000106772397015398,0.000476299218296283,6.05593763340906e-05,1.74152814880202e-05,1.96856973246895e-05,-2.91418932123477e-05,-0.000847903751623136,0.000417062959764181,-6.45028580423812e-05,-8.20231156479778e-05,-0.00150761909371422,8.68492810841559e-05,-0.000177925271150237,-9.54167048945465e-05,3.76880092103349e-05,0.000383682146337883,-0.00677630129066209,-5.35100492298213e-05,-0.00611220697493398,3.32526949335943e-05,4.54481441556354e-05,-3.42859545989782e-05,-0.000204907679139943,0.000165477592147134
"8:61627183:C:T",-0.00346663833271244,1.61181202766869e-05,0.000123069919970575,6.39784817764166e-05,-3.08141857994215e-05,0.00083491763713095,0.000291234470563673,-0.000308080527136489,-0.00346663833271244,1.61181202766869e-05,-6.59816364070309e-05,0.000123069919970575,-6.17052639553251e-05,0.0348352825297926,0.000205818994402307,0.000100913103382894,0.000117640975386912,-2.32147307421826e-05,9.06862761445026e-05,-0.000113231135559388,-5.11721772245011e-06,-0.00121494307863212,-0.00172128117946091,6.39784817764166e-05,-0.00139507198855959,-0.000140006253309899,1.61181202766869e-05,-0.000289081751626341,-0.000835282898040468,-0.000737268082112053,-3.94218642831845e-05,-0.0035299423591848,-3.08141857994215e-05,-7.94850425593907e-05,-2.6966789422822e-05,-0.00586682821802142,-0.000150495276123763,-2.13733578782183e-05,-8.46312582094555e-05,-6.17052639553251e-05,-0.000825153846551352,-0.000228173038374635,8.31380713437468e-05,-5.11721772245011e-06,6.52853151565935e-05,6.39784817764166e-05,-4.53654902718981e-05,-0.00190879789435794,-3.94218642831845e-05,-6.59816364070309e-05,0.00013790308719841,0.000100913103382894,-0.000278070757548043,2.7817163615218e-05,-6.86545936190441e-06,6.65760424416462e-05,6.39784817764166e-05,-0.00110680751641823,-0.00350133224137039,0.000977860265847674,-0.00150927379038013,-1.59437907267801e-05,-3.94218642831845e-05,0.000117640975386912,-6.17052639553251e-05,-0.00127310051312701,-0.000147591277181114,4.44957436052107e-05,1.29123543040066e-05,1.45250897141125e-05,-2.13733578782183e-05,-5.11721772245011e-06,-6.53010271065568e-05,-4.73967683420895e-05,-6.01444820809149e-05,-0.00121494307863301,-0.000113231135559388,-0.000132509550603288,-0.000825153846551352,2.7817163615218e-05,-4.13785014012902e-05,-0.00157721992605175,-3.94218642831845e-05,0.000262769405190433,2.46846678084722e-05,3.38897982015141e-05,-2.50790646072474e-05,-0.000152280949376582,0.000119564080951484
"8:61627226:G:A",-0.000977955347233106,-8.57596839525243e-05,-0.000484789690895049,-0.00035190425881293,-0.00453019343111283,0.000211758808863927,0.00879893582222113,0.000429412402801255,-0.000977955347233106,-8.57596839525243e-05,0.000301742969105234,-0.000484789690895049,0.000288975478694553,0.000205818994402307,0.0547725636098888,-0.000547712912832843,-0.000329276194855233,-0.00174931977575099,-0.00412242808540686,-0.00205877597054727,-0.00404201628149803,0.000872275894429286,-6.85225643533016e-05,-0.00205600012570706,-0.00154837436186472,-0.000522811745832463,-8.57596839525243e-05,-0.000491187216509203,0.000440206239282315,0.000308235986800298,-0.00263721028527364,-0.000973404878778616,0.000126313246490817,-0.000876900113539136,0.000115352491755871,0.00116553575163181,-0.000495063267009321,-0.00396557800478181,0.000390767670248593,0.000288975478694553,0.000314803524850582,-0.000479543070882826,-0.000450678050700759,-0.00404201628149803,-0.000354694886591567,-0.00205600012570706,0.000205818994403195,0.00117339209498457,-0.00263721028527364,0.000301742969105234,0.00714637078637637,-0.000547712912832843,-0.000158050534322385,-0.000161959375188481,1.90191909457127e-05,-0.000357453532219942,-0.00205600012570706,0.000109965208715757,0.00014323622163559,0.000205818994402307,-0.00213563133971117,-0.00480995255062666,-0.00263721028527364,-0.000329276194855233,0.000288975478694553,0.000209256885023379,-0.00171764333265134,-0.000253042931892544,-7.72390032599546e-05,-0.000313295716777517,-0.00396557800478181,-0.000934994176617465,-0.000811674731679979,-0.00133290241407824,0.000248870203914286,0.00265507161968337,0.000509082600951061,0.00059807011257007,0.000314803524850582,-0.000161959375188481,0.000194139112644542,-0.00194596832578764,-0.00263721028527364,-0.00481089887088526,-0.000154096095422496,-0.00539212546788725,0.000109965208715757,-0.000546915578383711,-0.000646891113238901
"8:61629969:G:A",-0.000953396137727935,-3.97798986462305e-05,-0.00105591198349675,-0.000162759996117146,6.51584167812302e-05,0.000104505368302199,0.00301591793790035,-0.00360231047648485,-0.000953396137727935,-3.97798986462305e-05,0.00014672147007655,-0.00105591198349675,0.000139160812534733,0.000100913103382894,-0.000547712912832843,0.0786437962426145,-0.000302448209554385,5.17214553177325e-05,-0.00246305194435958,0.00024681725359077,9.06045324278182e-06,-0.00105517162199842,-2.83828272342745e-05,-0.000162759996117146,-0.00234951290498309,-0.00118773820086648,-3.97798986462305e-05,-0.0038327522054642,-0.00599008375761478,0.000150564564703082,9.03700090546522e-05,-0.00100857665599019,6.51584167812302e-05,-0.00317826430817369,-0.0038700690177107,-0.000395994373971753,-0.00100605654337915,4.84538731297945e-05,0.000188399130105488,0.000139160812534733,0.000154450432275688,-0.00190348057348544,-0.000371933948478897,9.06045324278182e-06,-0.000164944971952963,-0.000162759996117146,0.000100913103382894,-0.00113566768121309,9.03700090546522e-05,-0.00242961051761093,-0.000353617330579148,0.000999090828828209,-6.99030916706533e-05,-7.25995577068872e-05,-0.00315138258190206,-0.000319637272568229,-0.000162759996117146,5.50250949880038e-05,7.56386428175659e-05,0.000100913103382894,-0.00260186704252074,2.81129624450926e-05,9.03700090546522e-05,-0.000302448209554385,0.000139160812534733,-0.00104684269892541,-0.00774365970455237,-0.00461012379807269,-0.00197364103308484,-3.6977885057965e-05,4.84538731297945e-05,9.06045324278182e-06,-0.00536908205390318,-0.00182773702197814,-0.00336306786468921,-0.00179697335434614,-0.00218593783358312,0.000288225677727461,0.000154450432275688,-7.25995577068872e-05,9.38460593804535e-05,-0.00268423164635045,9.03700090546522e-05,-0.0060406817570593,-0.000853156886361006,-9.6915363379857e-05,5.50250949871156e-05,0.000313810268647963,0.00208361648126321
"8:61631749:G:T",0.000268678502657771,-4.68260636061757e-05,-0.000280211220782256,-0.000594678809932248,-0.00336904342163713,0.000121707194185916,-0.00080211450125578,7.66066622404082e-05,0.000268678502657771,-4.68260636061757e-05,0.000171199792415422,-0.000280211220782256,0.000162622488398156,0.000117640975386912,-0.000329276194855233,-0.000302448209554385,0.0673573747082576,6.02419720543423e-05,-0.00454082588961047,-0.00247602354510601,1.01945279267213e-05,-0.00371163858376367,-3.40511706671265e-05,-0.000191879489388036,-0.00380059582469094,-0.00675315015343259,-4.68260636061757e-05,0.000680022017506055,0.000117132343007587,0.000175559863153651,-0.00150919507564407,0.000274191051660821,7.54110404068697e-05,-0.00634110881841199,6.77420797403627e-05,-0.000639040481196673,-0.000832502129017421,5.65535077967638e-05,0.000220042485053362,0.000162622488398156,0.000179968606661696,-0.000119632099137235,-0.000248008737443683,1.01945279267213e-05,-0.000194284543376,-0.000191879489388036,0.000117640975386024,-0.00385779471576519,-0.00150919507564407,0.000171199792415422,-0.000415810457639942,-0.00037832551297079,-8.2956854770444e-05,-8.59653057707632e-05,1.36684466367498e-05,-0.000196662258158398,-0.000191879489388036,6.39712691494765e-05,8.72437453676156e-05,0.000117640975386912,-0.000823849762334739,-0.00360969860965987,-0.00150919507564407,0.00352384024803243,0.000162622488398156,-0.00237967010982398,-0.000396684844245154,-0.000135846588250388,-4.05098715994257e-05,-4.36854850942581e-05,5.65535077967638e-05,1.01945279267213e-05,-0.00263699223403346,0.000121707194185916,-0.00129412895974923,-0.00373951201362743,0.000287909478327464,0.000336402475041631,0.000179968606661696,-8.59653057707632e-05,0.000109641933199178,-0.000834783067981348,-0.00150919507564407,0.000251309659139665,-0.00194027653094331,-0.00406566387054053,-0.00376948212686301,-0.00281787913370213,-0.000212014525038384
"8:61635785:G:A",-5.86867404246405e-05,8.31437497694765e-06,-0.00291858603971562,3.29436296953034e-05,-1.56317577175713e-05,-2.42282728271093e-05,-0.00186758839199186,-0.00350984140954846,-5.86867404246405e-05,8.31437497694765e-06,-3.38395262593494e-05,-0.00291858603971562,-3.16986859383306e-05,-2.32147307421826e-05,-0.00174931977575099,5.17214553177325e-05,6.02419720543423e-05,0.0479502558907763,4.68183628177243e-05,0.000405334860024809,-2.53346335288285e-06,-0.00266984404893922,5.11324833674109e-06,3.29436296953034e-05,1.38328925745057e-05,-7.13528999485291e-05,8.31437497694765e-06,-0.000149474689986384,-0.00417237439831908,-3.49305601137218e-05,-2.02496708441302e-05,-6.01206969639279e-05,-1.56317577184595e-05,-4.06027049146829e-05,-1.37188200355354e-05,-0.00226408815078472,-0.0030637799969897,0.000409157536270577,-4.35017984647956e-05,-3.16986859383306e-05,-3.60356885256152e-05,-0.000184325218296699,4.26798630606129e-05,-2.53346335288285e-06,3.35784836584807e-05,3.29436296953034e-05,-2.32147307412944e-05,-0.00268553251204384,-2.02496708441302e-05,-3.38395262593494e-05,7.0411151680716e-05,5.17214553177325e-05,1.36828494881058e-05,1.44469867153774e-05,-3.39914714597711e-06,3.42054778990075e-05,3.29436296953034e-05,-1.27803761511558e-05,-1.85947923778684e-05,-2.32147307421826e-05,3.32126395248267e-05,-7.89574087001199e-06,-2.02496708441302e-05,6.02419720543423e-05,-3.16986859383306e-05,-0.00370724793896127,-0.00452449108861686,2.3021008878743e-05,6.73373931014964e-06,7.52894712441332e-06,0.000409157536270577,-2.53346335288285e-06,-0.00245730373886488,-2.42282728271093e-05,-3.05913818605674e-05,-0.00265057556854753,-5.81960345540367e-05,-0.000585575130480187,-3.60356885256152e-05,1.44469867153774e-05,-2.12256641871633e-05,-0.00184158462955253,-2.02496708441302e-05,-0.00308144435695112,1.29089756910616e-05,-0.0018889939426181,-1.27803761502676e-05,-7.78968004233604e-05,6.11562205472538e-05
"8:61635991:G:A",0.000104080775063409,0.000263335672588738,-0.000613774389933042,-0.000150803963635759,-0.00232337542472649,-0.00234678630933072,0.000394988520014294,-0.00366999582026084,0.000104080775063409,0.000263335672588738,-0.00162585620157341,-0.000613774389933042,0.000124170983837324,9.06862761445026e-05,-0.00412242808540686,-0.00246305194435958,-0.00454082588961047,4.68183628177243e-05,0.110225981249175,-0.00143994168484163,-0.000647064757270499,-0.000225159374832806,-0.000158558625792615,-0.00382023562266376,-0.000637443143141958,-0.00159296222776728,0.000263335672588738,-0.00100313682585185,-0.00456575680226656,0.000134343389005309,-0.0011765630499081,0.000104657868545743,5.91049988356573e-05,-0.00199670517327721,5.28977062081992e-05,-0.00090748113800565,-0.0012307307377144,4.38254658554627e-05,-0.00123197699066768,0.000124170983837324,-0.00182705564472485,-0.00271496198955257,-0.000176965508309479,-0.000647064757270499,-0.000152914410043614,-0.00382023562266376,9.06862761453908e-05,-0.000106960209344642,-0.0011765630499081,-0.00162585620157341,-0.00670210820092976,-0.000803474317826236,-0.00315422256141584,-0.00127482907478438,1.12576291213529e-05,-0.000155001470210969,-0.00382023562266376,4.98422844881219e-05,-0.00174408625277689,9.06862761445026e-05,-0.000401669078046396,-0.0025535489759605,-0.0011765630499081,-0.00454082588961047,0.000124170983837324,-0.00748853288275164,-0.00264036645597576,-0.0012037334361521,-0.00329619086576383,7.27299253640012e-05,4.38254658554627e-05,-0.0018358736270665,-0.00133282272626989,-0.000152145702889683,-0.00181689237101068,-0.000918177337583259,-0.00148293159827073,0.000251727589876793,-0.00182705564472485,-0.00127482907478438,8.42963181257872e-05,-0.000285317561858456,-0.0011765630499081,-0.00131252199078968,-6.11781429151748e-05,-0.00297743276191564,4.98422844881219e-05,0.000120421097267176,-0.000627204811957327
"8:61636174:T:G",-0.000296335532291359,3.9035576069324e-05,0.000283049319366846,0.000154938040912711,0.000216363709758305,-0.000118691134923132,-0.00144523765243942,-0.00147588100238316,-0.000296335532291359,3.9035576069324e-05,-0.000163929510453187,0.000283049319366846,-0.000152505714796192,-0.000113231135559388,-0.00205877597054727,0.00024681725359077,-0.00247602354510601,0.000405334860024809,-0.00143994168484163,0.0414972153132656,-0.00372261976735722,-3.44544437043126e-05,2.11985822531346e-05,0.000154938040912711,5.37556307520504e-05,-0.000356295457213385,3.9035576069324e-05,-0.000955344780088296,-0.00372093385495997,-0.000169750379341416,0.00164806374807913,-0.000303967454258647,-7.87604287140198e-05,-0.000857876445711447,-6.83491174555684e-05,-0.000433132489322752,0.000186448759279756,0.000601974998783561,0.00272661944905028,-0.000152505714796192,-0.000175645748027975,-0.00219891465519417,-0.00247513263348775,-0.00372261976735722,-0.00250178778777777,0.000154938040912711,-0.000113231135559388,-0.00178180008025031,0.00164806374807913,-0.000688886399141886,-0.00453636230971366,0.00024681725359077,-0.00153918684127952,6.58588272841598e-05,-1.87131661899542e-05,0.000162291144625293,0.000154938040912711,-6.32408997072176e-05,-9.48834670602139e-05,-0.000113231135559388,0.00014653726409275,4.45249531555447e-05,0.00164806374807913,-0.00247602354510601,-0.000152505714796192,-0.000580270330225119,-0.00150079934787062,0.000106409549403885,3.02276544053015e-05,-0.00310491848253047,0.000601974998783561,-1.39478493270673e-05,0.000719624745897818,-0.000935473391844965,-0.000152957002992338,1.53224951695563e-05,-0.000280722257594235,-0.000330991232252664,-0.000175645748027975,6.58588272841598e-05,-0.000102514298145451,0.000146537264091862,0.00164806374807913,-0.00491977067221772,5.71745677282465e-05,-0.000465543288116876,-6.32408997081058e-05,-0.000383862695455761,0.000293600905893143
"8:61639252:G:C",-0.0020306293097061,1.69450634412982e-06,-0.0024011736965921,6.1999446465677e-06,-0.00197754425834518,-5.34901708793001e-06,-0.0027932630961196,-3.60749105672298e-05,-0.0020306293097061,1.69450634412982e-06,-7.66804448382175e-06,-0.0024011736965921,-7.15702741782565e-06,-5.11721772245011e-06,-0.00404201628149803,9.06045324278182e-06,1.01945279267213e-05,-2.53346335288285e-06,-0.000647064757270499,-0.00372261976735722,0.0573539337753424,1.32922362459098e-05,1.07676773186682e-06,6.1999446465677e-06,2.86545315564268e-06,-0.0017852545500725,1.69450634412982e-06,-0.00341107915864391,-0.000437374532835655,-7.93025695156047e-06,-4.44527560539143e-06,-0.00197305943902748,-3.35476674084845e-06,-9.31267886716824e-06,-2.9370039582588e-06,1.21034806879194e-05,-0.00224633712215461,-2.33682540695668e-06,-1.00991792013616e-05,-7.15702741782565e-06,-8.19707849952778e-06,-0.000834354123508518,7.7434740806126e-06,1.48499855416873e-05,6.30029309345304e-06,6.1999446465677e-06,-5.11721772156193e-06,-0.000651766869067316,-4.44527560539143e-06,-7.66804448382175e-06,1.13887673389712e-05,9.06045324278182e-06,2.76604118898405e-06,2.90625456322857e-06,-6.91299823607494e-07,6.39890507692087e-06,6.1999446465677e-06,-2.73349665125266e-06,-4.00956846213774e-06,-5.11721772245011e-06,-0.0021308643088771,-0.00217174087018179,-4.44527560539143e-06,1.01945279267213e-05,-7.15702741782565e-06,-8.49683422021741e-06,-0.00136287872648211,4.4941950987365e-06,1.39095311180171e-06,-0.00163986807544436,-2.33682540695668e-06,-0.00261371614903716,1.44079221140458e-05,-0.00321386334605123,-6.82855376510361e-06,-0.00269470841359798,-1.39478493270673e-05,-1.67194465339193e-05,-8.19707849952778e-06,2.90625456322857e-06,-4.6654358438758e-06,-0.00207215247575476,-4.44527560539143e-06,-0.00182666919965424,2.62334352107985e-06,-0.0024726931325123,-2.73349665125266e-06,-0.00172622421823654,1.03025145401503e-05
"8:61639619:A:G",-0.000510138447632258,-0.00116412585893055,-0.000436813117110191,-0.00390117569271187,0.000109939774840306,-0.00135500557705903,-0.000966621359764552,-0.00376555210320673,-0.000510138447632258,-0.00116412585893055,0.000254187205479539,-0.000436813117110191,-0.00150761909371422,-0.00121494307863212,0.000872275894429286,-0.00105517162199842,-0.00371163858376367,-0.00266984404893922,-0.000225159374832806,-3.44544437043126e-05,1.32922362459098e-05,0.0724662334619968,-0.000161089809817661,-0.000664119999405521,-0.000166296828434831,0.000240564607974392,-0.00116412585893055,-0.000345986621375971,0.00127616698941502,-0.00598230553951851,-0.000309633353814398,-0.000448193503494565,0.000109939774839418,-0.00689937631882298,9.98654377255548e-05,0.00221591467243698,-0.000544880754333121,-0.00488555084469766,0.000325730290869686,-0.00150761909371422,1.04078913025774e-05,-0.00144869828339367,-0.00107035488745311,1.3292236246798e-05,-0.00110879473913439,-0.000664119999405521,0.000175219008336391,0.00289276593089394,-0.000309633353814398,0.000254187205479539,0.00273201176049831,-0.00123894005481784,-0.000537114973306885,-0.0013544504192442,1.78214793002951e-05,-0.000314910080116526,-0.000664119999405521,-0.00211419922960854,4.18383066538297e-05,-0.00121494307863212,-0.000217577931547197,4.1244182562572e-05,-0.000309633353814398,-0.00371163858376367,-0.00150761909371422,1.36513069426414e-05,-0.000746312039499486,-0.000219689235682274,-6.5522404282703e-05,-6.96091692713452e-05,-0.00488555084469766,-0.00635704344613508,-0.000701666117497446,0.000180580656771845,0.000214019145805544,0.00337684613233957,-0.00119383347516955,-0.00025545635600821,1.04078913025774e-05,-0.0013544504192442,-0.00325247788165761,-0.000176519781235562,-0.000309633353814398,-0.000914593747576742,0.000121827363906313,-0.00150761082618889,9.49110457231228e-05,0.000254867573968198,-0.000924773953120628
"8:61639842:C:G",2.10581365882589e-05,-3.92797764359187e-06,-0.00132473599627403,-1.70123699323455e-05,6.58619741944477e-06,-0.00181849454546867,-0.000111367269146179,-2.30385474022654e-05,2.10581365882589e-05,-3.92797764359187e-06,1.35163238939029e-05,-0.00132473599627403,1.27926517832222e-05,-0.00172128117946091,-6.85225643533016e-05,-2.83828272342745e-05,-3.40511706671265e-05,5.11324833674109e-06,-0.000158558625792615,2.11985822531346e-05,1.07676773186682e-06,-0.000161089809817661,0.0439475158474005,-0.00343615922160545,-7.12535442293216e-06,-0.00190391642704579,-3.92797764359187e-06,3.69376901447893e-05,-0.000211333350275567,1.38805086100646e-05,8.53578565429558e-06,2.14465760608462e-05,6.58619741944477e-06,-0.00245607216116728,5.84534231773404e-06,-0.00374053915893668,-0.00336931456233813,4.75048086023833e-06,1.67869760447914e-05,1.27926517832222e-05,1.42462328813764e-05,-0.000374822713995471,-0.00104884356559953,1.07676773186682e-06,-1.73459986978486e-05,-0.00343615922160545,9.62629451883856e-06,-0.00152731365172443,8.53578565429558e-06,1.35163238939029e-05,-4.10607537482122e-05,-2.83828272342745e-05,-6.70263166657747e-06,-7.06115959747677e-06,1.44049686667813e-06,-1.76767266850675e-05,-0.00343615922160545,5.47820117802189e-06,7.71391961684742e-06,-0.00172128117946091,-1.76278709362876e-05,3.29567236523332e-06,8.53578565429558e-06,-3.40511706671265e-05,1.27926517832222e-05,-0.00265143142455759,-0.00121358773947655,-1.15500095549947e-05,-3.21620847199e-06,-3.57338067225044e-06,4.75048086023833e-06,1.07676773186682e-06,-0.00198495598317017,9.99361693398981e-06,1.22370198010202e-05,-0.000169687819244757,2.11985822531346e-05,2.3923190916264e-05,1.42462328813764e-05,-7.06115959747677e-06,8.89737239795352e-06,-1.76278709353994e-05,8.53578565429558e-06,-0.000253878138053665,-6.34129976528897e-06,-9.02328458263213e-06,-0.00251896138489105,-0.0018410931099675,-3.4602705754061e-05
"8:61640290:A:G",-0.00136481625873142,-2.48953956196729e-05,-0.00155969418867929,-0.000102231968600819,-0.00170956347446971,6.63848953488255e-05,-0.00160934587445283,-0.000499644244837949,-0.00136481625873142,-2.48953956196729e-05,9.25922002572577e-05,-0.00155969418867929,8.75711553973701e-05,6.39784817764166e-05,-0.00205600012570706,-0.000162759996117146,-0.000191879489388036,3.29436296953034e-05,-0.00382023562266376,0.000154938040912711,6.1999446465677e-06,-0.000664119999405521,-0.00343615922160545,0.0564233693636651,-0.00316252436434095,-0.00364509240921151,-2.48953956196729e-05,0.000360060900397308,0.00021888926949476,9.5142643111501e-05,5.69098626526099e-05,-0.00142178117916014,4.2032777231249e-05,0.000108311258260052,3.74395664906046e-05,-0.000953701857510758,-0.00242799542340322,3.07311851397429e-05,0.000118352543259981,8.75711553973701e-05,9.77202608760663e-05,-0.000548649725241823,-0.000133038156326926,6.1999446465677e-06,-0.000103810221548706,0.00122952366830997,6.39784817764166e-05,-0.000687923948110125,5.69098626526099e-05,9.25922002572577e-05,-0.00264799610065847,-0.000162759996117146,-0.0011193145865338,-4.49394442805229e-05,8.31103193466021e-06,-0.000105370966004159,0.00122952366830997,3.51796316273578e-05,-0.00158195803284222,6.39784817764166e-05,-0.00337604646802969,-0.000256555719997387,5.69098626526099e-05,-0.000191879489388036,8.75711553973701e-05,-0.0062405518121631,-0.00426649452547689,-0.00220080665605593,-2.09964302131382e-05,-2.29563792695231e-05,3.07311851397429e-05,6.1999446465677e-06,0.00120812629552791,6.63848953488255e-05,8.13792932081725e-05,-0.000701836260072142,0.000154938040912711,0.000180245130759538,9.77202608760663e-05,-4.49394442805229e-05,5.92413570075223e-05,-0.00344399260370043,5.69098626526099e-05,0.000569612847856504,-4.11438345224724e-05,-0.000368155175358709,-0.00163588113362856,-0.00169449199907135,-0.000194074795841104
"8:61643023:T:G",-0.000428197380268003,-1.09947368889252e-05,-0.00077740138378779,-4.90361835954189e-05,1.7656229997165e-05,-0.00149169860659626,0.000138282711518833,-0.0019207479406087,-0.000428197380268003,-1.09947368889252e-05,-0.00348806455796513,-0.00077740138378779,-0.00703152628897197,-0.00139507198855959,-0.00154837436186472,-0.00234951290498309,-0.00380059582469094,1.38328925745057e-05,-0.000637443143141958,5.37556307520504e-05,2.86545315564268e-06,-0.000166296828434831,-7.12535442293216e-06,-0.00316252436434095,0.0978117683113222,-0.00332101352376846,-1.09947368889252e-05,-0.00297485823692778,-0.000778581148813462,3.64771247642892e-05,2.29257151698192e-05,-0.000500763662794057,2.04712883062896e-05,-0.00154885927598425,1.57366491313482e-05,-0.000137128534657194,-0.00141398520396852,1.28871063891367e-05,4.35963089318037e-05,-0.00703152628897197,-0.00136949995327029,-0.000478780078828844,-0.0011706010444712,2.86545315564268e-06,-0.00342084454657243,-0.00316252436434095,-0.00169959699464073,-0.00019235409964935,2.29257151698192e-05,3.55869794645969e-05,-0.00133523645921585,-8.30964623759201e-05,-0.0036795783646717,-2.00621234123233e-05,3.83101986400902e-06,-5.08776364407382e-05,-0.00316252436434095,-8.08080581471415e-06,-0.00183610278885649,-0.00139507198855959,0.00246376465206843,8.73586296812334e-06,2.29257151698192e-05,-0.00380059582469094,-0.00703152628897197,4.02664140910503e-05,0.000154117613239801,-0.00334180631491421,9.49239014014225e-05,-1.00365804218683e-05,1.28871063891367e-05,2.86545315564268e-06,-0.000745068964188356,2.66252668028599e-05,-0.00169955801352284,-0.000183164240758593,-0.00253368408250587,5.96079139105754e-05,-0.00136949995327029,-2.00621234123233e-05,2.38465129402954e-05,-0.000206792821995094,2.29257151698192e-05,-0.00270922619446434,-0.00246997698306295,-0.00235721929089561,-0.00227621797881472,-6.87296393024894e-05,-0.000102043383479078
"8:61646204:C:T",-0.000423628185396652,4.6472772365469e-05,-0.0053747347010713,0.000180838268942551,-0.00146351179777238,-0.000147109620960428,0.000172433313158749,-0.00499115272778683,-0.000423628185396652,4.6472772365469e-05,-0.000204124001271566,-0.0053747347010713,-0.00018906710297184,-0.000140006253309899,-0.000522811745832463,-0.00118773820086648,-0.00675315015343259,-7.13528999485291e-05,-0.00159296222776728,-0.000356295457213385,-0.0017852545500725,0.000240564607974392,-0.00190391642704579,-0.00364509240921151,-0.00332101352376846,0.133574124062912,4.6472772365469e-05,-0.000209367354696788,0.000364271310854036,-0.000211825771916807,-0.000119325542410564,-0.00044152380167084,-0.00270919572443518,-0.00418901430582608,-0.000152793113776362,-0.00115543592128375,-0.00431953217059,-6.5013590652363e-05,-0.000261974643243512,-0.00018906710297184,-0.00364195450186156,-0.00526516036476021,-0.00312523970969814,-0.0017852545500725,0.000185183983715476,-0.00364509240921151,-0.000715194803043495,-0.000103362739381829,-0.000119325542410564,-0.00419901506155718,-0.000621824332231569,0.000283901089250804,-0.00751382960145808,7.75046462671014e-05,-0.00269613822006143,0.000189466057552323,-0.00364509240921151,-0.00135509885905094,-0.000150178279557878,-0.000140006253309899,-0.00559947267006411,-7.9135782217854e-05,-0.000119325542410564,-0.00675315015343259,-0.00018906710297184,-0.00029724067806125,-0.00258336686694172,-0.00215996303933252,3.5626652334031e-05,-0.00263368646545636,-6.5013590652363e-05,-1.74328457420714e-05,-0.00156565996128677,-0.00349761326392439,-0.000192102985036691,0.000290263678184743,-0.00103505860526987,-0.000888065033629815,-0.00364195450186156,7.75046462671014e-05,-0.000126116491419026,-0.00580849524268601,-0.000119325542410564,-0.00296426010078443,-1.01994036887376e-05,-0.000737509109848489,-0.00193323553014935,-0.000512440001004144,0.000334911428293339
"8:61648538:G:A",3.85514940619558e-05,0.000367100882473714,-5.20261750001083e-05,-2.48953956196729e-05,1.07837707066238e-05,1.67688787575671e-05,-0.000128010687880931,-0.00529574831008617,3.85514940619558e-05,0.000367100882473714,-0.00444432074707102,-5.20261750001083e-05,2.19294863681441e-05,1.61181202766869e-05,-8.57596839525243e-05,-3.97798986462305e-05,-4.68260636061757e-05,8.31437497694765e-06,0.000263335672588738,3.9035576069324e-05,1.69450634412982e-06,-0.00116412585893055,-3.92797764359187e-06,-2.48953956196729e-05,-1.09947368889252e-05,4.6472772365469e-05,0.0378133466803012,9.15405556369819e-05,-0.00424239476953314,2.3969296065296e-05,1.42063080241783e-05,3.94092260034284e-05,1.0783770707512e-05,2.75162103093862e-05,9.53596467745399e-06,-6.1226997924102e-05,-4.20736841011404e-05,7.71315590775146e-06,2.96980217022735e-05,2.19294863681441e-05,2.46636463563377e-05,-0.00515042260569665,-3.25080193235294e-05,1.69450634412982e-06,-2.53435580557237e-05,-2.48953956196729e-05,1.61181202766869e-05,-0.00119723571214259,1.42063080241783e-05,2.32822276018396e-05,-5.52314148212218e-05,-3.97798986462305e-05,-1.0289206679559e-05,-1.08127263507285e-05,2.27137522479381e-06,-2.57868147164331e-05,-2.48953956196729e-05,8.92194438861793e-06,1.27064996986448e-05,1.61181202766869e-05,-2.5811585770974e-05,5.25039110321757e-06,1.42063080241783e-05,-4.68260636061757e-05,2.19294863681441e-05,-0.00509785151548225,-0.00486337297276052,-1.73124295557159e-05,-5.02408655478348e-06,-5.56340535684541e-06,7.71315590775146e-06,1.69450634412982e-06,-0.000131697699915279,1.67688787575671e-05,-0.00191617552632017,0.00023049402133335,3.9035576069324e-05,4.53670676803242e-05,2.46636463563377e-05,-1.08127263507285e-05,1.48369395649439e-05,-2.58115857700858e-05,1.42063080241783e-05,-0.00540767640672168,-9.75992493046363e-06,-1.37328472638032e-05,8.92194438772975e-06,5.0676324434562e-05,-4.74918082407072e-05
"8:61648773:A:T",-0.00532538596436272,9.15405556369819e-05,0.00025991465952746,-0.00205898942640914,-0.00114032817969001,-0.000305469080403853,-0.00440497681978957,0.000287539386901958,-0.00532538596436272,9.15405556369819e-05,-0.000719213372682326,0.00025991465952746,-0.000177745667854445,-0.000289081751626341,-0.000491187216509203,-0.0038327522054642,0.000680022017506055,-0.000149474689986384,-0.00100313682585185,-0.000955344780088296,-0.00341107915864391,-0.000345986621375971,3.69376901447893e-05,0.000360060900397308,-0.00297485823692778,-0.000209367354696788,9.15405556369819e-05,0.086322849483218,0.00127047936501112,-0.00468760353539643,-0.000241228249491243,-0.00508800149329947,-0.000211573436070367,-0.00121184427029331,-0.000119101268050592,0.00086647001705753,8.18582365091913e-06,-0.00013446652964344,-0.000471448923346607,-0.000177745667854445,-0.000959935215365526,-0.000535887668306145,-0.000263832617208415,-0.00341107915864391,0.000371774817182313,0.000360060900397308,-0.00111986175127665,0.000530921317245081,-0.000241228249491243,-0.000719213372682326,0.000812009008900993,-0.0038327522054642,-0.00265352351513215,-0.000151591825506614,-0.00102478551330698,-0.00180215546754781,0.000360060900397308,-0.00400883699950771,-0.00121779156464097,-0.000289081751626341,-0.0014177034615841,-0.00125586807024991,-0.000241228249491243,0.000680022017506055,-0.000177745667854445,-0.00259399100110169,-0.00113958741629228,0.00024007246815394,6.46049110910596e-05,-0.00272085803191224,-0.00013446652964344,-0.000721565775244848,-0.000848370506049356,-0.000928334419286969,-0.00123908252333216,0.000579403841650006,-0.00136089757297242,-0.000827827882303289,-0.000959935215365526,-0.000151591825506614,-0.000256965694269695,-0.00136737430335643,-0.000241228249491243,-0.000779558333051877,-0.00270431675664806,-0.0012822905148191,-0.000164685302398659,-0.000163446230318165,-0.00325267275395547
"8:61651707:G:A",0.000361964050142216,-0.00424239476953314,-0.00609344656272937,-0.000883124335565366,-0.00143886883370037,-0.000780389654256197,-0.00149989375722459,-0.00168046300480729,0.000361964050142216,-0.00424239476953314,-0.000681838499039245,-0.00609344656272937,-0.000934413357752462,-0.000835282898040468,0.000440206239282315,-0.00599008375761478,0.000117132343007587,-0.00417237439831908,-0.00456575680226656,-0.00372093385495997,-0.000437374532835655,0.00127616698941502,-0.000211333350275567,0.00021888926949476,-0.000778581148813462,0.000364271310854036,-0.00424239476953314,0.00127047936501112,0.152025036473597,-0.00176147168255092,-0.00132482394561606,0.000402329730443185,-0.00157130324926591,-0.0086151489949291,-0.000105116545532802,-0.000127428232894466,-0.00514445658013774,-0.0013967286981682,-0.00320752992381124,-0.000934413357752462,-0.000774256586625555,-0.00453053910867585,-0.00189912043369489,-0.000437374532835655,-0.00500188624625419,0.00021888926949476,-0.00278716664945389,0.00146621543742631,-0.00132482394561606,-0.00673826752411255,-0.00330913094356777,-0.000919309481074215,9.64428726124567e-05,-0.00026775833324777,-0.00062551952450729,-0.000477339586291592,0.00021888926949476,0.00012698416454171,-0.00426533097821391,-0.000835282898040468,-0.00418299130080069,-0.00431165669414835,-0.00132482394561606,0.000117132343007587,-0.000934413357752462,0.000285401222377413,-0.00482781236543417,-0.000234504829703219,-0.00170677442979361,0.000127097448971547,-0.0013967286981682,9.11081961252336e-06,0.000379984128635602,-0.00631465956367627,-0.0044761268310185,7.80317241302342e-05,-0.00315729856087188,-0.00274572170106513,-0.000774256586625555,-0.00026775833324777,-0.00068078719147735,-0.00372080784980788,-0.00132482394561606,0.00189115052752831,4.76398282445167e-05,-0.00667829454033964,-0.00073818732940456,0.000813626761479558,-0.00101028998197972
"8:61653510:G:A",-0.00128570225322111,2.3969296065296e-05,0.000180017455126524,9.5142643111501e-05,-4.66789249706778e-05,-0.000837766881130797,0.000436876744766224,-0.0102554632435989,-0.00128570225322111,2.3969296065296e-05,-9.89816368361929e-05,0.000180017455126524,-9.23997935426968e-05,-0.000737268082112053,0.000308235986800298,0.000150564564703082,0.000175559863153651,-3.49305601137218e-05,0.000134343389005309,-0.000169750379341416,-7.93025695156047e-06,-0.00598230553951851,1.38805086100646e-05,9.5142643111501e-05,3.64771247642892e-05,-0.000211825771916807,2.3969296065296e-05,-0.00468760353539643,-0.00176147168255092,0.0972856839935003,-5.89935121428908e-05,-0.00123189899719378,-4.6678924971566e-05,-0.000119766382162823,-4.07309218344309e-05,-0.00240695014410441,-0.0117609394383988,-3.20840449958837e-05,-0.00012674776845234,-9.23997935426968e-05,-0.0095754439995055,-0.0112950821909816,0.000123927473442365,-7.93025695156047e-06,9.71949800403493e-05,9.5142643111501e-05,-6.81606334760332e-05,-0.00580541186682026,-5.89935121428908e-05,-9.89816368361929e-05,0.000206244557660717,0.000150564564703082,3.86312174853742e-05,4.10576083975656e-05,-1.06396704335765e-05,9.92219446205311e-05,9.5142643111501e-05,-3.78126299640513e-05,-0.00115914962514374,-0.000737268082112053,9.29929235002902e-05,-2.47102697477075e-05,-5.89935121428908e-05,0.000175559863153651,-9.23997935426968e-05,-0.00121390078121397,-0.00148799031775582,6.58939707527395e-05,1.89874306864013e-05,2.14937076554733e-05,-3.20840449958837e-05,-7.93025695156047e-06,-0.00543904933847106,-7.12936799533992e-05,-9.09571469316361e-05,-0.0059813985941064,-0.000169750379341416,-0.000381759287217953,-0.0095754439995055,4.10576083975656e-05,-6.20112664693195e-05,9.29929235002902e-05,-5.89935121428908e-05,-0.0019033071057839,-0.00166061875672785,4.92997068537449e-05,-3.78126299649395e-05,-0.000229635020135177,0.000178628492643718
"8:61654207:T:C",-9.88294529911116e-05,1.42063080241783e-05,0.000111061021406123,5.69098626526099e-05,-2.6790843560498e-05,-4.11583411628058e-05,-0.00170532057365325,-0.000264302854977139,-9.88294529911116e-05,1.42063080241783e-05,-5.71441367256398e-05,0.000111061021406123,-5.35100492298213e-05,-3.94218642831845e-05,-0.00263721028527364,9.03700090546522e-05,-0.00150919507564407,-2.02496708441302e-05,-0.0011765630499081,0.00164806374807913,-4.44527560539143e-06,-0.000309633353814398,8.53578565429558e-06,5.69098626526099e-05,2.29257151698192e-05,-0.000119325542410564,1.42063080241783e-05,-0.000241228249491243,-0.00132482394561606,-5.89935121428908e-05,0.00369300974067688,-0.000101208289759569,-2.67908435613862e-05,-6.85795205583872e-05,-2.3481808076653e-05,-0.00116859555368976,8.32580868204147e-05,-1.86616060666722e-05,-7.30841929321713e-05,-5.35100492298213e-05,-6.0864956571649e-05,-0.000435984504070674,7.41986006405071e-05,-4.44527560539143e-06,5.80739983631062e-05,5.69098626526099e-05,-3.94218642831845e-05,-0.000250341635208429,0.00411628874259584,-5.71441367256398e-05,-0.00360172916992862,9.03700090546522e-05,2.32475340036231e-05,2.46138519592876e-05,-5.96171788025401e-06,5.92245122739143e-05,5.69098626526099e-05,-2.18562957279289e-05,-3.19046946630763e-05,-3.94218642831845e-05,5.66917947297796e-05,-1.38181730120479e-05,0.00411628874259584,-0.00150919507564407,-5.35100492298213e-05,-6.60184433778355e-05,-0.000442912484675873,3.94660210885078e-05,1.14040826559858e-05,1.28133107599737e-05,-1.86616060666722e-05,-4.44527560539143e-06,0.000274784412637175,-4.11583411628058e-05,-5.20236479255587e-05,-0.00030019091091571,-9.72549643796228e-05,-0.000113473451466284,-6.0864956571649e-05,2.46138519592876e-05,-3.60093574531817e-05,5.66917947306678e-05,0.00411628874259584,-0.000522037235818118,2.18648926120224e-05,3.01168522280904e-05,-2.18562957279289e-05,-0.000129650451278884,0.000107458979024422
"8:61660407:G:A",-0.000849608108768329,3.94092260034284e-05,-0.0009667360586878,-0.00320659028346526,-8.18993264601886e-05,-0.00324977656324865,0.00029515111575229,-0.00515485778610669,-0.000849608108768329,3.94092260034284e-05,-0.000173237243839885,-0.0009667360586878,-0.000583190577601478,-0.0035299423591848,-0.000973404878778616,-0.00100857665599019,0.000274191051660821,-6.01206969639279e-05,0.000104657868545743,-0.000303967454258647,-0.00197305943902748,-0.000448193503494565,2.14465760608462e-05,-0.00142178117916014,-0.000500763662794057,-0.00044152380167084,3.94092260034284e-05,-0.00508800149329947,0.000402329730443185,-0.00123189899719378,-0.000101208289759569,0.108684398769524,-0.00523749714458166,-0.000213512133266036,-7.08411418974819e-05,-0.00247837096128123,-0.00226401086238415,-5.48824888015886e-05,-0.000223071505437211,-0.000583190577601478,-0.00338348502159214,-0.00266285095603225,0.000197235256789163,-0.00197305943902748,-0.00295003167585772,-0.00142178117916014,-0.00157617415985989,-0.000336986601686462,-0.000101208289759569,-0.000173237243839885,-0.000461452187170863,-0.00100857665599019,6.18616628980106e-05,-2.52736541739296e-05,-1.92253372537365e-05,-0.000159678563173671,-0.00142178117916014,-6.543964305461e-05,-0.00121909218820537,-0.0035299423591848,-0.000282797712718441,-4.49841432930143e-05,-0.000101208289759569,0.000274191051660821,-0.000583190577601478,-0.00275383859408063,-0.000505696379080156,-0.00167694988079248,-0.00200850127631824,3.50202902437147e-05,-5.48824888015886e-05,-0.00197305943902748,-0.00645095314667099,-0.000124316325509355,-0.000857206328190863,-0.00163734883550504,-0.00310219562571667,-0.00101887059727446,-0.00338348502159214,-2.52736541739296e-05,-0.000106852536088553,-0.000241739562409471,-0.000101208289759569,-0.00653135842847785,-0.00212733369954154,-0.00408169322693119,-6.543964305461e-05,-0.00310590757866347,-0.000743084093912216
"8:61661207:C:T",-0.00511326785954225,1.0783770707512e-05,-0.00185492145279387,4.2032777231249e-05,-0.00578239004273406,-3.21930254063574e-05,0.000170411136281245,-0.000634838752041844,-0.00511326785954225,1.0783770707512e-05,-4.51771362808273e-05,-0.00185492145279387,-4.22361607315125e-05,-3.08141857994215e-05,0.000126313246490817,6.51584167812302e-05,7.54110404068697e-05,-1.56317577184595e-05,5.91049988356573e-05,-7.87604287140198e-05,-3.35476674084845e-06,0.000109939774839418,6.58619741944477e-06,4.2032777231249e-05,2.04712883062896e-05,-0.00270919572443518,1.0783770707512e-05,-0.000211573436070367,-0.00157130324926591,-4.6678924971566e-05,-2.67908435613862e-05,-0.00523749714458166,0.0532997740266841,-0.00162915716860468,-1.8137085120884e-05,9.52019935533954e-05,6.1490545002485e-05,-1.44047399368574e-05,-5.83645370086927e-05,-4.22361607315125e-05,-0.00144025338786946,-0.00044746451071731,5.41128054303286e-05,-3.35476674084845e-06,4.28355810422332e-05,4.2032777231249e-05,-0.00298345995572369,0.00012032626998959,-2.67908435613862e-05,-4.51771362808273e-05,8.74787454625547e-05,6.51584167812302e-05,1.76314827617929e-05,1.8624323292471e-05,-4.5038865996716e-06,4.36275670203656e-05,4.2032777231249e-05,-1.68757574883216e-05,-2.47164137050504e-05,-3.08141857994215e-05,3.013536439056e-05,-0.00506267113215308,-2.67908435613862e-05,7.54110404068697e-05,-4.22361607315125e-05,-0.00188642994575172,-0.000340916326645679,2.95391473912332e-05,8.71363932120062e-06,9.75572628370003e-06,-1.44047399368574e-05,-3.35476674084845e-06,-0.00254884223822671,-3.21930254063574e-05,-0.00175679343855339,0.000121162099071093,-7.87604287140198e-05,-0.00101284741523067,-0.00144025338786946,1.8624323292471e-05,-2.81134743254086e-05,1.92020587439501e-05,-2.67908435613862e-05,-0.00368752177114384,1.66247793229601e-05,-0.000497558846989321,0.00205881797457419,-0.00152764044766052,7.6517542589194e-05
"8:61661547:A:T",-0.000208130689868469,2.75162103093862e-05,2.74390698544735e-05,-0.00251871281515292,-0.00139512674534359,-8.32185983146161e-05,-0.00039070206506775,-0.00674189965936289,-0.000208130689868469,2.75162103093862e-05,-0.000115744258395445,2.74390698544735e-05,-0.000107861315452595,-7.94850425593907e-05,-0.000876900113539136,-0.00317826430817369,-0.00634110881841199,-4.06027049146829e-05,-0.00199670517327721,-0.000857876445711447,-9.31267886716824e-06,-0.00689937631882298,-0.00245607216116728,0.000108311258260052,-0.00154885927598425,-0.00418901430582608,2.75162103093862e-05,-0.00121184427029331,-0.0086151489949291,-0.000119766382162823,-6.85795205583872e-05,-0.000213512133266036,-0.00162915716860468,0.128516398143179,-4.74673814014892e-05,-0.00145514911598887,-0.000345323508332385,-3.72380970485864e-05,-0.000506963985546172,-0.000107861315452595,-0.00104695019124179,-0.00840910050765675,-0.0029849386912657,-9.31267886716824e-06,0.00011066813222893,0.000108311258260052,-7.94850425593907e-05,-0.00693969459046251,-6.85795205583872e-05,-0.00083171059389997,0.000231940695833543,-0.00317826430817369,4.40615683752199e-05,-0.00211614484933786,-1.24995246801873e-05,0.000112994155052171,0.000108311258260052,-4.40121692228956e-05,-6.54625520670749e-05,-7.94850425593907e-05,3.1327558739136e-05,-0.00156550298439218,-6.85795205583872e-05,-0.00634110881841199,-0.000107861315452595,-0.00154940800297076,-0.00116947018373903,7.51457093617347e-05,-0.00219379511900897,2.46261213581178e-05,-3.72380970485864e-05,-9.31267886716824e-06,-0.00027041799070826,-0.00111779326163219,-0.000679667504944526,-0.00683841127486051,-0.00020000145612542,-0.000234325458303708,-0.00104695019124179,-0.00211614484933786,-7.21664691862856e-05,2.03942530925261e-05,-6.85795205583872e-05,-0.00242961819944965,-0.00229518890954417,-0.00627882722962259,-0.00452689628914271,-0.00405755104719585,-0.00388834419011452
"8:61662124:T:G",-6.91139257620321e-05,9.53596467745399e-06,1.03939975355516e-05,3.74395664906046e-05,-1.8137085120884e-05,-2.81597606308637e-05,-0.00324989311911583,0.000196425538589118,-6.91139257620321e-05,9.53596467745399e-06,-0.000944046993850201,1.03939975355516e-05,-3.69042470067527e-05,-2.6966789422822e-05,0.000115352491755871,-0.0038700690177107,6.77420797403627e-05,-1.37188200355354e-05,5.28977062081992e-05,-6.83491174555684e-05,-2.9370039582588e-06,9.98654377255548e-05,5.84534231773404e-06,3.74395664906046e-05,1.57366491313482e-05,-0.000152793113776362,9.53596467745399e-06,-0.000119101268050592,-0.000105116545532802,-4.07309218344309e-05,-2.3481808076653e-05,-7.08411418974819e-05,-1.8137085120884e-05,-4.74673814014892e-05,0.0235549119101934,8.6029867394366e-05,-0.000107292506795531,-1.26504072346378e-05,-5.08428916639048e-05,-3.69042470067527e-05,-4.20413848232215e-05,5.12933498164614e-06,4.83335198318002e-05,-2.9370039582588e-06,3.81568990626135e-05,3.74395664906046e-05,-2.6966789422822e-05,0.000109690435500909,-2.3481808076653e-05,-3.94381423136636e-05,7.88485572122966e-05,-0.0038700690177107,1.56391736005901e-05,1.65156242726283e-05,-0.00175578833592471,3.88649278972863e-05,3.74395664906046e-05,-1.48014111820416e-05,-2.16108721451391e-05,-2.6966789422822e-05,3.76705520386267e-05,-9.1726840203421e-06,-2.3481808076653e-05,6.77420797403627e-05,-3.69042470067527e-05,-0.00159999782208331,-0.00200105731403788,2.62470647252044e-05,7.71484301065328e-06,8.63133472250865e-06,-1.26504072346378e-05,-2.9370039582588e-06,-0.000956379709102784,-2.81597606308637e-05,-3.56689928366904e-05,0.000110478031069228,-6.83491174555684e-05,-8.03561498550209e-05,-4.20413848232215e-05,1.65156242726283e-05,-2.46281179734353e-05,3.76705520395149e-05,-2.3481808076653e-05,-0.00155158829982316,1.47509723840145e-05,2.03289704012732e-05,-1.48014111820416e-05,-0.000178064012452239,-0.00339629894505311
"8:61662294:A:G",-0.00236388545653554,-6.1226997924102e-05,-0.000341896144657738,-0.00467263584280087,9.52019935533954e-05,-0.00765851069305779,0.000249562775815448,0.000597880317858568,-0.00236388545653554,-6.1226997924102e-05,0.000219675416156306,-0.000341896144657738,0.000209309901136656,-0.00586682821802142,0.00116553575163181,-0.000395994373971753,-0.000639040481196673,-0.00226408815078472,-0.00090748113800565,-0.000433132489322752,1.21034806879194e-05,0.00221591467243698,-0.00374053915893668,-0.000953701857510758,-0.000137128534657194,-0.00115543592128375,-6.1226997924102e-05,0.00086647001705753,-0.000127428232894466,-0.00240695014410441,-0.00116859555368976,-0.00247837096128123,9.52019935533954e-05,-0.00145514911598887,8.6029867394366e-05,0.0725217844771144,-0.000398465612505561,-0.00447933563814384,0.000282817684571945,0.000209309901136656,-0.00248783280929565,-0.000413396285851242,-0.00058348533180741,1.21034806879194e-05,-0.000254587813400597,-0.000953701857510758,0.000150713223203702,0.00168054463657619,-0.00116859555368976,0.000219675416156306,0.00383173196394626,-0.00553798113385895,-0.000599977872545843,-0.000113757982947327,1.62284268032664e-05,-0.000257265550501984,-0.000953701857510758,-0.00296226991255555,-0.00129426992291837,-0.00586682821802142,-0.000145684645377564,3.75667113150513e-05,-0.00116859555368976,-0.000639040481196673,0.000209309901136656,-0.00300117723403392,-0.000624755282809364,-0.000179188296936417,-5.37934645352678e-05,-5.75309725050488e-05,-0.00447933563814384,1.21034806879194e-05,-0.000371817402817776,0.000155604264213238,0.000186137815632037,0.00186297639051602,0.000368980371337813,0.000431493949846207,-0.00248783280929565,-0.000113757982947327,0.000141092388366459,-9.5355487149007e-05,-0.00116859555368976,-0.00132111460723427,-0.000106712533010977,-0.000156242371667226,8.15203697150935e-05,-0.00120261961422941,-0.000469722692243657
"8:61663266:G:C",-0.00204118013605914,-4.20736841011404e-05,-0.00342799052735376,-0.00019400907252809,-0.000872084419078156,-4.76899875305747e-05,-0.00204199263517157,-0.00409844452435548,-0.00204118013605914,-4.20736841011404e-05,-0.00256430114119066,-0.00342799052735376,0.000121160978141965,-0.000150495276123763,-0.000495063267009321,-0.00100605654337915,-0.000832502129017421,-0.0030637799969897,-0.0012307307377144,0.000186448759279756,-0.00224633712215461,-0.000544880754333121,-0.00336931456233813,-0.00242799542340322,-0.00141398520396852,-0.00431953217059,-4.20736841011404e-05,8.18582365091913e-06,-0.00514445658013774,-0.0117609394383988,8.32580868204147e-05,-0.00226401086238415,6.1490545002485e-05,-0.000345323508332385,-0.000107292506795531,-0.000398465612505561,0.141654434228945,4.68002198701356e-05,0.000154153478210795,0.000121160978141965,-0.00224282959882682,-0.000696144743784544,-0.00377637077087023,-0.00224633712215461,-0.00133525634407672,-0.00242799542340322,-0.00147985774874737,-0.000853266478053172,8.32580868204147e-05,-0.00333057981862428,-0.000378230217159548,-0.000329978375162909,-0.00361044034609392,-0.00164266110542055,9.00736254116907e-06,-0.000199149975562918,-0.00242799542340322,-2.87179827296313e-05,-0.00182544357157965,-0.000150495276123763,-0.003389182208136,-0.000294677623074335,8.32580868204147e-05,-0.000832502129017421,0.000121160978141965,-0.00174420200548164,0.000559153734900342,-0.000829564776180014,-0.00277025590808133,-0.00320398751118489,4.68002198701356e-05,9.11037990025676e-06,-0.00156800306348348,-0.00271435526199326,-0.000791518117968515,-0.000598051853108128,-0.000967042467674872,-0.000463756076521271,-0.00224282959882682,-0.00164266110542055,-0.00619651466598814,-0.00367146763613757,8.32580868204147e-05,-0.00657622991756668,-0.000126531685256559,-0.00040836513225706,-0.00632269636738325,-0.00468598122317587,-0.000405727523624222
"8:61664402:G:A",-5.35908570844512e-05,7.71315590775146e-06,6.03874393387827e-05,3.07311851397429e-05,-1.44047399377456e-05,-2.22995075365162e-05,-0.00408446352694813,-0.00121821067428929,-5.35908570844512e-05,7.71315590775146e-06,-3.10912649359452e-05,6.03874393387827e-05,-2.91418932123477e-05,-2.13733578782183e-05,-0.00396557800478181,4.84538731297945e-05,5.65535077967638e-05,0.000409157536270577,4.38254658554627e-05,0.000601974998783561,-2.33682540695668e-06,-0.00488555084469766,4.75048086023833e-06,3.07311851397429e-05,1.28871063891367e-05,-6.5013590652363e-05,7.71315590775146e-06,-0.00013446652964344,-0.0013967286981682,-3.20840449958837e-05,-1.86616060666722e-05,-5.48824888015886e-05,-1.44047399368574e-05,-3.72380970485864e-05,-1.26504072346378e-05,-0.00447933563814384,4.68002198701356e-05,0.0399131076017607,-3.98969417823025e-05,-2.91418932123477e-05,-3.30891872506456e-05,-0.00144907315448872,3.98988757011054e-05,-2.33682540695668e-06,3.13258785569204e-05,3.07311851397429e-05,-2.13733578782183e-05,-0.00490155614596244,-1.86616060666722e-05,-3.10912649359452e-05,6.62627353396061e-05,4.84538731297945e-05,1.27179012840983e-05,1.34273512033545e-05,-3.13468242207904e-06,3.19134092405804e-05,3.07311851397429e-05,-1.17892195010683e-05,-1.71191437878804e-05,-2.13733578782183e-05,3.10131278453696e-05,-7.27380374332398e-06,-1.86616060666722e-05,5.65535077967638e-05,-2.91418932123477e-05,-0.00127531945078729,-0.00158238104398301,2.14321368208203e-05,6.24968793694336e-06,6.98580913827129e-06,0.000601974998783561,-2.33682540695668e-06,0.000143693895842567,-2.22995075365162e-05,-2.81046993748646e-05,-0.00486663384162345,-5.32133543904578e-05,-0.000387899383751389,-3.30891872506456e-05,1.34273512033545e-05,-1.95546078778364e-05,3.10131278462578e-05,-1.86616060666722e-05,-0.00529802034404359,1.19996866807526e-05,-0.0016980868336578,-1.17892195010683e-05,-7.09128443663332e-05,5.74217956730294e-05
"8:61665055:G:A",-0.000217619325833418,2.96980217022735e-05,0.000221857318640772,0.000118352543259981,-1.98268234319343e-05,-8.85743192213795e-05,0.000559550004950893,-0.00363274180108153,-0.000217619325833418,2.96980217022735e-05,-0.000122548852984572,0.000221857318640772,-0.00011430296087056,-8.46312582094555e-05,0.000390767670248593,0.000188399130105488,0.000220042485053362,-4.35017984647956e-05,-0.00123197699066768,0.00272661944905028,-1.00991792013616e-05,0.000325730290869686,1.67869760447914e-05,0.000118352543259981,4.35963089318037e-05,-0.000261974643243512,2.96980217022735e-05,-0.000471448923346607,-0.00320752992381124,-0.00012674776845234,-7.30841929321713e-05,-0.000223071505437211,-5.83645370086927e-05,-0.000506963985546172,-5.08428916639048e-05,0.000282817684571945,0.000154153478210795,-3.98969417823025e-05,0.0244453477217599,-0.00011430296087056,-0.00013099858032728,-0.00236950217017373,-0.00222152721078839,-1.00991792013616e-05,0.000121027148103359,0.000118352543259981,-8.46312582103437e-05,0.000360468833437544,-7.30841929321713e-05,4.89823372555875e-05,0.000259463226933043,0.000188399130105488,-0.00125225653338656,5.06268899354012e-05,-1.3546913389284e-05,0.000123669575220475,0.000118352543259981,-4.71501843319899e-05,-7.00003662226223e-05,-8.46312582094555e-05,0.00011419922478062,-0.000200014239981172,-7.30841929321713e-05,0.000220042485053362,-0.00011430296087056,-0.000151127986254274,-0.00293593344786292,8.15683564496794e-05,2.33200585215698e-05,2.65280829996328e-05,-3.98969417823025e-05,-1.00991792013616e-05,0.000559391534161513,-0.00274068104837077,-0.000113282614331744,0.000364665487481375,-0.000209234402862357,-0.00024398798262304,-0.00013099858032728,5.06268899354012e-05,-7.68870400706945e-05,0.00011419922478062,-7.30841929321713e-05,-0.00381377915004322,4.43476965559242e-05,-0.00480392127392193,-4.71501843328781e-05,-0.000283131347087462,0.000224139265919909
"8:61666071:T:C",-0.000637481508905857,2.19294863681441e-05,0.000167441094538034,8.75711553973701e-05,-4.22361607306243e-05,-6.45028580423812e-05,0.000414953425737608,-0.0010439258346171,-0.000637481508905857,2.19294863681441e-05,-8.94192177183228e-05,0.000167441094538034,0.00308659216413965,-6.17052639553251e-05,0.000288975478694553,0.000139160812534733,0.000162622488398156,-3.16986859383306e-05,0.000124170983837324,-0.000152505714796192,-7.15702741782565e-06,-0.00150761909371422,1.27926517832222e-05,8.75711553973701e-05,-0.00703152628897197,-0.00018906710297184,2.19294863681441e-05,-0.000177745667854445,-0.000934413357752462,-9.23997935426968e-05,-5.35100492298213e-05,-0.000583190577601478,-4.22361607315125e-05,-0.000107861315452595,-3.69042470067527e-05,0.000209309901136656,0.000121160978141965,-2.91418932123477e-05,-0.00011430296087056,0.0282682449764406,-9.54167048945465e-05,-0.000830504009520006,0.000114292343527111,-7.15702741782565e-06,8.94535057121004e-05,8.75711553973701e-05,-6.17052639553251e-05,-0.00130535907335805,-5.35100492298213e-05,-8.94192177183228e-05,0.000191512837546703,0.000139160812534733,3.54837585296863e-05,3.76880092103349e-05,-9.59961935098619e-06,9.13134695412765e-05,8.75711553973701e-05,-3.428595459809e-05,-5.04811856467668e-05,-6.17052639553251e-05,-0.00683501312378532,-2.22630543644797e-05,-5.35100492298213e-05,0.000162622488398156,0.00308659216413965,-0.000106772397015398,0.000476299218296283,6.05593763340906e-05,1.74152814880202e-05,1.96856973246895e-05,-2.91418932123477e-05,-0.000847903751623136,0.000417062959764181,-6.45028580423812e-05,-8.20231156479778e-05,-0.00150761909371422,8.68492810841559e-05,-0.000177925271150237,-9.54167048945465e-05,3.76880092103349e-05,0.000383682146337883,-0.00677630129066209,-5.35100492298213e-05,-0.00611220697493398,3.32526949335943e-05,4.54481441556354e-05,-3.42859545989782e-05,-0.000204907679139943,0.000165477592147134
"8:61666247:G:A",-0.00331835635920985,2.46636463563377e-05,-0.00256424849129555,9.77202608760663e-05,-4.82021599736981e-05,-0.000925756220636842,0.000444353638886064,-0.00319896107653284,-0.00331835635920985,2.46636463563377e-05,-0.000635982037217708,-0.00256424849129555,-9.54167048945465e-05,-0.000825153846551352,0.000314803524850582,0.000154450432275688,0.000179968606661696,-3.60356885256152e-05,-0.00182705564472485,-0.000175645748027975,-8.19707849952778e-06,1.04078913025774e-05,1.42462328813764e-05,9.77202608760663e-05,-0.00136949995327029,-0.00364195450186156,2.46636463563377e-05,-0.000959935215365526,-0.000774256586625555,-0.0095754439995055,-6.0864956571649e-05,-0.00338348502159214,-0.00144025338786946,-0.00104695019124179,-4.20413848232215e-05,-0.00248783280929565,-0.00224282959882682,-3.30891872506456e-05,-0.00013099858032728,-9.54167048945465e-05,0.071101346707128,-0.000884335779485212,0.000127209873172163,-8.19707849952778e-06,9.98313144950913e-05,9.77202608760663e-05,-7.03675302951012e-05,5.07415095194474e-05,-6.0864956571649e-05,-0.000102249560550938,0.000211266857809811,0.000154450432275688,3.96985523414273e-05,4.22016757815058e-05,-1.0998602203216e-05,0.000101915952245513,9.77202608760663e-05,-3.90195178852082e-05,-0.00330648941341227,-0.000825153846551352,-0.00146371190011862,-2.5555281455425e-05,-6.0864956571649e-05,0.000179968606661696,-9.54167048945465e-05,-0.00270197167817354,-0.00259792725631947,6.77075512598435e-05,1.95203723549753e-05,2.2108062739612e-05,-3.30891872506456e-05,-8.19707849952778e-06,-0.00268956440104695,-7.36164048822374e-05,-0.00115839151343877,4.05338265707655e-05,-0.000175645748027975,-0.000205413640294694,0.00140459998148312,4.22016757815058e-05,-6.39925698520116e-05,-0.00153165803578936,-6.0864956571649e-05,-0.00668820266492443,3.71632216884521e-05,5.06005030622703e-05,-3.90195178852082e-05,-0.00375203222515452,0.000183111006720971
"8:61667898:G:A",-0.00307366888721328,-0.00515042260569665,-0.000559905029219099,-0.000512473184623552,-0.00374123024475903,-0.000288146776529885,-0.000268275562947728,-0.00383076128416926,-0.00307366888721328,-0.00515042260569665,4.35824444577904e-05,-0.000559905029219099,-0.000830504009520006,-0.000228173038374635,-0.000479543070882826,-0.00190348057348544,-0.000119632099137235,-0.000184325218296699,-0.00271496198955257,-0.00219891465519417,-0.000834354123508518,-0.00144869828339367,-0.000374822713995471,-0.000548649725241823,-0.000478780078828844,-0.00526516036476021,-0.00515042260569665,-0.000535887668306145,-0.00453053910867585,-0.0112950821909816,-0.000435984504070674,-0.00266285095603225,-0.00044746451071731,-0.00840910050765675,5.12933498164614e-06,-0.000413396285851242,-0.000696144743784544,-0.00144907315448872,-0.00236950217017373,-0.000830504009520006,-0.000884335779485212,0.18649817534972,-0.00335052687361248,-0.000834354123508518,-0.00234869349314248,-0.000548649725241823,-0.00275478357173231,-0.00113803317934069,-0.000435984504070674,-0.00584321041865987,-0.00128752729906889,-0.000288633526225546,2.97055919906697e-05,-0.000269036880009565,2.97537449078789e-06,-0.000109939827023453,-0.000548649725241823,-0.00172266495359441,-2.02471189334474e-05,-0.000228173038375523,-0.00456710526045212,-0.00412276892907659,-0.000435984504070674,-0.000119632099137235,-0.000830504009520006,-0.00153344532315014,-0.00565681278136276,-0.00652782550619069,-9.1291135418281e-05,-9.63439233361285e-05,-0.00144907315448872,4.97748233652118e-06,-0.00467496085017549,-0.00571027493645815,-0.00738646784573849,-0.00359922717352257,-0.0037958847665589,-0.000877680834202366,-0.000884335779485212,-0.000269036880009565,-0.00236562281628228,-0.00416505607899431,-0.000435984504070674,-0.00904919837506934,-0.000438782983486874,-0.00496438745823191,-0.00530777708741947,-0.00135955684702527,-0.000211247240361701
"8:61669594:A:G",0.000193145019253826,-3.25080193235294e-05,-0.0022345215963453,-0.000133038156326926,5.41128054294404e-05,-0.00194943717007146,-0.000600533877887166,-0.00165942231928717,0.000193145019253826,-3.25080193235294e-05,0.00012068080181038,-0.0022345215963453,0.000114292343527111,8.31380713437468e-05,-0.000450678050700759,-0.000371933948478897,-0.000248008737443683,4.26798630606129e-05,-0.000176965508309479,-0.00247513263348775,7.7434740806126e-06,-0.00107035488745311,-0.00104884356559953,-0.000133038156326926,-0.0011706010444712,-0.00312523970969814,-3.25080193235294e-05,-0.000263832617208415,-0.00189912043369489,0.000123927473442365,7.41986006405071e-05,0.000197235256789163,5.41128054303286e-05,-0.0029849386912657,4.83335198318002e-05,-0.00058348533180741,-0.00377637077087023,3.98988757011054e-05,-0.00222152721078839,0.000114292343527111,0.000127209873172163,-0.00335052687361248,0.0569223065828375,7.7434740806126e-06,-0.000134950525002786,-0.000133038156326926,-0.00183986658458668,-0.000447376457545445,7.41986006405071e-05,-0.00261289624498495,-0.000290559902024867,-0.000210655342089083,-0.00412143228369111,-0.000864383064118179,1.03814632561594e-05,-0.000136841362081697,-0.000133038156326926,4.54912445579936e-05,6.30265756127457e-05,8.31380713437468e-05,-0.00110315493045299,2.40193039928727e-05,7.41986006405071e-05,-0.000248008737443683,0.000114292343527111,-0.000421250110108851,-0.00015125962734075,-9.36261052180143e-05,-0.000980027499874581,-3.01021602879814e-05,3.98988757011054e-05,7.7434740806126e-06,-0.00121804601622966,-0.00296580112538791,0.000105179514233278,-0.00044782919151487,0.000202771108471111,0.000236493665261683,0.000127209873172163,-0.000864383064118179,7.71462687083613e-05,-0.00104444309733243,7.41986006405071e-05,-0.00147475958252752,-5.43103607748563e-05,-7.79842414955212e-05,4.54912445579936e-05,-0.00331288917976735,-0.000250564977505974
"8:61673347:A:G",-0.0020306293097061,1.69450634412982e-06,-0.0024011736965921,6.1999446465677e-06,-0.00197754425834518,-5.34901708793001e-06,-0.0027932630961196,-3.60749105672298e-05,-0.0020306293097061,1.69450634412982e-06,-7.66804448382175e-06,-0.0024011736965921,-7.15702741782565e-06,-5.11721772245011e-06,-0.00404201628149803,9.06045324278182e-06,1.01945279267213e-05,-2.53346335288285e-06,-0.000647064757270499,-0.00372261976735722,1.48499855416873e-05,1.3292236246798e-05,1.07676773186682e-06,6.1999446465677e-06,2.86545315564268e-06,-0.0017852545500725,1.69450634412982e-06,-0.00341107915864391,-0.000437374532835655,-7.93025695156047e-06,-4.44527560539143e-06,-0.00197305943902748,-3.35476674084845e-06,-9.31267886716824e-06,-2.9370039582588e-06,1.21034806879194e-05,-0.00224633712215461,-2.33682540695668e-06,-1.00991792013616e-05,-7.15702741782565e-06,-8.19707849952778e-06,-0.000834354123508518,7.7434740806126e-06,0.0573539337753415,6.30029309345304e-06,6.1999446465677e-06,-5.11721772156193e-06,-0.000651766869067316,-4.44527560539143e-06,-7.66804448382175e-06,1.13887673389712e-05,9.06045324278182e-06,2.76604118898405e-06,2.90625456322857e-06,-6.91299823607494e-07,6.39890507692087e-06,6.1999446465677e-06,-2.73349665125266e-06,-4.00956846213774e-06,-5.11721772245011e-06,-0.0021308643088771,-0.00217174087018179,-4.44527560539143e-06,1.01945279267213e-05,-7.15702741782565e-06,-8.49683422021741e-06,-0.00136287872648211,4.4941950987365e-06,1.39095311180171e-06,-0.00163986807544436,-2.33682540695668e-06,-0.00261371614903716,1.44079221140458e-05,-0.00321386334605123,-6.82855376510361e-06,-0.00269470841359798,-1.39478493270673e-05,-1.67194465339193e-05,-8.19707849952778e-06,2.90625456322857e-06,-4.6654358438758e-06,-0.00207215247575476,-4.44527560539143e-06,-0.00182666919965424,2.62334352107985e-06,-0.0024726931325123,-2.73349665125266e-06,-0.00172622421823654,1.03025145401503e-05
"8:61675312:A:G",-0.00301101991945085,-2.53435580557237e-05,-0.000226836268487851,-0.000103810221548706,4.28355810431214e-05,6.77410035008208e-05,-0.00053093009738614,-0.00103862258514908,-0.00301101991945085,-2.53435580557237e-05,-0.00270934816235258,-0.000226836268487851,8.94535057121004e-05,6.52853151565935e-05,-0.000354694886591567,-0.000164944971952963,-0.000194284543376,3.35784836584807e-05,-0.000152914410043614,-0.00250178778777777,6.30029309345304e-06,-0.00110879473913439,-1.73459986978486e-05,-0.000103810221548706,-0.00342084454657243,0.000185183983715476,-2.53435580557237e-05,0.000371774817182313,-0.00500188624625419,9.71949800403493e-05,5.80739983631062e-05,-0.00295003167585772,4.28355810422332e-05,0.00011066813222893,3.81568990626135e-05,-0.000254587813400597,-0.00133525634407672,3.13258785569204e-05,0.000121027148103359,8.94535057121004e-05,9.98313144950913e-05,-0.00234869349314248,-0.000134950525002786,6.30029309345304e-06,0.0552923506763783,-0.000103810221548706,6.52853151565935e-05,-0.00116914026445958,5.80739983631062e-05,9.45868640158665e-05,-0.000228144729757851,-0.000164944971952963,-0.00102184224348534,-4.57329874361534e-05,8.44602409610928e-06,-0.0001069785401695,-0.000103810221548706,3.58553596404576e-05,-0.00309960829150402,6.52853151565935e-05,-0.00363505220003812,1.95340593682758e-05,5.80739983631062e-05,-0.000194284543376,8.94535057121004e-05,-0.00176186824641622,-0.00295169329961276,-7.27882895139587e-05,-2.13883399391435e-05,-2.33766629396115e-05,3.13258785569204e-05,6.30029309345304e-06,-0.00119350512748273,6.77410035008208e-05,8.30504894828721e-05,-0.00113670270538879,0.000158637507276183,-0.00204487670822129,9.98313144950913e-05,-4.57329874361534e-05,-0.00217428929911545,-0.00370299833570886,5.80739983631062e-05,-0.000776724593896105,-4.18880120127696e-05,-0.00109118846533818,3.58553596395694e-05,0.000203360617716974,-0.00019648968392616
"8:61685834:G:A",-0.00136481625873142,-2.48953956196729e-05,-0.00155969418867929,-0.000102231968600819,-0.00170956347446971,6.63848953488255e-05,-0.00160934587445283,-0.000499644244837949,-0.00136481625873142,-2.48953956196729e-05,9.25922002572577e-05,-0.00155969418867929,8.75711553973701e-05,6.39784817764166e-05,-0.00205600012570706,-0.000162759996117146,-0.000191879489388036,3.29436296953034e-05,-0.00382023562266376,0.000154938040912711,6.1999446465677e-06,-0.000664119999405521,-0.00343615922160545,0.00122952366830997,-0.00316252436434095,-0.00364509240921151,-2.48953956196729e-05,0.000360060900397308,0.00021888926949476,9.5142643111501e-05,5.69098626526099e-05,-0.00142178117916014,4.2032777231249e-05,0.000108311258260052,3.74395664906046e-05,-0.000953701857510758,-0.00242799542340322,3.07311851397429e-05,0.000118352543259981,8.75711553973701e-05,9.77202608760663e-05,-0.000548649725241823,-0.000133038156326926,6.1999446465677e-06,-0.000103810221548706,0.0564233693636651,6.39784817764166e-05,-0.000687923948110125,5.69098626526099e-05,9.25922002572577e-05,-0.00264799610065847,-0.000162759996117146,-0.0011193145865338,-4.49394442805229e-05,8.31103193466021e-06,-0.000105370966004159,0.00122952366830997,3.51796316273578e-05,-0.00158195803284222,6.39784817764166e-05,-0.00337604646802969,-0.000256555719997387,5.69098626526099e-05,-0.000191879489388036,8.75711553973701e-05,-0.0062405518121631,-0.00426649452547689,-0.00220080665605593,-2.09964302131382e-05,-2.29563792695231e-05,3.07311851397429e-05,6.1999446465677e-06,0.00120812629552791,6.63848953488255e-05,8.13792932081725e-05,-0.000701836260072142,0.000154938040912711,0.000180245130759538,9.77202608760663e-05,-4.49394442805229e-05,5.92413570075223e-05,-0.00344399260370043,5.69098626526099e-05,0.000569612847856504,-4.11438345224724e-05,-0.000368155175358709,-0.00163588113362856,-0.00169449199907135,-0.000194074795841104
"8:61686504:C:T",-0.001631421022946,1.61181202766869e-05,-0.0015633655462608,6.39784817764166e-05,-3.08141858011979e-05,-4.73967683412013e-05,0.000291234470563673,-0.00294454382266629,-0.001631421022946,1.61181202766869e-05,-6.59816364079191e-05,-0.0015633655462608,-6.17052639553251e-05,-4.53654902718981e-05,0.000205818994403195,0.000100913103382894,0.000117640975386024,-2.32147307412944e-05,9.06862761453908e-05,-0.000113231135559388,-5.11721772156193e-06,0.000175219008336391,9.62629451883856e-06,6.39784817764166e-05,-0.00169959699464073,-0.000715194803043495,1.61181202766869e-05,-0.00111986175127665,-0.00278716664945389,-6.81606334760332e-05,-3.94218642831845e-05,-0.00157617415985989,-0.00298345995572369,-7.94850425593907e-05,-2.6966789422822e-05,0.000150713223203702,-0.00147985774874737,-2.13733578782183e-05,-8.46312582103437e-05,-6.17052639553251e-05,-7.03675302951012e-05,-0.00275478357173231,-0.00183986658458668,-5.11721772156193e-06,6.52853151565935e-05,6.39784817764166e-05,0.0383961142468578,-0.00196381719390892,-3.94218642831845e-05,-6.59816364079191e-05,0.00013790308719841,0.000100913103382894,2.6260771860187e-05,2.78171636143298e-05,-6.86545936190441e-06,6.65760424416462e-05,6.39784817764166e-05,-0.00141133252249936,-0.00154395085286474,-4.53654902718981e-05,-0.00181379879646215,-1.59437907258919e-05,-3.94218642831845e-05,0.000117640975386024,-6.17052639553251e-05,-7.71506725083526e-05,-0.00237055641948647,4.44957436043225e-05,1.29123543031184e-05,1.45250897141125e-05,-2.13733578782183e-05,-5.11721772156193e-06,0.000294079673783365,-4.73967683412013e-05,-6.01444820809149e-05,0.000195204974983376,-0.000113231135559388,-0.000132509550601512,-7.03675302951012e-05,2.78171636143298e-05,-4.13785014012902e-05,-0.00188174493213289,-3.94218642831845e-05,0.000255154069803254,2.46846678084722e-05,-0.00253237626075808,-2.50790646081356e-05,0.000192517901089317,0.000119564080949708
"8:61687075:G:A",-0.000399353781629586,-0.00119723571214259,-0.0012413708591561,-0.00389780567759335,-0.00213879738458989,-0.00117227256165719,-0.000442847984267303,-0.000514272642123004,-0.000399353781629586,-0.00119723571214259,0.000281003497104138,-0.0012413708591561,-0.00130535907335805,-0.00190879789435794,0.00117339209498457,-0.00113566768121309,-0.00385779471576519,-0.00268553251204384,-0.000106960209344642,-0.00178180008025031,-0.000651766869067316,0.00289276593089394,-0.00152731365172443,-0.000687923948110125,-0.00019235409964935,-0.000103362739381829,-0.00119723571214259,0.000530921317245081,0.00146621543742631,-0.00580541186682026,-0.000250341635208429,-0.000336986601686462,0.00012032626998959,-0.00693969459046251,0.000109690435500909,0.00168054463657619,-0.000853266478053172,-0.00490155614596244,0.000360468833437544,-0.00130535907335805,5.07415095194474e-05,-0.00113803317934069,-0.000447376457545445,-0.000651766869067316,-0.00116914026445958,-0.000687923948110125,-0.00196381719390892,0.0813949737463369,-0.000250341635208429,0.000281003497104138,0.00255731786807623,-0.00128335245802091,-0.000591303882122141,-0.00139574004190735,1.86780142259479e-05,-0.000351814688180241,-0.000687923948110125,-0.00206301479700066,6.59382550471932e-05,-0.00190879789435794,-0.00026498592623625,-1.91909581852556e-05,-0.000250341635208429,-0.00385779471576519,-0.00130535907335805,-0.00214894566648205,-6.81719646955514e-05,-0.00342636637952953,-7.38167772222909e-05,1.95014364159363e-05,-0.00490155614596244,-0.00145733935652093,-0.00120559741440651,-0.00227801513319115,-0.00173139014513435,0.00484135310480749,-0.00110726144759088,-0.000191063445546646,5.07415095194474e-05,-0.00139574004190735,-0.00314331869332385,-0.000223927775926391,-0.000250341635208429,-0.00153041244302665,-1.38617923308715e-05,-0.000167479547562799,0.000104460827708763,-5.36748734258907e-06,-0.00101564282886812
"8:61688044:A:G",-9.88294529911116e-05,1.42063080241783e-05,0.000111061021406123,5.69098626526099e-05,-2.6790843560498e-05,-4.11583411628058e-05,-0.00170532057365325,-0.000264302854977139,-9.88294529911116e-05,1.42063080241783e-05,-5.71441367256398e-05,0.000111061021406123,-5.35100492298213e-05,-3.94218642831845e-05,-0.00263721028527364,9.03700090546522e-05,-0.00150919507564407,-2.02496708441302e-05,-0.0011765630499081,0.00164806374807913,-4.44527560539143e-06,-0.000309633353814398,8.53578565429558e-06,5.69098626526099e-05,2.29257151698192e-05,-0.000119325542410564,1.42063080241783e-05,-0.000241228249491243,-0.00132482394561606,-5.89935121428908e-05,0.00411628874259584,-0.000101208289759569,-2.67908435613862e-05,-6.85795205583872e-05,-2.3481808076653e-05,-0.00116859555368976,8.32580868204147e-05,-1.86616060666722e-05,-7.30841929321713e-05,-5.35100492298213e-05,-6.0864956571649e-05,-0.000435984504070674,7.41986006405071e-05,-4.44527560539143e-06,5.80739983631062e-05,5.69098626526099e-05,-3.94218642831845e-05,-0.000250341635208429,0.00369300974067688,-5.71441367256398e-05,-0.00360172916992862,9.03700090546522e-05,2.32475340036231e-05,2.46138519592876e-05,-5.96171788025401e-06,5.92245122739143e-05,5.69098626526099e-05,-2.18562957279289e-05,-3.19046946630763e-05,-3.94218642831845e-05,5.66917947297796e-05,-1.38181730120479e-05,0.00411628874259584,-0.00150919507564407,-5.35100492298213e-05,-6.60184433778355e-05,-0.000442912484675873,3.94660210885078e-05,1.14040826559858e-05,1.28133107599737e-05,-1.86616060666722e-05,-4.44527560539143e-06,0.000274784412637175,-4.11583411628058e-05,-5.20236479255587e-05,-0.00030019091091571,-9.72549643796228e-05,-0.000113473451466284,-6.0864956571649e-05,2.46138519592876e-05,-3.60093574531817e-05,5.66917947306678e-05,0.00411628874259584,-0.000522037235818118,2.18648926120224e-05,3.01168522280904e-05,-2.18562957279289e-05,-0.000129650451278884,0.000107458979024422
"8:61695835:T:A",-0.00016902290460763,2.32822276018396e-05,-0.00314649353820062,9.25922002572577e-05,0.000226963735846297,-6.90008915347207e-05,-0.00192107444674239,-0.000689960525390276,-0.00016902290460763,2.32822276018396e-05,-9.57544379360797e-05,-0.00314649353820062,-8.94192177183228e-05,-6.59816364070309e-05,0.000301742969105234,-0.00242961051761093,0.000171199792415422,-3.38395262593494e-05,-0.00162585620157341,-0.000688886399141886,-7.66804448382175e-06,0.000254187205479539,1.35163238939029e-05,9.25922002572577e-05,3.55869794645969e-05,-0.00419901506155718,2.32822276018396e-05,-0.000719213372682326,-0.00673826752411255,-9.89816368361929e-05,-5.71441367256398e-05,-0.000173237243839885,-4.51771362808273e-05,-0.00083171059389997,-3.94381423136636e-05,0.000219675416156306,-0.00333057981862428,-3.10912649359452e-05,4.89823372555875e-05,-8.94192177183228e-05,-0.000102249560550938,-0.00584321041865987,-0.00261289624498495,-7.66804448382175e-06,9.45868640158665e-05,9.25922002572577e-05,-6.59816364079191e-05,0.000281003497104138,-5.71441367256398e-05,0.0456570124832334,0.000201278749068834,0.00014672147007655,-0.00161955750922349,3.99240642607879e-05,-1.02869572842224e-05,9.65571743458682e-05,9.25922002572577e-05,-3.66216099534356e-05,-5.40605681589312e-05,-6.59816364070309e-05,9.06053706488663e-05,4.10348264825444e-05,-5.71441367256398e-05,0.000171199792415422,-8.94192177183228e-05,-0.000115257026664928,-0.00398348443140328,6.4098249852762e-05,1.84589672036495e-05,2.08852489622657e-05,-3.10912649359452e-05,-7.66804448382175e-06,0.000431574492712805,-0.000953182084939108,-8.79370729656159e-05,0.000283878820057204,-0.000163929510453187,-0.000191498161902004,-0.000102249560550938,3.99240642607879e-05,-6.00539304391745e-05,9.06053706497545e-05,-5.71441367256398e-05,-0.00108158050318341,3.51925734145553e-05,-0.00127425641908196,-3.66216099534356e-05,-0.000221272976974163,0.000174195969664837
"8:61698794:C:T",-0.000407851781614177,-5.52314148212218e-05,-0.000533981547300222,-0.000225552629422587,8.74787454634429e-05,0.000142506774659878,0.00628646191009619,-0.00190429027081684,-0.000407851781614177,-5.52314148212218e-05,0.000201278749068834,-0.000533981547300222,0.000191512837546703,0.00013790308719841,0.00714637078637637,-0.000353617330579148,-0.000415810457639942,7.0411151680716e-05,-0.00670210820092976,-0.00453636230971366,1.13887673389712e-05,0.00273201176049831,-4.10607537482122e-05,-0.00264799610065847,-0.00133523645921585,-0.000621824332231569,-5.52314148212218e-05,0.000812009008900993,-0.00330913094356777,0.000206244557660717,-0.00360172916992862,-0.000461452187170863,8.74787454625547e-05,0.000231940695833543,7.88485572122966e-05,0.00383173196394626,-0.000378230217159548,6.62627353396061e-05,0.000259463226933043,0.000191512837546703,0.000211266857809811,-0.00128752729906889,-0.000290559902024867,1.13887673389712e-05,-0.000228144729757851,-0.00264799610065847,0.00013790308719841,0.00255731786807623,-0.00360172916992862,0.000201278749068834,0.0272880785681746,-0.000353617330579148,-9.86216119649441e-05,-0.000101932346362688,1.52707130967045e-05,-0.000230707196892332,-0.00264799610065847,7.46061625331862e-05,0.000100800198130635,0.00013790308719841,-0.00115994415302545,3.53567005522137e-05,-0.00360172916992862,-0.000415810457639942,0.000191512837546703,0.000167722684768279,-0.00383144794982559,-0.000160456584375801,-4.82259795857587e-05,-5.1748335097912e-05,6.62627353396061e-05,1.13887673389712e-05,-0.000511008616671305,0.000142506774659878,0.000171260071482493,0.0027320117604992,0.00033971274719935,0.000397926757353062,0.000211266857809811,-0.000101932346362688,0.000128849227325034,-0.00103818369661379,-0.00360172916992862,-0.00225924614418016,-9.5272500415966e-05,-0.000138662141965895,7.46061625331862e-05,-0.000672199372007576,-0.000418824371200444
"8:61699850:G:A",-0.000953396137727935,-3.97798986462305e-05,-0.000364441687051631,-0.00246016723842679,6.51584167812302e-05,-0.00317025147702132,0.00201460859589098,-0.00126263678379779,-0.000953396137727935,-3.97798986462305e-05,0.00014672147007655,-0.000364441687051631,0.000139160812534733,0.000100913103382894,-0.000547712912832843,0.000999090828828209,-0.00037832551297079,5.17214553177325e-05,-0.000803474317826236,0.00024681725359077,9.06045324278182e-06,-0.00123894005481784,-2.83828272342745e-05,-0.000162759996117146,-8.30964623759201e-05,0.000283901089250804,-3.97798986462305e-05,-0.0038327522054642,-0.000919309481074215,0.000150564564703082,9.03700090546522e-05,-0.00100857665599019,6.51584167812302e-05,-0.00317826430817369,-0.0038700690177107,-0.00553798113385895,-0.000329978375162909,4.84538731297945e-05,0.000188399130105488,0.000139160812534733,0.000154450432275688,-0.000288633526225546,-0.000210655342089083,9.06045324278182e-06,-0.000164944971952963,-0.000162759996117146,0.000100913103382894,-0.00128335245802091,9.03700090546522e-05,0.00014672147007655,-0.000353617330579148,0.0394871533037935,-6.99030916706533e-05,-7.25995577068872e-05,-0.00315138258190206,-0.000319637272568229,-0.000162759996117146,5.50250949880038e-05,7.56386428175659e-05,0.000100913103382894,-0.000179090995984232,2.81129624450926e-05,9.03700090546522e-05,-0.00037832551297079,0.000139160812534733,-0.000127252790277588,-0.000220606103960019,-0.000114932478066265,-3.41447184828425e-05,-3.6977885057965e-05,4.84538731297945e-05,9.06045324278182e-06,-0.000863770103398664,0.000104505368302199,-0.000567888108161441,-0.00179697335434614,-0.00218593783358312,0.000288225677727461,0.000154450432275688,-7.25995577068872e-05,9.38460593804535e-05,-0.000179090995985121,9.03700090546522e-05,-0.00201297416981472,-0.000853156886361006,-9.6915363379857e-05,5.50250949871156e-05,0.000313810268647963,0.0011536801698373
"8:61701420:C:T",6.05995491920197e-05,-1.0289206679559e-05,-0.00397809237021374,-4.30521477250423e-05,1.76314827617929e-05,-0.000177233173071834,-0.000245433082056934,-0.000973915971257178,6.05995491920197e-05,-1.0289206679559e-05,3.75730417028208e-05,-0.00397809237021374,3.54837585296863e-05,-0.000278070757548043,-0.000158050534322385,-6.99030916706533e-05,-8.2956854770444e-05,1.36828494881058e-05,-0.00315422256141584,-0.00153918684127952,2.76604118898405e-06,-0.000537114973306885,-6.70263166657747e-06,-0.0011193145865338,-0.0036795783646717,-0.00751382960145808,-1.0289206679559e-05,-0.00265352351513215,9.64428726124567e-05,3.86312174853742e-05,2.32475340036231e-05,6.18616628980106e-05,1.76314827617929e-05,4.40615683752199e-05,1.56391736005901e-05,-0.000599977872545843,-0.00361044034609392,1.27179012840983e-05,-0.00125225653338656,3.54837585296863e-05,3.96985523414273e-05,2.97055919906697e-05,-0.00412143228369111,2.76604118898405e-06,-0.00102184224348534,-0.0011193145865338,2.6260771860187e-05,-0.000591303882122141,2.32475340036231e-05,-0.00161955750922349,-9.86216119649441e-05,-6.99030916706533e-05,0.0680062885843187,-1.84347582612432e-05,3.70528725834873e-06,-4.45824735271216e-05,-0.0011193145865338,-0.00248775905914922,2.06894392018597e-05,-0.000278070757548043,-0.00340011211492541,8.53597609928869e-06,2.32475340036231e-05,-8.2956854770444e-05,3.54837585296863e-05,-2.42070207434608e-05,-0.00336274819257287,-2.97207265260724e-05,-0.00154858902915933,-9.40532796178672e-06,1.27179012840983e-05,-0.00202500660290816,-0.00136059904836561,-0.00194827943637232,3.36120386803529e-05,-0.000535973398830158,6.15441151081697e-05,7.08424080899661e-05,3.96985523414273e-05,-1.84347582612432e-05,2.42431183865577e-05,-0.00327835165851464,2.32475340036231e-05,-0.00111695904502263,-1.6675046382808e-05,-2.3678350000722e-05,1.46565699239432e-05,-0.00193646676366388,-8.41287331487806e-05
"8:61703789:G:C",-2.30207181708408e-05,-1.08127263507285e-05,-0.00153457679128532,-4.49394442805229e-05,1.8624323292471e-05,2.89050804962443e-05,-0.000248907298797896,-0.000238168934551197,-2.30207181708408e-05,-1.08127263507285e-05,3.99240642607879e-05,-0.00153457679128532,3.76880092103349e-05,2.7817163615218e-05,-0.000161959375188481,-7.25995577068872e-05,-8.59653057707632e-05,1.44469867153774e-05,-0.00127482907478438,6.58588272841598e-05,2.90625456322857e-06,-0.0013544504192442,-7.06115959747677e-06,-4.49394442805229e-05,-2.00621234123233e-05,7.75046462671014e-05,-1.08127263507285e-05,-0.000151591825506614,-0.00026775833324777,4.10576083975656e-05,2.46138519592876e-05,-2.52736541739296e-05,1.8624323292471e-05,-0.00211614484933786,1.65156242726283e-05,-0.000113757982947327,-0.00164266110542055,1.34273512033545e-05,5.06268899354012e-05,3.76880092103349e-05,4.22016757815058e-05,-0.000269036880009565,-0.000864383064118179,2.90625456322857e-06,-4.57329874361534e-05,-4.49394442805229e-05,2.78171636143298e-05,-0.00139574004190735,2.46138519592876e-05,3.99240642607879e-05,-0.000101932346362688,-7.25995577068872e-05,-1.84347582612432e-05,0.0273878188584291,3.89390755106689e-06,-4.65182537663367e-05,-4.49394442805229e-05,1.54763663440249e-05,2.18649481142918e-05,2.7817163615218e-05,-4.71028233928195e-05,8.98007591221273e-06,2.46138519592876e-05,-8.59653057707632e-05,3.76880092103349e-05,-0.00238646965739076,-0.000112109430445706,-3.11121604594788e-05,-8.95550171886583e-06,-9.88868708695634e-06,1.34273512033545e-05,-0.00197665998961583,-0.00131659728507127,2.89050804962443e-05,-0.00203042536279341,-0.00136287909861821,-0.0016498087001553,-0.0014321223002387,4.22016757815058e-05,0.000271749593170334,2.56716824020842e-05,-4.71028233937076e-05,2.46138519592876e-05,-0.000708507526898217,-0.00144745668776292,-2.48400332214516e-05,1.54763663440249e-05,8.42317466434039e-05,-8.71593149138761e-05
"8:61705343:C:T",-1.87144255301419e-05,2.27137522479381e-06,-0.00198159984998902,8.31103193466021e-06,-4.50388659878342e-06,-7.17725393784008e-06,-0.00262309478025191,-0.00180200483451198,-1.87144255301419e-05,2.27137522479381e-06,-0.00127866423392931,-0.00198159984998902,-9.59961935098619e-06,-6.86545936190441e-06,1.90191909457127e-05,-0.00315138258190206,1.36684466367498e-05,-3.39914714597711e-06,1.12576291213529e-05,-1.87131661899542e-05,-6.91299823607494e-07,1.78214793002951e-05,1.44049686667813e-06,8.31103193466021e-06,3.83101986400902e-06,-0.00269613822006143,2.27137522479381e-06,-0.00102478551330698,-0.00062551952450729,-1.06396704335765e-05,-5.96171788025401e-06,-1.92253372537365e-05,-4.5038865996716e-06,-1.24995246801873e-05,-0.00175578833592471,1.62284268032664e-05,9.00736254116907e-06,-3.13468242207904e-06,-1.3546913389284e-05,-9.59961935098619e-06,-1.0998602203216e-05,2.97537449078789e-06,1.03814632561594e-05,-6.91299823607494e-07,8.44602409610928e-06,8.31103193466021e-06,-6.86545936190441e-06,1.86780142259479e-05,-5.96171788025401e-06,-1.02869572842224e-05,1.52707130967045e-05,-0.00315138258190206,3.70528725834873e-06,3.89390755106689e-06,0.0319197377633245,8.57867336545581e-06,8.31103193466021e-06,-3.66819194308476e-06,-5.38482554013342e-06,-6.86545936190441e-06,8.45906637980676e-06,-2.18647984429055e-06,-5.96171788025401e-06,1.36684466367498e-05,-9.59961935098619e-06,-0.00193231253155979,-1.98181007773357e-05,6.02294197626918e-06,1.86310748429008e-06,2.06899323007548e-06,-3.13468242207904e-06,-6.91299823607494e-07,-0.00154331610139824,-7.17725393784008e-06,-9.16776106762995e-06,1.87284247115116e-05,-1.87131661899542e-05,-2.2429962183601e-05,-1.0998602203216e-05,3.89390755106689e-06,-6.25781156138316e-06,8.45906637980676e-06,-5.96171788025401e-06,-0.000826592420728467,3.51331481862616e-06,4.80331196506256e-06,-3.66819194308476e-06,-0.00279093923864693,-0.0026863805927384
"8:61711141:T:C",-0.00112530156017154,-2.57868147164331e-05,-0.000229462136918102,0.00107429958038718,4.36275670203656e-05,6.90801377034589e-05,-0.000453398801103511,-0.00052585105214753,-0.00112530156017154,-2.57868147164331e-05,-0.00281097904815297,-0.000229462136918102,9.13134695412765e-05,6.65760424416462e-05,-0.000357453532219942,-0.000319637272568229,-0.000196662258158398,3.42054778990075e-05,-0.000155001470210969,0.000162291144625293,6.39890507692087e-06,-0.000314910080116526,-1.76767266850675e-05,-0.000105370966004159,-5.08776364407382e-05,0.000189466057552323,-2.57868147164331e-05,-0.00180215546754781,-0.000477339586291592,9.92219446205311e-05,5.92245122739143e-05,-0.000159678563173671,4.36275670203656e-05,0.000112994155052171,3.88649278972863e-05,-0.000257265550501984,-0.000199149975562918,3.19134092405804e-05,0.000123669575220475,9.13134695412765e-05,0.000101915952245513,-0.000109939827023453,-0.000136841362081697,6.39890507692087e-06,-0.0001069785401695,-0.000105370966004159,6.65760424416462e-05,-0.000351814688180241,5.92245122739143e-05,9.65571743458682e-05,-0.000230707196892332,-0.000319637272568229,-4.45824735271216e-05,-4.65182537663367e-05,8.57867336545581e-06,0.0178577615928459,-0.000105370966004159,3.65225144252079e-05,-0.00134777718979162,6.65760424416462e-05,-0.000113241224780403,1.98462880653949e-05,5.92245122739143e-05,-0.000196662258158398,9.13134695412765e-05,-0.000527512840294619,-0.00337151595650997,-7.39646778571412e-05,-2.17763227858825e-05,-2.3792524552313e-05,3.19134092405804e-05,6.39890507692087e-06,-0.000557259199815086,6.90801377034589e-05,8.46990433629458e-05,-0.00185973587236621,0.000162291144625293,0.000189182508727903,0.000101915952245513,-4.65182537663367e-05,6.16486606714872e-05,-0.000113241224781291,5.92245122739143e-05,-0.000786502029019864,-4.26247946583302e-05,-6.08943173565635e-05,3.65225144252079e-05,0.000208252324456204,-0.00012863667734031
"8:61712650:C:G",-0.00136481625873142,-2.48953956196729e-05,-0.00155969418867929,-0.000102231968600819,-0.00170956347446971,6.63848953488255e-05,-0.00160934587445283,-0.000499644244837949,-0.00136481625873142,-2.48953956196729e-05,9.25922002572577e-05,-0.00155969418867929,8.75711553973701e-05,6.39784817764166e-05,-0.00205600012570706,-0.000162759996117146,-0.000191879489388036,3.29436296953034e-05,-0.00382023562266376,0.000154938040912711,6.1999446465677e-06,-0.000664119999405521,-0.00343615922160545,0.00122952366830997,-0.00316252436434095,-0.00364509240921151,-2.48953956196729e-05,0.000360060900397308,0.00021888926949476,9.5142643111501e-05,5.69098626526099e-05,-0.00142178117916014,4.2032777231249e-05,0.000108311258260052,3.74395664906046e-05,-0.000953701857510758,-0.00242799542340322,3.07311851397429e-05,0.000118352543259981,8.75711553973701e-05,9.77202608760663e-05,-0.000548649725241823,-0.000133038156326926,6.1999446465677e-06,-0.000103810221548706,0.00122952366830997,6.39784817764166e-05,-0.000687923948110125,5.69098626526099e-05,9.25922002572577e-05,-0.00264799610065847,-0.000162759996117146,-0.0011193145865338,-4.49394442805229e-05,8.31103193466021e-06,-0.000105370966004159,0.0564233693636651,3.51796316273578e-05,-0.00158195803284222,6.39784817764166e-05,-0.00337604646802969,-0.000256555719997387,5.69098626526099e-05,-0.000191879489388036,8.75711553973701e-05,-0.0062405518121631,-0.00426649452547689,-0.00220080665605593,-2.09964302131382e-05,-2.29563792695231e-05,3.07311851397429e-05,6.1999446465677e-06,0.00120812629552791,6.63848953488255e-05,8.13792932081725e-05,-0.000701836260072142,0.000154938040912711,0.000180245130759538,9.77202608760663e-05,-4.49394442805229e-05,5.92413570075223e-05,-0.00344399260370043,5.69098626526099e-05,0.000569612847856504,-4.11438345224724e-05,-0.000368155175358709,-0.00163588113362856,-0.00169449199907135,-0.000194074795841104
"8:61712698:T:C",-6.38605171632278e-05,8.92194438861793e-06,-2.97414801764262e-05,3.51796316273578e-05,-1.68757574883216e-05,-0.00120540507722211,0.000152912417680895,-0.00322507578071018,-6.38605171632278e-05,8.92194438861793e-06,-3.66216099534356e-05,-2.97414801764262e-05,-3.428595459809e-05,-0.00110680751641823,0.000109965208715757,5.50250949880038e-05,6.39712691494765e-05,-1.27803761511558e-05,4.98422844881219e-05,-6.32408997072176e-05,-2.73349665125266e-06,-0.00211419922960854,5.47820117802189e-06,3.51796316273578e-05,-8.08080581471415e-06,-0.00135509885905094,8.92194438861793e-06,-0.00400883699950771,0.00012698416454171,-3.78126299640513e-05,-2.18562957279289e-05,-6.543964305461e-05,-1.68757574883216e-05,-4.40121692228956e-05,-1.48014111820416e-05,-0.00296226991255555,-2.87179827296313e-05,-1.17892195010683e-05,-4.71501843319899e-05,-3.428595459809e-05,-3.90195178852082e-05,-0.00172266495359441,4.54912445579936e-05,-2.73349665125266e-06,3.58553596404576e-05,3.51796316273578e-05,-0.00141133252249936,-0.00206301479700066,-2.18562957279289e-05,-3.66216099534356e-05,7.46061625331862e-05,5.50250949880038e-05,-0.00248775905914922,1.54763663440249e-05,-3.66819194308476e-06,3.65225144252079e-05,3.51796316273578e-05,0.0334951367048175,-2.00918840675968e-05,-0.00110680751641823,-0.000210823698429508,-8.52861492628421e-06,-2.18562957279289e-05,6.39712691494765e-05,-3.428595459809e-05,-4.15801730184739e-05,-0.00227010936846828,2.4625905441944e-05,7.22210661852074e-06,8.07742992314786e-06,-1.17892195010683e-05,-2.73349665125266e-06,-0.00202136337826708,-2.61815351327854e-05,-3.31125771788621e-05,-0.00211352369114159,-6.32408997072176e-05,-7.42536785240944e-05,-3.90195178852082e-05,1.54763663440249e-05,-2.29167140259889e-05,-0.000326747910893488,-2.18562957279289e-05,-0.000469901184451338,1.38260418767189e-05,1.90788705465295e-05,-1.37843575265251e-05,-0.00130155081243366,6.49322994004109e-05
"8:61714190:A:T",0.000230836212895547,1.27064996986448e-05,-0.00194045439135326,-0.00158195803284222,-2.47164137068268e-05,-0.00321662175031179,0.000188527789992676,-0.000475945145890222,0.000230836212895547,1.27064996986448e-05,-5.40605681589312e-05,-0.00194045439135326,-5.04811856467668e-05,-0.00350133224137039,0.00014323622163559,7.56386428175659e-05,8.72437453676156e-05,-1.85947923778684e-05,-0.00174408625277689,-9.48834670602139e-05,-4.00956846213774e-06,4.18383066538297e-05,7.71391961684742e-06,-0.00158195803284222,-0.00183610278885649,-0.000150178279557878,1.27064996986448e-05,-0.00121779156464097,-0.00426533097821391,-0.00115914962514374,-3.19046946630763e-05,-0.00121909218820537,-2.47164137050504e-05,-6.54625520670749e-05,-2.16108721451391e-05,-0.00129426992291837,-0.00182544357157965,-1.71191437878804e-05,-7.00003662226223e-05,-5.04811856467668e-05,-0.00330648941341227,-2.02471189334474e-05,6.30265756127457e-05,-4.00956846213774e-06,-0.00309960829150402,-0.00158195803284222,-0.00154395085286474,6.59382550471932e-05,-3.19046946630763e-05,-5.40605681589312e-05,0.000100800198130635,7.56386428175659e-05,2.06894392018597e-05,2.18649481142918e-05,-5.38482554013342e-06,-0.00134777718979162,-0.00158195803284222,-2.00918840675968e-05,0.0773984847179374,-0.00350133224137039,-0.0019602066340374,-1.25705409219634e-05,-3.19046946630763e-05,8.72437453676156e-05,-5.04811856467668e-05,-0.00169355470908172,-0.00317504438437233,3.46054671371832e-05,1.02459730619842e-05,1.1484992616495e-05,-1.71191437878804e-05,-4.00956846213774e-06,-0.0055364438535177,-3.8442501464786e-05,-0.0027192154465796,5.36877356323018e-05,-0.00101895208028591,-0.000828428515990076,-0.00330648941341227,2.18649481142918e-05,-3.35036945084966e-05,-0.00202815276970725,-3.19046946630763e-05,-0.00531303677808648,-0.00221178577091052,-0.00202515138419024,-2.00918840675968e-05,-0.00146459730051252,8.85038550668682e-05
"8:61716638:A:G",-0.00346663833271244,1.61181202766869e-05,0.000123069919970575,6.39784817764166e-05,-3.08141857994215e-05,0.00083491763713095,0.000291234470563673,-0.000308080527136489,-0.00346663833271244,1.61181202766869e-05,-6.59816364070309e-05,0.000123069919970575,-6.17052639553251e-05,0.000977860265847674,0.000205818994402307,0.000100913103382894,0.000117640975386912,-2.32147307421826e-05,9.06862761445026e-05,-0.000113231135559388,-5.11721772245011e-06,-0.00121494307863212,-0.00172128117946091,6.39784817764166e-05,-0.00139507198855959,-0.000140006253309899,1.61181202766869e-05,-0.000289081751626341,-0.000835282898040468,-0.000737268082112053,-3.94218642831845e-05,-0.0035299423591848,-3.08141857994215e-05,-7.94850425593907e-05,-2.6966789422822e-05,-0.00586682821802142,-0.000150495276123763,-2.13733578782183e-05,-8.46312582094555e-05,-6.17052639553251e-05,-0.000825153846551352,-0.000228173038375523,8.31380713437468e-05,-5.11721772245011e-06,6.52853151565935e-05,6.39784817764166e-05,-4.53654902718981e-05,-0.00190879789435794,-3.94218642831845e-05,-6.59816364070309e-05,0.00013790308719841,0.000100913103382894,-0.000278070757548043,2.7817163615218e-05,-6.86545936190441e-06,6.65760424416462e-05,6.39784817764166e-05,-0.00110680751641823,-0.00350133224137039,0.0348352825297935,-0.00150927379038013,-1.59437907267801e-05,-3.94218642831845e-05,0.000117640975386912,-6.17052639553251e-05,-0.00127310051312701,-0.000147591277181114,4.44957436052107e-05,1.29123543040066e-05,1.45250897141125e-05,-2.13733578782183e-05,-5.11721772245011e-06,-6.53010271065568e-05,-4.73967683420895e-05,-6.01444820809149e-05,-0.00121494307863301,-0.000113231135559388,-0.000132509550603288,-0.000825153846551352,2.7817163615218e-05,-4.13785014012902e-05,-0.00157721992605175,-3.94218642831845e-05,0.000262769405190433,2.46846678084722e-05,3.38897982015141e-05,-2.50790646072474e-05,-0.000152280949376582,0.000119564080951484
"8:61717158:A:G",-0.000212232818440405,-2.5811585770974e-05,-0.00238902471260971,-0.000109810521326636,4.22085170637132e-05,-0.00160461545033641,0.000625957153358669,-0.00136125504402074,-0.000212232818440405,-2.5811585770974e-05,-0.00328844149516083,-0.00238902471260971,-0.00683501312378532,-0.00150927379038013,-0.00213563133971117,-0.00260186704252074,-0.000823849762334739,3.32126395248267e-05,-0.000401669078046396,0.00014653726409275,-0.0021308643088771,-0.000217577931547197,-1.76278709362876e-05,-0.00337604646802969,0.00246376465206843,-0.00559947267006411,-2.5811585770974e-05,-0.0014177034615841,-0.00418299130080069,9.29929235002902e-05,5.66917947297796e-05,-0.000282797712718441,3.013536439056e-05,3.1327558739136e-05,3.76705520386267e-05,-0.000145684645377564,-0.003389182208136,3.10131278453696e-05,0.00011419922478062,-0.00683501312378532,-0.00146371190011862,-0.00456710526045212,-0.00110315493045299,-0.0021308643088771,-0.00363505220003812,-0.00337604646802969,-0.00181379879646215,-0.00026498592623625,5.66917947297796e-05,9.06053706488663e-05,-0.00115994415302545,-0.000179090995984232,-0.00340011211492541,-4.71028233928195e-05,8.45906637980676e-06,-0.000113241224780403,-0.00337604646802969,-0.000210823698429508,-0.0019602066340374,-0.00150927379038013,0.109587370846381,1.94827644373063e-05,5.66917947297796e-05,-0.000823849762334739,-0.00683501312378532,6.00268137249671e-05,-0.000136340782757927,-0.00307875924957024,4.96358517425577e-05,-2.37948323986714e-05,3.10131278453696e-05,6.31505835357871e-06,-0.00111751187662446,6.58554069854489e-05,-0.00180441709357826,-0.000255792080992912,-0.00230551894036601,0.000167907196337858,-0.00146371190011862,-4.71028233928195e-05,5.89536434754123e-05,-0.00217804498603513,5.66917947297796e-05,-0.00152310735781258,-0.00264771079669224,-0.0025469454218392,-0.00211073321125888,-0.00105009762978892,-0.000216059570742111
"8:61718965:A:T",-4.37742372634276e-05,5.25039110321757e-06,-0.000246163071844663,1.92162292380615e-05,-0.000122744091154203,-1.6677524515174e-05,-0.00396321101492436,-0.00169157081934523,-4.37742372634276e-05,5.25039110321757e-06,-2.38801242673503e-05,-0.000246163071844663,-2.22630543644797e-05,-1.59437907267801e-05,-0.00480995255062666,2.81129624450926e-05,-0.00360969860965987,-7.89574087001199e-06,-0.0025535489759605,4.45249531555447e-05,-0.00217174087018179,4.1244182562572e-05,3.29567236523332e-06,-0.000256555719997387,8.73586296812334e-06,-7.9135782217854e-05,5.25039110321757e-06,-0.00125586807024991,-0.00431165669414835,-2.47102697477075e-05,-1.38181730120479e-05,-4.49841432930143e-05,-0.00506267113215308,-0.00156550298439218,-9.1726840203421e-06,3.75667113150513e-05,-0.000294677623074335,-7.27380374332398e-06,-0.000200014239981172,-2.22630543644797e-05,-2.5555281455425e-05,-0.00412276892907659,2.40193039928727e-05,-0.00217174087018179,1.95340593682758e-05,-0.000256555719997387,-1.59437907258919e-05,-1.91909581852556e-05,-1.38181730120479e-05,4.10348264825444e-05,3.53567005522137e-05,2.81129624450926e-05,8.53597609928869e-06,8.98007591221273e-06,-2.18647984429055e-06,1.98462880653949e-05,-0.000256555719997387,-8.52861492628421e-06,-1.25705409219634e-05,-1.59437907267801e-05,1.94827644373063e-05,0.0574256807089943,-1.38181730120479e-05,-0.00360969860965987,-2.22630543644797e-05,-2.70504657251536e-05,-0.00524912428076219,1.39074651137605e-05,4.29016242797786e-06,-0.00307099002798861,-7.27380374332398e-06,-1.6255004089416e-06,-4.63377882873317e-05,-7.29664517731266e-05,-2.13663031125577e-05,4.33578790106637e-05,-4.34602870562628e-05,-5.20716372616192e-05,-2.5555281455425e-05,8.98007591221273e-06,-1.45144065939462e-05,1.94827644373063e-05,-1.38181730120479e-05,-0.003789800584169,8.08385875128437e-06,-0.00210777606542134,-8.52861492628421e-06,-0.000102406586042214,3.19775036725645e-05
"8:61719125:C:A",-9.88294529911116e-05,1.42063080241783e-05,0.000111061021406123,5.69098626526099e-05,-2.6790843560498e-05,-4.11583411628058e-05,-0.00170532057365325,-0.000264302854977139,-9.88294529911116e-05,1.42063080241783e-05,-5.71441367256398e-05,0.000111061021406123,-5.35100492298213e-05,-3.94218642831845e-05,-0.00263721028527364,9.03700090546522e-05,-0.00150919507564407,-2.02496708441302e-05,-0.0011765630499081,0.00164806374807913,-4.44527560539143e-06,-0.000309633353814398,8.53578565429558e-06,5.69098626526099e-05,2.29257151698192e-05,-0.000119325542410564,1.42063080241783e-05,-0.000241228249491243,-0.00132482394561606,-5.89935121428908e-05,0.00411628874259584,-0.000101208289759569,-2.67908435613862e-05,-6.85795205583872e-05,-2.3481808076653e-05,-0.00116859555368976,8.32580868204147e-05,-1.86616060666722e-05,-7.30841929321713e-05,-5.35100492298213e-05,-6.0864956571649e-05,-0.000435984504070674,7.41986006405071e-05,-4.44527560539143e-06,5.80739983631062e-05,5.69098626526099e-05,-3.94218642831845e-05,-0.000250341635208429,0.00411628874259584,-5.71441367256398e-05,-0.00360172916992862,9.03700090546522e-05,2.32475340036231e-05,2.46138519592876e-05,-5.96171788025401e-06,5.92245122739143e-05,5.69098626526099e-05,-2.18562957279289e-05,-3.19046946630763e-05,-3.94218642831845e-05,5.66917947297796e-05,-1.38181730120479e-05,0.00369300974067688,-0.00150919507564407,-5.35100492298213e-05,-6.60184433778355e-05,-0.000442912484675873,3.94660210885078e-05,1.14040826559858e-05,1.28133107599737e-05,-1.86616060666722e-05,-4.44527560539143e-06,0.000274784412637175,-4.11583411628058e-05,-5.20236479255587e-05,-0.00030019091091571,-9.72549643796228e-05,-0.000113473451466284,-6.0864956571649e-05,2.46138519592876e-05,-3.60093574531817e-05,5.66917947306678e-05,0.00411628874259584,-0.000522037235818118,2.18648926120224e-05,3.01168522280904e-05,-2.18562957279289e-05,-0.000129650451278884,0.000107458979024422
"8:61720901:T:A",0.000268678502657771,-4.68260636061757e-05,-0.000280211220782256,-0.000594678809932248,-0.00336904342163713,0.000121707194185916,-0.00080211450125578,7.66066622404082e-05,0.000268678502657771,-4.68260636061757e-05,0.000171199792415422,-0.000280211220782256,0.000162622488398156,0.000117640975386912,-0.000329276194855233,-0.000302448209554385,0.00352384024803243,6.02419720543423e-05,-0.00454082588961047,-0.00247602354510601,1.01945279267213e-05,-0.00371163858376367,-3.40511706671265e-05,-0.000191879489388036,-0.00380059582469094,-0.00675315015343259,-4.68260636061757e-05,0.000680022017506055,0.000117132343007587,0.000175559863153651,-0.00150919507564407,0.000274191051660821,7.54110404068697e-05,-0.00634110881841199,6.77420797403627e-05,-0.000639040481196673,-0.000832502129017421,5.65535077967638e-05,0.000220042485053362,0.000162622488398156,0.000179968606661696,-0.000119632099137235,-0.000248008737443683,1.01945279267213e-05,-0.000194284543376,-0.000191879489388036,0.000117640975386024,-0.00385779471576519,-0.00150919507564407,0.000171199792415422,-0.000415810457639942,-0.00037832551297079,-8.2956854770444e-05,-8.59653057707632e-05,1.36684466367498e-05,-0.000196662258158398,-0.000191879489388036,6.39712691494765e-05,8.72437453676156e-05,0.000117640975386912,-0.000823849762334739,-0.00360969860965987,-0.00150919507564407,0.0673573747082576,0.000162622488398156,-0.00237967010982398,-0.000396684844245154,-0.000135846588250388,-4.05098715994257e-05,-4.36854850942581e-05,5.65535077967638e-05,1.01945279267213e-05,-0.00263699223403346,0.000121707194185916,-0.00129412895974923,-0.00373951201362743,0.000287909478327464,0.000336402475041631,0.000179968606661696,-8.59653057707632e-05,0.000109641933199178,-0.000834783067981348,-0.00150919507564407,0.000251309659139665,-0.00194027653094331,-0.00406566387054053,-0.00376948212686301,-0.00281787913370213,-0.000212014525038384
"8:61724241:T:C",-0.000637481508905857,2.19294863681441e-05,0.000167441094538034,8.75711553973701e-05,-4.22361607306243e-05,-6.45028580423812e-05,0.000414953425737608,-0.0010439258346171,-0.000637481508905857,2.19294863681441e-05,-8.94192177183228e-05,0.000167441094538034,0.00308659216413965,-6.17052639553251e-05,0.000288975478694553,0.000139160812534733,0.000162622488398156,-3.16986859383306e-05,0.000124170983837324,-0.000152505714796192,-7.15702741782565e-06,-0.00150761909371422,1.27926517832222e-05,8.75711553973701e-05,-0.00703152628897197,-0.00018906710297184,2.19294863681441e-05,-0.000177745667854445,-0.000934413357752462,-9.23997935426968e-05,-5.35100492298213e-05,-0.000583190577601478,-4.22361607315125e-05,-0.000107861315452595,-3.69042470067527e-05,0.000209309901136656,0.000121160978141965,-2.91418932123477e-05,-0.00011430296087056,0.00308659216413965,-9.54167048945465e-05,-0.000830504009520006,0.000114292343527111,-7.15702741782565e-06,8.94535057121004e-05,8.75711553973701e-05,-6.17052639553251e-05,-0.00130535907335805,-5.35100492298213e-05,-8.94192177183228e-05,0.000191512837546703,0.000139160812534733,3.54837585296863e-05,3.76880092103349e-05,-9.59961935098619e-06,9.13134695412765e-05,8.75711553973701e-05,-3.428595459809e-05,-5.04811856467668e-05,-6.17052639553251e-05,-0.00683501312378532,-2.22630543644797e-05,-5.35100492298213e-05,0.000162622488398156,0.0282682449764406,-0.000106772397015398,0.000476299218296283,6.05593763340906e-05,1.74152814880202e-05,1.96856973246895e-05,-2.91418932123477e-05,-0.000847903751623136,0.000417062959764181,-6.45028580423812e-05,-8.20231156479778e-05,-0.00150761909371422,8.68492810841559e-05,-0.000177925271150237,-9.54167048945465e-05,3.76880092103349e-05,0.000383682146337883,-0.00677630129066209,-5.35100492298213e-05,-0.00611220697493398,3.32526949335943e-05,4.54481441556354e-05,-3.42859545989782e-05,-0.000204907679139943,0.000165477592147134
"8:61725042:C:T",-0.00261510510975071,-0.00509785151548225,-0.00208225848611931,-0.00058376921045511,-5.19275232706562e-05,-0.00137406300810561,-0.000716381597122506,-0.000920661432357583,-0.00261510510975071,-0.00509785151548225,-0.00203599185645498,-0.00208225848611931,-0.000106772397015398,-0.00127310051312701,0.000209256885023379,-0.00104684269892541,-0.00237967010982398,-0.00370724793896127,-0.00748853288275164,-0.000580270330225119,-8.49683422021741e-06,1.36513069426414e-05,-0.00265143142455759,-0.0062405518121631,4.02664140910503e-05,-0.00029724067806125,-0.00509785151548225,-0.00259399100110169,0.000285401222377413,-0.00121390078121397,-6.60184433778355e-05,-0.00275383859408063,-0.00188642994575172,-0.00154940800297076,-0.00159999782208331,-0.00300117723403392,-0.00174420200548164,-0.00127531945078729,-0.000151127986254274,-0.000106772397015398,-0.00270197167817354,-0.00153344532315014,-0.000421250110108851,-8.49683422021741e-06,-0.00176186824641622,-0.0062405518121631,-7.71506725083526e-05,-0.00214894566648205,-6.60184433778355e-05,-0.000115257026664928,0.000167722684768279,-0.000127252790277588,-2.42070207434608e-05,-0.00238646965739076,-0.00193231253155979,-0.000527512840294619,-0.0062405518121631,-4.15801730184739e-05,-0.00169355470908172,-0.00127310051312701,6.00268137249671e-05,-2.70504657251536e-05,-6.60184433778355e-05,-0.00237967010982398,-0.000106772397015398,0.139037959351513,0.00016463102262243,-0.00165410939210098,1.96087982944348e-05,2.21469164207733e-05,-0.00127531945078729,-8.49683422021741e-06,-0.00571214762089411,-8.10072801442629e-05,-0.000873430658282714,-4.51816220561341e-05,-0.00791271834539931,-0.00180180042759481,-0.00270197167817265,-0.00238646965739076,-0.000787986107718908,3.70444742170406e-05,-6.60184433778355e-05,-0.00601456404797629,-9.56642690219667e-06,-1.33582596326676e-05,-0.00203329594631541,-0.000340540902391773,-0.000345305861834788
"8:61725989:A:G",-0.000482492937426304,-0.00486337297276052,-0.00322339905368585,-0.00106166988015444,-0.00402483458527048,-9.15463868658151e-05,-0.00161417489895666,-0.00758134914582786,-0.000482492937426304,-0.00486337297276052,-0.000811744285627469,-0.00322339905368585,0.000476299218296283,-0.000147591277181114,-0.00171764333265134,-0.00774365970455237,-0.000396684844245154,-0.00452449108861686,-0.00264036645597576,-0.00150079934787062,-0.00136287872648211,-0.000746312039499486,-0.00121358773947655,-0.00426649452547689,0.000154117613239801,-0.00258336686694172,-0.00486337297276052,-0.00113958741629228,-0.00482781236543417,-0.00148799031775582,-0.000442912484675873,-0.000505696379080156,-0.000340916326645679,-0.00116947018373903,-0.00200105731403788,-0.000624755282809364,0.000559153734900342,-0.00158238104398301,-0.00293593344786292,0.000476299218296283,-0.00259792725631947,-0.00565681278136276,-0.00015125962734075,-0.00136287872648211,-0.00295169329961276,-0.00426649452547689,-0.00237055641948647,-6.81719646955514e-05,-0.000442912484675873,-0.00398348443140328,-0.00383144794982559,-0.000220606103960019,-0.00336274819257287,-0.000112109430445706,-1.98181007773357e-05,-0.00337151595650997,-0.00426649452547689,-0.00227010936846828,-0.00317504438437233,-0.000147591277181114,-0.000136340782757927,-0.00524912428076219,-0.000442912484675873,-0.000396684844245154,0.000476299218296283,0.00016463102262243,0.186723448514158,-0.0012095650902415,-0.00142243034898382,-0.00187713752157848,-0.00158238104398301,-5.46690951885864e-06,-0.00521771414513239,-0.00489044028965591,-0.00576332038246363,-0.00346439872721893,-0.00379357323955265,-0.00152568745668935,-0.00259792725631902,-0.000112109430445706,-0.000897491334776568,-0.000167144581704637,-0.000442912484675873,-0.00295052215903979,-9.51804238842335e-05,-0.00594595123091057,-0.00583395694761624,-0.00500885411157626,-0.000281733630459691
"8:61730156:T:G",-0.0016189412386991,-1.73124295557159e-05,-0.000103631123026027,-7.15990987636417e-05,2.9539147390345e-05,4.62059283989902e-05,-0.00511109639575125,-0.000404054414710586,-0.0016189412386991,-1.73124295557159e-05,-0.00304571790862873,-0.000103631123026027,6.05593763340906e-05,4.44957436052107e-05,-0.000253042931892544,-0.00461012379807269,-0.000135846588250388,2.3021008878743e-05,-0.0012037334361521,0.000106409549403885,4.4941950987365e-06,-0.000219689235682274,-1.15500095549947e-05,-0.00220080665605593,-0.00334180631491421,-0.00215996303933252,-1.73124295557159e-05,0.00024007246815394,-0.000234504829703219,6.58939707527395e-05,3.94660210885078e-05,-0.00167694988079248,2.95391473912332e-05,7.51457093617347e-05,2.62470647252044e-05,-0.000179188296936417,-0.000829564776180014,2.14321368208203e-05,8.15683564496794e-05,6.05593763340906e-05,6.77075512598435e-05,-0.00652782550619069,-9.36261052180143e-05,4.4941950987365e-06,-7.27882895139587e-05,-0.00220080665605593,4.44957436043225e-05,-0.00342636637952953,3.94660210885078e-05,6.4098249852762e-05,-0.000160456584375801,-0.000114932478066265,-2.97207265260724e-05,-3.11121604594788e-05,6.02294197626918e-06,-7.39646778571412e-05,-0.00220080665605593,2.4625905441944e-05,3.46054671371832e-05,4.44957436052107e-05,-0.00307875924957024,1.39074651137605e-05,3.94660210885078e-05,-0.000135846588250388,6.05593763340906e-05,-0.00165410939210098,-0.0012095650902415,0.0622817755548901,-1.44609981518329e-05,-1.58940453225398e-05,2.14321368208203e-05,4.4941950987365e-06,-0.00382642224867524,4.62059283989902e-05,5.68376445277963e-05,-0.000247527637530887,0.000106409549403885,0.00012327567081627,6.77075512598435e-05,-3.11121604594788e-05,4.11260322596974e-05,-0.00295699879315858,3.94660210885078e-05,-0.00163629564786483,-2.8314404035612e-05,-0.00303339983416073,2.46259054428322e-05,-0.0020869445524454,-0.000137573586488138
"8:61730379:C:T",-0.00194885114776788,-5.02408655478348e-06,-0.00293393117171004,-2.09964302131382e-05,8.71363932031244e-06,1.34238773048523e-05,-0.00212025788201675,-0.00427872529313067,-0.00194885114776788,-5.02408655478348e-06,1.84589672036495e-05,-0.00293393117171004,1.74152814880202e-05,1.29123543040066e-05,-7.72390032599546e-05,-0.00197364103308484,-4.05098715994257e-05,6.73373931014964e-06,-0.00329619086576383,3.02276544053015e-05,1.39095311180171e-06,-6.5522404282703e-05,-3.21620847199e-06,-2.09964302131382e-05,9.49239014014225e-05,3.5626652334031e-05,-5.02408655478348e-06,6.46049110910596e-05,-0.00170677442979361,1.89874306864013e-05,1.14040826559858e-05,-0.00200850127631824,8.71363932120062e-06,-0.00219379511900897,7.71484301065328e-06,-5.37934645352678e-05,-0.00277025590808133,6.24968793694336e-06,2.33200585215698e-05,1.74152814880202e-05,1.95203723549753e-05,-9.1291135418281e-05,-0.000980027499874581,1.39095311180171e-06,-2.13883399391435e-05,-2.09964302131382e-05,1.29123543031184e-05,-7.38167772222909e-05,1.14040826559858e-05,1.84589672036495e-05,-4.82259795857587e-05,-3.41447184828425e-05,-0.00154858902915933,-8.95550171886583e-06,1.86310748429008e-06,-2.17763227858825e-05,-2.09964302131382e-05,7.22210661852074e-06,1.02459730619842e-05,1.29123543040066e-05,4.96358517425577e-05,4.29016242797786e-06,1.14040826559858e-05,-4.05098715994257e-05,1.74152814880202e-05,1.96087982944348e-05,-0.00142243034898382,-1.44609981518329e-05,0.0438763154287747,-4.5784345807931e-06,6.24968793694336e-06,1.39095311180171e-06,-0.00348503375538645,1.34238773048523e-05,-0.00234001355283198,-7.42874065018384e-05,-0.00319103720008496,3.47764946386775e-05,1.95203723549753e-05,-8.95550171886583e-06,1.19025076772417e-05,1.33086228721879e-05,1.14040826559858e-05,-0.000707447557212859,-8.0662135033549e-06,-1.13982606970708e-05,7.22210661852074e-06,3.85637761661783e-05,-4.11195284542032e-05
"8:61733739:C:T",3.42764085417002e-05,-5.56340535684541e-06,-0.00336792090949256,-2.29563792695231e-05,-0.00286999215123984,1.5106836697143e-05,-0.00350112549010539,-0.00158967289030176,3.42764085417002e-05,-5.56340535684541e-06,2.08852489622657e-05,-0.00336792090949256,1.96856973246895e-05,1.45250897141125e-05,-0.000313295716777517,-3.6977885057965e-05,-4.36854850942581e-05,7.52894712441332e-06,7.27299253640012e-05,-0.00310491848253047,-0.00163986807544436,-6.96091692713452e-05,-3.57338067225044e-06,-2.29563792695231e-05,-1.00365804218683e-05,-0.00263368646545636,-5.56340535684541e-06,-0.00272085803191224,0.000127097448971547,2.14937076554733e-05,1.28133107599737e-05,3.50202902437147e-05,9.75572628370003e-06,2.46261213581178e-05,8.63133472250865e-06,-5.75309725050488e-05,-0.00320398751118489,6.98580913827129e-06,2.65280829996328e-05,1.96856973246895e-05,2.2108062739612e-05,-9.63439233361285e-05,-3.01021602879814e-05,-0.00163986807544436,-2.33766629396115e-05,-2.29563792695231e-05,1.45250897141125e-05,1.95014364159363e-05,1.28133107599737e-05,2.08852489622657e-05,-5.1748335097912e-05,-3.6977885057965e-05,-9.40532796178672e-06,-9.88868708695634e-06,2.06899323007548e-06,-2.3792524552313e-05,-2.29563792695231e-05,8.07742992314786e-06,1.1484992616495e-05,1.45250897141125e-05,-2.37948323986714e-05,-0.00307099002798861,1.28133107599737e-05,-4.36854850942581e-05,1.96856973246895e-05,2.21469164207733e-05,-0.00187713752157848,-1.58940453225398e-05,-4.5784345807931e-06,0.0481094979523977,6.98580913827129e-06,-0.00204277592377977,-0.000127696076812178,-0.00262443223782238,-0.00211188307778443,-7.85388750825788e-05,3.46587494464146e-05,4.01040235091799e-05,2.2108062739612e-05,-9.88868708695634e-06,1.33784048106378e-05,-2.37948323986714e-05,1.28133107599737e-05,-0.000303260953493201,-8.91692026350199e-06,-0.00339466080328776,8.07742992225968e-06,-0.0025689798222901,-4.43234340936627e-05
"8:61735646:A:G",-5.35908570844512e-05,7.71315590775146e-06,6.03874393387827e-05,3.07311851397429e-05,-1.44047399377456e-05,-2.22995075365162e-05,-0.00408446352694813,-0.00121821067428929,-5.35908570844512e-05,7.71315590775146e-06,-3.10912649359452e-05,6.03874393387827e-05,-2.91418932123477e-05,-2.13733578782183e-05,-0.00396557800478181,4.84538731297945e-05,5.65535077967638e-05,0.000409157536270577,4.38254658554627e-05,0.000601974998783561,-2.33682540695668e-06,-0.00488555084469766,4.75048086023833e-06,3.07311851397429e-05,1.28871063891367e-05,-6.5013590652363e-05,7.71315590775146e-06,-0.00013446652964344,-0.0013967286981682,-3.20840449958837e-05,-1.86616060666722e-05,-5.48824888015886e-05,-1.44047399368574e-05,-3.72380970485864e-05,-1.26504072346378e-05,-0.00447933563814384,4.68002198701356e-05,0.000601974998783561,-3.98969417823025e-05,-2.91418932123477e-05,-3.30891872506456e-05,-0.00144907315448872,3.98988757011054e-05,-2.33682540695668e-06,3.13258785569204e-05,3.07311851397429e-05,-2.13733578782183e-05,-0.00490155614596244,-1.86616060666722e-05,-3.10912649359452e-05,6.62627353396061e-05,4.84538731297945e-05,1.27179012840983e-05,1.34273512033545e-05,-3.13468242207904e-06,3.19134092405804e-05,3.07311851397429e-05,-1.17892195010683e-05,-1.71191437878804e-05,-2.13733578782183e-05,3.10131278453696e-05,-7.27380374332398e-06,-1.86616060666722e-05,5.65535077967638e-05,-2.91418932123477e-05,-0.00127531945078729,-0.00158238104398301,2.14321368208203e-05,6.24968793694336e-06,6.98580913827129e-06,0.0399131076017607,-2.33682540695668e-06,0.000143693895842567,-2.22995075365162e-05,-2.81046993748646e-05,-0.00486663384162345,-5.32133543904578e-05,-0.000387899383751389,-3.30891872506456e-05,1.34273512033545e-05,-1.95546078778364e-05,3.10131278462578e-05,-1.86616060666722e-05,-0.00529802034404359,1.19996866807526e-05,-0.0016980868336578,-1.17892195010683e-05,-7.09128443663332e-05,5.74217956730294e-05
"8:61739250:G:A",-0.0020306293097061,1.69450634412982e-06,-0.00206558100699272,6.1999446465677e-06,-3.35476674084845e-06,-5.34901708793001e-06,-0.00109484928481329,-0.00470911774615779,-0.0020306293097061,1.69450634412982e-06,-7.66804448382175e-06,-0.00206558100699272,-0.000847903751623136,-5.11721772245011e-06,-0.000934994176617465,9.06045324278182e-06,1.01945279267213e-05,-2.53346335288285e-06,-0.0018358736270665,-1.39478493270673e-05,-0.00261371614903716,-0.00635704344613508,1.07676773186682e-06,6.1999446465677e-06,2.86545315564268e-06,-1.74328457420714e-05,1.69450634412982e-06,-0.000721565775244848,9.11081961252336e-06,-7.93025695156047e-06,-4.44527560539143e-06,-0.00197305943902748,-3.35476674084845e-06,-9.31267886716824e-06,-2.9370039582588e-06,1.21034806879194e-05,9.11037990025676e-06,-2.33682540695668e-06,-1.00991792013616e-05,-0.000847903751623136,-8.19707849952778e-06,4.97748233652118e-06,7.7434740806126e-06,-0.00261371614903716,6.30029309345304e-06,6.1999446465677e-06,-5.11721772156193e-06,-0.00145733935652093,-4.44527560539143e-06,-7.66804448382175e-06,1.13887673389712e-05,9.06045324278182e-06,-0.00202500660290816,-0.00197665998961583,-6.91299823607494e-07,6.39890507692087e-06,6.1999446465677e-06,-2.73349665125266e-06,-4.00956846213774e-06,-5.11721772245011e-06,6.31505835357871e-06,-1.6255004089416e-06,-4.44527560539143e-06,1.01945279267213e-05,-0.000847903751623136,-8.49683422021741e-06,-5.46690951885864e-06,4.4941950987365e-06,1.39095311180171e-06,-0.00204277592377977,-2.33682540695668e-06,0.0481275622500172,1.44079221140458e-05,-5.34901708793001e-06,-6.82855376510361e-06,-0.00269470841359798,-0.00130771935908136,-1.67194465339193e-05,-8.19707849952778e-06,-0.00197665998961583,-4.6654358438758e-06,6.31505835269053e-06,-4.44527560539143e-06,-0.00102108065656648,2.62334352107985e-06,3.58779166198531e-06,-2.73349665125266e-06,-1.93421573477792e-05,1.03025145401503e-05
"8:61740881:T:C",-0.00621407914246586,-0.000131697699915279,-0.0014322868265042,-0.00055449319463996,-0.00376764300588306,4.1028000562271e-05,-0.00318001866833573,-0.00147889045508665,-0.00621407914246586,-0.000131697699915279,-0.00356056354439716,-0.0014322868265042,0.000417062959764181,-6.53010271065568e-05,-0.000811674731679979,-0.00536908205390318,-0.00263699223403346,-0.00245730373886488,-0.00133282272626989,0.000719624745897818,1.44079221140458e-05,-0.000701666117497446,-0.00198495598317017,0.00120812629552791,-0.000745068964188356,-0.00156565996128677,-0.000131697699915279,-0.000848370506049356,0.000379984128635602,-0.00543904933847106,0.000274784412637175,-0.00645095314667099,-0.00254884223822671,-0.00027041799070826,-0.000956379709102784,-0.000371817402817776,-0.00156800306348348,0.000143693895842567,0.000559391534161513,0.000417062959764181,-0.00268956440104695,-0.00467496085017549,-0.00121804601622966,1.44079221140458e-05,-0.00119350512748273,0.00120812629552791,0.000294079673783365,-0.00120559741440651,0.000274784412637175,0.000431574492712805,-0.000511008616671305,-0.000863770103398664,-0.00136059904836561,-0.00131659728507127,-0.00154331610139824,-0.000557259199815086,0.00120812629552791,-0.00202136337826708,-0.0055364438535177,-6.53010271065568e-05,-0.00111751187662446,-4.63377882873317e-05,0.000274784412637175,-0.00263699223403346,0.000417062959764181,-0.00571214762089411,-0.00521771414513239,-0.00382642224867524,-0.00348503375538645,-0.000127696076812178,0.000143693895842567,1.44079221140458e-05,0.128781765145955,0.000300659033857897,-0.000154637549031555,-0.00114746722597658,0.000719624745897818,-0.00247611899898459,-0.00268956440104695,-0.00131659728507127,-0.00549337106594017,-0.00115383910549394,0.000274784412637175,-0.00890266619417313,-0.000251777850977852,-0.000132352455067597,-0.0015549372645598,-0.000957473671094,-0.00102126240014044
"8:61741769:C:G",-0.000121293592560079,1.67688787575671e-05,-0.00254901119228723,6.63848953488255e-05,0.000118846928580219,-4.95298059215443e-05,-0.00378765934966818,-0.00117032891226021,-0.000121293592560079,1.67688787575671e-05,-6.90008915347207e-05,-0.00254901119228723,-6.45028580423812e-05,-4.73967683420895e-05,-0.00133290241407824,-0.00182773702197814,0.000121707194185916,-2.42282728271093e-05,-0.000152145702889683,-0.000935473391844965,-0.00321386334605123,0.000180580656771845,9.99361693398981e-06,6.63848953488255e-05,2.66252668028599e-05,-0.00349761326392439,1.67688787575671e-05,-0.000928334419286969,-0.00631465956367627,-7.12936799533992e-05,-4.11583411628058e-05,-0.000124316325509355,-3.21930254063574e-05,-0.00111779326163219,-2.81597606308637e-05,0.000155604264213238,-0.00271435526199326,-2.22995075365162e-05,-0.00274068104837077,-6.45028580423812e-05,-7.36164048822374e-05,-0.00571027493645815,-0.00296580112538791,-0.00321386334605123,6.77410035008208e-05,6.63848953488255e-05,-4.73967683412013e-05,-0.00227801513319115,-4.11583411628058e-05,-0.000953182084939108,0.000142506774659878,0.000104505368302199,-0.00194827943637232,2.89050804962443e-05,-7.17725393784008e-06,6.90801377034589e-05,6.63848953488255e-05,-2.61815351327854e-05,-3.8442501464786e-05,-4.73967683420895e-05,6.58554069854489e-05,-7.29664517731266e-05,-4.11583411628058e-05,0.000121707194185916,-6.45028580423812e-05,-8.10072801442629e-05,-0.00489044028965591,4.62059283989902e-05,1.34238773048523e-05,-0.00262443223782238,-2.22995075365162e-05,-5.34901708793001e-06,0.000300659033857897,0.0604829912980538,-6.29277718369181e-05,0.000200932834019341,-0.000118691134923132,-0.000139013150777245,-7.36164048822374e-05,2.89050804962443e-05,-4.32115395199162e-05,6.58554069863371e-05,-4.11583411628058e-05,-0.000877763642151308,2.5640130648874e-05,-0.000409521424027837,-2.61815351336736e-05,-0.000160043146677502,0.000123689631483792
"8:61743841:G:A",-0.000974850422265305,-0.00191617552632017,0.000152426587550991,-0.000218478318002369,-4.08904115341002e-05,-6.29277718369181e-05,-0.00338215276007769,-0.00817191842946485,-0.000974850422265305,-0.00191617552632017,-0.000945063795479761,0.000152426587550991,-8.20231156479778e-05,-6.01444820809149e-05,0.000248870203914286,-0.00336306786468921,-0.00129412895974923,-3.05913818605674e-05,-0.00181689237101068,-0.000152957002992338,-6.82855376510361e-06,0.000214019145805544,1.22370198010202e-05,8.13792932081725e-05,-0.00169955801352284,-0.000192102985036691,-0.00191617552632017,-0.00123908252333216,-0.0044761268310185,-9.09571469316361e-05,-5.20236479255587e-05,-0.000857206328190863,-0.00175679343855339,-0.000679667504944526,-3.56689928366904e-05,0.000186137815632037,-0.000791518117968515,-2.81046993748646e-05,-0.000113282614331744,-8.20231156479778e-05,-0.00115839151343877,-0.00738646784573849,0.000105179514233278,-6.82855376510361e-06,8.30504894828721e-05,8.13792932081725e-05,-6.01444820809149e-05,-0.00173139014513435,-5.20236479255587e-05,-8.79370729656159e-05,0.000171260071482493,-0.000567888108161441,3.36120386803529e-05,-0.00203042536279341,-9.16776106762995e-06,8.46990433629458e-05,8.13792932081725e-05,-3.31125771788621e-05,-0.0027192154465796,-6.01444820809149e-05,-0.00180441709357826,-2.13663031125577e-05,-5.20236479255587e-05,-0.00129412895974923,-8.20231156479778e-05,-0.000873430658282714,-0.00576332038246363,5.68376445277963e-05,-0.00234001355283198,-0.00211188307778443,-2.81046993748646e-05,-6.82855376510361e-06,-0.000154637549031555,-6.29277718369181e-05,0.0826917373472944,-0.00169485478901255,-0.000952149654856349,-0.00017980357109959,-0.00115839151343877,-0.00203042536279341,-5.46931928253613e-05,-0.00187236322924988,-5.20236479255587e-05,-0.000244434966921503,3.15416641214483e-05,-0.00194146133024287,-0.00190554646089236,-0.00141780206855646,-0.00104557229965607
"8:61745056:A:G",-0.00176654413639454,0.00023049402133335,-0.000653681237957393,-0.00034705999291873,0.000121162099071093,-0.00135159640272775,0.000558078100535653,-0.00347139965719023,-0.00176654413639454,0.00023049402133335,-0.00139857452324321,-0.000653681237957393,-0.00150761909371422,-0.00121494307863301,0.00265507161968337,-0.00179697335434614,-0.00373951201362743,-0.00265057556854753,-0.000918177337583259,1.53224951695563e-05,-0.00269470841359798,0.00337684613233957,-0.000169687819244757,-0.000701836260072142,-0.000183164240758593,0.000290263678184743,0.00023049402133335,0.000579403841650006,7.80317241302342e-05,-0.0059813985941064,-0.00030019091091571,-0.00163734883550504,0.000121162099071093,-0.00683841127486051,0.000110478031069228,0.00186297639051602,-0.000598051853108128,-0.00486663384162345,0.000364665487481375,-0.00150761909371422,4.05338265707655e-05,-0.00359922717352257,-0.00044782919151487,-0.00269470841359798,-0.00113670270538879,-0.000701836260072142,0.000195204974983376,0.00484135310480749,-0.00030019091091571,0.000283878820057204,0.0027320117604992,-0.00179697335434614,-0.000535973398830158,-0.00136287909861821,1.87284247115116e-05,-0.00185973587236621,-0.000701836260072142,-0.00211352369114159,5.36877356323018e-05,-0.00121494307863301,-0.000255792080992912,4.33578790106637e-05,-0.00030019091091571,-0.00373951201362743,-0.00150761909371422,-4.51816220561341e-05,-0.00346439872721893,-0.000247527637530887,-7.42874065018384e-05,-7.85388750825788e-05,-0.00486663384162345,-0.00269470841359798,-0.00114746722597658,0.000200932834019341,-0.00169485478901255,0.077640868125433,-0.00115338940446374,-0.000196443226704979,4.05338265707655e-05,-0.00136287909861821,-0.00325225575262511,-0.000214733930680389,-0.00030019091091571,-0.000506702289237992,-8.95251086028281e-05,-0.00152483438375661,0.000105225064737979,0.000312878916304271,-0.00143417999502127
"8:61745741:G:A",0.00200625293326784,3.9035576069324e-05,-0.00103940051806894,0.000154938040912711,-7.8760428714908e-05,-0.000118691134923132,-0.00148321372340288,0.000295047604667698,0.00200625293326784,3.9035576069324e-05,-0.000163929510453187,-0.00103940051806894,8.68492810841559e-05,-0.000113231135559388,0.000509082600951061,-0.00218593783358312,0.000287909478327464,-5.81960345540367e-05,-0.00148293159827073,-0.000280722257594235,-1.39478493270673e-05,-0.00119383347516955,2.11985822531346e-05,0.000154938040912711,-0.00253368408250587,-0.00103505860526987,3.9035576069324e-05,-0.00136089757297242,-0.00315729856087188,-0.000169750379341416,-9.72549643796228e-05,-0.00310219562571667,-7.87604287140198e-05,-0.00020000145612542,-6.83491174555684e-05,0.000368980371337813,-0.000967042467674872,-5.32133543904578e-05,-0.000209234402862357,8.68492810841559e-05,-0.000175645748027975,-0.0037958847665589,0.000202771108471111,-1.39478493270673e-05,0.000158637507276183,0.000154938040912711,-0.000113231135559388,-0.00110726144759088,-9.72549643796228e-05,-0.000163929510453187,0.00033971274719935,-0.00218593783358312,6.15441151081697e-05,-0.0016498087001553,-1.87131661899542e-05,0.000162291144625293,0.000154938040912711,-6.32408997072176e-05,-0.00101895208028591,-0.000113231135559388,-0.00230551894036601,-4.34602870562628e-05,-9.72549643796228e-05,0.000287909478327464,8.68492810841559e-05,-0.00791271834539931,-0.00379357323955265,0.000106409549403885,-0.00319103720008496,3.46587494464146e-05,-5.32133543904578e-05,-0.00130771935908136,0.000719624745897818,-0.000118691134923132,-0.000952149654856349,-0.00115338940446374,0.055816626735298,-0.000327346585237365,-0.000175645748027975,-0.0016498087001553,-0.000102514298145451,-0.00225518978213746,-9.72549643796228e-05,-1.45602962264846e-05,5.71745677282465e-05,-0.0031042385233766,-6.32408997081058e-05,-0.00100273324136602,-0.00191625649130334
"8:61747982:G:A",-0.00106829567031586,4.53670676803242e-05,-0.000788501587891233,0.000180245130759538,-9.27908625678597e-05,-0.000139013150777245,0.000853564591885458,-0.000928412715066163,-0.00106829567031586,4.53670676803242e-05,-0.000191498161902004,-0.000788501587891233,-0.000177925271150237,-0.000132509550603288,0.00059807011257007,0.000288225677727461,0.000336402475041631,-0.000585575130480187,0.000251727589876793,-0.000330991232252664,-1.67194465339193e-05,-0.00025545635600821,2.3923190916264e-05,0.000180245130759538,5.96079139105754e-05,-0.000888065033629815,4.53670676803242e-05,-0.000827827882303289,-0.00274572170106513,-0.000381759287217953,-0.000113473451466284,-0.00101887059727446,-0.00101284741523067,-0.000234325458303708,-8.03561498550209e-05,0.000431493949846207,-0.000463756076521271,-0.000387899383751389,-0.00024398798262304,-0.000177925271150237,-0.000205413640294694,-0.000877680834202366,0.000236493665261683,-1.67194465339193e-05,-0.00204487670822129,0.000180245130759538,-0.000132509550601512,-0.000191063445546646,-0.000113473451466284,-0.000191498161902004,0.000397926757353062,0.000288225677727461,7.08424080899661e-05,-0.0014321223002387,-2.2429962183601e-05,0.000189182508727903,0.000180245130759538,-7.42536785240944e-05,-0.000828428515990076,-0.000132509550603288,0.000167907196337858,-5.20716372616192e-05,-0.000113473451466284,0.000336402475041631,-0.000177925271150237,-0.00180180042759481,-0.00152568745668935,0.00012327567081627,3.47764946386775e-05,4.01040235091799e-05,-0.000387899383751389,-1.67194465339193e-05,-0.00247611899898459,-0.000139013150777245,-0.00017980357109959,-0.000196443226704979,-0.000327346585237365,0.0292848602202813,-0.000205413640294694,-0.0014321223002387,-0.000119741150569119,0.000167907196336969,-0.000113473451466284,-0.0032177123026722,-0.000647955540257428,8.73484188526064e-05,-7.42536785240944e-05,-0.000859518736071152,0.000343424796973579
"8:61750531:A:G",-0.00331835635920985,2.46636463563377e-05,-0.00256424849129555,9.77202608760663e-05,-4.82021599736981e-05,-0.000925756220636842,0.000444353638886064,-0.00319896107653284,-0.00331835635920985,2.46636463563377e-05,-0.000635982037217708,-0.00256424849129555,-9.54167048945465e-05,-0.000825153846551352,0.000314803524850582,0.000154450432275688,0.000179968606661696,-3.60356885256152e-05,-0.00182705564472485,-0.000175645748027975,-8.19707849952778e-06,1.04078913025774e-05,1.42462328813764e-05,9.77202608760663e-05,-0.00136949995327029,-0.00364195450186156,2.46636463563377e-05,-0.000959935215365526,-0.000774256586625555,-0.0095754439995055,-6.0864956571649e-05,-0.00338348502159214,-0.00144025338786946,-0.00104695019124179,-4.20413848232215e-05,-0.00248783280929565,-0.00224282959882682,-3.30891872506456e-05,-0.00013099858032728,-9.54167048945465e-05,0.00140459998148312,-0.000884335779485212,0.000127209873172163,-8.19707849952778e-06,9.98313144950913e-05,9.77202608760663e-05,-7.03675302951012e-05,5.07415095194474e-05,-6.0864956571649e-05,-0.000102249560550938,0.000211266857809811,0.000154450432275688,3.96985523414273e-05,4.22016757815058e-05,-1.0998602203216e-05,0.000101915952245513,9.77202608760663e-05,-3.90195178852082e-05,-0.00330648941341227,-0.000825153846551352,-0.00146371190011862,-2.5555281455425e-05,-6.0864956571649e-05,0.000179968606661696,-9.54167048945465e-05,-0.00270197167817265,-0.00259792725631902,6.77075512598435e-05,1.95203723549753e-05,2.2108062739612e-05,-3.30891872506456e-05,-8.19707849952778e-06,-0.00268956440104695,-7.36164048822374e-05,-0.00115839151343877,4.05338265707655e-05,-0.000175645748027975,-0.000205413640294694,0.0711013467071266,4.22016757815058e-05,-6.39925698520116e-05,-0.00153165803578936,-6.0864956571649e-05,-0.00668820266492443,3.71632216884521e-05,5.06005030622703e-05,-3.90195178852082e-05,-0.00375203222515452,0.000183111006720971
"8:61754713:C:T",-2.30207181708408e-05,-1.08127263507285e-05,-0.00153457679128532,-4.49394442805229e-05,1.8624323292471e-05,2.89050804962443e-05,-0.000248907298797896,-0.000238168934551197,-2.30207181708408e-05,-1.08127263507285e-05,3.99240642607879e-05,-0.00153457679128532,3.76880092103349e-05,2.7817163615218e-05,-0.000161959375188481,-7.25995577068872e-05,-8.59653057707632e-05,1.44469867153774e-05,-0.00127482907478438,6.58588272841598e-05,2.90625456322857e-06,-0.0013544504192442,-7.06115959747677e-06,-4.49394442805229e-05,-2.00621234123233e-05,7.75046462671014e-05,-1.08127263507285e-05,-0.000151591825506614,-0.00026775833324777,4.10576083975656e-05,2.46138519592876e-05,-2.52736541739296e-05,1.8624323292471e-05,-0.00211614484933786,1.65156242726283e-05,-0.000113757982947327,-0.00164266110542055,1.34273512033545e-05,5.06268899354012e-05,3.76880092103349e-05,4.22016757815058e-05,-0.000269036880009565,-0.000864383064118179,2.90625456322857e-06,-4.57329874361534e-05,-4.49394442805229e-05,2.78171636143298e-05,-0.00139574004190735,2.46138519592876e-05,3.99240642607879e-05,-0.000101932346362688,-7.25995577068872e-05,-1.84347582612432e-05,0.000271749593170334,3.89390755106689e-06,-4.65182537663367e-05,-4.49394442805229e-05,1.54763663440249e-05,2.18649481142918e-05,2.7817163615218e-05,-4.71028233928195e-05,8.98007591221273e-06,2.46138519592876e-05,-8.59653057707632e-05,3.76880092103349e-05,-0.00238646965739076,-0.000112109430445706,-3.11121604594788e-05,-8.95550171886583e-06,-9.88868708695634e-06,1.34273512033545e-05,-0.00197665998961583,-0.00131659728507127,2.89050804962443e-05,-0.00203042536279341,-0.00136287909861821,-0.0016498087001553,-0.0014321223002387,4.22016757815058e-05,0.0273878188584291,2.56716824020842e-05,-4.71028233937076e-05,2.46138519592876e-05,-0.000708507526898217,-0.00144745668776292,-2.48400332214516e-05,1.54763663440249e-05,8.42317466434039e-05,-8.71593149138761e-05
"8:61760456:A:G",-0.000104317478417215,1.48369395649439e-05,0.000115027166676995,5.92413570075223e-05,-2.81134743254086e-05,-4.32115395199162e-05,0.00027829840925353,-0.00262940038748294,-0.000104317478417215,1.48369395649439e-05,-6.00539304391745e-05,0.000115027166676995,0.000383682146337883,-4.13785014012902e-05,0.000194139112644542,9.38460593804535e-05,0.000109641933199178,-2.12256641871633e-05,8.42963181257872e-05,-0.000102514298145451,-4.6654358438758e-06,-0.00325247788165761,8.89737239795352e-06,5.92413570075223e-05,2.38465129402954e-05,-0.000126116491419026,1.48369395649439e-05,-0.000256965694269695,-0.00068078719147735,-6.20112664693195e-05,-3.60093574531817e-05,-0.000106852536088553,-2.81134743254086e-05,-7.21664691862856e-05,-2.46281179734353e-05,0.000141092388366459,-0.00619651466598814,-1.95546078778364e-05,-7.68870400706945e-05,0.000383682146337883,-6.39925698520116e-05,-0.00236562281628228,7.71462687083613e-05,-4.6654358438758e-06,-0.00217428929911545,5.92413570075223e-05,-4.13785014012902e-05,-0.00314331869332385,-3.60093574531817e-05,-6.00539304391745e-05,0.000128849227325034,9.38460593804535e-05,2.42431183865577e-05,2.56716824020842e-05,-6.25781156138316e-06,6.16486606714872e-05,5.92413570075223e-05,-2.29167140259889e-05,-3.35036945084966e-05,-4.13785014012902e-05,5.89536434754123e-05,-1.45144065939462e-05,-3.60093574531817e-05,0.000109641933199178,0.000383682146337883,-0.000787986107718908,-0.000897491334776568,4.11260322596974e-05,1.19025076772417e-05,1.33784048106378e-05,-1.95546078778364e-05,-4.6654358438758e-06,-0.00549337106594017,-4.32115395199162e-05,-5.46931928253613e-05,-0.00325225575262511,-0.000102514298145451,-0.000119741150569119,-6.39925698520116e-05,2.56716824020842e-05,0.0303107732007906,5.89536434754123e-05,-3.60093574531817e-05,-0.000646369227617072,2.27971278032868e-05,3.13654917132311e-05,-2.29167140259889e-05,-0.000137086886344839,0.000111449502945504
"8:61762876:C:G",-0.000171174668128771,-2.58115857700858e-05,-0.00258688766218995,-0.000109810521326636,4.22085170637132e-05,-0.00167256158600715,0.000736303754254486,-0.00172909180645675,-0.000171174668128771,-2.58115857700858e-05,-0.00322972966204027,-0.00258688766218995,-0.00677630129066209,-0.00157721992605175,-0.00194596832578764,-0.00268423164635045,-0.000834783067981348,-0.00184158462955253,-0.000285317561858456,0.000146537264091862,-0.00207215247575476,-0.000176519781235562,-1.76278709353994e-05,-0.00344399260370043,-0.000206792821995094,-0.00580849524268601,-2.58115857700858e-05,-0.00136737430335643,-0.00372080784980788,9.29929235002902e-05,5.66917947306678e-05,-0.000241739562409471,1.92020587439501e-05,2.03942530925261e-05,3.76705520395149e-05,-9.5355487149007e-05,-0.00367146763613757,3.10131278462578e-05,0.00011419922478062,-0.00677630129066209,-0.00153165803578936,-0.00416505607899431,-0.00104444309733243,-0.00207215247575476,-0.00370299833570886,-0.00344399260370043,-0.00188174493213289,-0.000223927775926391,5.66917947306678e-05,9.06053706497545e-05,-0.00103818369661379,-0.000179090995985121,-0.00327835165851464,-4.71028233937076e-05,8.45906637980676e-06,-0.000113241224781291,-0.00344399260370043,-0.000326747910893488,-0.00202815276970725,-0.00157721992605175,-0.00217804498603513,1.94827644373063e-05,5.66917947306678e-05,-0.000834783067981348,-0.00677630129066209,3.70444742170406e-05,-0.000167144581704637,-0.00295699879315858,1.33086228721879e-05,-2.37948323986714e-05,3.10131278462578e-05,6.31505835269053e-06,-0.00115383910549394,6.58554069863371e-05,-0.00187236322924988,-0.000214733930680389,-0.00225518978213746,0.000167907196336969,-0.00153165803578936,-4.71028233937076e-05,5.89536434754123e-05,0.112232311375008,5.66917947306678e-05,0.000594655980730607,-0.00271565693236386,-0.00261489155750994,-0.00205202137813831,-0.00120577373135422,-0.000216059570742999
"8:61762918:T:C",-9.88294529911116e-05,1.42063080241783e-05,0.000111061021406123,5.69098626526099e-05,-2.6790843560498e-05,-4.11583411628058e-05,-0.00170532057365325,-0.000264302854977139,-9.88294529911116e-05,1.42063080241783e-05,-5.71441367256398e-05,0.000111061021406123,-5.35100492298213e-05,-3.94218642831845e-05,-0.00263721028527364,9.03700090546522e-05,-0.00150919507564407,-2.02496708441302e-05,-0.0011765630499081,0.00164806374807913,-4.44527560539143e-06,-0.000309633353814398,8.53578565429558e-06,5.69098626526099e-05,2.29257151698192e-05,-0.000119325542410564,1.42063080241783e-05,-0.000241228249491243,-0.00132482394561606,-5.89935121428908e-05,0.00411628874259584,-0.000101208289759569,-2.67908435613862e-05,-6.85795205583872e-05,-2.3481808076653e-05,-0.00116859555368976,8.32580868204147e-05,-1.86616060666722e-05,-7.30841929321713e-05,-5.35100492298213e-05,-6.0864956571649e-05,-0.000435984504070674,7.41986006405071e-05,-4.44527560539143e-06,5.80739983631062e-05,5.69098626526099e-05,-3.94218642831845e-05,-0.000250341635208429,0.00411628874259584,-5.71441367256398e-05,-0.00360172916992862,9.03700090546522e-05,2.32475340036231e-05,2.46138519592876e-05,-5.96171788025401e-06,5.92245122739143e-05,5.69098626526099e-05,-2.18562957279289e-05,-3.19046946630763e-05,-3.94218642831845e-05,5.66917947297796e-05,-1.38181730120479e-05,0.00411628874259584,-0.00150919507564407,-5.35100492298213e-05,-6.60184433778355e-05,-0.000442912484675873,3.94660210885078e-05,1.14040826559858e-05,1.28133107599737e-05,-1.86616060666722e-05,-4.44527560539143e-06,0.000274784412637175,-4.11583411628058e-05,-5.20236479255587e-05,-0.00030019091091571,-9.72549643796228e-05,-0.000113473451466284,-6.0864956571649e-05,2.46138519592876e-05,-3.60093574531817e-05,5.66917947306678e-05,0.00369300974067688,-0.000522037235818118,2.18648926120224e-05,3.01168522280904e-05,-2.18562957279289e-05,-0.000129650451278884,0.000107458979024422
"8:61764389:G:T",-0.00398331746634994,-0.00540767640672168,-0.00911557700170951,-0.0011853280561267,-0.00129452665962138,0.000207120160936825,-0.00584102504949069,-0.00838556581012151,-0.00398331746634994,-0.00540767640672168,-0.00225954049340782,-0.00911557700170951,-0.00611220697493398,0.000262769405190433,-0.00481089887088526,-0.0060406817570593,0.000251309659139665,-0.00308144435695112,-0.00131252199078968,-0.00491977067221772,-0.00182666919965424,-0.000914593747576742,-0.000253878138053665,0.000569612847856504,-0.00270922619446434,-0.00296426010078443,-0.00540767640672168,-0.000779558333051877,0.00189115052752831,-0.0019033071057839,-0.000522037235818118,-0.00653135842847785,-0.00368752177114384,-0.00242961819944965,-0.00155158829982316,-0.00132111460723427,-0.00657622991756668,-0.00529802034404359,-0.00381377915004322,-0.00611220697493398,-0.00668820266492443,-0.00904919837506934,-0.00147475958252752,-0.00182666919965424,-0.000776724593896105,0.000569612847856504,0.000255154069803254,-0.00153041244302665,-0.000522037235818118,-0.00108158050318341,-0.00225924614418016,-0.00201297416981472,-0.00111695904502263,-0.000708507526898217,-0.000826592420728467,-0.000786502029019864,0.000569612847856504,-0.000469901184451338,-0.00531303677808648,0.000262769405190433,-0.00152310735781258,-0.003789800584169,-0.000522037235818118,0.000251309659139665,-0.00611220697493398,-0.00601456404797629,-0.00295052215903979,-0.00163629564786483,-0.000707447557212859,-0.000303260953493201,-0.00529802034404359,-0.00102108065656648,-0.00890266619417313,-0.000877763642151308,-0.000244434966921503,-0.000506702289237992,-1.45602962264846e-05,-0.0032177123026722,-0.00668820266492443,-0.000708507526898217,-0.000646369227617072,0.000594655980730607,-0.000522037235818118,0.226984206159334,-9.14908623350641e-05,-0.00590104194123908,0.000186007708917302,8.99412349206763e-05,-0.00144279935316138
"8:61764908:C:G",-0.00218636761404234,-9.75992493046363e-06,-0.000159217850464799,-4.11438345224724e-05,1.6624779322072e-05,2.5640130648874e-05,-0.000796038771818885,-0.000278313214050474,-0.00218636761404234,-9.75992493046363e-06,3.51925734145553e-05,-0.000159217850464799,3.32526949335943e-05,2.46846678084722e-05,-0.000154096095422496,-0.000853156886361006,-0.00194027653094331,1.29089756910616e-05,-6.11781429151748e-05,5.71745677282465e-05,2.62334352107985e-06,0.000121827363906313,-6.34129976528897e-06,-4.11438345224724e-05,-0.00246997698306295,-1.01994036887376e-05,-9.75992493046363e-06,-0.00270431675664806,4.76398282445167e-05,-0.00166061875672785,2.18648926120224e-05,-0.00212733369954154,1.66247793229601e-05,-0.00229518890954417,1.47509723840145e-05,-0.000106712533010977,-0.000126531685256559,1.19996866807526e-05,4.43476965559242e-05,3.32526949335943e-05,3.71632216884521e-05,-0.000438782983486874,-5.43103607748563e-05,2.62334352107985e-06,-4.18880120127696e-05,-4.11438345224724e-05,2.46846678084722e-05,-1.38617923308715e-05,2.18648926120224e-05,3.51925734145553e-05,-9.5272500415966e-05,-0.000853156886361006,-1.6675046382808e-05,-0.00144745668776292,3.51331481862616e-06,-4.26247946583302e-05,-4.11438345224724e-05,1.38260418767189e-05,-0.00221178577091052,2.46846678084722e-05,-0.00264771079669224,8.08385875128437e-06,2.18648926120224e-05,-0.00194027653094331,3.32526949335943e-05,-9.56642690219667e-06,-9.51804238842335e-05,-2.8314404035612e-05,-8.0662135033549e-06,-8.91692026350199e-06,1.19996866807526e-05,2.62334352107985e-06,-0.000251777850977852,2.5640130648874e-05,3.15416641214483e-05,-8.95251086028281e-05,5.71745677282465e-05,-0.000647955540257428,3.71632216884521e-05,-0.00144745668776292,2.27971278032868e-05,-0.00271565693236386,2.18648926120224e-05,-9.14908623350641e-05,0.0353900423376561,-2.25060915042263e-05,1.38260418776071e-05,-2.21943725797757e-05,-0.000644121123532848
"8:61765419:G:A",-0.00396118993617911,-1.37328472638032e-05,-0.000444896420558116,-5.88200265800864e-05,-0.00208177677373378,3.51655778665361e-05,-0.00468677742064383,-0.000647737760357092,-0.00396118993617911,-1.37328472638032e-05,4.80073998403441e-05,-0.000444896420558116,4.54481441556354e-05,3.38897982015141e-05,-0.00539212546788725,-9.6915363379857e-05,-0.00406566387054053,-0.0018889939426181,-0.00297743276191564,-0.000465543288116876,-0.0024726931325123,-0.00150761082618889,-9.02328458263213e-06,-0.000368155175358709,-0.00235721929089561,-0.000737509109848489,-1.37328472638032e-05,-0.0012822905148191,-0.00667829454033964,4.92997068537449e-05,3.01168522280904e-05,-0.00408169322693119,-0.000497558846989321,-0.00627882722962259,2.03289704012732e-05,-0.000156242371667226,-0.00040836513225706,-0.0016980868336578,-0.00480392127392193,4.54481441556354e-05,5.06005030622703e-05,-0.00496438745823191,-7.79842414955212e-05,-0.0024726931325123,-0.00109118846533818,-0.000368155175358709,-0.00253237626075808,-0.000167479547562799,3.01168522280904e-05,-0.00127425641908196,-0.000138662141965895,-9.6915363379857e-05,-2.3678350000722e-05,-2.48400332214516e-05,4.80331196506256e-06,-6.08943173565635e-05,-0.000368155175358709,1.90788705465295e-05,-0.00202515138419024,3.38897982015141e-05,-0.0025469454218392,-0.00210777606542134,3.01168522280904e-05,-0.00406566387054053,4.54481441556354e-05,-1.33582596326676e-05,-0.00594595123091057,-0.00303339983416073,-1.13982606970708e-05,-0.00339466080328776,-0.0016980868336578,3.58779166198531e-06,-0.000132352455067597,-0.000409521424027837,-0.00194146133024287,-0.00152483438375661,-0.0031042385233766,8.73484188526064e-05,5.06005030622703e-05,-2.48400332214516e-05,3.13654917132311e-05,-0.00261489155750994,3.01168522280904e-05,-0.00590104194123908,-2.25060915042263e-05,0.118957388409002,1.90788705465295e-05,-0.000851380533315904,-0.000117470223302441
"8:61770778:G:A",-6.3860517164116e-05,8.92194438772975e-06,-0.00419351087874986,3.51796316273578e-05,-1.68757574883216e-05,-2.61815351336736e-05,0.000152912417680895,-0.0075806472092248,-6.3860517164116e-05,8.92194438772975e-06,-3.66216099534356e-05,-0.00419351087874986,-3.42859545989782e-05,-2.50790646072474e-05,0.000109965208715757,5.50250949871156e-05,-0.00376948212686301,-1.27803761502676e-05,4.98422844881219e-05,-6.32408997081058e-05,-2.73349665125266e-06,9.49110457231228e-05,-0.00251896138489105,-0.00163588113362856,-0.00227621797881472,-0.00193323553014935,8.92194438772975e-06,-0.000164685302398659,-0.00073818732940456,-3.78126299649395e-05,-2.18562957279289e-05,-6.543964305461e-05,0.00205881797457419,-0.00452689628914271,-1.48014111820416e-05,8.15203697150935e-05,-0.00632269636738325,-1.17892195010683e-05,-4.71501843328781e-05,-3.42859545989782e-05,-3.90195178852082e-05,-0.00530777708741947,4.54912445579936e-05,-2.73349665125266e-06,3.58553596395694e-05,-0.00163588113362856,-2.50790646081356e-05,0.000104460827708763,-2.18562957279289e-05,-3.66216099534356e-05,7.46061625331862e-05,5.50250949871156e-05,1.46565699239432e-05,1.54763663440249e-05,-3.66819194308476e-06,3.65225144252079e-05,-0.00163588113362856,-1.37843575265251e-05,-2.00918840675968e-05,-2.50790646072474e-05,-0.00211073321125888,-8.52861492628421e-06,-2.18562957279289e-05,-0.00376948212686301,-3.42859545989782e-05,-0.00203329594631541,-0.00583395694761624,2.46259054428322e-05,7.22210661852074e-06,8.07742992225968e-06,-1.17892195010683e-05,-2.73349665125266e-06,-0.0015549372645598,-2.61815351336736e-05,-0.00190554646089236,0.000105225064737979,-6.32408997081058e-05,-7.42536785240944e-05,-3.90195178852082e-05,1.54763663440249e-05,-2.29167140259889e-05,-0.00205202137813831,-2.18562957279289e-05,0.000186007708917302,1.38260418776071e-05,1.90788705465295e-05,0.0671205357141211,-0.00182536563663849,6.49322993995227e-05
"8:61776840:G:A",-0.00321563400014568,5.0676324434562e-05,-0.00892310818032804,0.000198399397604909,-0.00141191864535628,-0.000160043146677502,7.28522654558361e-06,-0.00276360836174749,-0.00321563400014568,5.0676324434562e-05,-0.000221272976974163,-0.00892310818032804,-0.000204907679139943,-0.000152280949376582,-0.000546915578383711,0.000313810268647963,-0.00281787913370213,-7.78968004233604e-05,0.000120421097267176,-0.000383862695455761,-0.00172622421823654,0.000254867573968198,-0.0018410931099675,-0.00169449199907135,-6.87296393024894e-05,-0.000512440001004144,5.0676324434562e-05,-0.000163446230318165,0.000813626761479558,-0.000229635020135177,-0.000129650451278884,-0.00310590757866347,-0.00152764044766052,-0.00405755104719585,-0.000178064012452239,-0.00120261961422941,-0.00468598122317587,-7.09128443663332e-05,-0.000283131347087462,-0.000204907679139943,-0.00375203222515452,-0.00135955684702527,-0.00331288917976735,-0.00172622421823654,0.000203360617716974,-0.00169449199907135,0.000192517901089317,-5.36748734258907e-06,-0.000129650451278884,-0.000221272976974163,-0.000672199372007576,0.000313810268647963,-0.00193646676366388,8.42317466434039e-05,-0.00279093923864693,0.000208252324456204,-0.00169449199907135,-0.00130155081243366,-0.00146459730051252,-0.000152280949376582,-0.00105009762978892,-0.000102406586042214,-0.000129650451278884,-0.00281787913370213,-0.000204907679139943,-0.000340540902391773,-0.00500885411157626,-0.0020869445524454,3.85637761661783e-05,-0.0025689798222901,-7.09128443663332e-05,-1.93421573477792e-05,-0.000957473671094,-0.000160043146677502,-0.00141780206855646,0.000312878916304271,-0.00100273324136602,-0.000859518736071152,-0.00375203222515452,8.42317466434039e-05,-0.000137086886344839,-0.00120577373135422,-0.000129650451278884,8.99412349206763e-05,-2.21943725797757e-05,-0.000851380533315904,-0.00182536563663849,0.0998762547368548,0.000371596614574088
"8:61781236:A:G",-0.000688730643049418,-4.74918082407072e-05,-0.000439126858656991,-0.000291895819848342,7.65175425883058e-05,0.000123689631483792,0.00300618445665535,-0.00104902074007729,-0.000688730643049418,-4.74918082407072e-05,0.000174195969664837,-0.000439126858656991,0.000165477592147134,0.000119564080951484,-0.000646891113238901,0.00208361648126321,-0.000212014525038384,6.11562205472538e-05,-0.000627204811957327,0.000293600905893143,1.03025145401503e-05,-0.000924773953120628,-3.4602705754061e-05,-0.000194074795841104,-0.000102043383479078,0.000334911428293339,-4.74918082407072e-05,-0.00325267275395547,-0.00101028998197972,0.000178628492643718,0.000107458979024422,-0.000743084093912216,7.6517542589194e-05,-0.00388834419011452,-0.00339629894505311,-0.000469722692243657,-0.000405727523624222,5.74217956730294e-05,0.000224139265919909,0.000165477592147134,0.000183111006720971,-0.000211247240361701,-0.000250564977505974,1.03025145401503e-05,-0.00019648968392616,-0.000194074795841104,0.000119564080949708,-0.00101564282886812,0.000107458979024422,0.000174195969664837,-0.000418824371200444,0.0011536801698373,-8.41287331487806e-05,-8.71593149138761e-05,-0.0026863805927384,-0.00012863667734031,-0.000194074795841104,6.49322994004109e-05,8.85038550668682e-05,0.000119564080951484,-0.000216059570742111,3.19775036725645e-05,0.000107458979024422,-0.000212014525038384,0.000165477592147134,-0.000345305861834788,-0.000281733630459691,-0.000137573586488138,-4.11195284542032e-05,-4.43234340936627e-05,5.74217956730294e-05,1.03025145401503e-05,-0.00102126240014044,0.000123689631483792,-0.00104557229965607,-0.00143417999502127,-0.00191625649130334,0.000343424796973579,0.000183111006720971,-8.71593149138761e-05,0.000111449502945504,-0.000216059570742999,0.000107458979024422,-0.00144279935316138,-0.000644121123532848,-0.000117470223302441,6.49322993995227e-05,0.000371596614574088,0.0233586127135839
