21:33245079:C:T,21:33245693:G:A,21:33245806:A:G,21:33247480:C:A,21:33247630:G:T,21:33247703:G:T,21:33247735:T:G,21:33248173:T:G,21:33249520:A:G,21:33253476:G:A,21:33258839:A:G,21:33262180:A:G,21:33264167:T:C,21:33266659:G:A,21:33266987:T:C,21:33268497:G:C,21:33269438:T:A,21:33271557:T:C,21:33273326:C:T,21:33274026:G:A,21:33274698:T:C,21:33279114:T:G,21:33281510:A:G,21:33286592:T:G,21:33288463:T:C,21:33293998:G:A,21:33294115:T:C,21:33294662:G:A,21:33295777:T:G,21:33297399:C:T,21:33299443:T:C,21:33301518:A:T,21:33305629:A:G,21:33309718:G:A,21:33314860:C:T,21:33314999:G:A,21:33316046:C:T,21:33320558:C:T,21:33322149:C:A,21:33325344:A:G,21:33325825:C:T,21:33326241:C:T,21:33326562:G:A,21:33327381:G:C,21:33332153:G:C,21:33332482:G:A,21:33332588:A:G,21:33332918:T:C,21:33332993:A:G,21:33333277:T:A,21:33333649:C:T,21:33335031:C:T,21:33335361:C:G,21:33337790:T:A,21:33337871:A:G,21:33341468:T:C,21:33341533:C:T,21:33343569:A:C,21:33343992:C:T,21:33344184:A:G,21:33348141:C:T,21:33354778:C:A,21:33355020:T:C,21:33355408:A:G,21:33356175:G:C,21:33356446:G:A,21:33358157:A:C,21:33359267:C:T,21:33359619:C:T,21:33368355:G:A,21:33371587:C:T,21:33371655:G:A,21:33372190:T:C,21:33372208:T:C,21:33373027:G:C,21:33374003:A:G,21:33374693:T:C,21:33375228:T:C,21:33375513:C:A,21:33376434:G:A,21:33377284:G:A,21:37505892:G:A,21:37506435:G:A,21:37506718:T:G,21:37507906:C:G,21:37509995:C:T,21:37511813:G:A,21:37515319:C:G,21:37518905:G:A,21:37519568:G:A,21:37521279:C:T,21:37522152:C:T,21:37523053:G:A,21:37524055:C:G
21:33245079:C:T,0.159326827526069,-0.00792369417294481,5.13370366013177e-05,-0.000905077693823308,0,-0.0016000609068243,-0.00171340062834613,-0.00323097828376184,-0.0138905155511519,-0.00280921771698672,-0.00170525864592364,-0.00305516546736939,-0.000226839697597292,3.58193503844362e-05,5.26711016695103e-05,8.15906025861679e-05,-0.00410475524668419,-6.96277754030916e-06,-3.81143184879917e-05,-0.00414085317675905,-0.00043951957346966,-4.29475481515951e-05,1.28947299895543e-05,-0.000760007584034383,-0.00483812154824204,-0.00302357321209179,1.28947299895543e-05,-6.96277753853281e-06,0,-0.00160214215107501,-0.00224169516921746,8.05998441073541e-05,-0.00210184266113433,-9.30100127485289e-05,-0.00328677328858795,-0.00188929806385474,6.60500777556194e-05,0,-8.77092492945764e-06,-6.22124567986049e-05,-0.00151059789712704,1.12784118542208e-05,1.12784118542208e-05,-0.00364233578040807,-0.00104391581111996,-0.00366943204030257,-0.000253028968747238,-0.00093552542801234,0.000173999111944489,-0.00111197397619378,-0.00491289797994643,-0.000333423050467907,-0.0031162123843842,-0.00251429403205217,-3.42859396162964e-06,-9.30100127485289e-05,-4.29475481515951e-05,-0.00321423888637096,-0.00167884283160813,-0.0012247692552263,-4.29475481515951e-05,-0.00653283563746498,2.89631670709056e-05,-0.00017966542766823,-0.00384463954385073,-0.00918774377241682,-0.00329753065717897,-5.18219925638164e-06,-4.72332739542836e-05,-0.00222007589304685,-0.0019974889055403,-0.00403563917677685,-0.000787571781515339,-0.00375815171219074,-0.000714298895328369,-0.00538830158367265,-0.000385645231792964,3.32719044777718e-05,-0.000916982251820464,-9.30100127485289e-05,4.99404072780152e-05,-0.00262062098621652,-5.18219925638164e-06,-0.00244656845497992,-0.000990820122602543,-0.00202869637837466,-1.99865613570438e-05,-0.00615047776751787,-0.00348678256230261,-4.94265156811835e-05,1.28947299895543e-05,-1.54665899900763e-05,-0.00174045941683687,-0.00200423435122676
21:33245693:G:A,-0.00792369417294481,0.262911292187885,3.52312819389411e-05,-0.000101961818545604,0,-0.00819137246356227,-0.00228271777141842,-0.00117531965156248,-0.00153605940501222,-0.000156941528519638,-0.00590585691107215,-0.000267070593810814,-0.00453816933946305,-0.00347719380235567,-6.68932429599423e-05,-0.00118931074724138,-0.00111404299625173,-0.00206074021385039,-0.00267205031608952,-0.0136930912681787,-8.53287176845186e-05,-0.00019519358656872,-0.000449775074804926,-0.0018396919433874,-0.00653782688510507,-0.00103378216468286,-0.000449775074804926,-0.00246003565126696,0,-0.00184960685857316,-0.00215583939277586,-0.00178393874382454,-0.00822294057922424,-0.00383132553442778,-0.00016759476875805,-0.000286355245363801,-0.00052634356079917,0,-0.00103187630591073,-0.00405915846748517,-0.00367928728348987,-0.00218330958297841,-0.00166614451969771,-0.000499658057812713,-0.00240840170382262,-0.000901625803349848,-6.62839440783713e-05,-0.00476564403341229,0.00014140665786222,-0.000571560803226845,-0.00963755299565561,-9.03670405065782e-05,-0.000101945252547253,-0.00905084733583195,-0.00215938254903403,-9.02385357930413e-05,-0.00258310773036996,-0.000280295747274728,-0.00376981693184497,-0.00676905487328039,-0.00019519358656872,-0.000849382258993003,-0.00376056057742336,-0.00589778921650463,-0.0169144658613196,-0.00436601525948266,-0.0142020855939138,-0.00197450200773908,-0.00339669255401009,6.47862654479248e-05,-0.00134738072928897,-0.00725586110356602,-0.00347185673017059,-0.00181586236212006,-0.00681147826803929,-0.00162943739107035,-0.000628879160285756,-0.00107094774142791,-0.00341305086715815,-0.00023854465078621,0.000211773881364508,-0.00595100485089439,-0.00197450200773908,-0.000121482402095197,-0.00170656546528125,-0.00782550650287206,-8.91642992604247e-05,-0.00350556642089117,-0.00213899735213197,-0.0001774848026459,0.000303445958925508,-0.00948830913775467,-0.00270678936129087,-0.00414917818840532
21:33245806:A:G,5.13370366013177e-05,3.52312819389411e-05,0.12553093553873,-0.000919181897288013,0,-0.000935225659683958,-0.00174215981534598,3.05081316476219e-05,-0.00065177221862589,-0.00212993598416578,-0.00421896216974815,-0.000190427956136219,7.94223732514254e-05,-0.00337594134148933,-0.00160191458117964,-0.000330820359423889,-0.000729680854842485,7.13972590116185e-06,4.11050018627179e-05,-0.00349736497902242,-0.00178719314253861,4.90020235206501e-05,-1.77125293614466e-05,-0.00843985882922027,-0.00312738581044858,-0.000143134568044267,-1.77125293614466e-05,7.13972590205003e-06,0,-8.89387215279314e-05,-0.00664565357190794,-0.000119536418616839,-0.00285056729102084,-0.00345830382232659,-0.0070223241938514,-0.000165679000581953,-9.46472009362154e-05,0,8.96726830834638e-06,-0.000651997872123111,-0.00556783120789683,-1.59821454994713e-05,-1.59821454994713e-05,-0.00150100391265173,-0.000902767547398042,-0.000159528977603074,-0.000883624736498057,-0.00147228602532046,-1.72428344313857e-05,-0.00163438975233721,-0.00116460688351205,1.83723194524532e-05,-0.000600988272082326,-0.00413499381204296,3.53622651516616e-06,9.78168369352161e-05,4.90020235206501e-05,-0.00169095368491146,-0.00338017477040875,-0.00115614429251387,4.90020235206501e-05,-0.00404412397558929,-0.00321613766769335,-0.000980186259049276,-0.00153346428747625,-3.99348015234224e-05,-0.00379035376326309,5.32945491737991e-06,5.29060442753249e-05,-9.70755767273346e-05,-0.000100241205903906,-0.000246902979136543,-0.00613865782602296,-0.00341894086186034,-0.00164279677137635,-0.000454804323417157,-8.74737137213089e-05,-4.48099808751934e-05,-0.00268446572885317,9.78168369352161e-05,-6.93134619202951e-05,5.32945491737991e-06,5.32945491737991e-06,-0.00830598743751043,-0.00280810028424305,-0.000493163236974237,2.38522808642117e-05,-0.00212993598416578,-0.00244210414760282,5.48843732044446e-05,-0.00105964242533307,7.13972590205003e-06,-0.001217483948043,-1.24701958341689e-05
21:33247480:C:A,-0.000905077693823308,-0.000101961818545604,-0.000919181897288013,0.30490620774528,0,3.73633255454919e-05,-0.000627390649155402,-0.00197803989577361,-0.00942704066542177,-2.72126730189726e-05,-0.000645776697336231,-0.00149836343577991,-0.000643707995665821,-5.05745228993604e-05,-0.000989439535610259,5.82845523542375e-05,-0.00380410350299432,-0.00180769815362858,-0.00577451457151845,-0.00533705303107457,-0.000166193318765551,-0.0063925480153566,-0.00785983937590728,-0.00301418413913046,-0.00294968836827447,-0.00343827648760975,-0.00785983937590728,-0.00220699359104515,0,4.67418941179076e-05,-0.0031900912905809,-0.000217226417646543,-0.0023779270762212,-0.00900725541925773,-0.00489242565072967,-0.00215844572364432,-0.00407696492726739,0,-0.00741107828261978,-0.00653549997295588,-0.00189125781003074,9.68883593888137e-06,-0.00147856406290625,-0.00834216822234923,-0.0101671320664174,-0.00517648604933596,-0.00325621108737195,-0.0066571764677521,-0.00613675875855435,-0.000714340485884257,-0.011755631031801,-0.000547548629308281,-0.000268994307337955,-0.00960170719244147,-2.97754517042392e-06,-0.00267348223404706,-4.01332458590531e-05,-0.000575103114776709,-0.00319217845161202,-0.00419384341451412,-0.0063925480153566,-0.00624988694905149,-0.00155380491527879,-0.00600924591830188,-0.00859229457625155,-0.00180454102719985,-0.0101441957405508,-4.5162973707491e-06,-4.44191466071331e-05,-0.00969759173688534,-0.00747528280393528,-0.00561590904773812,-0.000938844543179052,-0.00440002018769992,-5.3561575252381e-05,-0.000454342825963572,-0.00250203538932148,-0.000969713278337281,-0.007703166892854,-0.000148251355687634,-0.00694309243863511,-0.00228528114479509,-0.00228528114479509,-0.00916822389699679,-0.00216039691224434,-0.00617783665375482,-1.80172968047287e-05,-0.00649116842839348,-9.96345841839386e-05,-0.00011760686289275,-0.00131446177242367,-0.00220699359104515,-6.31361640204275e-05,-9.6748895037635e-06
21:33247630:G:T,0,0,0,0,0,0,0,0,0,0,0,0,0,0,0,0,0,0,0,0,0,0,0,0,0,0,0,0,0,0,0,0,0,0,0,0,0,0,0,0,0,0,0,0,0,0,0,0,0,0,0,0,0,0,0,0,0,0,0,0,0,0,0,0,0,0,0,0,0,0,0,0,0,0,0,0,0,0,0,0,0,0,0,0,0,0,0,0,0,0,0,0,0,0
21:33247703:G:T,-0.0016000609068243,-0.00819137246356227,-0.000935225659683958,3.73633255454919e-05,0,0.223119966012963,-6.33930057558629e-05,-0.00247733591702293,-0.00745157159338472,-0.00107529800631934,-0.00354001860173625,-0.00315390966930362,-0.00141559867015228,-0.00487338165837059,-0.000889011538418139,-0.000392052710859403,-0.00198913522600908,1.67110326465547e-05,-0.00159363738678486,-0.00763383179086619,-0.000620424880477088,-0.0023921780926921,-5.72961765525903e-05,-0.00584235190585813,-0.00275035597831508,-0.00105688827504924,-5.72961765525903e-05,1.67110326483311e-05,0,-0.000273025335228994,-0.00274855631274029,-0.000587420664223792,-0.000179857653162863,0.000294242181565707,-0.00759394985866724,-0.00169158799389368,-0.00033456772124385,0,2.10038619234965e-05,0.000298983225128779,-0.00483154788561535,-5.33875095083403e-05,-0.000998327719115011,-0.00738368437625514,-0.0112449232554539,-0.0070166923715238,-0.00628661156544918,-0.00600894156231035,-0.00370637889191627,-0.00249675305691444,-0.00628074282041169,-0.00149071515307941,-0.000130683996836467,-0.00354890516101447,-0.000126847413356224,-0.00154859597788448,0.000146199376028555,-0.00732068409796227,-0.00657920690227876,-0.00311242978955573,-0.0023921780926921,-0.000999475050643461,-0.00490850493888129,-0.00833086525986593,-0.00874209918980107,-0.000962296452669875,-0.0090679276023935,1.24649767263563e-05,-0.000812837870042493,-0.0008871267510564,-0.00125212923852303,-0.00332969109718873,-0.00339973912512814,-0.00142852111579472,-0.000143255700510991,-0.000587477267879777,-0.000612560890589364,-0.000136007944136374,-0.00616459455995733,-0.000462010194762996,-0.000411880199566284,-0.00117144359812471,-0.0017259843439783,-0.0010903775405966,-0.000194197455053668,-0.00111106813585859,7.13106065015623e-05,-0.00417853413444291,-0.0021295361934035,-0.00076406757986458,-0.000840044780094473,-0.00108610869300829,-0.00104032497725282,-4.54383217629584e-05
21:33247735:T:G,-0.00171340062834613,-0.00228271777141842,-0.00174215981534598,-0.000627390649155402,0,-6.33930057558629e-05,0.205741852305712,-0.000102306319736734,-0.00242370293100524,-3.95467290408291e-05,6.19565327335536e-05,-0.00179160582393489,-0.000851734326224651,-0.00457790121703816,-0.00171939930981768,-0.00791499577313193,-0.00088371685468136,-0.00191526210583781,-0.000324972580163951,-0.0206537382088792,-0.00148439070789941,-0.000875686973602186,-0.00161244977867003,-0.00273480056494702,-0.000192274697109696,-0.00336960856264756,-0.00161244977867003,-0.000934463633221583,0,-0.00298292051957549,-0.000894161873818522,4.54420385835874e-05,-0.0037903559788246,-0.00401040287769128,-0.000952735136520388,-0.000232117860985426,3.78862412100389e-05,0,-0.0027023301327711,-0.00371409856191462,-0.00116822399033234,-0.00194079594856778,-0.000210480406960478,-0.00122640136456909,-0.00090159244536725,-0.00975638720325023,-0.000296950455349609,-0.00112522367705381,-0.0028330867656905,-0.00331612837679973,-0.0079618252187994,-0.00220008063579602,-0.00165698042789497,-0.00521926942074113,-2.03622692840355e-06,-0.00115579180992498,-0.000875686973602186,-3.13653928083468e-05,-0.00147854301215666,-0.000329199378619194,-0.00234796321646602,-8.37779569273778e-05,1.73699725189991e-05,-0.00426927433109547,-0.00740657018589719,-0.0019223542386948,-0.00250276081695056,-0.00579908463519008,-0.00223502902046668,-0.00308070630448487,-0.000395161879835015,-0.000236183542883239,-0.00169488566482556,-6.37411361621432e-05,-0.000203252966432643,-0.000580550950903813,-0.00280701148063578,-0.00237977287730118,-0.00564138920452972,-0.000999507399079391,-0.00110376626133935,-0.00527360424505119,-0.00565643150628237,-8.60171880656679e-06,-0.00520024925521501,-0.00140331540832062,-1.23650794661145e-05,-0.00383724533236762,-0.00165698042789497,-0.00145541299732432,7.9725893038507e-05,-0.00476208235219655,-0.00068828139069943,-0.0048676783804753
21:33248173:T:G,-0.00323097828376184,-0.00117531965156248,3.05081316476219e-05,-0.00197803989577361,0,-0.00247733591702293,-0.000102306319736734,0.309471270453402,-0.00895919134731038,-0.00127738485199469,-0.00216984742341575,-0.00218505875909525,-0.00646760122074541,-0.00317214676308231,-5.10171881802357e-05,-0.00093252430713342,-0.0125753923017324,-0.00189035734566811,-0.00236206566615937,-0.00530950290878573,-0.00304771044843122,-0.00244735300282706,4.88535746177021e-05,-0.00298807596868533,-0.0045031847913326,-0.0028121664491465,4.88535746177021e-05,8.47631270417537e-06,0,-0.0015413833548199,-0.00181748530951564,-0.000844384615358074,-0.00420822047716829,-0.0045724226046584,-0.00158383697373488,-0.0032570807217609,-0.00251014076656819,0,-0.00309250731075661,-0.000221322628326082,-0.0095444398469513,-0.00027674855028792,-0.000329933919354097,-0.0110844509698396,-0.00568332369502,-0.00536261375357672,-0.00398230792248144,-0.00985174092817598,-0.00355068339634057,-0.00235117818348574,-0.0031498087432702,-0.00125075347889325,-0.000152753593500421,-0.00746511905309077,-1.09107671324438e-05,-0.00148112990424387,-0.00244735300282706,-0.00558645899517396,-0.00478482647427114,-0.000648712389026862,-0.000918322669241967,-0.000295955664094461,-0.00336405270778872,-0.00503071774172659,-0.00364140279834269,-0.0104966785263994,-0.0273260929814572,-0.00236395191674443,-0.00218097469770751,-0.0160823870808269,-0.0100745717878588,-0.00113949757625909,-0.00778221472664509,-0.00137395248295524,-0.00206984349411288,5.98851231456976e-05,-0.000374646254649225,-0.00236803418050258,-0.00439988571527206,-0.000155835235410073,-0.00302805406950668,-0.00614427049583455,-0.00209283608666855,-0.00236384331597961,-0.00125310106409415,-0.00272364456169649,1.66093057440975e-06,-0.00015762046699308,-0.00572940181693049,-0.00156386291996569,-0.00127635787830904,-0.00514561306918981,-0.00103826104692439,-0.000955029929428086
21:33249520:A:G,-0.0138905155511519,-0.00153605940501222,-0.00065177221862589,-0.00942704066542177,0,-0.00745157159338472,-0.00242370293100524,-0.00895919134731038,0.350170857750985,-0.00178310289288852,-0.00556367410558023,-0.00187831391631921,-0.00300290884454446,-0.00491886842658618,-0.00376063888261058,-0.00299642328963223,-0.00273034271940142,-0.0016093182692325,-0.00421374640264016,-0.0127570222602333,-0.000747904559066814,-0.0026237059370855,-0.00499328850265179,-0.00315373530734098,-0.0033521578760034,-0.00284542748287686,-0.00499328850265179,-0.00269660253654092,0,-0.00296350475547813,-0.00439628009736603,-0.0051455205773161,-0.00181558172665897,-0.000432374271141178,-0.00114046660686018,-0.00582136502488995,-0.00732983510031104,0,-0.00617680649296037,-0.000472853278497443,-0.00239152345829385,-0.00228557034703769,-0.00317338243012788,-0.00451801908404947,-0.00521805818065468,-0.00266138998796128,-0.000678794602432031,-0.00476186887140395,-0.00938986735381819,-0.005938192805377,-0.00908761654466517,-0.000891970729514746,-0.00427504661504319,-0.00538194598383201,-0.00268823022042941,-0.00762567247324952,-0.000888335025272191,-0.00575583618208508,-0.00432909809578685,-0.00204249774177434,-0.00278451213793751,-0.00133446585934216,-0.00667605442642927,-0.0104596219584332,-0.00744833246795995,-0.000331906527240911,-0.00255814434707657,-0.00569823703215366,-0.0026597359723457,-0.000979009150345878,-7.45892322275843e-05,-0.00440875302196853,-0.00301345546071019,-0.003103523283154,-0.00153009064953169,-0.00330968797611586,-0.00150746083453246,-0.00239346712455291,-0.0032567215857231,-0.0010497440984345,-0.00650413174828213,-0.00632946353316655,-0.00125955500269725,-0.00139370967571617,-0.006193757813588,-0.00284112230253086,9.9332306858102e-05,-0.00753866665814851,-0.00300179388106159,-0.000281489180930627,-0.00482365437604759,-0.00809753173481909,-0.0015418585692748,-0.00124811334527708
21:33253476:G:A,-0.00280921771698672,-0.000156941528519638,-0.00212993598416578,-2.72126730189726e-05,0,-0.00107529800631934,-3.95467290408291e-05,-0.00127738485199469,-0.00178310289288852,0.0895019297277493,-0.000990913898592183,-0.000106310859012027,-0.000205429895761888,4.72003274563093e-05,-0.00216655983821123,5.31991674774801e-05,-0.000342439086144175,-4.22045053394271e-06,-0.00161069368302069,-0.00223161976035868,-0.00317509887764977,-2.63602453181022e-05,8.21200237233199e-06,-0.00201151086718454,5.59851128079103e-05,-0.000452969390438263,8.21200237233199e-06,-4.22045053483089e-06,0,3.97238177995973e-05,-0.00639030383128603,5.25438690157642e-05,2.43620746278594e-05,-5.60722090066079e-05,-6.89881513329382e-05,-0.00521597479408342,4.27030249054994e-05,0,-5.31148931059988e-06,-0.00202511268583105,-0.00562840260245867,7.22006821263221e-06,7.22006821263221e-06,-0.00219703145304617,-0.00306254159847796,-0.000271231311547382,-0.00139265370282438,-9.75948332131438e-05,-7.22129319132847e-05,0.000165984843785161,-0.00620181381999085,-0.00258570316137074,-1.58317910168293e-05,-0.00164415940003959,-2.08204868901163e-06,-5.60722090066079e-05,-2.63602453181022e-05,-0.00123811067894319,3.89538802263445e-05,-0.00024334571713247,-2.63602453181022e-05,-7.57341779182852e-05,1.8486480030333e-05,-4.81361698847493e-05,-0.00172396239065709,1.8486480030333e-05,-0.00440619490898708,-3.14406621626517e-06,-2.88783458897157e-05,-0.00078222329887101,-0.00499004858690366,-0.000151791384413791,3.41070247840136e-05,-5.91183569866871e-05,-0.00333553062616954,-0.000953030971253099,-0.000192185992204053,2.11784200843113e-05,-0.00292890053117567,-5.60722090066079e-05,3.2028334612022e-05,-3.14406621626517e-06,-3.14406621626517e-06,-0.00177259897434467,-0.00200978721006084,-0.000492740020324511,-1.23904191751123e-05,-0.00155577264409779,-0.00148221777795765,-3.01634273194296e-05,8.21200237233199e-06,-4.22045053483089e-06,-0.00193975460814944,5.19554885158868e-06
21:33258839:A:G,-0.00170525864592364,-0.00590585691107215,-0.00421896216974815,-0.000645776697336231,0,-0.00354001860173625,6.19565327335536e-05,-0.00216984742341575,-0.00556367410558023,-0.000990913898592183,0.141851004147512,-0.00324311088851648,-0.00389018597509505,-2.82072907644704e-05,-0.0041714660568184,-0.000505248205793229,-0.00143311082732822,1.44776699437799e-05,-0.00169508681163677,-0.00174735722878916,-0.00436150381466138,0.000117796285423744,-4.45054896447417e-05,-0.0010952100726862,-0.000534196048949553,-0.000931914916586507,-4.45054896447417e-05,1.4477669944668e-05,0,-0.000212807382701463,-0.000550457046939901,-0.000594646146824473,-0.00013829201083837,0.000238834923385056,-0.00230785415408974,-0.00145326165259974,-0.000358103392595233,0,1.81961579581724e-05,-7.26012737732873e-05,-0.000336088810012125,-4.10942320305807e-05,-4.10942320314689e-05,-0.00311228600347668,-0.00590756579322793,-0.00309972609070286,-0.00475452685318611,-0.00400646529472759,-0.00160641624396618,-0.00021419149797719,-0.00020359354588706,3.74161954539431e-05,-0.00222674558360758,-0.00230883434024065,7.16084935614703e-06,-0.00362518215403362,0.000117796285423744,-0.00768309895796104,-0.000215667966938504,-0.00271579455211057,0.000117796285423744,-0.000350367017048825,-0.00121527766027718,-0.00337078383233269,-0.000184889761655427,0.000309687467067832,-0.00216402659627413,1.07994489244589e-05,0.000126182525782781,-0.00327985055703994,-5.22254374653031e-05,-0.00359077882509862,-0.00663525847638979,-0.000650522519725527,0.000103971507537715,-0.000540096898776987,-0.00052388153317473,-0.000107198034553058,-0.00449533657956902,0.000238834923385056,-0.000164401143756265,1.07994489244589e-05,1.07994489244589e-05,-0.00351760060859529,-0.00257691549187911,-0.000521933508391914,5.71557769104558e-05,-0.00437922454360162,-0.00222674558360758,-0.00222672250932554,-0.000909835703157391,1.4477669944668e-05,-0.00350927794488776,-3.41576705773505e-05
21:33262180:A:G,-0.00305516546736939,-0.000267070593810814,-0.000190427956136219,-0.00149836343577991,0,-0.00315390966930362,-0.00179160582393489,-0.00218505875909525,-0.00187831391631921,-0.000106310859012027,-0.00324311088851648,0.200399537844601,-0.00127478211683041,9.63975127721284e-06,-0.000175748770114836,-0.00138300589500684,-0.00164364406945916,-0.00206210902106552,-0.00118142326032178,-0.00862138606986651,-0.000376024523127683,-0.000780624894114013,3.31499420767045e-05,-0.000129038350836108,-0.00104166322578969,-0.00423161451253318,3.31499420767045e-05,-2.15397272729234e-05,0,-0.000847489298151594,-0.00127836267240555,-0.00120505257300074,-0.000704620039836179,-0.00317299200077592,-0.000979241006855425,-0.000423706964520321,-0.00349004332266478,0,-2.71622167318242e-05,-0.00105188147908919,-0.00123393738923294,-0.00453117128371439,2.8139536688343e-05,-0.00314056376500904,-0.00553848047987948,-0.0022429235997099,5.47483776021096e-05,-7.12789150369986e-07,-0.00120983309819866,-2.18911161411484e-05,-0.00548187702757064,-0.00491498533911194,-7.28833244014737e-05,-0.00668078189161836,-1.05844444320269e-05,-0.008560858680287,-0.000780624894114013,-0.00592438617017876,-0.00015543322382694,-0.00493362827058252,-0.000119247659024602,-0.000213373195284028,-0.00174029491598926,-0.00845351684830797,-0.00931240248448395,-0.00215728572752028,-0.00609671458910199,-0.00196209389411273,-0.00459613279014981,-0.0063808732445807,1.97324728565818e-05,-0.00623235571014202,-0.000166239662454437,-0.00369455989463585,-0.00418106672265939,-0.000435982371584487,-0.00329640754403115,-0.00114531829383235,-0.00269448681432438,-0.001007849419838,0.000134284613436897,-1.0419727485278e-05,-1.60145925978128e-05,-0.00265017030685311,-0.0007131284488473,-0.00612712515761338,0.000217490676803322,-0.0016100398485861,-0.00152750478140451,-0.000273790177032218,-0.0101426305944035,-1.57927773960509e-05,-0.00294049642338035,-0.00210850837295418
21:33264167:T:C,-0.000226839697597292,-0.00453816933946305,7.94223732514254e-05,-0.000643707995665821,0,-0.00141559867015228,-0.000851734326224651,-0.00646760122074541,-0.00300290884454446,-0.000205429895761888,-0.00389018597509505,-0.00127478211683041,0.223388063710447,-0.000771522531385571,-0.000220118822824134,-0.00382452152186907,-0.00418028687102145,-0.00408019516468627,-0.0028998881092166,-0.00629643790983669,-0.000640146063796365,-0.000859246116180934,-0.00283720340847804,-0.00891114268657534,-0.000582212851280239,-0.000140219624030102,-0.00283720340847804,-0.000891555071905969,0,-0.00222455396185417,-0.0080639633052848,-0.000660205744173581,-0.00217584102593005,-0.000101769682045116,-0.000136422086467469,-0.00207555355663747,-0.000534378040841332,0,-0.000390847360574931,-0.00290773257799692,-0.0139446050852818,-0.000525666484203491,-0.00345407971802913,-0.00261230369207688,-0.00183579294536163,-0.00363456414201302,-0.000358965351128226,-0.00592830232182262,-0.00242602638881362,-0.00180636077413165,-0.00171588595970062,-4.71214405095566e-05,-0.00158788517489494,-0.00993619591554262,-1.61860043181861e-05,-0.000789101278860116,-0.00250091514277084,-0.000137230976003266,-0.0001982474237332,-0.00332852196874533,-0.00209898380310847,-0.00274836399875156,-2.82626092698024e-05,-0.00563367903279399,-0.0022752396326724,-0.00191622603716812,-0.0143991371876719,-0.0026660297003378,-0.00216990535280281,-0.00177935600290091,-1.90216846185365e-05,-0.00260193670962794,-0.00235958206396969,-0.000860175164749677,-0.00504302761949038,-0.000718812933213187,2.17871522991686e-05,-0.00226843806967647,-0.00251585485907002,-0.00134526848458716,-0.00101292172169565,-0.00237927656034209,-0.00241232813393122,-0.00256455670811029,3.29421270928165e-05,-0.00292152905208098,-7.86171800415403e-05,-0.00355077231804124,-0.0020988686795933,-0.00703383665091994,7.24723507978808e-05,-0.00264033278211784,-0.00105763143278192,-0.00385263177436013
21:33266659:G:A,3.58193503844362e-05,-0.00347719380235567,-0.00337594134148933,-5.05745228993604e-05,0,-0.00487338165837059,-0.00457790121703816,-0.00317214676308231,-0.00491886842658618,4.72003274563093e-05,-2.82072907644704e-05,9.63975127721284e-06,-0.000771522531385571,0.285872327438466,-0.00349082138730505,-0.000196976652152792,-0.00324945036969648,-0.00680748955825461,-0.00333809818602049,-0.00162628646245855,1.98394919443956e-05,-0.00235485945677816,-2.72388222812836e-05,-0.000821422925576965,-0.000500454769330361,-0.000238219821646624,-2.72388222812836e-05,-0.00526918264877807,0,-0.00155737888836249,-0.00209201831486894,-0.00533956423995186,-0.00910416016501525,-0.00109103816298362,-0.00339059930027652,-0.00610777394487183,-0.0079326337227652,0,-0.00162483348118769,-0.00247041729666808,-0.00252507355812526,-2.47628742933159e-05,-0.00272703721079193,-0.0134970011031079,-0.00425826804078477,-0.0042597073865509,-0.00237564148953417,-0.00302278190768845,-0.00157993797047329,-0.00282342562579174,-0.0118769448266471,-0.000409203737412156,4.20735744217637e-05,-0.00579984670915934,-0.00227356835288806,-0.000317933946884175,-0.00235485945677816,-0.000952325647523899,-0.00132681843427029,-0.00409245291392324,-0.00109339543750853,-0.00059063028772055,-0.00313049561757328,-0.0125735590436777,-0.0111346115886031,-0.00629412078614155,-0.00459842276298517,-0.00206409725733536,-0.00611611695398562,-0.0126204108988563,-0.0131090766025057,-0.0153082754940703,-0.000801912588139331,-6.57965396326787e-05,-0.00239066724335402,-0.000659533977008131,-0.000141041436616973,-6.93205707422706e-05,-0.000622127888632029,-9.07743934668304e-05,-0.000642555508960641,-0.00241173402940742,-1.37788605982792e-05,-0.00353806189863715,-0.00056821267620677,-0.00981163389482376,3.4510734873372e-05,-0.00489303608060077,-0.00250637649449104,-0.00297732149573449,-2.72388222812836e-05,-0.00232780964570445,-5.4332871385121e-05,-0.0024134448753248
21:33266987:T:C,5.26711016695103e-05,-6.68932429599423e-05,-0.00160191458117964,-0.000989439535610259,0,-0.000889011538418139,-0.00171939930981768,-5.10171881802357e-05,-0.00376063888261058,-0.00216655983821123,-0.0041714660568184,-0.000175748770114836,-0.000220118822824134,-0.00349082138730505,0.107535662101626,-0.000122960351613521,-0.000684679635726493,7.29560649137539e-06,4.21584951828535e-05,-0.00415638711382949,-0.00182207838777604,5.03383487044928e-05,-1.81380556796285e-05,-0.00513526997939451,-0.0001353418351,-0.000145524942328557,-1.81380556796285e-05,7.29560649137539e-06,0,-9.06682677772608e-05,-0.00375080986916654,-0.000121659814563913,-0.00288904541540713,-0.00343310452402878,-0.00450309167160245,-0.00014956049153092,-9.6443446884642e-05,0,9.16395855909968e-06,-0.000616973233585227,-0.00302508281287039,-1.63742651011489e-05,-1.63742651011489e-05,-0.000704030738956529,-0.000977937074979618,2.61032152959473e-06,-0.000894765536614273,-0.000459114654296933,-2.17932658408415e-05,-0.00158376013088724,-0.00252822824865495,1.87850562003433e-05,-0.000671208022210656,-0.00151309392846999,3.61273129012574e-06,0.000100847381828473,5.03383487044928e-05,-0.00172522051005952,-8.91857831666343e-05,-0.00113433699630239,5.03383487044928e-05,-0.001885065747671,-0.00325432430693606,-0.000381089408898472,-0.0021020050079823,-4.08272881440297e-05,-0.00394493572772614,5.44527983503684e-06,5.43532839820671e-05,-0.000587967379553689,-8.47158943928505e-05,-0.000244718596607907,-0.00622870544082321,-0.00155263277458495,-0.00167601257947769,-0.000436096162848898,-8.91857831666343e-05,-4.57828913562608e-05,-0.0024806688128054,0.000100847381828473,-7.07219090818612e-05,5.44527983503684e-06,5.44527983503684e-06,-0.00846367923496416,-0.00277103179277205,-0.000353883044992731,2.44637672501824e-05,-0.00216655983821123,-0.00241934596095383,5.63886381241829e-05,-0.0010381596821647,7.29560649137539e-06,-0.00330648258496602,-1.27935938447621e-05
21:33268497:G:C,8.15906025861679e-05,-0.00118931074724138,-0.000330820359423889,5.82845523542375e-05,0,-0.000392052710859403,-0.00791499577313193,-0.00093252430713342,-0.00299642328963223,5.31991674774801e-05,-0.000505248205793229,-0.00138300589500684,-0.00382452152186907,-0.000196976652152792,-0.000122960351613521,0.073289300469404,-0.00183316005200851,1.07074779975846e-05,6.54534132351614e-05,-0.00205330323870445,0.000154289554427756,8.03990098141583e-05,-2.874438422662e-05,-0.00195555073734077,-0.000202030497013617,-0.000214813040637196,-2.874438422662e-05,1.07074779984728e-05,0,-0.000137221008245092,-0.000947960391276759,-0.000180961013172443,-8.78539359083774e-05,0.000165517602681575,0.000189401565271474,-3.86642770546786e-05,-0.000144866375206831,0,1.34598009662312e-05,-0.00429499555385693,-0.00111189200461759,-2.62166846027867e-05,-2.62166846036749e-05,-0.00218607250011971,-0.00435014693822122,-0.001974580173707,0.000158633300125111,-0.000472916045960226,0.000203611843917706,-0.00052544444240521,-0.00328317160219171,2.7700393235186e-05,4.72771409762984e-05,-0.00231034420573284,5.29437992735637e-06,0.000165517602681575,8.03990098141583e-05,0.000184016919736685,-8.86467633067767e-05,-0.00110757955170637,8.03990098141583e-05,-0.000780913909252945,-6.35001963171788e-05,-0.00155646272046539,-0.00141427331303312,-6.35001963171788e-05,-0.00252661926507791,7.98584106576072e-06,8.66297173081065e-05,-0.00165080284650099,-8.08483393610615e-05,-0.0028013933645763,-0.000122960351611745,-0.00154501219558689,0.000232886227472306,0.000614246013503461,-0.000135254426092857,-7.04119127394875e-05,-0.00175639213271239,0.000165517602681575,-0.000107460517726921,7.98584106576072e-06,7.98584106576072e-06,2.19061639974427e-05,-0.00871877109142094,-0.00227428780881755,3.86378141534749e-05,-0.000939570038910986,4.72771409762984e-05,8.97975456162214e-05,-2.874438422662e-05,1.07074779984728e-05,-0.000397533326592203,-2.10748840947517e-05
21:33269438:T:A,-0.00410475524668419,-0.00111404299625173,-0.000729680854842485,-0.00380410350299432,0,-0.00198913522600908,-0.00088371685468136,-0.0125753923017324,-0.00273034271940142,-0.000342439086144175,-0.00143311082732822,-0.00164364406945916,-0.00418028687102145,-0.00324945036969648,-0.000684679635726493,-0.00183316005200851,0.271297410049468,-0.00132610348738815,-0.00177231434189418,-0.0131289704027551,-0.00214589268177789,-0.00327647582813473,-0.00618095580339073,-0.00227049201123775,0.000283291472631397,-0.000840461627875211,-0.00618095580339073,-0.000348674392695258,0,-0.000319871083272361,-0.0024670970187719,0.0003917248612888,-0.000544531308921847,-0.00098066457469681,-0.00515957918402332,-0.00168746052252189,-0.00159554243670801,0,-0.00312647447070713,-0.00457322956488859,-0.00184148611589352,-0.00269554772254033,-0.00292330696263665,-0.00867587342933529,-0.00543410462908911,-0.0013126977941571,-0.000178034965366614,-0.000685786769921926,-0.002426795273057,-0.000347309283010411,-0.00249682890982905,-0.004839825398677,-0.0047933966494158,-0.00180909736839441,-0.00864263951107702,-0.000847665802742981,-0.00607041827506816,-0.00905905059592715,2.69608749001726e-05,-0.00275008528658782,-0.00110753081658643,-0.000629479225568108,-0.000695570403490109,-0.00231309911167354,-0.00233627745082554,0.000168885363262206,-0.00171197731356854,-0.000157427680679945,-0.00481834699267214,-0.00784996909974023,-0.000394797081685105,-0.0119809093191319,-0.00317362387145526,-0.00533762827016382,-0.00598669327493218,-0.00902006623713802,-0.0036782636583399,0.000532963603698811,-0.00355370819989309,-0.00291132339008371,-0.00396883289974159,-0.00167243869100009,-7.79622381905654e-05,-0.00659293784892689,-0.00101452422183268,-0.00219253134498887,0.00024098895258895,-0.00967011113410088,-0.00690654786663725,2.20197440530256e-05,-0.00242766890137158,-0.00169437758921376,-0.00188203265603004,-0.000153950230469491
21:33271557:T:C,-6.96277754030916e-06,-0.00206074021385039,7.13972590116185e-06,-0.00180769815362858,0,1.67110326465547e-05,-0.00191526210583781,-0.00189035734566811,-0.0016093182692325,-4.22045053394271e-06,1.44776699437799e-05,-0.00206210902106552,-0.00408019516468627,-0.00680748955825461,7.29560649137539e-06,1.07074779975846e-05,-0.00132610348738815,0.087123412901696,0.000125763538555645,-0.00156075247182397,-1.3291338524013e-05,-6.25781156227134e-06,1.86310748251373e-06,-0.00175818877110867,1.1257629122241e-05,1.2055758094931e-05,1.86310748251373e-06,-6.59992842253487e-05,0,8.31103193466021e-06,-0.00173225433866797,-0.000622258698045108,5.34493958337379e-06,-1.3936621939159e-05,-1.72403449543168e-05,-8.74746543297888e-05,-0.000443596782490729,0,-1.17236798757858e-06,-0.000106498472229433,-0.00356580935709783,-0.00168989618354853,0.000800167069592739,-0.000353752785076544,-0.000341293676894949,-0.000282286247550445,-0.000491745778019137,-0.00202382047390515,-1.82389194440802e-05,0.000188623249217201,-0.00236180964000532,-2.45144442434508e-06,-3.66819194397294e-06,-0.00291132780798264,-4.56918383129334e-07,-1.3936621939159e-05,-0.00156412731116973,-1.59912535426798e-05,8.17364136818099e-06,-2.21088908212153e-05,-6.25781156227134e-06,0.000424600634978844,4.07925330581094e-06,-0.00409878763816085,-0.00243982577174151,4.07925330669912e-06,-0.000321885572641456,-7.62422875206781e-05,-6.86545936368077e-06,-9.28368992054729e-05,-0.00293726891956325,-0.0135652955867842,-0.00146323577186536,-1.47367571683432e-05,-2.10943392726648e-05,1.52707130967045e-05,8.17364136818099e-06,4.61638645976592e-06,-0.00798992877379501,-1.3936621939159e-05,6.80587809753774e-06,-6.91299823607494e-07,-0.00213449520673148,-1.92619806149708e-06,9.42230626232998e-06,-0.00338164537651409,-2.87469436432986e-06,-4.22045053394271e-06,-3.66819194397294e-06,-7.17725393784008e-06,1.86310748251373e-06,-9.29751417189095e-07,-0.00165192432804862,-0.00292222769218498
21:33273326:C:T,-3.81143184879917e-05,-0.00267205031608952,4.11050018627179e-05,-0.00577451457151845,0,-0.00159363738678486,-0.000324972580163951,-0.00236206566615937,-0.00421374640264016,-0.00161069368302069,-0.00169508681163677,-0.00118142326032178,-0.0028998881092166,-0.00333809818602049,4.21584951828535e-05,6.54534132351614e-05,-0.00177231434189418,0.000125763538555645,0.132342374531161,-0.0021778382461628,-6.95010978226662e-05,-0.000757909836552884,-0.00161779763898107,-0.000894926095970749,6.86646297216598e-05,-0.00321927712058656,-0.00161779763898107,-0.00192948897939882,0,4.91119481056401e-05,-0.000992836058272051,-0.00136222341699455,-0.00196039151820759,-0.00421257717862211,-0.00247966530713928,-0.00197014788967209,-0.00084709306731412,0,-0.0021549884369918,-0.000655847081774574,-0.000337143231417869,-0.00213080376435748,0.000206914610794584,-0.000768227881509986,-0.00227010547535667,-0.00460255353840822,-0.00117230084007414,-0.000195472507353855,-0.000180865948709474,-0.00119734941949012,-0.00206472503319599,-1.40727225517168e-05,-0.00153653567706513,-0.0208206561799713,-2.65394565790444e-06,-7.19678729410589e-05,-0.000757909836552884,-0.000206712364471784,-0.00266740308054469,-0.000534033049038207,-0.000757909836552884,-5.23163631065415e-05,-0.0001235686833434,-0.00333410770983988,-0.00128860135789077,2.30235870510853e-05,-0.00126236619463471,-4.00956846213774e-06,-3.67720979266295e-05,-0.00141553632216151,-0.0020822040948909,-0.00242126866107872,-3.47386493020352e-05,-0.00112072922050022,-0.00130738511463147,0.000100800198130635,-0.00266740308054469,2.64017339715039e-05,-0.000260119823114024,-0.000887768610051687,3.97620999619264e-05,-4.00956846213774e-06,-4.00956846213774e-06,-0.00182510650347556,-0.00180445202460167,-0.000482980698599089,-1.56644971252007e-05,-0.00161069368302069,-0.00153653567706513,-3.8442501464786e-05,-0.00161779763898107,-5.38482554013342e-06,-0.000533673956676139,-0.00466757264416007
21:33274026:G:A,-0.00414085317675905,-0.0136930912681787,-0.00349736497902242,-0.00533705303107457,0,-0.00763383179086619,-0.0206537382088792,-0.00530950290878573,-0.0127570222602333,-0.00223161976035868,-0.00174735722878916,-0.00862138606986651,-0.00629643790983669,-0.00162628646245855,-0.00415638711382949,-0.00205330323870445,-0.0131289704027551,-0.00156075247182397,-0.0021778382461628,0.357943028761468,-0.00206683238525107,0.000793154562829024,-0.00590048134198184,-0.00964548099620766,-0.00144892243598749,-0.00102147541185715,-0.00590048134198184,-0.000227153380426337,0,-0.00453053984797513,-0.0101604956563364,-0.00673349338556317,-0.00169861111491931,-0.00135080753645944,-0.00102124181778995,-0.000227028808715612,-0.00215222140541549,0,-0.00271068817507558,-0.00128215252272756,-0.00507571465357737,-0.00175072756189465,-0.00137162435467175,-0.00811043142945067,-0.00641377670222543,-0.0050238800406639,-0.00209124133219962,-0.00482242892882567,-0.00123457895154111,-0.00173538847055443,-0.00304430817293477,-0.00373449243157165,-0.00143160205849213,-0.00506939881997237,-7.13270484036244e-05,-0.000291773326704714,-0.000829856114434868,-0.000109466909521849,-0.00325073044974733,-0.000591551324644168,-0.000812255489172742,-0.00915687383090313,-0.00351915551365511,-0.00850945345261689,-0.00360466828061234,-0.00370356296498198,-0.0035621930272014,-9.78455567919312e-05,-0.0063748270591617,-0.00207077463162708,-0.00123466371517322,-0.00394367485872049,-0.00535080398878529,-0.00575147162528999,-0.00132690276541592,-0.000497822958738681,-0.00151255385876414,-0.00525128511573492,-0.00198150394849517,-0.0107868420545119,-0.00922839751215321,-0.00320933911612453,-0.00686606576559967,-0.00303380477388515,-0.000523328284643299,-0.000763510596918593,-0.000260869100571881,-0.000530584308623183,-0.000642059650569848,-0.00410067332097874,-0.00349352515667523,-0.00114178495717532,-0.00106591007946299,-0.0140719928294732
21:33274698:T:C,-0.00043951957346966,-8.53287176845186e-05,-0.00178719314253861,-0.000166193318765551,0,-0.000620424880477088,-0.00148439070789941,-0.00304771044843122,-0.000747904559066814,-0.00317509887764977,-0.00436150381466138,-0.000376024523127683,-0.000640146063796365,1.98394919443956e-05,-0.00182207838777604,0.000154289554427756,-0.00214589268177789,-1.3291338524013e-05,-6.95010978226662e-05,-0.00206683238525107,0.0955758066858086,-7.64092588161347e-05,2.28148322607424e-05,-0.00131118709552425,-0.00424820555932026,0.000176667894655758,2.28148322607424e-05,-1.32913385231248e-05,0,0.000113781480401087,-0.00522063205862322,0.000152118351354424,6.75706317991853e-05,-0.000162221590878531,-0.000379348924932188,2.0785024710257e-05,0.000123531629986573,0,-1.67279972922429e-05,-0.00108546481785154,-0.00517190863195838,1.96647252135307e-05,1.96647252135307e-05,-0.00465007104575177,-9.61613430110475e-05,-0.00279437157400242,-0.000108384904984327,2.80971548765052e-05,-0.00225507151890714,-0.00148198636574559,-0.000131568006684013,-8.8409680446766e-05,-4.66122919622336e-05,-0.00155448852416473,-0.00187273536584165,-0.000162221590878531,-7.64092588161347e-05,-0.000633796287755395,-0.00197036528734618,-0.0020725626764575,-7.64092588161347e-05,-0.00394778251345596,5.22484429348324e-05,-0.000609026315552263,-0.00150007172162159,-0.00456165505841888,-0.000506530531497962,-9.90111886789435e-06,-0.000553683592332099,-1.97662960692568e-05,-0.00236933858549371,-0.000217531338847277,-0.00362196804211568,-0.0018291781603077,-0.000329658212783634,-0.000972366511290623,0.000111260828525417,6.08740299075095e-05,-0.00405742568830014,-0.000643497828741069,9.23906047782808e-05,-9.90111886789435e-06,-9.90111886789435e-06,-2.73261978129824e-05,-0.00186404323241085,-0.000618164411191557,-3.58557834863049e-05,-0.0019980115119127,-0.000203759192430653,-8.8215267371794e-05,2.28148322607424e-05,-0.0016039528952696,-0.00129136367078608,-0.00255110306320461
21:33279114:T:G,-4.29475481515951e-05,-0.00019519358656872,4.90020235206501e-05,-0.0063925480153566,0,-0.0023921780926921,-0.000875686973602186,-0.00244735300282706,-0.0026237059370855,-2.63602453181022e-05,0.000117796285423744,-0.000780624894114013,-0.000859246116180934,-0.00235485945677816,5.03383487044928e-05,8.03990098141583e-05,-0.00327647582813473,-6.25781156227134e-06,-0.000757909836552884,0.000793154562829024,-7.64092588161347e-05,0.0724737819738221,1.19025076772417e-05,-0.00270823141628096,8.42963181257872e-05,9.28362034464669e-05,1.19025076772417e-05,-6.25781156138316e-06,0,5.92413570075223e-05,-0.00241869072165279,7.93276125454767e-05,3.56525764120263e-05,-7.89461959671556e-05,-0.00249618938304152,1.21592952586624e-05,6.3999261046277e-05,0,-7.8693623493109e-06,4.31485321001901e-05,-0.00208221219802596,1.04089365695614e-05,1.04089365704496e-05,-0.0027419414041514,-0.00290965948596611,-0.000901835732666001,-0.0020610748262726,-0.000189032378393961,-0.000101004465540733,-0.00145198965502491,-0.00223548628782044,-1.6227227409793e-05,-2.29167140259889e-05,-0.000684921309671793,-3.0918953148884e-06,-7.89461959671556e-05,-3.77777961624304e-05,-8.96294620922333e-05,5.80157967826622e-05,-0.000119017679213407,-0.00129968638378219,-0.000105763374410373,2.70831327391363e-05,-0.00114263880437981,-0.00227112187712475,2.70831327391363e-05,-0.00250584757039096,-0.00109690334044732,-4.13785014012902e-05,-0.00105468829788524,3.13654917132311e-05,-0.00104308253108698,5.0338348705381e-05,-8.31405758638937e-05,-0.00011415181881258,0.000128849227325034,5.80157967826622e-05,3.1217820278151e-05,-0.00647467751353581,-7.89461959671556e-05,4.76053942000121e-05,-4.6654358438758e-06,-0.00668676999377826,-1.28225886291133e-05,6.78713100263906e-05,-0.00287111800205775,-1.7903192986779e-05,-2.63602453181022e-05,-2.29167140259889e-05,-4.32115395199162e-05,1.19025076772417e-05,-6.25781156138316e-06,-0.00107171317874677,7.36748835006296e-06
21:33281510:A:G,1.28947299895543e-05,-0.000449775074804926,-1.77125293614466e-05,-0.00785983937590728,0,-5.72961765525903e-05,-0.00161244977867003,4.88535746177021e-05,-0.00499328850265179,8.21200237233199e-06,-4.45054896447417e-05,3.31499420767045e-05,-0.00283720340847804,-2.72388222812836e-05,-1.81380556796285e-05,-2.874438422662e-05,-0.00618095580339073,1.86310748251373e-06,-0.00161779763898107,-0.00590048134198184,2.28148322607424e-05,1.19025076772417e-05,0.107688025455461,-0.00113125668671454,-0.000920532503202232,-3.38075766865842e-05,0.00277984979178481,1.86310748251373e-06,0,-2.09964302140264e-05,-0.00125699841687599,-2.83898267525728e-05,-1.2737441215549e-05,-0.00319277621886993,-0.000481167425580686,-4.81244388161883e-06,-2.25407361238439e-05,0,0.00151515153350346,-0.000560785380285367,-0.00143692757221725,-3.67455191163657e-06,-3.67455191252475e-06,-0.00156805386959924,-0.000787191548734079,-0.00567122105150819,-9.30962227929655e-05,-0.00161889570932683,-0.000563229574180646,-0.000796811769350647,-0.00561568857944117,-0.00145214263042348,7.22210661852074e-06,-0.00339844181114213,9.23086590276512e-07,2.38591575163483e-05,1.19025076772417e-05,2.66216432551758e-05,-2.06005351675032e-05,3.42806197037859e-05,1.19025076772417e-05,-0.00179354015771427,-9.39372846264774e-06,-0.00285158801389152,-0.0118228458901726,-9.39372846264774e-06,-0.000488712868686569,1.39095311180171e-06,1.29123543022303e-05,-0.00401729642158966,-1.13982606970708e-05,-0.00433118816582212,-1.81380556787403e-05,2.49506198777283e-05,3.30997204462946e-05,-4.82259795866469e-05,-2.06005351675032e-05,-0.00367611499121345,-0.00396696710440203,2.38591575154601e-05,-0.00863840152687434,1.39095311180171e-06,-0.000168347440030914,3.79572225384095e-06,-2.4635256126615e-05,-0.00470644270837361,5.76990006351252e-06,-0.00341286548970832,7.22210661852074e-06,1.34238773039641e-05,-4.12860833787221e-06,1.86310748251373e-06,-6.11478785295105e-06,-2.75352025980169e-06
21:33286592:T:G,-0.000760007584034383,-0.0018396919433874,-0.00843985882922027,-0.00301418413913046,0,-0.00584235190585813,-0.00273480056494702,-0.00298807596868533,-0.00315373530734098,-0.00201151086718454,-0.0010952100726862,-0.000129038350836108,-0.00891114268657534,-0.000821422925576965,-0.00513526997939451,-0.00195555073734077,-0.00227049201123775,-0.00175818877110867,-0.000894926095970749,-0.00964548099620766,-0.00131118709552425,-0.00270823141628096,-0.00113125668671454,0.293939963725782,-0.000154756417309887,-0.00338657787342811,-0.00113125668671454,-0.00104019487827323,0,-0.000836719375683526,-0.0117280640940525,-0.000149162002622383,-0.000448140552627763,-0.00133962960613232,-0.00218865352882291,-0.00101823433771298,-0.00245494105508293,0,-0.00151910644933739,-0.0128812109605936,-0.0197096183589003,-0.000301775022209405,4.78516739779167e-05,-0.00247978511011038,-0.0011430711791065,-0.00330094077973087,-0.00281002831465615,-0.00902629524177634,-0.00109647472494778,-0.000401656015252883,-0.00405609105332028,-0.00641521755929153,-0.00365699331527924,-0.00221518198892134,-0.0022400318075988,-0.00204177732948363,-0.00221236509158373,-0.00448398428918662,-0.00317051563201654,-0.00673307525076794,-0.00270823141628096,-0.000630745111199982,-0.000706813966957931,-0.00233038018137011,-0.00380517933539348,-0.00214047306013754,-0.00301359082857866,-0.00589961035032083,-0.00362227876425081,-0.00508761068330932,-0.000779575680705413,-0.00348658228125975,-0.00526266368491335,-0.00140056947623757,-0.00856589806377528,0.000117378694846515,-0.00406863245013112,-0.00270998194654037,-0.0166390157195777,-0.00522083949198482,-0.00148675190018643,-0.00221731072167142,-0.000779721871674077,-0.00190400571578753,-0.00206892943068793,-0.00286507946072279,6.48119317450124e-05,-0.00203538265471792,-0.00162608628384397,-0.00322938312683618,-0.00333901235057343,-0.00501098873458172,-0.00119687604676511,-0.00200866441760095
21:33288463:T:C,-0.00483812154824204,-0.00653782688510507,-0.00312738581044858,-0.00294968836827447,0,-0.00275035597831508,-0.000192274697109696,-0.0045031847913326,-0.0033521578760034,5.59851128079103e-05,-0.000534196048949553,-0.00104166322578969,-0.000582212851280239,-0.000500454769330361,-0.0001353418351,-0.000202030497013617,0.000283291472631397,1.1257629122241e-05,6.86646297216598e-05,-0.00144892243598749,-0.00424820555932026,8.42963181257872e-05,-0.000920532503202232,-0.000154756417309887,0.163270458018405,-0.000239479633184381,-0.000920532503202232,1.12576291213529e-05,0,-0.000150803963635759,-0.00176876804103054,-0.000539629190945412,-0.00309244232582451,0.000170525389422416,-3.83697927812676e-05,-0.00145656764219382,-0.000319179428263539,0,-0.0013956232822494,-0.00221413752206967,-0.00205843653273918,-0.00142930473330694,-2.82944246325911e-05,-0.00163580434567345,-0.00195565423056765,-0.0015496779891242,8.14883562814117e-05,-0.00300446009189237,-0.00199611646603959,-0.00608178690861383,-0.0103598536368095,-0.00124673205544479,4.98422844881219e-05,-0.000384695081637521,5.57014273638856e-06,-0.00292344456827909,-0.00242298826172416,-0.00480691867478633,5.6824236086328e-05,-0.00385628587851716,8.42963181257872e-05,-0.00224271723982383,-6.88296598436722e-05,-0.0017175954950801,-0.00555859453492058,-0.00328219881652103,-0.00575281523898141,8.39899092763829e-06,9.06862761453908e-05,-0.000218904922761887,-0.000226044964904304,-0.00441738866504604,-0.00416331321454955,-0.00578512664310349,-0.00208577829140832,-0.000661582947206973,-0.000148669737582097,-7.62362110577897e-05,-0.00335836913502252,-0.00142051808220245,-0.00011718083737744,-0.00277256373195112,-0.00277256373195112,2.29995402651895e-05,-0.000377143389068912,-0.00469392800623414,4.08631275305993e-05,-0.00195173117606018,-0.00224185545441902,-0.00234678630933072,-3.09770075421767e-05,-0.00268844029674753,-0.00585094939098418,-0.00147260303697916
21:33293998:G:A,-0.00302357321209179,-0.00103378216468286,-0.000143134568044267,-0.00343827648760975,0,-0.00105688827504924,-0.00336960856264756,-0.0028121664491465,-0.00284542748287686,-0.000452969390438263,-0.000931914916586507,-0.00423161451253318,-0.000140219624030102,-0.000238219821646624,-0.000145524942328557,-0.000214813040637196,-0.000840461627875211,1.2055758094931e-05,-0.00321927712058656,-0.00102147541185715,0.000176667894655758,9.28362034464669e-05,-3.38075766865842e-05,-0.00338657787342811,-0.000239479633184381,0.102238579324037,-3.38075766865842e-05,1.2055758094931e-05,0,-0.000161492210865255,-0.00387144845747978,-0.000153224284777487,-0.000103884033078927,0.000190131334061761,-0.00302699630493741,-4.66514401447071e-05,6.93839237762006e-05,0,1.51534617849336e-05,4.38348078199979e-05,-0.00246908235726639,-3.09615452902534e-05,-3.09615452911416e-05,0.000764274690192579,-0.00656280128939279,-0.00231305228323464,-0.000841722803179401,-0.00263394229151892,0.000232644855423736,-0.00128286294338942,-0.00141475484315912,-0.0012082130942197,5.44786163096944e-05,-0.00276951777279688,5.96196455937559e-06,0.000190131334061761,9.28362034464669e-05,-0.0026704686320782,-0.00452967869567633,-0.0019952098242948,9.28362034464669e-05,-0.00318757944674886,-7.45821458991713e-05,-0.00202746641708051,-0.00249938891635315,-7.45821458982832e-05,0.000141417310809189,8.99211149540946e-06,9.98333390924699e-05,-0.000478880529612979,-9.60188438865472e-05,-0.00411553264735076,-0.00014552494232678,0.000198259195592243,0.000266051992412031,-0.000351735271464371,-0.00206866439185571,-0.000244394598591491,-0.0010561038716963,-0.00281123474385936,-0.000125907513356616,-0.00143419810430778,8.99211149540946e-06,2.46566778567825e-05,0.000103938111875479,-0.000409758909919677,4.47604172366667e-05,-0.00318161578205345,-0.00311638968929717,-0.000524868067627082,-3.38075766865842e-05,-0.00135079780736547,-0.00372769095075576,-0.00107409336435804
21:33294115:T:C,1.28947299895543e-05,-0.000449775074804926,-1.77125293614466e-05,-0.00785983937590728,0,-5.72961765525903e-05,-0.00161244977867003,4.88535746177021e-05,-0.00499328850265179,8.21200237233199e-06,-4.45054896447417e-05,3.31499420767045e-05,-0.00283720340847804,-2.72388222812836e-05,-1.81380556796285e-05,-2.874438422662e-05,-0.00618095580339073,1.86310748251373e-06,-0.00161779763898107,-0.00590048134198184,2.28148322607424e-05,1.19025076772417e-05,0.00277984979178481,-0.00113125668671454,-0.000920532503202232,-3.38075766865842e-05,0.107688025455461,1.86310748251373e-06,0,-2.09964302140264e-05,-0.00125699841687599,-2.83898267525728e-05,-1.2737441215549e-05,-0.00319277621886993,-0.000481167425580686,-4.81244388161883e-06,-2.25407361238439e-05,0,0.00151515153350346,-0.000560785380285367,-0.00143692757221725,-3.67455191163657e-06,-3.67455191252475e-06,-0.00156805386959924,-0.000787191548734079,-0.00567122105150819,-9.30962227929655e-05,-0.00161889570932683,-0.000563229574180646,-0.000796811769350647,-0.00561568857944117,-0.00145214263042348,7.22210661852074e-06,-0.00339844181114213,9.23086590276512e-07,2.38591575163483e-05,1.19025076772417e-05,2.66216432551758e-05,-2.06005351675032e-05,3.42806197037859e-05,1.19025076772417e-05,-0.00179354015771427,-9.39372846264774e-06,-0.00285158801389152,-0.0118228458901726,-9.39372846264774e-06,-0.000488712868686569,1.39095311180171e-06,1.29123543022303e-05,-0.00401729642158966,-1.13982606970708e-05,-0.00433118816582212,-1.81380556787403e-05,2.49506198777283e-05,3.30997204462946e-05,-4.82259795866469e-05,-2.06005351675032e-05,-0.00367611499121345,-0.00396696710440203,2.38591575154601e-05,-0.00863840152687434,1.39095311180171e-06,-0.000168347440030914,3.79572225384095e-06,-2.4635256126615e-05,-0.00470644270837361,5.76990006351252e-06,-0.00341286548970832,7.22210661852074e-06,1.34238773039641e-05,-4.12860833787221e-06,1.86310748251373e-06,-6.11478785295105e-06,-2.75352025980169e-06
21:33294662:G:A,-6.96277753853281e-06,-0.00246003565126696,7.13972590205003e-06,-0.00220699359104515,0,1.67110326483311e-05,-0.000934463633221583,8.47631270417537e-06,-0.00269660253654092,-4.22045053483089e-06,1.4477669944668e-05,-2.15397272729234e-05,-0.000891555071905969,-0.00526918264877807,7.29560649137539e-06,1.07074779984728e-05,-0.000348674392695258,-6.59992842253487e-05,-0.00192948897939882,-0.000227153380426337,-1.32913385231248e-05,-6.25781156138316e-06,1.86310748251373e-06,-0.00104019487827323,1.12576291213529e-05,1.2055758094931e-05,1.86310748251373e-06,0.0703832663793636,0,8.31103193466021e-06,-0.000857370010896474,-0.00102155413546168,5.34493958515014e-06,-1.39366219382708e-05,-1.72403449534286e-05,-6.6834656466952e-06,-0.000842892219908187,0,-1.17236798757858e-06,-0.00449685325579452,-0.000598917913544383,1.65363661164264e-06,-3.44479793756847e-05,-0.00139445668643123,-0.00287520177714473,-1.75108418432046e-07,-0.000280222597278446,-0.000418180322278694,-1.8238919443192e-05,-0.0018831050358008,-0.00101403647116793,-2.45144442612144e-06,-3.66819194308476e-06,-0.00794091653126916,-4.56918383129334e-07,-1.39366219382708e-05,-6.25781156138316e-06,-1.5991253543568e-05,8.17364136818099e-06,-2.21088908203271e-05,-0.00101691000877846,-0.00170581917442547,4.07925330581094e-06,-0.00273786629169326,-0.00135373127660898,4.07925330669912e-06,-0.000801972198741119,-0.00134395497295792,-6.86545936368077e-06,-1.20457105232674e-05,-2.35524591287728e-05,-0.00872632231069836,-0.00186253120928193,-1.47367571692314e-05,-2.10943392726648e-05,1.52707130967045e-05,8.17364136906917e-06,4.61638645976592e-06,-0.0023716986028175,-1.39366219382708e-05,6.80587809753774e-06,-6.91299823607494e-07,4.54890116241558e-06,-1.92619806149708e-06,9.42230626232998e-06,-0.00424736692763972,-2.87469436344168e-06,-4.22045053483089e-06,-3.66819194308476e-06,-7.17725393784008e-06,1.86310748251373e-06,-9.29751416300917e-07,2.53510420034075e-06,-0.00237501038979371
21:33295777:T:G,0,0,0,0,0,0,0,0,0,0,0,0,0,0,0,0,0,0,0,0,0,0,0,0,0,0,0,0,0,0,0,0,0,0,0,0,0,0,0,0,0,0,0,0,0,0,0,0,0,0,0,0,0,0,0,0,0,0,0,0,0,0,0,0,0,0,0,0,0,0,0,0,0,0,0,0,0,0,0,0,0,0,0,0,0,0,0,0,0,0,0,0,0,0
21:33297399:C:T,-0.00160214215107501,-0.00184960685857316,-8.89387215279314e-05,4.67418941179076e-05,0,-0.000273025335228994,-0.00298292051957549,-0.0015413833548199,-0.00296350475547813,3.97238177995973e-05,-0.000212807382701463,-0.000847489298151594,-0.00222455396185417,-0.00155737888836249,-9.06682677772608e-05,-0.000137221008245092,-0.000319871083272361,8.31103193466021e-06,4.91119481056401e-05,-0.00453053984797513,0.000113781480401087,5.92413570075223e-05,-2.09964302140264e-05,-0.000836719375683526,-0.000150803963635759,-0.000161492210865255,-2.09964302140264e-05,8.31103193466021e-06,0,0.0924675250822471,-0.00122411131450173,-0.000135842242345419,-0.00113353113438475,0.000121016394741602,-0.00145337625183295,-2.71666263662595e-05,-0.00010844107941832,0,1.04449356630454e-05,-0.00040324063563979,-3.724764768398e-05,-1.90152092685025e-05,-1.90152092702789e-05,-9.48182557083399e-05,-0.00204766643473953,-0.000558288622539038,-0.000421087056635905,0.000261420247467115,-0.00237690073355523,-0.00610464462860083,-0.00265226791753648,-0.00143819428853753,3.51796316273578e-05,-0.00708833615796056,4.11131189803626e-06,0.000121016394740714,5.92413570075223e-05,0.000134765934293846,-0.000100635911591596,-0.00200738430486602,5.92413570075223e-05,-0.00375635858726575,-4.68060681440008e-05,-0.00792260682915114,-0.00497202938329044,-4.68060681431126e-05,-0.00032953761571175,6.1999446465677e-06,6.39784817764166e-05,-0.00394825322842429,-5.88200265800864e-05,-0.00700778479875552,-9.06682677763726e-05,0.000126428803429057,0.00016970543175443,-0.000225552629422587,-0.000100635911591596,-5.22852327184964e-05,-0.00209622650666397,0.000121016394741602,-8.01314961691446e-05,6.1999446465677e-06,6.1999446465677e-06,1.69872822652906e-05,-0.00373562059876242,-0.00237439417008201,2.85419301508938e-05,3.97238177995973e-05,3.51796316273578e-05,-0.00219200799466002,-2.09964302140264e-05,8.31103193466021e-06,5.28765672518361e-05,-0.00335874106292522
21:33299443:T:C,-0.00224169516921746,-0.00215583939277586,-0.00664565357190794,-0.0031900912905809,0,-0.00274855631274029,-0.000894161873818522,-0.00181748530951564,-0.00439628009736603,-0.00639030383128603,-0.000550457046939901,-0.00127836267240555,-0.0080639633052848,-0.00209201831486894,-0.00375080986916654,-0.000947960391276759,-0.0024670970187719,-0.00173225433866797,-0.000992836058272051,-0.0101604956563364,-0.00522063205862322,-0.00241869072165279,-0.00125699841687599,-0.0117280640940525,-0.00176876804103054,-0.00387144845747978,-0.00125699841687599,-0.000857370010896474,0,-0.00122411131450173,0.297491568754969,-0.000383914930543128,-0.000449594597006886,-0.00249438183914208,-0.00255838046691004,-0.000176077301288657,-0.00256110936879139,0,-0.00135653383360257,-0.00777030725323957,-0.0107961547083373,-9.06404239540137e-05,-4.46653467056635e-05,-0.00189175248433715,-0.00144671711663902,-0.0054790291508886,-0.00759203457426594,-0.00469413590470502,-0.00141699332352951,-0.000861435105848241,-0.00364286783966872,-0.00904996022955595,-0.00394698575636365,-0.00418713145694527,4.4039991706768e-06,-0.00195646586430964,-0.00239184489844391,-0.00435490941655781,-0.000307713785854258,-0.00469285411038145,-0.00241869072165279,-0.00240458238424468,-0.000315390609990196,-0.00322863679959617,-0.00433167991324535,-0.00394959142416962,-0.00131364093476627,-0.00558837776818244,-0.00221684336724159,-0.00684022729149314,-0.000316886571235298,-0.00415115466192972,-0.00570012444054591,-0.00455186357380288,-0.00711625844152497,-0.00256829834172478,-0.00500131012628247,-0.00232891385789458,-0.014703858168903,-0.00356351312298386,-0.00174102628976769,-0.00235024315115684,-0.000885890185382543,-0.00203313277596839,-0.0019161230553606,-0.00134918514328097,6.78946146974724e-05,-0.00252542120275567,-0.00284313444202056,-0.00703272132725363,-0.00376242924456172,-0.00526562308812117,-0.00200764814987231,-0.00252745265092091
21:33301518:A:T,8.05998441073541e-05,-0.00178393874382454,-0.000119536418616839,-0.000217226417646543,0,-0.000587420664223792,4.54420385835874e-05,-0.000844384615358074,-0.0051455205773161,5.25438690157642e-05,-0.000594646146824473,-0.00120505257300074,-0.000660205744173581,-0.00533956423995186,-0.000121659814563913,-0.000180961013172443,0.0003917248612888,-0.000622258698045108,-0.00136222341699455,-0.00673349338556317,0.000152118351354424,7.93276125454767e-05,-2.83898267525728e-05,-0.000149162002622383,-0.000539629190945412,-0.000153224284777487,-2.83898267525728e-05,-0.00102155413546168,0,-0.000135842242345419,-0.000383914930543128,0.0920113327721257,-8.68610337843023e-05,0.000163080302352014,-0.000854686920999548,-3.81330599967811e-05,0.00322847891201494,0,1.33251346214891e-05,-0.000913723384463161,-0.00555607774400091,-2.5884508263907e-05,-0.000346536807140474,-0.00419756376798297,-0.0109912444145408,-0.00298277503716449,-0.000658476146486286,-0.000762070790565339,0.000200570151844381,-0.000634733295855838,-0.00150432176031146,2.74186640671914e-05,4.66893247255129e-05,-0.000860328038365665,5.24190985551343e-06,0.000163080302351126,7.93276125454767e-05,-0.00131984852255407,-0.00036956533622412,-0.00139413235652164,7.93276125454767e-05,-0.00106682793151158,-6.2771865422917e-05,-0.0016783274674923,-0.00278812975875464,-6.2771865422917e-05,-0.00270719425901067,7.90644853410072e-06,8.54800738769868e-05,-0.00561004100705009,-7.99031809961548e-05,-0.00574953569612724,-0.000121659814563024,0.000170242187533809,-0.00405802493774932,-0.000294964761384797,-0.00036956533622412,-6.96309922476601e-05,-0.00255053228732649,-0.00187655116318552,-0.00010633898934298,-0.00110455853735747,7.90644853410072e-06,2.16848427498917e-05,-0.00113701470836602,-0.00167753498357381,3.81469132699763e-05,5.25438690157642e-05,4.66893247255129e-05,8.86077416391018e-05,-0.000186702054086219,-0.00102155413546168,-0.00148275089009786,-2.07886683698533e-05
21:33305629:A:G,-0.00210184266113433,-0.00822294057922424,-0.00285056729102084,-0.0023779270762212,0,-0.000179857653162863,-0.0037903559788246,-0.00420822047716829,-0.00181558172665897,2.43620746278594e-05,-0.00013829201083837,-0.000704620039836179,-0.00217584102593005,-0.00910416016501525,-0.00288904541540713,-8.78539359083774e-05,-0.000544531308921847,5.34493958337379e-06,-0.00196039151820759,-0.00169861111491931,6.75706317991853e-05,3.56525764120263e-05,-1.2737441215549e-05,-0.000448140552627763,-0.00309244232582451,-0.000103884033078927,-1.2737441215549e-05,5.34493958515014e-06,0,-0.00113353113438475,-0.000449594597006886,-8.68610337843023e-05,0.138858795620418,-0.00132398802796452,-0.00187178898666396,-0.00340734274378907,-6.87848833944571e-05,0,-0.00158066892153474,-5.41658797192923e-05,-0.000342233918657175,-1.14370792099194e-05,-1.14370792108076e-05,-0.000250157354404035,-0.00669365659704768,-0.0022412552093023,-0.00014050460931081,-0.000426099043558281,-0.00176292440637926,-0.000602361403881702,-0.000191818917014253,-0.00235928944440111,2.15194366877114e-05,-0.00139208334594532,2.64800032923063e-06,-0.00148027243881099,3.56525764120263e-05,-0.00172466358806656,-6.33029480336944e-05,-0.00595749674024582,3.56525764120263e-05,9.06167736154373e-05,-0.00134899917380338,-0.00220450913869819,-0.000855019881906838,-0.00289812611399398,-0.00255747982255983,-0.00201765725591319,-0.00392394455596712,-0.00369723111886078,-0.0015244481934964,-0.0025366669366429,-0.00293227157110909,7.42158797359949e-05,-0.00520841084524726,0.000165204593272961,-6.33029480336944e-05,-3.25187159759821e-05,-6.06246089711604e-05,7.10905655125771e-05,-0.000539895033011994,3.9902743971254e-06,3.9902743971254e-06,-0.00518319269077594,-0.00137317359463207,-0.0111911775433189,-0.000348904659303706,2.43620746278594e-05,-0.00207389525051749,4.00212019560087e-05,-0.00108002354402981,5.34493958515014e-06,-0.000134945222137084,-0.00163665942637703
21:33309718:G:A,-9.30100127485289e-05,-0.00383132553442778,-0.00345830382232659,-0.00900725541925773,0,0.000294242181565707,-0.00401040287769128,-0.0045724226046584,-0.000432374271141178,-5.60722090066079e-05,0.000238834923385056,-0.00317299200077592,-0.000101769682045116,-0.00109103816298362,-0.00343310452402878,0.000165517602681575,-0.00098066457469681,-1.3936621939159e-05,-0.00421257717862211,-0.00135080753645944,-0.000162221590878531,-7.89461959671556e-05,-0.00319277621886993,-0.00133962960613232,0.000170525389422416,0.000190131334061761,-0.00319277621886993,-1.39366219382708e-05,0,0.000121016394741602,-0.00249438183914208,0.000163080302352014,-0.00132398802796452,0.124557202573436,-0.000965056054918811,2.14460070901978e-05,0.000131779750148553,0,-0.00375419738887484,-0.00119888736316298,-0.00139908808894074,2.05218567197463e-05,2.05218567197463e-05,-0.00187348049546543,-0.00403933117440225,-0.002546703059223,0.000460582228930306,-0.00849623058049076,0.000786415636031101,-0.00125701706150938,-0.000603018322468785,-0.0023071676354407,-4.84160678535517e-05,-0.0103588110667667,-6.88406915116957e-06,-0.000317042747552954,-7.89461959671556e-05,-0.000591379869282704,0.000118242202095331,-0.000251887017544306,-7.89461959671556e-05,-0.00456345719721174,5.49579004740508e-05,-0.00940043216370778,-0.000122451195575302,5.4957900474939e-05,-0.00130784734459777,-1.03889015949932e-05,-8.69327497001748e-05,-0.00127326024884677,6.14182094587079e-05,-0.00758294470463206,-0.00137083635075896,-0.000174747807225373,-0.0048892929881692,0.000264732326016315,0.000118242202094443,6.42261848033954e-05,-0.00150448083006793,-0.000165464851889396,9.8015443436239e-05,-1.03889015949932e-05,-1.03889015949932e-05,-0.00102105728853807,-0.00139965682988752,-0.00130674985485957,-3.72767989436085e-05,-5.60722090066079e-05,-4.84160678535517e-05,-9.10002066589755e-05,2.38591575154601e-05,-1.39366219382708e-05,2.24920412730256e-05,1.37232174814983e-05
21:33314860:C:T,-0.00328677328858795,-0.00016759476875805,-0.0070223241938514,-0.00489242565072967,0,-0.00759394985866724,-0.000952735136520388,-0.00158383697373488,-0.00114046660686018,-6.89881513329382e-05,-0.00230785415408974,-0.000979241006855425,-0.000136422086467469,-0.00339059930027652,-0.00450309167160245,0.000189401565271474,-0.00515957918402332,-1.72403449543168e-05,-0.00247966530713928,-0.00102124181778995,-0.000379348924932188,-0.00249618938304152,-0.000481167425580686,-0.00218865352882291,-3.83697927812676e-05,-0.00302699630493741,-0.000481167425580686,-1.72403449534286e-05,0,-0.00145337625183295,-0.00255838046691004,-0.000854686920999548,-0.00187178898666396,-0.000965056054918811,0.153069263310932,-0.00401857191841337,-0.000709078218407377,0,-6.33363069857396e-05,5.63216072437811e-05,-0.00139998314687384,-0.00510251249149274,2.40221134557572e-05,-0.00433707928835858,-0.0058414307533563,-0.000498223712122936,-0.0037795944063177,-0.00103473662522902,6.0631962732316e-05,-0.00324987411823496,-0.000362574116792302,-0.000715354040559113,-5.9262545682337e-05,-0.000651474922094053,-8.49389880741569e-06,-0.000207828775875996,-9.69172746092539e-05,-0.00328028925884372,-0.00121661703358455,-0.00142248886107321,-0.00249618938304152,-0.00855114927680312,6.4509759719833e-05,-0.000687236337379549,-0.000214237824828878,-0.00058026038735548,-0.00137084234841067,-1.28348742611806e-05,-0.000107219051648677,-0.000758747412006322,-0.00193960776892865,-9.98869904180744e-05,-4.24119259800904e-05,-0.00240133273358278,-0.000309884583817421,0.000294096722737613,-0.00252587075833333,7.55406242740619e-05,-0.000814310604098978,-0.000207828775875996,-0.00662361152558688,-1.28348742611806e-05,-0.00255855820477802,-0.000960428206823849,-0.00082955315031441,-0.000911145499303156,-4.52053167769861e-05,-0.00348834362268846,-0.00308039753878209,-0.000250222413926693,2.80861044865688e-05,-0.00188626506863443,-0.00391211998925556,-0.00461116429504038
21:33314999:G:A,-0.00188929806385474,-0.000286355245363801,-0.000165679000581953,-0.00215844572364432,0,-0.00169158799389368,-0.000232117860985426,-0.0032570807217609,-0.00582136502488995,-0.00521597479408342,-0.00145326165259974,-0.000423706964520321,-0.00207555355663747,-0.00610777394487183,-0.00014956049153092,-3.86642770546786e-05,-0.00168746052252189,-8.74746543297888e-05,-0.00197014788967209,-0.000227028808715612,2.0785024710257e-05,1.21592952586624e-05,-4.81244388161883e-06,-0.00101823433771298,-0.00145656764219382,-4.66514401447071e-05,-4.81244388161883e-06,-6.6834656466952e-06,0,-2.71666263662595e-05,-0.000176077301288657,-3.81330599967811e-05,-0.00340734274378907,2.14460070901978e-05,-0.00401857191841337,0.109463526184824,-2.93685556984613e-05,0,-0.00261293127222029,-0.000990900690328367,-0.00223007507640549,-4.27293700866471e-06,-0.000256365801410752,-0.0026240673587985,-0.00316477586930208,-0.00150994680177252,-0.00474923676543959,-0.00430610095556982,-0.00532569267145178,-6.82483837923797e-05,-0.000262738912180094,-0.00198002653738705,7.69349610774128e-06,-0.0021452286635979,1.03192333789082e-06,-0.00129284359171677,-0.00105458562478677,2.31137141986082e-05,-0.00133640365073884,2.6606600628476e-05,-0.00105458562478677,-2.0170058895097e-05,-1.13435786497362e-05,-0.000949389691863534,-0.000320514223250523,-1.13435786488481e-05,-0.00328372719469483,-0.00218573763358609,-0.000828663991634393,-5.00584505100932e-05,-0.000458152296066494,-0.00178004814436017,-2.31598076609885e-05,-0.0013650295827059,-0.00151754542408788,-0.00188618860542089,-2.66062820308832e-05,-1.2991482041258e-05,-0.00260535362182779,-0.00113655918087119,-2.08151309468718e-05,1.54970825860801e-06,-7.2583488215372e-06,4.15405530151958e-06,1.81374594179218e-05,-0.00715845742671695,6.22231936198148e-06,8.67443983487703e-06,7.69349610774128e-06,1.35192663828221e-05,-4.81244388161883e-06,2.06862012674947e-06,-3.56608102132228e-05,-0.0017968082623403
21:33316046:C:T,6.60500777556194e-05,-0.00052634356079917,-9.46472009362154e-05,-0.00407696492726739,0,-0.00033456772124385,3.78862412100389e-05,-0.00251014076656819,-0.00732983510031104,4.27030249054994e-05,-0.000358103392595233,-0.00349004332266478,-0.000534378040841332,-0.0079326337227652,-9.6443446884642e-05,-0.000144866375206831,-0.00159554243670801,-0.000443596782490729,-0.00084709306731412,-0.00215222140541549,0.000123531629986573,6.3999261046277e-05,-2.25407361238439e-05,-0.00245494105508293,-0.000319179428263539,6.93839237762006e-05,-2.25407361238439e-05,-0.000842892219908187,0,-0.00010844107941832,-0.00256110936879139,0.00322847891201494,-6.87848833944571e-05,0.000131779750148553,-0.000709078218407377,-2.93685556984613e-05,0.0873030861661714,0,1.11084516412063e-05,0.000469814275779079,-0.00249036289519555,-2.04469865048296e-05,-0.00016078084422233,-0.0033651034393527,-0.00602934708000369,-0.00814176631498675,-0.000144346335131829,0.000288973591071162,0.000162866872622125,-0.000593926711360382,-0.00231962026481991,2.28584299843959e-05,3.78317442848441e-05,-0.00225877505281513,4.36979587714603e-06,0.000131779750149441,6.3999261046277e-05,-0.0031415302930391,-0.000106786367349621,0.000192656962797244,6.3999261046277e-05,-0.000925563099380078,-5.0024668893478e-05,-0.000814751193858321,-0.0041962256325796,-5.00246688917017e-05,-0.000426149432403378,6.591077895024e-06,6.91103518617453e-05,-0.00815992889631367,-6.29287177886795e-05,-0.00380373782181298,-9.64434468828657e-05,0.000137717405198856,0.000185838646906689,-0.000235745241318419,-0.000162559717163724,-5.57748777403333e-05,-0.00120148792162933,-0.00235743897059759,-8.51788033200407e-05,6.591077895024e-06,6.591077895024e-06,1.80779406981912e-05,-0.000770248052444522,-0.000802078358818292,3.0724407713123e-05,4.27030249054994e-05,3.78317442848441e-05,7.17087378765413e-05,-4.97928731135744e-07,8.83715734456558e-06,-0.000487414232059891,-1.6188215155033e-05
21:33320558:C:T,0,0,0,0,0,0,0,0,0,0,0,0,0,0,0,0,0,0,0,0,0,0,0,0,0,0,0,0,0,0,0,0,0,0,0,0,0,0,0,0,0,0,0,0,0,0,0,0,0,0,0,0,0,0,0,0,0,0,0,0,0,0,0,0,0,0,0,0,0,0,0,0,0,0,0,0,0,0,0,0,0,0,0,0,0,0,0,0,0,0,0,0,0,0
21:33322149:C:A,-8.77092492945764e-06,-0.00103187630591073,8.96726830834638e-06,-0.00741107828261978,0,2.10038619234965e-05,-0.0027023301327711,-0.00309250731075661,-0.00617680649296037,-5.31148931059988e-06,1.81961579581724e-05,-2.71622167318242e-05,-0.000390847360574931,-0.00162483348118769,9.16395855909968e-06,1.34598009662312e-05,-0.00312647447070713,-1.17236798757858e-06,-0.0021549884369918,-0.00271068817507558,-1.67279972922429e-05,-7.8693623493109e-06,0.00151515153350346,-0.00151910644933739,-0.0013956232822494,1.51534617849336e-05,0.00151515153350346,-1.17236798757858e-06,0,1.04449356630454e-05,-0.00135653383360257,1.33251346214891e-05,-0.00158066892153474,-0.00375419738887484,-6.33363069857396e-05,-0.00261293127222029,1.11084516412063e-05,0,0.113618907542561,-6.85469995707066e-05,-0.00199222080656103,2.07544682861993e-06,2.07544682861993e-06,-0.000714131026499309,-0.0016292658494077,-0.000476086338849768,-0.000450438709969525,-0.00608339425224891,-0.000148085418975263,-0.000438494979642101,-0.00420609578161724,-0.00198017171584119,-4.61503013404752e-06,-0.00318562683604284,-5.76120486428522e-07,-1.75280207104223e-05,-7.8693623493109e-06,-2.01195726239334e-05,1.02716445962159e-05,-2.78222711784792e-05,-7.8693623493109e-06,-0.00236917412427573,5.12498737670342e-06,-0.00157579665957375,-0.0110481795663446,5.12498737759159e-06,-0.00130955586195469,-4.01471682183185e-05,-0.00144674006238432,-0.00613625440941679,6.02878723565681e-06,-0.00384209042183681,9.16395855998786e-06,-1.85371651086896e-05,-2.65421623986128e-05,1.91967194611564e-05,1.02716445971041e-05,-0.00416999231452309,-0.00267587421451676,-0.00146873283852678,-0.00741501195681415,-8.71670333246755e-07,-0.000161169776765391,-2.42909641290368e-06,1.18386585219454e-05,-0.00623653289794568,-3.61447029550988e-06,-0.00222747839234927,-4.61503013404752e-06,-9.02882312026065e-06,-0.000434390233522208,-1.17236798757858e-06,3.16574957892612e-06,1.53309880968067e-06
21:33325344:A:G,-6.22124567986049e-05,-0.00405915846748517,-0.000651997872123111,-0.00653549997295588,0,0.000298983225128779,-0.00371409856191462,-0.000221322628326082,-0.000472853278497443,-0.00202511268583105,-7.26012737732873e-05,-0.00105188147908919,-0.00290773257799692,-0.00247041729666808,-0.000616973233585227,-0.00429499555385693,-0.00457322956488859,-0.000106498472229433,-0.000655847081774574,-0.00128215252272756,-0.00108546481785154,4.31485321001901e-05,-0.000560785380285367,-0.0128812109605936,-0.00221413752206967,4.38348078199979e-05,-0.000560785380285367,-0.00449685325579452,0,-0.00040324063563979,-0.00777030725323957,-0.000913723384463161,-5.41658797192923e-05,-0.00119888736316298,5.63216072437811e-05,-0.000990900690328367,0.000469814275779079,0,-6.85469995707066e-05,0.177557424473131,-0.00668032329538493,-1.50837300232354e-05,-0.00285018687547378,-0.00213578832907357,-0.000204417840521387,-0.00504217399148832,-0.00639937855749739,0.000238311298397242,-0.00415943180860001,-0.00271163664331553,-7.09683729818167e-05,-0.000389971707330794,-0.00248475682875693,-0.00401318023146358,-2.91474704452455e-05,8.04361051098823e-05,-0.00114705324577002,-0.00049792829637596,-0.00024572123425326,-0.00552647579387333,4.31485321010783e-05,-0.00332382754001426,-0.00311009759418734,-0.00201364779944813,-0.000827447636635892,-0.0062271996017893,-0.000207454225474191,-0.00203027938581091,-0.000320746291138541,-0.00476035994298751,-0.00138954447121176,-0.0028345698432255,-0.00600137958328695,-0.000791942158897996,-0.0044541159319289,-0.000994575963446209,-0.00064505403381343,-0.000794872999695606,-0.000978356673202008,-0.00350187489580467,-0.000568375604906635,-0.000788658426876587,4.97483766714879e-06,-1.86902455414639e-05,-0.000428555435980194,-6.58243701003869e-05,2.16350038098057e-05,-0.0028808929075117,-0.00248475682875693,-0.00631642551543887,-0.00109647750930453,-0.00261843779131077,-0.000233923272417336,-0.00257244946198831
21:33325825:C:T,-0.00151059789712704,-0.00367928728348987,-0.00556783120789683,-0.00189125781003074,0,-0.00483154788561535,-0.00116822399033234,-0.0095444398469513,-0.00239152345829385,-0.00562840260245867,-0.000336088810012125,-0.00123393738923294,-0.0139446050852818,-0.00252507355812526,-0.00302508281287039,-0.00111189200461759,-0.00184148611589352,-0.00356580935709783,-0.000337143231417869,-0.00507571465357737,-0.00517190863195838,-0.00208221219802596,-0.00143692757221725,-0.0197096183589003,-0.00205843653273918,-0.00246908235726639,-0.00143692757221725,-0.000598917913544383,0,-3.724764768398e-05,-0.0107961547083373,-0.00555607774400091,-0.000342233918657175,-0.00139908808894074,-0.00139998314687384,-0.00223007507640549,-0.00249036289519555,0,-0.00199222080656103,-0.00668032329538493,0.316858701011282,-0.000764294694881151,-0.000215142789926404,-0.0108559839467519,-0.00440520900014185,-0.00220392204746434,-0.00334964489681289,-0.00577535871905388,-0.0022190948552101,-0.00187013750869225,-0.00747858124102185,-0.00596145224933364,-0.00439638075105453,-0.00126315726448167,3.83375001078434e-06,-0.00173298222734619,-0.000786714561173518,-0.00554787324697248,-0.000362099092195756,-0.00584292306760137,-0.00208221219802596,-0.00280790860111324,-0.000174002614033775,-0.00109895185161868,-0.00923651280210525,-0.00593581862258397,-0.00276111347715702,-0.000796388990301544,-0.00401366373637035,-0.00673615335114253,-0.00169522906180397,-0.00361701342177456,-0.00996523986265396,-0.0049270017306613,-0.00460563102808331,-0.00348702713322702,-0.00361970303731196,-0.00199466108427959,-0.0150055561913143,-0.00225606674751155,-0.00199652437355002,-3.65429515305493e-05,-0.00114304064803239,-0.000113533990948156,-0.00286503107741698,-0.000618759695128368,-1.88009249031396e-05,-0.00247123375878822,-0.00198845350493926,-0.00624408210349348,-0.00453022173118089,-0.00118336025132049,-0.00280185087578122,-0.00190654770585752
21:33326241:C:T,1.12784118542208e-05,-0.00218330958297841,-1.59821454994713e-05,9.68883593888137e-06,0,-5.33875095083403e-05,-0.00194079594856778,-0.00027674855028792,-0.00228557034703769,7.22006821263221e-06,-4.10942320305807e-05,-0.00453117128371439,-0.000525666484203491,-2.47628742933159e-05,-1.63742651011489e-05,-2.62166846027867e-05,-0.00269554772254033,-0.00168989618354853,-0.00213080376435748,-0.00175072756189465,1.96647252135307e-05,1.04089365695614e-05,-3.67455191163657e-06,-0.000301775022209405,-0.00142930473330694,-3.09615452902534e-05,-3.67455191163657e-06,1.65363661164264e-06,0,-1.90152092685025e-05,-9.06404239540137e-05,-2.5884508263907e-05,-1.14370792099194e-05,2.05218567197463e-05,-0.00510251249149274,-4.27293700866471e-06,-2.04469865048296e-05,0,2.07544682861993e-06,-1.50837300232354e-05,-0.000764294694881151,0.0910380425239623,-0.00138278778943857,-0.00192617021097696,-0.00302866803699331,-0.00189166081097625,-8.86611923069935e-05,-0.00214023626260484,-0.00250483024986003,-0.00129348590164646,-0.00566628270049918,-0.00563911665028805,6.35576771124136e-06,-0.000212267697348167,8.20164051340555e-07,2.05218567197463e-05,1.04089365695614e-05,2.28069101275707e-05,-0.00131411634464929,2.90002126623889e-05,1.04089365695614e-05,2.61241890484598e-05,-8.41039028998125e-06,-0.000446343853711895,-0.00690455421152603,-0.00172946404610208,-0.0108867530270249,1.23522016881594e-06,1.12795477154037e-05,-0.00219128181042638,-1.02158770260985e-05,-0.00412153203942989,-0.00152342657881643,2.14274506831202e-05,-0.00181912523814809,-4.46636802324818e-05,-1.86487142643799e-05,-9.58169582432333e-06,-0.00165858519256279,2.05218567197463e-05,-0.000654856625542877,1.23522016881594e-06,-0.00216974435805461,3.36157746172461e-06,-2.23771969949382e-05,-0.000317203928335452,5.08393166676058e-06,7.22006821263221e-06,6.35576771124136e-06,1.17196056717006e-05,-3.67455191163657e-06,1.65363661164264e-06,-0.00169589266744286,-2.44216150324661e-06
21:33326562:G:A,1.12784118542208e-05,-0.00166614451969771,-1.59821454994713e-05,-0.00147856406290625,0,-0.000998327719115011,-0.000210480406960478,-0.000329933919354097,-0.00317338243012788,7.22006821263221e-06,-4.10942320314689e-05,2.8139536688343e-05,-0.00345407971802913,-0.00272703721079193,-1.63742651011489e-05,-2.62166846036749e-05,-0.00292330696263665,0.000800167069592739,0.000206914610794584,-0.00137162435467175,1.96647252135307e-05,1.04089365704496e-05,-3.67455191252475e-06,4.78516739779167e-05,-2.82944246325911e-05,-3.09615452911416e-05,-3.67455191252475e-06,-3.44479793756847e-05,0,-1.90152092702789e-05,-4.46653467056635e-05,-0.000346536807140474,-1.14370792108076e-05,2.05218567197463e-05,2.40221134557572e-05,-0.000256365801410752,-0.00016078084422233,0,2.07544682861993e-06,-0.00285018687547378,-0.000215142789926404,-0.00138278778943857,0.08941514275379,-0.000203794099705057,-0.00511309732866128,-0.000217183799748,-0.000663302901278584,-0.0023644867950674,2.51623371623211e-05,-0.00211128362217661,-0.00339299323479736,4.23658808834659e-06,6.35576771035318e-06,-0.00687684547976541,8.20164050452377e-07,2.05218567197463e-05,1.04089365704496e-05,2.28069101257944e-05,-1.8648714265268e-05,2.90002126615008e-05,-0.00195478343323785,0.000461135193351225,-8.41039028998125e-06,-0.00448263258675752,-0.00388002729031989,-8.41039028998125e-06,-0.000732412179018205,-0.00182064248469604,-0.00203318013099008,-0.00283485620764345,-0.00336023422857323,-0.0149889480523973,-0.00117432470545786,2.14274506822321e-05,2.80566722157261e-05,-4.466368023337e-05,-1.8648714265268e-05,-9.58169582432333e-06,-0.00582894802793454,2.05218567197463e-05,-0.00115133460257422,1.23522016881594e-06,-0.000631495214113542,3.36157746083643e-06,-2.23771969949382e-05,-0.00150087953993339,5.08393166498422e-06,7.22006821263221e-06,6.35576771035318e-06,1.17196056725888e-05,-3.67455191252475e-06,1.65363661164264e-06,-5.42728938146553e-06,-2.44216150413479e-06
21:33327381:G:C,-0.00364233578040807,-0.000499658057812713,-0.00150100391265173,-0.00834216822234923,0,-0.00738368437625514,-0.00122640136456909,-0.0110844509698396,-0.00451801908404947,-0.00219703145304617,-0.00311228600347668,-0.00314056376500904,-0.00261230369207688,-0.0134970011031079,-0.000704030738956529,-0.00218607250011971,-0.00867587342933529,-0.000353752785076544,-0.000768227881509986,-0.00811043142945067,-0.00465007104575177,-0.0027419414041514,-0.00156805386959924,-0.00247978511011038,-0.00163580434567345,0.000764274690192579,-0.00156805386959924,-0.00139445668643123,0,-9.48182557083399e-05,-0.00189175248433715,-0.00419756376798297,-0.000250157354404035,-0.00187348049546543,-0.00433707928835858,-0.0026240673587985,-0.0033651034393527,0,-0.000714131026499309,-0.00213578832907357,-0.0108559839467519,-0.00192617021097696,-0.000203794099705057,0.317870847826492,-0.00173637057891751,-0.00334169313581434,-0.00409003762254256,-0.00409384336696839,-0.000428977370905415,-0.00405814760517087,-0.0113763651568006,-0.00387819710303372,-0.00251857041385062,-0.00358586799042504,-0.00193682786041549,-0.00388262704375109,-0.00274194140415229,-0.00560597831946685,-0.00669608991997173,-0.00168366829097266,-0.00274194140415229,-0.00562501662243964,-0.000223534646352164,-0.00809624338074855,-0.00603982701550354,-0.00593013999304226,-0.0130679944480208,-0.00155974809367976,-0.00282014424040522,-0.00557750396714285,-0.0020950507452655,-0.00286433573508837,-0.00967007651460516,-0.00373582420434282,0.000400983281289236,-0.00110229687251184,-0.00188194341609904,-0.000645848804871285,-0.00226470085853947,-0.00528269628109967,-0.0027623201881104,-0.0044007906539596,-5.88238558263399e-05,1.09681683184704e-05,-0.00294416749686466,-0.00286357019978478,0.000363263570100081,-0.00711276190769539,-0.00638166451857103,-0.00132809683475532,-0.00635240654850122,-0.00200855570452507,-0.00346922863793697,-0.00278452762496073
21:33332153:G:C,-0.00104391581111996,-0.00240840170382262,-0.000902767547398042,-0.0101671320664174,0,-0.0112449232554539,-0.00090159244536725,-0.00568332369502,-0.00521805818065468,-0.00306254159847796,-0.00590756579322793,-0.00553848047987948,-0.00183579294536163,-0.00425826804078477,-0.000977937074979618,-0.00435014693822122,-0.00543410462908911,-0.000341293676894949,-0.00227010547535667,-0.00641377670222543,-9.61613430110475e-05,-0.00290965948596611,-0.000787191548734079,-0.0011430711791065,-0.00195565423056765,-0.00656280128939279,-0.000787191548734079,-0.00287520177714473,0,-0.00204766643473953,-0.00144671711663902,-0.0109912444145408,-0.00669365659704768,-0.00403933117440225,-0.0058414307533563,-0.00316477586930208,-0.00602934708000369,0,-0.0016292658494077,-0.000204417840521387,-0.00440520900014185,-0.00302866803699331,-0.00511309732866128,-0.00173637057891751,0.343756663407913,-0.0113878655153665,-0.0014089478406567,-0.00849748571454079,-0.00504453346675504,0.000185125406786391,-0.00127228705890614,-0.000168347188621354,-0.000164276553467957,-0.00208748974795903,-0.00764332997898354,-0.00449086157163503,-0.00249303127921241,-0.00421683561787667,-0.00415875181012293,-0.0019867798331985,-0.00290965948596611,-0.00370694939267047,-0.00709233902775086,-0.00425403970883265,-0.000974189595403629,0.000381559908831264,-0.00374368033109551,-0.000170161530880897,-0.00618723394223242,-0.00470282985081205,-0.000142371688606424,-0.013387748922439,-9.81772040882234e-05,-0.00110672950872903,-0.0051250805473475,0.00143835241961465,-0.00903227801036088,-0.000617417530431652,-0.00404220879477935,-0.00169593200368823,-0.00652451538117926,-0.0101191276434278,-0.000169062342632031,-0.00322466838417723,-0.00409316099765489,-0.00736844168856621,2.15221690247347e-06,-0.00261893762761822,-0.00382488392658065,-0.00896639022432844,-0.00121309735325426,-0.00771749882896255,-0.000578103287710796,-0.0138878568834544
21:33332482:G:A,-0.00366943204030257,-0.000901625803349848,-0.000159528977603074,-0.00517648604933596,0,-0.0070166923715238,-0.00975638720325023,-0.00536261375357672,-0.00266138998796128,-0.000271231311547382,-0.00309972609070286,-0.0022429235997099,-0.00363456414201302,-0.0042597073865509,2.61032152959473e-06,-0.001974580173707,-0.0013126977941571,-0.000282286247550445,-0.00460255353840822,-0.0050238800406639,-0.00279437157400242,-0.000901835732666001,-0.00567122105150819,-0.00330094077973087,-0.0015496779891242,-0.00231305228323464,-0.00567122105150819,-1.75108418432046e-07,0,-0.000558288622539038,-0.0054790291508886,-0.00298277503716449,-0.0022412552093023,-0.002546703059223,-0.000498223712122936,-0.00150994680177252,-0.00814176631498675,0,-0.000476086338849768,-0.00504217399148832,-0.00220392204746434,-0.00189166081097625,-0.000217183799748,-0.00334169313581434,-0.0113878655153665,0.311536932943157,-0.00365978040428416,-0.00703010674888205,-0.00789543581872643,-0.0042107221880241,-0.00482946155878095,-0.00645947494976884,-0.00193668428120741,-0.00604423501536466,-0.00229538874574242,-4.05831856884475e-05,-9.75840984471787e-05,-0.011417812133165,-0.000227564375418154,-0.000144619104813337,-0.000901835732666001,-0.00570918877719784,-0.000174691977631092,-0.00727816881849686,-0.00429045252781002,-0.00258866259776713,-0.00204427277300878,-0.00216462892924163,-0.00373892278970356,-0.00291961811774843,-0.00139088045777669,-0.0096174908540978,-0.00540952006245554,-5.64001531344616e-05,-0.00215902402104273,-0.00369230458786873,-2.98744733440159e-05,-0.00100513021672199,-0.00498538821321848,-0.000497523065375205,9.31693918611032e-05,-0.00565153014331976,-3.07133708599139e-06,-0.0046736075053877,-0.00242805617235309,-0.0123637448452651,8.35744467027055e-05,-0.00549876116067249,-0.00394789280908014,-0.00316240222305453,-0.00559388381462611,-0.00903920575508987,-0.00954015449477197,-0.000741169458109425
21:33332588:A:G,-0.000253028968747238,-6.62839440783713e-05,-0.000883624736498057,-0.00325621108737195,0,-0.00628661156544918,-0.000296950455349609,-0.00398230792248144,-0.000678794602432031,-0.00139265370282438,-0.00475452685318611,5.47483776021096e-05,-0.000358965351128226,-0.00237564148953417,-0.000894765536614273,0.000158633300125111,-0.000178034965366614,-0.000491745778019137,-0.00117230084007414,-0.00209124133219962,-0.000108384904984327,-0.0020610748262726,-9.30962227929655e-05,-0.00281002831465615,8.14883562814117e-05,-0.000841722803179401,-9.30962227929655e-05,-0.000280222597278446,0,-0.000421087056635905,-0.00759203457426594,-0.000658476146486286,-0.00014050460931081,0.000460582228930306,-0.0037795944063177,-0.00474923676543959,-0.000144346335131829,0,-0.000450438709969525,-0.00639937855749739,-0.00334964489681289,-8.86611923069935e-05,-0.000663302901278584,-0.00409003762254256,-0.0014089478406567,-0.00365978040428416,0.134645938720757,-0.00223576181532703,-0.000255950331984778,0.00200285474083106,-0.00193532051052703,5.12578437508182e-05,0.000126707894204436,-0.00435176669884374,9.78941734786076e-06,-0.00207618937085119,0.00022589997111222,-0.000513259844768577,-0.000903653341569388,-0.00126259392050176,0.00022589997111222,-0.0065840751911681,-0.000772404813226046,-0.00241585439126846,-0.00159681507129505,-0.000674039051787645,-0.00281732917104716,-0.00145545773878641,-0.00212915312963613,-0.000847457461621737,-0.00316676211440292,-0.00213624815501756,-0.000905218536826347,-0.00457491832722035,-0.0003405049414269,0.00221768373386411,-0.000903653341570276,-0.000210027786067712,-0.00128485179516069,-0.000592516395639286,-0.000319789520646374,-0.003554507780275,-0.00135324478863197,-0.000591426923262972,-0.00190907583913003,-0.000747150456521073,0.000110047073953012,-0.00139265370282438,-0.00295358126598977,0.000244652489201691,-0.00178857932935905,-0.00346865367379223,-0.00176898030997297,-0.00052997023887702
21:33332918:T:C,-0.00093552542801234,-0.00476564403341229,-0.00147228602532046,-0.0066571764677521,0,-0.00600894156231035,-0.00112522367705381,-0.00985174092817598,-0.00476186887140395,-9.75948332131438e-05,-0.00400646529472759,-7.12789150369986e-07,-0.00592830232182262,-0.00302278190768845,-0.000459114654296933,-0.000472916045960226,-0.000685786769921926,-0.00202382047390515,-0.000195472507353855,-0.00482242892882567,2.80971548765052e-05,-0.000189032378393961,-0.00161889570932683,-0.00902629524177634,-0.00300446009189237,-0.00263394229151892,-0.00161889570932683,-0.000418180322278694,0,0.000261420247467115,-0.00469413590470502,-0.000762070790565339,-0.000426099043558281,-0.00849623058049076,-0.00103473662522902,-0.00430610095556982,0.000288973591071162,0,-0.00608339425224891,0.000238311298397242,-0.00577535871905388,-0.00214023626260484,-0.0023644867950674,-0.00409384336696839,-0.00849748571454079,-0.00703010674888205,-0.00223576181532703,0.248240451665422,-0.000840605142926165,-0.00139736764372511,-0.00469630837425683,-0.00172544555703524,-0.000118339031547343,-0.00983331341337923,-0.00205716271648626,1.80529332691748e-05,-0.000189032378393961,-0.000594368734302186,-0.000237459111232852,-0.00394621415985874,-0.000189032378393961,0.000121531119291696,-2.51523330740966e-05,-0.00710633557264506,-0.00644806039163592,-0.000415826363719951,-0.0023251462728866,-0.00265234340644671,-0.000848401023412215,-0.00515923322227607,-0.000308984287265446,-0.00739699975523411,-0.00101490247498326,-0.000920410887871981,-0.00250322107463141,-0.00373619514720414,-0.000173017406623011,0.000142879179233724,-0.00887116110544328,-0.00105180560017626,0.000216696596651467,-0.0130122976531126,-2.82073505335489e-05,-0.000866790177650678,-0.000198128076972282,-0.00639595989983377,0.000286431290442479,-0.00293059579878463,-0.00334871909038448,-0.000360719473863291,-0.00161889570932683,-0.00991851816286626,-9.96518286422443e-05,-0.000538964047451351
21:33332993:A:G,0.000173999111944489,0.00014140665786222,-1.72428344313857e-05,-0.00613675875855435,0,-0.00370637889191627,-0.0028330867656905,-0.00355068339634057,-0.00938986735381819,-7.22129319132847e-05,-0.00160641624396618,-0.00120983309819866,-0.00242602638881362,-0.00157993797047329,-2.17932658408415e-05,0.000203611843917706,-0.002426795273057,-1.82389194440802e-05,-0.000180865948709474,-0.00123457895154111,-0.00225507151890714,-0.000101004465540733,-0.000563229574180646,-0.00109647472494778,-0.00199611646603959,0.000232644855423736,-0.000563229574180646,-1.8238919443192e-05,0,-0.00237690073355523,-0.00141699332352951,0.000200570151844381,-0.00176292440637926,0.000786415636031101,6.0631962732316e-05,-0.00532569267145178,0.000162866872622125,0,-0.000148085418975263,-0.00415943180860001,-0.0022190948552101,-0.00250483024986003,2.51623371623211e-05,-0.000428977370905415,-0.00504453346675504,-0.00789543581872643,-0.000255950331984778,-0.000840605142926165,0.165312839279237,-0.0105584960868699,-0.0035465960667147,-7.55605389199943e-05,-0.000222543959395693,-0.003946044094568,-8.99656255093362e-06,-0.000214345008641814,-0.000101004465540733,-0.00371191247521185,-0.00195108511221065,-0.000331806651201028,-0.000101004465540733,-0.000546315161785493,6.81323881703833e-05,-0.00531101550484703,-0.00984677150015756,-0.00168820156550886,-0.000539651264161556,-1.35863997154928e-05,-0.000111668041647306,-0.00652714016473865,-0.00506145767479627,-0.00338059489231712,-0.00593748945574113,-0.000902462368760126,-0.00377033900417167,0.000320879646275252,0.000145761371689979,8.00526722022354e-05,-0.00914554184061966,-0.000214345008640926,0.000121677483631011,-1.35863997154928e-05,-1.35863997154928e-05,-0.00385305953651471,-0.00208416179406434,-0.00440034420871882,-4.73471173867424e-05,-7.22129319132847e-05,-0.00121136672410138,-0.0010492714629029,2.94999084804459e-05,-1.8238919443192e-05,-0.000169770977414885,1.63074624470738e-05
21:33333277:T:A,-0.00111197397619378,-0.000571560803226845,-0.00163438975233721,-0.000714340485884257,0,-0.00249675305691444,-0.00331612837679973,-0.00235117818348574,-0.005938192805377,0.000165984843785161,-0.00021419149797719,-2.18911161411484e-05,-0.00180636077413165,-0.00282342562579174,-0.00158376013088724,-0.00052544444240521,-0.000347309283010411,0.000188623249217201,-0.00119734941949012,-0.00173538847055443,-0.00148198636574559,-0.00145198965502491,-0.000796811769350647,-0.000401656015252883,-0.00608178690861383,-0.00128286294338942,-0.000796811769350647,-0.0018831050358008,0,-0.00610464462860083,-0.000861435105848241,-0.000634733295855838,-0.000602361403881702,-0.00125701706150938,-0.00324987411823496,-6.82483837923797e-05,-0.000593926711360382,0,-0.000438494979642101,-0.00271163664331553,-0.00187013750869225,-0.00129348590164646,-0.00211128362217661,-0.00405814760517087,0.000185125406786391,-0.0042107221880241,0.00200285474083106,-0.00139736764372511,-0.0105584960868699,0.175642604544111,-0.00472742760336997,-0.00150259760143534,-0.00114380716186346,-0.0109180449651696,-0.00180406617929663,-0.000389712291386957,-0.00541435076564589,-0.000418217180861546,-0.00217132508262541,-0.00135683662322705,0.000280314363809708,-0.000882149115487785,-0.000564924546101686,-0.00756581822955305,-0.00276328303479545,0.00165489946236264,-0.000203343915507581,-0.000508677047289297,-0.000897655222680704,-0.00608045902581278,-0.00397936569293567,-0.00677883048306516,-0.00263483206527848,-0.00497083793987674,-0.000267598111901357,-0.00115835670260722,-0.00127784378526385,-0.000605190960669688,-0.000554634468481474,-0.00137866412936116,-0.00040946576479417,-0.00300207149794218,-0.0016062769522831,-0.00426878303689016,-0.000320849847581073,-0.00658214836349602,0.000137509204620301,-2.5862885000727e-05,-0.00114380716186346,-6.71456283196648e-06,-0.0015505070466455,-0.000144094680414319,-0.00164636747022673,-0.00204345506251968
21:33333649:C:T,-0.00491289797994643,-0.00963755299565561,-0.00116460688351205,-0.011755631031801,0,-0.00628074282041169,-0.0079618252187994,-0.0031498087432702,-0.00908761654466517,-0.00620181381999085,-0.00020359354588706,-0.00548187702757064,-0.00171588595970062,-0.0118769448266471,-0.00252822824865495,-0.00328317160219171,-0.00249682890982905,-0.00236180964000532,-0.00206472503319599,-0.00304430817293477,-0.000131568006684013,-0.00223548628782044,-0.00561568857944117,-0.00405609105332028,-0.0103598536368095,-0.00141475484315912,-0.00561568857944117,-0.00101403647116793,0,-0.00265226791753648,-0.00364286783966872,-0.00150432176031146,-0.000191818917014253,-0.000603018322468785,-0.000362574116792302,-0.000262738912180094,-0.00231962026481991,0,-0.00420609578161724,-7.09683729818167e-05,-0.00747858124102185,-0.00566628270049918,-0.00339299323479736,-0.0113763651568006,-0.00127228705890614,-0.00482946155878095,-0.00193532051052703,-0.00469630837425683,-0.0035465960667147,-0.00472742760336997,0.322720745854846,-0.00278364004905374,-0.00476124768664032,-0.0003122290367914,-5.10631577927967e-05,-0.000899783292188872,-0.00221623619729705,0.000464323679504552,-0.00158910865636042,0.000587659263155516,-0.00223548628782044,-0.00226025688469944,-0.00205280334462277,-0.00786436137603541,-0.00551028101801876,-0.000592045323943857,-0.00177273239532516,-0.00222330921055214,-0.00234499864845716,-0.0150529393721266,-0.00260038049935485,-0.00194658630409705,-0.0096094822458741,5.6500974982221e-05,-0.00166757592330979,0.000506139950329221,-0.00305627040082612,-0.00189765693450283,-0.00866025085451305,-0.00268848485864215,-0.00203810171462582,-0.0047086592284149,-0.00202860530446713,-0.00595839875986126,-0.00208349804385666,-0.00422716785235266,0.000115249112917049,-0.00826466702782014,-0.00345983114438386,-0.00137606323435779,-0.00101974040535069,-0.00866687323949122,3.49107866215448e-05,-0.00361376153494852
21:33335031:C:T,-0.000333423050467907,-9.03670405065782e-05,1.83723194524532e-05,-0.000547548629308281,0,-0.00149071515307941,-0.00220008063579602,-0.00125075347889325,-0.000891970729514746,-0.00258570316137074,3.74161954539431e-05,-0.00491498533911194,-4.71214405095566e-05,-0.000409203737412156,1.87850562003433e-05,2.7700393235186e-05,-0.004839825398677,-2.45144442434508e-06,-1.40727225517168e-05,-0.00373449243157165,-8.8409680446766e-05,-1.6227227409793e-05,-0.00145214263042348,-0.00641521755929153,-0.00124673205544479,-0.0012082130942197,-0.00145214263042348,-2.45144442612144e-06,0,-0.00143819428853753,-0.00904996022955595,2.74186640671914e-05,-0.00235928944440111,-0.0023071676354407,-0.000715354040559113,-0.00198002653738705,2.28584299843959e-05,0,-0.00198017171584119,-0.000389971707330794,-0.00596145224933364,-0.00563911665028805,4.23658808834659e-06,-0.00387819710303372,-0.000168347188621354,-0.00645947494976884,5.12578437508182e-05,-0.00172544555703524,-7.55605389199943e-05,-0.00150259760143534,-0.00278364004905374,0.118817536358488,-9.53982515916607e-06,-0.000541868747246266,-1.20435531059115e-06,-3.61692595838292e-05,-1.6227227409793e-05,-0.00142029463662041,-0.00334481460524305,-5.75831868880883e-05,-1.6227227409793e-05,-0.00160361650720109,1.05171214981326e-05,-0.0021697767906943,-0.00174411645236949,-2.97335559027445e-05,-0.000710334113184885,-1.82243299917673e-06,-1.7829919945811e-05,-4.69466127812623e-05,-1.57440288566235e-05,-0.000282920623393412,-0.00110361136226533,-3.82817529827051e-05,-0.00294416582937274,3.95146789848866e-05,-0.00151397677633458,1.1934007291714e-05,-0.000362403259120292,-3.61692595838292e-05,1.76005598708784e-05,-1.82243299917673e-06,-1.82243299917673e-06,-0.00223247250759062,-0.000273918739869927,-0.00346493602882259,-7.44762585647152e-06,-0.00175367903058454,-9.53982515916607e-06,-0.00147385032371972,4.78923510449647e-06,-0.00208161954712427,-0.0040804312044278,-0.00201480120263398
21:33335361:C:G,-0.0031162123843842,-0.000101945252547253,-0.000600988272082326,-0.000268994307337955,0,-0.000130683996836467,-0.00165698042789497,-0.000152753593500421,-0.00427504661504319,-1.58317910168293e-05,-0.00222674558360758,-7.28833244014737e-05,-0.00158788517489494,4.20735744217637e-05,-0.000671208022210656,4.72771409762984e-05,-0.0047933966494158,-3.66819194397294e-06,-0.00153653567706513,-0.00143160205849213,-4.66122919622336e-05,-2.29167140259889e-05,7.22210661852074e-06,-0.00365699331527924,4.98422844881219e-05,5.44786163096944e-05,7.22210661852074e-06,-3.66819194308476e-06,0,3.51796316273578e-05,-0.00394698575636365,4.66893247255129e-05,2.15194366877114e-05,-4.84160678535517e-05,-5.9262545682337e-05,7.69349610774128e-06,3.78317442848441e-05,0,-4.61503013404752e-06,-0.00248475682875693,-0.00439638075105453,6.35576771124136e-06,6.35576771035318e-06,-0.00251857041385062,-0.000164276553467957,-0.00193668428120741,0.000126707894204436,-0.000118339031547343,-0.000222543959395693,-0.00114380716186346,-0.00476124768664032,-9.53982515916607e-06,0.0817096701418949,-0.00210739081858957,-1.81071460403359e-06,-4.84160678535517e-05,-2.29167140259889e-05,-5.50057481696342e-05,3.44951652930803e-05,-0.000283910609311988,-2.29167140259889e-05,-6.50270839654965e-05,1.62856359535724e-05,-0.00600253196599176,-0.00312508107890785,1.62856359535724e-05,-0.000342759866921227,-2.73349665125266e-06,-2.50790646081356e-05,8.59536902071412e-05,1.90788705465295e-05,-0.00643647728119845,-0.000119153141839412,-5.09988544594719e-05,-0.0036345316388795,7.46061625331862e-05,3.44951652939685e-05,1.86522559362245e-05,-0.00309301480081015,-4.84160678535517e-05,2.82894795091693e-05,-2.73349665125266e-06,-2.73349665125266e-06,-0.00170021447263213,4.03776969823966e-05,-0.00166352285267024,-1.08106461826907e-05,-0.00148221777795765,-1.37843575265251e-05,-2.61815351327854e-05,-0.00212658180028935,-3.66819194308476e-06,-0.00186962989698713,4.58918955814624e-06
21:33337790:T:A,-0.00251429403205217,-0.00905084733583195,-0.00413499381204296,-0.00960170719244147,0,-0.00354890516101447,-0.00521926942074113,-0.00746511905309077,-0.00538194598383201,-0.00164415940003959,-0.00230883434024065,-0.00668078189161836,-0.00993619591554262,-0.00579984670915934,-0.00151309392846999,-0.00231034420573284,-0.00180909736839441,-0.00291132780798264,-0.0208206561799713,-0.00506939881997237,-0.00155448852416473,-0.000684921309671793,-0.00339844181114213,-0.00221518198892134,-0.000384695081637521,-0.00276951777279688,-0.00339844181114213,-0.00794091653126916,0,-0.00708833615796056,-0.00418713145694527,-0.000860328038365665,-0.00139208334594532,-0.0103588110667667,-0.000651474922094053,-0.0021452286635979,-0.00225877505281513,0,-0.00318562683604284,-0.00401318023146358,-0.00126315726448167,-0.000212267697348167,-0.00687684547976541,-0.00358586799042504,-0.00208748974795903,-0.00604423501536466,-0.00435176669884374,-0.00983331341337923,-0.003946044094568,-0.0109180449651696,-0.0003122290367914,-0.000541868747246266,-0.00210739081858957,0.33028912690348,-0.00744986658830094,7.37601443994151e-05,-0.0020640466001085,-0.00200421211042912,-0.00113290280270117,-0.000729936325875702,9.33122331794323e-05,-0.000338086760617085,-0.00590243370488164,-0.00210178990717758,-0.00250774311432833,-0.00021465747156757,-0.00141101357742057,-0.00477730470571824,-0.00357360313292165,-0.00592284288993028,-0.00153163111495491,-0.00656369358392883,-0.00177023842498114,-0.00121044571942175,-0.000171376368402587,-0.0030247543630928,-0.000339562908674651,-0.0066440582655316,-0.00181951994732366,-0.00499084965678964,-0.00206738783366855,-0.00754934092645598,-0.00211332864809144,-0.0053507563860542,-0.00100828680441589,-0.00524605239773734,5.18016300583568e-05,-0.000485140354477664,-0.00302241612164966,-0.00160548160249263,-0.000475015444021842,-0.00491758415314791,-0.0029547339745184,-0.00722698608845995
21:33337871:A:G,-3.42859396162964e-06,-0.00215938254903403,3.53622651516616e-06,-2.97754517042392e-06,0,-0.000126847413356224,-2.03622692840355e-06,-1.09107671324438e-05,-0.00268823022042941,-2.08204868901163e-06,7.16084935614703e-06,-1.05844444320269e-05,-1.61860043181861e-05,-0.00227356835288806,3.61273129012574e-06,5.29437992735637e-06,-0.00864263951107702,-4.56918383129334e-07,-2.65394565790444e-06,-7.13270484036244e-05,-0.00187273536584165,-3.0918953148884e-06,9.23086590276512e-07,-0.0022400318075988,5.57014273638856e-06,5.96196455937559e-06,9.23086590276512e-07,-4.56918383129334e-07,0,4.11131189803626e-06,4.4039991706768e-06,5.24190985551343e-06,2.64800032923063e-06,-6.88406915116957e-06,-8.49389880741569e-06,1.03192333789082e-06,4.36979587714603e-06,0,-5.76120486428522e-07,-2.91474704452455e-05,3.83375001078434e-06,8.20164051340555e-07,8.20164050452377e-07,-0.00193682786041549,-0.00764332997898354,-0.00229538874574242,9.78941734786076e-06,-0.00205716271648626,-8.99656255093362e-06,-0.00180406617929663,-5.10631577927967e-05,-1.20435531059115e-06,-1.81071460403359e-06,-0.00744986658830094,0.0760103518277848,-6.88406915205775e-06,-3.0918953148884e-06,-7.89321355032513e-06,4.0438296879941e-06,-0.00173580835231313,-3.0918953148884e-06,-9.46692824133066e-06,2.01919550146812e-06,-0.00796973715319993,-0.00209276681924031,2.0191955023563e-06,-0.00269404569005349,-3.39750687139428e-07,-7.09470226878395e-05,-0.0021870620019433,2.38213006564791e-06,-0.00780436866529843,3.61273129190209e-06,-7.2771241379499e-06,-1.04104686879936e-05,7.55014467834769e-06,4.0438296879941e-06,2.28312704919631e-06,-0.00261479043575097,-0.0018080885711198,3.36559472913223e-06,-3.39750687139428e-07,-3.39750687139428e-07,-9.46414100866377e-07,-8.31211167096058e-05,-0.00356994897977447,-1.42075762887828e-06,-2.08204868901163e-06,-1.81071460403359e-06,-3.54367719257453e-06,9.23086590276512e-07,-4.56918383129334e-07,1.2696832492054e-06,6.08901212117985e-07
21:33341468:T:C,-9.30100127485289e-05,-9.02385357930413e-05,9.78168369352161e-05,-0.00267348223404706,0,-0.00154859597788448,-0.00115579180992498,-0.00148112990424387,-0.00762567247324952,-5.60722090066079e-05,-0.00362518215403362,-0.008560858680287,-0.000789101278860116,-0.000317933946884175,0.000100847381828473,0.000165517602681575,-0.000847665802742981,-1.3936621939159e-05,-7.19678729410589e-05,-0.000291773326704714,-0.000162221590878531,-7.89461959671556e-05,2.38591575163483e-05,-0.00204177732948363,-0.00292344456827909,0.000190131334061761,2.38591575163483e-05,-1.39366219382708e-05,0,0.000121016394740714,-0.00195646586430964,0.000163080302351126,-0.00148027243881099,-0.000317042747552954,-0.000207828775875996,-0.00129284359171677,0.000131779750149441,0,-1.75280207104223e-05,8.04361051098823e-05,-0.00173298222734619,2.05218567197463e-05,2.05218567197463e-05,-0.00388262704375109,-0.00449086157163503,-4.05831856884475e-05,-0.00207618937085119,1.80529332691748e-05,-0.000214345008641814,-0.000389712291386957,-0.000899783292188872,-3.61692595838292e-05,-4.84160678535517e-05,7.37601443994151e-05,-6.88406915205775e-06,0.0673305404439821,-7.89461959671556e-05,-0.000189119689257389,0.000118242202095331,-0.000251887017544306,-7.89461959671556e-05,-0.000224910264561728,5.49579004740508e-05,-4.25390778957535e-06,-0.000661424295915758,-0.00335600814578019,-0.000265228634241055,-1.0388901594105e-05,-8.69327497001748e-05,-0.00115813411630139,6.14182094587079e-05,-9.40210672419894e-05,-0.00309844917617674,-0.000174747807225373,-0.000241105185084578,0.000264732326018091,0.000118242202095331,6.42261848033954e-05,-0.000445803158869218,-0.000165464851889396,9.80154434353508e-05,-1.0388901594105e-05,-1.0388901594105e-05,-0.00117734169938544,-0.00155594124073488,-0.00162631906977673,-3.72767989436085e-05,-5.60722090066079e-05,-4.84160678535517e-05,-0.000726523295805137,2.38591575163483e-05,-1.39366219382708e-05,2.24920412739138e-05,1.37232174814983e-05
21:33341533:C:T,-4.29475481515951e-05,-0.00258310773036996,4.90020235206501e-05,-4.01332458590531e-05,0,0.000146199376028555,-0.000875686973602186,-0.00244735300282706,-0.000888335025272191,-2.63602453181022e-05,0.000117796285423744,-0.000780624894114013,-0.00250091514277084,-0.00235485945677816,5.03383487044928e-05,8.03990098141583e-05,-0.00607041827506816,-0.00156412731116973,-0.000757909836552884,-0.000829856114434868,-7.64092588161347e-05,-3.77777961624304e-05,1.19025076772417e-05,-0.00221236509158373,-0.00242298826172416,9.28362034464669e-05,1.19025076772417e-05,-6.25781156138316e-06,0,5.92413570075223e-05,-0.00239184489844391,7.93276125454767e-05,3.56525764120263e-05,-7.89461959671556e-05,-9.69172746092539e-05,-0.00105458562478677,6.3999261046277e-05,0,-7.8693623493109e-06,-0.00114705324577002,-0.000786714561173518,1.04089365695614e-05,1.04089365704496e-05,-0.00274194140415229,-0.00249303127921241,-9.75840984471787e-05,0.00022589997111222,-0.000189032378393961,-0.000101004465540733,-0.00541435076564589,-0.00221623619729705,-1.6227227409793e-05,-2.29167140259889e-05,-0.0020640466001085,-3.0918953148884e-06,-7.89461959671556e-05,0.0655881254660775,-8.96294620922333e-05,5.80157967826622e-05,-0.000119017679213407,-3.77777961624304e-05,-0.000105763374410373,2.70831327391363e-05,-0.00609533460556655,-0.00196257562799929,2.70831327391363e-05,-0.00104301217419778,-4.6654358438758e-06,-4.13785014012902e-05,-0.00228574507788881,-0.00116310180536239,-0.00238546917867488,5.0338348705381e-05,-8.31405758638937e-05,-0.00011415181881258,0.000128849227325034,5.80157967826622e-05,3.1217820278151e-05,0.000153340920689082,-7.89461959671556e-05,4.76053942000121e-05,-0.00109690334044732,-0.00109690334044732,-1.28225886291133e-05,6.78713100263906e-05,-0.000851865743896951,-1.7903192986779e-05,-2.63602453181022e-05,-2.29167140259889e-05,-4.32115395199162e-05,1.19025076772417e-05,-0.00101691000877846,1.41481743307637e-05,7.36748835006296e-06
21:33343569:A:C,-0.00321423888637096,-0.000280295747274728,-0.00169095368491146,-0.000575103114776709,0,-0.00732068409796227,-3.13653928083468e-05,-0.00558645899517396,-0.00575583618208508,-0.00123811067894319,-0.00768309895796104,-0.00592438617017876,-0.000137230976003266,-0.000952325647523899,-0.00172522051005952,0.000184016919736685,-0.00905905059592715,-1.59912535426798e-05,-0.000206712364471784,-0.000109466909521849,-0.000633796287755395,-8.96294620922333e-05,2.66216432551758e-05,-0.00448398428918662,-0.00480691867478633,-0.0026704686320782,2.66216432551758e-05,-1.5991253543568e-05,0,0.000134765934293846,-0.00435490941655781,-0.00131984852255407,-0.00172466358806656,-0.000591379869282704,-0.00328028925884372,2.31137141986082e-05,-0.0031415302930391,0,-2.01195726239334e-05,-0.00049792829637596,-0.00554787324697248,2.28069101275707e-05,2.28069101257944e-05,-0.00560597831946685,-0.00421683561787667,-0.011417812133165,-0.000513259844768577,-0.000594368734302186,-0.00371191247521185,-0.000418217180861546,0.000464323679504552,-0.00142029463662041,-5.50057481696342e-05,-0.00200421211042912,-7.89321355032513e-06,-0.000189119689257389,-8.96294620922333e-05,0.16953005402249,-0.00209575152212249,-0.000290430670155217,-8.96294620922333e-05,-0.00717843364246562,-0.00212591589635025,-0.00330684639985801,-0.000233840377025896,-0.00259104125160192,-0.0129782148838933,-1.19161387397426e-05,-9.88940884480982e-05,-0.000915008955463037,6.79915266736941e-05,-3.87658429974458e-05,-0.00232874064466504,-0.00419209361767869,-0.00204948188497323,0.000291993176041672,-0.00217077338377525,7.19180067028091e-05,-0.00304269005678748,-0.000189119689257389,0.000109510673174995,-1.19161387397426e-05,-1.19161387397426e-05,-3.28343020035149e-05,-0.00223040245351047,-0.00136768547261523,-4.21586585925837e-05,-0.00281063866137199,-0.000252378039606427,-0.00010361792056468,-0.00107219126422553,-1.5991253543568e-05,-0.000504609686036162,-0.00166221636665309
21:33343992:C:T,-0.00167884283160813,-0.00376981693184497,-0.00338017477040875,-0.00319217845161202,0,-0.00657920690227876,-0.00147854301215666,-0.00478482647427114,-0.00432909809578685,3.89538802263445e-05,-0.000215667966938504,-0.00015543322382694,-0.0001982474237332,-0.00132681843427029,-8.91857831666343e-05,-8.86467633067767e-05,2.69608749001726e-05,8.17364136818099e-06,-0.00266740308054469,-0.00325073044974733,-0.00197036528734618,5.80157967826622e-05,-2.06005351675032e-05,-0.00317051563201654,5.6824236086328e-05,-0.00452967869567633,-2.06005351675032e-05,8.17364136818099e-06,0,-0.000100635911591596,-0.000307713785854258,-0.00036956533622412,-6.33029480336944e-05,0.000118242202095331,-0.00121661703358455,-0.00133640365073884,-0.000106786367349621,0,1.02716445962159e-05,-0.00024572123425326,-0.000362099092195756,-0.00131411634464929,-1.8648714265268e-05,-0.00669608991997173,-0.00415875181012293,-0.000227564375418154,-0.000903653341569388,-0.000237459111232852,-0.00195108511221065,-0.00217132508262541,-0.00158910865636042,-0.00334481460524305,3.44951652930803e-05,-0.00113290280270117,4.0438296879941e-06,0.000118242202095331,5.80157967826622e-05,-0.00209575152212249,0.118228432130641,0.000171492036920462,5.80157967826622e-05,-0.0052620250196771,-4.59796587488626e-05,-0.000249812040362229,-0.000592503578515036,-0.00133359222006924,-0.00259343216068597,6.09781872373816e-06,6.26552398621527e-05,-0.000358064781248224,-5.77675736614935e-05,-0.000297550678960867,-0.00245354209340576,-0.00464111974347947,0.000165538721129899,-0.000222930378829034,-0.0038912647494822,-5.13880175718739e-05,-5.12882906988921e-05,-0.00177511318973256,-7.88335026884468e-05,-0.00173211884555169,6.09781872373816e-06,1.67023183728077e-05,-0.000415179832353729,-0.0110293644982438,2.79801029705595e-05,3.89538802263445e-05,3.44951652930803e-05,-0.00231217959969854,-2.06005351675032e-05,-0.00164979890999017,-3.57213772455012e-05,-0.00135900462566685
21:33344184:A:G,-0.0012247692552263,-0.00676905487328039,-0.00115614429251387,-0.00419384341451412,0,-0.00311242978955573,-0.000329199378619194,-0.000648712389026862,-0.00204249774177434,-0.00024334571713247,-0.00271579455211057,-0.00493362827058252,-0.00332852196874533,-0.00409245291392324,-0.00113433699630239,-0.00110757955170637,-0.00275008528658782,-2.21088908212153e-05,-0.000534033049038207,-0.000591551324644168,-0.0020725626764575,-0.000119017679213407,3.42806197037859e-05,-0.00673307525076794,-0.00385628587851716,-0.0019952098242948,3.42806197037859e-05,-2.21088908203271e-05,0,-0.00200738430486602,-0.00469285411038145,-0.00139413235652164,-0.00595749674024582,-0.000251887017544306,-0.00142248886107321,2.6606600628476e-05,0.000192656962797244,0,-2.78222711784792e-05,-0.00552647579387333,-0.00584292306760137,2.90002126623889e-05,2.90002126615008e-05,-0.00168366829097266,-0.0019867798331985,-0.000144619104813337,-0.00126259392050176,-0.00394621415985874,-0.000331806651201028,-0.00135683662322705,0.000587659263155516,-5.75831868880883e-05,-0.000283910609311988,-0.000729936325875702,-0.00173580835231313,-0.000251887017544306,-0.000119017679213407,-0.000290430670155217,0.000171492036920462,0.129640800005199,-0.000119017679213407,-0.00257158343197439,7.97479494831776e-05,-0.000928045018628865,-0.000339219929234691,7.97479494831776e-05,-0.00196811988591827,-1.64714443986469e-05,-0.000459360340443027,-0.00298921004910113,-0.00154597923149602,-0.00943984086103411,0.000144133725019202,-0.00067115183321409,-0.000618617967344193,-0.00473433484374741,-0.00109326217463845,9.43357405711609e-05,-0.000157967687262506,-0.000590717974707999,0.000143679378230566,-1.64714443986469e-05,-1.64714443986469e-05,-0.00299706943148781,-2.81279579601446e-05,-0.000373510133711452,-5.58137423380956e-05,-0.00024334571713247,-7.35714487003492e-05,-0.0021179132758542,3.42806197037859e-05,-2.21088908203271e-05,-0.000119716159256988,1.82249070297402e-05
21:33348141:C:T,-4.29475481515951e-05,-0.00019519358656872,4.90020235206501e-05,-0.0063925480153566,0,-0.0023921780926921,-0.00234796321646602,-0.000918322669241967,-0.00278451213793751,-2.63602453181022e-05,0.000117796285423744,-0.000119247659024602,-0.00209898380310847,-0.00109339543750853,5.03383487044928e-05,8.03990098141583e-05,-0.00110753081658643,-6.25781156227134e-06,-0.000757909836552884,-0.000812255489172742,-7.64092588161347e-05,-0.00129968638378219,1.19025076772417e-05,-0.00270823141628096,8.42963181257872e-05,9.28362034464669e-05,1.19025076772417e-05,-0.00101691000877846,0,5.92413570075223e-05,-0.00241869072165279,7.93276125454767e-05,3.56525764120263e-05,-7.89461959671556e-05,-0.00249618938304152,-0.00105458562478677,6.3999261046277e-05,0,-7.8693623493109e-06,4.31485321010783e-05,-0.00208221219802596,1.04089365695614e-05,-0.00195478343323785,-0.00274194140415229,-0.00290965948596611,-0.000901835732666001,0.00022589997111222,-0.000189032378393961,-0.000101004465540733,0.000280314363809708,-0.00223548628782044,-1.6227227409793e-05,-2.29167140259889e-05,9.33122331794323e-05,-3.0918953148884e-06,-7.89461959671556e-05,-3.77777961624304e-05,-8.96294620922333e-05,5.80157967826622e-05,-0.000119017679213407,0.0658900242801001,-0.000105763374410373,2.70831327391363e-05,-0.00114263880437981,-0.00263850017284106,2.70831327391363e-05,-0.00250584757039096,-4.6654358438758e-06,-4.13785014012902e-05,-0.00281459695862285,-0.00116310180536239,-2.12250896769461e-06,5.0338348705381e-05,-8.31405758638937e-05,-0.00011415181881258,0.000128849227325034,5.80157967826622e-05,3.1217820278151e-05,-0.00673261175190909,-7.89461959671556e-05,4.76053942000121e-05,-4.6654358438758e-06,-0.00240211453636885,-1.28225886291133e-05,6.78713100263906e-05,-0.00102303448941221,-1.7903192986779e-05,-2.63602453181022e-05,-2.29167140259889e-05,-4.32115395199162e-05,1.19025076772417e-05,-6.25781156138316e-06,-0.00107171317874677,7.36748835006296e-06
21:33354778:C:A,-0.00653283563746498,-0.000849382258993003,-0.00404412397558929,-0.00624988694905149,0,-0.000999475050643461,-8.37779569273778e-05,-0.000295955664094461,-0.00133446585934216,-7.57341779182852e-05,-0.000350367017048825,-0.000213373195284028,-0.00274836399875156,-0.00059063028772055,-0.001885065747671,-0.000780913909252945,-0.000629479225568108,0.000424600634978844,-5.23163631065415e-05,-0.00915687383090313,-0.00394778251345596,-0.000105763374410373,-0.00179354015771427,-0.000630745111199982,-0.00224271723982383,-0.00318757944674886,-0.00179354015771427,-0.00170581917442547,0,-0.00375635858726575,-0.00240458238424468,-0.00106682793151158,9.06167736154373e-05,-0.00456345719721174,-0.00855114927680312,-2.0170058895097e-05,-0.000925563099380078,0,-0.00236917412427573,-0.00332382754001426,-0.00280790860111324,2.61241890484598e-05,0.000461135193351225,-0.00562501662243964,-0.00370694939267047,-0.00570918877719784,-0.0065840751911681,0.000121531119291696,-0.000546315161785493,-0.000882149115487785,-0.00226025688469944,-0.00160361650720109,-6.50270839654965e-05,-0.000338086760617085,-9.46692824133066e-06,-0.000224910264561728,-0.000105763374410373,-0.00717843364246562,-0.0052620250196771,-0.00257158343197439,-0.000105763374410373,0.149884222650182,7.09274612606947e-05,0.000140194424642637,-0.00425946265613319,7.09274612606947e-05,-0.000309744591661776,-1.42985852669142e-05,-0.000117023820322082,0.000209755759930985,1.21355126303513e-05,-0.000707152878638873,-0.00192829190337207,0.00124187020104483,-0.000333220557336311,-0.000702279473106415,-0.00390113835166517,8.34391746513674e-05,-0.005778546794863,-0.000224910264561728,0.000126745569824394,-1.42985852669142e-05,-1.42985852669142e-05,-0.000187002585001927,-0.000651139206815365,-0.00241054680156516,-4.95149029493547e-05,-0.00176076215716581,-0.00134359382592386,-0.00029465511761817,3.06849100892848e-05,-1.91974984735666e-05,-0.00128962901738738,-0.00183604826092765
21:33355020:T:C,2.89631670709056e-05,-0.00376056057742336,-0.00321613766769335,-0.00155380491527879,0,-0.00490850493888129,1.73699725189991e-05,-0.00336405270778872,-0.00667605442642927,1.8486480030333e-05,-0.00121527766027718,-0.00174029491598926,-2.82626092698024e-05,-0.00313049561757328,-0.00325432430693606,-6.35001963171788e-05,-0.000695570403490109,4.07925330581094e-06,-0.0001235686833434,-0.00351915551365511,5.22484429348324e-05,2.70831327391363e-05,-9.39372846264774e-06,-0.000706813966957931,-6.88296598436722e-05,-7.45821458991713e-05,-9.39372846264774e-06,4.07925330581094e-06,0,-4.68060681440008e-05,-0.000315390609990196,-6.2771865422917e-05,-0.00134899917380338,5.49579004740508e-05,6.4509759719833e-05,-1.13435786497362e-05,-5.0024668893478e-05,0,5.12498737670342e-06,-0.00311009759418734,-0.000174002614033775,-8.41039028998125e-06,-8.41039028998125e-06,-0.000223534646352164,-0.00709233902775086,-0.000174691977631092,-0.000772404813226046,-2.51523330740966e-05,6.81323881703833e-05,-0.000564924546101686,-0.00205280334462277,1.05171214981326e-05,1.62856359535724e-05,-0.00590243370488164,2.01919550146812e-06,5.49579004740508e-05,2.70831327391363e-05,-0.00212591589635025,-4.59796587488626e-05,7.97479494831776e-05,2.70831327391363e-05,7.09274612606947e-05,0.0969401579390921,-0.00503857489703563,-0.00234200541246476,-2.11877264923999e-05,-0.00456755581354518,3.04404098727673e-06,2.93542092038024e-05,-0.00369502405738675,-2.59912682132324e-05,-0.00186169369205125,-4.08272881449179e-05,5.7490916741898e-05,7.69300460623512e-05,-0.000105205359492544,-4.59796587497507e-05,-2.39442834226722e-05,-0.00207917490272358,5.49579004740508e-05,-3.68408533502063e-05,-0.00296379946545233,3.04404098727673e-06,8.3269150197296e-06,-0.00124482605659981,-0.00165452989858839,1.30653618430898e-05,1.8486480030333e-05,1.62856359535724e-05,-0.00247770324796104,-9.39372846264774e-06,-0.00288135689073599,-0.00144577246888922,-0.00305839751151282
21:33355408:A:G,-0.00017966542766823,-0.00589778921650463,-0.000980186259049276,-0.00600924591830188,0,-0.00833086525986593,-0.00426927433109547,-0.00503071774172659,-0.0104596219584332,-4.81361698847493e-05,-0.00337078383233269,-0.00845351684830797,-0.00563367903279399,-0.0125735590436777,-0.000381089408898472,-0.00155646272046539,-0.00231309911167354,-0.00409878763816085,-0.00333410770983988,-0.00850945345261689,-0.000609026315552263,-0.00114263880437981,-0.00285158801389152,-0.00233038018137011,-0.0017175954950801,-0.00202746641708051,-0.00285158801389152,-0.00273786629169326,0,-0.00792260682915114,-0.00322863679959617,-0.0016783274674923,-0.00220450913869819,-0.00940043216370778,-0.000687236337379549,-0.000949389691863534,-0.000814751193858321,0,-0.00157579665957375,-0.00201364779944813,-0.00109895185161868,-0.000446343853711895,-0.00448263258675752,-0.00809624338074855,-0.00425403970883265,-0.00727816881849686,-0.00241585439126846,-0.00710633557264506,-0.00531101550484703,-0.00756581822955305,-0.00786436137603541,-0.0021697767906943,-0.00600253196599176,-0.00210178990717758,-0.00796973715319993,-4.25390778957535e-06,-0.00609533460556655,-0.00330684639985801,-0.000249812040362229,-0.000928045018628865,-0.00114263880437981,0.000140194424642637,-0.00503857489703563,0.344188409458586,-0.00746366637911233,-0.000594635491198758,-0.00236395110079091,1.27467890518318e-05,-0.00771817001599917,-0.00761380739212258,-0.00465396376063554,-0.00910056921972524,-0.0015792342667984,-0.000185486683546898,-0.000874511423190949,-0.00796150457187927,-0.00184549402832834,-0.00582701823991094,-0.00722633695409325,0.000189373545738114,-0.000907252874674747,-0.00726562177913603,-0.00220797348062085,-0.00261040390438438,-0.00159703502996367,-0.0168547289390495,-0.000208749167744493,-0.000814741791374196,-0.00192713345774287,-0.00247888609411362,-0.00397903558748069,-0.00437972141785714,-0.00046157347125364,-0.0047268862350851
21:33356175:G:C,-0.00384463954385073,-0.0169144658613196,-0.00153346428747625,-0.00859229457625155,0,-0.00874209918980107,-0.00740657018589719,-0.00364140279834269,-0.00744833246795995,-0.00172396239065709,-0.000184889761655427,-0.00931240248448395,-0.0022752396326724,-0.0111346115886031,-0.0021020050079823,-0.00141427331303312,-0.00233627745082554,-0.00243982577174151,-0.00128860135789077,-0.00360466828061234,-0.00150007172162159,-0.00227112187712475,-0.0118228458901726,-0.00380517933539348,-0.00555859453492058,-0.00249938891635315,-0.0118228458901726,-0.00135373127660898,0,-0.00497202938329044,-0.00433167991324535,-0.00278812975875464,-0.000855019881906838,-0.000122451195575302,-0.000214237824828878,-0.000320514223250523,-0.0041962256325796,0,-0.0110481795663446,-0.000827447636635892,-0.00923651280210525,-0.00690455421152603,-0.00388002729031989,-0.00603982701550354,-0.000974189595403629,-0.00429045252781002,-0.00159681507129505,-0.00644806039163592,-0.00984677150015756,-0.00276328303479545,-0.00551028101801876,-0.00174411645236949,-0.00312508107890785,-0.00250774311432833,-0.00209276681924031,-0.000661424295915758,-0.00196257562799929,-0.000233840377025896,-0.000592503578515036,-0.000339219929234691,-0.00263850017284106,-0.00425946265613319,-0.00234200541246476,-0.00746366637911233,0.375542095058694,-0.000931153772221194,-0.00310185696579079,-5.58172321074579e-06,-0.00324825765326686,-0.0161417065210352,-0.00302983249949662,-0.00435822793671559,-0.0080397778430723,-0.00056031650624,-0.00240555926436414,0.000150229145218894,-0.00160922250828222,-0.00222996867717828,-0.00384001223203301,-0.00317227840744305,-0.00400963635363016,-0.0113008527121359,-0.00216612167442864,-0.00812493172077877,-0.00858543573934334,-0.00471966174770566,-0.00011151882287308,-0.00482295304061697,-0.00152913982478431,-0.00511905315014705,-0.000946407398473958,-0.0110274942863828,-0.0061203124410838,-0.000731652018683082
21:33356446:G:A,-0.00918774377241682,-0.00436601525948266,-3.99348015234224e-05,-0.00180454102719985,0,-0.000962296452669875,-0.0019223542386948,-0.0104966785263994,-0.000331906527240911,1.8486480030333e-05,0.000309687467067832,-0.00215728572752028,-0.00191622603716812,-0.00629412078614155,-4.08272881440297e-05,-6.35001963171788e-05,0.000168885363262206,4.07925330669912e-06,2.30235870510853e-05,-0.00370356296498198,-0.00456165505841888,2.70831327391363e-05,-9.39372846264774e-06,-0.00214047306013754,-0.00328219881652103,-7.45821458982832e-05,-9.39372846264774e-06,4.07925330669912e-06,0,-4.68060681431126e-05,-0.00394959142416962,-6.2771865422917e-05,-0.00289812611399398,5.4957900474939e-05,-0.00058026038735548,-1.13435786488481e-05,-5.00246688917017e-05,0,5.12498737759159e-06,-0.0062271996017893,-0.00593581862258397,-0.00172946404610208,-8.41039028998125e-06,-0.00593013999304226,0.000381559908831264,-0.00258866259776713,-0.000674039051787645,-0.000415826363719951,-0.00168820156550886,0.00165489946236264,-0.000592045323943857,-2.97335559027445e-05,1.62856359535724e-05,-0.00021465747156757,2.0191955023563e-06,-0.00335600814578019,2.70831327391363e-05,-0.00259104125160192,-0.00133359222006924,7.97479494831776e-05,2.70831327391363e-05,7.09274612606947e-05,-2.11877264923999e-05,-0.000594635491198758,-0.000931153772221194,0.115637825482335,-6.28177812398434e-05,3.04404098905309e-06,2.93542092038024e-05,-0.0036135593842026,-2.59912682132324e-05,7.04101952742064e-07,-0.00201006128955239,5.74909167427862e-05,7.69300460641276e-05,-0.000105205359490768,-4.59796587488626e-05,-2.39442834226722e-05,-0.00623414435913006,5.4957900474939e-05,-3.68408533502063e-05,3.04404098905309e-06,3.04404098905309e-06,-0.00452582202708385,-0.00149556216852087,-0.000436531141115637,1.30653618430898e-05,1.8486480030333e-05,-0.00215156857456567,-0.00192162042374289,-9.39372846264774e-06,4.07925330669912e-06,-0.000246152310142023,-6.41312562787988e-06
21:33358157:A:C,-0.00329753065717897,-0.0142020855939138,-0.00379035376326309,-0.0101441957405508,0,-0.0090679276023935,-0.00250276081695056,-0.0273260929814572,-0.00255814434707657,-0.00440619490898708,-0.00216402659627413,-0.00609671458910199,-0.0143991371876719,-0.00459842276298517,-0.00394493572772614,-0.00252661926507791,-0.00171197731356854,-0.000321885572641456,-0.00126236619463471,-0.0035621930272014,-0.000506530531497962,-0.00250584757039096,-0.000488712868686569,-0.00301359082857866,-0.00575281523898141,0.000141417310809189,-0.000488712868686569,-0.000801972198741119,0,-0.00032953761571175,-0.00131364093476627,-0.00270719425901067,-0.00255747982255983,-0.00130784734459777,-0.00137084234841067,-0.00328372719469483,-0.000426149432403378,0,-0.00130955586195469,-0.000207454225474191,-0.00276111347715702,-0.0108867530270249,-0.000732412179018205,-0.0130679944480208,-0.00374368033109551,-0.00204427277300878,-0.00281732917104716,-0.0023251462728866,-0.000539651264161556,-0.000203343915507581,-0.00177273239532516,-0.000710334113184885,-0.000342759866921227,-0.00141101357742057,-0.00269404569005349,-0.000265228634241055,-0.00104301217419778,-0.0129782148838933,-0.00259343216068597,-0.00196811988591827,-0.00250584757039096,-0.000309744591661776,-0.00456755581354518,-0.00236395110079091,-0.00310185696579079,-6.28177812398434e-05,0.313922850441657,-1.22584712443086e-05,-0.00018013167351949,-0.00884468357648327,-0.00254773092394611,-0.0021780245103713,-1.52314626884476e-05,-0.00459575597663697,-0.00149437959460741,-0.00335878281872048,0.000130076329772244,5.75478569952992e-05,-0.00307599582872964,-0.00814984382155881,-0.00154438239202825,-0.00365072966225544,-0.00539100158892314,-0.0016346735717967,-0.00427302372243865,-0.00590470467742055,-4.4795905352224e-05,-0.00169719617644759,-0.00725994769050331,-0.00170926905601032,-0.00412280328042236,-0.00199647361218513,-0.00654054297385365,-0.00996198911309865
21:33359267:C:T,-5.18219925638164e-06,-0.00197450200773908,5.32945491737991e-06,-4.5162973707491e-06,0,1.24649767263563e-05,-0.00579908463519008,-0.00236395191674443,-0.00569823703215366,-3.14406621626517e-06,1.07994489244589e-05,-0.00196209389411273,-0.0026660297003378,-0.00206409725733536,5.44527983503684e-06,7.98584106576072e-06,-0.000157427680679945,-7.62422875206781e-05,-4.00956846213774e-06,-9.78455567919312e-05,-9.90111886789435e-06,-0.00109690334044732,1.39095311180171e-06,-0.00589961035032083,8.39899092763829e-06,8.99211149540946e-06,1.39095311180171e-06,-0.00134395497295792,0,6.1999446465677e-06,-0.00558837776818244,7.90644853410072e-06,-0.00201765725591319,-1.03889015949932e-05,-1.28348742611806e-05,-0.00218573763358609,6.591077895024e-06,0,-4.01471682183185e-05,-0.00203027938581091,-0.000796388990301544,1.23522016881594e-06,-0.00182064248469604,-0.00155974809367976,-0.000170161530880897,-0.00216462892924163,-0.00145545773878641,-0.00265234340644671,-1.35863997154928e-05,-0.000508677047289297,-0.00222330921055214,-1.82243299917673e-06,-2.73349665125266e-06,-0.00477730470571824,-3.39750687139428e-07,-1.0388901594105e-05,-4.6654358438758e-06,-1.19161387397426e-05,6.09781872373816e-06,-1.64714443986469e-05,-4.6654358438758e-06,-1.42985852669142e-05,3.04404098727673e-06,1.27467890518318e-05,-5.58172321074579e-06,3.04404098905309e-06,-1.22584712443086e-05,0.0832617391990578,-0.00117654784422516,-0.00199038971173238,-0.00207903097021678,-0.0056737459195455,5.44527983592502e-06,-1.09837022446158e-05,-1.57175649722063e-05,1.13887673389712e-05,6.09781872284998e-06,3.4433877154072e-06,-0.00203223912581052,-0.00119515190865194,5.07624590362354e-06,-5.14016637254144e-07,-0.00261371614903716,-1.43203774705114e-06,7.03062837015267e-06,-0.00264297350341725,-2.14350637772753e-06,-3.14406621626517e-06,-2.73349665125266e-06,-5.34901708793001e-06,-0.000168347440030914,-6.91299823607494e-07,1.90301769453782e-06,-0.00245678923146553
21:33359619:C:T,-4.72332739542836e-05,-0.00339669255401009,5.29060442753249e-05,-4.44191466071331e-05,0,-0.000812837870042493,-0.00223502902046668,-0.00218097469770751,-0.0026597359723457,-2.88783458897157e-05,0.000126182525782781,-0.00459613279014981,-0.00216990535280281,-0.00611611695398562,5.43532839820671e-05,8.66297173081065e-05,-0.00481834699267214,-6.86545936368077e-06,-3.67720979266295e-05,-0.0063748270591617,-0.000553683592332099,-4.13785014012902e-05,1.29123543022303e-05,-0.00362227876425081,9.06862761453908e-05,9.98333390924699e-05,1.29123543022303e-05,-6.86545936368077e-06,0,6.39784817764166e-05,-0.00221684336724159,8.54800738769868e-05,-0.00392394455596712,-8.69327497001748e-05,-0.000107219051648677,-0.000828663991634393,6.91103518617453e-05,0,-0.00144674006238432,-0.000320746291138541,-0.00401366373637035,1.12795477154037e-05,-0.00203318013099008,-0.00282014424040522,-0.00618723394223242,-0.00373892278970356,-0.00212915312963613,-0.000848401023412215,-0.000111668041647306,-0.000897655222680704,-0.00234499864845716,-1.7829919945811e-05,-2.50790646081356e-05,-0.00357360313292165,-7.09470226878395e-05,-8.69327497001748e-05,-4.13785014012902e-05,-9.88940884480982e-05,6.26552398621527e-05,-0.000459360340443027,-4.13785014012902e-05,-0.000117023820322082,2.93542092038024e-05,-0.00771817001599917,-0.00324825765326686,2.93542092038024e-05,-0.00018013167351949,-0.00117654784422516,0.104743292565344,-0.00143701318541822,-0.00123987805876791,-0.00400114400858698,5.43532839820671e-05,-9.16247650346591e-05,-0.000126336252586512,0.000137903087197522,6.26552398612645e-05,3.38527972090219e-05,-0.000367055397791027,0.00152200984548134,5.1517453566241e-05,-5.11721772245011e-06,-5.11721772245011e-06,-1.4081746195771e-05,-0.00602846032936277,-0.00445666021775004,-1.95545265020414e-05,-2.88783458897157e-05,-2.50790646081356e-05,-4.73967683429777e-05,0.00104461875713024,-6.86545936368077e-06,1.50985218736466e-05,7.95220988347722e-06
21:33368355:G:A,-0.00222007589304685,6.47862654479248e-05,-9.70755767273346e-05,-0.00969759173688534,0,-0.0008871267510564,-0.00308070630448487,-0.0160823870808269,-0.000979009150345878,-0.00078222329887101,-0.00327985055703994,-0.0063808732445807,-0.00177935600290091,-0.0126204108988563,-0.000587967379553689,-0.00165080284650099,-0.00784996909974023,-9.28368992054729e-05,-0.00141553632216151,-0.00207077463162708,-1.97662960692568e-05,-0.00105468829788524,-0.00401729642158966,-0.00508761068330932,-0.000218904922761887,-0.000478880529612979,-0.00401729642158966,-1.20457105232674e-05,0,-0.00394825322842429,-0.00684022729149314,-0.00561004100705009,-0.00369723111886078,-0.00127326024884677,-0.000758747412006322,-5.00584505100932e-05,-0.00815992889631367,0,-0.00613625440941679,-0.00476035994298751,-0.00673615335114253,-0.00219128181042638,-0.00283485620764345,-0.00557750396714285,-0.00470282985081205,-0.00291961811774843,-0.000847457461621737,-0.00515923322227607,-0.00652714016473865,-0.00608045902581278,-0.0150529393721266,-4.69466127812623e-05,8.59536902071412e-05,-0.00592284288993028,-0.0021870620019433,-0.00115813411630139,-0.00228574507788881,-0.000915008955463037,-0.000358064781248224,-0.00298921004910113,-0.00281459695862285,0.000209755759930985,-0.00369502405738675,-0.00761380739212258,-0.0161417065210352,-0.0036135593842026,-0.00884468357648327,-0.00199038971173238,-0.00143701318541822,0.296629204593902,-0.0059835308593339,-0.00642928789383523,-0.006346085586312,-0.00170734385652338,5.95087235053526e-05,-0.00222682489025416,-0.000292605195205908,-0.000143479459129736,-0.00109387531493921,-0.00100184970545492,-0.00336061214114736,-0.00247582713297234,-1.63660222618489e-05,-0.000857753423780139,-0.000107724629419437,-0.00239715365137672,7.24136305940704e-05,-0.00237708216955479,-0.00191064781574379,-0.00582858973842981,-0.000600227976196521,-0.00239039414907349,-6.52491192614235e-05,-0.00117041914656646
21:33371587:C:T,-0.0019974889055403,-0.00134738072928897,-0.000100241205903906,-0.00747528280393528,0,-0.00125212923852303,-0.000395161879835015,-0.0100745717878588,-7.45892322275843e-05,-0.00499004858690366,-5.22254374653031e-05,1.97324728565818e-05,-1.90216846185365e-05,-0.0131090766025057,-8.47158943928505e-05,-8.08483393610615e-05,-0.000394797081685105,-0.00293726891956325,-0.0020822040948909,-0.00123466371517322,-0.00236933858549371,3.13654917132311e-05,-1.13982606970708e-05,-0.000779575680705413,-0.000226044964904304,-9.60188438865472e-05,-1.13982606970708e-05,-2.35524591287728e-05,0,-5.88200265800864e-05,-0.000316886571235298,-7.99031809961548e-05,-0.0015244481934964,6.14182094587079e-05,-0.00193960776892865,-0.000458152296066494,-6.29287177886795e-05,0,6.02878723565681e-06,-0.00138954447121176,-0.00169522906180397,-1.02158770260985e-05,-0.00336023422857323,-0.0020950507452655,-0.000142371688606424,-0.00139088045777669,-0.00316676211440292,-0.000308984287265446,-0.00506145767479627,-0.00397936569293567,-0.00260038049935485,-1.57440288566235e-05,1.90788705465295e-05,-0.00153163111495491,2.38213006564791e-06,6.14182094587079e-05,-0.00116310180536239,6.79915266736941e-05,-5.77675736614935e-05,-0.00154597923149602,-0.00116310180536239,1.21355126303513e-05,-2.59912682132324e-05,-0.00465396376063554,-0.00302983249949662,-2.59912682132324e-05,-0.00254773092394611,-0.00207903097021678,-0.00123987805876791,-0.0059835308593339,0.125292630317211,-0.00346293762451966,-5.1229347127979e-05,-0.000239979756909925,-6.40975174981406e-05,-0.000965620516268473,-5.77675736614935e-05,-2.93835310785084e-05,-0.00132451381702126,6.14182094587079e-05,-4.57780098805927e-05,3.58779166198531e-06,-0.0024726931325123,9.7659107263226e-06,-0.00157556792656877,-0.00421300119700252,1.53856559119703e-05,2.15887140697646e-05,1.90788705474176e-05,3.51655778665361e-05,-1.13982606970708e-05,4.80331196506256e-06,-0.0015936335219644,-0.00371383191953356
21:33371655:G:A,-0.00403563917677685,-0.00725586110356602,-0.000246902979136543,-0.00561590904773812,0,-0.00332969109718873,-0.000236183542883239,-0.00113949757625909,-0.00440875302196853,-0.000151791384413791,-0.00359077882509862,-0.00623235571014202,-0.00260193670962794,-0.0153082754940703,-0.000244718596607907,-0.0028013933645763,-0.0119809093191319,-0.0135652955867842,-0.00242126866107872,-0.00394367485872049,-0.000217531338847277,-0.00104308253108698,-0.00433118816582212,-0.00348658228125975,-0.00441738866504604,-0.00411553264735076,-0.00433118816582212,-0.00872632231069836,0,-0.00700778479875552,-0.00415115466192972,-0.00574953569612724,-0.0025366669366429,-0.00758294470463206,-9.98869904180744e-05,-0.00178004814436017,-0.00380373782181298,0,-0.00384209042183681,-0.0028345698432255,-0.00361701342177456,-0.00412153203942989,-0.0149889480523973,-0.00286433573508837,-0.013387748922439,-0.0096174908540978,-0.00213624815501756,-0.00739699975523411,-0.00338059489231712,-0.00677883048306516,-0.00194658630409705,-0.000282920623393412,-0.00643647728119845,-0.00656369358392883,-0.00780436866529843,-9.40210672419894e-05,-0.00238546917867488,-3.87658429974458e-05,-0.000297550678960867,-0.00943984086103411,-2.12250896769461e-06,-0.000707152878638873,-0.00186169369205125,-0.00910056921972524,-0.00435822793671559,7.04101952742064e-07,-0.0021780245103713,-0.0056737459195455,-0.00400114400858698,-0.00642928789383523,-0.00346293762451966,0.351505619677244,-0.00334645678715084,-0.000653322968023673,-0.000690330091391633,-0.00197695060378411,-0.00440888068049983,-4.73537607392771e-05,-0.00554433966242263,-0.000653118480800075,-0.000677448657671498,3.68483337620518e-06,3.68483337620518e-06,-0.00209818384118599,-0.000340755264865322,-0.00371597499213827,6.79609558140726e-06,-0.000144840627604559,-0.00415935000207135,-0.0087428592930916,-0.00378970375515486,4.97078054095823e-06,-0.00349316637099362,-0.00652000971039524
21:33372190:T:C,-0.000787571781515339,-0.00347185673017059,-0.00613865782602296,-0.000938844543179052,0,-0.00339973912512814,-0.00169488566482556,-0.00778221472664509,-0.00301345546071019,3.41070247840136e-05,-0.00663525847638979,-0.000166239662454437,-0.00235958206396969,-0.000801912588139331,-0.00622870544082321,-0.000122960351611745,-0.00317362387145526,-0.00146323577186536,-3.47386493020352e-05,-0.00535080398878529,-0.00362196804211568,5.0338348705381e-05,-1.81380556787403e-05,-0.00526266368491335,-0.00416331321454955,-0.00014552494232678,-1.81380556787403e-05,-0.00186253120928193,0,-9.06682677763726e-05,-0.00570012444054591,-0.000121659814563024,-0.00293227157110909,-0.00137083635075896,-4.24119259800904e-05,-2.31598076609885e-05,-9.64434468828657e-05,0,9.16395855998786e-06,-0.00600137958328695,-0.00996523986265396,-0.00152342657881643,-0.00117432470545786,-0.00967007651460516,-9.81772040882234e-05,-0.00540952006245554,-0.000905218536826347,-0.00101490247498326,-0.00593748945574113,-0.00263483206527848,-0.0096094822458741,-0.00110361136226533,-0.000119153141839412,-0.00177023842498114,3.61273129190209e-06,-0.00309844917617674,5.0338348705381e-05,-0.00232874064466504,-0.00245354209340576,0.000144133725019202,5.0338348705381e-05,-0.00192829190337207,-4.08272881449179e-05,-0.0015792342667984,-0.0080397778430723,-0.00201006128955239,-1.52314626884476e-05,5.44527983592502e-06,5.43532839820671e-05,-0.006346085586312,-5.1229347127979e-05,-0.00334645678715084,0.183848641943471,0.000105243592332549,-4.92751054768092e-05,-0.0002065331941834,-8.91857831657461e-05,-4.57828913553726e-05,-0.000196734888960215,0.000100847381829361,-7.07219090800848e-05,5.44527983592502e-06,5.44527983592502e-06,-0.00150510142431504,-0.00133186019397424,-0.00466943992973379,2.44637672519588e-05,3.41070247840136e-05,-0.00214211722958879,-0.00189980909710741,-1.81380556787403e-05,-0.00186253120928193,-0.00321686135275012,-1.27935938429857e-05
21:33372208:T:C,-0.00375815171219074,-0.00181586236212006,-0.00341894086186034,-0.00440002018769992,0,-0.00142852111579472,-6.37411361621432e-05,-0.00137395248295524,-0.003103523283154,-5.91183569866871e-05,-0.000650522519725527,-0.00369455989463585,-0.000860175164749677,-6.57965396326787e-05,-0.00155263277458495,-0.00154501219558689,-0.00533762827016382,-1.47367571683432e-05,-0.00112072922050022,-0.00575147162528999,-0.0018291781603077,-8.31405758638937e-05,2.49506198777283e-05,-0.00140056947623757,-0.00578512664310349,0.000198259195592243,2.49506198777283e-05,-1.47367571692314e-05,0,0.000126428803429057,-0.00455186357380288,0.000170242187533809,7.42158797359949e-05,-0.000174747807225373,-0.00240133273358278,-0.0013650295827059,0.000137717405198856,0,-1.85371651086896e-05,-0.000791942158897996,-0.0049270017306613,2.14274506831202e-05,2.14274506822321e-05,-0.00373582420434282,-0.00110672950872903,-5.64001531344616e-05,-0.00457491832722035,-0.000920410887871981,-0.000902462368760126,-0.00497083793987674,5.6500974982221e-05,-3.82817529827051e-05,-5.09988544594719e-05,-0.00121044571942175,-7.2771241379499e-06,-0.000174747807225373,-8.31405758638937e-05,-0.00419209361767869,-0.00464111974347947,-0.00067115183321409,-8.31405758638937e-05,0.00124187020104483,5.7490916741898e-05,-0.000185486683546898,-0.00056031650624,5.74909167427862e-05,-0.00459575597663697,-1.09837022446158e-05,-9.16247650346591e-05,-0.00170734385652338,-0.000239979756909925,-0.000653322968023673,0.000105243592332549,0.117935645120502,-0.000255413417080241,0.000275450470355487,0.000123517304390752,6.72521058593389e-05,-0.00669312291797475,-0.000174747807225373,0.000102536539392517,-1.09837022446158e-05,-1.09837022446158e-05,-0.000299888904283563,-0.00162326564059434,-0.00291284793669844,-3.9194511509244e-05,-0.00372420633001624,-0.000975690526473727,-0.000804128168827134,2.49506198777283e-05,-1.47367571692314e-05,-0.00300131481387744,-0.00148394520356288
21:33373027:G:C,-0.000714298895328369,-0.00681147826803929,-0.00164279677137635,-5.3561575252381e-05,0,-0.000143255700510991,-0.000203252966432643,-0.00206984349411288,-0.00153009064953169,-0.00333553062616954,0.000103971507537715,-0.00418106672265939,-0.00504302761949038,-0.00239066724335402,-0.00167601257947769,0.000232886227472306,-0.00598669327493218,-2.10943392726648e-05,-0.00130738511463147,-0.00132690276541592,-0.000329658212783634,-0.00011415181881258,3.30997204462946e-05,-0.00856589806377528,-0.00208577829140832,0.000266051992412031,3.30997204462946e-05,-2.10943392726648e-05,0,0.00016970543175443,-0.00711625844152497,-0.00405802493774932,-0.00520841084524726,-0.0048892929881692,-0.000309884583817421,-0.00151754542408788,0.000185838646906689,0,-2.65421623986128e-05,-0.0044541159319289,-0.00460563102808331,-0.00181912523814809,2.80566722157261e-05,0.000400983281289236,-0.0051250805473475,-0.00215902402104273,-0.0003405049414269,-0.00250322107463141,-0.00377033900417167,-0.000267598111901357,-0.00166757592330979,-0.00294416582937274,-0.0036345316388795,-0.000171376368402587,-1.04104686879936e-05,-0.000241105185084578,-0.00011415181881258,-0.00204948188497323,0.000165538721129899,-0.000618617967344193,-0.00011415181881258,-0.000333220557336311,7.69300460623512e-05,-0.000874511423190949,-0.00240555926436414,7.69300460641276e-05,-0.00149437959460741,-1.57175649722063e-05,-0.000126336252586512,5.95087235053526e-05,-6.40975174981406e-05,-0.000690330091391633,-4.92751054768092e-05,-0.000255413417080241,0.137239240576816,-0.000978274112410915,0.000165538721130787,9.08847647842492e-05,-0.000974960533645763,-0.000620895997052173,0.000138502673946661,-1.57175649722063e-05,-1.57175649722063e-05,-4.33261794574591e-05,-0.0039049219270364,-0.00803549322190156,-5.35980392522006e-05,-8.21712027834209e-05,-7.05166270025259e-05,-0.00381821653752912,-0.00300431216729624,-2.10943392726648e-05,0.000450047054414426,-0.00267905020784909
21:33374003:A:G,-0.00538830158367265,-0.00162943739107035,-0.000454804323417157,-0.000454342825963572,0,-0.000587477267879777,-0.000580550950903813,5.98851231456976e-05,-0.00330968797611586,-0.000953030971253099,-0.000540096898776987,-0.000435982371584487,-0.000718812933213187,-0.000659533977008131,-0.000436096162848898,0.000614246013503461,-0.00902006623713802,1.52707130967045e-05,0.000100800198130635,-0.000497822958738681,-0.000972366511290623,0.000128849227325034,-4.82259795866469e-05,0.000117378694846515,-0.000661582947206973,-0.000351735271464371,-4.82259795866469e-05,1.52707130967045e-05,0,-0.000225552629422587,-0.00256829834172478,-0.000294964761384797,0.000165204593272961,0.000264732326016315,0.000294096722737613,-0.00188618860542089,-0.000235745241318419,0,1.91967194611564e-05,-0.000994575963446209,-0.00348702713322702,-4.46636802324818e-05,-4.466368023337e-05,-0.00110229687251184,0.00143835241961465,-0.00369230458786873,0.00221768373386411,-0.00373619514720414,0.000320879646275252,-0.00115835670260722,0.000506139950329221,3.95146789848866e-05,7.46061625331862e-05,-0.0030247543630928,7.55014467834769e-06,0.000264732326018091,0.000128849227325034,0.000291993176041672,-0.000222930378829034,-0.00473433484374741,0.000128849227325034,-0.000702279473106415,-0.000105205359492544,-0.00796150457187927,0.000150229145218894,-0.000105205359490768,-0.00335878281872048,1.13887673389712e-05,0.000137903087197522,-0.00222682489025416,-0.000965620516268473,-0.00197695060378411,-0.0002065331941834,0.000275450470355487,-0.000978274112410915,0.0807638684529204,-0.000222930378829034,-0.000114804409614422,-0.00167315238214538,-0.0021665978148242,-0.000174972941512586,1.13887673389712e-05,1.13887673389712e-05,3.12467326795129e-05,-0.000271873931671607,-0.00887087847464052,6.21601416161965e-05,-0.000953030971253099,7.46061625331862e-05,0.000142506774659878,-4.82259795866469e-05,1.52707130967045e-05,-0.000100429468441909,-0.000516377616815333
21:33374693:T:C,-0.000385645231792964,-0.000628879160285756,-8.74737137213089e-05,-0.00250203538932148,0,-0.000612560890589364,-0.00280701148063578,-0.000374646254649225,-0.00150746083453246,-0.000192185992204053,-0.00052388153317473,-0.00329640754403115,2.17871522991686e-05,-0.000141041436616973,-8.91857831666343e-05,-0.000135254426092857,-0.0036782636583399,8.17364136818099e-06,-0.00266740308054469,-0.00151255385876414,0.000111260828525417,5.80157967826622e-05,-2.06005351675032e-05,-0.00406863245013112,-0.000148669737582097,-0.00206866439185571,-2.06005351675032e-05,8.17364136906917e-06,0,-0.000100635911591596,-0.00500131012628247,-0.00036956533622412,-6.33029480336944e-05,0.000118242202094443,-0.00252587075833333,-2.66062820308832e-05,-0.000162559717163724,0,1.02716445971041e-05,-0.00064505403381343,-0.00361970303731196,-1.86487142643799e-05,-1.8648714265268e-05,-0.00188194341609904,-0.00903227801036088,-2.98744733440159e-05,-0.000903653341570276,-0.000173017406623011,0.000145761371689979,-0.00127784378526385,-0.00305627040082612,-0.00151397677633458,3.44951652939685e-05,-0.000339562908674651,4.0438296879941e-06,0.000118242202095331,5.80157967826622e-05,-0.00217077338377525,-0.0038912647494822,-0.00109326217463845,5.80157967826622e-05,-0.00390113835166517,-4.59796587497507e-05,-0.00184549402832834,-0.00160922250828222,-4.59796587488626e-05,0.000130076329772244,6.09781872284998e-06,6.26552398612645e-05,-0.000292605195205908,-5.77675736614935e-05,-0.00440888068049983,-8.91857831657461e-05,0.000123517304390752,0.000165538721130787,-0.000222930378829034,0.0972837923530751,-0.000508448370687198,-0.00244143110442252,-0.00317815032429891,-7.88335026875586e-05,-0.00173211884555169,6.09781872284998e-06,1.67023183728077e-05,0.000132665473966398,-0.00237555198434114,2.79801029714477e-05,-0.00262561978445852,-0.0025584061672852,-0.000280186003683625,-2.06005351675032e-05,-0.00164979890999017,-0.00311844484724411,-0.000238164028726118
21:33375228:T:C,3.32719044777718e-05,-0.00107094774142791,-4.48099808751934e-05,-0.000969713278337281,0,-0.000136007944136374,-0.00237977287730118,-0.00236803418050258,-0.00239346712455291,2.11784200843113e-05,-0.000107198034553058,-0.00114531829383235,-0.00226843806967647,-6.93205707422706e-05,-4.57828913562608e-05,-7.04119127394875e-05,0.000532963603698811,4.61638645976592e-06,2.64017339715039e-05,-0.00525128511573492,6.08740299075095e-05,3.1217820278151e-05,-0.00367611499121345,-0.00270998194654037,-7.62362110577897e-05,-0.000244394598591491,-0.00367611499121345,4.61638645976592e-06,0,-5.22852327184964e-05,-0.00232891385789458,-6.96309922476601e-05,-3.25187159759821e-05,6.42261848033954e-05,7.55406242740619e-05,-1.2991482041258e-05,-5.57748777403333e-05,0,-0.00416999231452309,-0.000794872999695606,-0.00199466108427959,-9.58169582432333e-06,-9.58169582432333e-06,-0.000645848804871285,-0.000617417530431652,-0.00100513021672199,-0.000210027786067712,0.000142879179233724,8.00526722022354e-05,-0.000605190960669688,-0.00189765693450283,1.1934007291714e-05,1.86522559362245e-05,-0.0066440582655316,2.28312704919631e-06,6.42261848033954e-05,3.1217820278151e-05,7.19180067028091e-05,-5.13880175718739e-05,9.43357405711609e-05,3.1217820278151e-05,8.34391746513674e-05,-2.39442834226722e-05,-0.00582701823991094,-0.00222996867717828,-2.39442834226722e-05,5.75478569952992e-05,3.4433877154072e-06,3.38527972090219e-05,-0.000143479459129736,-2.93835310785084e-05,-4.73537607392771e-05,-4.57828913553726e-05,6.72521058593389e-05,9.08847647842492e-05,-0.000114804409614422,-0.000508448370687198,0.0660061715968636,-0.000157786114046488,6.42261848033954e-05,-4.1303914169788e-05,3.4433877154072e-06,-0.00644111479745746,-0.00113860807768518,-6.13129116393551e-05,-0.000277704605537998,1.49647211040715e-05,2.11784200843113e-05,1.86522559362245e-05,3.51919562984193e-05,-1.06834407054279e-05,4.61638645976592e-06,-0.000867631624084986,-7.3412938572659e-06
21:33375513:C:A,-0.000916982251820464,-0.00341305086715815,-0.00268446572885317,-0.007703166892854,0,-0.00616459455995733,-0.00564138920452972,-0.00439988571527206,-0.0032567215857231,-0.00292890053117567,-0.00449533657956902,-0.00269448681432438,-0.00251585485907002,-0.000622127888632029,-0.0024806688128054,-0.00175639213271239,-0.00355370819989309,-0.00798992877379501,-0.000260119823114024,-0.00198150394849517,-0.00405742568830014,-0.00647467751353581,-0.00396696710440203,-0.0166390157195777,-0.00335836913502252,-0.0010561038716963,-0.00396696710440203,-0.0023716986028175,0,-0.00209622650666397,-0.014703858168903,-0.00255053228732649,-6.06246089711604e-05,-0.00150448083006793,-0.000814310604098978,-0.00260535362182779,-0.00120148792162933,0,-0.00267587421451676,-0.000978356673202008,-0.0150055561913143,-0.00165858519256279,-0.00582894802793454,-0.00226470085853947,-0.00404220879477935,-0.00498538821321848,-0.00128485179516069,-0.00887116110544328,-0.00914554184061966,-0.000554634468481474,-0.00866025085451305,-0.000362403259120292,-0.00309301480081015,-0.00181951994732366,-0.00261479043575097,-0.000445803158869218,0.000153340920689082,-0.00304269005678748,-5.12882906988921e-05,-0.000157967687262506,-0.00673261175190909,-0.005778546794863,-0.00207917490272358,-0.00722633695409325,-0.00384001223203301,-0.00623414435913006,-0.00307599582872964,-0.00203223912581052,-0.000367055397791027,-0.00109387531493921,-0.00132451381702126,-0.00554433966242263,-0.000196734888960215,-0.00669312291797475,-0.000974960533645763,-0.00167315238214538,-0.00244143110442252,-0.000157786114046488,0.3025822475607,-0.000348352377608663,-0.000247647514021843,-0.00605353206942016,-0.00234862024775762,-0.00489256717732278,-0.00236799141418409,-0.0035532232038622,-0.000129810041681999,-0.000473399097550953,-0.000220196764622926,-0.000157139855516242,-0.00494181265769633,-0.00884007939357012,-7.50447196207205e-06,-0.000256757786043948
21:33376434:G:A,-9.30100127485289e-05,-0.00023854465078621,9.78168369352161e-05,-0.000148251355687634,0,-0.000462010194762996,-0.000999507399079391,-0.000155835235410073,-0.0010497440984345,-5.60722090066079e-05,0.000238834923385056,-0.001007849419838,-0.00134526848458716,-9.07743934668304e-05,0.000100847381828473,0.000165517602681575,-0.00291132339008371,-1.3936621939159e-05,-0.000887768610051687,-0.0107868420545119,-0.000643497828741069,-7.89461959671556e-05,2.38591575154601e-05,-0.00522083949198482,-0.00142051808220245,-0.00281123474385936,2.38591575154601e-05,-1.39366219382708e-05,0,0.000121016394741602,-0.00356351312298386,-0.00187655116318552,7.10905655125771e-05,-0.000165464851889396,-0.000207828775875996,-0.00113655918087119,-0.00235743897059759,0,-0.00146873283852678,-0.00350187489580467,-0.00225606674751155,2.05218567197463e-05,2.05218567197463e-05,-0.00528269628109967,-0.00169593200368823,-0.000497523065375205,-0.000592516395639286,-0.00105180560017626,-0.000214345008640926,-0.00137866412936116,-0.00268848485864215,-3.61692595838292e-05,-4.84160678535517e-05,-0.00499084965678964,-0.0018080885711198,-0.000165464851889396,-7.89461959671556e-05,-0.000189119689257389,-0.00177511318973256,-0.000590717974707999,-7.89461959671556e-05,-0.000224910264561728,5.49579004740508e-05,0.000189373545738114,-0.00317227840744305,5.4957900474939e-05,-0.00814984382155881,-0.00119515190865194,0.00152200984548134,-0.00100184970545492,6.14182094587079e-05,-0.000653118480800075,0.000100847381829361,-0.000174747807225373,-0.000620895997052173,-0.0021665978148242,-0.00317815032429891,6.42261848033954e-05,-0.000348352377608663,0.0951040733395816,9.8015443436239e-05,-1.03889015949932e-05,-1.03889015949932e-05,-2.85724891133654e-05,-0.0033340008908711,-0.00456267620982942,-3.72767989436085e-05,-5.60722090066079e-05,-4.84160678535517e-05,-9.10002066589755e-05,0.00104218610112294,-1.39366219382708e-05,2.24920412730256e-05,1.37232174814983e-05
21:33377284:G:A,4.99404072780152e-05,0.000211773881364508,-6.93134619202951e-05,-0.00694309243863511,0,-0.000411880199566284,-0.00110376626133935,-0.00302805406950668,-0.00650413174828213,3.2028334612022e-05,-0.000164401143756265,0.000134284613436897,-0.00101292172169565,-0.000642555508960641,-7.07219090818612e-05,-0.000107460517726921,-0.00396883289974159,6.80587809753774e-06,3.97620999619264e-05,-0.00922839751215321,9.23906047782808e-05,4.76053942000121e-05,-0.00863840152687434,-0.00148675190018643,-0.00011718083737744,-0.000125907513356616,-0.00863840152687434,6.80587809753774e-06,0,-8.01314961691446e-05,-0.00174102628976769,-0.00010633898934298,-0.000539895033011994,9.8015443436239e-05,-0.00662361152558688,-2.08151309468718e-05,-8.51788033200407e-05,0,-0.00741501195681415,-0.000568375604906635,-0.00199652437355002,-0.000654856625542877,-0.00115133460257422,-0.0027623201881104,-0.00652451538117926,9.31693918611032e-05,-0.000319789520646374,0.000216696596651467,0.000121677483631011,-0.00040946576479417,-0.00203810171462582,1.76005598708784e-05,2.82894795091693e-05,-0.00206738783366855,3.36559472913223e-06,9.80154434353508e-05,4.76053942000121e-05,0.000109510673174995,-7.88335026884468e-05,0.000143679378230566,4.76053942000121e-05,0.000126745569824394,-3.68408533502063e-05,-0.000907252874674747,-0.00400963635363016,-3.68408533502063e-05,-0.00154438239202825,5.07624590362354e-06,5.1517453566241e-05,-0.00336061214114736,-4.57780098805927e-05,-0.000677448657671498,-7.07219090800848e-05,0.000102536539392517,0.000138502673946661,-0.000174972941512586,-7.88335026875586e-05,-4.1303914169788e-05,-0.000247647514021843,9.8015443436239e-05,0.106053434623493,5.07624590362354e-06,-0.00107734130082537,1.39206742035825e-05,-9.43872225791509e-05,-0.0017402004380358,2.28334189147361e-05,-0.00670731665255797,2.82894795091693e-05,5.3506050213592e-05,-1.65213818501542e-05,6.80587809753774e-06,-2.7550231959772e-05,-1.16120418667265e-05
21:37505892:G:A,-0.00262062098621652,-0.00595100485089439,5.32945491737991e-06,-0.00228528114479509,0,-0.00117144359812471,-0.00527360424505119,-0.00614427049583455,-0.00632946353316655,-3.14406621626517e-06,1.07994489244589e-05,-1.0419727485278e-05,-0.00237927656034209,-0.00241173402940742,5.44527983503684e-06,7.98584106576072e-06,-0.00167243869100009,-6.91299823607494e-07,-4.00956846213774e-06,-0.00320933911612453,-9.90111886789435e-06,-4.6654358438758e-06,1.39095311180171e-06,-0.00221731072167142,-0.00277256373195112,-0.00143419810430778,1.39095311180171e-06,-6.91299823607494e-07,0,6.1999446465677e-06,-0.00235024315115684,-0.00110455853735747,3.9902743971254e-06,-1.03889015949932e-05,-1.28348742611806e-05,1.54970825860801e-06,6.591077895024e-06,0,-8.71670333246755e-07,-0.000788658426876587,-3.65429515305493e-05,1.23522016881594e-06,1.23522016881594e-06,-0.0044007906539596,-0.0101191276434278,-0.00565153014331976,-0.003554507780275,-0.0130122976531126,-1.35863997154928e-05,-0.00300207149794218,-0.0047086592284149,-1.82243299917673e-06,-2.73349665125266e-06,-0.00754934092645598,-3.39750687139428e-07,-1.0388901594105e-05,-0.00109690334044732,-1.19161387397426e-05,-0.00173211884555169,-1.64714443986469e-05,-4.6654358438758e-06,-1.42985852669142e-05,-0.00296379946545233,-0.00726562177913603,-0.0113008527121359,3.04404098905309e-06,-0.00365072966225544,-5.14016637254144e-07,-5.11721772245011e-06,-0.00247582713297234,3.58779166198531e-06,3.68483337620518e-06,5.44527983592502e-06,-1.09837022446158e-05,-1.57175649722063e-05,1.13887673389712e-05,-0.00173211884555169,3.4433877154072e-06,-0.00605353206942016,-1.03889015949932e-05,5.07624590362354e-06,0.146990432143816,-0.00237343597508133,-0.00243063647202035,7.03062837015267e-06,-2.06709640844238e-05,-2.14350637772753e-06,-3.14406621626517e-06,-2.73349665125266e-06,-0.00167362729609799,1.39095311180171e-06,1.48499855416873e-05,1.90301769453782e-06,9.15532092804483e-07
21:37506435:G:A,-5.18219925638164e-06,-0.00197450200773908,5.32945491737991e-06,-0.00228528114479509,0,-0.0017259843439783,-0.00565643150628237,-0.00209283608666855,-0.00125955500269725,-3.14406621626517e-06,1.07994489244589e-05,-1.60145925978128e-05,-0.00241232813393122,-1.37788605982792e-05,5.44527983503684e-06,7.98584106576072e-06,-7.79622381905654e-05,-0.00213449520673148,-4.00956846213774e-06,-0.00686606576559967,-9.90111886789435e-06,-0.00668676999377826,-0.000168347440030914,-0.000779721871674077,-0.00277256373195112,8.99211149540946e-06,-0.000168347440030914,4.54890116241558e-06,0,6.1999446465677e-06,-0.000885890185382543,7.90644853410072e-06,3.9902743971254e-06,-1.03889015949932e-05,-0.00255855820477802,-7.2583488215372e-06,6.591077895024e-06,0,-0.000161169776765391,4.97483766714879e-06,-0.00114304064803239,-0.00216974435805461,-0.000631495214113542,-5.88238558263399e-05,-0.000169062342632031,-3.07133708599139e-06,-0.00135324478863197,-2.82073505335489e-05,-1.35863997154928e-05,-0.0016062769522831,-0.00202860530446713,-1.82243299917673e-06,-2.73349665125266e-06,-0.00211332864809144,-3.39750687139428e-07,-1.0388901594105e-05,-0.00109690334044732,-1.19161387397426e-05,6.09781872373816e-06,-1.64714443986469e-05,-0.00240211453636885,-1.42985852669142e-05,3.04404098727673e-06,-0.00220797348062085,-0.00216612167442864,3.04404098905309e-06,-0.00539100158892314,-0.00261371614903716,-5.11721772245011e-06,-1.63660222618489e-05,-0.0024726931325123,3.68483337620518e-06,5.44527983592502e-06,-1.09837022446158e-05,-1.57175649722063e-05,1.13887673389712e-05,6.09781872284998e-06,-0.00644111479745746,-0.00234862024775762,-1.03889015949932e-05,-0.00107734130082537,-0.00237343597508133,0.0869996551638206,-1.43203774705114e-06,7.03062837015267e-06,-0.00205298425041889,-2.14350637772753e-06,-3.14406621626517e-06,-2.73349665125266e-06,-5.34901708793001e-06,1.39095311180171e-06,-0.00229211982162436,1.90301769453782e-06,9.15532092804483e-07
21:37506718:T:G,-0.00244656845497992,-0.000121482402095197,-0.00830598743751043,-0.00916822389699679,0,-0.0010903775405966,-8.60171880656679e-06,-0.00236384331597961,-0.00139370967571617,-0.00177259897434467,-0.00351760060859529,-0.00265017030685311,-0.00256455670811029,-0.00353806189863715,-0.00846367923496416,2.19061639974427e-05,-0.00659293784892689,-1.92619806149708e-06,-0.00182510650347556,-0.00303380477388515,-2.73261978129824e-05,-1.28225886291133e-05,3.79572225384095e-06,-0.00190400571578753,2.29995402651895e-05,2.46566778567825e-05,3.79572225384095e-06,-1.92619806149708e-06,0,1.69872822652906e-05,-0.00203313277596839,2.16848427498917e-05,-0.00518319269077594,-0.00102105728853807,-0.000960428206823849,4.15405530151958e-06,1.80779406981912e-05,0,-2.42909641290368e-06,-1.86902455414639e-05,-0.000113533990948156,3.36157746172461e-06,3.36157746083643e-06,1.09681683184704e-05,-0.00322466838417723,-0.0046736075053877,-0.000591426923262972,-0.000866790177650678,-0.00385305953651471,-0.00426878303689016,-0.00595839875986126,-0.00223247250759062,-0.00170021447263213,-0.0053507563860542,-9.46414100866377e-07,-0.00117734169938544,-1.28225886291133e-05,-3.28343020035149e-05,1.67023183728077e-05,-0.00299706943148781,-1.28225886291133e-05,-0.000187002585001927,8.3269150197296e-06,-0.00261040390438438,-0.00812493172077877,-0.00452582202708385,-0.0016346735717967,-1.43203774705114e-06,-1.4081746195771e-05,-0.000857753423780139,9.7659107263226e-06,-0.00209818384118599,-0.00150510142431504,-0.000299888904283563,-4.33261794574591e-05,3.12467326795129e-05,1.67023183728077e-05,-0.00113860807768518,-0.00489256717732278,-2.85724891133654e-05,1.39206742035825e-05,-0.00243063647202035,-1.43203774705114e-06,0.153189870906067,-0.00168784543898681,3.4051197217444e-06,-5.88686617675194e-06,-8.67552465599886e-06,-0.00291142697223457,-1.47280461035848e-05,3.79572225384095e-06,-0.00235106843953314,-0.0067194064329188,-0.00226423333969894
21:37507906:C:G,-0.000990820122602543,-0.00170656546528125,-0.00280810028424305,-0.00216039691224434,0,-0.000194197455053668,-0.00520024925521501,-0.00125310106409415,-0.006193757813588,-0.00200978721006084,-0.00257691549187911,-0.0007131284488473,3.29421270928165e-05,-0.00056821267620677,-0.00277103179277205,-0.00871877109142094,-0.00101452422183268,9.42230626232998e-06,-0.00180445202460167,-0.000523328284643299,-0.00186404323241085,6.78713100263906e-05,-2.4635256126615e-05,-0.00206892943068793,-0.000377143389068912,0.000103938111875479,-2.4635256126615e-05,9.42230626232998e-06,0,-0.00373562059876242,-0.0019161230553606,-0.00113701470836602,-0.00137317359463207,-0.00139965682988752,-0.00082955315031441,1.81374594179218e-05,-0.000770248052444522,0,1.18386585219454e-05,-0.000428555435980194,-0.00286503107741698,-2.23771969949382e-05,-2.23771969949382e-05,-0.00294416749686466,-0.00409316099765489,-0.00242805617235309,-0.00190907583913003,-0.000198128076972282,-0.00208416179406434,-0.000320849847581073,-0.00208349804385666,-0.000273918739869927,4.03776969823966e-05,-0.00100828680441589,-8.31211167096058e-05,-0.00155594124073488,6.78713100263906e-05,-0.00223040245351047,-0.000415179832353729,-2.81279579601446e-05,6.78713100263906e-05,-0.000651139206815365,-0.00124482605659981,-0.00159703502996367,-0.00858543573934334,-0.00149556216852087,-0.00427302372243865,7.03062837015267e-06,-0.00602846032936277,-0.000107724629419437,-0.00157556792656877,-0.000340755264865322,-0.00133186019397424,-0.00162326564059434,-0.0039049219270364,-0.000271873931671607,0.000132665473966398,-6.13129116393551e-05,-0.00236799141418409,-0.0033340008908711,-9.43872225791509e-05,7.03062837015267e-06,7.03062837015267e-06,-0.00168784543898681,0.125299249164719,-0.00107836998746436,3.29047356881773e-05,4.54864742911454e-05,-0.00012759153169295,7.5843652354024e-05,-0.000961869955069972,9.42230626232998e-06,-6.36434648964013e-05,-0.0015153582141334
21:37509995:C:T,-0.00202869637837466,-0.00782550650287206,-0.000493163236974237,-0.00617783665375482,0,-0.00111106813585859,-0.00140331540832062,-0.00272364456169649,-0.00284112230253086,-0.000492740020324511,-0.000521933508391914,-0.00612712515761338,-0.00292152905208098,-0.00981163389482376,-0.000353883044992731,-0.00227428780881755,-0.00219253134498887,-0.00338164537651409,-0.000482980698599089,-0.000763510596918593,-0.000618164411191557,-0.00287111800205775,-0.00470644270837361,-0.00286507946072279,-0.00469392800623414,-0.000409758909919677,-0.00470644270837361,-0.00424736692763972,0,-0.00237439417008201,-0.00134918514328097,-0.00167753498357381,-0.0111911775433189,-0.00130674985485957,-0.000911145499303156,-0.00715845742671695,-0.000802078358818292,0,-0.00623653289794568,-6.58243701003869e-05,-0.000618759695128368,-0.000317203928335452,-0.00150087953993339,-0.00286357019978478,-0.00736844168856621,-0.0123637448452651,-0.000747150456521073,-0.00639595989983377,-0.00440034420871882,-0.00658214836349602,-0.00422716785235266,-0.00346493602882259,-0.00166352285267024,-0.00524605239773734,-0.00356994897977447,-0.00162631906977673,-0.000851865743896951,-0.00136768547261523,-0.0110293644982438,-0.000373510133711452,-0.00102303448941221,-0.00241054680156516,-0.00165452989858839,-0.0168547289390495,-0.00471966174770566,-0.000436531141115637,-0.00590470467742055,-0.00264297350341725,-0.00445666021775004,-0.00239715365137672,-0.00421300119700252,-0.00371597499213827,-0.00466943992973379,-0.00291284793669844,-0.00803549322190156,-0.00887087847464052,-0.00237555198434114,-0.000277704605537998,-0.0035532232038622,-0.00456267620982942,-0.0017402004380358,-2.06709640844238e-05,-0.00205298425041889,3.4051197217444e-06,-0.00107836998746436,0.292018227732239,0.000131359059802882,-0.000825092208079248,-0.0016098245049907,-0.00202553132739958,-0.00489176625776899,-1.57116182162298e-05,-0.00105037113662609,-0.0024570414734475
21:37511813:G:A,-1.99865613570438e-05,-8.91642992604247e-05,2.38522808642117e-05,-1.80172968047287e-05,0,7.13106065015623e-05,-1.23650794661145e-05,1.66093057440975e-06,9.9332306858102e-05,-1.23904191751123e-05,5.71557769104558e-05,0.000217490676803322,-7.86171800415403e-05,3.4510734873372e-05,2.44637672501824e-05,3.86378141534749e-05,0.00024098895258895,-2.87469436432986e-06,-1.56644971252007e-05,-0.000260869100571881,-3.58557834863049e-05,-1.7903192986779e-05,5.76990006351252e-06,6.48119317450124e-05,4.08631275305993e-05,4.47604172366667e-05,5.76990006351252e-06,-2.87469436344168e-06,0,2.85419301508938e-05,6.78946146974724e-05,3.81469132699763e-05,-0.000348904659303706,-3.72767989436085e-05,-4.52053167769861e-05,6.22231936198148e-06,3.0724407713123e-05,0,-3.61447029550988e-06,2.16350038098057e-05,-1.88009249031396e-05,5.08393166676058e-06,5.08393166498422e-06,0.000363263570100081,2.15221690247347e-06,8.35744467027055e-05,0.000110047073953012,0.000286431290442479,-4.73471173867424e-05,0.000137509204620301,0.000115249112917049,-7.44762585647152e-06,-1.08106461826907e-05,5.18016300583568e-05,-1.42075762887828e-06,-3.72767989436085e-05,-1.7903192986779e-05,-4.21586585925837e-05,2.79801029705595e-05,-5.58137423380956e-05,-1.7903192986779e-05,-4.95149029493547e-05,1.30653618430898e-05,-0.000208749167744493,-0.00011151882287308,1.30653618430898e-05,-4.4795905352224e-05,-2.14350637772753e-06,-1.95545265020414e-05,7.24136305940704e-05,1.53856559119703e-05,6.79609558140726e-06,2.44637672519588e-05,-3.9194511509244e-05,-5.35980392522006e-05,6.21601416161965e-05,2.79801029714477e-05,1.49647211040715e-05,-0.000129810041681999,-3.72767989436085e-05,2.28334189147361e-05,-2.14350637772753e-06,-2.14350637772753e-06,-5.88686617675194e-06,3.29047356881773e-05,0.000131359059802882,-0.000795818675431547,-1.23904191751123e-05,-1.08106461826907e-05,-2.03947845598407e-05,5.76990006351252e-06,-2.87469436344168e-06,7.51559862255391e-06,3.68764713076786e-06
21:37515319:C:G,-0.00615047776751787,-0.00350556642089117,-0.00212993598416578,-0.00649116842839348,0,-0.00417853413444291,-0.00383724533236762,-0.00015762046699308,-0.00753866665814851,-0.00155577264409779,-0.00437922454360162,-0.0016100398485861,-0.00355077231804124,-0.00489303608060077,-0.00216655983821123,-0.000939570038910986,-0.00967011113410088,-4.22045053394271e-06,-0.00161069368302069,-0.000530584308623183,-0.0019980115119127,-2.63602453181022e-05,-0.00341286548970832,-0.00203538265471792,-0.00195173117606018,-0.00318161578205345,-0.00341286548970832,-4.22045053483089e-06,0,3.97238177995973e-05,-0.00252542120275567,5.25438690157642e-05,2.43620746278594e-05,-5.60722090066079e-05,-0.00348834362268846,8.67443983487703e-06,4.27030249054994e-05,0,-0.00222747839234927,-0.0028808929075117,-0.00247123375878822,7.22006821263221e-06,7.22006821263221e-06,-0.00711276190769539,-0.00261893762761822,-0.00549876116067249,-0.00139265370282438,-0.00293059579878463,-7.22129319132847e-05,-2.5862885000727e-05,-0.00826466702782014,-0.00175367903058454,-0.00148221777795765,-0.000485140354477664,-2.08204868901163e-06,-5.60722090066079e-05,-2.63602453181022e-05,-0.00281063866137199,3.89538802263445e-05,-0.00024334571713247,-2.63602453181022e-05,-0.00176076215716581,1.8486480030333e-05,-0.000814741791374196,-0.00482295304061697,1.8486480030333e-05,-0.00169719617644759,-3.14406621626517e-06,-2.88783458897157e-05,-0.00237708216955479,2.15887140697646e-05,-0.000144840627604559,3.41070247840136e-05,-0.00372420633001624,-8.21712027834209e-05,-0.000953030971253099,-0.00262561978445852,2.11784200843113e-05,-0.000473399097550953,-5.60722090066079e-05,-0.00670731665255797,-3.14406621626517e-06,-3.14406621626517e-06,-8.67552465599886e-06,4.54864742911454e-05,-0.000825092208079248,-1.23904191751123e-05,0.161872597822442,-0.00148221777795765,-3.01634273194296e-05,8.21200237233199e-06,-4.22045053483089e-06,-0.00425163334059153,5.19554885158868e-06
21:37518905:G:A,-0.00348678256230261,-0.00213899735213197,-0.00244210414760282,-9.96345841839386e-05,0,-0.0021295361934035,-0.00165698042789497,-0.00572940181693049,-0.00300179388106159,-0.00148221777795765,-0.00222674558360758,-0.00152750478140451,-0.0020988686795933,-0.00250637649449104,-0.00241934596095383,4.72771409762984e-05,-0.00690654786663725,-3.66819194397294e-06,-0.00153653567706513,-0.000642059650569848,-0.000203759192430653,-2.29167140259889e-05,7.22210661852074e-06,-0.00162608628384397,-0.00224185545441902,-0.00311638968929717,7.22210661852074e-06,-3.66819194308476e-06,0,3.51796316273578e-05,-0.00284313444202056,4.66893247255129e-05,-0.00207389525051749,-4.84160678535517e-05,-0.00308039753878209,7.69349610774128e-06,3.78317442848441e-05,0,-4.61503013404752e-06,-0.00248475682875693,-0.00198845350493926,6.35576771124136e-06,6.35576771035318e-06,-0.00638166451857103,-0.00382488392658065,-0.00394789280908014,-0.00295358126598977,-0.00334871909038448,-0.00121136672410138,-0.00114380716186346,-0.00345983114438386,-9.53982515916607e-06,-1.37843575265251e-05,-0.00302241612164966,-1.81071460403359e-06,-4.84160678535517e-05,-2.29167140259889e-05,-0.000252378039606427,3.44951652930803e-05,-7.35714487003492e-05,-2.29167140259889e-05,-0.00134359382592386,1.62856359535724e-05,-0.00192713345774287,-0.00152913982478431,-0.00215156857456567,-0.00725994769050331,-2.73349665125266e-06,-2.50790646081356e-05,-0.00191064781574379,1.90788705474176e-05,-0.00415935000207135,-0.00214211722958879,-0.000975690526473727,-7.05166270025259e-05,7.46061625331862e-05,-0.0025584061672852,1.86522559362245e-05,-0.000220196764622926,-4.84160678535517e-05,2.82894795091693e-05,-2.73349665125266e-06,-2.73349665125266e-06,-0.00291142697223457,-0.00012759153169295,-0.0016098245049907,-1.08106461826907e-05,-0.00148221777795765,0.123834928896184,-2.61815351327854e-05,7.22210661852074e-06,-3.66819194308476e-06,-0.000225307096848759,4.58918955814624e-06
21:37519568:G:A,-4.94265156811835e-05,-0.0001774848026459,5.48843732044446e-05,-0.00011760686289275,0,-0.00076406757986458,-0.00145541299732432,-0.00156386291996569,-0.000281489180930627,-3.01634273194296e-05,-0.00222672250932554,-0.000273790177032218,-0.00703383665091994,-0.00297732149573449,5.63886381241829e-05,8.97975456162214e-05,2.20197440530256e-05,-7.17725393784008e-06,-3.8442501464786e-05,-0.00410067332097874,-8.8215267371794e-05,-4.32115395199162e-05,1.34238773039641e-05,-0.00322938312683618,-0.00234678630933072,-0.000524868067627082,1.34238773039641e-05,-7.17725393784008e-06,0,-0.00219200799466002,-0.00703272132725363,8.86077416391018e-05,4.00212019560087e-05,-9.10002066589755e-05,-0.000250222413926693,1.35192663828221e-05,7.17087378765413e-05,0,-9.02882312026065e-06,-0.00631642551543887,-0.00624408210349348,1.17196056717006e-05,1.17196056725888e-05,-0.00132809683475532,-0.00896639022432844,-0.00316240222305453,0.000244652489201691,-0.000360719473863291,-0.0010492714629029,-6.71456283196648e-06,-0.00137606323435779,-0.00147385032371972,-2.61815351327854e-05,-0.00160548160249263,-3.54367719257453e-06,-0.000726523295805137,-4.32115395199162e-05,-0.00010361792056468,-0.00231217959969854,-0.0021179132758542,-4.32115395199162e-05,-0.00029465511761817,-0.00247770324796104,-0.00247888609411362,-0.00511905315014705,-0.00192162042374289,-0.00170926905601032,-5.34901708793001e-06,-4.73967683429777e-05,-0.00582858973842981,3.51655778665361e-05,-0.0087428592930916,-0.00189980909710741,-0.000804128168827134,-0.00381821653752912,0.000142506774659878,-0.000280186003683625,3.51919562984193e-05,-0.000157139855516242,-9.10002066589755e-05,5.3506050213592e-05,-0.00167362729609799,-5.34901708793001e-06,-1.47280461035848e-05,7.5843652354024e-05,-0.00202553132739958,-2.03947845598407e-05,-3.01634273194296e-05,-2.61815351327854e-05,0.116948086322208,1.34238773039641e-05,-0.00159384102668891,1.55642312913429e-05,-0.00280751643915611
21:37521279:C:T,1.28947299895543e-05,0.000303445958925508,-0.00105964242533307,-0.00131446177242367,0,-0.000840044780094473,7.9725893038507e-05,-0.00127635787830904,-0.00482365437604759,8.21200237233199e-06,-0.000909835703157391,-0.0101426305944035,7.24723507978808e-05,-2.72388222812836e-05,-0.0010381596821647,-2.874438422662e-05,-0.00242766890137158,1.86310748251373e-06,-0.00161779763898107,-0.00349352515667523,2.28148322607424e-05,1.19025076772417e-05,-4.12860833787221e-06,-0.00333901235057343,-3.09770075421767e-05,-3.38075766865842e-05,-4.12860833787221e-06,1.86310748251373e-06,0,-2.09964302140264e-05,-0.00376242924456172,-0.000186702054086219,-0.00108002354402981,2.38591575154601e-05,2.80861044865688e-05,-4.81244388161883e-06,-4.97928731135744e-07,0,-0.000434390233522208,-0.00109647750930453,-0.00453022173118089,-3.67455191163657e-06,-3.67455191252475e-06,-0.00635240654850122,-0.00121309735325426,-0.00559388381462611,-0.00178857932935905,-0.00161889570932683,2.94999084804459e-05,-0.0015505070466455,-0.00101974040535069,4.78923510449647e-06,-0.00212658180028935,-0.000475015444021842,9.23086590276512e-07,2.38591575163483e-05,1.19025076772417e-05,-0.00107219126422553,-2.06005351675032e-05,3.42806197037859e-05,1.19025076772417e-05,3.06849100892848e-05,-9.39372846264774e-06,-0.00397903558748069,-0.000946407398473958,-9.39372846264774e-06,-0.00412280328042236,-0.000168347440030914,0.00104461875713024,-0.000600227976196521,-1.13982606970708e-05,-0.00378970375515486,-1.81380556787403e-05,2.49506198777283e-05,-0.00300431216729624,-4.82259795866469e-05,-2.06005351675032e-05,-1.06834407054279e-05,-0.00494181265769633,0.00104218610112294,-1.65213818501542e-05,1.39095311180171e-06,1.39095311180171e-06,3.79572225384095e-06,-0.000961869955069972,-0.00489176625776899,5.76990006351252e-06,8.21200237233199e-06,7.22210661852074e-06,1.34238773039641e-05,0.0922356989478441,1.86310748251373e-06,-0.00118489388564846,-2.75352025980169e-06
21:37522152:C:T,-1.54665899900763e-05,-0.00948830913775467,7.13972590205003e-06,-0.00220699359104515,0,-0.00108610869300829,-0.00476208235219655,-0.00514561306918981,-0.00809753173481909,-4.22045053483089e-06,1.4477669944668e-05,-1.57927773960509e-05,-0.00264033278211784,-0.00232780964570445,7.29560649137539e-06,1.07074779984728e-05,-0.00169437758921376,-9.29751417189095e-07,-5.38482554013342e-06,-0.00114178495717532,-0.0016039528952696,-6.25781156138316e-06,1.86310748251373e-06,-0.00501098873458172,-0.00268844029674753,-0.00135079780736547,1.86310748251373e-06,-9.29751416300917e-07,0,8.31103193466021e-06,-0.00526562308812117,-0.00102155413546168,5.34493958515014e-06,-1.39366219382708e-05,-0.00188626506863443,2.06862012674947e-06,8.83715734456558e-06,0,-1.17236798757858e-06,-0.00261843779131077,-0.00118336025132049,1.65363661164264e-06,1.65363661164264e-06,-0.00200855570452507,-0.00771749882896255,-0.00903920575508987,-0.00346865367379223,-0.00991851816286626,-1.8238919443192e-05,-0.000144094680414319,-0.00866687323949122,-0.00208161954712427,-3.66819194308476e-06,-0.00491758415314791,-4.56918383129334e-07,-1.39366219382708e-05,-0.00101691000877846,-1.5991253543568e-05,-0.00164979890999017,-2.21088908203271e-05,-6.25781156138316e-06,-1.91974984735666e-05,-0.00288135689073599,-0.00437972141785714,-0.0110274942863828,4.07925330669912e-06,-0.00199647361218513,-6.91299823607494e-07,-6.86545936368077e-06,-0.00239039414907349,4.80331196506256e-06,4.97078054095823e-06,-0.00186253120928193,-1.47367571692314e-05,-2.10943392726648e-05,1.52707130967045e-05,-0.00164979890999017,4.61638645976592e-06,-0.00884007939357012,-1.39366219382708e-05,6.80587809753774e-06,1.48499855416873e-05,-0.00229211982162436,-0.00235106843953314,9.42230626232998e-06,-1.57116182162298e-05,-2.87469436344168e-06,-4.22045053483089e-06,-3.66819194308476e-06,-0.00159384102668891,1.86310748251373e-06,0.153220645782153,2.53510420034075e-06,1.22360203391736e-06
21:37523053:G:A,-0.00174045941683687,-0.00270678936129087,-0.001217483948043,-6.31361640204275e-05,0,-0.00104032497725282,-0.00068828139069943,-0.00103826104692439,-0.0015418585692748,-0.00193975460814944,-0.00350927794488776,-0.00294049642338035,-0.00105763143278192,-5.4332871385121e-05,-0.00330648258496602,-0.000397533326592203,-0.00188203265603004,-0.00165192432804862,-0.000533673956676139,-0.00106591007946299,-0.00129136367078608,-0.00107171317874677,-6.11478785295105e-06,-0.00119687604676511,-0.00585094939098418,-0.00372769095075576,-6.11478785295105e-06,2.53510420034075e-06,0,5.28765672518361e-05,-0.00200764814987231,-0.00148275089009786,-0.000134945222137084,2.24920412730256e-05,-0.00391211998925556,-3.56608102132228e-05,-0.000487414232059891,0,3.16574957892612e-06,-0.000233923272417336,-0.00280185087578122,-0.00169589266744286,-5.42728938146553e-06,-0.00346922863793697,-0.000578103287710796,-0.00954015449477197,-0.00176898030997297,-9.96518286422443e-05,-0.000169770977414885,-0.00164636747022673,3.49107866215448e-05,-0.0040804312044278,-0.00186962989698713,-0.0029547339745184,1.2696832492054e-06,2.24920412739138e-05,1.41481743307637e-05,-0.000504609686036162,-3.57213772455012e-05,-0.000119716159256988,-0.00107171317874677,-0.00128962901738738,-0.00144577246888922,-0.00046157347125364,-0.0061203124410838,-0.000246152310142023,-0.00654054297385365,1.90301769453782e-06,1.50985218736466e-05,-6.52491192614235e-05,-0.0015936335219644,-0.00349316637099362,-0.00321686135275012,-0.00300131481387744,0.000450047054414426,-0.000100429468441909,-0.00311844484724411,-0.000867631624084986,-7.50447196207205e-06,2.24920412730256e-05,-2.7550231959772e-05,1.90301769453782e-06,1.90301769453782e-06,-0.0067194064329188,-6.36434648964013e-05,-0.00105037113662609,7.51559862255391e-06,-0.00425163334059153,-0.000225307096848759,1.55642312913429e-05,-0.00118489388564846,2.53510420034075e-06,0.129109980401417,-0.00245889450827441
21:37524055:C:G,-0.00200423435122676,-0.00414917818840532,-1.24701958341689e-05,-9.6748895037635e-06,0,-4.54383217629584e-05,-0.0048676783804753,-0.000955029929428086,-0.00124811334527708,5.19554885158868e-06,-3.41576705773505e-05,-0.00210850837295418,-0.00385263177436013,-0.0024134448753248,-1.27935938447621e-05,-2.10748840947517e-05,-0.000153950230469491,-0.00292222769218498,-0.00466757264416007,-0.0140719928294732,-0.00255110306320461,7.36748835006296e-06,-2.75352025980169e-06,-0.00200866441760095,-0.00147260303697916,-0.00107409336435804,-2.75352025980169e-06,-0.00237501038979371,0,-0.00335874106292522,-0.00252745265092091,-2.07886683698533e-05,-0.00163665942637703,1.37232174814983e-05,-0.00461116429504038,-0.0017968082623403,-1.6188215155033e-05,0,1.53309880968067e-06,-0.00257244946198831,-0.00190654770585752,-2.44216150324661e-06,-2.44216150413479e-06,-0.00278452762496073,-0.0138878568834544,-0.000741169458109425,-0.00052997023887702,-0.000538964047451351,1.63074624470738e-05,-0.00204345506251968,-0.00361376153494852,-0.00201480120263398,4.58918955814624e-06,-0.00722698608845995,6.08901212117985e-07,1.37232174814983e-05,7.36748835006296e-06,-0.00166221636665309,-0.00135900462566685,1.82249070297402e-05,7.36748835006296e-06,-0.00183604826092765,-0.00305839751151282,-0.0047268862350851,-0.000731652018683082,-6.41312562787988e-06,-0.00996198911309865,-0.00245678923146553,7.95220988347722e-06,-0.00117041914656646,-0.00371383191953356,-0.00652000971039524,-1.27935938429857e-05,-0.00148394520356288,-0.00267905020784909,-0.000516377616815333,-0.000238164028726118,-7.3412938572659e-06,-0.000256757786043948,1.37232174814983e-05,-1.16120418667265e-05,9.15532092804483e-07,9.15532092804483e-07,-0.00226423333969894,-0.0015153582141334,-0.0024570414734475,3.68764713076786e-06,5.19554885158868e-06,4.58918955814624e-06,-0.00280751643915611,-2.75352025980169e-06,1.22360203391736e-06,-0.00245889450827441,0.158651615740914
