9:12701430:A:C,9:12701673:G:A,9:12703172:C:T,9:12705162:C:T,9:12705219:C:A,9:12712179:A:C,9:12712769:G:T,9:12713962:G:A,9:12720412:G:C,9:12721629:C:T,9:12725277:A:G,9:12725365:C:T,9:12725593:C:T,9:12726681:T:C,9:12726929:T:G,9:12728786:T:C,9:12730119:T:C,9:12734492:G:C,9:12737281:C:T,9:12738022:C:T,9:12738892:T:G,9:12739695:T:C,9:12740305:T:A,9:12740573:T:C,9:12742338:C:A,9:12742795:A:G,9:12745302:A:G,9:12746401:C:T,9:12748191:A:C,9:12748486:A:G,9:12748972:C:T,9:12750812:C:T,9:12753820:G:A,9:12754885:T:A,9:12757565:T:G,9:12758194:T:A,9:12759234:G:A,9:12760664:A:G,9:12761524:C:A,9:12761565:T:C,9:12761775:A:G,9:12761819:G:A,9:12761983:G:A,9:12763001:T:G,9:12763333:T:G,9:12765184:C:T,9:12765605:C:A,9:12766966:T:C,9:12769160:T:C,9:12769196:T:C,9:12771101:A:G,9:12772616:G:A,9:12774707:G:C,9:12775488:G:A,9:12776516:C:A,9:12777629:T:C,9:12778079:G:A,9:12781996:C:G,9:12783732:G:A,9:12784559:G:T,9:12784668:G:A,9:12784883:T:C,9:12786478:G:C,9:12786481:T:C,9:12788206:A:C,9:12788315:G:A,9:12790262:A:C,9:12792207:G:C,9:12793248:T:C,9:12793817:C:T,9:12797355:C:G,9:12801539:T:C,9:12801878:A:G,9:12803262:C:T,9:12803588:C:T,9:12804054:T:C,9:12804682:A:G,9:12806234:C:T,9:12806755:T:C,9:12807800:C:T,9:12809562:T:C,9:12809882:T:C,9:12811627:C:A,9:33025701:G:C,9:33026341:C:T,9:33026572:T:C,9:33029004:T:A,9:33029081:C:G,9:33029627:A:G,9:33030087:T:C,9:33030174:A:T,9:33033758:A:G,9:33034452:T:C,9:33034665:T:C,9:33035480:T:A,9:33037319:A:C,9:33037320:A:C
9:12701430:A:C,0.126548795552127,-8.08503921767567e-06,-0.00160658716385687,-0.00169863244618451,-0.00426339762158356,1.92790587920655e-05,-0.00107425089096402,-0.000493280597980927,0.000245859715332308,0.00369963617194902,-0.00286941348800784,-0.0010197855688947,1.92790587920655e-05,4.57570962302256e-05,-0.00597842099862245,-0.00320878896593335,-0.000633119173357954,-0.000277138958231227,-0.000866583133954713,-0.00265603131349312,-0.00269460705782976,6.12028735069714e-05,-0.000295411340940355,-0.00172027719374324,-0.000925689134807506,1.18271239317735e-05,-0.00143571371725582,-0.000516865432306446,-0.000100478493854084,-0.0015565141740268,-0.00269460705782976,-0.000762559134204643,4.57570962302256e-05,-0.000713836495702225,6.12028735069714e-05,2.75751834806215e-05,9.29756001042392e-05,-0.00112639979795848,-0.000480858005927232,-0.00155577061248735,-2.46038504823076e-05,-0.000482381557025402,4.57570962302256e-05,-0.00447575774286957,0.000325036945679535,-0.000177130559819716,0.000136780138170423,-0.00346387764977241,0.00332618973587717,0.000170417712811677,4.57570962302256e-05,-4.30328061495899e-05,-1.83667690398792e-05,-0.000329386884694749,-7.59187399648198e-05,6.12028735069714e-05,-0.00337234576254986,-0.000730739142785986,0.000167058004954868,-4.16043206907801e-05,-0.00176188944475797,-0.00501218138719084,0.000325036945679535,-0.00310445375112511,-0.00202202598635282,-0.000147402731915491,-0.00517572685079415,-0.0055075646633882,0.000162937190125945,-0.000655045620717942,-0.00190929093103254,-0.00138342929659796,-0.000297460431418983,-0.00243188346972634,-0.00152168433691813,-0.000323699902263996,-0.000771416277506098,-0.0063093966734753,-0.00629019355435911,0.000177334841845678,-0.00397887372808814,-0.000319337308285039,-0.00224596783160802,-0.00340632471595548,-0.00179717432308735,-0.00145276518593507,-0.00401692082586536,-0.00445177892739235,-0.00462796523379527,-0.00207126211114073,-0.000433594803658011,-8.88661132387725e-05,-0.00015814884116061,0.000539311786478258,-0.00143571371725582,-0.00316007257316109,-0.00162420742740466
9:12701673:G:A,-8.08503921767567e-06,0.0914735354996328,-2.07808413676958e-06,-4.5630925367135e-06,-3.0637157522051e-06,1.72121292774108e-06,-2.79228390631658e-07,-0.00463584654684457,2.07764557913492e-06,-6.72404967261286e-06,-1.04318111482371e-05,-5.50571003010702e-06,1.72121292774108e-06,4.59453442402946e-07,-2.26514956125357e-07,-2.77841243701005e-06,-0.00440447516251741,2.53086493984256e-08,-9.04360552667072e-07,-2.85601567284743e-07,-6.40870826362772e-06,5.58912898185326e-07,5.15332678752145e-07,-2.26514956125357e-07,-0.00431215952287989,-3.51791426478343e-06,-9.66290887305377e-07,1.64183711337529e-06,1.20749975796031e-06,-0.00427109854298369,-6.40870826362772e-06,-0.00429507036463317,4.59453442402946e-07,-2.5251342048449e-06,5.58912898185326e-07,1.23093845072475e-06,9.13509867750406e-07,-1.62182078522477e-06,1.79771770270065e-06,-0.00417891215809973,-1.68433871294837e-07,-0.0041918991990082,4.59453442402946e-07,-8.29453420170267e-06,2.60658619488652e-06,-1.61023537437188e-06,1.17754508988099e-06,2.52580801429758e-06,-0.00534445980776876,1.5224157179361e-06,4.59453442402946e-07,5.15332678752145e-07,5.6829405181702e-07,-0.00439767720205086,-0.00402977533153503,5.58912898185326e-07,-1.83806574138856e-06,-0.00399173727641955,-2.61102580534356e-06,-0.00413845286131309,-6.21559539126793e-06,-0.0041348659516256,2.60658619488652e-06,4.28485792181021e-06,1.44279161595762e-06,-1.0735912326254e-05,-0.00430142290959878,-0.00411003252410236,3.9211136497741e-06,-0.00660626058942615,8.66778448127548e-07,-8.99621857897159e-07,-1.9166755125255e-06,-0.00386817273864626,-1.17335314442357e-06,-1.83806574138856e-06,-2.87784735242269e-06,1.04892504904086e-06,2.55320306141726e-06,1.56119832261936e-06,-0.00358610009292804,-0.00398940006367177,3.30548483873372e-06,3.24698109821497e-06,-1.00300238390361e-05,-0.0043358831767204,2.25603549708353e-06,-0.00425660995663613,2.84672904804495e-06,-2.69859114814253e-05,-4.26840384371019e-06,3.15297035058393e-06,-1.46471590767305e-06,-3.84540046116655e-06,-9.66290887305377e-07,-1.10312916312694e-06,3.84402874065159e-06
9:12703172:C:T,-0.00160658716385687,-2.07808413676958e-06,0.12786526439588,-0.000145936603071384,-9.86716986091096e-05,6.12098654766413e-05,-1.28075605712041e-05,-0.00757476139993774,7.78347306589211e-05,-0.000198174785631444,-0.000296788717067287,-0.000165859100300203,6.12098654766413e-05,1.55151784619889e-05,-8.48054358471018e-06,-9.70962155788513e-05,-0.00568356096012668,-0.00190413106277187,-0.00241598348413152,-0.0018723227635391,-0.000191453061952451,1.94422460957355e-05,1.53111994185551e-05,-0.0019155824548216,-0.0056842220977078,-0.000110773849264945,-3.30967092638801e-05,5.75967951714773e-05,-0.00391654109501971,-7.5685481589538e-05,-0.000191453061952451,-0.0057354729305521,-0.00244798323625339,-0.00104596195479534,1.94422460957355e-05,4.22756815288139e-05,-0.00200318700161084,-0.00117634398582389,6.47215758169395e-05,-5.02743944092998e-05,-6.31780140203375e-06,-0.00590098859645938,1.55151784619889e-05,-0.000245758804790164,0.000101474995966022,-5.32611075643175e-05,4.24732252479743e-05,-0.00156409988070205,-0.000201977830074362,5.49598900079218e-05,-0.00244798323625339,1.53111994185551e-05,-0.00209473513001868,-0.00585339901203241,-0.0060290799340299,1.94422460957355e-05,-0.00140913849143409,-0.00654759232812197,-8.4232540484841e-05,-2.35249069033827e-05,0.00028495651419469,-0.00655651386384282,0.000101474995966022,-0.000719056970388543,-5.44111595930374e-05,-0.00358700259571787,-0.00462601985302946,-0.00337086288330957,-0.00237207055038446,-0.00149451111637777,-0.00204175478543966,-0.00153020659082692,-0.00299623719502851,-0.00249100821458992,-0.00017777896100668,-0.00140913849143409,-0.00312773128759858,3.70787844907738e-05,9.8705454017356e-05,5.66751623942707e-05,-0.000687868797182745,-0.00200391543590595,-0.00102328803912854,-0.00127952174078771,-0.000560816038195355,-6.24633993688839e-05,-0.00217626525935888,5.14592173175288e-05,0.000111424899952972,-0.000343866392017667,-0.000131594542812863,-0.000402453201616915,-4.83142698630701e-05,-0.00321072302088155,-0.00157621501230309,-3.79076179113369e-05,-6.78971995080602e-05
9:12705162:C:T,-0.00169863244618451,-4.5630925367135e-06,-0.000145936603071384,0.117302909179939,-0.000155730845615487,-0.000279569965207394,-0.0044265958090115,-0.000271366191364475,-0.000244563573468248,-0.0035188064173397,-0.00146347750425857,-0.00300932110159291,-0.000279569965207394,2.97653577510104e-05,-9.53625919297707e-06,-0.00171052802116467,-5.6429928220858e-05,-0.00409060175683784,-5.2894585600427e-05,-2.35931092484876e-05,0.000925204447115746,-0.00163876242559535,-0.000531685520725134,-0.00196187862333996,-9.28498467858141e-05,-0.000942997818122571,-0.00164699604481022,-0.000374393936464656,-0.000416513073683511,-0.000188239546992541,0.000925204447115746,-4.68362867733774e-05,-0.00247150939130414,-0.000172027238095396,-0.00163876242559535,-6.53906530345694e-05,-0.000415236285030041,-0.00179057272305805,-0.000254167336094291,2.63374165871966e-05,1.26706793945885e-05,1.25977013021306e-05,-4.30352655174104e-05,-0.00046838493565371,-0.000740850240408264,-0.00116909362023687,-0.000126467484346193,-0.00274178160751504,-0.00309470697961434,-6.91005282620338e-05,-0.00247150939130414,-0.000522519184269044,-3.56391417186686e-05,-0.00186760788313389,-0.00101339490079866,-0.00163876242559535,-0.00150919524674542,-2.16716484686685e-05,-0.000178554752229054,-0.00192097394713375,-0.000662101694499206,-0.00818279541380385,-0.00184724224788368,-0.0036474509964588,4.76900867507624e-06,-0.000296293074374177,-0.00322959800789846,-0.00096785529965171,-5.68358102004396e-06,-0.00211853601327405,-4.6701911507796e-05,-0.00159835400760855,-0.000272429243022287,-0.000115361671681136,-0.00116763616467352,-0.00150919524674542,-0.00151233667473871,7.20499781161621e-05,-0.00108741876464524,-0.00015015373649252,0.000137082244516584,-0.00435070998931764,-4.41849561312324e-05,-0.000248425730856816,-0.00247851090493523,-0.00535805874397743,-0.000194200351637086,-0.00315778079911766,-0.00185159991151362,-0.000190693864046132,0.000112028185897728,-0.00381026742872148,-9.9754721206935e-05,-0.0012173395289059,-0.00616314939288642,-0.00170317676024201,-0.00455183627935707
9:12705219:C:A,-0.00426339762158356,-3.0637157522051e-06,-9.86716986091096e-05,-0.000155730845615487,0.116168421852699,-0.00186141688912578,-2.02092271397447e-05,-0.00154564322377526,0.00011066813222893,-0.00158643506664458,0.00102809096011125,-0.000234325458303708,-0.00186141688912578,2.16979051756994e-05,-1.24995246801873e-05,-0.00025989440805585,-0.000304698526862879,-0.00165741800293517,-0.00562487699568948,-0.00162915271659259,-0.00223473285057985,2.75162103093862e-05,2.00258410005816e-05,-1.24995246801873e-05,-9.99718157661533e-05,-0.000157124220372395,0.000278422482247187,-2.05268828779026e-06,-0.00843667771125745,-0.000109801032746937,-0.00223473285057985,-0.000153315454435976,2.16979051756994e-05,-0.000115744258395445,2.75162103093862e-05,5.87549524118103e-05,4.40615683752199e-05,-8.07823237956029e-05,9.08957189063031e-05,-7.39775433791223e-05,-0.00289415895665002,-0.000273479845696034,2.16979051756994e-05,-0.00253092420069034,-0.00123813800002548,-7.58013255470757e-05,6.04611679557721e-05,0.000138562008684673,-0.00175467233418036,7.77504316742395e-05,2.16979051756994e-05,-0.00171330301470096,2.31781766268924e-05,-0.000427459474710901,-0.00791228838920954,2.75162103093862e-05,-8.70029968957908e-05,-0.000117507330111621,-0.000119766382162823,-0.00162915271659259,-0.00136604180856725,-0.000985425629366432,0.000144918748961054,-0.00341871488712187,-0.00453715243894681,-0.000192417836602843,-0.000465478632287741,-0.000306806657997871,-0.00404060301943598,-1.62813515629523e-05,-0.00229518890954417,-4.40121692228956e-05,-9.08392692364757e-05,-0.00934650080912025,-0.00141200849002132,-0.00262300029996343,-0.00343248794565643,5.24232238001687e-05,-0.00168713740276605,8.03207484709745e-05,0.000189714183812306,-0.00240832148968462,0.00019275648216599,-0.00179598759787147,-0.000392724325689819,-0.00205049986043537,-0.00189355865046092,-0.0019020007754964,-0.00216871994201195,-0.00293968017990576,-0.00011816539716758,-0.00101521486341127,-6.85795205583872e-05,-0.00365940251134411,-4.74673814014892e-05,-0.00654999264968659,-5.44361772751856e-05
9:12712179:A:C,1.92790587920655e-05,1.72121292774108e-06,6.12098654766413e-05,-0.000279569965207394,-0.00186141688912578,0.209142109883458,6.11034516317943e-06,-0.00211959381389004,-0.000539800465418239,-0.000374330353678509,-0.000263234421526093,0.000137118636821754,0.000387328538717924,-1.72825075042127e-05,-0.00249200716079123,-0.00025782107907002,-0.00488172262908915,-0.00165585844155913,-0.000139942042957308,8.7668976123112e-06,-0.00237673247561165,-0.00152907442888939,-0.00159049086709384,6.98093790596488e-06,-0.00449852002781981,-0.00117207693223254,3.05331260550545e-05,-0.00177210167588271,-0.00510631976170828,-0.00435679611374518,-0.00237673247561165,-0.00438009874014611,-1.72825075042127e-05,-0.00148236416019021,-0.00152907442888939,-0.00138919282752159,-3.57570885070047e-05,4.79554003662841e-05,-0.00143100274342967,-0.00454375531292328,-0.00257515662065,-0.00385619847025831,-1.72825075042127e-05,-0.000417336809636737,-0.000117387366232791,-0.0034217528778564,-4.53922512333449e-05,-0.000113476507953791,-0.000255805923525365,-0.00124834174845478,-1.72825075042127e-05,-0.00218250741139059,-0.00147877236721872,-0.00733679638538964,-0.00375087002153141,-2.06270696851973e-05,-0.00236783834224141,-0.0126082907480445,-0.00160233691972245,-0.00186416995138483,0.000148045655825157,-0.0102728879064284,-0.000610044974290957,-0.000786554172237608,-0.00136058693839836,-0.00548670828379016,-0.00559142646375266,-0.000419938952597843,-0.000312784440932745,-0.0052635695750789,-0.00284166524620133,-0.00855560730186511,-0.000578153475029097,-0.00853844581712782,-0.00545434642812914,-0.00188488043806512,-6.65281325353817e-05,-0.0035041177216808,-0.00222072335840551,-6.33721085891992e-05,-0.00689220913234845,-0.0146782612273788,-0.00805517828024449,-0.000162336389871953,-0.00173004697146695,-0.000924724816441014,-0.000530343159657498,-0.00253342980191285,4.26402722260022e-05,-1.84665177824783e-05,-0.00362498198213057,-0.0041953595888895,-0.000306792900834907,-0.00275998080936457,3.05331260550545e-05,3.42825286967496e-05,-0.000112587027697231
9:12712769:G:T,-0.00107425089096402,-2.79228390631658e-07,-1.28075605712041e-05,-0.0044265958090115,-2.02092271397447e-05,6.11034516317943e-06,0.179625394952845,-8.5102285263261e-06,-0.00336223403101332,-0.00376672603683392,-3.65690395032203e-06,-4.09343474707669e-05,6.11034516317943e-06,-0.00291139471072732,-1.17278835620738e-06,-0.00663932536384948,-0.0021146484234067,8.87439215446761e-08,-0.00185714662257386,-0.00209790439674418,-4.95561913282927e-05,-0.00152663368133243,-0.00129099428075286,-0.00221338949978289,-0.000163668361954361,-0.000934535944820958,-5.39310662617254e-06,-0.00228202684159928,-0.00171998902783876,-0.00810273772466985,-4.95561913282927e-05,-0.000591231878901866,-0.00180206350672929,-1.60141042169215e-05,-0.00152663368133243,-0.000212681478108934,3.90980176057099e-06,-9.68347197094488e-06,-0.00170401211058557,-0.00843335274249668,-0.00229311629514584,-0.00109205843171267,-0.00649404774187534,-0.000541749827783988,6.52761271346947e-06,-9.51466600351836e-06,-0.000216414198575876,-0.00311364219692667,-0.00400489380429025,5.70453756143507e-06,-0.00180206350672929,-0.0022163126498711,-0.000304694306620057,-0.000511955133581488,-0.00385576776915908,-0.00555487799460153,-0.00159343994040562,-0.00240731155228691,-0.00133659337305758,-1.49019153550256e-06,-0.000221022158045869,-0.00779331201725242,-0.000462039362942868,-0.000829527299049282,-0.00148178532900722,-0.0081752345834829,-0.0132779702529757,-0.00431850647607845,-0.000252895913929407,-2.78202701418095e-05,-0.00373953730130161,-0.0027723643075932,-7.42153761512654e-05,-0.00309401871845427,-6.69962784360933e-06,-0.0059937395174936,-0.00153677946563224,-0.000237095362763284,-0.000392831521316417,5.79185488103207e-06,-0.000988640545607211,-0.000779037906367464,-0.00124543933658749,4.80285461001984e-06,-0.000637159515462393,-0.00210879617775328,-0.000195725732474727,-0.00172848512805945,6.13194805865191e-06,-0.00251002253598109,-2.9966114629687e-05,-0.0022867606363306,-8.53256549149251e-06,-0.00962333272865035,-0.0025754711879884,-0.00182986499500348,-0.000114049052767129
9:12713962:G:A,-0.000493280597980927,-0.00463584654684457,-0.00757476139993774,-0.000271366191364475,-0.00154564322377526,-0.00211959381389004,-8.5102285263261e-06,0.25395562184409,-0.000925327513325414,-0.00161744890459703,0.000659626508958677,-0.00138901712702566,-0.00211959381389004,-0.000875232989662855,-0.00291491676992983,-0.0033126045781664,-0.000603115702699331,-0.000198197122403432,-0.004233728796597,-0.00161419202641611,-0.00694694170037025,-0.0018183945318837,-0.000238389862369015,-0.00682132371081856,0.000720108381927265,-8.16597439206035e-05,-9.52346090246081e-05,-0.00119927711592327,-1.71204868597563e-05,-4.93953179114826e-06,-0.00694694170037025,0.000267522013742916,-0.00560422116644865,-0.00611372828696854,-0.0018183945318837,-0.00295745649372492,-0.00353042821647431,-0.00125732614026397,-0.000194051450574939,-0.00127067934367942,-0.00138596725230578,-0.0016158345811963,-0.000173254172317172,-0.0055440639603459,-0.000256792261278171,-0.00610350076216726,0.000115958065917354,-0.000238523626421738,-0.000557593911321153,-0.00162211981719729,-0.00560422116644865,-0.00249334253959832,-0.00191146774215145,-0.000297164302569541,-0.00259464066239623,-0.00109534148002677,-0.000416789392459371,-0.00738412990015691,0.000360565998901663,-0.00102654728073492,-0.00646947113507723,-0.00704064423674877,-0.00128468088171463,0.000834408163397082,-0.00226979831407093,-0.00120001194240027,-0.00245622991741046,-0.00661555213009324,-0.00601031198761559,-0.00450110833847672,-0.00169834834135507,-0.00231329577182393,-0.00192519571973282,-0.00188076144527471,-0.0101016245155447,-0.00197472667615095,-0.000302443279617925,-0.00267492238299027,-0.00118053245364447,-0.00248210723418296,-0.00475272066705212,-0.00722972781532816,-0.00431974093721399,-0.00557662871203979,-0.000655906958324515,-0.000957374284330736,-0.0027440045781737,-0.00921960328598459,-0.00626710133052244,-0.00335105889079212,-0.00732703948492031,-0.00323078303969337,-0.000653242598898984,-0.00361642424756159,-0.00323076398992939,-0.00328040883400949,-0.00242933383675936
9:12720412:G:C,0.000245859715332308,2.07764557913492e-06,7.78347306589211e-05,-0.000244563573468248,0.00011066813222893,-0.000539800465418239,-0.00336223403101332,-0.000925327513325414,0.0764982675141291,0.000216873077850899,-0.00163011664476276,0.000184741386274112,-0.000539800465418239,-2.13883399391435e-05,8.44602409610928e-06,-0.000302556641044838,-0.000487473511413761,-4.66656779352093e-06,-0.00128862128510665,1.0615192467256e-05,-0.000325311391394578,-2.53435580557237e-05,-0.000437763697871851,8.44602409610928e-06,-0.000424734071888366,0.000126515393345628,3.81568990626135e-05,-0.000507211010180697,-0.00122502227369026,-0.00267675694808656,-0.000325311391394578,-0.000425770552529237,-2.13883399391435e-05,9.45868640158665e-05,-2.53435580557237e-05,-0.000968630236879875,-4.3821231192176e-05,6.00497595799609e-05,-0.000551682672825571,-0.000111066553666106,6.30029309345304e-06,-0.000394453380317294,-2.13883399391435e-05,-0.00145935989484958,-0.000137775958259034,6.28558606665663e-05,-5.49819670476737e-05,-0.000133513713810096,-0.00218886105855809,-0.000829751119108657,-2.13883399391435e-05,-0.000439814914700243,-0.00105254038428271,-0.000555104184055466,-0.000496717964447058,-2.53435580557237e-05,7.0223350518539e-05,-0.00241040749234589,9.71949800403493e-05,1.0615192467256e-05,-0.00154483231781821,-0.00482026163399851,-0.000200219547898506,-0.000288956770130078,-0.000941459181217574,-0.000104335602940431,-0.00671124637906484,-0.0107613672949043,-0.000930102834209023,-0.00320351017955467,-4.18880120127696e-05,3.58553596404576e-05,7.27327901861585e-05,-0.00268877021394687,4.5213551974399e-05,7.0223350518539e-05,0.000105190477785122,-0.00068921003558664,-0.000134950525002786,-7.62964950533629e-05,-0.00312684641549055,-0.00106697479958306,-0.000190879691274404,-0.000187352697238907,-0.00151731772401309,-0.00230071237792373,-0.00211741139208765,-7.10044053446879e-05,-0.000852421997036501,-9.2014337728763e-05,0.000149914363014148,4.66561373979602e-06,5.80739983631062e-05,-0.00490485292216114,3.81568990626135e-05,4.28355810431214e-05,-0.00132488544153908
9:12721629:C:T,0.00369963617194902,-6.72404967261286e-06,-0.000198174785631444,-0.0035188064173397,-0.00158643506664458,-0.000374330353678509,-0.00376672603683392,-0.00161744890459703,0.000216873077850899,0.102440648462683,-0.00167767260932195,-0.000452430643662183,-0.000374330353679397,4.03099295809284e-05,-2.73978884237636e-05,-0.00333174923252955,-0.000992556686526314,-1.4880587818844e-05,-0.000126657650558748,-3.44616192222702e-05,-0.0045060037807616,5.32652378506526e-05,-0.00249983120165709,-2.73978884237636e-05,-0.0011377064259035,-0.000307081179706792,-0.000831764774772203,-0.00035780416517639,-1.81994050665324e-05,-0.000229190811412927,-0.0045060037807616,-0.00111997564309263,4.03099295809284e-05,-0.000227384797016228,5.32652378506526e-05,-0.00135245472947165,8.21182879731097e-05,-0.000167435226961388,-0.0029316913380244,-0.000160834679983957,-2.04214467851571e-05,-0.00117016598871267,4.03099295809284e-05,-0.0018881424502295,0.000287976077248508,-0.000149685092472041,0.000119224121008621,-0.00629576985324309,0.00586955667231681,0.000149933366755839,4.03099295809284e-05,-0.000464239274032607,-0.00126729135734749,-0.00100770985814869,-0.00109897760595778,5.32652378506526e-05,-0.000173469507174673,-0.00110646671903325,-0.000235804901445036,-3.44616192222702e-05,-0.000525395863189893,-0.000667038679574627,0.000287976077248508,0.000578968429821636,0.000137876238187395,-0.00560392035030333,-0.00343234960847338,-0.0087935048176373,-0.00617038296014716,-0.00301104020992504,7.56595699362705e-05,-8.8530841801493e-05,-0.000768216668415533,-0.00203929001130554,-0.00011888585331743,-0.000713802537646302,-0.000737054573166418,0.000101015309113883,-0.00205595032638595,0.000155849399113173,-0.00232643103875763,-0.00311315099728393,0.000381843696734663,0.000367816200832038,0.000164420545571531,-0.00621516583818993,-0.0012265207884905,-0.00321829609091573,-0.0014570005261314,-0.00661527343124568,-0.000360522819969233,1.70892765822828e-05,-0.000134315348737424,-0.000524321513362125,-9.59772230375577e-05,-0.000892322618777364,-0.00115670648847743
9:12725277:A:G,-0.00286941348800784,-1.04318111482371e-05,-0.000296788717067287,-0.00146347750425857,0.00102809096011125,-0.000263234421526093,-3.65690395032203e-06,0.000659626508958677,-0.00163011664476276,-0.00167767260932195,0.175847646800822,-0.000949113290839243,-0.000263234421526093,-0.00243700892396959,-4.26642694266732e-05,-0.00193515750759143,-0.000702092308828117,-0.000193436619727372,-0.00357240507502432,-0.00338261404966023,-0.00232010194374244,7.41498488059378e-05,-5.90566814624438e-05,-4.26642694266732e-05,-0.000794518179653814,0.00237142825611869,0.000220087902621735,-1.83457852696023e-05,-0.00699905240731002,-0.00653319629219062,-0.00232010194374244,-0.000947616454881839,5.41772209032843e-05,-0.000334952770187691,7.41498488059378e-05,-0.00377649499359123,-0.00404458090831472,-0.000327908415387768,9.09515478406675e-05,-0.00623969999854612,-0.00301123609537246,-0.00198346439339891,-0.00243700892396959,9.77865359343966e-05,-0.00110342958768239,-0.000824340893838205,0.000166892423693277,-0.00209966919160021,-0.0018573145748606,0.000205261887535002,5.41772209032843e-05,-0.00327270369384181,-0.00354033550302546,-0.00149745602407192,-0.00974212659114571,7.41498488059378e-05,-0.000685144911980906,-0.0014314158206874,-0.000817662982559142,-0.000124652738143105,-0.000337479530793772,-0.00431142251094485,-0.00107832891789617,-0.0027745936056629,-0.00146968788648483,-0.000528960572961701,-0.00156884730856977,-0.00207365544281668,-0.000919380088990174,-0.00204682389439714,-0.000982578496711461,-0.00554771214333183,-0.00244725871962448,-0.00639207120905727,-0.000261583798861764,-0.00237044443512513,-0.00262640617277565,-0.00588057879194004,-0.00368494187499202,0.000214249607467742,0.000136803528285157,-0.00576137399998444,-0.00477431174443765,-0.00104193560307397,-0.00844253931032135,-0.00183484770755094,-0.00239017988209067,-0.0037560241789647,-0.00176837021441134,-0.00069292896193307,-0.0032011772320919,-0.00422338992443372,-0.000194341917843843,-0.000343342767468613,-0.00279243795102069,-0.00196530532179207,-5.59629173491061e-06
9:12725365:C:T,-0.0010197855688947,-5.50571003010702e-06,-0.000165859100300203,-0.00300932110159291,-0.000234325458303708,0.000137118636821754,-4.09343474707669e-05,-0.00138901712702566,0.000184741386274112,-0.000452430643662183,-0.000949113290839243,0.061655638868539,0.000137118636821754,-0.00152628621432083,-2.24299621827129e-05,-0.00307485993816403,-0.00224080202272781,-0.00100905606730173,-0.00114970723132402,-2.82112868328355e-05,-0.000441676431843341,4.53670676803242e-05,-0.00103156414641692,-2.2429962183601e-05,-0.000295609880058834,-3.29853239104949e-05,-8.03561498550209e-05,0.000126832784037134,-0.00387897818095784,-0.00018941290640484,-0.000441676431843341,-0.000225587243678049,3.47764946386775e-05,-0.000191498161902004,4.53670676803242e-05,9.26806249026413e-05,7.08424080899661e-05,-0.000872077016725648,-0.00118214984243004,-0.000131533061586531,-1.67194465339193e-05,-0.000134077934028198,3.47764946386775e-05,-0.00159153725320316,0.00024469102634761,-0.00012608603966946,0.000101121093613266,0.000232318641414153,-0.000461310851966878,0.000128153366220296,3.47764946386775e-05,2.67574461645381e-05,3.25198160933127e-05,9.66144629810373e-06,-0.000611622419468993,4.53670676803242e-05,-0.00059086385979068,-0.000646551731466438,-0.000381759287217953,-2.82112868328355e-05,-0.000882056033466583,-0.00280168342602849,0.00024469102634761,0.000492337233006346,0.000118336681143028,-0.00139095436271486,3.50214685882477e-05,-0.000159053440568435,-0.00293338645241015,0.00027178292398844,-0.00124515457999674,-7.42536785240944e-05,-0.000152266673030255,0.000137210997795734,-9.9126000291605e-05,-0.00479207430777606,-0.000600284103072113,8.62600628765975e-05,0.000236493665261683,0.000132970899968221,-0.000990149335082791,4.96762439299303e-05,0.000325535617482942,-0.00338967250147792,-0.0029265085617185,-0.00237214497238059,0.000192272574204289,0.000118336681143028,0.000264361441849381,-0.00283398365302645,0.000118365291611688,-0.00567534262637093,-0.000113473451466284,-0.00198250391457933,-8.03561498550209e-05,-0.000772739691462299,-5.31918415438426e-05
9:12725593:C:T,1.92790587920655e-05,1.72121292774108e-06,6.12098654766413e-05,-0.000279569965207394,-0.00186141688912578,0.000387328538717924,6.11034516317943e-06,-0.00211959381389004,-0.000539800465418239,-0.000374330353679397,-0.000263234421526093,0.000137118636821754,0.209142109883459,-1.72825075042127e-05,-0.00249200716079123,-0.00025782107907002,-0.00488172262908915,-0.00165585844155913,-0.000139942042957308,8.7668976123112e-06,-0.00237673247561165,-0.00152907442888939,-0.00159049086709384,6.98093790596488e-06,-0.00449852002781981,-0.00117207693223254,3.05331260550545e-05,-0.00177210167588271,-0.00510631976170828,-0.00435679611374518,-0.00237673247561165,-0.00438009874014611,-1.72825075042127e-05,-0.00148236416019021,-0.00152907442888939,-0.00138919282752159,-3.57570885070047e-05,4.79554003662841e-05,-0.00143100274342967,-0.00454375531292328,-0.00257515662065,-0.00385619847025831,-1.72825075042127e-05,-0.000417336809636737,-0.000117387366232791,-0.0034217528778564,-4.53922512333449e-05,-0.000113476507953791,-0.000255805923525365,-0.00124834174845478,-1.72825075042127e-05,-0.00218250741139059,-0.00147877236721872,-0.00733679638538964,-0.00375087002153141,-2.06270696851973e-05,-0.00236783834224141,-0.0126082907480445,-0.00160233691972245,-0.00186416995138483,0.000148045655825157,-0.0102728879064284,-0.000610044974290957,-0.000786554172237608,-0.00136058693839836,-0.00548670828379016,-0.00559142646375266,-0.000419938952597843,-0.000312784440932745,-0.0052635695750789,-0.00284166524620133,-0.00855560730186511,-0.000578153475029097,-0.00853844581712782,-0.00545434642812914,-0.00188488043806512,-6.65281325353817e-05,-0.0035041177216808,-0.00222072335840551,-6.33721085891992e-05,-0.00689220913234845,-0.0146782612273788,-0.00805517828024449,-0.000162336389871953,-0.00173004697146695,-0.000924724816441014,-0.000530343159657498,-0.00253342980191285,4.26402722260022e-05,-1.84665177824783e-05,-0.00362498198213057,-0.0041953595888895,-0.000306792900834907,-0.00275998080936457,3.05331260550545e-05,3.42825286967496e-05,-0.000112587027697231
9:12726681:T:C,4.57570962302256e-05,4.59453442402946e-07,1.55151784619889e-05,2.97653577510104e-05,2.16979051756994e-05,-1.72825075042127e-05,-0.00291139471072732,-0.000875232989662855,-2.13883399391435e-05,4.03099295809284e-05,-0.00243700892396959,-0.00152628621432083,-1.72825075042127e-05,0.0622879513937837,1.86310748429008e-06,1.96087982944348e-05,-0.00112826527156518,-3.72818695026922e-07,-0.00258116320081303,2.33960501017094e-06,3.88719236115165e-05,-5.02408655478348e-06,-9.50523267730929e-05,1.86310748429008e-06,-9.40686195898266e-05,2.44026631888161e-05,7.71484301065328e-06,-1.64086976415234e-05,-0.00156032937180672,-0.00235356673737641,3.88719236115165e-05,-9.34342731282456e-05,-4.12860833698403e-06,1.84589672036495e-05,-5.02408655478348e-06,-0.00148179302658136,-8.51301664450688e-06,1.23552157962337e-05,-0.000158194972115666,-0.00243959103381464,1.39095311180171e-06,-0.00138874343500106,-0.0033259808605024,4.64779057107734e-05,-2.83898267525728e-05,1.24052480936498e-05,-1.110521117198e-05,-2.73041637930405e-05,4.08949210939369e-05,-1.48812358506945e-05,-4.12860833698403e-06,-4.81244388161883e-06,-0.0015909675119854,-0.0014206137647319,-0.00306918502323494,-5.02408655478348e-06,1.39398687064585e-05,-1.05128066998361e-05,1.89874306864013e-05,2.33960501017094e-06,-7.63997289441321e-05,-0.00166267257990427,-0.000653128167792616,-0.000725138071484999,-1.40365615379778e-05,-2.28863543592084e-05,-0.00168860948061589,-0.000104850482081531,3.9974360119821e-05,-0.000697121401203482,-8.0662135033549e-06,-0.00259300791399752,1.4460380717729e-05,-0.00271496128881754,9.21980922008458e-06,1.39398687064585e-05,2.0599886235928e-05,-9.82775557378801e-06,-2.76697720478225e-05,-1.52973346603247e-05,-7.65850726009987e-05,-0.00187106819440075,-3.95704400357744e-05,-3.85997587573073e-05,5.30214948293306e-05,-0.00296922853753578,-0.00147558348441823,-1.40365615370897e-05,-3.20671585942733e-05,-0.00224171092336878,2.85578274414888e-05,-0.00320439733051092,1.14040826559858e-05,-0.00584075482754187,7.71484301065328e-06,-0.00244009466992168,-0.000953309568607175
9:12726929:T:G,-0.00597842099862245,-2.26514956125357e-07,-8.48054358471018e-06,-9.53625919297707e-06,-1.24995246801873e-05,-0.00249200716079123,-1.17278835620738e-06,-0.00291491676992983,8.44602409610928e-06,-2.73978884237636e-05,-4.26642694266732e-05,-2.24299621827129e-05,-0.00249200716079123,1.86310748429008e-06,0.0842335298272534,-3.43391642143587e-06,-0.00266158950813189,7.96006025538532e-08,-3.74688049920024e-06,-1.17236798580223e-06,-2.61414871314258e-05,2.27137522479381e-06,2.06862012674947e-06,-9.29751416300917e-07,-0.0025689561300144,-1.43331826389925e-05,-3.94192323138753e-06,-0.00234731637647112,1.33160988546877e-06,-1.91044994348744e-05,-2.61414871314258e-05,-0.00255025033481449,1.86310748429008e-06,-1.02869572842224e-05,2.27137522479381e-06,4.98716398400489e-06,-5.93017173020627e-05,-0.00554971930049319,7.29560649226357e-06,-6.52058144812173e-06,-6.91299823607494e-07,-0.00244609127891593,1.86310748429008e-06,-3.39604645702707e-05,1.06006904205813e-05,-6.55901922375079e-06,4.78936667658303e-06,1.02689345817808e-05,-2.79640845048945e-05,6.18504468796743e-06,1.86310748429008e-06,-0.00228396195101777,2.28643618171986e-06,-0.00265153441065014,5.48354123264261e-06,2.27137522479381e-06,-7.49452848403109e-06,-0.00176345487316532,-1.06396704335765e-05,-1.17236798580223e-06,-0.00274076172309812,-0.00251453151556902,1.06006904205813e-05,1.74301918560715e-05,5.85795023777536e-06,-0.00258654885465326,-0.00225665095261185,-0.00192142602554579,-0.0028282557469792,-5.27068224362992e-05,3.51331481862616e-06,-0.00180620204201798,-7.8174122313257e-06,7.6145678580275e-06,-4.79234750283553e-06,-7.49452848403109e-06,-0.00160035604418685,4.26139990938879e-06,1.03814632561594e-05,6.34432544455166e-06,-4.01975558430578e-05,-0.00362110061855692,-0.00148154862262828,1.32000593966453e-05,-4.0857296355945e-05,-0.00825434386682922,9.15988431327008e-06,-0.00197057128743694,1.1570607793665e-05,-0.0016686038766327,-1.73827452591979e-05,-0.00243068754286391,-7.08956939927674e-05,-0.00550071965676402,-3.94192323138753e-06,-4.50388659878342e-06,-0.00189048469726494
9:12728786:T:C,-0.00320878896593335,-2.77841243701005e-06,-9.70962155788513e-05,-0.00171052802116467,-0.00025989440805585,-0.00025782107907002,-0.00663932536384948,-0.0033126045781664,-0.000302556641044838,-0.00333174923252955,-0.00193515750759143,-0.00307485993816403,-0.00025782107907002,1.96087982944348e-05,-3.43391642143587e-06,0.181086525660537,-0.00241237511501913,-0.0042066604417208,-2.28144548666265e-05,-1.44401733459532e-05,-0.000355458802458131,-0.0015921323042134,-0.00162521000007132,-0.00201425126867516,-0.00236841796601972,-0.00092628388553706,-0.00168193655919868,-0.00215546256621835,-0.00452743449451543,-0.000133546000625095,-0.000355458802458131,-0.00230192138366636,-0.00254141574737599,-0.000115257026664928,-0.0015921323042134,-9.45756784727081e-05,-0.00339645609970862,-0.00180770172818345,-0.00114525566995738,-1.02406165858326e-06,1.48499855416873e-05,-0.00234273955355402,-5.42593945827008e-05,-0.000122947491743908,-0.000756156283427067,-0.00119059713723324,-9.69561796653196e-05,-0.00287525913911768,-0.00290502009671023,-0.000109026384541799,-0.00254141574737599,-0.000466864064576633,-4.61490684928734e-05,-0.00240624130318068,-0.000655151750282634,-0.0015921323042134,-0.0015248259160483,-3.34398886501219e-05,-0.000119624733766699,-0.00197157613544707,-0.00232197935224665,-0.00956863904839356,-0.00179782280907226,-0.00854612891671991,-0.000209498259642338,-0.00214139947351821,-0.00335529767979192,-0.00474643178634482,-0.000140943539178373,-0.00424890308843118,-6.79358694339882e-05,-0.00163514805733023,-0.000229201814321733,-0.00455482159345078,-0.00107671304418311,-0.0015248259160483,-0.00150639267974029,4.60215554971555e-05,-0.00358400414662174,-0.000191672307959578,3.69941811673158e-05,-0.00470817979984739,-0.00014863097555029,-0.000383116329051525,-0.00253568245524249,-0.00880384622341435,-0.000189923837465855,-0.00299551709635271,-0.00394448709941564,-0.00327739073761268,-0.00127523305527522,-0.00417884772817168,-6.60184433778355e-05,-0.00133553890845128,-0.00601532190502319,-0.00173433825960512,-0.00457174747822009
9:12730119:T:C,-0.000633119173357954,-0.00440447516251741,-0.00568356096012668,-5.6429928220858e-05,-0.000304698526862879,-0.00488172262908915,-0.0021146484234067,-0.000603115702699331,-0.000487473511413761,-0.000992556686526314,-0.000702092308828117,-0.00224080202272781,-0.00488172262908915,-0.00112826527156518,-0.00266158950813189,-0.00241237511501913,0.260607008136379,-0.000336691732831351,-0.0046659912318936,-0.0038209592909304,-0.00604617415042918,-0.00167825833544022,-0.000539891909083767,-0.00742122050781546,0.000499136946700229,0.000326102438705789,-9.76878837759543e-05,-0.00361553432078754,-0.000748079419551129,-0.000422350038535413,-0.00604617415042918,0.000780100421858165,-0.00610274545588219,-0.00328174429507566,-0.00167825833544022,-0.00230103089679812,-0.000226573091151039,-0.000120562866067875,-0.00128123628013688,-0.00081461874436739,-0.00117210064879103,-0.000858049655312332,-0.000226999378121207,-0.0119236861257006,-0.000444225600188197,-0.00570679713316213,0.000119764777534392,-0.000558689724239336,-0.000214195337008061,-0.00064605007464813,-0.00610274545588219,-0.00670873498212643,-0.00289942365999307,-0.000424744966608159,-0.00501081350435184,-0.00118551814556689,-0.00135246630538699,-0.00906837951267603,-0.000390104929249624,-0.000790288196805378,-0.00408089524160093,-0.00409131341525448,-0.00113757450158403,-0.00230893950390154,-0.00185071946456095,-0.00377512286660009,-0.00255088348276322,-0.00817301366137579,-0.00501752980377068,-0.00446986924352677,-0.00162542094602802,-0.00236910277254943,-0.00241005398680816,-0.00151526568421989,-0.00559740239914586,-0.00183931197644505,-0.00278687633136254,-0.00314113880622724,-0.00119279995835342,-0.00152352745499407,-0.00490777006193355,-0.00879373059975164,-0.00402233253033613,-0.00287208714324327,-0.00201879210429734,-0.00609166055719079,-0.00220666077553933,-0.00680594405191304,-0.00704608174293009,-0.00164022890422277,-0.00268404018115831,-0.00177640734859086,-0.000429561490661534,-0.00173244272756357,-0.00188422361451401,-0.00314660600805006,-0.00169833754638615
9:12734492:G:C,-0.000277138958231227,2.53086493984256e-08,-0.00190413106277187,-0.00409060175683784,-0.00165741800293517,-0.00165585844155913,8.87439215446761e-08,-0.000198197122403432,-4.66656779352093e-06,-1.4880587818844e-05,-0.000193436619727372,-0.00100905606730173,-0.00165585844155913,-3.72818695026922e-07,7.96006025538532e-08,-0.0042066604417208,-0.000336691732831351,0.135215046494095,-0.00202752647344706,9.00391361469133e-08,-0.00144797556999077,-4.92893790671189e-07,-4.43672999672629e-07,7.96006025538532e-08,-0.00482825310686152,-0.000981115131725829,-7.32035267958508e-08,-0.0017626717974526,-0.00214430762704687,-1.51895246780498e-06,-0.00144797556999077,-0.0047263547043479,-3.72818695026922e-07,-0.00126590075432098,-4.92893790671189e-07,-1.7552584479219e-06,-0.00259735445058507,-0.000722885290586284,-3.51999560610494e-06,-0.0021868743861635,6.52407941004185e-08,-0.00442856170243111,-3.72818695026922e-07,-0.000862241364036898,-7.52887115229584e-06,-6.53701938801987e-07,-1.61238238405303e-06,-0.00289701731761927,-1.5436323906215e-05,-2.56016557020899e-06,-3.72818695026922e-07,-0.00183444553716949,-0.00241374515387882,-0.000974758330858805,-2.45478462934656e-05,-4.92893790671189e-07,-9.46513841526553e-07,-0.000343494802366173,-0.00138789127090178,9.00391361469133e-08,-0.000250469785584073,-0.00315862868105388,-7.52887115229584e-06,-0.00428026014006821,-2.32266888389177e-06,-0.00155616098231448,-0.00396574597951815,-0.000249856843799634,-2.12108916883835e-05,-0.000670680789981226,-9.71203790278707e-07,-3.55584193201253e-08,-0.00169557462528491,-1.5484369755292e-05,-0.00190252071770391,-9.46513841526553e-07,-0.00268794384523474,-0.000246082995910335,-7.20063827053252e-06,-2.68086003263335e-06,-0.000540873541522657,-0.00169626433176706,-0.000315626599944885,-0.000412518080461055,-0.000610058368403443,-0.0172857546889889,-0.00160061658424393,-0.00252522996156568,-0.00612240696787936,-0.0105088761202889,-0.000785751136189283,-0.00407753213608775,-4.89764191868858e-07,-0.00156115732006601,-0.00254782714025925,-0.00188895858817251,-0.00346380378505717
9:12737281:C:T,-0.000866583133954713,-9.04360552667072e-07,-0.00241598348413152,-5.2894585600427e-05,-0.00562487699568948,-0.000139942042957308,-0.00185714662257386,-0.004233728796597,-0.00128862128510665,-0.000126657650558748,-0.00357240507502432,-0.00114970723132402,-0.000139942042957308,-0.00258116320081303,-3.74688049920024e-06,-2.28144548666265e-05,-0.0046659912318936,-0.00202752647344706,0.162665307200599,-4.73953227331236e-06,-0.00302876788858963,8.4917204210555e-06,-0.00435884386625407,-3.74688049920024e-06,-0.00117167519565031,-0.000859542266675284,-0.00266448666984331,-0.000203407939140199,-0.000545558873697338,-0.00534538080491842,-0.00302876788858963,-0.00103960563978234,6.94723931715657e-06,-0.00365622413120281,8.4917204210555e-06,-0.00500963561851009,-0.00176942239393707,-0.00132600603632849,-0.0049184225347414,-0.00558179256577063,-2.77721090036209e-06,-0.0007701247857268,6.94723931715657e-06,-0.00299995116104768,-0.000829723190954645,-2.7027811997371e-05,1.73323417635984e-05,3.32926823611857e-05,-0.000129684289885468,-0.00275666185785362,6.94723931715657e-06,-0.000275772353565351,-0.00468386999598014,-0.000732739763318335,-0.000504976463741258,-0.00522261867068075,-3.12541771965158e-05,-0.00436480531870842,-0.00125228314515002,-4.73953227331236e-06,-0.000223566784300466,-0.000479109896706298,3.40790456476725e-05,-0.000858244447823786,-0.00564683643452657,-1.64049531177213e-05,-0.00263810336159587,-0.00227530581196245,-0.000486058132352696,-0.0002648607761504,-0.000125623101168593,-1.48121450216365e-05,-3.27279023135674e-05,-0.0014204473776056,-0.00174483640191969,-0.00282896786491715,-0.000263413595900985,1.54917190204884e-05,-0.00127484069385275,-0.00297468158740966,-0.000434926344450304,-0.00384118331527494,-0.00128555218449655,-0.00897527578132618,-0.00435639421146661,-0.000612225439760916,-0.00546674672075653,-2.54968527464428e-05,-8.04120084012538e-05,2.54689197198843e-05,-0.000675861209251671,-0.00801602887595809,-2.43640511117249e-05,-0.00141734823500439,-0.00266448666984331,-5.20309880123193e-05,-0.00145595090746742
9:12738022:C:T,-0.00265603131349312,-2.85601567284743e-07,-0.0018723227635391,-2.35931092484876e-05,-0.00162915271659259,8.7668976123112e-06,-0.00209790439674418,-0.00161419202641611,1.0615192467256e-05,-3.44616192222702e-05,-0.00338261404966023,-2.82112868328355e-05,8.7668976123112e-06,2.33960501017094e-06,-1.17236798580223e-06,-1.44401733459532e-05,-0.0038209592909304,9.00391361469133e-08,-4.73953227331236e-06,0.100475801472334,-3.28935258213647e-05,2.85442108349798e-06,2.58858786494898e-06,-1.17236798580223e-06,-0.00355555878035663,-1.80281564778895e-05,-0.00180595192219624,8.35474226779098e-06,1.64585113537896e-06,-0.00250817996368813,-3.28935258213647e-05,-0.00352053448224066,2.33960501017094e-06,-1.2938289682296e-05,2.85442108349798e-06,-0.00182761308334278,4.65333963894921e-06,-8.35808336940858e-06,9.16395855909968e-06,-0.00241241687257876,-8.71670333246755e-07,-0.00670339361645489,-0.00199935191801082,-0.00640720702792308,1.33251346223773e-05,-8.24917978103912e-06,6.02044650488409e-06,1.29067238807679e-05,-3.51758364391941e-05,7.77187264944246e-06,2.33960501017094e-06,2.5885878640608e-06,-0.00194682273645785,-0.00370679605492352,6.86448832798447e-06,2.85442108349798e-06,-9.42896301836527e-06,-0.000122058048521723,-1.33831130524342e-05,-1.4783337469737e-06,-3.19623564823956e-05,-0.00240092974596084,1.33251346223773e-05,2.19116451258827e-05,-0.00264685663509123,-0.00549280360726367,-0.00232481965505915,-0.0076699108296383,-0.00277926427275954,-0.000180171262869955,4.41120369920611e-06,-4.61503013227116e-06,-9.83619880923214e-06,-0.00246564356630508,-0.000448295927050424,-0.00292375051487159,-1.47655349689302e-05,5.35469331097715e-06,1.30486525975471e-05,7.97275796582397e-06,1.71339254171343e-05,4.69983489281844e-06,1.68938798781326e-05,1.65903870010808e-05,-5.13863566986572e-05,-0.00428752940565857,-0.0025064124305203,7.35930696116327e-06,-0.0016081898544007,-0.00139887043865006,-0.000761052031966969,-2.36036260510275e-05,-7.49601251381904e-06,-0.00407953605023437,-4.96022646601091e-06,-5.66896171161346e-06,-0.00272504140002017
9:12738892:T:G,-0.00269460705782976,-6.40870826362772e-06,-0.000191453061952451,0.000925204447115746,-0.00223473285057985,-0.00237673247561165,-4.95561913282927e-05,-0.00694694170037025,-0.000325311391394578,-0.0045060037807616,-0.00232010194374244,-0.000441676431843341,-0.00237673247561165,3.88719236115165e-05,-2.61414871314258e-05,-0.000355458802458131,-0.00604617415042918,-0.00144797556999077,-0.00302876788858963,-3.28935258213647e-05,0.130844820251413,5.11599890105074e-05,-0.0014661418120463,-0.00146661339529253,-0.00412014111976022,-0.000298180739481957,-0.00116826364147027,-0.0024965622170896,-0.00288562502605672,-0.000533259161601407,0.0027883528350765,-0.00424427682814876,-0.00195854589466915,-0.000220137793036201,5.11599890105074e-05,-0.00238655569476531,7.90878364886893e-05,-0.000161304576761445,-0.00160211869673965,0.000173974033388369,-1.94778050861544e-05,-0.00320170456993951,-0.000172625014834615,-0.000195400830390824,0.000273945300249601,-0.000144487410789651,0.000114090459692129,0.000259837931801954,-0.00408284540351289,-0.00204216044534,-0.00195854589466915,-0.00268203039013226,-0.00257100296667634,-0.0030609220526614,-0.000106718717252541,5.11599890105074e-05,-0.000167496344583462,-0.00304118867816339,-0.000228333064002051,-0.00142761589335372,-0.000677018046959965,-0.00299774261652708,-0.00136548981797446,0.000544426733439352,0.000132345620136753,-0.000412876972248455,-0.00931797567430337,-0.00147192624719761,0.000170806625352071,-0.00909805959715904,-0.00167409698142329,-8.5175092544354e-05,-0.00229403568144892,-0.00243860391779638,-0.000256538229382208,-0.000167496344583462,-0.000253594435536186,9.69320522203887e-05,-0.00241109876604018,-0.00225546720475123,-0.00213346906399536,-0.00159060960905233,-0.00206739693560909,3.42639115213927e-05,-0.000558267736838758,-0.000249233637586777,1.17512636936823e-05,-5.00119809938582e-05,-5.44560398108018e-06,-0.00102129232363524,-0.00189528739193534,-0.000864816293542958,-0.000129647465092475,-0.00139718201428707,-9.23336594000901e-05,-0.00122819928008155,-0.000663850998306792
9:12739695:T:C,6.12028735069714e-05,5.58912898185326e-07,1.94422460957355e-05,-0.00163876242559535,2.75162103093862e-05,-0.00152907442888939,-0.00152663368133243,-0.0018183945318837,-2.53435580557237e-05,5.32652378506526e-05,7.41498488059378e-05,4.53670676803242e-05,-0.00152907442888939,-5.02408655478348e-06,2.27137522479381e-06,-0.0015921323042134,-0.00167825833544022,-4.92893790671189e-07,8.4917204210555e-06,2.85442108349798e-06,5.11599890105074e-05,0.0643804884886938,-5.88533714829254e-06,2.27137522479381e-06,-0.0016538273469342,3.11363763589867e-05,9.53596467745399e-06,-1.96170940718332e-05,-0.00535115385031837,2.03285579063461e-05,5.11599890105074e-05,-0.00163673818868748,-5.02408655478348e-06,-0.00444432074707102,0.000367100882473714,-1.42617242602228e-05,-1.0289206679559e-05,1.53701203799983e-05,-2.16137987889553e-05,1.31112156518398e-05,1.69450634412982e-06,-0.00157387472428372,-5.02408655478348e-06,6.22285626485919e-05,-3.33176077056407e-05,1.54741757896204e-05,0.00036338394363522,-3.20964504529897e-05,5.41103380031771e-05,-1.78013482550199e-05,-5.02408655478348e-06,-5.88533714740436e-06,-6.45774370688912e-06,-0.00163716377834078,-0.00551518922088245,-0.00109475040934992,1.74265591850187e-05,-0.00494720785205072,2.3969296065296e-05,2.85442108349798e-06,-0.00198164645908516,-0.00139778437742066,-3.33176077056407e-05,-6.97643812328508e-05,-1.68180845845356e-05,7.516664080498e-05,-0.00137813915522855,-0.00126363655954886,-5.9589195385179e-05,8.16852918434918e-05,-9.75992493046363e-06,8.92194438861793e-06,-0.00214414959288867,-0.0053613860805406,1.14177683450123e-05,1.74265591850187e-05,2.60746564020309e-05,-1.1842850468291e-05,-3.25080193217531e-05,-1.82849292738041e-05,-0.00122377277148633,-0.0014391889864882,-4.57986557673706e-05,-4.47350790846457e-05,7.24613316949174e-05,-0.00176611056727971,-0.00579003340014594,-1.68180845836474e-05,-3.74723808320709e-05,-0.00192285642566858,3.67604289106538e-05,-4.36362595479522e-05,1.42063080241783e-05,3.26781703661183e-05,9.53596467745399e-06,1.07837707066238e-05,-0.000686278982423794
9:12740305:T:A,-0.000295411340940355,5.15332678752145e-07,1.53111994185551e-05,-0.000531685520725134,2.00258410005816e-05,-0.00159049086709384,-0.00129099428075286,-0.000238389862369015,-0.000437763697871851,-0.00249983120165709,-5.90566814624438e-05,-0.00103156414641692,-0.00159049086709384,-9.50523267730929e-05,2.06862012674947e-06,-0.00162521000007132,-0.000539891909083767,-4.43672999672629e-07,-0.00435884386625407,2.58858786494898e-06,-0.0014661418120463,-5.88533714829254e-06,0.177372344712537,-0.00485722645136377,-0.000674441271902193,-0.00101498197331917,8.18402148361486e-06,-5.6079613227844e-05,-0.000372163584997587,-0.00319025123010608,-0.0014661418120463,-0.00069012759041831,-0.00398111138142898,1.76563388123441e-05,-5.88533714829254e-06,-0.0032608229068698,-1.02310618972368e-05,1.25793128118445e-05,-0.00403962904257593,-0.0034469705976834,-0.00218573763358609,-0.000860663898492486,-0.00282847374918482,-7.81710272512726e-06,-3.81330599967811e-05,1.26138467466674e-05,2.8137131732997e-05,-3.65138597597792e-05,-0.00266304766978287,-0.00299610544602924,-0.00398111138142898,-3.05698437816915e-05,-0.00348952372539824,-0.00191186101386798,-0.000232787210768137,-0.00143024718508133,-0.00169412315050366,-6.70509170719313e-05,-0.00142769533508336,-0.00221925253158339,-0.00196996794641624,-0.00464904117794074,-0.00431346195489724,-0.00168440785848301,-0.00151037092495443,-0.0200286890202657,-0.00637696346114192,-0.000641742903592757,-7.81342495441706e-05,-0.000118394373396669,-0.00575150277611769,7.69349610774128e-06,-0.000163318668032986,-0.00340544558735534,9.65450284429181e-06,-0.00576076719646146,-0.00162486687289753,-0.000264631422252748,-0.00353968227890888,-1.91559619056036e-05,-0.00551160360013725,-0.000677643758343116,-0.00251667101892661,-5.45424461080302e-05,-0.00243877591067854,-0.00382864211202305,5.18263740278968e-06,-0.00169861601694876,-0.00136120139536633,-0.00604543687085712,2.41412780166428e-05,-0.00515411544569844,1.17036978268814e-05,-0.00902887086583082,-0.00245678567346541,-0.00194011117711312,-0.000112913671480364
9:12740573:T:C,-0.00172027719374324,-2.26514956125357e-07,-0.0019155824548216,-0.00196187862333996,-1.24995246801873e-05,6.98093790596488e-06,-0.00221338949978289,-0.00682132371081856,8.44602409610928e-06,-2.73978884237636e-05,-4.26642694266732e-05,-2.2429962183601e-05,6.98093790596488e-06,1.86310748429008e-06,-9.29751416300917e-07,-0.00201425126867516,-0.00742122050781546,7.96006025538532e-08,-3.74688049920024e-06,-1.17236798580223e-06,-0.00146661339529253,2.27137522479381e-06,-0.00485722645136377,0.134106056581843,-0.00761643195208705,-1.43331826389925e-05,-3.94192323227571e-06,6.65434630864326e-06,-0.00198653683720273,-0.002549488285295,-0.00146661339529253,-0.00766835900342855,-0.00202820712941421,-1.02869572842224e-05,2.27137522479381e-06,4.98716398400489e-06,3.70528725834873e-06,-0.00194912123479352,-0.00441923386980303,-0.00245463621323605,-6.91299823607494e-07,-0.00795979258051105,1.86310748429008e-06,-3.39604645702707e-05,1.06006904196931e-05,-6.55901922375079e-06,4.78936667658303e-06,1.02689345808926e-05,-2.79640845048945e-05,-0.00171870418220887,-0.00202820712941421,2.06862012674947e-06,2.28643618083169e-06,-0.00749736980940874,-0.00364236056792588,2.27137522479381e-06,-7.49452848403109e-06,-0.00225516758455946,-1.06396704335765e-05,-1.17236798580223e-06,-0.00168180976078958,-0.00103917829311495,1.06006904196931e-05,-0.0010535503885345,5.85795023777536e-06,-4.4131856749452e-05,-3.18163549621886e-05,-0.00234935827396754,1.59450111105741e-05,-0.0104294640775127,-0.00251335292966282,-3.66819194308476e-06,-7.81741223221388e-06,-0.00285733450131076,-0.00191093264672659,-0.00296558393952928,-0.00160035604418596,4.26139990938879e-06,1.03814632561594e-05,6.34432544455166e-06,1.36363706824127e-05,-0.0024798232887564,1.34406046363722e-05,-0.00290322742916782,-0.000628734242152262,-0.00185092967732015,9.15988431327008e-06,5.85795023866353e-06,-0.000151841541671693,-0.00166860387663359,-0.000802139259983292,-0.00189207373748168,-5.96171788025401e-06,-0.00435445838838255,-3.94192323227571e-06,-4.50388659878342e-06,-0.00118523374031199
9:12742338:C:A,-0.000925689134807506,-0.00431215952287989,-0.0056842220977078,-9.28498467858141e-05,-9.99718157661533e-05,-0.00449852002781981,-0.000163668361954361,0.000720108381927265,-0.000424734071888366,-0.0011377064259035,-0.000794518179653814,-0.000295609880058834,-0.00449852002781981,-9.40686195898266e-05,-0.0025689561300144,-0.00236841796601972,0.000499136946700229,-0.00482825310686152,-0.00117167519565031,-0.00355555878035663,-0.00412014111976022,-0.0016538273469342,-0.000674441271902193,-0.00761643195208705,0.261896668268309,3.24150613417729e-05,-5.24325974087247e-05,-0.00332711170120126,-0.000203947350442046,-0.00051947096977889,-0.00412014111975934,-0.000725122726359828,-0.00629842098835276,-0.00540807086381268,-0.0016538273469342,-0.00195170273409584,-0.000176572433105981,-0.000197069049352905,-0.00150777010682424,-0.000916489897031525,-0.00121130311770212,-0.0103953168490367,-0.00020026699597242,0.000553497365087363,-0.000135135745031434,-0.00582040117439409,5.71426139108766e-05,-0.0023825080402089,-0.000359295220472067,-0.00302975132583949,-0.00629842098835276,-0.00629787737360532,-0.0026028302586294,-0.00482877289458816,-0.00393653489939183,-0.00125032349785137,-0.00282137241780944,-0.00653921383115419,-0.000160978920253463,-0.000834747348562814,-0.00464555124978006,-0.00728592174895626,-0.00116591660215004,-0.00260779152909763,-0.00190632541481017,-0.00856670007440519,-0.0030610712606669,-0.00321346171079151,-0.00437203433591149,-0.003540991112434,-0.000207894426915267,-0.00245237621123895,-0.00407961451487004,-0.00196756000250975,-0.0056046799792977,-0.00180363583646947,-0.00272721602763681,-0.00161839408713682,-0.00231787672787931,-0.00158680408985035,-0.00468601384950684,-0.00761105086718583,-0.00380931582855881,-0.00402210118890389,-0.00120064925802943,-0.0062936331335548,-0.00368467896316904,-0.00588903431210008,-0.00836242677810395,-0.00141126419614235,-0.00260921322524066,-0.00177693287963221,-0.000132404771477468,-0.00163644131690566,-0.00196277732424299,-0.00503261439939084,-0.00116345773678628
9:12742795:A:G,1.18271239317735e-05,-3.51791426478343e-06,-0.000110773849264945,-0.000942997818122571,-0.000157124220372395,-0.00117207693223254,-0.000934535944820958,-8.16597439206035e-05,0.000126515393345628,-0.000307081179706792,0.00237142825611869,-3.29853239104949e-05,-0.00117207693223254,2.44026631888161e-05,-1.43331826389925e-05,-0.00092628388553706,0.000326102438705789,-0.000981115131725829,-0.000859542266675284,-1.80281564778895e-05,-0.000298180739481957,3.11363763589867e-05,-0.00101498197331917,-1.43331826389925e-05,3.24150613417729e-05,0.0592895886197913,-5.36171468681346e-05,-0.0010329602777821,2.39919897992991e-06,-0.000123687346870405,-0.000298180739481957,-1.98524859680305e-05,2.44026631888161e-05,-0.000129386941645215,3.11363763589867e-05,6.60705009369877e-05,-0.00132090695988563,-9.12104805088632e-05,-0.00120432015270389,-8.41032513960727e-05,-1.06837027846751e-05,-0.00010385776673516,2.44026631888161e-05,0.000272677669521215,-0.00361102716928041,-8.51216320478798e-05,6.88250829190551e-05,0.000158976259100108,-0.00031291380167886,8.83716124402412e-05,2.44026631888161e-05,-0.00103388905020374,2.54356541669054e-05,-0.000356435659170984,5.90189097566807e-05,3.11363763589867e-05,0.000295332389674385,-0.000786178345985711,0.000639963821513767,-1.80281564778895e-05,-0.00132807224037279,-0.00557721134756939,0.000166641291448499,0.000334197964722449,8.22007328267205e-05,-0.00107959992864437,-0.00396054705485671,-0.00217851130197744,-0.000802089673150874,0.000412293569680422,4.6345709258766e-05,-0.000959410422151308,-0.000571496846138331,9.14950361945444e-05,-6.56707388637656e-05,-9.77048331671782e-05,-0.00104829983101506,-0.00501935052910785,0.000161562870202303,9.13997691833757e-05,-0.0010801601757624,-0.00438484580349652,-0.00174632641473149,-0.000268936728389235,-0.000426642058974913,-0.00163288912741022,-0.00119885436353062,8.22007328267205e-05,-0.00340415358880897,-0.000802843353840288,-0.000206342803633852,-0.00401071361568839,-7.69895588481617e-05,1.19196648418196e-05,-0.00067153102255002,-0.000725308765598953,-0.00246373354216356
9:12745302:A:G,-0.00143571371725582,-9.66290887305377e-07,-3.30967092638801e-05,-0.00164699604481022,0.000278422482247187,3.05331260550545e-05,-5.39310662617254e-06,-9.52346090246081e-05,3.81568990626135e-05,-0.000831764774772203,0.000220087902621735,-8.03561498550209e-05,3.05331260550545e-05,7.71484301065328e-06,-3.94192323138753e-06,-0.00168193655919868,-9.76878837759543e-05,-7.32035267958508e-08,-0.00266448666984331,-0.00180595192219624,-0.00116826364147027,9.53596467745399e-06,8.18402148361486e-06,-3.94192323227571e-06,-5.24325974087247e-05,-5.36171468681346e-05,0.0621742462942416,2.88790144313822e-05,-0.00252792228354615,-3.56767493672194e-05,-0.00116826364147027,-6.90990194778252e-05,7.71484301065328e-06,-3.94381423136636e-05,9.53596467745399e-06,2.12094308551514e-05,1.56391736005901e-05,-2.64723994893856e-05,3.21417735795748e-05,-2.33129139912691e-05,-2.9370039582588e-06,-9.96981972578581e-05,7.71484301065328e-06,-0.000897807490753522,4.96002809988738e-05,-2.57896781246103e-05,2.07294228831145e-05,4.76877055426428e-05,-0.000916909043388259,2.70479430177772e-05,7.71484301065328e-06,8.18402148272668e-06,9.1614120156791e-06,-0.000177278180474971,-0.00236544809793049,9.53596467745399e-06,-2.93689086134918e-05,-0.000437006808647666,-4.07309218344309e-05,-0.00180595192219624,-0.00138177322296151,-0.00293032116465763,4.96002809988738e-05,9.66743344195109e-05,-0.00217250202826857,-0.00014770624146454,-0.00256229530355334,-5.57719896869813e-05,-0.00192806657658462,-0.000208896509971801,-0.00232678893551608,-1.48014111820416e-05,-3.05945586243084e-05,-0.00645438744445936,-0.00156158163888342,-0.00131756642929926,-4.47168036217249e-05,1.8234182858734e-05,4.83335198318002e-05,2.78383291414386e-05,6.6764656649454e-05,-0.00389212260095384,6.61790975522436e-05,6.45528988139077e-05,-0.000135747700913846,-0.000533022930167881,-0.00215751954445054,-0.0021360656013556,-0.00245885523253175,-0.00147398229703377,-0.000157044336529744,-0.000610424598061599,-2.3481808076653e-05,-0.00164950397006258,-1.58984600471257e-05,-0.00299765525327444,0.00019197227176182
9:12746401:C:T,-0.000516865432306446,1.64183711337529e-06,5.75967951714773e-05,-0.000374393936464656,-2.05268828779026e-06,-0.00177210167588271,-0.00228202684159928,-0.00119927711592327,-0.000507211010180697,-0.00035780416517639,-1.83457852696023e-05,0.000126832784037134,-0.00177210167588271,-1.64086976415234e-05,-0.00234731637647112,-0.00215546256621835,-0.00361553432078754,-0.0017626717974526,-0.000203407939140199,8.35474226779098e-06,-0.0024965622170896,-1.96170940718332e-05,-5.6079613227844e-05,6.65434630864326e-06,-0.00332711170120126,-0.0010329602777821,2.88790144313822e-05,0.23415260883068,-0.00401774822459,-0.00639837977687119,-0.00249656221708872,-0.00322480044375872,-1.64086976415234e-05,6.890530025494e-05,-1.96170940718332e-05,-0.00149370869614529,-3.40388913970813e-05,4.52998254498738e-05,-0.00153448518114541,-0.00666918377470971,-0.00243039711473791,-0.00279782192085953,-0.00292698789831025,5.93062893905483e-05,-0.000113010409944714,-0.00353189264754228,-4.33335279588221e-05,-0.000109178086301398,-0.000239525311657829,-0.00135241575917799,-1.64086976415234e-05,-0.00151512411584687,-0.00158451541853033,-0.00585192148919766,-0.00466200014048557,-1.96170940718332e-05,-0.00247839035720521,-0.00612695134346808,-0.00146163113465558,-0.00197167575796442,-0.00166137150423129,-0.0126675083113517,-0.000712228099078338,-0.00118500676372424,-0.00309484855453768,-0.00579606606601057,-0.00694970170819298,-0.002213122560764,-0.000305072435163645,-0.00705245241193619,-0.00269517395587027,-0.00804418628055092,-0.000392519847864037,-0.00970411191941434,-0.00701957559237076,-0.00174282040076168,-4.25611896632816e-05,-0.00335744197018251,-0.00242840844860304,-6.06037990005248e-05,-0.0092521024419705,-0.0150427798826369,-0.0098215079585966,-0.00269706438626294,-0.00143260915109522,-0.00308068605399292,-0.00484769537584206,-0.00250179997618716,-0.00104812291529122,-7.61826887396566e-05,-0.00494310362485084,-0.00713164869201854,-0.000164237619679319,-0.00431566657658244,2.88790144313822e-05,3.24207802044896e-05,-0.000164346245687952
9:12748191:A:C,-0.000100478493854084,1.20749975796031e-06,-0.00391654109501971,-0.000416513073683511,-0.00843667771125745,-0.00510631976170828,-0.00171998902783876,-1.71204868597563e-05,-0.00122502227369026,-1.81994050665324e-05,-0.00699905240731002,-0.00387897818095784,-0.00510631976170828,-0.00156032937180672,1.33160988546877e-06,-0.00452743449451543,-0.000748079419551129,-0.00214430762704687,-0.000545558873697338,1.64585113537896e-06,-0.00288562502605672,-0.00535115385031837,-0.000372163584997587,-0.00198653683720273,-0.000203947350442046,2.39919897992991e-06,-0.00252792228354615,-0.00401774822459,0.236936083427652,-0.00231411484730337,-0.00288562502605672,-0.000240169991541084,-0.00156006699798361,-0.00234047557846129,-0.00535115385031837,-0.0033471516976471,-0.00167354527506269,-0.00104207843568016,-0.0002080866778158,-0.00210043475215116,1.00954766057981e-06,-0.000543878617390359,-0.00270745990790111,-0.00382797348113861,-0.000783599008112645,5.50429114909434e-06,-1.1113341517266e-05,-0.00132437024988619,-0.00336068199348727,-0.00019815888943242,-0.00156006699798361,-0.00222916866726397,-0.00357880581182801,-0.00198332191170225,-0.00842273246030256,-0.00535115385031837,-8.58944090671443e-05,-0.00609679546631536,4.9433997855175e-06,-0.00212816190423748,-0.000922989051413303,-0.00320862382331111,-3.8140478374693e-05,-7.67660444642715e-05,-0.000162034500212016,5.6215877832777e-05,-0.00147258290583485,-0.00166511489109711,-0.00091131151082724,-0.0177525668642646,-0.00114371606480113,-0.00251911768225899,-0.000191085694366322,-0.00128831044802613,-7.29132764298868e-06,-0.0059663005388142,-0.00742732924363487,-0.0032744723249083,-0.000437847990795603,-0.00267246302706514,-0.00820668641930311,-0.0127788587232192,-0.000362063222845599,-5.58528353282739e-05,-0.000596135929685992,-0.00242429262384025,-5.04928178557407e-05,-0.00116156351784458,-0.00430937686535326,-0.0004089911176548,-0.000714375328838557,-0.00217844189575533,5.3614031978455e-06,-0.0119562225240095,4.37298808453335e-06,-0.0083116107013641,-0.00129878743947831
9:12748486:A:G,-0.0015565141740268,-0.00427109854298369,-7.5685481589538e-05,-0.000188239546992541,-0.000109801032746937,-0.00435679611374518,-0.00810273772466985,-4.93953179114826e-06,-0.00267675694808656,-0.000229190811412927,-0.00653319629219062,-0.00018941290640484,-0.00435679611374518,-0.00235356673737641,-1.91044994348744e-05,-0.000133546000625095,-0.000422350038535413,-1.51895246780498e-06,-0.00534538080491842,-0.00250817996368813,-0.000533259161601407,2.03285579063461e-05,-0.00319025123010608,-0.002549488285295,-0.00051947096977889,-0.000123687346870405,-3.56767493672194e-05,-0.00639837977687119,-0.00231411484730337,0.15529536109482,-0.000533259161601407,-0.000454772596844233,-0.00211593781600516,-8.97650211522105e-05,2.03285579063461e-05,4.36324631811758e-05,3.26659400542439e-05,-0.00160290217799641,-0.00220451623897588,0.00235381731388085,-6.73968516640144e-06,-0.000350804108810276,4.35680793096083e-05,-0.00601266858289851,-0.00133419918331601,-5.79062941561403e-05,4.38521142447357e-05,9.71573122008351e-05,-0.000607085456405976,-0.000137188907126884,-0.00211593781600516,-0.00628875988198807,1.81456024259674e-05,-0.00198947958519646,-0.000269715718990149,2.03285579063461e-05,-6.65744763885812e-05,-0.000514419612946959,-9.29658690607127e-05,-4.79120173464409e-05,0.000132798446990989,-0.0049875360141014,0.000101020445168132,-0.00368010986962641,-0.001873598355429,2.54011003235632e-05,-0.00275976471871031,-0.00240302449209784,-0.00785381906679383,-0.00418662149032212,-0.00209006779870524,-3.3081310597538e-05,-0.00136835310166017,-0.000574758982092582,-0.00270281218180912,-6.65744763885812e-05,-0.00129011011846281,-0.000216076118499942,-0.00165878278988707,5.80361169273402e-05,-0.00383984139348659,-0.00316686378556819,0.000131369537655246,-0.00158621425778538,-0.000814439141772816,-0.00256651068198721,-0.00397412524893159,-0.00433422607312828,-0.000282376126357065,-0.000593753072548608,-0.00548454164157608,-0.00538228027085363,-5.23587711978024e-05,-0.00090408544327758,-3.56767493672194e-05,-7.78783775245984e-05,-0.00160489852735157
9:12748972:C:T,-0.00269460705782976,-6.40870826362772e-06,-0.000191453061952451,0.000925204447115746,-0.00223473285057985,-0.00237673247561165,-4.95561913282927e-05,-0.00694694170037025,-0.000325311391394578,-0.0045060037807616,-0.00232010194374244,-0.000441676431843341,-0.00237673247561165,3.88719236115165e-05,-2.61414871314258e-05,-0.000355458802458131,-0.00604617415042918,-0.00144797556999077,-0.00302876788858963,-3.28935258213647e-05,0.0027883528350765,5.11599890105074e-05,-0.0014661418120463,-0.00146661339529253,-0.00412014111975934,-0.000298180739481957,-0.00116826364147027,-0.00249656221708872,-0.00288562502605672,-0.000533259161601407,0.130844820251411,-0.00424427682814876,-0.00195854589466915,-0.000220137793036201,5.11599890105074e-05,-0.00238655569476531,7.90878364886893e-05,-0.000161304576761445,-0.00160211869673965,0.000173974033388369,-1.94778050861544e-05,-0.00320170456993951,-0.000172625014834615,-0.000195400830390824,0.000273945300249601,-0.000144487410789651,0.000114090459692129,0.000259837931801954,-0.00408284540351289,-0.00204216044534,-0.00195854589466915,-0.00268203039013226,-0.00257100296667634,-0.0030609220526614,-0.000106718717252541,5.11599890105074e-05,-0.000167496344583462,-0.00304118867816339,-0.000228333064002051,-0.00142761589335372,-0.000677018046959965,-0.00299774261652708,-0.00136548981797446,0.000544426733439352,0.000132345620136753,-0.000412876972248455,-0.00931797567430337,-0.00147192624719761,0.000170806625352071,-0.00909805959715904,-0.00167409698142329,-8.5175092544354e-05,-0.00229403568144892,-0.00243860391779638,-0.000256538229382208,-0.000167496344583462,-0.000253594435536186,9.69320522203887e-05,-0.00241109876604018,-0.00225546720475123,-0.00213346906399536,-0.00159060960905233,-0.00206739693560909,3.42639115213927e-05,-0.000558267736838758,-0.000249233637586777,1.17512636936823e-05,-5.00119809938582e-05,-5.44560398108018e-06,-0.00102129232363524,-0.00189528739193534,-0.000864816293542958,-0.000129647465092475,-0.00139718201428707,-9.23336594000901e-05,-0.00122819928008155,-0.000663850998306792
9:12750812:C:T,-0.000762559134204643,-0.00429507036463317,-0.0057354729305521,-4.68362867733774e-05,-0.000153315454435976,-0.00438009874014611,-0.000591231878901866,0.000267522013742916,-0.000425770552529237,-0.00111997564309263,-0.000947616454881839,-0.000225587243678049,-0.00438009874014611,-9.34342731282456e-05,-0.00255025033481449,-0.00230192138366636,0.000780100421858165,-0.0047263547043479,-0.00103960563978234,-0.00352053448224066,-0.00424427682814876,-0.00163673818868748,-0.00069012759041831,-0.00766835900342855,-0.000725122726359828,-1.98524859680305e-05,-6.90990194778252e-05,-0.00322480044375872,-0.000240169991541084,-0.000454772596844233,-0.00424427682814876,0.267348278644091,-0.00633260649019629,-0.00540710732437777,-0.00163673818868837,-0.00365657123995788,-0.000208312418099155,-0.000146693305359769,-0.00150424675552463,-0.000828404344479505,-0.00116742881204868,-0.00848997072029611,-0.000216898505913221,0.000419267643660515,-0.000158191627344095,-0.00573231048299849,7.42317721567076e-05,-0.00251846064533812,-0.000342142732786321,-0.00306838672881415,-0.00633260649019629,-0.00619734373718561,-0.00447096181505513,-0.00348430458063032,-0.00407587477978222,-0.00125001023247151,-0.00283259885434006,-0.00645857429949581,-0.000195276010091838,-0.000786932268977303,-0.00453461893066764,-0.0076885907006421,-0.00595174275147947,-0.00259021601094211,-0.00182553284699294,-0.00885912246833254,-0.00325260557068408,-0.00310546377313559,-0.00424726342864679,-0.00378233613475842,-0.000203176812400674,-0.00244619238356236,-0.0040750477783833,-0.00203244997633734,-0.00566803466811816,-0.00179734319322478,-0.00285580117655204,-0.00162013736809552,-0.00237321837004068,-0.00154732309104411,-0.00456755441123402,-0.00789482500911953,-0.00380985575667347,-0.00408960815826553,-0.00125931910160304,-0.00586730807145619,-0.00355788807421842,-0.0059263045055209,-0.00828147982539607,-0.00134101724192659,-0.00263454871954671,-0.00173197246831558,-0.000149286154311312,-0.00137429394757804,-0.00189448032979556,-0.00493931733622421,-0.00110184061509822
9:12753820:G:A,4.57570962302256e-05,4.59453442402946e-07,-0.00244798323625339,-0.00247150939130414,2.16979051756994e-05,-1.72825075042127e-05,-0.00180206350672929,-0.00560422116644865,-2.13883399391435e-05,4.03099295809284e-05,5.41772209032843e-05,3.47764946386775e-05,-1.72825075042127e-05,-4.12860833698403e-06,1.86310748429008e-06,-0.00254141574737599,-0.00610274545588219,-3.72818695026922e-07,6.94723931715657e-06,2.33960501017094e-06,-0.00195854589466915,-5.02408655478348e-06,-0.00398111138142898,-0.00202820712941421,-0.00629842098835276,2.44026631888161e-05,7.71484301065328e-06,-1.64086976415234e-05,-0.00156006699798361,-0.00211593781600516,-0.00195854589466915,-0.00633260649019629,0.112188792400441,1.84589672036495e-05,-5.02408655478348e-06,-1.18492150305016e-05,-8.51301664450688e-06,1.23552157962337e-05,-0.0035617778677981,-0.00203004240028193,1.39095311180171e-06,-0.00656978077492631,-4.12860833698403e-06,4.64779057107734e-05,-2.83898267525728e-05,1.24052480936498e-05,-1.110521117198e-05,-2.73041637930405e-05,4.08949210939369e-05,-0.00133225815406224,0.00010221267999011,-4.81244388161883e-06,-5.29123626158423e-06,-0.00612668863230237,-0.00306918502323494,-5.02408655478348e-06,1.39398687064585e-05,-0.00282839080715469,1.89874306864013e-05,2.33960501017094e-06,-0.00217582280133932,-0.000208087156902792,-2.83898267525728e-05,-0.000725138071484999,-1.40365615379778e-05,5.49298848788737e-05,-0.00193348244739155,-0.00127543002389707,-5.2254954518105e-05,-0.00861123608451919,-0.00308105417218218,7.22210661852074e-06,1.4460380717729e-05,-0.000746147716629508,-0.00245317360480612,-0.00253666140099273,2.0599886235928e-05,-9.82775557378801e-06,-2.76697720478225e-05,-1.52973346603247e-05,-4.08915516381114e-05,-6.4493131505472e-05,-3.95704400357744e-05,-0.00351125061099822,-0.00109163850667748,-0.00267002361726743,-2.38355983439575e-05,-1.40365615370897e-05,-0.000276726628842816,-0.00205948542134671,-0.00131248959046193,-0.00153295524633901,1.14040826559858e-05,-0.00242449520079546,7.71484301065328e-06,8.71363932031244e-06,-0.000953309568607175
9:12754885:T:A,-0.000713836495702225,-2.5251342048449e-06,-0.00104596195479534,-0.000172027238095396,-0.000115744258395445,-0.00148236416019021,-1.60141042169215e-05,-0.00611372828696854,9.45868640158665e-05,-0.000227384797016228,-0.000334952770187691,-0.000191498161902004,-0.00148236416019021,1.84589672036495e-05,-1.02869572842224e-05,-0.000115257026664928,-0.00328174429507566,-0.00126590075432098,-0.00365622413120281,-1.2938289682296e-05,-0.000220137793036201,-0.00444432074707102,1.76563388123441e-05,-1.02869572842224e-05,-0.00540807086381268,-0.000129386941645215,-3.94381423136636e-05,6.890530025494e-05,-0.00234047557846129,-8.97650211522105e-05,-0.000220137793036201,-0.00540710732437777,1.84589672036495e-05,0.123153554126062,-0.00444432074707102,5.03952029839994e-05,3.75730417028208e-05,-0.000491194433339004,7.79080919555142e-05,-6.03120275304292e-05,-7.66804448382175e-06,-0.00525038605524486,1.84589672036495e-05,-0.000280202977550381,0.000124277482211888,-6.29995425933672e-05,5.12560000736073e-05,0.000118849136174326,-0.000231605985977268,6.62832597573271e-05,1.84589672036495e-05,1.76563388114559e-05,2.02592952076586e-05,-0.00343787031902298,-0.0027723049103896,2.32822276018396e-05,-7.20580045667774e-05,-0.000990098675288209,-9.89816368361929e-05,-1.2938289682296e-05,-0.00425355914118608,-0.00764988547292145,0.000124277482211888,0.000249289617309856,6.18858843868253e-05,-0.000773283119505308,-0.00149307316336422,-0.000534770250243177,-0.00168922400191374,9.8690010892355e-05,-0.0032687773913187,-3.66216099534356e-05,-0.00423958150157588,-0.000353885574573276,-4.81009300115076e-05,-0.000781968126371879,-0.000108910693413122,4.45399261010948e-05,0.000120680801811268,6.84414173433012e-05,-0.00301887810927859,-0.00944036410912474,-0.000558534363099383,-0.00181213298590599,3.91835882656011e-05,-0.00124486603931118,-0.000393185545819463,-0.00323450664200653,-0.00285119853287874,-0.00121996650077971,-0.000152950924345419,-0.00746156800739239,-5.71441367256398e-05,-0.00222342831938249,-3.94381423136636e-05,-0.00398685708903468,-0.00511378509114913
9:12757565:T:G,6.12028735069714e-05,5.58912898185326e-07,1.94422460957355e-05,-0.00163876242559535,2.75162103093862e-05,-0.00152907442888939,-0.00152663368133243,-0.0018183945318837,-2.53435580557237e-05,5.32652378506526e-05,7.41498488059378e-05,4.53670676803242e-05,-0.00152907442888939,-5.02408655478348e-06,2.27137522479381e-06,-0.0015921323042134,-0.00167825833544022,-4.92893790671189e-07,8.4917204210555e-06,2.85442108349798e-06,5.11599890105074e-05,0.000367100882473714,-5.88533714829254e-06,2.27137522479381e-06,-0.0016538273469342,3.11363763589867e-05,9.53596467745399e-06,-1.96170940718332e-05,-0.00535115385031837,2.03285579063461e-05,5.11599890105074e-05,-0.00163673818868837,-5.02408655478348e-06,-0.00444432074707102,0.0643804884886947,-1.42617242602228e-05,-1.0289206679559e-05,1.53701203799983e-05,-2.16137987889553e-05,1.31112156518398e-05,1.69450634412982e-06,-0.00157387472428372,-5.02408655478348e-06,6.22285626485919e-05,-3.33176077056407e-05,1.54741757896204e-05,0.00036338394363522,-3.20964504529897e-05,5.41103380031771e-05,-1.78013482550199e-05,-5.02408655478348e-06,-5.88533714740436e-06,-6.45774370688912e-06,-0.00163716377834078,-0.00551518922088245,-0.00109475040934992,1.74265591850187e-05,-0.00494720785205072,2.3969296065296e-05,2.85442108349798e-06,-0.00198164645908516,-0.00139778437742066,-3.33176077056407e-05,-6.97643812328508e-05,-1.68180845845356e-05,7.516664080498e-05,-0.00137813915522855,-0.00126363655954886,-5.9589195385179e-05,8.16852918434918e-05,-9.75992493046363e-06,8.92194438861793e-06,-0.00214414959288867,-0.0053613860805406,1.14177683450123e-05,1.74265591850187e-05,2.60746564020309e-05,-1.1842850468291e-05,-3.25080193217531e-05,-1.82849292738041e-05,-0.00122377277148633,-0.0014391889864882,-4.57986557673706e-05,-4.47350790846457e-05,7.24613316949174e-05,-0.00176611056727971,-0.00579003340014594,-1.68180845836474e-05,-3.74723808320709e-05,-0.00192285642566858,3.67604289106538e-05,-4.36362595479522e-05,1.42063080241783e-05,3.26781703661183e-05,9.53596467745399e-06,1.07837707066238e-05,-0.000686278982423794
9:12758194:T:A,2.75751834806215e-05,1.23093845072475e-06,4.22756815288139e-05,-6.53906530345694e-05,5.87549524118103e-05,-0.00138919282752159,-0.000212681478108934,-0.00295745649372492,-0.000968630236879875,-0.00135245472947165,-0.00377649499359123,9.26806249026413e-05,-0.00138919282752159,-0.00148179302658136,4.98716398400489e-06,-9.45756784727081e-05,-0.00230103089679812,-1.7552584479219e-06,-0.00500963561851009,-0.00182761308334278,-0.00238655569476531,-1.42617242602228e-05,-0.0032608229068698,4.98716398400489e-06,-0.00195170273409584,6.60705009369877e-05,2.12094308551514e-05,-0.00149370869614529,-0.0033471516976471,4.36324631811758e-05,-0.00238655569476531,-0.00365657123995788,-1.18492150305016e-05,5.03952029839994e-05,-1.42617242602228e-05,0.111034005191121,-0.00139574013911048,-0.00182275499836226,-0.00286427120205701,2.82127573685287e-05,-0.00264930140379516,-0.00324610796259073,-1.18492150305016e-05,-0.00058107880357916,-8.22499965016377e-05,0.000120027161953473,-3.15831066517447e-05,-0.00362870135117799,-0.00143452480310202,-4.28659485889327e-05,-1.18492150305016e-05,-0.00153496477586312,0.000196279399705901,-0.00326473023275975,-0.00479183694009588,-1.42617242602228e-05,-0.0023456411123588,-0.000103735194977972,5.17634724968019e-05,6.26076537191267e-06,-0.00207628359322864,-0.00235419126828518,0.000346352737387257,-0.00131255068032665,-4.05749143155276e-05,-0.000117995007999916,-0.00173096463875311,-0.00167960481649665,-0.00122764521090524,-2.29315517392692e-05,-0.00143096606816417,1.9903359693707e-05,3.95195191149611e-05,-0.000987711049549311,2.51922463743171e-05,3.81573259087276e-05,5.59280978720267e-05,-0.00118553357515871,-8.02977149749751e-05,-0.000379851029109979,-0.00139966103922529,-0.0026488888788947,-0.000116308487037919,-0.000734722358418871,0.000136204631661307,-0.00628277612881067,-0.000372446433756224,-0.00143990583943054,-0.000330806343894707,-0.00130004923758609,7.69297098281996e-05,-5.36005871261125e-05,-0.000394024466548792,-0.00714709307041961,-0.00218642102473243,-0.00223020430934628,-0.000115139102623729
9:12759234:G:A,9.29756001042392e-05,9.13509867750406e-07,-0.00200318700161084,-0.000415236285030041,4.40615683752199e-05,-3.57570885070047e-05,3.90980176057099e-06,-0.00353042821647431,-4.3821231192176e-05,8.21182879731097e-05,-0.00404458090831472,7.08424080899661e-05,-3.57570885070047e-05,-8.51301664450688e-06,-5.93017173020627e-05,-0.00339645609970862,-0.000226573091151039,-0.00259735445058507,-0.00176942239393707,4.65333963894921e-06,7.90878364886893e-05,-1.0289206679559e-05,-1.02310618972368e-05,3.70528725834873e-06,-0.000176572433105981,-0.00132090695988563,1.56391736005901e-05,-3.40388913970813e-05,-0.00167354527506269,3.26659400542439e-05,7.90878364886893e-05,-0.000208312418099155,-8.51301664450688e-06,3.75730417028208e-05,-1.0289206679559e-05,-0.00139574013911048,0.0754392167834168,2.49014763866739e-05,-3.74387022610279e-05,2.11210241483073e-05,2.76604118898405e-06,-0.000277136905208586,-8.51301664450688e-06,-0.00195383941019767,-0.000583897116058552,2.52474957518345e-05,-2.26859563552395e-05,-5.59500539702995e-05,8.32971294757456e-05,-3.05491772314426e-05,-8.51301664450688e-06,-1.02310618972368e-05,-0.00149827257990953,-0.00400864420594527,-0.00154855552485778,-1.0289206679559e-05,-0.00201266347952078,-0.000210701748027731,3.86312174853742e-05,4.65333963894921e-06,-0.00201137242249594,-0.00169678918183003,-5.80687951030612e-05,-0.000126596224321318,-2.88838463280428e-05,-0.00082618590283623,-0.00723377227989719,-1.99568729097876e-05,-0.00125269225213032,-0.00284217207777093,-0.00149476765786716,1.46565699239432e-05,2.93550705494638e-05,-0.00359642508203795,1.86414183547257e-05,-0.00201266347952078,4.18611143828684e-05,-2.0160145389525e-05,-5.66636872365578e-05,-0.00116296221684831,-8.46540407906105e-05,-0.00013319888370944,-0.00106886214816182,-0.000628841767546184,0.000108087514306021,-0.00127488640602236,-4.91733609866429e-05,-0.00332522648045774,-0.00122548885419516,-0.00453020460343723,-0.00111510534515613,-0.00181936151409445,2.32475340036231e-05,-0.000449274429358049,1.56391736005901e-05,1.76314827617929e-05,-0.00101906969940391
9:12760664:A:G,-0.00112639979795848,-1.62182078522477e-06,-0.00117634398582389,-0.00179057272305805,-8.07823237956029e-05,4.79554003662841e-05,-9.68347197094488e-06,-0.00125732614026397,6.00497595799609e-05,-0.000167435226961388,-0.000327908415387768,-0.000872077016725648,4.79554003662841e-05,1.23552157962337e-05,-0.00554971930049319,-0.00180770172818345,-0.000120562866067875,-0.000722885290586284,-0.00132600603632849,-8.35808336940858e-06,-0.000161304576761445,1.53701203799983e-05,1.25793128118445e-05,-0.00194912123479352,-0.000197069049352905,-9.12104805088632e-05,-2.64723994893856e-05,4.52998254498738e-05,-0.00104207843568016,-0.00160290217799641,-0.000161304576761445,-0.000146693305359769,1.23552157962337e-05,-0.000491194433339004,1.53701203799983e-05,-0.00182275499836226,2.49014763866739e-05,0.122040123398344,5.05272820552349e-05,-0.00166279341542985,-0.0020290717388729,-6.22815466542193e-05,1.23552157962337e-05,-0.000232070851163613,7.7336186208754e-05,-4.30325108569107e-05,3.31977792678018e-05,-0.00147720942613017,-0.000170802290019978,4.28980561073544e-05,1.23552157962337e-05,1.25793128118445e-05,-0.00195830122222862,-1.84756721726131e-05,-0.000339358634103171,1.53701203799983e-05,-4.92875268758297e-05,-0.000365050926639299,-6.87443618909711e-05,-8.35808336940858e-06,-0.00154098313038187,-0.0137314283238275,7.7336186208754e-05,-0.00384569212366248,-0.00239268479316301,-0.00166000055590487,-0.0206250654037965,-0.00925974766705417,-0.00528673971203819,-0.00136693935799492,-0.00222652174876359,-0.00155920668586074,-0.00287603274416082,4.53922691940889e-05,-0.00166990238029374,-0.00314536533258458,-0.000473591013625985,2.91429263903353e-05,-0.00310218740825707,4.41658016478996e-05,-0.00227109157531924,-0.00154207820658403,-0.000165238338214024,-0.00150852001893664,-0.00103345697090163,-0.000417131056480891,6.47390521830715e-05,-0.00191387964144241,-0.00252739928342738,-0.000312798145406745,-0.000109121173507809,4.16938794689514e-06,-3.90193938049066e-05,-0.00100292363001575,-2.64723994893856e-05,-3.03307042139878e-05,-0.00267200301596482
9:12761524:C:A,-0.000480858005927232,1.79771770270065e-06,6.47215758169395e-05,-0.000254167336094291,9.08957189063031e-05,-0.00143100274342967,-0.00170401211058557,-0.000194051450574939,-0.000551682672825571,-0.0029316913380244,9.09515478406675e-05,-0.00118214984243004,-0.00143100274342967,-0.000158194972115666,7.29560649226357e-06,-0.00114525566995738,-0.00128123628013688,-3.51999560610494e-06,-0.0049184225347414,9.16395855909968e-06,-0.00160211869673965,-2.16137987889553e-05,-0.00403962904257593,-0.00441923386980303,-0.00150777010682424,-0.00120432015270389,3.21417735795748e-05,-0.00153448518114541,-0.0002080866778158,-0.00220451623897588,-0.00160211869673965,-0.00150424675552463,-0.0035617778677981,7.79080919555142e-05,-2.16137987889553e-05,-0.00286427120205701,-3.74387022610279e-05,5.05272820552349e-05,0.191235510449656,-0.00239114551964281,-0.00196909880280582,-0.00167593064519123,-1.81380556787403e-05,0.000106601064815415,-0.000121659814563024,5.2336599304148e-05,0.00020680468449541,-0.000117673358415615,-0.00309287625096921,-0.00308510094564429,-0.0035617778677981,-0.00155942530905495,-0.00307323951873162,-0.0036209314913318,5.74630006537902e-05,-0.00123338965390651,5.84429004977238e-05,-0.00315745034979642,-0.00163612873067187,-0.00248265662700753,-0.00308040864978487,-0.0046892085673953,-0.00350076224068907,-0.0014206094137803,-0.00134084327694239,-0.0235973163233716,-0.00875474265852816,-0.000556977182506468,-0.000227151865388464,-0.000582994266452808,-0.00511595405093512,3.01950652916716e-05,-0.000226067248632944,-0.00540041118716506,3.80941552906577e-05,-0.00528309599271992,-0.00182842649544401,-0.000344942180647401,-0.00389122425733301,-6.60764581930096e-05,-0.00396349088581971,-0.000404447227614568,-0.00219710041097354,-0.000167577287049525,-0.00315761993134966,-0.00238054639672569,7.03251538052285e-05,-0.0013086796825581,-0.00124263086275889,-0.00522253485831392,0.000120925034156727,-0.0102702262616781,4.83583001189558e-05,-0.0107156004761721,-0.00221992446076147,-0.00218347289331966,-0.000312284304358812
9:12761565:T:C,-0.00155577061248735,-0.00417891215809973,-5.02743944092998e-05,2.63374165871966e-05,-7.39775433791223e-05,-0.00454375531292328,-0.00843335274249668,-0.00127067934367942,-0.000111066553666106,-0.000160834679983957,-0.00623969999854612,-0.000131533061586531,-0.00454375531292328,-0.00243959103381464,-6.52058144812173e-06,-1.02406165858326e-06,-0.00081461874436739,-0.0021868743861635,-0.00558179256577063,-0.00241241687257876,0.000173974033388369,1.31112156518398e-05,-0.0034469705976834,-0.00245463621323605,-0.000916489897031525,-8.41032513960727e-05,-2.33129139912691e-05,-0.00666918377470971,-0.00210043475215116,0.00235381731388085,0.000173974033388369,-0.000828404344479505,-0.00203004240028193,-6.03120275304292e-05,1.31112156518398e-05,2.82127573685287e-05,2.11210241483073e-05,-0.00166279341542985,-0.00239114551964281,0.162420083955968,-4.24352517658377e-06,-0.000658454576280221,7.75980675626897e-05,-0.00573363314606912,-0.00136424386408951,-3.84251794018908e-05,2.77918513580389e-05,5.94333155854443e-05,-0.0037767202742387,-0.000148525742051042,-0.00203004240028193,-0.00654266300576722,1.23311408923854e-05,-0.0014622798877082,-0.000354971533071513,1.31112156518398e-05,-4.41850291297285e-05,-0.000378940242332426,-6.24847810319906e-05,-1.22282884547076e-05,0.000128355382999601,-0.00580308094540882,6.1478599595155e-05,-0.00384263324869405,-0.00180095726302643,6.66526610082485e-05,-0.00153637347356872,-0.0033665354723964,-0.00817244852770482,-0.00469968321014136,-0.00218148083773873,-2.16284942711198e-05,-0.00142556354774381,-0.000633065506403518,-0.00259602917810575,-4.41850291297285e-05,-0.00133715053869743,-0.000220581358758132,-0.00137082068298344,3.66115240071352e-05,-0.00387352364322702,-0.00299856002214316,-0.00280870163347391,-0.00154564695944881,-0.000884212934625594,-0.00221635436901124,-0.0038139049040975,-0.00416254162635354,-0.000305648051088347,-0.000680698973570593,-0.00534683705149241,-0.00537899680941045,-3.47567054355125e-05,-0.00110227434439825,-2.33129139912691e-05,-0.000138870901441379,-0.00132372702408201
9:12761775:A:G,-2.46038504823076e-05,-1.68433871294837e-07,-6.31780140203375e-06,1.26706793945885e-05,-0.00289415895665002,-0.00257515662065,-0.00229311629514584,-0.00138596725230578,6.30029309345304e-06,-2.04214467851571e-05,-0.00301123609537246,-1.67194465339193e-05,-0.00257515662065,1.39095311180171e-06,-6.91299823607494e-07,1.48499855416873e-05,-0.00117210064879103,6.52407941004185e-08,-2.77721090036209e-06,-8.71670333246755e-07,-1.94778050861544e-05,1.69450634412982e-06,-0.00218573763358609,-6.91299823607494e-07,-0.00121130311770212,-1.06837027846751e-05,-2.9370039582588e-06,-0.00243039711473791,1.00954766057981e-06,-6.73968516640144e-06,-1.94778050861544e-05,-0.00116742881204868,1.39095311180171e-06,-7.66804448382175e-06,1.69450634412982e-06,-0.00264930140379516,2.76604118898405e-06,-0.0020290717388729,-0.00196909880280582,-4.24352517658377e-06,0.091678547717625,-0.00106563909413815,1.39095311180171e-06,-0.00278518963987473,7.90644853410072e-06,-0.00141451829172379,3.57200775713551e-06,7.65982632255913e-06,-2.08422726206692e-05,4.61469325063746e-06,1.39095311180171e-06,-0.00236596866000305,-0.00249569954886653,-0.00105713473468683,-0.00210454719633901,1.69450634412982e-06,-5.58487821855636e-06,-8.24082659711678e-06,-7.93025695156047e-06,-8.71670333246755e-07,-1.89084348161117e-05,-0.0038711841988448,-0.00110455853735747,1.29991365689364e-05,-9.21931850266233e-05,-0.00187021981192448,-4.68320458910654e-05,-0.0111385933012267,-0.00291341237610165,-3.68288233527636e-05,2.62334352107985e-06,-0.00188681594751561,-5.82489661304919e-06,-0.00224579758232846,-3.56919130606315e-06,-5.58487821855636e-06,-8.74498692304826e-06,3.17945616767901e-06,7.7434740806126e-06,4.7330999572992e-06,-0.00258439144590206,-0.00107236713994041,1.00251896668624e-05,-0.00170135524746762,-3.04564288979847e-05,-0.00562313619483046,6.83565057979507e-06,-0.00205225244741758,-0.00173849712144225,-0.00172907691370749,-0.000879482714478463,9.54942715036822e-06,-4.44527560539143e-06,-0.00195098008046024,-0.00289321219039884,-3.35476674084845e-06,-0.00127033421043432
9:12761819:G:A,-0.000482381557025402,-0.0041918991990082,-0.00590098859645938,1.25977013021306e-05,-0.000273479845696034,-0.00385619847025831,-0.00109205843171267,-0.0016158345811963,-0.000394453380317294,-0.00117016598871267,-0.00198346439339891,-0.000134077934028198,-0.00385619847025831,-0.00138874343500106,-0.00244609127891593,-0.00234273955355402,-0.000858049655312332,-0.00442856170243111,-0.0007701247857268,-0.00670339361645489,-0.00320170456993951,-0.00157387472428372,-0.000860663898492486,-0.00795979258051105,-0.0103953168490367,-0.00010385776673516,-9.96981972578581e-05,-0.00279782192085953,-0.000543878617390359,-0.000350804108810276,-0.00320170456993951,-0.00848997072029611,-0.00656978077492631,-0.00525038605524486,-0.00157387472428372,-0.00324610796259073,-0.000277136905208586,-6.22815466542193e-05,-0.00167593064519123,-0.000658454576280221,-0.00106563909413815,0.283469148485199,-0.000252732350855212,8.32476360717038e-05,-0.000169426766596814,-0.00554413954454525,8.45352249179143e-05,-0.00281044729249302,-0.000395479928949172,-0.00317997819024463,-0.00656978077492631,-0.00570943561485349,-0.00400799069158131,-0.00178705255105704,-0.00473938675618024,-0.00129161513103249,-0.00396021450718731,-0.00722292062483865,-0.000224308164940901,-0.00067917453871047,-0.00423517140296159,-0.00813809665146081,-0.00577375688014481,-0.00261615506500368,-0.00163457803229328,-0.00913217281176415,-0.00334926646656974,-0.00623550190854116,-0.00245074017800828,-0.00451549176662391,-0.000169837454969013,-0.00248599782506176,-0.00396784691688445,-0.00185873091294342,-0.00147335794768821,-0.00177047026999677,-0.00321497003254212,-0.00159599569027336,-0.00257145475776888,-0.00269231254728997,-0.00428648985474833,-0.00808917278490506,-0.00369038279037426,-0.00436532995928696,-0.00152045522758293,-0.005552404463113,-0.00310156382004223,-0.00592167048489101,-0.00832560881014155,-0.00115561480219695,-0.00267817285259486,-0.00161764431775557,-0.000149714740300233,-0.00112209496415971,-0.00174620512008161,-0.00711383015857159,-0.000939599265425528
9:12761983:G:A,4.57570962302256e-05,4.59453442402946e-07,1.55151784619889e-05,-4.30352655174104e-05,2.16979051756994e-05,-1.72825075042127e-05,-0.00649404774187534,-0.000173254172317172,-2.13883399391435e-05,4.03099295809284e-05,-0.00243700892396959,3.47764946386775e-05,-1.72825075042127e-05,-0.0033259808605024,1.86310748429008e-06,-5.42593945827008e-05,-0.000226999378121207,-3.72818695026922e-07,6.94723931715657e-06,-0.00199935191801082,-0.000172625014834615,-5.02408655478348e-06,-0.00282847374918482,1.86310748429008e-06,-0.00020026699597242,2.44026631888161e-05,7.71484301065328e-06,-0.00292698789831025,-0.00270745990790111,4.35680793096083e-05,-0.000172625014834615,-0.000216898505913221,-4.12860833698403e-06,1.84589672036495e-05,-5.02408655478348e-06,-1.18492150305016e-05,-8.51301664450688e-06,1.23552157962337e-05,-1.81380556787403e-05,7.75980675626897e-05,1.39095311180171e-06,-0.000252732350855212,0.0725870265548174,-0.00222488678265176,-2.83898267525728e-05,1.24052480936498e-05,-1.110521117198e-05,-2.73041637930405e-05,4.08949210939369e-05,-1.48812358506945e-05,-4.12860833698403e-06,-0.00284738082606939,-5.29123626158423e-06,-0.000271275718110253,-0.00286966158337165,-5.02408655478348e-06,1.39398687064585e-05,-0.000103393239490934,1.89874306864013e-05,-7.38070823151915e-05,-0.00226918300260692,-0.000208087156902792,-2.83898267525728e-05,-6.18430475851639e-05,-1.40365615379778e-05,5.49298848788737e-05,-0.00369459502828828,-0.00369922035578352,-0.00345280128562031,-2.6908901970657e-05,-8.0662135033549e-06,7.22210661852074e-06,1.4460380717729e-05,-0.000100198011153019,-0.00215335461357302,1.39398687064585e-05,2.0599886235928e-05,-9.82775557378801e-06,-2.76697720478225e-05,-1.52973346603247e-05,-4.08915516381114e-05,-0.000105554127916463,-3.95704400357744e-05,-3.85997587573073e-05,5.30214948293306e-05,-0.00357552053024346,-2.38355983439575e-05,-1.40365615370897e-05,-3.20671585942733e-05,-0.00509986108326732,-0.0048091462988582,-0.00618846085272118,1.14040826559858e-05,-0.00239051972495563,7.71484301065328e-06,8.71363932031244e-06,-0.00226485602106585
9:12763001:T:G,-0.00447575774286957,-8.29453420170267e-06,-0.000245758804790164,-0.00046838493565371,-0.00253092420069034,-0.000417336809636737,-0.000541749827783988,-0.0055440639603459,-0.00145935989484958,-0.0018881424502295,9.77865359343966e-05,-0.00159153725320316,-0.000417336809636737,4.64779057107734e-05,-3.39604645702707e-05,-0.000122947491743908,-0.0119236861257006,-0.000862241364036898,-0.00299995116104768,-0.00640720702792308,-0.000195400830390824,6.22285626485919e-05,-7.81710272512726e-06,-3.39604645702707e-05,0.000553497365087363,0.000272677669521215,-0.000897807490753522,5.93062893905483e-05,-0.00382797348113861,-0.00601266858289851,-0.000195400830390824,0.000419267643660515,4.64779057107734e-05,-0.000280202977550381,6.22285626485919e-05,-0.00058107880357916,-0.00195383941019767,-0.000232070851163613,0.000106601064815415,-0.00573363314606912,-0.00278518963987473,8.32476360717038e-05,-0.00222488678265176,0.204330742833509,-0.00112288589897425,-0.000954255257794578,0.00013864462641866,-0.00233098811825805,-0.00206508023714047,0.000172419089428111,4.64779057107734e-05,-0.00360838811564523,-0.000453471822221552,-0.00074879350948942,-0.00607892714718883,6.22285626485919e-05,-0.00365616485327624,-0.00258686549607567,-0.00142584211682095,-6.45845047007043e-05,0.000159585808224172,-0.00172036980853063,-0.000926497130623538,-5.14272487111e-05,-0.000923657039899162,-0.00256728907199832,-0.00777854933606115,-0.000542163253107297,-0.00359169897558953,-0.00251692753820487,-0.000716814089451567,-0.00623871057165548,-0.00730947871810805,-0.00660054956883371,-5.01689080030232e-05,0.00011086227541135,-0.00228371821922302,-0.00623837817400741,-0.00138330125564234,0.000179372942171518,-0.000772717846343696,-0.00751729000452661,-0.00520314892731832,-0.00261359035293829,-0.00800378447952177,-0.00749913328845864,-0.000804623461627685,-0.000509148570407625,-0.00131050648124909,-7.63995044259502e-05,-0.00443043567545764,-0.0120129377071487,-0.000162572904499392,-0.00358843780673634,-0.00310224991577446,-0.00165719955262489,-0.00430943746755919
9:12763333:T:G,0.000325036945679535,2.60658619488652e-06,0.000101474995966022,-0.000740850240408264,-0.00123813800002548,-0.000117387366232791,6.52761271346947e-06,-0.000256792261278171,-0.000137775958259034,0.000287976077248508,-0.00110342958768239,0.00024469102634761,-0.000117387366232791,-2.83898267525728e-05,1.06006904205813e-05,-0.000756156283427067,-0.000444225600188197,-7.52887115229584e-06,-0.000829723190954645,1.33251346223773e-05,0.000273945300249601,-3.33176077056407e-05,-3.81330599967811e-05,1.06006904196931e-05,-0.000135135745031434,-0.00361102716928041,4.96002809988738e-05,-0.000113010409944714,-0.000783599008112645,-0.00133419918331601,0.000273945300249601,-0.000158191627344095,-2.83898267525728e-05,0.000124277482211888,-3.33176077056407e-05,-8.22499965016377e-05,-0.000583897116058552,7.7336186208754e-05,-0.000121659814563024,-0.00136424386408951,7.90644853410072e-06,-0.000169426766596814,-2.83898267525728e-05,-0.00112288589897425,0.063845343138599,8.23868863424337e-05,-7.18669632417956e-05,-0.000174180041460303,0.00029228151698657,-9.792878690984e-05,-2.83898267525728e-05,-3.81330599967811e-05,-4.07285785950506e-05,-0.000265343788705685,-0.00146481901455431,-3.33176077056407e-05,9.17704687966037e-05,-0.00149951634739853,-0.00405821434958753,1.33251346223773e-05,-0.00102803622345515,-0.00508639705887681,-0.000179294572340893,-1.97858881874069e-05,-0.000511805448796032,-0.00199077462247121,-0.00244839858570511,-0.00272311326883834,-0.000551852506666783,-0.0021677756154963,-5.56768201311897e-05,4.66893247255129e-05,9.49688475442301e-05,-0.00157141000881111,5.85311580367787e-05,9.17704687966037e-05,-0.00138746980661786,-0.000377591372493491,0.000961445611421752,-0.000316111946586872,-0.00593732651520629,-0.00239349070448736,-0.000248188571732477,-0.00595743785353697,0.000395936538332364,-0.00160329484314659,-0.00015771768447248,-0.00149043667167259,-0.000205127255183513,-0.00211050332704321,0.000198151329256824,-0.00218969907353461,7.63016983151843e-05,-0.000545539573792553,4.96002809988738e-05,-0.000918165120116221,-0.000644634775213149
9:12765184:C:T,-0.000177130559819716,-1.61023537437188e-06,-5.32611075643175e-05,-0.00116909362023687,-7.58013255470757e-05,-0.0034217528778564,-9.51466600351836e-06,-0.00610350076216726,6.28558606665663e-05,-0.000149685092472041,-0.000824340893838205,-0.00012608603966946,-0.0034217528778564,1.24052480936498e-05,-6.55901922375079e-06,-0.00119059713723324,-0.00570679713316213,-6.53701938801987e-07,-2.7027811997371e-05,-8.24917978103912e-06,-0.000144487410789651,1.54741757896204e-05,1.26138467466674e-05,-6.55901922375079e-06,-0.00582040117439409,-8.51216320478798e-05,-2.57896781246103e-05,-0.00353189264754228,5.50429114909434e-06,-5.79062941561403e-05,-0.000144487410789651,-0.00573231048299849,1.24052480936498e-05,-6.29995425933672e-05,1.54741757896204e-05,0.000120027161953473,2.52474957518345e-05,-4.30325108569107e-05,5.2336599304148e-05,-3.84251794018908e-05,-0.00141451829172379,-0.00554413954454525,1.24052480936498e-05,-0.000954255257794578,8.23868863424337e-05,0.0774945890930221,3.39322234479411e-05,-0.00222398700385895,-0.000152400288985,4.41853060593189e-05,1.24052480936498e-05,-0.00363893532789294,0.00038025090072491,-0.00548899369810218,3.46390749701442e-05,1.54741757896204e-05,-4.72461941249946e-05,-0.00359194104758043,-6.50667375765579e-05,-8.24917978103912e-06,-0.000141765623656198,-0.0032183377757935,8.23868863424337e-05,0.00016529415691835,4.14025560706577e-05,-0.000731450523448807,-0.0011283521580161,-0.000258949078811632,0.000141148511428213,-0.000251434297436681,2.37370266198411e-05,-2.39908817487589e-05,-4.92260421083301e-05,-0.00367772284146195,-3.13212920088901e-05,-4.72461941249946e-05,-7.14257514982108e-05,2.96689158689745e-05,8.01259184051162e-05,4.55512091175336e-05,0.000110711385978846,-0.00119400702415451,0.000110734954920311,0.000107740393622713,-0.000208440894727602,-0.00242875478951099,6.79404817178764e-05,4.14025560706577e-05,9.0895082474951e-05,0.000586369670945608,-0.000100790102509407,0.000100121742070414,-3.77056539893061e-05,-0.00297517232551137,-2.57896781246103e-05,-2.94544635988103e-05,-0.00234194671958754
9:12765605:C:A,0.000136780138170423,1.17754508988099e-06,4.24732252479743e-05,-0.000126467484346193,6.04611679557721e-05,-4.53922512333449e-05,-0.000216414198575876,0.000115958065917354,-5.49819670476737e-05,0.000119224121008621,0.000166892423693277,0.000101121093613266,-4.53922512333449e-05,-1.110521117198e-05,4.78936667658303e-06,-9.69561796653196e-05,0.000119764777534392,-1.61238238405303e-06,1.73323417635984e-05,6.02044650488409e-06,0.000114090459692129,0.00036338394363522,2.8137131732997e-05,4.78936667658303e-06,5.71426139108766e-05,6.88250829190551e-05,2.07294228831145e-05,-4.33335279588221e-05,-1.1113341517266e-05,4.38521142447357e-05,0.000114090459692129,7.42317721567076e-05,-1.110521117198e-05,5.12560000736073e-05,0.00036338394363522,-3.15831066517447e-05,-2.26859563552395e-05,3.31977792678018e-05,0.00020680468449541,2.77918513580389e-05,3.57200775713551e-06,8.45352249179143e-05,-1.110521117198e-05,0.00013864462641866,-7.18669632417956e-05,3.39322234479411e-05,0.00110593263994207,-6.94183076381805e-05,0.000121130248056822,-3.88573647702728e-05,-1.110521117198e-05,-1.35351498782299e-05,-1.47266712753336e-05,0.000203015209605084,8.51328315958355e-05,-0.00167120569705048,3.81303109788789e-05,0.000119643683529347,5.27470166131749e-05,6.02044650488409e-06,-0.000454527131606319,-3.3681683992981e-05,-7.18669632417956e-05,-0.000148171309788836,0.000270680550307212,0.000167710422207534,4.9051750838025e-05,-0.000272103606019591,-0.000127608624308273,0.000182796741263758,-2.15881318039735e-05,1.94213660176246e-05,-0.000657042605197944,-5.33958192008299e-05,2.47431945741283e-05,3.81303109788789e-05,5.7322506823887e-05,0.000388090553864018,-7.02438679764938e-05,-3.98493695099589e-05,0.000187747332943466,-0.00021389700850083,-9.85033994584938e-05,-9.64251084392131e-05,0.000164131998557693,-0.000590908725275341,-6.1537260801714e-05,-3.68389953866455e-05,-8.10638275234865e-05,-0.000293292746779805,8.16162157653011e-05,0.000151022537433043,3.12104189488238e-05,6.99536314545668e-05,2.07294228831145e-05,2.33900828394695e-05,-0.000341377016294331
9:12766966:T:C,-0.00346387764977241,2.52580801429758e-06,-0.00156409988070205,-0.00274178160751504,0.000138562008684673,-0.000113476507953791,-0.00311364219692667,-0.000238523626421738,-0.000133513713810096,-0.00629576985324309,-0.00209966919160021,0.000232318641414153,-0.000113476507953791,-2.73041637930405e-05,1.02689345817808e-05,-0.00287525913911768,-0.000558689724239336,-0.00289701731761927,3.32926823611857e-05,1.29067238807679e-05,0.000259837931801954,-3.20964504529897e-05,-3.65138597597792e-05,1.02689345808926e-05,-0.0023825080402089,0.000158976259100108,4.76877055426428e-05,-0.000109178086301398,-0.00132437024988619,9.71573122008351e-05,0.000259837931801954,-0.00251846064533812,-2.73041637930405e-05,0.000118849136174326,-3.20964504529897e-05,-0.00362870135117799,-5.59500539702995e-05,-0.00147720942613017,-0.000117673358415615,5.94333155854443e-05,7.65982632255913e-06,-0.00281044729249302,-2.73041637930405e-05,-0.00233098811825805,-0.000174180041460303,-0.00222398700385895,-6.94183076381805e-05,0.0848061833074287,-0.00572701945790843,-9.46568925623836e-05,-2.73041637930405e-05,-3.65138597597792e-05,-0.00343283659172311,-0.00291481264170645,-0.00124457978949888,-3.20964504529897e-05,8.79836692142533e-05,-0.00243529132803477,0.00012204564430629,1.29067238807679e-05,-0.00238544293648779,0.000131275349836812,-0.000174180041460303,-0.000365509495128258,-0.000468132469770843,-0.00125484424760192,-0.00168362695313906,-0.000294324809154034,-0.00205255049954456,-6.4987125763416e-05,-5.36165827389468e-05,4.48806949124858e-05,9.10526734054784e-05,-0.00142473632218643,5.62953857681237e-05,8.79836692142533e-05,0.000131846361932197,-6.27957874685947e-05,-0.000767350576109216,-0.000855097889506773,-0.00375847176419786,-0.000549561702642976,-0.000855148136714057,-0.00194216412599424,0.000372312524825169,-0.000963192826266113,-0.000894388779422606,-9.03959263736098e-05,-0.000199481520017031,2.62278421132578e-05,0.000188619380312005,-0.00126099266556157,7.31283497383828e-05,-0.000455480196235314,4.76877055426428e-05,-0.00169039688412109,-0.00160354285137476
9:12769160:T:C,0.00332618973587717,-0.00534445980776876,-0.000201977830074362,-0.00309470697961434,-0.00175467233418036,-0.000255805923525365,-0.00400489380429025,-0.000557593911321153,-0.00218886105855809,0.00586955667231681,-0.0018573145748606,-0.000461310851966878,-0.000255805923525365,4.08949210939369e-05,-2.79640845048945e-05,-0.00290502009671023,-0.000214195337008061,-1.5436323906215e-05,-0.000129684289885468,-3.51758364391941e-05,-0.00408284540351289,5.41103380031771e-05,-0.00266304766978287,-2.79640845048945e-05,-0.000359295220472067,-0.00031291380167886,-0.000916909043388259,-0.000239525311657829,-0.00336068199348727,-0.000607085456405976,-0.00408284540351289,-0.000342142732786321,4.08949210939369e-05,-0.000231605985977268,5.41103380031771e-05,-0.00143452480310202,8.32971294757456e-05,-0.000170802290019978,-0.00309287625096921,-0.0037767202742387,-2.08422726206692e-05,-0.000395479928949172,4.08949210939369e-05,-0.00206508023714047,0.00029228151698657,-0.000152400288985,0.000121130248056822,-0.00572701945790843,0.10963136651665,0.000152189250526291,4.08949210939369e-05,-0.0003477644946841,-0.00135046862012356,0.00011689430489259,-0.00118211023236103,5.41103380031771e-05,-0.000176713696673048,-0.00119058926526261,-0.000240219225918104,-0.00360127170613112,-0.00053643213309762,-0.000481767373876174,0.00029228151698657,0.000586691439810494,0.000139899115077391,-0.00457200431262539,-0.000218977453455338,-0.0117373950648472,-0.00559897141740251,-0.00432221552744227,7.670928152681e-05,-9.01527952210657e-05,-0.000854906744333306,-0.00220142981684734,-0.000121167270273226,-0.000800326280954167,-0.000825245950009545,0.000102567644346685,-0.00213550573132348,0.000158218614751071,-0.00392841781680175,-0.00481050796245874,0.000387257516811346,0.0003729888019679,-1.31129636011806e-05,-0.00304834525708175,-0.00130695885292731,-0.00299452526056498,-0.00153624365753657,-0.00145254062967304,-0.000367388501992139,3.23431878941349e-05,-0.000136693432551738,-0.000415556388418281,-9.77595678568477e-05,-0.000977765645449047,-0.0010288352633232
9:12769196:T:C,0.000170417712811677,1.5224157179361e-06,5.49598900079218e-05,-6.91005282620338e-05,7.77504316742395e-05,-0.00124834174845478,5.70453756143507e-06,-0.00162211981719729,-0.000829751119108657,0.000149933366755839,0.000205261887535002,0.000128153366220296,-0.00124834174845478,-1.48812358506945e-05,6.18504468796743e-06,-0.000109026384541799,-0.00064605007464813,-2.56016557020899e-06,-0.00275666185785362,7.77187264944246e-06,-0.00204216044534,-1.78013482550199e-05,-0.00299610544602924,-0.00171870418220887,-0.00302975132583949,8.83716124402412e-05,2.70479430177772e-05,-0.00135241575917799,-0.00019815888943242,-0.000137188907126884,-0.00204216044534,-0.00306838672881415,-0.00133225815406224,6.62832597573271e-05,-1.78013482550199e-05,-4.28659485889327e-05,-3.05491772314426e-05,4.28980561073544e-05,-0.00308510094564429,-0.000148525742051042,4.61469325063746e-06,-0.00317997819024463,-1.48812358506945e-05,0.000172419089428111,-9.792878690984e-05,4.41853060593189e-05,-3.88573647702728e-05,-9.46568925623836e-05,0.000152189250526291,0.108471836789168,-0.00133225815406224,-0.00138619957207631,-2.01488661755178e-05,-0.00626450565846071,-0.000483046542749221,-1.78013482550199e-05,4.94891537092812e-05,-0.0013653538940348,6.81457997764312e-05,-0.00290126988451789,-0.00122692397942092,-0.000601617898724705,-9.792878690984e-05,-0.00111590550464147,-4.97872455715864e-05,-0.00907332409516037,-0.00514667064136898,-0.000469743566278602,-0.000178236695672851,-0.000269596989877385,-0.00287748764741558,2.53775089626984e-05,-0.000877948308579235,-0.00507255755446234,3.21646922731844e-05,4.94891537092812e-05,7.38490121836577e-05,-3.4769546203961e-05,-9.57595880271001e-05,-5.37604202204278e-05,-0.00340537921904538,-0.000475351714378291,-0.000900487743233924,-0.000133097796970461,-0.00112968911743216,-0.011641443843132,-0.00244051150881042,0.000377577473448909,-0.00104769444667419,-0.00325208801677412,0.000104309310117401,-0.00268008159449096,4.07384542366884e-05,-0.00889309415249162,2.70479430177772e-05,3.0441262921066e-05,-0.000511542803756093
9:12771101:A:G,4.57570962302256e-05,4.59453442402946e-07,-0.00244798323625339,-0.00247150939130414,2.16979051756994e-05,-1.72825075042127e-05,-0.00180206350672929,-0.00560422116644865,-2.13883399391435e-05,4.03099295809284e-05,5.41772209032843e-05,3.47764946386775e-05,-1.72825075042127e-05,-4.12860833698403e-06,1.86310748429008e-06,-0.00254141574737599,-0.00610274545588219,-3.72818695026922e-07,6.94723931715657e-06,2.33960501017094e-06,-0.00195854589466915,-5.02408655478348e-06,-0.00398111138142898,-0.00202820712941421,-0.00629842098835276,2.44026631888161e-05,7.71484301065328e-06,-1.64086976415234e-05,-0.00156006699798361,-0.00211593781600516,-0.00195854589466915,-0.00633260649019629,0.00010221267999011,1.84589672036495e-05,-5.02408655478348e-06,-1.18492150305016e-05,-8.51301664450688e-06,1.23552157962337e-05,-0.0035617778677981,-0.00203004240028193,1.39095311180171e-06,-0.00656978077492631,-4.12860833698403e-06,4.64779057107734e-05,-2.83898267525728e-05,1.24052480936498e-05,-1.110521117198e-05,-2.73041637930405e-05,4.08949210939369e-05,-0.00133225815406224,0.112188792400441,-4.81244388161883e-06,-5.29123626158423e-06,-0.00612668863230237,-0.00306918502323494,-5.02408655478348e-06,1.39398687064585e-05,-0.00282839080715469,1.89874306864013e-05,2.33960501017094e-06,-0.00217582280133932,-0.000208087156902792,-2.83898267525728e-05,-0.000725138071484999,-1.40365615379778e-05,5.49298848788737e-05,-0.00193348244739155,-0.00127543002389707,-5.2254954518105e-05,-0.00861123608451919,-0.00308105417218218,7.22210661852074e-06,1.4460380717729e-05,-0.000746147716629508,-0.00245317360480612,-0.00253666140099273,2.0599886235928e-05,-9.82775557378801e-06,-2.76697720478225e-05,-1.52973346603247e-05,-4.08915516381114e-05,-6.4493131505472e-05,-3.95704400357744e-05,-0.00351125061099822,-0.00109163850667748,-0.00267002361726743,-2.38355983439575e-05,-1.40365615370897e-05,-0.000276726628842816,-0.00205948542134671,-0.00131248959046193,-0.00153295524633901,1.14040826559858e-05,-0.00242449520079546,7.71484301065328e-06,8.71363932031244e-06,-0.000953309568607175
9:12772616:G:A,-4.30328061495899e-05,5.15332678752145e-07,1.53111994185551e-05,-0.000522519184269044,-0.00171330301470096,-0.00218250741139059,-0.0022163126498711,-0.00249334253959832,-0.000439814914700243,-0.000464239274032607,-0.00327270369384181,2.67574461645381e-05,-0.00218250741139059,-4.81244388161883e-06,-0.00228396195101777,-0.000466864064576633,-0.00670873498212643,-0.00183444553716949,-0.000275772353565351,2.5885878640608e-06,-0.00268203039013226,-5.88533714740436e-06,-3.05698437816915e-05,2.06862012674947e-06,-0.00629787737360532,-0.00103388905020374,8.18402148272668e-06,-0.00151512411584687,-0.00222916866726397,-0.00628875988198807,-0.00268203039013226,-0.00619734373718561,-4.81244388161883e-06,1.76563388114559e-05,-5.88533714740436e-06,-0.00153496477586312,-1.02310618972368e-05,1.25793128118445e-05,-0.00155942530905495,-0.00654266300576722,-0.00236596866000305,-0.00570943561485349,-0.00284738082606939,-0.00360838811564523,-3.81330599967811e-05,-0.00363893532789294,-1.35351498782299e-05,-3.65138597597792e-05,-0.0003477644946841,-0.00138619957207631,-4.81244388161883e-06,0.221507638382037,-0.00164302211382505,-0.00661281954388171,-0.00206258728697062,-5.88533714740436e-06,1.39698463774707e-05,-0.00839067334017685,-0.00144660241196792,-0.00205099096050088,2.7641734477335e-05,-0.00810583078061677,-0.000711899898817592,-0.000804669622636034,-0.00150063460159888,-0.00488047300112271,-0.00502494647110474,-0.000102750930589757,-0.000206668939038757,-0.00489481280132953,-0.00260383848459256,-0.00791615100720655,-0.000353303164410512,-0.0128754201055088,-0.00363675514261619,-0.00171303022738822,-8.89077550922934e-05,-0.00326241018325923,-0.00115517656782682,-1.91559619047155e-05,-0.0090014773966498,-0.0157785294216666,-0.00852980791760061,-5.45424461089183e-05,-0.00147559847952561,-0.00142174423294117,-0.00320589799040238,-0.00245295540814716,-1.99897669261873e-05,-0.000123843503802235,-0.00348365729714573,-0.00446482178686303,-0.000128228601349534,-0.00373573791934501,8.18402148272668e-06,9.16463936384559e-06,1.65914044298887e-05
9:12774707:G:C,-1.83667690398792e-05,5.6829405181702e-07,-0.00209473513001868,-3.56391417186686e-05,2.31781766268924e-05,-0.00147877236721872,-0.000304694306620057,-0.00191146774215145,-0.00105254038428271,-0.00126729135734749,-0.00354033550302546,3.25198160933127e-05,-0.00147877236721872,-0.0015909675119854,2.28643618171986e-06,-4.61490684928734e-05,-0.00289942365999307,-0.00241374515387882,-0.00468386999598014,-0.00194682273645785,-0.00257100296667634,-6.45774370688912e-06,-0.00348952372539824,2.28643618083169e-06,-0.0026028302586294,2.54356541669054e-05,9.1614120156791e-06,-0.00158451541853033,-0.00357880581182801,1.81456024259674e-05,-0.00257100296667634,-0.00447096181505513,-5.29123626158423e-06,2.02592952076586e-05,-6.45774370688912e-06,0.000196279399705901,-0.00149827257990953,-0.00195830122222862,-0.00307323951873162,1.23311408923854e-05,-0.00249569954886653,-0.00400799069158131,-5.29123626158423e-06,-0.000453471822221552,-4.07285785950506e-05,0.00038025090072491,-1.47266712753336e-05,-0.00343283659172311,-0.00135046862012356,-2.01488661755178e-05,-5.29123626158423e-06,-0.00164302211382505,0.121091743283987,-0.0039982600083075,-0.00513544683701905,-6.45774370688912e-06,-0.00248381645206308,-0.000175954755574637,2.07497670672296e-05,2.86342913291548e-06,-0.00236232631913769,-0.000916478961291212,0.000168889917702586,-0.00146437001033473,-1.89473499796478e-05,-0.000436087237885019,-0.00185501573239444,-0.000377892498186316,-0.00127048677601671,-0.000365454579176472,-0.00153415799534784,8.60534873581287e-06,1.63762061706763e-05,-0.0011786955055868,1.08360625796777e-05,1.58483700252177e-05,2.22122754562903e-05,-0.00128613723066717,-3.96094413082082e-05,-0.000321105221765094,-0.00145655461495764,-0.00137841320560561,-0.00346655961029629,0.000121849266090379,3.71805919332502e-05,-0.00771171834105822,-0.000258573881538382,-0.00153428283000334,-0.000248286093970762,-0.000855703297015786,2.85876899415172e-05,-8.80448152038582e-05,-0.000256711090169226,-0.00798939561398715,-0.00204270476332269,-0.00208789016390654,-1.69736166331091e-05
9:12775488:G:A,-0.000329386884694749,-0.00439767720205086,-0.00585339901203241,-0.00186760788313389,-0.000427459474710901,-0.00733679638538964,-0.000511955133581488,-0.000297164302569541,-0.000555104184055466,-0.00100770985814869,-0.00149745602407192,9.66144629810373e-06,-0.00733679638538964,-0.0014206137647319,-0.00265153441065014,-0.00240624130318068,-0.000424744966608159,-0.000974758330858805,-0.000732739763318335,-0.00370679605492352,-0.0030609220526614,-0.00163716377834078,-0.00191186101386798,-0.00749736980940874,-0.00482877289458816,-0.000356435659170984,-0.000177278180474971,-0.00585192148919766,-0.00198332191170225,-0.00198947958519646,-0.0030609220526614,-0.00348430458063032,-0.00612668863230237,-0.00343787031902298,-0.00163716377834078,-0.00326473023275975,-0.00400864420594527,-1.84756721726131e-05,-0.0036209314913318,-0.0014622798877082,-0.00105713473468683,-0.00178705255105704,-0.000271275718110253,-0.00074879350948942,-0.000265343788705685,-0.00548899369810218,0.000203015209605084,-0.00291481264170645,0.00011689430489259,-0.00626450565846071,-0.00612668863230237,-0.00661281954388171,-0.0039982600083075,0.292940637692773,-0.00698799210965273,-0.00115551060148267,-0.00365347521657533,-0.00612121326116499,-0.000496486966027554,-0.000668093474677001,-0.00452580677773318,-0.00929289836917224,-0.00570245927391078,-0.00233901534970249,-0.00160851577178089,-0.00874677987216677,-0.00387435010564241,-0.0037493941007205,-0.001782719349396,-0.00803262170444885,-0.000250139150862694,-0.00234782734226968,-0.00510838101764399,-0.00183076180448216,-0.0012883893110498,-0.00188082796437605,-0.00315299290078652,-0.00167995693748768,-0.00106522744279935,-0.00314910918883715,-0.00424517677365799,-0.0091676489950232,-0.00402882917288006,-0.00403582435033956,-0.00130316645204775,-0.00586752325565332,-0.003242119993212,-0.00624515251130475,-0.00764964095946263,-0.00362421197733687,-0.00284327277406682,-0.00120990003144028,-0.000320253484463073,-0.00134325409566349,-0.00171307514867447,-0.00691092304546626,-0.000341131231631042
9:12776516:C:A,-7.59187399648198e-05,-0.00402977533153503,-0.0060290799340299,-0.00101339490079866,-0.00791228838920954,-0.00375087002153141,-0.00385576776915908,-0.00259464066239623,-0.000496717964447058,-0.00109897760595778,-0.00974212659114571,-0.000611622419468993,-0.00375087002153141,-0.00306918502323494,5.48354123264261e-06,-0.000655151750282634,-0.00501081350435184,-2.45478462934656e-05,-0.000504976463741258,6.86448832798447e-06,-0.000106718717252541,-0.00551518922088245,-0.000232787210768137,-0.00364236056792588,-0.00393653489939183,5.90189097566807e-05,-0.00236544809793049,-0.00466200014048557,-0.00842273246030256,-0.000269715718990149,-0.000106718717252541,-0.00407587477978222,-0.00306918502323494,-0.0027723049103896,-0.00551518922088245,-0.00479183694009588,-0.00154855552485778,-0.000339358634103171,5.74630006537902e-05,-0.000354971533071513,-0.00210454719633901,-0.00473938675618024,-0.00286966158337165,-0.00607892714718883,-0.00146481901455431,3.46390749701442e-05,8.51328315958355e-05,-0.00124457978949888,-0.00118211023236103,-0.000483046542749221,-0.00306918502323494,-0.00206258728697062,-0.00513544683701905,-0.00698799210965273,0.298428771457836,-0.00149118964581696,-7.07375923925113e-05,-0.00439938446647936,4.92413564501248e-05,6.86448832798447e-06,-3.96660338601862e-05,-0.00949322938448649,-0.000706206948792421,-0.00339211183919552,-0.00484805755909345,-0.00140722144326366,-0.00218607631133283,-0.00104171268559705,-0.000421664107724595,-0.0214142383220186,-0.00133719268864407,-0.00394749861923049,-0.00310562307571605,-0.00742226564883008,-3.93326447873932e-05,-0.0107897351830211,-0.00250999762365023,-0.00517044045702164,-0.00302971927177609,-0.00203098850817351,-0.00563970937030067,-0.0135327312023925,-0.00275607425745772,-0.00247922876608531,-0.000309842197026455,-0.0058011154202906,1.22884113604727e-05,-0.00330303222802364,-0.00343973497486694,-0.00134488124075904,-0.0018359014911935,-0.00441870235208164,3.22390198181921e-05,-0.00993078419727222,-0.00190980031435917,-0.00532724912087179,-0.00307843261064455
9:12777629:T:C,6.12028735069714e-05,5.58912898185326e-07,1.94422460957355e-05,-0.00163876242559535,2.75162103093862e-05,-2.06270696851973e-05,-0.00555487799460153,-0.00109534148002677,-2.53435580557237e-05,5.32652378506526e-05,7.41498488059378e-05,4.53670676803242e-05,-2.06270696851973e-05,-5.02408655478348e-06,2.27137522479381e-06,-0.0015921323042134,-0.00118551814556689,-4.92893790671189e-07,-0.00522261867068075,2.85442108349798e-06,5.11599890105074e-05,-0.00109475040934992,-0.00143024718508133,2.27137522479381e-06,-0.00125032349785137,3.11363763589867e-05,9.53596467745399e-06,-1.96170940718332e-05,-0.00535115385031837,2.03285579063461e-05,5.11599890105074e-05,-0.00125001023247151,-5.02408655478348e-06,2.32822276018396e-05,-0.00109475040934992,-1.42617242602228e-05,-1.0289206679559e-05,1.53701203799983e-05,-0.00123338965390651,1.31112156518398e-05,1.69450634412982e-06,-0.00129161513103249,-5.02408655478348e-06,6.22285626485919e-05,-3.33176077056407e-05,1.54741757896204e-05,-0.00167120569705048,-3.20964504529897e-05,5.41103380031771e-05,-1.78013482550199e-05,-5.02408655478348e-06,-5.88533714740436e-06,-6.45774370688912e-06,-0.00115551060148267,-0.00149118964581696,0.0632459531480523,1.74265591850187e-05,-0.00520258434692078,2.3969296065296e-05,2.85442108349798e-06,-0.00198164645908516,-0.00137588210643269,-3.33176077056407e-05,-6.97643812328508e-05,-0.00117500696361184,7.516664080498e-05,-0.001662430191673,-0.000128260849611372,-5.9589195385179e-05,-0.00481092502272418,-9.75992493046363e-06,8.92194438861793e-06,-0.00214414959288867,-2.36067351950808e-05,1.14177683450123e-05,1.74265591850187e-05,-0.00476208696960967,-0.00106334404231312,-3.25080193217531e-05,-1.82849292738041e-05,-0.00122377277148633,-9.42514308670539e-05,-4.57986557673706e-05,-4.47350790846457e-05,7.24613316949174e-05,-0.000292099705466953,-2.81747960970691e-05,-1.68180845836474e-05,-3.74723808320709e-05,-0.00134236925598596,3.67604289106538e-05,-0.00154138174164586,1.42063080241783e-05,3.26781703661183e-05,9.53596467745399e-06,1.07837707066238e-05,-0.000166721879709009
9:12778079:G:A,-0.00337234576254986,-1.83806574138856e-06,-0.00140913849143409,-0.00150919524674542,-8.70029968957908e-05,-0.00236783834224141,-0.00159343994040562,-0.000416789392459371,7.0223350518539e-05,-0.000173469507174673,-0.000685144911980906,-0.00059086385979068,-0.00236783834224141,1.39398687064585e-05,-7.49452848403109e-06,-0.0015248259160483,-0.00135246630538699,-9.46513841526553e-07,-3.12541771965158e-05,-9.42896301836527e-06,-0.000167496344583462,1.74265591850187e-05,-0.00169412315050366,-7.49452848403109e-06,-0.00282137241780944,0.000295332389674385,-2.93689086134918e-05,-0.00247839035720521,-8.58944090671443e-05,-6.65744763885812e-05,-0.000167496344583462,-0.00283259885434006,1.39398687064585e-05,-7.20580045667774e-05,1.74265591850187e-05,-0.0023456411123588,-0.00201266347952078,-4.92875268758297e-05,5.84429004977238e-05,-4.41850291297285e-05,-5.58487821855636e-06,-0.00396021450718731,1.39398687064585e-05,-0.00365616485327624,9.17704687966037e-05,-4.72461941249946e-05,3.81303109788789e-05,8.79836692142533e-05,-0.000176713696673048,4.94891537092812e-05,1.39398687064585e-05,1.39698463774707e-05,-0.00248381645206308,-0.00365347521657533,-7.07375923925113e-05,1.74265591850187e-05,0.10586428651764,-0.00135460735535098,-0.000424765956985595,-9.42896301836527e-06,-0.00263520308310028,-0.000286492242773662,9.17704687966037e-05,0.00018127231062337,-0.00209502802658168,-0.00687430204390793,2.65281681963714e-05,-0.00378979533927648,-0.000931102591427369,-0.00390785639626046,2.66034949421012e-05,-2.72985728964059e-05,-0.00119636013071833,-3.50866908638281e-05,-0.00311138263302002,-5.39565984283286e-05,-8.18871617518369e-05,3.33163392731706e-05,-0.00189243683756501,-0.00256396054174157,-0.000472426434608764,-0.000313760816395892,0.000122654970643232,-0.00201738866666101,-0.000243493831714403,-0.00662619109943297,-0.00114057781380872,-0.00243550051513175,-0.00207160620506652,-0.00055699823462696,-0.000115908740334625,-0.00938398966026455,-4.29154458370107e-05,-0.00187550318167684,-0.00131756642929926,-3.35913772611107e-05,-0.000811524296296717
9:12781996:C:G,-0.000730739142785986,-0.00399173727641955,-0.00654759232812197,-2.16716484686685e-05,-0.000117507330111621,-0.0126082907480445,-0.00240731155228691,-0.00738412990015691,-0.00241040749234589,-0.00110646671903325,-0.0014314158206874,-0.000646551731466438,-0.0126082907480445,-1.05128066998361e-05,-0.00176345487316532,-3.34398886501219e-05,-0.00906837951267603,-0.000343494802366173,-0.00436480531870842,-0.000122058048521723,-0.00304118867816339,-0.00494720785205072,-6.70509170719313e-05,-0.00225516758455946,-0.00653921383115419,-0.000786178345985711,-0.000437006808647666,-0.00612695134346808,-0.00609679546631536,-0.000514419612946959,-0.00304118867816339,-0.00645857429949581,-0.00282839080715469,-0.000990098675288209,-0.00494720785205072,-0.000103735194977972,-0.000210701748027731,-0.000365050926639299,-0.00315745034979642,-0.000378940242332426,-8.24082659711678e-06,-0.00722292062483865,-0.000103393239490934,-0.00258686549607567,-0.00149951634739853,-0.00359194104758043,0.000119643683529347,-0.00243529132803477,-0.00119058926526261,-0.0013653538940348,-0.00282839080715469,-0.00839067334017685,-0.000175954755574637,-0.00612121326116499,-0.00439938446647936,-0.00520258434692078,-0.00135460735535098,0.33470698071284,-0.000243115546551209,-0.00200886625639729,-0.00667004140442984,-0.0092006293981548,-9.26273979722225e-05,-0.00164671850903986,-0.00664587520426174,-0.0126214383050605,-0.00308930022854081,-0.00120829889765695,-0.00512523460322001,-0.00850192885227363,-0.000752999058361681,-0.0135347937959658,-0.00862487996780992,-0.00160705431324981,-0.000493649106653393,-0.0139301689961737,-9.59384369094707e-05,8.83517643757159e-06,-0.00241420071197052,-4.42972484497872e-05,-0.006189159743065,-0.000693894078259927,-1.45402084399393e-05,-0.00207503968131117,-0.000239079775028905,-0.00483079906317219,-0.00808949100211809,-0.00209803057928326,-0.00559416850545702,-0.000266632413069345,-0.00177812667775701,-0.0136423269322874,0.000222809369399002,-0.00400579006872048,-0.00961095508035292,-0.00570891765331361,-0.00218156393627922
9:12783732:G:A,0.000167058004954868,-2.61102580534356e-06,-8.4232540484841e-05,-0.000178554752229054,-0.000119766382162823,-0.00160233691972245,-0.00133659337305758,0.000360565998901663,9.71949800403493e-05,-0.000235804901445036,-0.000817662982559142,-0.000381759287217953,-0.00160233691972245,1.89874306864013e-05,-1.06396704335765e-05,-0.000119624733766699,-0.000390104929249624,-0.00138789127090178,-0.00125228314515002,-1.33831130524342e-05,-0.000228333064002051,2.3969296065296e-05,-0.00142769533508336,-1.06396704335765e-05,-0.000160978920253463,0.000639963821513767,-4.07309218344309e-05,-0.00146163113465558,4.9433997855175e-06,-9.29658690607127e-05,-0.000228333064002051,-0.000195276010091838,1.89874306864013e-05,-9.89816368361929e-05,2.3969296065296e-05,5.17634724968019e-05,3.86312174853742e-05,-6.87443618909711e-05,-0.00163612873067187,-6.24847810319906e-05,-7.93025695156047e-06,-0.000224308164940901,1.89874306864013e-05,-0.00142584211682095,-0.00405821434958753,-6.50667375765579e-05,5.27470166131749e-05,0.00012204564430629,-0.000240219225918104,6.81457997764312e-05,1.89874306864013e-05,-0.00144660241196792,2.07497670672296e-05,-0.000496486966027554,4.92413564501248e-05,2.3969296065296e-05,-0.000424765956985595,-0.000243115546551209,0.0682235397374686,-1.33831130524342e-05,-0.00105753090849703,-0.00415177172009784,0.000127621835532388,0.000255061732612916,6.36135732943188e-05,-2.48482061238064e-06,-0.00256667176254943,-0.00245029697402277,-0.000195897230123698,3.12736892480459e-05,3.61740166701097e-05,-0.00400803656491178,-0.000955869054939384,7.44876970495412e-05,-4.97100566132502e-05,-7.44666210970024e-05,-0.000467265856648247,-0.00591660244085723,0.000123927473442365,7.03695922839032e-05,-0.000877075429150942,-0.00442451811649569,-0.00220667199065439,-0.00173216152540778,-0.000328624422884616,-0.00408069490724827,-0.00163792928763229,6.36135732960952e-05,-0.00249091356403053,-0.000618014102614417,-0.000158307537321711,-0.0033328054582844,-5.89935121428908e-05,0.000134035414539824,-0.00106713294776029,-0.00111899595244935,-0.00110073936753441
9:12784559:G:T,-4.16043206907801e-05,-0.00413845286131309,-2.35249069033827e-05,-0.00192097394713375,-0.00162915271659259,-0.00186416995138483,-1.49019153550256e-06,-0.00102654728073492,1.0615192467256e-05,-3.44616192222702e-05,-0.000124652738143105,-2.82112868328355e-05,-0.00186416995138483,2.33960501017094e-06,-1.17236798580223e-06,-0.00197157613544707,-0.000790288196805378,9.00391361469133e-08,-4.73953227331236e-06,-1.4783337469737e-06,-0.00142761589335372,2.85442108349798e-06,-0.00221925253158339,-1.17236798580223e-06,-0.000834747348562814,-1.80281564778895e-05,-0.00180595192219624,-0.00197167575796442,-0.00212816190423748,-4.79120173464409e-05,-0.00142761589335372,-0.000786932268977303,2.33960501017094e-06,-1.2938289682296e-05,2.85442108349798e-06,6.26076537191267e-06,4.65333963894921e-06,-8.35808336940858e-06,-0.00248265662700753,-1.22282884547076e-05,-8.71670333246755e-07,-0.00067917453871047,-7.38070823151915e-05,-6.45845047007043e-05,1.33251346223773e-05,-8.24917978103912e-06,6.02044650488409e-06,1.29067238807679e-05,-0.00360127170613112,-0.00290126988451789,2.33960501017094e-06,-0.00205099096050088,2.86342913291548e-06,-0.000668093474677001,6.86448832798447e-06,2.85442108349798e-06,-9.42896301836527e-06,-0.00200886625639729,-1.33831130524342e-05,0.0840822342281324,-0.000159045483833609,-0.0079317309833149,1.33251346223773e-05,-0.00100476795711479,7.35930696116327e-06,-0.00114008689317036,-0.00124610247614587,-0.00175348243299212,-0.00277926427275954,-0.00421549471726745,4.41120369920611e-06,-4.61503013227116e-06,-9.83619880923214e-06,9.54489484072951e-06,-6.03279096900167e-06,-9.42896301836527e-06,-1.47655349689302e-05,5.35469331097715e-06,1.30486525975471e-05,7.97275796582397e-06,-0.00405512054935464,-0.00196059405698268,-0.00143394878052927,1.65903870010808e-05,-5.13863566986572e-05,-3.77924595191814e-05,-0.00180425264943906,7.35930696116327e-06,-0.00281784661638795,-0.000114796408739792,-2.18603615778079e-05,-0.00433179934649974,-7.49601251381904e-06,-2.0017527873506e-05,-4.96022646601091e-06,-0.00185291069353877,-0.00272504140002017
9:12784668:G:A,-0.00176188944475797,-6.21559539126793e-06,0.00028495651419469,-0.000662101694499206,-0.00136604180856725,0.000148045655825157,-0.000221022158045869,-0.00646947113507723,-0.00154483231781821,-0.000525395863189893,-0.000337479530793772,-0.000882056033466583,0.000148045655825157,-7.63997289441321e-05,-0.00274076172309812,-0.00232197935224665,-0.00408089524160093,-0.000250469785584073,-0.000223566784300466,-3.19623564823956e-05,-0.000677018046959965,-0.00198164645908516,-0.00196996794641624,-0.00168180976078958,-0.00464555124978006,-0.00132807224037279,-0.00138177322296151,-0.00166137150423129,-0.000922989051413303,0.000132798446990989,-0.000677018046959965,-0.00453461893066764,-0.00217582280133932,-0.00425355914118608,-0.00198164645908516,-0.00207628359322864,-0.00201137242249594,-0.00154098313038187,-0.00308040864978487,0.000128355382999601,-1.89084348161117e-05,-0.00423517140296159,-0.00226918300260692,0.000159585808224172,-0.00102803622345515,-0.000141765623656198,-0.000454527131606319,-0.00238544293648779,-0.00053643213309762,-0.00122692397942092,-0.00217582280133932,2.7641734477335e-05,-0.00236232631913769,-0.00452580677773318,-3.96660338601862e-05,-0.00198164645908516,-0.00263520308310028,-0.00667004140442984,-0.00105753090849703,-0.000159045483833609,0.170718327772984,-0.00492002933554403,-0.00102803622345515,-0.00259097090010307,-0.000178256194003801,-0.000343451492970992,-0.00339644697871266,-0.00157711099201174,-0.0014796921041258,-0.00189172801246063,-0.00468808340564486,-8.32783114486091e-05,-0.00684060362527283,-3.42639612176399e-05,-0.0030790284355211,-0.0012597173821538,-0.000250159174318476,-0.00190050418933385,0.000254629208852997,-0.00247716564229883,-0.00044336545701551,-0.000498856480261711,-0.00120463393875792,-0.000136095369504652,-0.00240663035624511,-0.00566400301278591,-0.00192196535423683,-0.00461447782604196,-0.00753284747724958,-0.0021613153693254,-0.000983186648029211,-0.000166724350053826,-0.000127139951645816,-0.00688665273908473,-9.02964050757404e-05,-0.00307949252851181,-7.82432058219484e-05
9:12784883:T:C,-0.00501218138719084,-0.0041348659516256,-0.00655651386384282,-0.00818279541380385,-0.000985425629366432,-0.0102728879064284,-0.00779331201725242,-0.00704064423674877,-0.00482026163399851,-0.000667038679574627,-0.00431142251094485,-0.00280168342602849,-0.0102728879064284,-0.00166267257990427,-0.00251453151556902,-0.00956863904839356,-0.00409131341525448,-0.00315862868105388,-0.000479109896706298,-0.00240092974596084,-0.00299774261652708,-0.00139778437742066,-0.00464904117794074,-0.00103917829311495,-0.00728592174895626,-0.00557721134756939,-0.00293032116465763,-0.0126675083113517,-0.00320862382331111,-0.0049875360141014,-0.00299774261652708,-0.0076885907006421,-0.000208087156902792,-0.00764988547292145,-0.00139778437742066,-0.00235419126828518,-0.00169678918183003,-0.0137314283238275,-0.0046892085673953,-0.00580308094540882,-0.0038711841988448,-0.00813809665146081,-0.000208087156902792,-0.00172036980853063,-0.00508639705887681,-0.0032183377757935,-3.3681683992981e-05,0.000131275349836812,-0.000481767373876174,-0.000601617898724705,-0.000208087156902792,-0.00810583078061677,-0.000916478961291212,-0.00929289836917224,-0.00949322938448649,-0.00137588210643269,-0.000286492242773662,-0.0092006293981548,-0.00415177172009784,-0.0079317309833149,-0.00492002933554403,0.381638209518063,-0.00173499637650654,-0.00434891216703726,-0.00194106161694751,-0.00795512263126241,-0.00279717975721372,-0.00701908738829582,-0.000776245014924015,-0.00715114536986494,-0.000488447885711452,-0.00259527169998464,-0.000606852100047739,-0.00257097100223769,-0.00695332627604284,-0.000286492242773662,-0.000512147328868728,-0.0100399846835026,-0.00550324445976536,-0.00272659339240988,-0.00154947924643212,-0.00787723285361075,-0.000497104401893989,-0.000883563965098588,-0.000876785981538397,-0.01162880502359,-0.00378328897769631,-0.00440907559400605,-0.000956039536982534,9.62985784811465e-05,-0.00213921765735403,-0.00130217085679218,-2.34716929581325e-05,-0.0034915227619603,-0.000469717339292686,-0.00305753837947975,-0.00198568480632
9:12786478:G:C,0.000325036945679535,2.60658619488652e-06,0.000101474995966022,-0.00184724224788368,0.000144918748961054,-0.000610044974290957,-0.000462039362942868,-0.00128468088171463,-0.000200219547898506,0.000287976077248508,-0.00107832891789617,0.00024469102634761,-0.000610044974290957,-0.000653128167792616,1.06006904205813e-05,-0.00179782280907226,-0.00113757450158403,-7.52887115229584e-06,3.40790456476725e-05,1.33251346223773e-05,-0.00136548981797446,-3.33176077056407e-05,-0.00431346195489724,1.06006904196931e-05,-0.00116591660215004,0.000166641291448499,4.96002809988738e-05,-0.000712228099078338,-3.8140478374693e-05,0.000101020445168132,-0.00136548981797446,-0.00595174275147947,-2.83898267525728e-05,0.000124277482211888,-3.33176077056407e-05,0.000346352737387257,-5.80687951030612e-05,7.7336186208754e-05,-0.00350076224068907,6.1478599595155e-05,-0.00110455853735747,-0.00577375688014481,-2.83898267525728e-05,-0.000926497130623538,-0.000179294572340893,8.23868863424337e-05,-7.18669632417956e-05,-0.000174180041460303,0.00029228151698657,-9.792878690984e-05,-2.83898267525728e-05,-0.000711899898817592,0.000168889917702586,-0.00570245927391078,-0.000706206948792421,-3.33176077056407e-05,9.17704687966037e-05,-9.26273979722225e-05,0.000127621835532388,1.33251346223773e-05,-0.00102803622345515,-0.00173499637650654,0.0663659090544204,-1.97858881874069e-05,-9.35782441908728e-05,0.000388092242178395,-0.000944266513418057,-0.000913422088692606,-0.000323896162319315,-0.000617415334656535,-5.56768201311897e-05,4.66893247255129e-05,9.49688475442301e-05,-0.000887462855037491,5.85311580367787e-05,9.17704687966037e-05,0.000137882349791063,-6.50838668603271e-05,-0.000230394239895126,-0.000100067079997324,-0.000266112680290753,-0.00402774777645654,-0.000319607045630832,-0.000450603731609434,0.000395936538332364,-0.00567293123394386,-0.00122173329813791,-0.000647738923757579,-0.000448153305590004,-0.00371882862082451,0.000198151329256824,-0.000725685758466987,7.63016983151843e-05,-0.000476084030819557,-0.00133980121148713,5.55206400978392e-05,-0.000572582516455533
9:12786481:T:C,-0.00310445375112511,4.28485792181021e-06,-0.000719056970388543,-0.0036474509964588,-0.00341871488712187,-0.000786554172237608,-0.000829527299049282,0.000834408163397082,-0.000288956770130078,0.000578968429821636,-0.0027745936056629,0.000492337233006346,-0.000786554172237608,-0.000725138071484999,1.74301918560715e-05,-0.00854612891671991,-0.00230893950390154,-0.00428026014006821,-0.000858244447823786,2.19116451258827e-05,0.000544426733439352,-6.97643812328508e-05,-0.00168440785848301,-0.0010535503885345,-0.00260779152909763,0.000334197964722449,9.66743344195109e-05,-0.00118500676372424,-7.67660444642715e-05,-0.00368010986962641,0.000544426733439352,-0.00259021601094211,-0.000725138071484999,0.000249289617309856,-6.97643812328508e-05,-0.00131255068032665,-0.000126596224321318,-0.00384569212366248,-0.0014206094137803,-0.00384263324869405,1.29991365689364e-05,-0.00261615506500368,-6.18430475851639e-05,-5.14272487111e-05,-1.97858881874069e-05,0.00016529415691835,-0.000148171309788836,-0.000365509495128258,0.000586691439810494,-0.00111590550464147,-0.000725138071484999,-0.000804669622636034,-0.00146437001033473,-0.00233901534970249,-0.00339211183919552,-6.97643812328508e-05,0.00018127231062337,-0.00164671850903986,0.000255061732612916,-0.00100476795711479,-0.00259097090010307,-0.00434891216703726,-1.97858881874069e-05,0.122941454207673,-0.000201194732302845,0.000227956816302388,-0.000842555284456648,-0.00487959978703278,-0.000688507544474248,-0.00265394571805011,-0.000122854075813805,9.1795663379024e-05,0.000186720252186134,-0.00135128889122793,-0.00107547027261745,0.00018127231062337,0.000272776633989835,-0.000488147185052412,-0.000367850775994327,-0.000464394927921497,-0.0016059084698421,-0.00104663620235002,-0.00172790013216417,-0.000758247973704052,0.000799101307750405,-0.00962006132365323,-0.00215142940458701,-0.000201194732301957,-0.0028954121537943,-0.00312328212164115,0.000400040075212438,3.23556976589146e-06,0.000154936672332795,-0.0135036886863942,9.66743344195109e-05,0.000106599138706365,-0.000462474318825734
9:12788206:A:C,-0.00202202598635282,1.44279161595762e-06,-5.44111595930374e-05,4.76900867507624e-06,-0.00453715243894681,-0.00136058693839836,-0.00148178532900722,-0.00226979831407093,-0.000941459181217574,0.000137876238187395,-0.00146968788648483,0.000118336681143028,-0.00136058693839836,-1.40365615379778e-05,5.85795023777536e-06,-0.000209498259642338,-0.00185071946456095,-2.32266888389177e-06,-0.00564683643452657,-0.00264685663509123,0.000132345620136753,-1.68180845845356e-05,-0.00151037092495443,5.85795023777536e-06,-0.00190632541481017,8.22007328267205e-05,-0.00217250202826857,-0.00309484855453768,-0.000162034500212016,-0.001873598355429,0.000132345620136753,-0.00182553284699294,-1.40365615379778e-05,6.18858843868253e-05,-1.68180845845356e-05,-4.05749143155276e-05,-2.88838463280428e-05,-0.00239268479316301,-0.00134084327694239,-0.00180095726302643,-9.21931850266233e-05,-0.00163457803229328,-1.40365615379778e-05,-0.000923657039899162,-0.000511805448796032,4.14025560706577e-05,0.000270680550307212,-0.000468132469770843,0.000139899115077391,-4.97872455715864e-05,-1.40365615379778e-05,-0.00150063460159888,-1.89473499796478e-05,-0.00160851577178089,-0.00484805755909345,-0.00117500696361184,-0.00209502802658168,-0.00664587520426174,6.36135732943188e-05,7.35930696116327e-06,-0.000178256194003801,-0.00194106161694751,-9.35782441908728e-05,-0.000201194732302845,0.0965137430786918,-0.000332875030438551,-0.00267246845736624,-0.000863129847567201,7.84032568388326e-05,-0.000286396560868596,-0.00139814968742602,2.38644907080143e-05,4.80411758969623e-05,-0.00200487954296058,3.02429511247482e-05,4.63571842184152e-05,-0.00226576129080769,-0.001153496950276,-9.14682210284568e-05,-5.1047870317511e-05,-0.0028034666002501,-0.000886810518220038,0.000160431359320867,-0.00236676780332257,-0.0047100174178123,-0.00177195625877191,-0.000247788532600879,-4.72255253995968e-05,-0.000106465732817362,4.09457714036776e-05,9.67274646521687e-05,-0.000509311881635277,3.81783641927314e-05,-0.00110255760059896,2.54354864903661e-05,-0.00446292133080206,-9.43050463586559e-05
9:12788315:G:A,-0.000147402731915491,-1.0735912326254e-05,-0.00358700259571787,-0.000296293074374177,-0.000192417836602843,-0.00548670828379016,-0.0081752345834829,-0.00120001194240027,-0.000104335602940431,-0.00560392035030333,-0.000528960572961701,-0.00139095436271486,-0.00548670828379016,-2.28863543592084e-05,-0.00258654885465326,-0.00214139947351821,-0.00377512286660009,-0.00155616098231448,-1.64049531177213e-05,-0.00549280360726367,-0.000412876972248455,7.516664080498e-05,-0.0200286890202657,-4.4131856749452e-05,-0.00856670007440519,-0.00107959992864437,-0.00014770624146454,-0.00579606606601057,5.6215877832777e-05,2.54011003235632e-05,-0.000412876972248455,-0.00885912246833254,5.49298848788737e-05,-0.000773283119505308,7.516664080498e-05,-0.000117995007999916,-0.00082618590283623,-0.00166000055590487,-0.0235973163233716,6.66526610082485e-05,-0.00187021981192448,-0.00913217281176415,5.49298848788737e-05,-0.00256728907199832,-0.00199077462247121,-0.000731450523448807,0.000167710422207534,-0.00125484424760192,-0.00457200431262539,-0.00907332409516037,5.49298848788737e-05,-0.00488047300112271,-0.000436087237885019,-0.00874677987216677,-0.00140722144326366,7.516664080498e-05,-0.00687430204390793,-0.0126214383050605,-2.48482061238064e-06,-0.00114008689317036,-0.000343451492970992,-0.00795512263126241,0.000388092242178395,0.000227956816302388,-0.000332875030438551,0.255314687259879,-0.000713318578382971,-0.00757895085487226,-0.000252563445950926,-0.00300513370526945,-0.00713776196869986,-0.000135176932130499,-0.000453685647468838,0.000130576177693076,-0.000193419242939363,3.99846168388507e-05,2.6377577613701e-05,-0.000611169725698524,-0.000653068592024297,-0.000697355959027313,-0.00098073319006442,-0.000640853782922779,-0.000331909218795445,-0.00156926891783815,0.000339015774914131,-0.00667094284140424,-0.00312151273029837,-0.000560380954644835,-0.000289355154631465,-0.0130082646676382,-0.000883436742030952,-0.00368115047219941,0.000191871240589059,-0.00262221845489341,-0.00331638643989685,-0.00152263293565547,-0.000677214185063946
9:12790262:A:C,-0.00517572685079415,-0.00430142290959878,-0.00462601985302946,-0.00322959800789846,-0.000465478632287741,-0.00559142646375266,-0.0132779702529757,-0.00245622991741046,-0.00671124637906484,-0.00343234960847338,-0.00156884730856977,3.50214685882477e-05,-0.00559142646375266,-0.00168860948061589,-0.00225665095261185,-0.00335529767979192,-0.00255088348276322,-0.00396574597951815,-0.00263810336159587,-0.00232481965505915,-0.00931797567430337,-0.00137813915522855,-0.00637696346114192,-3.18163549621886e-05,-0.0030610712606669,-0.00396054705485671,-0.00256229530355334,-0.00694970170819298,-0.00147258290583485,-0.00275976471871031,-0.00931797567430337,-0.00325260557068408,-0.00193348244739155,-0.00149307316336422,-0.00137813915522855,-0.00173096463875311,-0.00723377227989719,-0.0206250654037965,-0.00875474265852816,-0.00153637347356872,-4.68320458910654e-05,-0.00334926646656974,-0.00369459502828828,-0.00777854933606115,-0.00244839858570511,-0.0011283521580161,4.9051750838025e-05,-0.00168362695313906,-0.000218977453455338,-0.00514667064136898,-0.00193348244739155,-0.00502494647110474,-0.00185501573239444,-0.00387435010564241,-0.00218607631133283,-0.001662430191673,2.65281681963714e-05,-0.00308930022854081,-0.00256667176254943,-0.00124610247614587,-0.00339644697871266,-0.00279717975721372,-0.000944266513418057,-0.000842555284456648,-0.00267246845736624,-0.000713318578382971,0.349333922206445,-0.0122378079115162,-0.00298647023420884,-0.00663284322989455,-0.00857299454132665,-0.000395223510055942,-2.78700260798459e-05,-0.00909441613650808,-0.00750668868187976,-0.000210074266461469,-0.00211126600971889,-0.000618156540157067,-0.00738291683994508,-0.00141307392087686,-0.00554863653200943,-0.00167273340913487,-0.00024386204004001,-0.000343972530445935,-0.0097984850863222,-0.00712426571429692,-0.00481480055471373,-0.00399225353545685,-0.0013451441621215,-0.00467268292475964,-0.00436005317702648,-0.00413861267381943,-9.81892326086253e-05,-0.00376979553440782,-0.00187892106629484,-0.00435384815269035,-0.00146368015193854
9:12792207:G:C,-0.0055075646633882,-0.00411003252410236,-0.00337086288330957,-0.00096785529965171,-0.000306806657997871,-0.000419938952597843,-0.00431850647607845,-0.00661555213009324,-0.0107613672949043,-0.0087935048176373,-0.00207365544281668,-0.000159053440568435,-0.000419938952597843,-0.000104850482081531,-0.00192142602554579,-0.00474643178634482,-0.00817301366137579,-0.000249856843799634,-0.00227530581196245,-0.0076699108296383,-0.00147192624719761,-0.00126363655954886,-0.000641742903592757,-0.00234935827396754,-0.00321346171079151,-0.00217851130197744,-5.57719896869813e-05,-0.002213122560764,-0.00166511489109711,-0.00240302449209784,-0.00147192624719761,-0.00310546377313559,-0.00127543002389707,-0.000534770250243177,-0.00126363655954886,-0.00167960481649665,-1.99568729097876e-05,-0.00925974766705417,-0.000556977182506468,-0.0033665354723964,-0.0111385933012267,-0.00623550190854116,-0.00369922035578352,-0.000542163253107297,-0.00272311326883834,-0.000258949078811632,-0.000272103606019591,-0.000294324809154034,-0.0117373950648472,-0.000469743566278602,-0.00127543002389707,-0.000102750930589757,-0.000377892498186316,-0.0037493941007205,-0.00104171268559705,-0.000128260849611372,-0.00378979533927648,-0.00120829889765695,-0.00245029697402277,-0.00175348243299212,-0.00157711099201174,-0.00701908738829582,-0.000913422088692606,-0.00487959978703278,-0.000863129847567201,-0.00757895085487226,-0.0122378079115162,0.287536881871763,0.000216570608926325,-0.00518626182608184,-0.0059962462343508,-0.00132481983011257,-0.00302064957542836,-0.0107169856578366,-0.00583179425389257,-0.00313444382075989,-0.0018804239427368,-0.0046148926585996,-0.00063295212171699,-0.000496348658007406,-0.00100216755159765,-0.00529640058933323,-0.00168862305210826,-0.00497140901948256,-0.000481844532836284,-0.00204824104903611,-0.000356268683001204,-0.00782046270256709,-0.000311950275322381,-0.000729520939804829,-0.000195589650247463,-0.00226834370359974,3.03780439097068e-05,-0.00446835994034345,-0.00595058170095175,-0.00277985112214552,-0.0033057108449519
9:12793248:T:C,0.000162937190125945,3.9211136497741e-06,-0.00237207055038446,-5.68358102004396e-06,-0.00404060301943598,-0.000312784440932745,-0.000252895913929407,-0.00601031198761559,-0.000930102834209023,-0.00617038296014716,-0.000919380088990174,-0.00293338645241015,-0.000312784440932745,3.9974360119821e-05,-0.0028282557469792,-0.000140943539178373,-0.00501752980377068,-2.12108916883835e-05,-0.000486058132352696,-0.00277926427275954,0.000170806625352071,-5.9589195385179e-05,-7.81342495441706e-05,1.59450111105741e-05,-0.00437203433591149,-0.000802089673150874,-0.00192806657658462,-0.000305072435163645,-0.00091131151082724,-0.00785381906679383,0.000170806625352071,-0.00424726342864679,-5.2254954518105e-05,-0.00168922400191374,-5.9589195385179e-05,-0.00122764521090524,-0.00125269225213032,-0.00528673971203819,-0.000227151865388464,-0.00817244852770482,-0.00291341237610165,-0.00245074017800828,-0.00345280128562031,-0.00359169897558953,-0.000551852506666783,0.000141148511428213,-0.000127608624308273,-0.00205255049954456,-0.00559897141740251,-0.000178236695672851,-5.2254954518105e-05,-0.000206668939038757,-0.00127048677601671,-0.001782719349396,-0.000421664107724595,-5.9589195385179e-05,-0.000931102591427369,-0.00512523460322001,-0.000195897230123698,-0.00277926427275954,-0.0014796921041258,-0.000776245014924015,-0.000323896162319315,-0.000688507544474248,7.84032568388326e-05,-0.000252563445950926,-0.00298647023420884,0.000216570608926325,0.158975863538037,-0.0071374524030352,-0.00128531732773673,-0.00472603717624231,-5.45700231509016e-05,-0.00490239781098989,9.70973866412095e-05,-0.00477357834651837,-0.00191605916837823,-0.000117661412677883,-0.000990921726554461,-0.000181309096026538,-0.00105468079162918,-0.00443343993924472,-0.00114257110316895,-0.00330463306952122,0.000656929745960433,-0.00116691113950118,-5.53232016491378e-05,-0.000171985131029118,-2.36455667375068e-05,-0.000263503773973994,-0.00107979558985782,-0.00246100790132431,-0.000565081805218526,-0.00142709425367826,8.35727651260498e-05,-0.00173037670760223,-0.00153971833996547
9:12793817:C:T,-0.000655045620717942,-0.00660626058942615,-0.00149451111637777,-0.00211853601327405,-1.62813515629523e-05,-0.0052635695750789,-2.78202701418095e-05,-0.00450110833847672,-0.00320351017955467,-0.00301104020992504,-0.00204682389439714,0.00027178292398844,-0.0052635695750789,-0.000697121401203482,-5.27068224362992e-05,-0.00424890308843118,-0.00446986924352677,-0.000670680789981226,-0.0002648607761504,-0.000180171262869955,-0.00909805959715904,8.16852918434918e-05,-0.000118394373396669,-0.0104294640775127,-0.003540991112434,0.000412293569680422,-0.000208896509971801,-0.00705245241193619,-0.0177525668642646,-0.00418662149032212,-0.00909805959715904,-0.00378233613475842,-0.00861123608451919,9.8690010892355e-05,8.16852918434918e-05,-2.29315517392692e-05,-0.00284217207777093,-0.00136693935799492,-0.000582994266452808,-0.00469968321014136,-3.68288233527636e-05,-0.00451549176662391,-2.6908901970657e-05,-0.00251692753820487,-0.0021677756154963,-0.000251434297436681,0.000182796741263758,-6.4987125763416e-05,-0.00432221552744227,-0.000269596989877385,-0.00861123608451919,-0.00489481280132953,-0.000365454579176472,-0.00803262170444885,-0.0214142383220186,-0.00481092502272418,-0.00390785639626046,-0.00850192885227363,3.12736892480459e-05,-0.00421549471726745,-0.00189172801246063,-0.00715114536986494,-0.000617415334656535,-0.00265394571805011,-0.000286396560868596,-0.00300513370526945,-0.00663284322989455,-0.00518626182608184,-0.0071374524030352,0.324099396484158,-0.00438752063188286,-0.000149172831596545,-0.0008611460498269,-0.00762742429992702,-0.00427698268493959,-0.00704935310248977,0.00095243782307719,-0.00673613048104649,-0.00453514875332939,-0.00155985491911803,-9.14850422599756e-05,-0.00662793810850992,-0.00376084165192569,-0.00204473222881152,0.000695307730767425,-0.0120584100887102,-0.00153959379154855,-0.00545237089160633,-0.00177984455125113,-0.0016492909381749,-0.00498108471869152,-0.00147407220047002,0.000241023135606255,-0.00446967421831745,-2.30116671371405e-05,-0.0012200335499859,-0.00111800922829897
9:12797355:C:G,-0.00190929093103254,8.66778448127548e-07,-0.00204175478543966,-4.6701911507796e-05,-0.00229518890954417,-0.00284166524620133,-0.00373953730130161,-0.00169834834135507,-4.18880120127696e-05,7.56595699362705e-05,-0.000982578496711461,-0.00124515457999674,-0.00284166524620133,-8.0662135033549e-06,3.51331481862616e-06,-6.79358694339882e-05,-0.00162542094602802,-9.71203790278707e-07,-0.000125623101168593,4.41120369920611e-06,-0.00167409698142329,-9.75992493046363e-06,-0.00575150277611769,-0.00251335292966282,-0.000207894426915267,4.6345709258766e-05,-0.00232678893551608,-0.00269517395587027,-0.00114371606480113,-0.00209006779870524,-0.00167409698142329,-0.000203176812400674,-0.00308105417218218,-0.0032687773913187,-9.75992493046363e-06,-0.00143096606816417,-0.00149476765786716,-0.00222652174876359,-0.00511595405093512,-0.00218148083773873,2.62334352107985e-06,-0.000169837454969013,-8.0662135033549e-06,-0.000716814089451567,-5.56768201311897e-05,2.37370266198411e-05,-2.15881318039735e-05,-5.36165827389468e-05,7.670928152681e-05,-0.00287748764741558,-0.00308105417218218,-0.00260383848459256,-0.00153415799534784,-0.000250139150862694,-0.00133719268864407,-9.75992493046363e-06,2.66034949421012e-05,-0.000752999058361681,3.61740166701097e-05,4.41120369920611e-06,-0.00468808340564486,-0.000488447885711452,-5.56768201311897e-05,-0.000122854075813805,-0.00139814968742602,-0.00713776196869986,-0.00857299454132665,-0.0059962462343508,-0.00128531732773673,-0.00438752063188286,0.142233524637742,1.38260418767189e-05,-0.00524234170014815,-0.000784689948034156,1.75738344241338e-05,2.66034949421012e-05,3.91651944919857e-05,-1.91662664814629e-05,-5.43103607739681e-05,-2.99014887756854e-05,-8.15366049842225e-05,-0.00133664177085269,-0.00237004418530162,-0.000305515935162148,-0.000956832027657839,-0.00305181597174542,-0.00143586116576522,-0.00286045620317044,-0.00125913219164886,-0.00399569742406403,5.41168366519074e-05,-0.00501635173692527,2.18648926120224e-05,-0.000899680071780651,-0.00232678893551608,-0.00213675079569065,-0.000328233562847835
9:12801539:T:C,-0.00138342929659796,-8.99621857897159e-07,-0.00153020659082692,-0.00159835400760855,-4.40121692228956e-05,-0.00855560730186511,-0.0027723643075932,-0.00231329577182393,3.58553596404576e-05,-8.8530841801493e-05,-0.00554771214333183,-7.42536785240944e-05,-0.00855560730186511,-0.00259300791399752,-0.00180620204201798,-0.00163514805733023,-0.00236910277254943,-3.55584193201253e-08,-1.48121450216365e-05,-4.61503013227116e-06,-8.5175092544354e-05,8.92194438861793e-06,7.69349610774128e-06,-3.66819194308476e-06,-0.00245237621123895,-0.000959410422151308,-1.48014111820416e-05,-0.00804418628055092,-0.00251911768225899,-3.3081310597538e-05,-8.5175092544354e-05,-0.00244619238356236,7.22210661852074e-06,-3.66216099534356e-05,8.92194438861793e-06,1.9903359693707e-05,1.46565699239432e-05,-0.00155920668586074,3.01950652916716e-05,-2.16284942711198e-05,-0.00188681594751561,-0.00248599782506176,7.22210661852074e-06,-0.00623871057165548,4.66893247255129e-05,-2.39908817487589e-05,1.94213660176246e-05,4.48806949124858e-05,-9.01527952210657e-05,2.53775089626984e-05,7.22210661852074e-06,-0.00791615100720655,8.60534873581287e-06,-0.00234782734226968,-0.00394749861923049,8.92194438861793e-06,-2.72985728964059e-05,-0.0135347937959658,-0.00400803656491178,-4.61503013227116e-06,-8.32783114486091e-05,-0.00259527169998464,4.66893247255129e-05,9.1795663379024e-05,2.38644907080143e-05,-0.000135176932130499,-0.000395223510055942,-0.00132481983011257,-0.00472603717624231,-0.000149172831596545,1.38260418767189e-05,0.123325917867285,-2.84304647291123e-05,3.0608681041322e-05,-1.79335778138778e-05,-0.00127181109974117,-4.14821646712582e-05,1.70845784310814e-05,4.54912445579936e-05,2.61194881687743e-05,-0.000541795548380186,-0.00164705016127975,6.24830158288958e-05,-0.00212528931995326,-0.000124712050047826,-0.00232851429709147,3.90125024321009e-05,2.38644907097907e-05,5.16381796451526e-05,-0.00140761601448158,-0.000436447093509429,-6.23113752444837e-05,0.000320463791605441,-0.00347373442419041,-1.48014111820416e-05,-1.68757574883216e-05,0.000186941818809849
9:12801878:A:G,-0.000297460431418983,-1.9166755125255e-06,-0.00299623719502851,-0.000272429243022287,-9.08392692364757e-05,-0.000578153475029097,-7.42153761512654e-05,-0.00192519571973282,7.27327901861585e-05,-0.000768216668415533,-0.00244725871962448,-0.000152266673030255,-0.000578153475029097,1.4460380717729e-05,-7.8174122313257e-06,-0.000229201814321733,-0.00241005398680816,-0.00169557462528491,-3.27279023135674e-05,-9.83619880923214e-06,-0.00229403568144892,-0.00214414959288867,-0.000163318668032986,-7.81741223221388e-06,-0.00407961451487004,-0.000571496846138331,-3.05945586243084e-05,-0.000392519847864037,-0.000191085694366322,-0.00136835310166017,-0.00229403568144892,-0.0040750477783833,1.4460380717729e-05,-0.00423958150157588,-0.00214414959288867,3.95195191149611e-05,2.93550705494638e-05,-0.00287603274416082,-0.000226067248632944,-0.00142556354774381,-5.82489661304919e-06,-0.00396784691688445,1.4460380717729e-05,-0.00730947871810805,9.49688475442301e-05,-4.92260421083301e-05,-0.000657042605197944,9.10526734054784e-05,-0.000854906744333306,-0.000877948308579235,1.4460380717729e-05,-0.000353303164410512,1.63762061706763e-05,-0.00510838101764399,-0.00310562307571605,-0.00214414959288867,-0.00119636013071833,-0.00862487996780992,-0.000955869054939384,-9.83619880923214e-06,-0.00684060362527283,-0.000606852100047739,9.49688475442301e-05,0.000186720252186134,4.80411758969623e-05,-0.000453685647468838,-2.78700260798459e-05,-0.00302064957542836,-5.45700231509016e-05,-0.0008611460498269,-0.00524234170014815,-2.84304647291123e-05,0.140562779407462,-0.00122801484697188,-3.72617974662148e-05,-0.00119636013071833,-8.54675279118311e-05,3.4557445749428e-05,-0.00283978032001375,5.28884177724009e-05,0.000126370242550244,-0.00474837271622253,-0.00694962439822699,0.000123324377375944,-0.000329321144250549,-0.00461834073587308,-0.0021743652244135,-0.00196599591495161,0.000104435039605555,-0.00130964461809224,-0.000121072767781172,-0.000426880311068523,-4.46935481557276e-05,-0.00387576526423317,-3.05945586243084e-05,-3.50096469450278e-05,-0.0142715218431908
9:12803262:C:T,-0.00243188346972634,-0.00386817273864626,-0.00249100821458992,-0.000115361671681136,-0.00934650080912025,-0.00853844581712782,-0.00309401871845427,-0.00188076144527471,-0.00268877021394687,-0.00203929001130554,-0.00639207120905727,0.000137210997795734,-0.00853844581712782,-0.00271496128881754,7.6145678580275e-06,-0.00455482159345078,-0.00151526568421989,-1.5484369755292e-05,-0.0014204473776056,-0.00246564356630508,-0.00243860391779638,-0.0053613860805406,-0.00340544558735534,-0.00285733450131076,-0.00196756000250975,9.14950361945444e-05,-0.00645438744445936,-0.00970411191941434,-0.00128831044802613,-0.000574758982092582,-0.00243860391779638,-0.00203244997633734,-0.000746147716629508,-0.000353885574573276,-0.0053613860805406,-0.000987711049549311,-0.00359642508203795,4.53922691940889e-05,-0.00540041118716506,-0.000633065506403518,-0.00224579758232846,-0.00185873091294342,-0.000100198011153019,-0.00660054956883371,-0.00157141000881111,-0.00367772284146195,-5.33958192008299e-05,-0.00142473632218643,-0.00220142981684734,-0.00507255755446234,-0.000746147716629508,-0.0128754201055088,-0.0011786955055868,-0.00183076180448216,-0.00742226564883008,-2.36067351950808e-05,-3.50866908638281e-05,-0.00160705431324981,7.44876970495412e-05,9.54489484072951e-06,-3.42639612176399e-05,-0.00257097100223769,-0.000887462855037491,-0.00135128889122793,-0.00200487954296058,0.000130576177693076,-0.00909441613650808,-0.0107169856578366,-0.00490239781098989,-0.00762742429992702,-0.000784689948034156,3.0608681041322e-05,-0.00122801484697188,0.27912971108824,-0.000603936911215186,-0.00580281679853645,-0.00259293531123017,-4.77373070175702e-05,-0.001328286884557,-0.0014253224349261,-0.00299406524103496,-0.00460924110787131,-0.00859696639157193,-0.00158281903719004,0.000192477602529273,-0.000983672093711974,-0.0012604322865597,-0.00120056166737648,-0.00169609081162747,-0.0073092019633707,-0.00604668584605328,-0.0107899921927341,4.75782727615837e-05,-0.00687341776794348,-0.0012794694902114,-7.85134882796967e-06,-0.001423493489356
9:12803588:C:T,-0.00152168433691813,-1.17335314442357e-06,-0.00017777896100668,-0.00116763616467352,-0.00141200849002132,-0.00545434642812914,-6.69962784360933e-06,-0.0101016245155447,4.5213551974399e-05,-0.00011888585331743,-0.000261583798861764,-9.9126000291605e-05,-0.00545434642812914,9.21980922008458e-06,-4.79234750283553e-06,-0.00107671304418311,-0.00559740239914586,-0.00190252071770391,-0.00174483640191969,-0.000448295927050424,-0.000256538229382208,1.14177683450123e-05,9.65450284429181e-06,-0.00191093264672659,-0.0056046799792977,-6.56707388637656e-05,-0.00156158163888342,-0.00701957559237076,-7.29132764298868e-06,-0.00270281218180912,-0.000256538229382208,-0.00566803466811816,-0.00245317360480612,-4.81009300115076e-05,1.14177683450123e-05,2.51922463743171e-05,1.86414183547257e-05,-0.00166990238029374,3.80941552906577e-05,-0.00259602917810575,-3.56919130606315e-06,-0.00147335794768821,-0.00215335461357302,-5.01689080030232e-05,5.85311580367787e-05,-3.13212920088901e-05,2.47431945741283e-05,5.62953857681237e-05,-0.000121167270273226,3.21646922731844e-05,-0.00245317360480612,-0.00363675514261619,1.08360625796777e-05,-0.0012883893110498,-3.93326447873932e-05,1.14177683450123e-05,-0.00311138263302002,-0.000493649106653393,-4.97100566132502e-05,-6.03279096900167e-06,-0.0030790284355211,-0.00695332627604284,5.85311580367787e-05,-0.00107547027261745,3.02429511247482e-05,-0.000193419242939363,-0.00750668868187976,-0.00583179425389257,9.70973866412095e-05,-0.00427698268493959,1.75738344241338e-05,-1.79335778138778e-05,-3.72617974662148e-05,-0.000603936911215186,0.134442506655704,-3.57445835224013e-05,-5.46798145171223e-05,2.17556337283042e-05,-0.00153615553560105,3.31055904077004e-05,7.80554480330764e-05,-7.6533705447801e-05,-0.000232651143534213,7.56430430044475e-05,-0.000989165313157514,-0.00072780008924056,-0.00192814193094293,3.02429511256364e-05,6.44662559050602e-05,-0.0079905375194933,-0.000230206621929518,1.80944880954215e-05,-2.84750610690665e-05,-0.00586821236586132,-1.92792574891243e-05,-2.2028634928617e-05,-0.00273102053304441
9:12804054:T:C,-0.000323699902263996,-1.83806574138856e-06,-0.00140913849143409,-0.00150919524674542,-0.00262300029996343,-0.00188488043806512,-0.0059937395174936,-0.00197472667615095,7.0223350518539e-05,-0.000713802537646302,-0.00237044443512513,-0.00479207430777606,-0.00188488043806512,1.39398687064585e-05,-7.49452848403109e-06,-0.0015248259160483,-0.00183931197644505,-9.46513841526553e-07,-0.00282896786491715,-0.00292375051487159,-0.000167496344583462,1.74265591850187e-05,-0.00576076719646146,-0.00296558393952928,-0.00180363583646947,-9.77048331671782e-05,-0.00131756642929926,-0.00174282040076168,-0.0059663005388142,-6.65744763885812e-05,-0.000167496344583462,-0.00179734319322478,-0.00253666140099273,-0.000781968126371879,1.74265591850187e-05,3.81573259087276e-05,-0.00201266347952078,-0.00314536533258458,-0.00528309599271992,-4.41850291297285e-05,-5.58487821855636e-06,-0.00177047026999677,1.39398687064585e-05,0.00011086227541135,9.17704687966037e-05,-4.72461941249946e-05,3.81303109788789e-05,8.79836692142533e-05,-0.000800326280954167,4.94891537092812e-05,-0.00253666140099273,-0.00171303022738822,1.58483700252177e-05,-0.00188082796437605,-0.0107897351830211,1.74265591850187e-05,-5.39565984283286e-05,-0.0139301689961737,-7.44666210970024e-05,-9.42896301836527e-06,-0.0012597173821538,-0.000286492242773662,9.17704687966037e-05,0.00018127231062337,4.63571842184152e-05,3.99846168388507e-05,-0.000210074266461469,-0.00313444382075989,-0.00477357834651837,-0.00704935310248977,2.66034949421012e-05,-0.00127181109974117,-0.00119636013071833,-0.00580281679853645,-3.57445835224013e-05,0.155735838060601,-8.18871617518369e-05,3.33163392731706e-05,8.92620305092962e-05,5.10250433825021e-05,-0.00407445363559589,-0.000385486368358556,-0.00187789933367544,0.000119365195923926,-0.00625377293388318,-0.0091661779498029,7.56953222271761e-05,4.63571842193033e-05,-0.00207160620506652,-4.24983087281561e-05,-0.000115908740334625,-0.000205934423446408,-4.29154458370107e-05,-0.000543837258531354,-2.93689086134918e-05,-0.00316116047754811,-0.000170322522767385
9:12804682:A:G,-0.000771416277506098,-2.87784735242269e-06,-0.00312773128759858,-0.00151233667473871,-0.00343248794565643,-6.65281325353817e-05,-0.00153677946563224,-0.000302443279617925,0.000105190477785122,-0.000737054573166418,-0.00262640617277565,-0.000600284103072113,-6.65281325353817e-05,2.0599886235928e-05,-0.00160035604418685,-0.00150639267974029,-0.00278687633136254,-0.00268794384523474,-0.000263413595900985,-1.47655349689302e-05,-0.000253594435536186,2.60746564020309e-05,-0.00162486687289753,-0.00160035604418596,-0.00272721602763681,-0.00104829983101506,-4.47168036217249e-05,-4.25611896632816e-05,-0.00742732924363487,-0.00129011011846281,-0.000253594435536186,-0.00285580117655204,2.0599886235928e-05,-0.000108910693413122,2.60746564020309e-05,5.59280978720267e-05,4.18611143828684e-05,-0.000473591013625985,-0.00182842649544401,-0.00133715053869743,-8.74498692304826e-06,-0.00321497003254212,2.0599886235928e-05,-0.00228371821922302,-0.00138746980661786,-7.14257514982108e-05,5.7322506823887e-05,0.000131846361932197,-0.000825245950009545,7.38490121836577e-05,2.0599886235928e-05,-8.89077550922934e-05,2.22122754562903e-05,-0.00315299290078652,-0.00250999762365023,-0.00476208696960967,-8.18871617518369e-05,-9.59384369094707e-05,-0.000467265856648247,-1.47655349689302e-05,-0.000250159174318476,-0.000512147328868728,0.000137882349791063,0.000272776633989835,-0.00226576129080769,2.6377577613701e-05,-0.00211126600971889,-0.0018804239427368,-0.00191605916837823,0.00095243782307719,3.91651944919857e-05,-4.14821646712582e-05,-8.54675279118311e-05,-0.00259293531123017,-5.46798145171223e-05,-8.18871617518369e-05,0.0955235914627282,4.97409306055019e-05,0.000133884232316639,7.62769302031785e-05,-0.00217622189491351,-0.00280059641537012,0.000183832163120456,-0.00211679126904052,-0.000483636028833168,-0.000204083584185,-5.18692098934181e-05,6.88972588669401e-05,-0.00454650969291936,-0.000366531777479473,-0.000174778972334089,-0.001020466076878,-6.4675652128976e-05,-0.000396726742775577,-4.47168036217249e-05,-0.00316784699105899,-0.00315533742490981
9:12806234:C:T,-0.0063093966734753,1.04892504904086e-06,3.70787844907738e-05,7.20499781161621e-05,5.24232238001687e-05,-0.0035041177216808,-0.000237095362763284,-0.00267492238299027,-0.00068921003558664,0.000101015309113883,-0.00588057879194004,8.62600628765975e-05,-0.0035041177216808,-9.82775557378801e-06,4.26139990938879e-06,4.60215554971555e-05,-0.00314113880622724,-0.000246082995910335,1.54917190204884e-05,5.35469331097715e-06,9.69320522203887e-05,-1.1842850468291e-05,-0.000264631422252748,4.26139990938879e-06,-0.00161839408713682,-0.00501935052910785,1.8234182858734e-05,-0.00335744197018251,-0.0032744723249083,-0.000216076118499942,9.69320522203887e-05,-0.00162013736809552,-9.82775557378801e-06,4.45399261010948e-05,-1.1842850468291e-05,-0.00118553357515871,-2.0160145389525e-05,2.91429263903353e-05,-0.000344942180647401,-0.000220581358758132,3.17945616767901e-06,-0.00159599569027336,-9.82775557378801e-06,-0.00623837817400741,-0.000377591372493491,2.96689158689745e-05,0.000388090553864018,-6.27957874685947e-05,0.000102567644346685,-3.4769546203961e-05,-9.82775557378801e-06,-0.00326241018325923,-0.00128613723066717,-0.00167995693748768,-0.00517044045702164,-0.00106334404231312,3.33163392731706e-05,8.83517643757159e-06,-0.00591660244085723,5.35469331097715e-06,-0.00190050418933385,-0.0100399846835026,-6.50838668603271e-05,-0.000488147185052412,-0.001153496950276,-0.000611169725698524,-0.000618156540157067,-0.0046148926585996,-0.000117661412677883,-0.00673613048104649,-1.91662664814629e-05,1.70845784310814e-05,3.4557445749428e-05,-4.77373070175702e-05,2.17556337283042e-05,3.33163392731706e-05,4.97409306055019e-05,0.112747341648584,-6.35668792670074e-05,-3.56779031864818e-05,0.000334128378977283,-0.00576903329446221,-0.000864560164048456,-8.7996007177793e-05,-0.00141562312057975,-0.00356168755703656,-5.54517002804289e-05,-3.29229653512897e-05,-7.3593091635793e-05,-0.00232394668659097,7.01139510574933e-05,7.61675983627086e-05,2.72986605045489e-05,-0.0002859879686401,1.8234182858734e-05,-0.00283575109518353,-0.000814070460465111
9:12806755:T:C,-0.00629019355435911,2.55320306141726e-06,9.8705454017356e-05,-0.00108741876464524,-0.00168713740276605,-0.00222072335840551,-0.000392831521316417,-0.00118053245364447,-0.000134950525002786,-0.00205595032638595,-0.00368494187499202,0.000236493665261683,-0.00222072335840551,-2.76697720478225e-05,1.03814632561594e-05,-0.00358400414662174,-0.00119279995835342,-7.20063827053252e-06,-0.00127484069385275,1.30486525975471e-05,-0.00241109876604018,-3.25080193217531e-05,-0.00353968227890888,1.03814632561594e-05,-0.00231787672787931,0.000161562870202303,4.83335198318002e-05,-0.00242840844860304,-0.000437847990795603,-0.00165878278988707,-0.00241109876604018,-0.00237321837004068,-2.76697720478225e-05,0.000120680801811268,-3.25080193217531e-05,-8.02977149749751e-05,-5.66636872365578e-05,-0.00310218740825707,-0.00389122425733301,-0.00137082068298344,7.7434740806126e-06,-0.00257145475776888,-2.76697720478225e-05,-0.00138330125564234,0.000961445611421752,8.01259184051162e-05,-7.02438679764938e-05,-0.000767350576109216,-0.00213550573132348,-9.57595880271001e-05,-2.76697720478225e-05,-0.00115517656782682,-3.96094413082082e-05,-0.00106522744279935,-0.00302971927177609,-3.25080193217531e-05,-0.00189243683756501,-0.00241420071197052,0.000123927473442365,1.30486525975471e-05,0.000254629208852997,-0.00550324445976536,-0.000230394239895126,-0.000367850775994327,-9.14682210284568e-05,-0.000653068592024297,-0.00738291683994508,-0.00063295212171699,-0.000990921726554461,-0.00453514875332939,-5.43103607739681e-05,4.54912445579936e-05,-0.00283978032001375,-0.001328286884557,-0.00153615553560105,8.92620305092962e-05,0.000133884232316639,-6.35668792670074e-05,0.106203167604651,-9.78690805606419e-05,-0.000716055741651012,-0.00013084957309939,-0.000759286151180483,-0.000890314591572405,0.000380284159790634,-0.00244785900112499,-0.00103381047218853,-0.00240518312026516,-0.000888328768107627,-0.00218699399022793,0.000191835177560939,-0.000930545005858541,7.41986006396189e-05,-0.000686221238374252,4.83335198318002e-05,-0.000399502631387882,0.000395012736362332
9:12807800:C:T,0.000177334841845678,1.56119832261936e-06,5.66751623942707e-05,-0.00015015373649252,8.03207484709745e-05,-6.33721085891992e-05,5.79185488103207e-06,-0.00248210723418296,-7.62964950533629e-05,0.000155849399113173,0.000214249607467742,0.000132970899968221,-6.33721085891992e-05,-1.52973346603247e-05,6.34432544455166e-06,-0.000191672307959578,-0.00152352745499407,-2.68086003263335e-06,-0.00297468158740966,7.97275796582397e-06,-0.00225546720475123,-1.82849292738041e-05,-1.91559619056036e-05,6.34432544455166e-06,-0.00158680408985035,9.13997691833757e-05,2.78383291414386e-05,-6.06037990005248e-05,-0.00267246302706514,5.80361169273402e-05,-0.00225546720475123,-0.00154732309104411,-1.52973346603247e-05,6.84414173433012e-05,-1.82849292738041e-05,-0.000379851029109979,-0.00116296221684831,4.41658016478996e-05,-6.60764581930096e-05,3.66115240071352e-05,4.7330999572992e-06,-0.00269231254728997,-1.52973346603247e-05,0.000179372942171518,-0.000316111946586872,4.55512091175336e-05,-3.98493695099589e-05,-0.000855097889506773,0.000158218614751071,-5.37604202204278e-05,-1.52973346603247e-05,-1.91559619047155e-05,-0.000321105221765094,-0.00314910918883715,-0.00203098850817351,-1.82849292738041e-05,-0.00256396054174157,-4.42972484497872e-05,7.03695922839032e-05,7.97275796582397e-06,-0.00247716564229883,-0.00272659339240988,-0.000100067079997324,-0.000464394927921497,-5.1047870317511e-05,-0.000697355959027313,-0.00141307392087686,-0.000496348658007406,-0.000181309096026538,-0.00155985491911803,-2.99014887756854e-05,2.61194881687743e-05,5.28884177724009e-05,-0.0014253224349261,3.31055904077004e-05,5.10250433825021e-05,7.62769302031785e-05,-3.56779031864818e-05,-9.78690805606419e-05,0.0541599806015079,-0.000145837128024517,-0.00023576540602388,-0.000138551822726818,-0.000135742352093793,0.000211456572186464,-0.00288489721211072,-0.00243366759691011,-5.1047870317511e-05,-0.000963032125792296,-0.00138728430242274,0.000108031457928703,-0.00354883651393134,4.19959320572261e-05,-0.000150454316480975,2.78383291414386e-05,3.13310873174544e-05,-0.000891245779333971
9:12809562:T:C,-0.00397887372808814,-0.00358610009292804,-0.000687868797182745,0.000137082244516584,0.000189714183812306,-0.00689220913234845,-0.000988640545607211,-0.00475272066705212,-0.00312684641549055,-0.00232643103875763,0.000136803528285157,-0.000990149335082791,-0.00689220913234845,-7.65850726009987e-05,-4.01975558430578e-05,3.69941811673158e-05,-0.00490777006193355,-0.000540873541522657,-0.000434926344450304,1.71339254171343e-05,-0.00213346906399536,-0.00122377277148633,-0.00551160360013725,1.36363706824127e-05,-0.00468601384950684,-0.0010801601757624,6.6764656649454e-05,-0.0092521024419705,-0.00820668641930311,-0.00383984139348659,-0.00213346906399536,-0.00456755441123402,-4.08915516381114e-05,-0.00301887810927859,-0.00122377277148633,-0.00139966103922529,-8.46540407906105e-05,-0.00227109157531924,-0.00396349088581971,-0.00387352364322702,-0.00258439144590206,-0.00428648985474833,-4.08915516381114e-05,-0.000772717846343696,-0.00593732651520629,0.000110711385978846,0.000187747332943466,-0.00375847176419786,-0.00392841781680175,-0.00340537921904538,-4.08915516381114e-05,-0.0090014773966498,-0.00145655461495764,-0.00424517677365799,-0.00563970937030067,-0.00122377277148633,-0.000472426434608764,-0.006189159743065,-0.000877075429150942,-0.00405512054935464,-0.00044336545701551,-0.00154947924643212,-0.000266112680290753,-0.0016059084698421,-0.0028034666002501,-0.00098073319006442,-0.00554863653200943,-0.00100216755159765,-0.00105468079162918,-9.14850422599756e-05,-8.15366049842225e-05,-0.000541795548380186,0.000126370242550244,-0.00299406524103496,7.80554480330764e-05,-0.00407445363559589,-0.00217622189491351,0.000334128378977283,-0.000716055741651012,-0.000145837128024517,0.231268301065395,-0.000589291860259245,-0.00126735239608688,-0.000124797099023688,-0.00140904406653863,-0.0119067115548943,-0.000125721331611039,-0.0031026631257749,-0.00387194829491211,0.00014225381902655,-0.0021021905865144,-0.0109592015961155,-0.000261883955286812,-0.00657482620928995,-0.00208181459172962,-0.00462794951499035,-0.00111581030677943
9:12809882:T:C,-0.000319337308285039,-0.00398940006367177,-0.00200391543590595,-0.00435070998931764,-0.00240832148968462,-0.0146782612273788,-0.000779037906367464,-0.00722972781532816,-0.00106697479958306,-0.00311315099728393,-0.00576137399998444,4.96762439299303e-05,-0.0146782612273788,-0.00187106819440075,-0.00362110061855692,-0.00470817979984739,-0.00879373059975164,-0.00169626433176706,-0.00384118331527494,4.69983489281844e-06,-0.00159060960905233,-0.0014391889864882,-0.000677643758343116,-0.0024798232887564,-0.00761105086718583,-0.00438484580349652,-0.00389212260095384,-0.0150427798826369,-0.0127788587232192,-0.00316686378556819,-0.00159060960905233,-0.00789482500911953,-6.4493131505472e-05,-0.00944036410912474,-0.0014391889864882,-0.0026488888788947,-0.00013319888370944,-0.00154207820658403,-0.000404447227614568,-0.00299856002214316,-0.00107236713994041,-0.00808917278490506,-0.000105554127916463,-0.00751729000452661,-0.00239349070448736,-0.00119400702415451,-0.00021389700850083,-0.000549561702642976,-0.00481050796245874,-0.000475351714378291,-6.4493131505472e-05,-0.0157785294216666,-0.00137841320560561,-0.0091676489950232,-0.0135327312023925,-9.42514308670539e-05,-0.000313760816395892,-0.000693894078259927,-0.00442451811649569,-0.00196059405698268,-0.000498856480261711,-0.00787723285361075,-0.00402774777645654,-0.00104663620235002,-0.000886810518220038,-0.000640853782922779,-0.00167273340913487,-0.00529640058933323,-0.00443343993924472,-0.00662793810850992,-0.00133664177085269,-0.00164705016127975,-0.00474837271622253,-0.00460924110787131,-7.6533705447801e-05,-0.000385486368358556,-0.00280059641537012,-0.00576903329446221,-0.00013084957309939,-0.00023576540602388,-0.000589291860259245,0.356829652922476,-0.000357569895274246,-0.00175980664231368,-0.00559439253878757,-0.0108028455873077,-0.000371285737694294,-0.00133971387461163,-0.00640751190061906,-0.00345971192688799,-0.00553299202162982,-0.00666275990332688,-4.95317552431374e-05,-0.0056619939650866,-0.0029345647296477,-0.0085267847125019,-0.00212457665226395
9:12811627:C:A,-0.00224596783160802,3.30548483873372e-06,-0.00102328803912854,-4.41849561312324e-05,0.00019275648216599,-0.00805517828024449,-0.00124543933658749,-0.00431974093721399,-0.000190879691274404,0.000381843696734663,-0.00477431174443765,0.000325535617482942,-0.00805517828024449,-3.95704400357744e-05,-0.00148154862262828,-0.00014863097555029,-0.00402233253033613,-0.000315626599944885,-0.00128555218449655,1.68938798781326e-05,-0.00206739693560909,-4.57986557673706e-05,-0.00251667101892661,1.34406046363722e-05,-0.00380931582855881,-0.00174632641473149,6.61790975522436e-05,-0.0098215079585966,-0.000362063222845599,0.000131369537655246,-0.00206739693560909,-0.00380985575667347,-3.95704400357744e-05,-0.000558534363099383,-4.57986557673706e-05,-0.000116308487037919,-0.00106886214816182,-0.000165238338214024,-0.00219710041097354,-0.00280870163347391,1.00251896668624e-05,-0.00369038279037426,-3.95704400357744e-05,-0.00520314892731832,-0.000248188571732477,0.000110734954920311,-9.85033994584938e-05,-0.000855148136714057,0.000387257516811346,-0.000900487743233924,-3.95704400357744e-05,-0.00852980791760061,-0.00346655961029629,-0.00402882917288006,-0.00275607425745772,-4.57986557673706e-05,0.000122654970643232,-1.45402084399393e-05,-0.00220667199065439,-0.00143394878052927,-0.00120463393875792,-0.000497104401893989,-0.000319607045630832,-0.00172790013216417,0.000160431359320867,-0.000331909218795445,-0.00024386204004001,-0.00168862305210826,-0.00114257110316895,-0.00376084165192569,-0.00237004418530162,6.24830158288958e-05,-0.00694962439822699,-0.00859696639157193,-0.000232651143534213,-0.00187789933367544,0.000183832163120456,-0.000864560164048456,-0.000759286151180483,-0.000138551822726818,-0.00126735239608688,-0.000357569895274246,0.157512266898007,-0.00414223330854302,0.000521323618728253,-0.00212161960697799,-0.000588585745992631,-0.000130450262383341,0.000106360606075384,0.000284167069701802,-0.00150650420311749,0.000120479329333456,0.000103001171855688,-0.000386918720950646,-0.00276753417579112,7.36944507000459e-05,-0.0108635235293164
9:33025701:G:C,-0.00340632471595548,3.24698109821497e-06,-0.00127952174078771,-0.000248425730856816,-0.00179598759787147,-0.000162336389871953,4.80285461001984e-06,-0.00557662871203979,-0.000187352697238907,0.000367816200832038,-0.00104193560307397,-0.00338967250147792,-0.000162336389871953,-3.85997587573073e-05,1.32000593966453e-05,-0.000383116329051525,-0.00287208714324327,-0.000412518080461055,-0.00897527578132618,1.65903870010808e-05,3.42639115213927e-05,-4.47350790846457e-05,-5.45424461080302e-05,-0.00290322742916782,-0.00402210118890389,-0.000268936728389235,6.45528988139077e-05,-0.00269706438626294,-5.58528353282739e-05,-0.00158621425778538,3.42639115213927e-05,-0.00408960815826553,-0.00351125061099822,-0.00181213298590599,-4.47350790846457e-05,-0.000734722358418871,-0.000628841767546184,-0.00150852001893664,-0.000167577287049525,-0.00154564695944881,-0.00170135524746762,-0.00436532995928696,-3.85997587573073e-05,-0.00261359035293829,-0.00595743785353697,0.000107740393622713,-9.64251084392131e-05,-0.00194216412599424,0.0003729888019679,-0.000133097796970461,-0.00351125061099822,-5.45424461089183e-05,0.000121849266090379,-0.00403582435033956,-0.00247922876608531,-4.47350790846457e-05,-0.00201738866666101,-0.00207503968131117,-0.00173216152540778,1.65903870010808e-05,-0.000136095369504652,-0.000883563965098588,-0.000450603731609434,-0.000758247973704052,-0.00236676780332257,-0.00156926891783815,-0.000343972530445935,-0.00497140901948256,-0.00330463306952122,-0.00204473222881152,-0.000305515935162148,-0.00212528931995326,0.000123324377375944,-0.00158281903719004,7.56430430044475e-05,0.000119365195923926,-0.00211679126904052,-8.7996007177793e-05,-0.000890314591572405,-0.000135742352093793,-0.000124797099023688,-0.00175980664231368,-0.00414223330854302,0.125837196109571,0.000499159003243932,-0.00196842534496211,-0.0034937155693866,-0.00012771806629619,0.000107778088006327,-0.00109959802909465,0.000256115764368126,-0.000835479813782847,0.000100194557379751,-0.000477694830315123,6.45528988139077e-05,7.19058906106795e-05,-0.00190390907857108
9:33026341:C:T,-0.00179717432308735,-1.00300238390361e-05,-0.000560816038195355,-0.00247851090493523,-0.000392724325689819,-0.00173004697146695,-0.000637159515462393,-0.000655906958324515,-0.00151731772401309,0.000164420545571531,-0.00844253931032135,-0.0029265085617185,-0.00173004697146695,5.30214948293306e-05,-4.0857296355945e-05,-0.00253568245524249,-0.00201879210429734,-0.000610058368403443,-0.00435639421146661,-5.13863566986572e-05,-0.000558267736838758,7.24613316949174e-05,-0.00243877591067854,-0.000628734242152262,-0.00120064925802943,-0.000426642058974913,-0.000135747700913846,-0.00143260915109522,-0.000596135929685992,-0.000814439141772816,-0.000558267736838758,-0.00125931910160304,-0.00109163850667748,3.91835882656011e-05,7.24613316949174e-05,0.000136204631661307,0.000108087514306021,-0.00103345697090163,-0.00315761993134966,-0.000884212934625594,-3.04564288979847e-05,-0.00152045522758293,5.30214948293306e-05,-0.00800378447952177,0.000395936538332364,-0.000208440894727602,0.000164131998557693,0.000372312524825169,-1.31129636011806e-05,-0.00112968911743216,-0.00109163850667748,-0.00147559847952561,3.71805919332502e-05,-0.00130316645204775,-0.000309842197026455,7.24613316949174e-05,-0.000243493831714403,-0.000239079775028905,-0.000328624422884616,-5.13863566986572e-05,-0.00240663035624511,-0.000876785981538397,0.000395936538332364,0.000799101307750405,-0.0047100174178123,0.000339015774914131,-0.0097984850863222,-0.000481844532836284,0.000656929745960433,0.000695307730767425,-0.000956832027657839,-0.000124712050047826,-0.000329321144250549,0.000192477602529273,-0.000989165313157514,-0.00625377293388318,-0.000483636028833168,-0.00141562312057975,0.000380284159790634,0.000211456572186464,-0.00140904406653863,-0.00559439253878757,0.000521323618728253,0.000499159003243932,0.100601061497177,-0.0038490122876178,0.00029586096143408,0.000184120211869754,-0.000834224701812936,0.00415043024435047,-0.00049848891307569,0.000389875714041032,-0.000185777861598346,-2.39486266861988e-05,-0.000135747700913846,-0.00583288254491698,-0.0002056424996697
9:33026572:T:C,-0.00145276518593507,-0.0043358831767204,-6.24633993688839e-05,-0.00535805874397743,-0.00205049986043537,-0.000924724816441014,-0.00210879617775328,-0.000957374284330736,-0.00230071237792373,-0.00621516583818993,-0.00183484770755094,-0.00237214497238059,-0.000924724816441014,-0.00296922853753578,-0.00825434386682922,-0.00880384622341435,-0.00609166055719079,-0.0172857546889889,-0.000612225439760916,-0.00428752940565857,-0.000249233637586777,-0.00176611056727971,-0.00382864211202305,-0.00185092967732015,-0.0062936331335548,-0.00163288912741022,-0.000533022930167881,-0.00308068605399292,-0.00242429262384025,-0.00256651068198721,-0.000249233637586777,-0.00586730807145619,-0.00267002361726743,-0.00124486603931118,-0.00176611056727971,-0.00628277612881067,-0.00127488640602236,-0.000417131056480891,-0.00238054639672569,-0.00221635436901124,-0.00562313619483046,-0.005552404463113,-0.00357552053024346,-0.00749913328845864,-0.00160329484314659,-0.00242875478951099,-0.000590908725275341,-0.000963192826266113,-0.00304834525708175,-0.011641443843132,-0.00267002361726743,-0.00142174423294117,-0.00771171834105822,-0.00586752325565332,-0.0058011154202906,-0.000292099705466953,-0.00662619109943297,-0.00483079906317219,-0.00408069490724827,-3.77924595191814e-05,-0.00566400301278591,-0.01162880502359,-0.00567293123394386,-0.00962006132365323,-0.00177195625877191,-0.00667094284140424,-0.00712426571429692,-0.00204824104903611,-0.00116691113950118,-0.0120584100887102,-0.00305181597174542,-0.00232851429709147,-0.00461834073587308,-0.000983672093711974,-0.00072780008924056,-0.0091661779498029,-0.000204083584185,-0.00356168755703656,-0.00244785900112499,-0.00288489721211072,-0.0119067115548943,-0.0108028455873077,-0.00212161960697799,-0.00196842534496211,-0.0038490122876178,0.344484995792336,-0.000378618000469455,-0.000507519051179184,-0.00375670638093251,0.0005916070742229,-0.000951948262645885,-0.00168179349506703,8.82425244759233e-05,-0.00140051863636348,-0.00250502041512224,-0.00108853561457156,0.000819578799743592
9:33029004:T:A,-0.00401692082586536,2.25603549708353e-06,-0.00217626525935888,-0.000194200351637086,-0.00189355865046092,-0.000530343159657498,-0.000195725732474727,-0.0027440045781737,-0.00211741139208765,-0.0012265207884905,-0.00239017988209067,0.000192272574204289,-0.000530343159657498,-0.00147558348441823,9.15988431327008e-06,-0.000189923837465855,-0.00220666077553933,-0.00160061658424393,-0.00546674672075653,-0.0025064124305203,1.17512636936823e-05,-0.00579003340014594,5.18263740278968e-06,9.15988431327008e-06,-0.00368467896316904,-0.00119885436353062,-0.00215751954445054,-0.00484769537584206,-5.04928178557407e-05,-0.00397412524893159,1.17512636936823e-05,-0.00355788807421842,-2.38355983439575e-05,-0.000393185545819463,-0.00579003340014594,-0.000372446433756224,-4.91733609866429e-05,6.47390521830715e-05,7.03251538052285e-05,-0.0038139049040975,6.83565057979507e-06,-0.00310156382004223,-2.38355983439575e-05,-0.000804623461627685,-0.00015771768447248,6.79404817178764e-05,-6.1537260801714e-05,-0.000894388779422606,-0.00130695885292731,-0.00244051150881042,-2.38355983439575e-05,-0.00320589799040238,-0.000258573881538382,-0.003242119993212,1.22884113604727e-05,-2.81747960970691e-05,-0.00114057781380872,-0.00808949100211809,-0.00163792928763229,-0.00180425264943906,-0.00192196535423683,-0.00378328897769631,-0.00122173329813791,-0.00215142940458701,-0.000247788532600879,-0.00312151273029837,-0.00481480055471373,-0.000356268683001204,-5.53232016491378e-05,-0.00153959379154855,-0.00143586116576522,3.90125024321009e-05,-0.0021743652244135,-0.0012604322865597,-0.00192814193094293,7.56953222271761e-05,-5.18692098934181e-05,-5.54517002804289e-05,-0.00103381047218853,-0.00243366759691011,-0.000125721331611039,-0.000371285737694294,-0.000588585745992631,-0.0034937155693866,0.00029586096143408,-0.000378618000469455,0.136177815044991,-0.00174058375823183,-0.00124877287714931,0.000376484067887262,0.000157811679009079,-0.000144750187430098,6.28928609813784e-05,-0.000114294147943284,-0.00396093383895035,4.64629279584017e-05,-0.000553857726170115
9:33029081:C:G,-0.00445177892739235,-0.00425660995663613,5.14592173175288e-05,-0.00315778079911766,-0.0019020007754964,-0.00253342980191285,-0.00172848512805945,-0.00921960328598459,-7.10044053446879e-05,-0.00321829609091573,-0.0037560241789647,0.000118336681143028,-0.00253342980191285,-1.40365615370897e-05,-0.00197057128743694,-0.00299551709635271,-0.00680594405191304,-0.00252522996156568,-2.54968527464428e-05,7.35930696116327e-06,-5.00119809938582e-05,-1.68180845836474e-05,-0.00169861601694876,5.85795023866353e-06,-0.00588903431210008,8.22007328267205e-05,-0.0021360656013556,-0.00250179997618716,-0.00116156351784458,-0.00433422607312828,-5.00119809938582e-05,-0.0059263045055209,-1.40365615370897e-05,-0.00323450664200653,-1.68180845836474e-05,-0.00143990583943054,-0.00332522648045774,-0.00191387964144241,-0.0013086796825581,-0.00416254162635354,-0.00205225244741758,-0.00592167048489101,-1.40365615370897e-05,-0.000509148570407625,-0.00149043667167259,4.14025560706577e-05,-3.68389953866455e-05,-9.03959263736098e-05,-0.00299452526056498,0.000377577473448909,-1.40365615370897e-05,-0.00245295540814716,-0.00153428283000334,-0.00624515251130475,-0.00330303222802364,-1.68180845836474e-05,-0.00243550051513175,-0.00209803057928326,6.36135732960952e-05,7.35930696116327e-06,-0.00461447782604196,-0.00440907559400605,-0.000647738923757579,-0.000201194732301957,-4.72255253995968e-05,-0.000560380954644835,-0.00399225353545685,-0.00782046270256709,-0.000171985131029118,-0.00545237089160633,-0.00286045620317044,2.38644907097907e-05,-0.00196599591495161,-0.00120056166737648,3.02429511256364e-05,4.63571842193033e-05,6.88972588669401e-05,-3.29229653512897e-05,-0.00240518312026516,-5.1047870317511e-05,-0.0031026631257749,-0.00133971387461163,-0.000130450262383341,-0.00012771806629619,0.000184120211869754,-0.000507519051179184,-0.00174058375823183,0.164218412926728,-0.000106465732816474,0.000233217418831089,9.67274646521687e-05,-0.000138286216893491,3.81783641936195e-05,3.23823188672634e-05,-6.51118348420354e-05,2.86244892837573e-05,-0.000509947188756854
9:33029627:A:G,-0.00462796523379527,2.84672904804495e-06,0.000111424899952972,-0.00185159991151362,-0.00216871994201195,4.26402722260022e-05,6.13194805865191e-06,-0.00626710133052244,-0.000852421997036501,-0.0014570005261314,-0.00176837021441134,0.000264361441849381,4.26402722260022e-05,-3.20671585942733e-05,1.1570607793665e-05,-0.00394448709941564,-0.00704608174293009,-0.00612240696787936,-8.04120084012538e-05,-0.0016081898544007,-5.44560398108018e-06,-3.74723808320709e-05,-0.00136120139536633,-0.000151841541671693,-0.00836242677810395,-0.00340415358880897,-0.00245885523253175,-0.00104812291529122,-0.00430937686535326,-0.000282376126357065,-5.44560398108018e-06,-0.00828147982539607,-0.000276726628842816,-0.00285119853287874,-3.74723808320709e-05,-0.000330806343894707,-0.00122548885419516,-0.00252739928342738,-0.00124263086275889,-0.000305648051088347,-0.00173849712144225,-0.00832560881014155,-3.20671585942733e-05,-0.00131050648124909,-0.000205127255183513,9.0895082474951e-05,-8.10638275234865e-05,-0.000199481520017031,-0.00153624365753657,-0.00104769444667419,-0.000276726628842816,-1.99897669261873e-05,-0.000248286093970762,-0.00764964095946263,-0.00343973497486694,-3.74723808320709e-05,-0.00207160620506652,-0.00559416850545702,-0.00249091356403053,-0.00281784661638795,-0.00753284747724958,-0.000956039536982534,-0.000448153305590004,-0.0028954121537943,-0.000106465732817362,-0.000289355154631465,-0.0013451441621215,-0.000311950275322381,-2.36455667375068e-05,-0.00177984455125113,-0.00125913219164886,5.16381796451526e-05,0.000104435039605555,-0.00169609081162747,6.44662559050602e-05,-0.00207160620506652,-0.00454650969291936,-7.3593091635793e-05,-0.000888328768107627,-0.000963032125792296,-0.00387194829491211,-0.00640751190061906,0.000106360606075384,0.000107778088006327,-0.000834224701812936,-0.00375670638093251,-0.00124877287714931,-0.000106465732816474,0.163752378710123,0.000501712462050996,-0.00123528353680058,-0.00180956561041601,8.43359753366357e-05,-0.00116269200726737,5.47938370010215e-05,-0.00177481001785385,-0.000550209786661426
9:33030087:T:C,-0.00207126211114073,-2.69859114814253e-05,-0.000343866392017667,-0.000190693864046132,-0.00293968017990576,-1.84665177824783e-05,-0.00251002253598109,-0.00335105889079212,-9.2014337728763e-05,-0.00661527343124568,-0.00069292896193307,-0.00283398365302645,-1.84665177824783e-05,-0.00224171092336878,-0.0016686038766327,-0.00327739073761268,-0.00164022890422277,-0.0105088761202889,2.54689197198843e-05,-0.00139887043865006,-0.00102129232363524,-0.00192285642566858,-0.00604543687085712,-0.00166860387663359,-0.00141126419614235,-0.000802843353840288,-0.00147398229703377,-7.61826887396566e-05,-0.0004089911176548,-0.000593753072548608,-0.00102129232363524,-0.00134101724192659,-0.00205948542134671,-0.00121996650077971,-0.00192285642566858,-0.00130004923758609,-0.00453020460343723,-0.000312798145406745,-0.00522253485831392,-0.000680698973570593,-0.00172907691370749,-0.00115561480219695,-0.00509986108326732,-7.63995044259502e-05,-0.00211050332704321,0.000586369670945608,-0.000293292746779805,2.62278421132578e-05,-0.00145254062967304,-0.00325208801677412,-0.00205948542134671,-0.000123843503802235,-0.000855703297015786,-0.00362421197733687,-0.00134488124075904,-0.00134236925598596,-0.00055699823462696,-0.000266632413069345,-0.000618014102614417,-0.000114796408739792,-0.0021613153693254,9.62985784811465e-05,-0.00371882862082451,-0.00312328212164115,4.09457714036776e-05,-0.0130082646676382,-0.00467268292475964,-0.000729520939804829,-0.000263503773973994,-0.0016492909381749,-0.00399569742406403,-0.00140761601448158,-0.00130964461809224,-0.0073092019633707,-0.0079905375194933,-4.24983087281561e-05,-0.000366531777479473,-0.00232394668659097,-0.00218699399022793,-0.00138728430242274,0.00014225381902655,-0.00345971192688799,0.000284167069701802,-0.00109959802909465,0.00415043024435047,0.0005916070742229,0.000376484067887262,0.000233217418831089,0.000501712462050996,0.162128504162134,-0.000930317887327448,-0.000134044626227237,0.000228905671346702,-0.00246110281771106,-0.00147398229703377,-0.000330671849309461,0.00167628576170031
9:33030174:A:T,-0.000433594803658011,-4.26840384371019e-06,-0.000131594542812863,0.000112028185897728,-0.00011816539716758,-0.00362498198213057,-2.9966114629687e-05,-0.00732703948492031,0.000149914363014148,-0.000360522819969233,-0.0032011772320919,0.000118365291611688,-0.00362498198213057,2.85578274414888e-05,-1.73827452591979e-05,-0.00127523305527522,-0.00268404018115831,-0.000785751136189283,-0.000675861209251671,-0.000761052031966969,-0.00189528739193534,3.67604289106538e-05,2.41412780166428e-05,-0.000802139259983292,-0.00260921322524066,-0.000206342803633852,-0.000157044336529744,-0.00494310362485084,-0.000714375328838557,-0.00548454164157608,-0.00189528739193534,-0.00263454871954671,-0.00131248959046193,-0.000152950924345419,3.67604289106538e-05,7.69297098281996e-05,-0.00111510534515613,-0.000109121173507809,0.000120925034156727,-0.00534683705149241,-0.000879482714478463,-0.00267817285259486,-0.0048091462988582,-0.00443043567545764,0.000198151329256824,-0.000100790102509407,8.16162157653011e-05,0.000188619380312005,-0.000367388501992139,0.000104309310117401,-0.00131248959046193,-0.00348365729714573,2.85876899415172e-05,-0.00284327277406682,-0.0018359014911935,3.67604289106538e-05,-0.000115908740334625,-0.00177812667775701,-0.000158307537321711,-2.18603615778079e-05,-0.000983186648029211,-0.00213921765735403,0.000198151329256824,0.000400040075212438,9.67274646521687e-05,-0.000883436742030952,-0.00436005317702648,-0.000195589650247463,-0.00107979558985782,-0.00498108471869152,5.41168366519074e-05,-0.000436447093509429,-0.000121072767781172,-0.00604668584605328,-0.000230206621929518,-0.000115908740334625,-0.000174778972334089,7.01139510574933e-05,0.000191835177560939,0.000108031457928703,-0.0021021905865144,-0.00553299202162982,-0.00150650420311749,0.000256115764368126,-0.00049848891307569,-0.000951948262645885,0.000157811679009079,9.67274646521687e-05,-0.00123528353680058,-0.000930317887327448,0.111778011559055,-0.00196976000514582,-9.10111058729512e-05,0.000325533675257006,-6.38353789268464e-05,-7.34662529993102e-05,0.000876560589721187
9:33033758:A:G,-8.88661132387725e-05,3.15297035058393e-06,-0.000402453201616915,-0.00381026742872148,-0.00101521486341127,-0.0041953595888895,-0.0022867606363306,-0.00323078303969337,4.66561373979602e-06,1.70892765822828e-05,-0.00422338992443372,-0.00567534262637093,-0.0041953595888895,-0.00320439733051092,-0.00243068754286391,-0.00417884772817168,-0.00177640734859086,-0.00407753213608775,-0.00801602887595809,-2.36036260510275e-05,-0.000864816293542958,-4.36362595479522e-05,-0.00515411544569844,-0.00189207373748168,-0.00177693287963221,-0.00401071361568839,-0.000610424598061599,-0.00713164869201854,-0.00217844189575533,-0.00538228027085363,-0.000864816293542958,-0.00173197246831558,-0.00153295524633901,-0.00746156800739239,-4.36362595479522e-05,-5.36005871261125e-05,-0.00181936151409445,4.16938794689514e-06,-0.0102702262616781,-0.00537899680941045,9.54942715036822e-06,-0.00161764431775557,-0.00618846085272118,-0.0120129377071487,-0.00218969907353461,0.000100121742070414,0.000151022537433043,-0.00126099266556157,3.23431878941349e-05,-0.00268008159449096,-0.00153295524633901,-0.00446482178686303,-8.80448152038582e-05,-0.00120990003144028,-0.00441870235208164,-0.00154138174164586,-0.00938398966026455,-0.0136423269322874,-0.0033328054582844,-0.00433179934649974,-0.000166724350053826,-0.00130217085679218,-0.000725685758466987,3.23556976589146e-06,-0.000509311881635277,-0.00368115047219941,-0.00413861267381943,-0.00226834370359974,-0.00246100790132431,-0.00147407220047002,-0.00501635173692527,-6.23113752444837e-05,-0.000426880311068523,-0.0107899921927341,1.80944880954215e-05,-0.000205934423446408,-0.001020466076878,7.61675983627086e-05,-0.000930545005858541,-0.00354883651393134,-0.0109592015961155,-0.00666275990332688,0.000120479329333456,-0.000835479813782847,0.000389875714041032,-0.00168179349506703,-0.000144750187430098,-0.000138286216893491,-0.00180956561041601,-0.000134044626227237,-0.00196976000514582,0.24983418261419,9.32157471726924e-05,-0.000544106943147327,6.10408310874888e-05,-0.00065809949807516,-0.00572209838746041
9:33034452:T:C,-0.00015814884116061,-1.46471590767305e-06,-4.83142698630701e-05,-9.9754721206935e-05,-6.85795205583872e-05,-0.000306792900834907,-8.53256549149251e-06,-0.000653242598898984,5.80739983631062e-05,-0.000134315348737424,-0.000194341917843843,-0.000113473451466284,-0.000306792900834907,1.14040826559858e-05,-7.08956939927674e-05,-6.60184433778355e-05,-0.000429561490661534,-4.89764191868858e-07,-2.43640511117249e-05,-7.49601251381904e-06,-0.000129647465092475,1.42063080241783e-05,1.17036978268814e-05,-5.96171788025401e-06,-0.000132404771477468,-7.69895588481617e-05,-2.3481808076653e-05,-0.000164237619679319,5.3614031978455e-06,-5.23587711978024e-05,-0.000129647465092475,-0.000149286154311312,1.14040826559858e-05,-5.71441367256398e-05,1.42063080241783e-05,-0.000394024466548792,2.32475340036231e-05,-3.90193938049066e-05,4.83583001189558e-05,-3.47567054355125e-05,-4.44527560539143e-06,-0.000149714740300233,1.14040826559858e-05,-0.000162572904499392,7.63016983151843e-05,-3.77056539893061e-05,3.12104189488238e-05,7.31283497383828e-05,-0.000136693432551738,4.07384542366884e-05,1.14040826559858e-05,-0.000128228601349534,-0.000256711090169226,-0.000320253484463073,3.22390198181921e-05,1.42063080241783e-05,-4.29154458370107e-05,0.000222809369399002,-5.89935121428908e-05,-7.49601251381904e-06,-0.000127139951645816,-2.34716929581325e-05,7.63016983151843e-05,0.000154936672332795,3.81783641927314e-05,0.000191871240589059,-9.81892326086253e-05,3.03780439097068e-05,-0.000565081805218526,0.000241023135606255,2.18648926120224e-05,0.000320463791605441,-4.46935481557276e-05,4.75782727615837e-05,-2.84750610690665e-05,-4.29154458370107e-05,-6.4675652128976e-05,2.72986605045489e-05,7.41986006396189e-05,4.19959320572261e-05,-0.000261883955286812,-4.95317552431374e-05,0.000103001171855688,0.000100194557379751,-0.000185777861598346,8.82425244759233e-05,6.28928609813784e-05,3.81783641936195e-05,8.43359753366357e-05,0.000228905671346702,-9.10111058729512e-05,9.32157471726924e-05,0.00398802616528915,-8.82419052441463e-05,-2.3481808076653e-05,-2.6790843560498e-05,0.000344141178930002
9:33034665:T:C,0.000539311786478258,-3.84540046116655e-06,-0.00321072302088155,-0.0012173395289059,-0.00365940251134411,-0.00275998080936457,-0.00962333272865035,-0.00361642424756159,-0.00490485292216114,-0.000524321513362125,-0.000343342767468613,-0.00198250391457933,-0.00275998080936457,-0.00584075482754187,-0.00550071965676402,-0.00133553890845128,-0.00173244272756357,-0.00156115732006601,-0.00141734823500439,-0.00407953605023437,-0.00139718201428707,3.26781703661183e-05,-0.00902887086583082,-0.00435445838838255,-0.00163644131690566,1.19196648418196e-05,-0.00164950397006258,-0.00431566657658244,-0.0119562225240095,-0.00090408544327758,-0.00139718201428707,-0.00137429394757804,-0.00242449520079546,-0.00222342831938249,3.26781703661183e-05,-0.00714709307041961,-0.000449274429358049,-0.00100292363001575,-0.0107156004761721,-0.00110227434439825,-0.00195098008046024,-0.00112209496415971,-0.00239051972495563,-0.00358843780673634,-0.000545539573792553,-0.00297517232551137,6.99536314545668e-05,-0.000455480196235314,-0.000415556388418281,-0.00889309415249162,-0.00242449520079546,-0.00373573791934501,-0.00798939561398715,-0.00134325409566349,-0.00993078419727222,3.26781703661183e-05,-0.00187550318167684,-0.00400579006872048,0.000134035414539824,-2.0017527873506e-05,-0.00688665273908473,-0.0034915227619603,-0.000476084030819557,-0.0135036886863942,-0.00110255760059896,-0.00262221845489341,-0.00376979553440782,-0.00446835994034345,-0.00142709425367826,-0.00446967421831745,-0.000899680071780651,-0.00347373442419041,-0.00387576526423317,-0.00687341776794348,-0.00586821236586132,-0.000543837258531354,-0.000396726742775577,-0.0002859879686401,-0.000686221238374252,-0.000150454316480975,-0.00657482620928995,-0.0056619939650866,-0.000386918720950646,-0.000477694830315123,-2.39486266861988e-05,-0.00140051863636348,-0.000114294147943284,3.23823188672634e-05,-0.00116269200726737,-0.00246110281771106,0.000325533675257006,-0.000544106943147327,-8.82419052441463e-05,0.256272762177775,-0.000101308482849838,-0.000110062111922993,-0.000290140686654006
9:33035480:T:A,-0.00143571371725582,-9.66290887305377e-07,-0.00157621501230309,-0.00616314939288642,-4.74673814014892e-05,3.05331260550545e-05,-0.0025754711879884,-0.00323076398992939,3.81568990626135e-05,-9.59772230375577e-05,-0.00279243795102069,-8.03561498550209e-05,3.05331260550545e-05,7.71484301065328e-06,-3.94192323138753e-06,-0.00601532190502319,-0.00188422361451401,-0.00254782714025925,-0.00266448666984331,-4.96022646601091e-06,-9.23336594000901e-05,9.53596467745399e-06,-0.00245678567346541,-3.94192323227571e-06,-0.00196277732424299,-0.00067153102255002,-1.58984600471257e-05,2.88790144313822e-05,4.37298808453335e-06,-3.56767493672194e-05,-9.23336594000901e-05,-0.00189448032979556,7.71484301065328e-06,-3.94381423136636e-05,9.53596467745399e-06,-0.00218642102473243,1.56391736005901e-05,-2.64723994893856e-05,-0.00221992446076147,-2.33129139912691e-05,-0.00289321219039884,-0.00174620512008161,7.71484301065328e-06,-0.00310224991577446,4.96002809988738e-05,-2.57896781246103e-05,2.07294228831145e-05,4.76877055426428e-05,-9.77595678568477e-05,2.70479430177772e-05,7.71484301065328e-06,8.18402148272668e-06,-0.00204270476332269,-0.00171307514867447,-0.00190980031435917,9.53596467745399e-06,-0.00131756642929926,-0.00961095508035292,-0.00106713294776029,-4.96022646601091e-06,-9.02964050757404e-05,-0.000469717339292686,-0.00133980121148713,9.66743344195109e-05,2.54354864903661e-05,-0.00331638643989685,-0.00187892106629484,-0.00595058170095175,8.35727651260498e-05,-2.30116671371405e-05,-0.00232678893551608,-1.48014111820416e-05,-3.05945586243084e-05,-0.0012794694902114,-1.92792574891243e-05,-2.93689086134918e-05,-4.47168036217249e-05,1.8234182858734e-05,4.83335198318002e-05,2.78383291414386e-05,-0.00208181459172962,-0.0029345647296477,-0.00276753417579112,6.45528988139077e-05,-0.000135747700913846,-0.00250502041512224,-0.00396093383895035,-6.51118348420354e-05,5.47938370010215e-05,-0.00147398229703377,-6.38353789268464e-05,6.10408310874888e-05,-2.3481808076653e-05,-0.000101308482849838,0.10350236808528,-1.8137085120884e-05,-0.00302644880177816
9:33037319:A:C,-0.00316007257316109,-1.10312916312694e-06,-3.79076179113369e-05,-0.00170317676024201,-0.00654999264968659,3.42825286967496e-05,-0.00182986499500348,-0.00328040883400949,4.28355810431214e-05,-0.000892322618777364,-0.00196530532179207,-0.000772739691462299,3.42825286967496e-05,-0.00244009466992168,-4.50388659878342e-06,-0.00173433825960512,-0.00314660600805006,-0.00188895858817251,-5.20309880123193e-05,-5.66896171161346e-06,-0.00122819928008155,1.07837707066238e-05,-0.00194011117711312,-4.50388659878342e-06,-0.00503261439939084,-0.000725308765598953,-0.00299765525327444,3.24207802044896e-05,-0.0083116107013641,-7.78783775245984e-05,-0.00122819928008155,-0.00493931733622421,8.71363932031244e-06,-0.00398685708903468,1.07837707066238e-05,-0.00223020430934628,1.76314827617929e-05,-3.03307042139878e-05,-0.00218347289331966,-0.000138870901441379,-3.35476674084845e-06,-0.00711383015857159,8.71363932031244e-06,-0.00165719955262489,-0.000918165120116221,-2.94544635988103e-05,2.33900828394695e-05,-0.00169039688412109,-0.000977765645449047,3.0441262921066e-05,8.71363932031244e-06,9.16463936384559e-06,-0.00208789016390654,-0.00691092304546626,-0.00532724912087179,1.07837707066238e-05,-3.35913772611107e-05,-0.00570891765331361,-0.00111899595244935,-0.00185291069353877,-0.00307949252851181,-0.00305753837947975,5.55206400978392e-05,0.000106599138706365,-0.00446292133080206,-0.00152263293565547,-0.00435384815269035,-0.00277985112214552,-0.00173037670760223,-0.0012200335499859,-0.00213675079569065,-1.68757574883216e-05,-3.50096469450278e-05,-7.85134882796967e-06,-2.2028634928617e-05,-0.00316116047754811,-0.00316784699105899,-0.00283575109518353,-0.000399502631387882,3.13310873174544e-05,-0.00462794951499035,-0.0085267847125019,7.36944507000459e-05,7.19058906106795e-05,-0.00583288254491698,-0.00108853561457156,4.64629279584017e-05,2.86244892837573e-05,-0.00177481001785385,-0.000330671849309461,-7.34662529993102e-05,-0.00065809949807516,-2.6790843560498e-05,-0.000110062111922993,-1.8137085120884e-05,0.157478307973539,-0.00116685107714787
9:33037320:A:C,-0.00162420742740466,3.84402874065159e-06,-6.78971995080602e-05,-0.00455183627935707,-5.44361772751856e-05,-0.000112587027697231,-0.000114049052767129,-0.00242933383675936,-0.00132488544153908,-0.00115670648847743,-5.59629173491061e-06,-5.31918415438426e-05,-0.000112587027697231,-0.000953309568607175,-0.00189048469726494,-0.00457174747822009,-0.00169833754638615,-0.00346380378505717,-0.00145595090746742,-0.00272504140002017,-0.000663850998306792,-0.000686278982423794,-0.000112913671480364,-0.00118523374031199,-0.00116345773678628,-0.00246373354216356,0.00019197227176182,-0.000164346245687952,-0.00129878743947831,-0.00160489852735157,-0.000663850998306792,-0.00110184061509822,-0.000953309568607175,-0.00511378509114913,-0.000686278982423794,-0.000115139102623729,-0.00101906969940391,-0.00267200301596482,-0.000312284304358812,-0.00132372702408201,-0.00127033421043432,-0.000939599265425528,-0.00226485602106585,-0.00430943746755919,-0.000644634775213149,-0.00234194671958754,-0.000341377016294331,-0.00160354285137476,-0.0010288352633232,-0.000511542803756093,-0.000953309568607175,1.65914044298887e-05,-1.69736166331091e-05,-0.000341131231631042,-0.00307843261064455,-0.000166721879709009,-0.000811524296296717,-0.00218156393627922,-0.00110073936753441,-0.00272504140002017,-7.82432058219484e-05,-0.00198568480632,-0.000572582516455533,-0.000462474318825734,-9.43050463586559e-05,-0.000677214185063946,-0.00146368015193854,-0.0033057108449519,-0.00153971833996547,-0.00111800922829897,-0.000328233562847835,0.000186941818809849,-0.0142715218431908,-0.001423493489356,-0.00273102053304441,-0.000170322522767385,-0.00315533742490981,-0.000814070460465111,0.000395012736362332,-0.000891245779333971,-0.00111581030677943,-0.00212457665226395,-0.0108635235293164,-0.00190390907857108,-0.0002056424996697,0.000819578799743592,-0.000553857726170115,-0.000509947188756854,-0.000550209786661426,0.00167628576170031,0.000876560589721187,-0.00572209838746041,0.000344141178930002,-0.000290140686654006,-0.00302644880177816,-0.00116685107714787,0.136907278453128
