"","14:95647361:C:T","14:95651912:C:T","14:95652727:G:C","14:95653700:T:G","14:95654091:G:C","14:95655776:A:C","14:95656683:G:A","14:95658153:C:T","14:95658302:T:C","14:95658728:T:C","14:95660380:C:T","14:95660684:T:C","14:95661878:C:T","14:95662391:C:T","14:95663986:C:T","14:95668918:A:C","14:95669334:C:T","14:95670886:A:G","14:95674422:A:G","14:95675157:T:G","14:95675669:G:T","14:95681362:G:A","14:95681623:G:A","14:95683148:T:A","14:95684364:G:C","14:95684562:A:G","14:95684652:G:A","14:95686658:T:C","14:95687451:C:T","14:95690968:T:C","14:95692255:G:A","14:95694304:G:A","14:95694805:C:T","14:95697681:G:A","14:95698571:G:A","14:95699055:C:T","14:95701152:T:C","14:95702003:T:C","14:95706453:T:C","14:95709116:A:G","14:95710400:A:G","14:95710946:C:A","14:95711725:A:G","14:95714449:A:T","14:95716893:T:C","14:95717991:G:C","14:95719851:C:T","14:95719962:T:G","14:95720678:T:A","14:95720933:C:T","14:95720986:A:G","14:95721476:C:T","14:95727510:G:A","14:95732903:T:C","14:95733498:A:C","14:95735763:G:A","14:95736447:C:T","14:95738369:A:G","14:95738710:T:C","14:95742564:T:A","14:95748661:T:C","14:95749101:G:A","14:95749822:T:C","14:95751293:C:G","14:95751606:A:G","14:95751746:C:T","14:95752112:C:T","14:95752666:C:T","14:95753200:A:C","14:95753740:C:T","14:95753834:G:A","14:95757926:G:A","14:95763173:A:G","14:95764292:A:G","14:95765002:G:A","14:95766741:G:A","14:95767644:C:T","14:95769703:C:T","14:95771112:G:A","14:95771728:T:C","14:95775877:A:C","14:95776179:G:A","14:95776963:T:G","14:95781407:G:A","14:95783117:C:T","14:95785045:T:C","14:95785836:C:T","14:95786657:C:T","14:95786698:G:A"
"14:95647361:C:T",0.0814541964023623,4.44089487228183e-05,-3.35913772628871e-05,-2.22128416993428e-06,-0.00117106682964074,-0.000274173801752653,0,-0.0030847461784127,-1.8137085120884e-05,-7.34662529993102e-05,-1.10312916312694e-06,3.13310873174544e-05,1.07837707066238e-05,-8.13423917707112e-05,-0.00168395216249984,-7.3466252998422e-05,6.58619741944477e-06,-0.000694681118391216,5.55206400978392e-05,-7.52869914668608e-05,4.36275670203656e-05,-0.00244433441889758,8.71363932031244e-06,-0.000152857425506525,-3.25700106378335e-05,-0.00432506085864137,0.000203535339307948,-3.48177640008274e-05,-0.0041917525858608,7.31064784371682e-05,-0.00104827552210907,-4.50388659878342e-06,-4.50388659878342e-06,8.79404572726727e-05,-1.31943672529999e-05,-5.36771759582777e-05,-1.56317577175713e-05,-0.00501828163776086,-0.00438714623648639,-0.00129358635382015,-0.000102359433058474,-0.00719711583371918,-3.21930254063574e-05,-1.31943672529999e-05,7.65722661366652e-06,-0.00167080222957328,6.58619741944477e-06,-0.00136799772112806,-0.000102359433058474,-3.21930254063574e-05,-8.04829245826255e-06,4.36275670203656e-05,-0.00166856285942352,7.310647843628e-05,-8.45338430117692e-05,-0.000889018625288784,-0.00152107101544807,-0.00178136291304121,-0.00532576842999966,-1.31943672529999e-05,2.24625203202322e-05,-0.00286957605169125,-0.00163784997996963,-3.35913772611107e-05,-1.64220042897512e-07,7.7059869938445e-05,-0.00280734044528375,-0.000574260102176538,-1.44047399377456e-05,-4.50388659878342e-06,-1.94160957667222e-05,-0.00139453302086689,-0.00187167100178343,-0.00538000562871233,-1.8137085120884e-05,-0.00301733792247472,-0.00185291069353877,3.13310873174544e-05,-1.8137085120884e-05,-0.000567909568158775,-0.000160039042014226,-1.12348837983944e-05,3.39292307227623e-05,-5.66896171161346e-06,-0.000874198140011551,1.00106837042091e-06,-0.00204989665472777,-0.00509273161162405,5.62105822732306e-05
"14:95651912:C:T",4.44089487228183e-05,0.0666677802852114,7.29826420018398e-05,4.30683924879105e-06,-0.00162351010928674,-0.0151736804600562,0,0.000231538640041329,-0.0014747545670124,0.000156728376041748,2.14169470780234e-06,-7.87119216285603e-05,-2.62252455280887e-05,-0.000252105023946569,-0.00015768632710067,0.000156728376042636,-1.80045872806289e-05,-0.000872850378242696,-0.000948107268754939,-0.00448367254210691,-0.000110139902356643,8.70903365601805e-06,-2.21604360906014e-05,0.000213075952313346,-5.38618519705381e-05,-0.00095175865005892,0.000101224003258515,-0.000805417876853731,-0.00325435439642163,-0.000194406035091355,-0.000921388081692065,8.70903365690623e-06,8.70903365690623e-06,-0.000234150947699518,3.01882872415504e-05,8.16178368907572e-05,3.48247568888738e-05,0.000765699949366372,-0.00176280086364766,0.000173961391695343,-0.000964701315023575,-7.87119216285603e-05,7.04026132956059e-05,3.01882872415504e-05,-2.00940815213713e-05,5.04709469941744e-05,-1.80045872806289e-05,-0.00143500669777996,-0.000964701315023575,7.04026132956059e-05,1.54981522006992e-05,-0.000110139902356643,4.77757364398812e-05,-0.00316831773968307,-0.000977944527844166,9.58128819688042e-05,0.000216751430468953,-0.00102197317357344,-0.000472899633334301,3.01882872415504e-05,-5.49170180601521e-05,-0.00202188865571618,0.000105862782427302,7.2982642002728e-05,-0.00465066582728113,-0.000202330502677484,-0.00184356516219708,0.000216273485074581,3.24939056257634e-05,8.70903365690623e-06,4.19729134923941e-05,-0.00183940736481514,-0.0011320215647217,-0.00150669584294771,-0.0014747545670124,-0.000105274050635984,1.09468830293835e-05,-0.00568902518486247,3.95638309891311e-05,-0.0018625439261033,-0.000113185298434182,0.000198805572099836,-8.39381902650871e-05,-0.00110210010916845,0.000270647029133819,-0.00103337084569688,-4.72953703747336e-05,-0.00283087482974143,-0.000142987428733754
"14:95652727:G:C",-3.35913772628871e-05,7.29826420018398e-05,0.104291803167955,-3.69954311629783e-06,-0.000193629705599996,-6.68427650447612e-05,0,-0.00323266093290364,-0.0015304139195198,-0.000115908740336401,-1.83806574227674e-06,5.1025043381614e-05,1.74265591841305e-05,-0.00208868244276683,-0.0141786189581961,-0.000115908740335513,-0.00209634834675132,-0.00135775825978968,9.17704687948273e-05,-9.00499989189285e-05,7.16117594921073e-05,-0.00061557721033445,1.39398687055703e-05,-0.000167918608295459,-0.00023226527368525,-0.000349982978549601,-7.44666210978906e-05,-0.000295005097854073,-0.00531221457814457,-0.00250243142107909,-0.00175018818260408,-7.49452848491927e-06,-7.49452848491927e-06,0.000148034780899309,-2.12450007754938e-05,-6.65744763903575e-05,-2.52548099091143e-05,-0.00115169310445928,4.968276576367e-05,-0.00317772240897085,-0.00481814579969342,5.1025043381614e-05,-5.16904851259881e-05,-2.12450007754938e-05,-0.0022100040415074,-4.41850291288404e-05,-0.00209634834675132,-0.00323628273056187,-0.00481814579969342,-5.16904851259881e-05,-1.33741219814354e-05,-0.00339293852827183,-4.17790861027001e-05,-0.000152168189241131,-0.00487171582765367,-6.96807911966246e-05,0.000249393652463681,-1.74243560984166e-05,-0.00243111715728972,-2.12450007754938e-05,3.65458804223451e-05,-0.00279389368427285,-0.00510780069420758,-5.39565984301049e-05,-9.46513842414731e-07,0.000128863957158387,-0.00153893940641225,-0.000175752020251885,-2.32371161787981e-05,-7.49452848491927e-06,-0.0015598901178091,-0.000579393635429248,-0.00350754781322582,-0.00311076449137282,-0.00309119844080197,6.73925997114466e-05,-9.42896301925344e-06,5.1025043381614e-05,-2.93689086161564e-05,-0.00416409927887695,6.66316468365125e-05,-0.00317469140246196,-0.00119788840376511,-0.00267017189138397,0.00014716279698046,-0.0025745205361174,-8.71728667464211e-05,-0.00101850010924931,9.30011468209813e-05
"14:95653700:T:G",-2.22128416993428e-06,4.30683924879105e-06,-3.69954311629783e-06,0.0761388428078718,-1.52763290897084e-05,-2.1103283671664e-06,0,-1.40511091117901e-05,-1.94521041230189e-06,-8.58771532730174e-06,-1.11335618946384e-07,3.13881217905987e-06,1.12371728366867e-06,-0.00444849151983107,-0.0052905451529135,-8.58771532641356e-06,7.15449543164937e-07,0.000752857316666855,5.24190985551343e-06,-3.94868481645716e-06,4.24279011834727e-06,0.000677627255723401,9.23086590276512e-07,-1.2804175042902e-05,-0.0014882193907475,-0.00506676173010501,-5.25424589703505e-06,-2.0690454984873e-05,-0.00148647508573596,6.60836921095864e-06,-0.00156191832618369,-4.56918383129334e-07,-4.56918383129334e-07,7.57651876348575e-06,-1.42075762976646e-06,-4.45715289654203e-06,-1.67850808452386e-06,-0.00605863080260871,3.3061640190013e-06,-0.0051023769333236,-0.000167355992967799,3.13881217905987e-06,-0.00478048440665013,-1.42075762976646e-06,8.20164051340555e-07,-2.80341225522562e-06,7.15449543164937e-07,-7.89321354943695e-06,-0.000167355992967799,-0.00478048440665013,-8.20818851110516e-07,-0.000672243697377617,-2.64414000206159e-06,6.60836921095864e-06,-0.000131207392207067,-4.91064531704666e-06,-0.00425755228878,-1.07424184214722e-06,3.61557214390018e-07,-1.42075762976646e-06,2.28312704830813e-06,0.000187569459560777,-6.02560888651738e-06,-3.69954311452148e-06,-0.0053965579923716,6.86500511992705e-06,-0.00594723533861785,-0.00508175422504209,-1.5485391680059e-06,-4.56918383129334e-07,-2.08204868901163e-06,-0.0059608689974624,-1.13413451074962e-06,-0.000658751313433292,-1.94521041230189e-06,4.0438296879941e-06,-5.76120485540343e-07,3.13881217905987e-06,-1.94521041230189e-06,-0.00432604539041659,4.11795437393891e-06,-1.16905774660836e-05,3.36559472824405e-06,-5.76120485540343e-07,7.55014467834769e-06,1.63488608428963e-07,1.92814049881918e-06,-0.00485073254354162,5.2943799264682e-06
"14:95654091:G:C",-0.00117106682964074,-0.00162351010928674,-0.000193629705599996,-1.52763290897084e-05,0.132984656712508,-0.000895254244047017,0,2.07806375680519e-05,-0.00110863117854443,-0.00636678955217729,-7.58900381114813e-06,0.000170439054056892,5.84721313749981e-05,-0.000864991500177048,-8.34144687660299e-05,-0.00636678955217729,2.89089280043342e-05,-0.000400363240352419,-0.00143303267611561,-0.00169349939549424,-0.00276461705530462,-0.00194437487880617,4.38831237064008e-05,-0.00235689874619727,7.68708451595046e-05,-0.00675816558052045,-0.000263198462265635,-0.00074527883354758,-0.00404345107218163,-0.00192462735577958,-0.000292253452177427,-3.09536429892177e-05,-3.09536429892177e-05,0.000513296107731875,-7.39016312731877e-05,-0.00260341694605248,-9.0267195189675e-05,-0.00840275176238503,-0.00524763093921354,-0.000726326382801901,-8.89930550709295e-05,0.000170439054056892,-0.000925285589876701,-7.39016312731877e-05,-0.00277112359689458,-0.00129192856544069,-0.00157919861405897,-0.000385685764991095,-8.89930550709295e-05,-0.000925285589876701,-0.00313612306783106,0.000243118764776007,-0.00128174552478288,-0.00183257816837035,-1.12785346395583e-05,-0.000244057703941536,-0.00249782934152165,-0.00419182083303404,-0.0051798286946374,-7.39016312731877e-05,0.000124275299818066,0.000158005907884728,-5.93414110188206e-05,-0.000999227913196066,-0.00137804339258274,0.000444521629979988,-0.000781237100107024,-0.000731439923248089,-8.20313815026452e-05,-3.09536429892177e-05,-0.00114416690622665,-0.00498175348140872,-0.000501451061030167,-0.00732440692790304,-0.000107065372351833,-0.0023083602058307,-3.89476069164729e-05,-0.00216005917119766,-0.00363464947711378,-0.00176986483579356,-0.000536775996941685,-0.00234193509109737,0.000189813885230095,-0.00314773385599576,-0.000999107180846615,-0.00305305248839449,-0.00177392088104522,-0.00855956256066559,0.000320070111087922
"14:95655776:A:C",-0.000274173801752653,-0.0151736804600562,-6.68427650447612e-05,-2.1103283671664e-06,-0.000895254244047017,0.305866162171518,0,-2.83885648482141e-05,-0.00141489545061457,-0.0014640908599306,-0.00398316217851757,-0.00141250057550923,8.08171613009279e-06,-0.00690426890778539,-0.00422813292295787,-0.00240382284714791,-0.00499067202510073,-0.000939497144677226,-0.015885218436102,-0.0139792047468501,-0.00402098128166539,-4.45200243426314e-06,-0.00693069423734727,-0.00728569560619174,-0.00275448793797217,-0.00284694785041584,-0.00667332026203127,-0.00750788446873951,-0.00355277603454729,-0.00187756407027528,-0.00641609347797401,-0.000659580465952381,-0.00276665977485724,-0.00129716781502687,8.87749687423778e-05,-0.00542598807142802,-0.00326071336246603,-0.00843972747932265,-0.00317288031729257,-0.00878750219464441,-0.00261287261784915,-0.00216571030009671,-0.000178960959394736,8.87749687423778e-05,-0.00234182279733108,-0.0054838340729999,-0.00875056169954913,-0.00427856871940868,-0.00261287261784915,-0.000178960959394736,-0.00301916990224083,-0.00193050882787293,-0.00551731006907996,-0.000328528262362404,-0.00283559497212638,-0.00436392998216117,0.000148087532354957,-0.00415704459605504,-0.00589359775488374,8.87749687423778e-05,-0.00103092521591286,-0.00192978537556687,-0.0132172335805265,-0.00151360742140394,-0.00295907997104106,-0.00354489665536484,-0.00692592444194995,-0.00166916328676958,-1.63508438468796e-05,-0.00276665977485724,-0.00171730875015363,-0.00779498195014439,-0.00348063669471044,-0.00475125121406084,-0.00141489545061457,-0.00236881424895952,-0.000796495512351392,-0.00625478512123401,-0.000317930250180787,9.20939383970421e-05,-0.000318425538331724,-0.0101913636778539,1.2148181314231e-05,-0.000796495512351392,-0.00319632782216406,-0.00141967874793991,-0.000246094204802816,-0.0108469392628927,-0.00052996583940601
"14:95656683:G:A",0,0,0,0,0,0,0,0,0,0,0,0,0,0,0,0,0,0,0,0,0,0,0,0,0,0,0,0,0,0,0,0,0,0,0,0,0,0,0,0,0,0,0,0,0,0,0,0,0,0,0,0,0,0,0,0,0,0,0,0,0,0,0,0,0,0,0,0,0,0,0,0,0,0,0,0,0,0,0,0,0,0,0,0,0,0,0,0,0
"14:95658153:C:T",-0.0030847461784127,0.000231538640041329,-0.00323266093290364,-1.40511091117901e-05,2.07806375680519e-05,-2.83885648482141e-05,0,0.13727997743255,-9.97439721066584e-05,-0.000379509818391632,-6.97855364517608e-06,-0.000158348158874944,5.46711219104878e-05,-0.00272195499950456,-0.0037012050639138,-0.000379509818391632,-0.0024375796379843,-0.00143739238101137,0.000291752810344548,-0.0063900375072099,0.00022611458382471,-2.84858476851113e-05,-0.00211788557897208,-0.00700682134149488,-0.000352945233767166,-0.00118003990219862,-0.000246745978982332,-0.00181773972711952,-0.000963123009777966,-0.00158137419417859,-0.0050098865477457,-2.84858476851113e-05,-2.84858476851113e-05,-0.00477677069894789,-6.90668666321059e-05,-0.00830080690453805,-0.00119854281718368,-0.00205233649507308,-0.00152119466824985,-0.00623714276168297,-0.000975006143969281,-0.00182290091528614,-0.000172488828757977,-6.90668666321059e-05,3.44936970808618e-05,-0.00355430230124387,-0.0024375796379843,-0.00256740454571691,-0.000975006143969281,-0.000172488828757977,-5.08919763300142e-05,-0.000449693239978899,-0.00356011736403872,-0.00151163211615835,-0.0010742122133065,-0.000228857934038373,-0.000586488607305924,1.62104178516032e-05,-0.0016619852509141,-6.90668666321059e-05,0.00011587248964684,-0.00166561295411949,-0.00378701782126534,0.000254681685913027,-7.03577547485068e-05,-0.00156599697661353,-0.00220071180569592,-0.00323199630251736,-7.65810426859304e-05,-2.84858476851113e-05,-0.00137179956152789,-0.00329298238585141,-0.000110442545969924,-0.00214442273126458,-0.00300359934998529,-0.00256012374717862,-0.00159201245910712,-0.00182290091528614,-0.000191655674856683,-0.00218551503331277,0.00019013644813537,-0.0015783844399051,0.000176615671612979,-0.00159201245910712,-0.00480151340715995,-0.003201448063197,-0.00215391157678102,-0.000241868027615499,-0.00389231600611151
"14:95658302:T:C",-1.8137085120884e-05,-0.0014747545670124,-0.0015304139195198,-1.94521041230189e-06,-0.00110863117854443,-0.00141489545061457,0,-9.97439721066584e-05,0.074890155220193,-6.38353789268464e-05,-9.66290887305377e-07,2.78383291414386e-05,9.53596467745399e-06,-0.00224828098462204,-0.00172877649609404,-6.38353789250701e-05,5.84534231773404e-06,-0.00480466543364066,-0.00133980121148713,-7.42108142022246e-05,3.88649278972863e-05,-0.00241487380593952,-0.00239509599227361,-0.00314624582895284,-0.00202363104325443,-0.00173770706376253,-4.07309218344309e-05,-0.000141888157747516,-0.00177094599794891,6.56442408981661e-05,-1.08100483338092e-05,-3.94192323227571e-06,-3.94192323227571e-06,7.92729810381587e-05,-1.15959004727273e-05,-0.0027737652229991,-1.37188200355354e-05,-0.00239773120750453,-0.00190866453838634,-7.90489915427628e-05,-6.59507247684488e-05,2.78383291414386e-05,-2.81597606308637e-05,-1.15959004727273e-05,-0.00219680465823391,-0.00275332685779794,-0.00208235670895007,-5.94000786975357e-05,-6.59507247684488e-05,-2.81597606308637e-05,-7.03805163926319e-06,-0.00344653406414874,-0.00275673941958487,-0.00155656007519589,-4.84934795066394e-05,-3.81626973471327e-05,-9.40641025124478e-05,-9.1726840203421e-06,-0.00220686189486319,-1.15959004727273e-05,1.99084086967005e-05,-0.00188838735672725,-0.00282172531366509,-2.93689086134918e-05,-4.45914272750869e-05,6.92454373405482e-05,-2.34968660013379e-05,-0.00160749587198072,-1.26504072346378e-05,-3.94192323227571e-06,-1.70102532965899e-05,-0.00464818907616227,-0.00251137882204944,-0.000160489214449555,-1.58984600471257e-05,3.67127475726647e-05,-4.96022646601091e-06,2.78383291414386e-05,-1.58984600471257e-05,-0.00163875639585775,-0.00200913087502652,-8.48546640002112e-05,3.01485338569663e-05,-0.0003049409926561,-0.00107157716248718,9.47045256438628e-07,1.65156242726283e-05,-0.00216763202252857,5.02215421738228e-05
"14:95658728:T:C",-7.34662529993102e-05,0.000156728376041748,-0.000115908740336401,-8.58771532730174e-06,-0.00636678955217729,-0.0014640908599306,0,-0.000379509818391632,-6.38353789268464e-05,0.0675863335153997,-4.26840384371019e-06,0.000108031457928703,3.67604289106538e-05,-0.00118498863961403,-0.000991075712608591,0.00196929874992069,-0.0010062461548781,-0.000977210194525568,0.000198151329256824,-0.00527858467383524,0.000153341863144973,-1.73827452600861e-05,2.85578274414888e-05,-0.000354959527634868,5.58326646533658e-05,-0.00236950394901658,-0.000158307537321711,-0.00130186640171193,-0.00146462393045343,0.00026191200813841,-0.0025703367611607,-1.73827452600861e-05,-1.73827452600861e-05,0.000324999527386183,-4.52582291199377e-05,-0.000148129791464058,-5.44354379625744e-05,0.000124325592433472,-0.00473784339773964,-0.000216770766360952,-0.00227616969324718,0.000108031457928703,-0.000110807712245808,-4.52582291199377e-05,2.43822197818488e-05,-0.000101691843076068,2.01558710477556e-05,-0.000229784173416903,-0.00227616969324718,-0.000110807712245808,-0.000720330375949096,0.000153341863144973,-9.62025201038941e-05,0.000261912008139298,-0.00231290176739396,-0.00014765921858384,-0.00178923113341778,-0.00517250213872966,0.000167978744586073,-4.52582291199377e-05,7.78276448709647e-05,-0.00661396584347784,-0.000197458377070525,-0.000115908740334625,-0.000785751136189283,0.000281105014539484,-0.00254718470717652,-0.00178050114900596,-0.000155585199763664,-1.73827452600861e-05,-6.86214211444991e-05,-0.00373560049440513,-0.00500264170549158,-0.00109526327460063,-6.38353789268464e-05,0.000142933389606803,-2.18603615778079e-05,0.000108031457928703,-6.38353789268464e-05,-0.000683366005612918,-0.00131561549042303,-0.000326330886280424,0.000118932600448041,-2.18603615778079e-05,0.000322634248303366,-0.000662544181917468,6.22126562079828e-05,-0.000956372231383007,0.00020125305637464
"14:95660380:C:T",-1.10312916312694e-06,2.14169470780234e-06,-1.83806574227674e-06,-1.11335618946384e-07,-7.58900381114813e-06,-0.00398316217851757,0,-6.97855364517608e-06,-9.66290887305377e-07,-4.26840384371019e-06,0.0676310430479381,-0.00490387124749336,-0.00714111995896349,-1.94192860130116e-05,-0.00398846259036922,-4.26840384282201e-06,3.56530902578811e-07,-0.00522065804503846,2.60658619488652e-06,-1.92564347401003e-06,2.10994640070794e-06,-2.26514956125357e-07,4.59453442402946e-07,-6.35741130494694e-06,9.98960317133424e-07,-1.1835390493431e-05,-2.61102580534356e-06,-0.00362073925409412,9.43528490893186e-08,3.28633474211415e-06,-0.00396452957380511,-2.26514956125357e-07,-2.26514956125357e-07,3.7671966497399e-06,-7.06302828668015e-07,-2.21086004081883e-06,-8.34084366907462e-07,-1.03449365749242e-05,1.64788650192094e-06,-0.00417178996531664,-0.00403313662755345,1.56119832261936e-06,-1.76080958969038e-06,-7.06302828668015e-07,4.084350075928e-07,-1.38910854374785e-06,3.56530902578811e-07,-3.92148879413412e-06,-0.00403313662755345,-1.76080958969038e-06,-4.06885465764617e-07,2.10994640070794e-06,-1.31022959681815e-06,3.28633474300233e-06,-0.00399752578460877,-2.44070925159434e-06,-0.00434944952645999,-5.32480716408656e-07,2.02100586044196e-07,-7.06302828668015e-07,1.1353983699891e-06,1.79429705049472e-06,-2.98742884830006e-06,-1.83806574138856e-06,2.53086493984256e-08,3.4135160849047e-06,-0.00282893735766621,1.69089998269811e-06,-7.69652941379206e-07,-2.26514956125357e-07,-1.03411766527728e-06,-0.00403978669021221,-0.0039128308641887,4.24180723612722e-06,-9.66290887305377e-07,2.01133441812829e-06,-2.85601567284743e-07,1.56119832261936e-06,-9.66290887305377e-07,-1.47597811448463e-05,2.04974079398568e-06,-5.8058802938632e-06,1.6736140322493e-06,-2.85601567284743e-07,3.75412397612962e-06,8.29818196379506e-08,9.59432490788004e-07,-0.00336541846755622,2.63259559130091e-06
"14:95660684:T:C",3.13310873174544e-05,-7.87119216285603e-05,5.1025043381614e-05,3.13881217905987e-06,0.000170439054056892,-0.00141250057550923,0,-0.000158348158874944,2.78383291414386e-05,0.000108031457928703,-0.00490387124749336,0.0566836804325224,-0.0017386596811928,0.000295370099638426,-0.00310339983688923,0.000108031457928703,-1.22452725630495e-05,-0.00266283117063004,-0.000100067079997324,-0.000234387870654551,-7.75108435160377e-05,6.34432544543984e-06,-1.52973346603247e-05,-0.00167135170094213,-0.00261844428098179,0.000258643804340153,7.03695922839032e-05,-0.000833266654325371,-0.000283704297094012,-0.000936700700566284,-0.0014047628887397,-0.00316627814854087,6.34432544455166e-06,-0.000167097646113668,2.10697272287064e-05,-0.00202237894327428,2.44186253564038e-05,5.22285834758662e-05,-6.40796021205148e-05,-0.00354057472297953,-0.0010386051026563,-5.50944346278115e-05,4.91812519705093e-05,2.10697272287064e-05,-1.37794909722544e-05,-0.000226547728112259,-1.22452725630495e-05,9.97340672164171e-05,-0.0010386051026563,4.91812519705093e-05,1.12823500186821e-05,-0.000611914284235127,-0.000228736694512399,-0.000866958622545155,-0.00102478143927165,6.65331888098919e-05,-0.00254796824487791,1.46641472271725e-05,6.89384800987014e-05,2.10697272287064e-05,-3.84737115384226e-05,-0.00449651076545177,-0.000188797596292645,-0.000304291025061687,-2.68086003263335e-06,-0.000143886822667305,0.000132018112154242,-0.00269448886117374,2.27354625454979e-05,6.34432544455166e-06,-0.00185131688409257,-0.000589511618491301,-0.00231164188651345,-0.00123195049680902,2.78383291414386e-05,-7.38271003930535e-05,7.97275796582397e-06,-0.00087675670856413,2.78383291414386e-05,0.000276566330617456,-0.00260194173100547,-0.00175389318292574,-0.000245604067236727,7.97275796582397e-06,-0.000166362823128097,-4.3190911398483e-06,-3.28211634164077e-05,-0.000247313965870966,-0.000101147996292461
"14:95661878:C:T",1.07837707066238e-05,-2.62252455280887e-05,1.74265591841305e-05,1.12371728366867e-06,5.84721313749981e-05,8.08171613009279e-06,0,5.46711219104878e-05,9.53596467745399e-06,3.67604289106538e-05,-0.00714111995896349,-0.0017386596811928,0.0531323757698203,0.000109888820382764,-0.00153273317629576,3.67604289106538e-05,-3.92797764359187e-06,0.000231050699889046,-3.33176077056407e-05,-0.00154306238868429,-2.57868147164331e-05,2.27137522390564e-06,-5.02408655478348e-06,5.0676324434562e-05,-0.00130586083994899,-0.00132498037979367,2.3969296065296e-05,-0.00500615786519987,-2.60598654122646e-06,-4.54482420790825e-05,4.9549996337106e-06,2.27137522479381e-06,2.27137522479381e-06,-5.55160676745103e-05,7.11818869802983e-06,2.03285579063461e-05,8.31437497694765e-06,-0.0011651542227602,-2.00736454658568e-05,-0.00583956959474374,-0.00160330529157715,-1.82849292738041e-05,1.67688787575671e-05,7.11818869802983e-06,-4.47897512501072e-06,1.31112156536162e-05,-3.92797764359187e-06,3.4105659272754e-05,-0.00160330529157715,1.67688787575671e-05,4.03944277937995e-06,-2.57868147164331e-05,1.24142517385906e-05,-4.54482420790825e-05,-0.00157985804138949,2.2602327941712e-05,5.15788337116518e-05,5.25039110321757e-06,-0.00123280254498415,7.11818869802983e-06,-1.28510196741871e-05,-0.00514289684063129,2.65113632789138e-05,1.74265591850187e-05,-4.92893790671189e-07,-4.78191147177398e-05,-0.00391288874804996,-0.0050271043279313,7.71315590775146e-06,2.27137522479381e-06,1.0156538506223e-05,-0.000250398015878339,-0.00537434132125103,-7.12416668431359e-05,9.53596467745399e-06,-2.44422457127413e-05,2.85442108349798e-06,-1.82849292738041e-05,9.53596467745399e-06,9.54758325777405e-05,-2.53216878629559e-05,4.7166163406942e-05,-1.97045038135002e-05,2.85442108349798e-06,-5.52314148212218e-05,-1.08128589637602e-06,-1.08127263507285e-05,-0.001290434606112,-3.37157748218075e-05
"14:95662391:C:T",-8.13423917707112e-05,-0.000252105023946569,-0.00208868244276683,-0.00444849151983107,-0.000864991500177048,-0.00690426890778539,0,-0.00272195499950456,-0.00224828098462204,-0.00118498863961403,-1.94192860130116e-05,0.000295370099638426,0.000109888820382764,0.259053876079207,-0.00178758129529122,-0.00118498863961491,-0.00359832887565936,-0.00455207203450403,-0.000846251406295018,-0.00207567738499215,-0.000896695259482883,-0.000869123367677638,7.55628522943752e-05,-0.00145795806939475,-0.00341578834987111,-0.00506482825844223,-0.000561934795959118,-0.00261394399308168,-0.010323641654741,-0.000225549935235492,-0.0101599878215763,-0.00243395068567054,1.47793059328549e-05,-0.00062877555911367,-0.000161271340481051,-0.000546316389485213,-0.00902009289472794,-0.00220716210750282,-0.00583689758587624,-0.0102584471675584,-0.00821415689773053,-8.20214260750518e-05,-0.00362291281384497,-0.000161271340481051,-0.00462009967819377,-0.000314766370739683,-0.00359832887565936,1.87879847342032e-05,-0.00821415689773053,-0.00362291281384497,-0.00479903383059455,-0.00712354159725859,-0.000317815124110332,-0.00521611997849458,-0.0082276800778569,-0.00105086852252079,6.35309029721753e-05,-6.28914727602847e-05,-0.00188573410699444,-0.000161271340481051,-0.00663681670989025,-0.013641192429791,-0.00822669376958274,-0.000659832863124876,-0.000690613762122538,-0.000273794637345226,-0.00562052334931851,-0.00157376189047209,-0.00141866204808672,1.47793059328549e-05,2.61626770585721e-05,-0.00636022230139677,-0.00128844474094336,-0.0143789816956033,-0.00191931857945082,-0.00221453394667304,-0.00504587525607025,-0.000313561583136668,5.91948442973944e-06,-0.00146294029028837,-0.00180407133764326,-0.00648882579530152,-0.00145212219183044,-0.00229601435125026,0.000322296515859577,-0.0047133339011598,-0.00509948503360569,-0.00301746839089256,-0.000566489439824736
"14:95663986:C:T",-0.00168395216249984,-0.00015768632710067,-0.0141786189581961,-0.0052905451529135,-8.34144687660299e-05,-0.00422813292295787,0,-0.0037012050639138,-0.00172877649609404,-0.000991075712608591,-0.00398846259036922,-0.00310339983688923,-0.00153273317629576,-0.00178758129529122,0.279304257802819,-0.00179085501426446,-0.00394216578202844,-0.0051512233414206,-0.000323216304711771,-0.00253766025584801,-9.48468250774326e-05,-0.00787920422876986,-0.000349696405488764,-0.000732024149974642,-0.000624488938552936,-0.00268725652615398,-0.00126885234832308,-0.00718477172761522,-0.00197423294507937,-0.00150196130088398,-0.00862722384132031,7.52186856001202e-06,-0.000833385822581079,-0.00156273303174093,-4.87438238661042e-05,-0.00123231171617899,-0.00564036218222608,-0.00292731770095145,-0.0026396867503875,-0.0108220692455827,-0.00151600571758559,-0.000126766260176936,-0.00159886815224919,-4.87438238661042e-05,-0.0108455482517229,-0.000938676617803225,-0.00513944656661902,-0.0017120782251312,-0.00151600571758559,-0.00159886815224919,-0.00444474185599875,-0.00564279916535693,-0.00096114725554175,-0.00223151718497583,-0.00173501125798392,-0.00096366987729013,-0.00179895777360528,-1.5164719340266e-05,-0.00961335683897202,-4.87438238661042e-05,-0.000929839279950606,-0.00258228979175534,-0.0069568644821536,-0.00165945246885801,-0.000509532674987767,-0.000730992894312443,-0.00449144829722359,-0.00112083998677504,-0.0052387637260507,-0.000833385822581079,-0.00290256039995818,-0.00937474137021477,-0.0109556386964069,-0.00347521810873808,-0.000140473188233514,-0.0015482346962008,-0.00065859580323302,-0.00842668527948298,-0.0002653925776821,-0.00573158305111354,-0.00977434130034016,-0.00251871436683615,-0.00312794573333175,-0.00788847665558912,-0.00342529299597238,-3.38613722403736e-05,-0.0116221826444738,-0.00440304578606643,-0.000657394609773654
"14:95668918:A:C",-7.3466252998422e-05,0.000156728376042636,-0.000115908740335513,-8.58771532641356e-06,-0.00636678955217729,-0.00240382284714791,0,-0.000379509818391632,-6.38353789250701e-05,0.00196929874992069,-4.26840384282201e-06,0.000108031457928703,3.67604289106538e-05,-0.00118498863961491,-0.00179085501426446,0.063991407447002,2.01558710486438e-05,-0.0040384851849522,0.000198151329257712,-0.00365504720230891,0.000153341863144973,-1.73827452591979e-05,2.8557827442377e-05,-0.000354959527634868,5.58326646533658e-05,-0.000940448056208965,-0.000158307537321711,-0.000252716483221782,-0.000420369993006098,0.000261912008139298,-0.0025703367611607,-1.73827452583097e-05,-1.73827452583097e-05,0.000324999527386183,-4.52582291190495e-05,-0.000148129791464058,-5.44354379607981e-05,0.00151966927953495,-0.00473784339773875,-0.000511891827529531,-0.00139166924758882,0.000108031457928703,-0.000110807712245808,-4.52582291190495e-05,2.4382219782737e-05,-0.00010169184307518,2.01558710486438e-05,-0.000229784173416903,-0.00139166924758882,-0.000110807712245808,-0.000720330375949096,0.000153341863144973,-9.62025201038941e-05,0.000261912008139298,-0.00139239515562561,-0.000147659218582952,-0.00178923113341778,-0.00517250213872877,-0.000362207076260113,-4.52582291190495e-05,7.78276448709647e-05,-0.00720995537155034,-0.000197458377069637,-0.000115908740333737,-0.000785751136188395,0.000281105014539484,-0.0035898520664448,-0.00178050114900596,-0.000155585199763664,-1.73827452583097e-05,-6.86214211444991e-05,-0.00455977045491984,-0.00500264170549158,-0.00109526327459886,-6.38353789250701e-05,0.000142933389606803,-2.18603615778079e-05,0.000108031457928703,-6.38353789250701e-05,-0.000683366005612029,-0.00131561549042392,-0.000326330886279536,0.000118932600448041,-2.18603615778079e-05,0.000322634248303366,-0.000662544181917468,6.22126562079828e-05,0.000470223409767101,0.00020125305637464
"14:95669334:C:T",6.58619741944477e-06,-1.80045872806289e-05,-0.00209634834675132,7.15449543164937e-07,2.89089280043342e-05,-0.00499067202510073,0,-0.0024375796379843,5.84534231773404e-06,-0.0010062461548781,3.56530902578811e-07,-1.22452725630495e-05,-3.92797764359187e-06,-0.00359832887565936,-0.00394216578202844,2.01558710486438e-05,0.120014804191512,-0.0063107006598111,-2.33509487843619e-05,-0.00284918694438563,-1.76767266850675e-05,1.44049686667813e-06,-3.21620847199e-06,2.61043693203789e-05,-0.00265481048909155,-0.00370229958127766,-0.00306882270007769,-0.000573796849135277,-0.0023834330590411,-3.29144761375133e-05,-0.0010012306597682,1.44049686667813e-06,-0.00211835072718358,-4.13049185921111e-05,4.38989509099486e-06,1.20160464485153e-05,5.11324833674109e-06,-0.00200388483503833,-0.00255906821651664,-0.000580769589906716,-0.00294235864759695,-1.22452725630495e-05,9.99361693398981e-06,4.38989509099486e-06,-2.85644279873765e-06,8.001037625327e-06,-0.00922400158386871,1.89424376069169e-05,-0.00294235864759695,9.99361693398981e-06,-0.00202687832057968,-0.00410864464839999,7.59516858117593e-06,-0.00403670389437139,-0.00302245779394728,1.31536987799663e-05,-0.00225540194482754,3.29567236523332e-06,-0.00371280079851033,4.38989509099486e-06,-8.46771511575639e-06,-0.00149592038664448,1.530286882101e-05,1.03628364582775e-05,-2.63981949188974e-07,-0.00588749889951767,3.82297509871066e-05,-0.00451189242392047,4.75048086023833e-06,-0.00211835072718358,6.21467394079644e-06,-0.00765068723398166,3.23211735597795e-06,-3.14757714958702e-05,5.84534231773404e-06,-1.66758066200146e-05,1.80664789262153e-06,-1.22452725630495e-05,5.84534231773404e-06,3.74197073664817e-05,-0.00360375787463241,-0.0023496226756583,-1.32668453813878e-05,1.80664789262153e-06,-0.00050015810542714,-0.00199047845799516,-7.06115959747677e-06,-0.00779992058868029,-2.36603476784225e-05
"14:95670886:A:G",-0.000694681118391216,-0.000872850378242696,-0.00135775825978968,0.000752857316666855,-0.000400363240352419,-0.000939497144677226,0,-0.00143739238101137,-0.00480466543364066,-0.000977210194525568,-0.00522065804503846,-0.00266283117063004,0.000231050699889046,-0.00455207203450403,-0.0051512233414206,-0.0040384851849522,-0.0063107006598111,0.270965267743855,-0.000866736267881585,-0.000356127933433648,-0.0047187511380411,-0.0018807772248719,-9.18416194242155e-05,-1.47102698306867e-05,-0.00153374947463103,-0.00655801505630471,-0.0035060527046209,-0.005538208223963,-0.00540444497340031,-0.00794131466697934,-0.00625905209018507,-0.00208276254164197,1.9727228623978e-05,-0.000787830069042705,0.000106247184689323,6.23298485074031e-05,-0.00853827309315847,-0.0130585611241054,-0.00328858980675628,-0.00549954807850161,-0.00404155228673897,-6.70839745318119e-05,-0.00176708247461388,0.000106247184689323,-0.00307782441836046,-0.000815946753128571,-0.00295872564131017,-0.00017510488082273,-0.00404155228673897,-0.00176708247461388,3.51209617708292e-05,0.0001636354687653,-0.00082040888539936,-0.00220690952445768,-0.00450165871667663,-0.0029499073622361,-0.00242741889027087,-9.12249314097835e-05,-0.00366847895525924,0.000106247184689323,-0.00699771602827237,-0.0102275190427776,-0.00798968283991996,-0.00682428356988218,-0.00194778541177953,-0.00270404292316329,-0.00669353763424319,-0.000467936872759367,-0.00439815680527555,1.9727228623978e-05,-0.00698794866401897,-0.00470250606495526,-0.00783699789923187,-0.0111050977458986,1.01690483438333e-05,0.000283970109076215,-0.00559055964147515,-0.000653751875621111,-0.00480466543364066,-0.00096189321779061,-0.00027785852110096,-0.009960935929894,-0.00348752174109102,-4.88836661567404e-05,-0.00153899062729668,-0.000133425179351221,-0.00589876126480959,-0.0073345178956119,-0.000563923311842629
"14:95674422:A:G",5.55206400978392e-05,-0.000948107268754939,9.17704687948273e-05,5.24190985551343e-06,-0.00143303267611561,-0.015885218436102,0,0.000291752810344548,-0.00133980121148713,0.000198151329256824,2.60658619488652e-06,-0.000100067079997324,-3.33176077056407e-05,-0.000846251406295018,-0.000323216304711771,0.000198151329257712,-2.33509487843619e-05,-0.000866736267881585,0.0668239909114972,-0.00140686760801234,-0.000139687764654894,1.0600690418805e-05,-2.83898267525728e-05,0.000267838534450782,-7.02288230174375e-05,2.8060857060197e-05,0.000127621835532388,0.000375340805530477,-0.00407144771536405,-0.000246835476661822,-0.0017756107245015,1.06006904196931e-05,1.06006904196931e-05,-0.000295995092042034,3.81469132699763e-05,0.000101020445168132,4.38104610180901e-05,0.00087047153017128,-0.00149438234369015,0.000215780812956368,-0.00185138856018341,-0.000100067079997324,8.86077416391018e-05,3.81469132699763e-05,-0.000695638680499044,6.14785995960432e-05,-2.33509487843619e-05,0.000181291130573413,-0.00185138856018341,8.86077416391018e-05,1.88666829377127e-05,-0.000139687764654894,5.81927958425155e-05,-0.000455175721865153,-0.00184180965492153,0.000120969994513942,0.000272388927265332,-0.000892436638231686,-0.000559755688530394,3.81469132699763e-05,-6.96309922476601e-05,-0.00169126747144954,0.000130699877883167,9.17704687966037e-05,-0.00501082982076539,-0.000255981943088734,-0.00644066404487464,0.000270647002265534,4.09631624984641e-05,1.06006904196931e-05,5.25438690157642e-05,-0.00119499193968764,-0.00497035372778054,-0.000922578272304797,4.96002809988738e-05,-0.000133886238206316,1.33251346223773e-05,-0.00606767492052018,4.96002809988738e-05,-0.00162732530807563,-0.00014570467250774,0.000250176821771753,-0.000106338989342092,-0.000974739418810877,-0.000294964761384797,-1.02423491981085e-05,-6.04336574729913e-05,-0.00179589186025986,-0.000180961013172443
"14:95675157:T:G",-7.52869914668608e-05,-0.00448367254210691,-9.00499989189285e-05,-3.94868481645716e-06,-0.00169349939549424,-0.0139792047468501,0,-0.0063900375072099,-7.42108142022246e-05,-0.00527858467383524,-1.92564347401003e-06,-0.000234387870654551,-0.00154306238868429,-0.00207567738499215,-0.00253766025584801,-0.00365504720230891,-0.00284918694438563,-0.000356127933433648,-0.00140686760801234,0.282383122618972,-0.0039527698561983,-8.30414583408157e-06,-0.000236766628972873,-0.00242918592997254,-0.00328936047546113,-0.00708522842829362,-0.00349063847018005,-0.00379947922855006,-0.00340129405255585,-0.00291838966827829,-0.00833395909019607,-0.000661057223998007,-0.000665482053551436,-0.00178357842862997,7.67529092380315e-05,-0.00119826831802694,-0.00327138845400832,-0.0080400720001399,-0.010144358282052,-0.00366179816584111,-0.0111251859601782,-0.000661825167961538,-0.000209724499034891,7.67529092380315e-05,-0.00588939333916549,-0.00447552966162856,-0.00989416483169681,-3.3188359469527e-05,-0.0111251859601782,-0.000209724499034891,-0.00134519231640695,-0.00271512095673998,-0.00643726932081456,-0.00668546823555172,-0.0117060927915853,-0.000936463268979892,4.70336045399478e-05,1.29583148744672e-06,-0.00652758978411416,7.67529092380315e-05,-0.00100770745809431,-0.000377634742128929,-0.00261321924309676,-0.004924812291212,-0.000392495251727354,-0.00888998719127176,-0.00878737380326244,-0.000412277183454712,-2.87188862442278e-05,-0.000665482053551436,-6.11654529567573e-05,-0.00745351485374757,-0.00935186309242653,-0.00621037920627643,-7.42108142022246e-05,-0.00344150328898607,-0.000674810931754699,-0.00212888584361082,-0.00310692068057694,-0.000488492569564958,-0.000359839079702162,-0.00999256453350528,2.84821886014086e-05,-0.00200291803379749,-0.000403891059279182,-0.000493711802894481,-0.000206422469547718,-0.0119293545380175,-0.00113310017644874
"14:95675669:G:T",4.36275670203656e-05,-0.000110139902356643,7.16117594921073e-05,4.24279011834727e-06,-0.00276461705530462,-0.00402098128166539,0,0.00022611458382471,3.88649278972863e-05,0.000153341863144973,2.10994640070794e-06,-7.75108435160377e-05,-2.57868147164331e-05,-0.000896695259482883,-9.48468250774326e-05,0.000153341863144973,-1.76767266850675e-05,-0.0047187511380411,-0.000139687764654894,-0.0039527698561983,0.104646791855216,8.57867336545581e-06,-2.17763227858825e-05,-0.00138264958109424,-0.000924513079083589,-0.00515399003834016,9.92219446205311e-05,-0.00612593869291267,-0.00880157390259217,-0.000192075229711541,1.20445691695892e-05,8.57867336545581e-06,8.57867336545581e-06,-0.000231615034179455,2.9645908089293e-05,-0.00271050385132643,3.42054778990075e-05,-0.00182949024492007,-0.00404034194876335,-0.000463273360942651,-0.00226393988554019,-7.75108435160377e-05,6.90801377034589e-05,2.9645908089293e-05,-1.97378469808385e-05,-0.00272434929258392,-1.76767266850675e-05,0.000140899911712289,-0.00226393988554019,6.90801377034589e-05,-0.00124439318566338,-0.000108568085177119,-0.00274133622854844,-0.000192075229711541,-0.00219178559058442,9.39211698316456e-05,-0.00316340338641563,-0.00370864411371219,-0.00229375676446431,2.9645908089293e-05,0.00113551640954324,-0.000831509872035952,-0.00273702025796485,-0.00321979792581839,-4.81265688989652e-06,-0.00019996556020363,-0.00723567702320338,-0.00265473031168462,3.19134092405804e-05,8.57867336545581e-06,4.12331363497387e-05,-0.00117799014213027,1.20445691704774e-05,-0.00905596293536082,3.88649278972863e-05,-0.00111562974467372,1.07824854520544e-05,-7.75108435160377e-05,3.88649278972863e-05,-0.0020688257642254,-0.00202764962304069,0.00019436238639603,-8.26835940781478e-05,1.07824854520544e-05,-0.000230707196892332,-0.00122653228521408,-4.65182537663367e-05,-0.00165318471903309,-0.000141087130821838
"14:95681362:G:A",-0.00244433441889758,8.70903365601805e-06,-0.00061557721033445,0.000677627255723401,-0.00194437487880617,-4.45200243426314e-06,0,-2.84858476851113e-05,-0.00241487380593952,-1.73827452600861e-05,-2.26514956125357e-07,6.34432544543984e-06,2.27137522390564e-06,-0.000869123367677638,-0.00787920422876986,-1.73827452591979e-05,1.44049686667813e-06,-0.0018807772248719,1.0600690418805e-05,-8.30414583408157e-06,8.57867336545581e-06,0.0493173887972098,1.86310748251373e-06,-2.59732760463649e-05,-0.0015739509735484,8.48205245063127e-05,-1.06396704335765e-05,-4.21323115267214e-05,-0.00173955150586025,1.33618800832735e-05,-2.35002319470823e-06,-9.29751417189095e-07,-9.29751417189095e-07,1.53243978582296e-05,-2.87469436432986e-06,-9.05928716665727e-06,-3.39914714597711e-06,-0.000183886717177728,-9.01702059818987e-05,-0.00246937080216103,-0.00191156497157419,6.34432544543984e-06,-7.17725393784008e-06,-2.87469436432986e-06,1.65363661164264e-06,-5.7100802104415e-06,1.44049686667813e-06,-1.59912535417917e-05,-0.00191156497157419,-7.17725393784008e-06,-1.67048934329728e-06,-0.000942567211206224,-5.38532090210708e-06,1.33618800832735e-05,-0.00187200022977763,-9.94031986412125e-06,0.000307289506979558,-7.73537712932537e-05,-0.000124175524716996,-2.87469436432986e-06,4.61638645976592e-06,-0.00198551229201627,-1.22591095408353e-05,-7.49452848314291e-06,7.96006007774963e-08,1.38844644954617e-05,-0.00329618025811751,-0.00245147372839938,-0.00525139983368028,-9.29751417189095e-07,-4.22045053394271e-06,-0.0011069325488986,-2.35002319470823e-06,-0.00261944227521571,-3.94192323227571e-06,8.17364136818099e-06,-1.17236798580223e-06,6.34432544543984e-06,-3.94192323227571e-06,-0.000469258606651479,8.31069622986291e-06,-2.37028489138424e-05,6.80587809753774e-06,-0.00201100868425375,1.52707130967045e-05,3.16656485033207e-07,3.89390755106689e-06,-0.000127857703110301,1.07074779975846e-05
"14:95681623:G:A",8.71363932031244e-06,-2.21604360906014e-05,1.39398687055703e-05,9.23086590276512e-07,4.38831237064008e-05,-0.00693069423734727,0,-0.00211788557897208,-0.00239509599227361,2.85578274414888e-05,4.59453442402946e-07,-1.52973346603247e-05,-5.02408655478348e-06,7.55628522943752e-05,-0.000349696405488764,2.8557827442377e-05,-3.21620847199e-06,-9.18416194242155e-05,-2.83898267525728e-05,-0.000236766628972873,-2.17763227858825e-05,1.86310748251373e-06,0.0894815854227939,-0.000685135881881571,-0.00157868812661111,-0.00625633517724555,1.89874306864013e-05,-0.00238083148294255,-1.92576253166266e-06,-0.00124800365600652,-0.00263023119621408,1.86310748429008e-06,1.86310748429008e-06,-4.84907446969274e-05,5.7699000644007e-06,-0.000306189057451611,6.73373931014964e-06,-0.00196119817078255,-1.67589520421174e-05,-0.00242601591615799,-0.00583802013928558,-1.52973346603247e-05,1.34238773048523e-05,5.7699000644007e-06,-3.67455191074839e-06,9.22554724152036e-05,-3.21620847199e-06,2.66216432569522e-05,-0.00583802013928558,1.34238773048523e-05,-0.00266820154857861,-0.000964777414110607,9.19251237583296e-05,-3.92504271582439e-05,-0.00589482077479531,1.79349334645806e-05,3.91952053586664e-05,4.29016242797786e-06,-0.00255823628496987,5.7699000644007e-06,-1.06834407045397e-05,-0.000404538387387632,-0.00137144446407689,1.39398687064585e-05,-0.00178277038178631,-0.00204235053535484,-0.000540176526858893,-0.00587855360563871,6.24968793694336e-06,1.86310748429008e-06,8.21200237233199e-06,-1.03290462991623e-05,-0.00302656061152451,-0.00420505477482003,7.71484301065328e-06,-2.06005351657268e-05,2.33960501017094e-06,-0.00124546087083832,7.71484301065328e-06,6.68281847682195e-05,-0.00703987432007569,-0.00226332337354762,-1.65213818501542e-05,2.33960501017094e-06,-0.000433844813308326,-0.00264476261579283,-8.95550171886583e-06,-0.00159136214041844,-2.87443842257318e-05
"14:95683148:T:A",-0.000152857425506525,0.000213075952313346,-0.000167918608295459,-1.2804175042902e-05,-0.00235689874619727,-0.00728569560619174,0,-0.00700682134149488,-0.00314624582895284,-0.000354959527634868,-6.35741130494694e-06,-0.00167135170094213,5.0676324434562e-05,-0.00145795806939475,-0.000732024149974642,-0.000354959527634868,2.61043693203789e-05,-1.47102698306867e-05,0.000267838534450782,-0.00242918592997254,-0.00138264958109424,-2.59732760463649e-05,-0.000685135881881571,0.147471554770823,-0.00215410320438192,-0.00275184390691452,-0.000229635020135177,-0.000519470241342468,-0.000102249478618255,-0.00354185292021469,-0.00104001652888375,-5.40618434898832e-05,-2.59732760463649e-05,0.000430985292977581,0.000403315991478692,-0.00508861628560631,-0.0012584006092391,-0.00220969240607261,-0.00551543549970201,-0.000153065076394121,-0.00562854121853729,-0.000149788292551634,-0.00120221908429485,0.000403315991478692,3.23783406104283e-05,-0.00588320376931684,2.61043693203789e-05,-0.000338277074418691,-0.00562854121853729,-0.00120221908429485,-0.00161864488055308,-0.00138264958109424,-0.00408017799288363,-0.00219910317862215,-0.00590944015731498,-0.000213031374510564,-0.000114812361046823,-0.00160495613726042,-0.00376229164635866,0.000403315991478692,0.000107061592387048,-2.69016685483514e-05,-0.00231614683431047,-0.0100572206864022,-4.74056105570497e-05,-0.00158084335520758,0.000195898434221853,-0.00833538793580768,-7.09128443663332e-05,-2.59732760463649e-05,-9.94552229318657e-05,-0.0010858645953804,-0.00424301684042394,-0.00130910154727015,-9.21658489021482e-05,-0.00171901662855767,-0.00165523254170363,-0.0038949882006829,-0.000163545796974418,-0.00389639223170413,-0.00587759407214694,-0.00438734701728194,0.000162785007297828,-3.2699502423128e-05,-0.000603167619297906,-0.00155048026415106,-0.00205750229492718,-0.000531419415167544,0.000272191294610202
"14:95684364:G:C",-3.25700106378335e-05,-5.38618519705381e-05,-0.00023226527368525,-0.0014882193907475,7.68708451595046e-05,-0.00275448793797217,0,-0.000352945233767166,-0.00202363104325443,5.58326646533658e-05,9.98960317133424e-07,-0.00261844428098179,-0.00130586083994899,-0.00341578834987111,-0.000624488938552936,5.58326646533658e-05,-0.00265481048909155,-0.00153374947463103,-7.02288230174375e-05,-0.00328936047546113,-0.000924513079083589,-0.0015739509735484,-0.00157868812661111,-0.00215410320438192,0.158925207892761,2.050458351599e-05,-0.0015436189978173,-0.000990116628028836,-0.00346814304268772,-0.000333092974352134,-6.32555361690379e-05,-0.00240057428151719,4.03284734407094e-06,-0.00952784130620188,1.2650964072769e-05,-0.00187131373768956,-0.002947474616108,-0.00326947732206451,-4.19196137162459e-05,-0.00913878727050843,-0.00104480858373357,-0.000336536205114868,-0.00389807945502429,1.2650964072769e-05,-0.00277111288390586,-0.00187360360555466,-0.00265481048909155,-0.00175726097914275,-0.00104480858373357,-0.00389807945502429,-0.00498103053794718,-0.000782153871554669,-0.00187947971536762,-0.00338617573002686,-0.0010255635206402,3.71661809195345e-05,-3.68274153350612e-05,9.21282445709437e-06,-0.00345845178336734,1.2650964072769e-05,-0.000800179619234953,-0.00199602647255448,-0.0059573046016812,2.93850367105719e-05,-0.00102935600046639,-0.000105960947606398,-0.00699027360233906,-0.00346577303909168,1.3650719682623e-05,4.03284734407094e-06,-0.00220362744106684,-0.00523286350166119,-0.00380222760047388,-0.000605408424382947,1.66813421920153e-05,-5.00820026188009e-05,5.05649513549145e-06,-3.65268409572295e-05,-0.00202363104325443,-0.00110335770317782,-0.00292247544044599,-0.00154926450441728,-0.00481411493988748,-0.00192832724565228,-0.0001253611066101,-0.00484850852731356,-2.10387372501231e-05,-0.000186596196968924,-0.00838776731931024
"14:95684562:A:G",-0.00432506085864137,-0.00095175865005892,-0.000349982978549601,-0.00506676173010501,-0.00675816558052045,-0.00284694785041584,0,-0.00118003990219862,-0.00173770706376253,-0.00236950394901658,-1.1835390493431e-05,0.000258643804340153,-0.00132498037979367,-0.00506482825844223,-0.00268725652615398,-0.000940448056208965,-0.00370229958127766,-0.00655801505630471,2.8060857060197e-05,-0.00708522842829362,-0.00515399003834016,8.48205245063127e-05,-0.00625633517724555,-0.00275184390691452,2.050458351599e-05,0.278400163100716,-0.00193241555012147,0.000786413305267075,-0.00110238471365021,-0.00755531209154903,-0.00760294880561263,-0.00389128638228531,-0.0051011962300116,-0.00124070351258432,-0.000193250085500196,-0.006558572281397,-0.00013802559802123,0.00192539656815205,-0.00109021799520415,-0.00416857615021193,-0.00584618950448546,-0.000368745043351382,-0.00376198141091066,-0.000193250085500196,-7.61699917894987e-05,-0.00859744128682394,-0.000468411229372023,0.000271050630288983,-0.00584618950448546,-0.00376198141091066,-7.4247667124272e-05,0.000344193389103964,-0.00696544478254157,-0.00111866902773006,-0.00529199558094051,0.000393423396044312,-0.0103186930390669,-9.66613649442394e-05,-0.006470275197068,-0.000193250085500196,-0.00224340578450644,-0.00291789203992021,-0.00677270227381754,-0.00541665552159287,-0.0013826026737167,-0.00211170086292167,-0.00896359732830199,-0.00469427737163519,0.000293009549603873,-0.0051011962300116,0.000187518192363179,-0.00819063555419408,-0.0177413872796666,-0.00255971788507514,-0.000624336436809259,-0.0114637626625416,-0.00117332389776337,-0.00289986453077873,-7.11486899902525e-05,-0.006204440877426,-0.00468528558547288,-0.0016252084610433,-0.00688218177280842,-0.000601275776731747,-0.00181066992773271,-1.71673493705171e-05,-0.00271059387656969,-0.00579269550655281,-0.00118799677257986
"14:95684652:G:A",0.000203535339307948,0.000101224003258515,-7.44666210978906e-05,-5.25424589703505e-06,-0.000263198462265635,-0.00667332026203127,0,-0.000246745978982332,-4.07309218344309e-05,-0.000158307537321711,-2.61102580534356e-06,7.03695922839032e-05,2.3969296065296e-05,-0.000561934795959118,-0.00126885234832308,-0.000158307537321711,-0.00306882270007769,-0.0035060527046209,0.000127621835532388,-0.00349063847018005,9.92219446205311e-05,-1.06396704335765e-05,1.89874306864013e-05,-0.000229635020135177,-0.0015436189978173,-0.00193241555012147,0.0779394078992111,0.000465781814658506,-8.52924511818287e-06,0.000169187023009165,-0.00638301497732474,-1.06396704335765e-05,-1.06396704335765e-05,0.000207571079920754,-2.92724335579919e-05,-9.29658690607127e-05,-3.49305601137218e-05,-0.000803821733968313,6.59400635916185e-05,-0.000202748112165807,-0.00755200746091944,-0.000455490703475725,-7.12936799533992e-05,-2.92724335579919e-05,1.64498931063406e-05,-6.24847810319906e-05,-0.00306882270007769,-0.000148658142324898,-0.00755200746091944,-7.12936799533992e-05,-1.89746716268147e-05,9.92219446205311e-05,-5.90971229224024e-05,-0.00234161185378756,-0.00763723684423923,0.00156347023802983,-0.000234373724111059,-2.47102697477075e-05,-0.00118262897945698,-2.92724335579919e-05,5.0466342360167e-05,-0.00919800115141012,-0.0001237144765458,-0.000906097721721899,-2.23932975895735e-06,0.000180134619954586,-0.00336528267802727,3.6462500982104e-05,-3.20840449958837e-05,-1.06396704335765e-05,-4.36861197403715e-05,-0.00170826362793619,-3.38333417113645e-05,-0.00297810786694441,-4.07309218344309e-05,9.30644557310956e-05,-1.33831130524342e-05,7.03695922839032e-05,-4.07309218344309e-05,-0.000732382609983873,-0.00020609747121636,-0.00100806851664448,7.68778759363542e-05,-1.33831130524342e-05,0.000206244557660717,5.34305666377577e-07,4.10576083975656e-05,-0.000248527707974233,0.000129435212008921
"14:95686658:T:C",-3.48177640008274e-05,-0.000805417876853731,-0.000295005097854073,-2.0690454984873e-05,-0.00074527883354758,-0.00750788446873951,0,-0.00181773972711952,-0.000141888157747516,-0.00130186640171193,-0.00362073925409412,-0.000833266654325371,-0.00500615786519987,-0.00261394399308168,-0.00718477172761522,-0.000252716483221782,-0.000573796849135277,-0.005538208223963,0.000375340805530477,-0.00379947922855006,-0.00612593869291267,-4.21323115267214e-05,-0.00238083148294255,-0.000519470241342468,-0.000990116628028836,0.000786413305267075,0.000465781814658506,0.240410458025563,-8.00150510857911e-05,-0.00217134252019946,-0.0108622569962638,-0.00245448994015351,-0.00545473082076064,0.000588384980264145,-9.5362481747685e-05,-0.0069557901756081,0.000177113196254908,-0.00380051897577749,-0.000787551387566587,-0.00335500393654176,-0.0102048873649645,-0.000467951314330861,-0.00229389647534184,-9.5362481747685e-05,-0.00200467809586602,-0.00866108235638485,-0.000573796849135277,0.00163497501913668,-0.0102048873649645,-0.00229389647534184,-0.000947184996890726,-0.00250449991308788,-0.00759347086195206,-0.0013396483634347,-0.0102735489849781,0.000451763473820144,-0.00476076348562948,-8.33036831417999e-05,-0.00410807906190325,-9.5362481747685e-05,-0.000394232364299363,-0.00362733251453884,-0.00777160699669821,-0.00501420190820134,-0.00312012966095576,-0.000282794987207957,-0.00224518089957693,-0.00261322819550092,-0.00130057037437137,-0.00545473082076064,-0.000674706712091577,-0.00860059609487296,-0.00498882813305368,-0.00341941998816742,-0.00065081329825567,-0.0086811099153099,-0.00242253427097783,-0.00263830729677306,-0.00164846612421954,-0.00123904516911555,-0.00277592454179665,-0.00152085738664542,-0.00374603747959679,-0.00188100911451894,-0.0016683509333264,-0.0011199085828224,-9.64344764433633e-05,-0.00830422052357216,-0.000314130541777757
"14:95687451:C:T",-0.0041917525858608,-0.00325435439642163,-0.00531221457814457,-0.00148647508573596,-0.00404345107218163,-0.00355277603454729,0,-0.000963123009777966,-0.00177094599794891,-0.00146462393045343,9.43528490893186e-08,-0.000283704297094012,-2.60598654122646e-06,-0.010323641654741,-0.00197423294507937,-0.000420369993006098,-0.0023834330590411,-0.00540444497340031,-0.00407144771536405,-0.00340129405255585,-0.00880157390259217,-0.00173955150586025,-1.92576253166266e-06,-0.000102249478618255,-0.00346814304268772,-0.00110238471365021,-8.52924511818287e-06,-8.00150510857911e-05,0.215390465886638,-0.00203711278114849,-0.00869470991011445,2.19616378416276e-07,-0.00216132542756409,-0.00111187147949021,-7.09933769549309e-07,-8.22098871147148e-05,-1.25952780738459e-06,-0.00635408252281522,-0.00123804104752168,-0.00571660095738435,-0.00160586859297762,-1.6519717111585e-05,-0.00331183919687827,-7.09933769549309e-07,-0.00128768740977669,-0.00168903868465264,-0.00523239468163172,-0.000148012154235211,-0.00160586859297762,-0.00331183919687827,-0.000605304474073698,-0.00107511158213036,-0.00170203460375529,-0.000104587439146542,-0.00216133056459578,-0.00229036620825962,-3.44659129645208e-05,-0.00102458047069032,-0.00160365964864972,-7.09933769549309e-07,-0.00630690429438197,-0.00910796050107132,-0.00186939521971397,-0.0065472352603182,-0.000547419295910956,-0.000635641266629072,-0.00135035660897254,-0.00362092882184006,-0.00535977879647653,-0.00216132542756409,-0.00528108997182564,-0.00789676670705886,-0.00375641919649627,-0.0048445405035098,-0.00177094599794891,-0.00836682252307774,-2.04223290234395e-05,-0.00694744591962149,-0.000314828137986112,-0.00218924601276527,-0.000889857302116326,-0.000256377132887842,-0.000718346834412742,1.29484030875204e-06,-0.000596762719025534,-0.000570752488755488,-0.00265436773098759,-0.00393068202182434,-0.00106033913027836
"14:95690968:T:C",7.31064784371682e-05,-0.000194406035091355,-0.00250243142107909,6.60836921095864e-06,-0.00192462735577958,-0.00187756407027528,0,-0.00158137419417859,6.56442408981661e-05,0.00026191200813841,3.28633474211415e-06,-0.000936700700566284,-4.54482420790825e-05,-0.000225549935235492,-0.00150196130088398,0.000261912008139298,-3.29144761375133e-05,-0.00794131466697934,-0.000246835476661822,-0.00291838966827829,-0.000192075229711541,1.33618800832735e-05,-0.00124800365600652,-0.00354185292021469,-0.000333092974352134,-0.00755531209154903,0.000169187023009165,-0.00217134252019946,-0.00203711278114849,0.0824060417535524,-0.00018995758247442,1.33618800832735e-05,1.33618800832735e-05,-0.000410693288215747,5.11989387419476e-05,-0.00311236677608928,5.8343446625031e-05,-0.00378293435975952,-0.00065307976963247,0.000276927741047039,0.000468579001878133,-0.000137626278521985,0.00011758867621392,5.11989387419476e-05,-0.00336274234326961,-0.00296024571685827,-3.29144761375133e-05,0.000238796959274978,0.000468579001878133,0.00011758867621392,2.37748766966916e-05,-0.000703534716992138,-0.00158061213483496,-0.000343857244373247,0.000574536642666601,0.000160818073841718,0.000354439140489049,3.09127764426265e-05,-0.00153765567797226,5.11989387419476e-05,-9.50173659468589e-05,-0.00131617753925628,-0.00346738094353505,-0.00200067047306351,-1.30301939345046e-05,-0.000371004216637161,-0.00192596421476487,6.85390880290626e-05,5.47519706168842e-05,1.33618800832735e-05,6.93548481969231e-05,-0.000273259101782664,-0.00689345132909835,-0.00126045639855787,6.56442408981661e-05,-0.000184921951086103,1.67945599027775e-05,-0.000842526407817346,6.56442408981661e-05,-0.00507042295292148,-0.000438646902579443,-0.000198227492992586,-0.000145433855289312,1.67945599027775e-05,-0.000409566000935335,-1.6439185174022e-05,-0.00114477327177909,-0.00257038973472934,-0.000248861460979022
"14:95692255:G:A",-0.00104827552210907,-0.000921388081692065,-0.00175018818260408,-0.00156191832618369,-0.000292253452177427,-0.00641609347797401,0,-0.0050098865477457,-1.08100483338092e-05,-0.0025703367611607,-0.00396452957380511,-0.0014047628887397,4.9549996337106e-06,-0.0101599878215763,-0.00862722384132031,-0.0025703367611607,-0.0010012306597682,-0.00625905209018507,-0.0017756107245015,-0.00833395909019607,1.20445691695892e-05,-2.35002319470823e-06,-0.00263023119621408,-0.00104001652888375,-6.32555361690379e-05,-0.00760294880561263,-0.00638301497732474,-0.0108622569962638,-0.00869470991011445,-0.00018995758247442,0.212737492337563,-2.35002319470823e-06,-2.35002319470823e-06,-0.000342084791078001,-7.59514978465603e-06,-0.00210046628947858,-0.000137124522714416,-0.000804322441365191,-2.39937127739509e-05,-0.00494849334580127,-0.000355595207174986,-0.00503044877506653,-2.12911983199504e-05,-7.59514978465603e-06,-3.67880784892805e-05,-0.00381638616442626,-0.00189768777043398,-0.00506494925252454,-0.000355595207174986,-2.12911983199504e-05,-4.33869291072142e-06,-0.00111483660261147,-0.00384684980221994,-0.0060690931339229,-0.000334310670924154,-0.00390561771304299,-0.00506569435262616,-4.58833686600713e-07,-0.00376308313980012,-7.59514978465603e-06,8.91314520501396e-06,-0.00336909346295844,-0.00166674776697651,-2.24174036276281e-05,-1.07344459721048e-06,-0.00922229746479619,-0.00456444190652183,-0.000583540847998165,-8.36125807435195e-06,-2.35002319470823e-06,-0.00116992565582397,-0.00303779207624455,-0.000358654012088344,-0.00274179790833351,-0.00172209332326911,-0.000368298012904944,-0.0021946914124964,-0.0014047628887397,-0.00260502061174606,-0.00471390893302637,-0.000114164777095027,4.87192562488303e-05,1.128848337828e-05,-0.00203415480721159,-0.0151725614216573,-0.00195426385740305,-0.00120963153708864,-0.0018331963312721,-0.000513299845937176
"14:95694304:G:A",-4.50388659878342e-06,8.70903365690623e-06,-7.49452848491927e-06,-4.56918383129334e-07,-3.09536429892177e-05,-0.000659580465952381,0,-2.84858476851113e-05,-3.94192323227571e-06,-1.73827452600861e-05,-2.26514956125357e-07,-0.00316627814854087,2.27137522479381e-06,-0.00243395068567054,7.52186856001202e-06,-1.73827452583097e-05,1.44049686667813e-06,-0.00208276254164197,1.06006904196931e-05,-0.000661057223998007,8.57867336545581e-06,-9.29751417189095e-07,1.86310748429008e-06,-5.40618434898832e-05,-0.00240057428151719,-0.00389128638228531,-1.06396704335765e-05,-0.00245448994015351,2.19616378416276e-07,1.33618800832735e-05,-2.35002319470823e-06,0.0581068912995688,-9.29751416300917e-07,1.53243978582296e-05,-2.87469436344168e-06,-3.41934862291282e-06,-3.39914714597711e-06,-0.00289695903530518,-0.00202425721826138,-1.31632792115255e-05,2.08213993602158e-07,6.34432544455166e-06,-7.17725393784008e-06,-2.87469436344168e-06,1.65363661164264e-06,-0.00237760752223792,1.44049686667813e-06,-1.59912535409035e-05,2.08213993602158e-07,-7.17725393784008e-06,-1.67048934418546e-06,8.57867336545581e-06,-0.00238202710877911,1.33618800832735e-05,3.94365341183089e-06,-9.94031986323307e-06,-9.32132554041232e-05,-2.18647984429055e-06,-0.00265655299316592,-2.87469436344168e-06,4.61638645976592e-06,-0.00103278524815131,-8.02363551777319e-06,-7.49452848403109e-06,-0.00219008002485932,1.38844644954617e-05,-0.00253284698771949,-1.82685449416908e-05,-3.13468242207904e-06,-9.29751416300917e-07,-4.22045053483089e-06,-0.00662995973168368,-0.00488670434592731,-0.000829272005868908,-3.94192323227571e-06,-0.00146396008719396,-1.17236798580223e-06,6.34432544455166e-06,-3.94192323227571e-06,-0.00116470465681129,8.31069622986291e-06,-0.00170041677997546,6.80587809753774e-06,-1.17236798580223e-06,1.52707130967045e-05,3.16656485033207e-07,3.89390755106689e-06,-0.00536655649090001,1.07074779984728e-05
"14:95694805:C:T",-4.50388659878342e-06,8.70903365690623e-06,-7.49452848491927e-06,-4.56918383129334e-07,-3.09536429892177e-05,-0.00276665977485724,0,-2.84858476851113e-05,-3.94192323227571e-06,-1.73827452600861e-05,-2.26514956125357e-07,6.34432544455166e-06,2.27137522479381e-06,1.47793059328549e-05,-0.000833385822581079,-1.73827452583097e-05,-0.00211835072718358,1.9727228623978e-05,1.06006904196931e-05,-0.000665482053551436,8.57867336545581e-06,-9.29751417189095e-07,1.86310748429008e-06,-2.59732760463649e-05,4.03284734407094e-06,-0.0051011962300116,-1.06396704335765e-05,-0.00545473082076064,-0.00216132542756409,1.33618800832735e-05,-2.35002319470823e-06,-9.29751416300917e-07,0.0479324099106124,1.53243978582296e-05,-2.87469436344168e-06,-9.05928716488091e-06,-3.39914714597711e-06,-0.000227357128218308,-0.00202425721826138,-0.00242271550178508,-6.38417733256347e-06,6.34432544455166e-06,-7.17725393784008e-06,-2.87469436344168e-06,1.65363661164264e-06,-5.71008020955333e-06,-0.00211835072718358,-1.59912535409035e-05,-6.38417733256347e-06,-7.17725393784008e-06,-1.67048934418546e-06,8.57867336545581e-06,-5.38532090299526e-06,-0.00153346311691216,-1.59150322875945e-06,-9.94031986323307e-06,-9.32132554041232e-05,-2.18647984429055e-06,-8.88171582777986e-05,-2.87469436344168e-06,4.61638645976592e-06,-0.00191627664732064,-1.22591095408353e-05,-7.49452848403109e-06,-0.00220644953586113,1.38844644954617e-05,-0.00611592903340963,-2.7047689664883e-05,-3.13468242207904e-06,1.9912903341357e-05,-4.22045053483089e-06,-0.0052414160096923,-2.35002319470823e-06,1.80253457315871e-05,-3.94192323227571e-06,8.17364136906917e-06,-1.17236798580223e-06,6.34432544455166e-06,-3.94192323227571e-06,-6.02070787181219e-05,8.31069622986291e-06,-2.37028489129543e-05,6.80587809753774e-06,-1.17236798580223e-06,-0.000777836261972809,3.16656485033207e-07,3.89390755106689e-06,-0.00389538159772673,1.07074779984728e-05
"14:95697681:G:A",8.79404572726727e-05,-0.000234150947699518,0.000148034780899309,7.57651876348575e-06,0.000513296107731875,-0.00129716781502687,0,-0.00477677069894789,7.92729810381587e-05,0.000324999527386183,3.7671966497399e-06,-0.000167097646113668,-5.55160676745103e-05,-0.00062877555911367,-0.00156273303174093,0.000324999527386183,-4.13049185921111e-05,-0.000787830069042705,-0.000295995092042034,-0.00178357842862997,-0.000231615034179455,1.53243978582296e-05,-4.84907446969274e-05,0.000430985292977581,-0.00952784130620188,-0.00124070351258432,0.000207571079920754,0.000588384980264145,-0.00111187147949021,-0.000410693288215747,-0.000342084791078001,1.53243978582296e-05,1.53243978582296e-05,0.0540849771586638,6.25138221792554e-05,-0.00033655321269066,7.07995849289489e-05,0.000839521826582867,-0.000223392516422116,0.000332237505672239,-0.00384601487632974,-0.000167097646113668,0.000143355159992531,6.25138221792554e-05,-4.49182363810863e-05,-0.000393614138038068,-4.13049185921111e-05,0.000294000557242491,-0.00384601487632974,0.000143355159992531,2.72804544767524e-05,-0.0110716642255406,-0.000403548494523953,-0.000410693288215747,-0.00303399381698011,0.000197637751913504,0.000437921904078209,3.54830608513268e-05,0.000915301139857938,6.25138221792554e-05,-0.000115343153859193,-0.00450253878864526,-0.000325098315519412,0.000148034780899309,-1.8727461574386e-05,-0.000421432626324325,-0.000511879888738243,0.000429108226569497,6.66336410928281e-05,1.53243978582296e-05,8.35820447466773e-05,-0.00255910175226859,-1.62918127255551e-06,-0.000226795433331262,7.92729810381587e-05,0.000189113155980358,1.92644247007934e-05,-0.000167097646113668,-0.00241998743285698,-0.000825880613285257,-0.000252292018514844,0.000404080549688324,-0.000175721375977211,-0.000506811110857264,-0.000485042177102102,-2.26009920005765e-05,-0.000102442727715868,-0.00154018858751925,0.00163701338347444
"14:95698571:G:A",-1.31943672529999e-05,3.01882872415504e-05,-2.12450007754938e-05,-1.42075762976646e-06,-7.39016312731877e-05,8.87749687423778e-05,0,-6.90668666321059e-05,-1.15959004727273e-05,-4.52582291199377e-05,-7.06302828668015e-07,2.10697272287064e-05,7.11818869802983e-06,-0.000161271340481051,-4.87438238661042e-05,-4.52582291190495e-05,4.38989509099486e-06,0.000106247184689323,3.81469132699763e-05,7.67529092380315e-05,2.9645908089293e-05,-2.87469436432986e-06,5.7699000644007e-06,0.000403315991478692,1.2650964072769e-05,-0.000193250085500196,-2.92724335579919e-05,-9.5362481747685e-05,-7.09933769549309e-07,5.11989387419476e-05,-7.59514978465603e-06,-2.87469436344168e-06,-2.87469436344168e-06,6.25138221792554e-05,-0.0083119525835853,0.000157090909958413,-1.00344951761144e-05,0.000313710628691233,2.1635003811582e-05,0.000180886267622249,0.000134084551198121,2.10697272287064e-05,-2.03947845598407e-05,0.00205388993281996,5.08393166676058e-06,0.000157090909960189,4.38989509099486e-06,-4.21586585925837e-05,0.000134084551198121,-2.03947845598407e-05,-5.12039849809298e-06,2.9645908089293e-05,0.000158833491215482,5.11989387419476e-05,0.000112151133048854,-2.74904783212904e-05,0.000338530725020547,-6.66255284098582e-06,0.000227972007409427,0.00205388993281996,1.49647211040715e-05,9.90583781126375e-05,0.000200028669812724,-2.12450007737175e-05,4.79797472863197e-08,5.41327088328103e-05,0.000654501019448084,-6.63846939419344e-05,-9.26729003491999e-06,-2.87469436344168e-06,-1.23904191751123e-05,-0.000456023560684748,-7.59514978465603e-06,0.000136907747235959,-1.15959004727273e-05,0.00205388993281996,-3.61447029373352e-06,2.10697272287064e-05,-1.15959004727273e-05,-0.000125153173040182,2.82210566560082e-05,-5.92435106785416e-05,2.28334189147361e-05,-3.61447029373352e-06,6.21601416161965e-05,7.93555753553221e-07,1.24173278743811e-05,-0.000431402656681179,3.86378141534749e-05
"14:95699055:C:T",-5.36771759582777e-05,8.16178368907572e-05,-6.65744763903575e-05,-4.45715289654203e-06,-0.00260341694605248,-0.00542598807142802,0,-0.00830080690453805,-0.0027737652229991,-0.000148129791464058,-2.21086004081883e-06,-0.00202237894327428,2.03285579063461e-05,-0.000546316389485213,-0.00123231171617899,-0.000148129791464058,1.20160464485153e-05,6.23298485074031e-05,0.000101020445168132,-0.00119826831802694,-0.00271050385132643,-9.05928716665727e-06,-0.000306189057451611,-0.00508861628560631,-0.00187131373768956,-0.006558572281397,-9.29658690607127e-05,-0.0069557901756081,-8.22098871147148e-05,-0.00311236677608928,-0.00210046628947858,-3.41934862291282e-06,-9.05928716488091e-06,-0.00033655321269066,0.000157090909958413,0.132062372059157,-0.00149627866861302,0.000131205649168908,-0.00650121315315566,7.25577051179371e-05,-0.00286218160578411,-0.000204415466638075,-0.00139195506628109,0.000157090909958413,1.41446460233396e-05,-0.00227835233805607,1.20160464485153e-05,-0.000138423917860564,-0.00286218160578411,-0.00139195506628109,-0.00187475744233101,-0.00119436875143553,-0.000843817174101424,0.000130346949674731,-0.00304184721802958,-8.66166033075544e-05,-4.27820060320272e-05,-0.00185249608320692,-0.00301796506635377,0.000157090909958413,4.20613034712858e-05,-7.68209075259207e-05,-0.00158126688903337,-0.00889054033030501,-1.87208796376126e-06,0.000137173833648419,-0.000778932476556804,-0.00380842682274007,-2.80149999500878e-05,-9.05928716488091e-06,-3.83149960683227e-05,-0.00432981296117685,-0.00343962532591657,-0.000233925333533502,-3.56767493672194e-05,-0.0020343240225964,-0.00191969131781011,-0.00333985204048393,-7.36066533475466e-05,-0.00457715505238632,-0.0068958236392902,-0.000230991844003547,6.29723895029244e-05,-1.14168137850257e-05,-0.000560259961972065,-0.00183011459799598,-0.00179064259136918,-0.00148164517164906,-0.000570498833101674
"14:95701152:T:C",-1.56317577175713e-05,3.48247568888738e-05,-2.52548099091143e-05,-1.67850808452386e-06,-9.0267195189675e-05,-0.00326071336246603,0,-0.00119854281718368,-1.37188200355354e-05,-5.44354379625744e-05,-8.34084366907462e-07,2.44186253564038e-05,8.31437497694765e-06,-0.00902009289472794,-0.00564036218222608,-5.44354379607981e-05,5.11324833674109e-06,-0.00853827309315847,4.38104610180901e-05,-0.00327138845400832,3.42054778990075e-05,-3.39914714597711e-06,6.73373931014964e-06,-0.0012584006092391,-0.002947474616108,-0.00013802559802123,-3.49305601137218e-05,0.000177113196254908,-1.25952780738459e-06,5.8343446625031e-05,-0.000137124522714416,-3.39914714597711e-06,-3.39914714597711e-06,7.07995849289489e-05,-1.00344951761144e-05,-0.00149627866861302,0.0567828534104393,0.000298411636064699,2.4933456916898e-05,-0.00169863908422574,0.000145349474823142,2.44186253564038e-05,-2.42282728271093e-05,-1.00344951761144e-05,5.92856881009851e-06,-0.0014946249279717,5.11324833674109e-06,-5.0668118094066e-05,0.000145349474823142,-2.42282728271093e-05,-6.06261406321806e-06,-0.00230068816165652,-1.88909044780416e-05,5.83434466259192e-05,0.000123059407994397,-3.27623212452721e-05,-7.94571046007775e-05,-7.89574087001199e-06,0.000231902785427174,-1.00344951761144e-05,1.74097365617243e-05,-0.00441350932579088,-4.04318437565721e-05,-2.52548099082262e-05,-2.92308666161034e-09,6.16049646993133e-05,-0.0017757183617535,-8.09618773356391e-05,-1.09384277209301e-05,-3.39914714597711e-06,-1.46692046607555e-05,-4.62059022448003e-05,-0.00166213615217359,-0.00313218848146768,-1.37188200355354e-05,3.23007679208231e-05,-4.27576135386687e-06,2.44186253564038e-05,-1.37188200355354e-05,-0.000773967252909458,3.25118521171675e-05,-7.18738621605652e-05,2.64508302709743e-05,-0.00168144155546823,7.0411151680716e-05,8.77504030327714e-07,1.44469867153774e-05,-0.0018921563411487,4.43654110311442e-05
"14:95702003:T:C",-0.00501828163776086,0.000765699949366372,-0.00115169310445928,-0.00605863080260871,-0.00840275176238503,-0.00843972747932265,0,-0.00205233649507308,-0.00239773120750453,0.000124325592433472,-1.03449365749242e-05,5.22285834758662e-05,-0.0011651542227602,-0.00220716210750282,-0.00292731770095145,0.00151966927953495,-0.00200388483503833,-0.0130585611241054,0.00087047153017128,-0.0080400720001399,-0.00182949024492007,-0.000183886717177728,-0.00196119817078255,-0.00220969240607261,-0.00326947732206451,0.00192539656815205,-0.000803821733968313,-0.00380051897577749,-0.00635408252281522,-0.00378293435975952,-0.000804322441365191,-0.00289695903530518,-0.000227357128218308,0.000839521826582867,0.000313710628691233,0.000131205649168908,0.000298411636064699,0.248839482242977,-0.000545821350238729,-0.000501114778335143,-0.0108222890464633,0.000649533763342092,-0.00457522703019642,0.000313710628691233,-0.000490375891591732,-0.0105147254800637,-4.26443300094448e-05,-0.000829186198798126,-0.0108222890464633,-0.00457522703019642,-0.00317060373766509,-0.00601274695122012,-0.00840701469179406,0.00065343560175446,-0.0105762792768114,-0.00264104533613718,-0.00273212570849557,-0.000223126438742227,-0.010878727760212,0.000313710628691233,-0.000692633192760361,-0.00780764129352463,-0.00807181126534218,0.000228307296598729,-0.0024448427218422,-0.000453677482263437,-0.00529408748243565,-0.000257395488721723,0.000306182488044371,-0.000227357128218308,-0.00224194536604116,-0.00282317826451628,-0.00885169422709975,-0.00291045888703056,-0.00408626523865241,-0.00256743316454777,-0.00011431191192468,0.000555399592555794,2.98738948449895e-05,-0.0028016337918717,-0.00326302020082281,-0.00405521522785479,-0.00223208396756736,-0.00233794444037905,-0.00373071073572451,-0.00716914042987327,-0.000783167292777165,-0.00425706464530951,0.000162397023807159
"14:95706453:T:C",-0.00438714623648639,-0.00176280086364766,4.968276576367e-05,3.3061640190013e-06,-0.00524763093921354,-0.00317288031729257,0,-0.00152119466824985,-0.00190866453838634,-0.00473784339773964,1.64788650192094e-06,-6.40796021205148e-05,-2.00736454658568e-05,-0.00583689758587624,-0.0026396867503875,-0.00473784339773875,-0.00255906821651664,-0.00328858980675628,-0.00149438234369015,-0.010144358282052,-0.00404034194876335,-9.01702059818987e-05,-1.67589520421174e-05,-0.00551543549970201,-4.19196137162459e-05,-0.00109021799520415,6.59400635916185e-05,-0.000787551387566587,-0.00123804104752168,-0.00065307976963247,-2.39937127739509e-05,-0.00202425721826138,-0.00202425721826138,-0.000223392516422116,2.1635003811582e-05,-0.00650121315315566,2.4933456916898e-05,-0.000545821350238729,0.178795496826747,-0.00105919713335823,-0.00207625414722079,-6.40796021205148e-05,-0.00362128909519654,2.1635003811582e-05,-7.63175616018685e-05,-0.00655339624711715,-0.00559668303395,-3.03602560336458e-06,-0.00207625414722079,-0.00362128909519654,-0.00219589001206177,-9.29379687049092e-05,-0.0065639316167978,-0.00230014323288152,-0.00224449592100529,6.27892108324701e-05,3.60956836509274e-06,-0.00237559755670702,-0.000457276803884188,2.1635003811582e-05,-4.35607593249898e-05,-0.000183171551589201,-0.0024452939603874,-0.00169129213545816,-0.00252315331103858,-0.0011548559431418,-0.00114436537366291,-0.000406808298741623,-0.00520379008088412,-0.00202425721826227,-0.00224590759706444,-0.00427192445361868,-0.00261091313689565,-0.00448983023010818,-0.00190866453838634,-0.000488808380871397,-0.00237563846018407,-0.00733792422402413,-0.00236148670759206,0.000131797950761126,-0.000197042119350677,-0.00464392714808159,-6.88452906070225e-05,8.34336990163109e-06,-0.000579772947276957,-0.00218654886582836,-0.00284608044789447,-0.00433599031703213,-0.000124937396035918
"14:95709116:A:G",-0.00129358635382015,0.000173961391695343,-0.00317772240897085,-0.0051023769333236,-0.000726326382801901,-0.00878750219464441,0,-0.00623714276168297,-7.90489915427628e-05,-0.000216770766360952,-0.00417178996531664,-0.00354057472297953,-0.00583956959474374,-0.0102584471675584,-0.0108220692455827,-0.000511891827529531,-0.000580769589906716,-0.00549954807850161,0.000215780812956368,-0.00366179816584111,-0.000463273360942651,-0.00246937080216103,-0.00242601591615799,-0.000153065076394121,-0.00913878727050843,-0.00416857615021193,-0.000202748112165807,-0.00335500393654176,-0.00571660095738435,0.000276927741047039,-0.00494849334580127,-1.31632792115255e-05,-0.00242271550178508,0.000332237505672239,0.000180886267622249,7.25577051179371e-05,-0.00169863908422574,-0.000501114778335143,-0.00105919713335823,0.217121085297435,-0.00575205342309193,-0.000140996163029428,-0.000569497922544571,0.000180886267622249,-0.00200936781539074,-0.000355041569669368,-0.000580769589905827,-0.00118085542546353,-0.00575205342309193,-0.000569497922544571,-0.00022231884563606,-0.00112151996022458,-2.42842308662006e-06,5.18793373718296e-05,-0.00593126805043109,-0.000187739888143135,-6.37028036321041e-05,-4.14866521580848e-05,-0.00249803774803414,0.000180886267622249,8.9436286872413e-05,-0.00585482622119793,-6.80094327778491e-05,-0.000229440984613305,-1.05410973905151e-05,-0.000499691080913856,-0.00957874247456569,-0.00195371171792402,-0.00128117013849405,-0.00242271550178508,-8.53242523710662e-05,-0.0052649406393761,-0.00552583182697752,-0.00785653338885295,-0.00161348000455419,-0.00425851465439031,-0.00238497740854982,0.000122369692543423,-0.00161348000455419,-0.0104127545093853,-0.00236625382883027,-0.00179552185649001,-0.00413887782545785,-0.00275901984117688,-0.000517445280040718,-0.000929614526307354,-0.00233625298428564,-0.00723771565059472,0.000218828040648766
"14:95710400:A:G",-0.000102359433058474,-0.000964701315023575,-0.00481814579969342,-0.000167355992967799,-8.89930550709295e-05,-0.00261287261784915,0,-0.000975006143969281,-6.59507247684488e-05,-0.00227616969324718,-0.00403313662755345,-0.0010386051026563,-0.00160330529157715,-0.00821415689773053,-0.00151600571758559,-0.00139166924758882,-0.00294235864759695,-0.00404155228673897,-0.00185138856018341,-0.0111251859601782,-0.00226393988554019,-0.00191156497157419,-0.00583802013928558,-0.00562854121853729,-0.00104480858373357,-0.00584618950448546,-0.00755200746091944,-0.0102048873649645,-0.00160586859297762,0.000468579001878133,-0.000355595207174986,2.08213993602158e-07,-6.38417733256347e-06,-0.00384601487632974,0.000134084551198121,-0.00286218160578411,0.000145349474823142,-0.0108222890464633,-0.00207625414722079,-0.00575205342309193,0.247993101163889,-0.000349237724523555,-0.00223798734470382,0.000134084551198121,-0.00374976785728354,-0.00184970982777166,-1.49504052453509e-05,-0.00476319895633992,0.00210946958353997,-0.00223798734470382,-0.00176562856129259,-0.00247992885820025,-0.00191814765641496,-0.00141802047294792,0.00016773078376886,-0.00357981420520836,-0.00245497780648396,-8.82206618602055e-06,-0.0020578998583014,0.000134084551198121,-0.000556339026829278,-0.000761540269662131,-0.00286768710104646,-0.000147271940608817,-0.00327963638901707,-0.00682048563675508,-0.00243106732552389,-0.00668713511046537,-2.23202005775747e-05,-6.38417733256347e-06,-0.00361670650661061,-0.0120386192839361,-0.0062345991661199,-0.00496238627968015,-0.00164512617103618,-0.00565518113749519,-0.000529347755859888,-0.00329618567870238,-0.00328224307008806,-0.00147616079373947,-0.00345684572627025,-0.0016651073514744,-0.00798002989598956,-0.00194782176601471,-0.00737838833037241,-0.00322079260032204,-0.00294013260177906,-0.0052805627547734,-0.00276898956134453
"14:95710946:C:A",-0.00719711583371918,-7.87119216285603e-05,5.1025043381614e-05,3.13881217905987e-06,0.000170439054056892,-0.00216571030009671,0,-0.00182290091528614,2.78383291414386e-05,0.000108031457928703,1.56119832261936e-06,-5.50944346278115e-05,-1.82849292738041e-05,-8.20214260750518e-05,-0.000126766260176936,0.000108031457928703,-1.22452725630495e-05,-6.70839745318119e-05,-0.000100067079997324,-0.000661825167961538,-7.75108435160377e-05,6.34432544543984e-06,-1.52973346603247e-05,-0.000149788292551634,-0.000336536205114868,-0.000368745043351382,-0.000455490703475725,-0.000467951314330861,-1.6519717111585e-05,-0.000137626278521985,-0.00503044877506653,6.34432544455166e-06,6.34432544455166e-06,-0.000167097646113668,2.10697272287064e-05,-0.000204415466638075,2.44186253564038e-05,0.000649533763342092,-6.40796021205148e-05,-0.000140996163029428,-0.000349237724523555,0.066520615493145,4.91812519705093e-05,2.10697272287064e-05,-1.37794909722544e-05,-0.00289156755774034,-1.22452725630495e-05,-0.00248195462499545,-0.000349237724523555,4.91812519705093e-05,1.12823500186821e-05,-7.75108435160377e-05,-0.00289247443141871,-0.000137626278522873,-0.00031236107697552,-0.00359904531117561,0.000149586912757016,1.46641472271725e-05,0.00051360366894837,2.10697272287064e-05,-3.84737115384226e-05,-0.00179361261151367,-0.00279435900382285,5.10250433825021e-05,-2.68086003263335e-06,-0.000143886822667305,-0.00702905759397954,-0.00371524221207586,2.27354625454979e-05,6.34432544455166e-06,2.95754322268138e-05,-0.00191939000811026,-0.00313513248777841,-0.00274475501337079,2.78383291414386e-05,-0.00441263411219595,7.97275796582397e-06,-5.50944346278115e-05,2.78383291414386e-05,-0.000321354676671604,-0.000455893232185645,-0.000161541887639061,-5.90103002178211e-05,7.97275796582397e-06,-0.000142744404975303,-4.3190911398483e-06,-0.00111632769706826,-0.00543164801713836,-0.000101147996292461
"14:95711725:A:G",-3.21930254063574e-05,7.04026132956059e-05,-5.16904851259881e-05,-0.00478048440665013,-0.000925285589876701,-0.000178960959394736,0,-0.000172488828757977,-2.81597606308637e-05,-0.000110807712245808,-1.76080958969038e-06,4.91812519705093e-05,1.67688787575671e-05,-0.00362291281384497,-0.00159886815224919,-0.000110807712245808,9.99361693398981e-06,-0.00176708247461388,8.86077416391018e-05,-0.000209724499034891,6.90801377034589e-05,-7.17725393784008e-06,1.34238773048523e-05,-0.00120221908429485,-0.00389807945502429,-0.00376198141091066,-7.12936799533992e-05,-0.00229389647534184,-0.00331183919687827,0.00011758867621392,-2.12911983199504e-05,-7.17725393784008e-06,-7.17725393784008e-06,0.000143355159992531,-2.03947845598407e-05,-0.00139195506628109,-2.42282728271093e-05,-0.00457522703019642,-0.00362128909519654,-0.000569497922544571,-0.00223798734470382,4.91812519705093e-05,0.0735036587856897,-2.03947845598407e-05,1.17196056717006e-05,-0.00137959123090337,9.99361693398981e-06,-0.000103617920562904,-0.00223798734470382,0.00084149699720637,-0.00150453054790489,6.90801377034589e-05,-0.00137657483766951,0.00011758867621392,-0.00226065803741449,-6.67374695124678e-05,-0.000163322006579314,-1.6677524515174e-05,0.000276913885794094,-2.03947845598407e-05,3.51919562984193e-05,-0.0023435502750706,-0.00136078212047419,-5.16904851250999e-05,-0.000631769706552099,0.000124662473181658,-0.000311984922324982,0.000751983134740009,-2.22995075365162e-05,-7.17725393784008e-06,-3.01634273194296e-05,-0.00478338091388775,-0.00016402547324379,-0.000501297458582961,-2.81597606308637e-05,-0.00268721859168508,-0.00155028246264521,-0.00250032200214267,-2.81597606308637e-05,-0.000797811197998044,-0.00172110690071303,-0.000147391582312473,-0.00162404511977954,-9.0288231184843e-06,-0.00132630182950688,-0.00146264125437412,2.89050804962443e-05,-0.00263355877433646,8.97975456162214e-05
"14:95714449:A:T",-1.31943672529999e-05,3.01882872415504e-05,-2.12450007754938e-05,-1.42075762976646e-06,-7.39016312731877e-05,8.87749687423778e-05,0,-6.90668666321059e-05,-1.15959004727273e-05,-4.52582291199377e-05,-7.06302828668015e-07,2.10697272287064e-05,7.11818869802983e-06,-0.000161271340481051,-4.87438238661042e-05,-4.52582291190495e-05,4.38989509099486e-06,0.000106247184689323,3.81469132699763e-05,7.67529092380315e-05,2.9645908089293e-05,-2.87469436432986e-06,5.7699000644007e-06,0.000403315991478692,1.2650964072769e-05,-0.000193250085500196,-2.92724335579919e-05,-9.5362481747685e-05,-7.09933769549309e-07,5.11989387419476e-05,-7.59514978465603e-06,-2.87469436344168e-06,-2.87469436344168e-06,6.25138221792554e-05,0.00205388993281996,0.000157090909958413,-1.00344951761144e-05,0.000313710628691233,2.1635003811582e-05,0.000180886267622249,0.000134084551198121,2.10697272287064e-05,-2.03947845598407e-05,-0.0083119525835853,5.08393166676058e-06,0.000157090909960189,4.38989509099486e-06,-4.21586585925837e-05,0.000134084551198121,-2.03947845598407e-05,-5.12039849809298e-06,2.9645908089293e-05,0.000158833491215482,5.11989387419476e-05,0.000112151133048854,-2.74904783212904e-05,0.000338530725020547,-6.66255284098582e-06,0.000227972007409427,0.00205388993281996,1.49647211040715e-05,9.90583781126375e-05,0.000200028669812724,-2.12450007737175e-05,4.79797472863197e-08,5.41327088328103e-05,0.000654501019448084,-6.63846939419344e-05,-9.26729003491999e-06,-2.87469436344168e-06,-1.23904191751123e-05,-0.000456023560684748,-7.59514978465603e-06,0.000136907747235959,-1.15959004727273e-05,0.00205388993281996,-3.61447029373352e-06,2.10697272287064e-05,-1.15959004727273e-05,-0.000125153173040182,2.82210566560082e-05,-5.92435106785416e-05,2.28334189147361e-05,-3.61447029373352e-06,6.21601416161965e-05,7.93555753553221e-07,1.24173278743811e-05,-0.000431402656681179,3.86378141534749e-05
"14:95716893:T:C",7.65722661366652e-06,-2.00940815213713e-05,-0.0022100040415074,8.20164051340555e-07,-0.00277112359689458,-0.00234182279733108,0,3.44936970808618e-05,-0.00219680465823391,2.43822197818488e-05,4.084350075928e-07,-1.37794909722544e-05,-4.47897512501072e-06,-0.00462009967819377,-0.0108455482517229,2.4382219782737e-05,-2.85644279873765e-06,-0.00307782441836046,-0.000695638680499044,-0.00588939333916549,-1.97378469808385e-05,1.65363661164264e-06,-3.67455191074839e-06,3.23783406104283e-05,-0.00277111288390586,-7.61699917894987e-05,1.64498931063406e-05,-0.00200467809586602,-0.00128768740977669,-0.00336274234326961,-3.67880784892805e-05,1.65363661164264e-06,1.65363661164264e-06,-4.49182363810863e-05,5.08393166676058e-06,1.41446460233396e-05,5.92856881009851e-06,-0.000490375891591732,-7.63175616018685e-05,-0.00200936781539074,-0.00374976785728354,-1.37794909722544e-05,1.17196056717006e-05,5.08393166676058e-06,0.0817920365091851,9.31383318736323e-06,-2.85644279873765e-06,-0.00249051206571771,-0.00374976785728354,1.17196056717006e-05,2.92938334567339e-06,-0.00422583929690834,8.83306341226131e-06,-0.0012200711384196,-0.00383071423263814,1.55588045096522e-05,3.28702156346949e-05,-0.00197277486474512,-0.00155250929210293,5.08393166676058e-06,-9.58169582432333e-06,-0.000251862761666999,-0.00224329850112515,1.21628615339375e-05,-3.1693946045408e-07,-3.81654658125896e-05,-2.14395433504322e-05,3.3163058582808e-05,5.50463292636749e-06,1.65363661164264e-06,7.22006821263221e-06,-0.000508555198993399,-4.34785442324781e-05,-0.00160567929102751,6.78625804262367e-06,-1.86487142643799e-05,2.07544683039629e-06,-1.37794909722544e-05,6.78625804262367e-06,5.22209263849049e-05,-1.93052042902764e-05,-0.00231457528965962,-1.49031897134222e-05,2.07544683039629e-06,-4.46636802324818e-05,-7.49290318680096e-07,-8.01303759523364e-06,-0.00533102350902759,-2.62166846027867e-05
"14:95717991:G:C",-0.00167080222957328,5.04709469941744e-05,-4.41850291288404e-05,-2.80341225522562e-06,-0.00129192856544069,-0.0054838340729999,0,-0.00355430230124387,-0.00275332685779794,-0.000101691843076068,-1.38910854374785e-06,-0.000226547728112259,1.31112156536162e-05,-0.000314766370739683,-0.000938676617803225,-0.00010169184307518,8.001037625327e-06,-0.000815946753128571,6.14785995960432e-05,-0.00447552966162856,-0.00272434929258392,-5.7100802104415e-06,9.22554724152036e-05,-0.00588320376931684,-0.00187360360555466,-0.00859744128682394,-6.24847810319906e-05,-0.00866108235638485,-0.00168903868465264,-0.00296024571685827,-0.00381638616442626,-0.00237760752223792,-5.71008020955333e-06,-0.000393614138038068,0.000157090909960189,-0.00227835233805607,-0.0014946249279717,-0.0105147254800637,-0.00655339624711715,-0.000355041569669368,-0.00184970982777166,-0.00289156755774034,-0.00137959123090337,0.000157090909960189,9.31383318736323e-06,0.155808572397376,8.001037625327e-06,-9.43493241711835e-05,-0.00184970982777166,-0.00137959123090337,-0.00187794617432768,-0.0012165010129106,0.00207430765167782,7.73682965808931e-05,-0.00199022438051255,-5.81788322167043e-05,-0.000176712690440617,-1.34630493615617e-05,-0.000296394609079265,0.000157090909960189,2.67300893472822e-05,-0.000469301006283729,-0.0032899124460144,-0.00292314211927902,-1.64684408776594e-06,8.06001994488881e-05,-0.0025407910850288,-0.00961595065360932,-1.83503278199382e-05,-5.71008020955333e-06,-2.50285562533037e-05,-0.0129687917450187,-0.00162065046423887,-0.000175572437365545,-2.33129139894928e-05,-0.00203350227109844,-0.00192452213064609,-0.000426396159258324,-0.00275332685779794,-0.00448959396197068,-0.00695377863923863,-0.00137788323121413,3.94514422437098e-05,-7.20372982065953e-06,-0.000616833596170707,-0.00183926821130243,-0.00390978248698648,-0.00111041633151343,-0.000602286479570502
"14:95719851:C:T",6.58619741944477e-06,-1.80045872806289e-05,-0.00209634834675132,7.15449543164937e-07,-0.00157919861405897,-0.00875056169954913,0,-0.0024375796379843,-0.00208235670895007,2.01558710477556e-05,3.56530902578811e-07,-1.22452725630495e-05,-3.92797764359187e-06,-0.00359832887565936,-0.00513944656661902,2.01558710486438e-05,-0.00922400158386871,-0.00295872564131017,-2.33509487843619e-05,-0.00989416483169681,-1.76767266850675e-05,1.44049686667813e-06,-3.21620847199e-06,2.61043693203789e-05,-0.00265481048909155,-0.000468411229372023,-0.00306882270007769,-0.000573796849135277,-0.00523239468163172,-3.29144761375133e-05,-0.00189768777043398,1.44049686667813e-06,-0.00211835072718358,-4.13049185921111e-05,4.38989509099486e-06,1.20160464485153e-05,5.11324833674109e-06,-4.26443300094448e-05,-0.00559668303395,-0.000580769589905827,-1.49504052453509e-05,-1.22452725630495e-05,9.99361693398981e-06,4.38989509099486e-06,-2.85644279873765e-06,8.001037625327e-06,0.117740963109349,1.89424376069169e-05,-1.49504052444627e-05,9.99361693398981e-06,-0.00202687832057968,-0.00410864464839999,7.59516858117593e-06,-0.0010218333005092,-2.2653036125142e-05,1.31536987799663e-05,-0.00225540194482754,-0.00232736600078365,-0.00371280079851033,4.38989509099486e-06,-8.46771511575639e-06,-0.000233577517451344,-0.00213051825822141,1.03628364582775e-05,-2.63981949188974e-07,-3.48744094109676e-05,-0.000751468429519342,-0.00451189242392047,4.75048086023833e-06,-0.00211835072718358,6.21467394079644e-06,-0.00542438576191895,3.23211735597795e-06,-0.000734579765481413,5.84534231773404e-06,-1.66758066200146e-05,1.80664789262153e-06,-1.22452725630495e-05,5.84534231773404e-06,-0.00130878807182366,-0.00360375787463241,-0.0023496226756583,-1.32668453813878e-05,-0.0024047539775065,-0.00050015810542714,-0.00199047845799516,-7.06115959747677e-06,-0.00410680120598705,-2.36603476784225e-05
"14:95719962:T:G",-0.00136799772112806,-0.00143500669777996,-0.00323628273056187,-7.89321354943695e-06,-0.000385685764991095,-0.00427856871940868,0,-0.00256740454571691,-5.94000786975357e-05,-0.000229784173416903,-3.92148879413412e-06,9.97340672164171e-05,3.4105659272754e-05,1.87879847342032e-05,-0.0017120782251312,-0.000229784173416903,1.89424376069169e-05,-0.00017510488082273,0.000181291130573413,-3.3188359469527e-05,0.000140899911712289,-1.59912535417917e-05,2.66216432569522e-05,-0.000338277074418691,-0.00175726097914275,0.000271050630288983,-0.000148658142324898,0.00163497501913668,-0.000148012154235211,0.000238796959274978,-0.00506494925252454,-1.59912535409035e-05,-1.59912535409035e-05,0.000294000557242491,-4.21586585925837e-05,-0.000138423917860564,-5.0668118094066e-05,-0.000829186198798126,-3.03602560336458e-06,-0.00118085542546353,-0.00476319895633992,-0.00248195462499545,-0.000103617920562904,-4.21586585925837e-05,-0.00249051206571771,-9.43493241711835e-05,1.89424376069169e-05,0.0730100345384397,-0.00476319895633992,-0.000103617920562904,-0.00155120118755203,0.000140899911712289,-8.92073429872298e-05,0.000238796959274978,-0.00480511910440118,-0.00013859671508154,-0.000429968821741511,-3.71861240768823e-05,0.000481722900750547,-4.21586585925837e-05,7.19180067036973e-05,-0.000582735592694839,-0.000185265393811029,-0.00116712468065483,-0.00261968478644725,0.000255339015926559,-0.00362838853769221,-0.00474793174470456,-4.63861064989857e-05,-1.59912535409035e-05,-6.38522197133895e-05,-0.00150796686404009,-0.0043918683372155,-0.00169530752482538,-0.000190620679623166,0.000131638848361426,-2.01195726212688e-05,9.97340672164171e-05,-5.94000786975357e-05,-0.00116904709963439,-0.00140407806828335,-0.000310341650811452,0.000109510673174995,-2.01195726212688e-05,-0.00244619548607528,-0.00142512323149191,-0.000107899597366234,-0.00131747587046593,-0.000987212547670424
"14:95720678:T:A",-0.000102359433058474,-0.000964701315023575,-0.00481814579969342,-0.000167355992967799,-8.89930550709295e-05,-0.00261287261784915,0,-0.000975006143969281,-6.59507247684488e-05,-0.00227616969324718,-0.00403313662755345,-0.0010386051026563,-0.00160330529157715,-0.00821415689773053,-0.00151600571758559,-0.00139166924758882,-0.00294235864759695,-0.00404155228673897,-0.00185138856018341,-0.0111251859601782,-0.00226393988554019,-0.00191156497157419,-0.00583802013928558,-0.00562854121853729,-0.00104480858373357,-0.00584618950448546,-0.00755200746091944,-0.0102048873649645,-0.00160586859297762,0.000468579001878133,-0.000355595207174986,2.08213993602158e-07,-6.38417733256347e-06,-0.00384601487632974,0.000134084551198121,-0.00286218160578411,0.000145349474823142,-0.0108222890464633,-0.00207625414722079,-0.00575205342309193,0.00210946958353997,-0.000349237724523555,-0.00223798734470382,0.000134084551198121,-0.00374976785728354,-0.00184970982777166,-1.49504052444627e-05,-0.00476319895633992,0.247993101163888,-0.00223798734470382,-0.00176562856129259,-0.00247992885820025,-0.00191814765641496,-0.00141802047294792,0.00016773078376886,-0.00357981420520836,-0.00245497780648396,-8.82206618602055e-06,-0.0020578998583014,0.000134084551198121,-0.000556339026829278,-0.000761540269662131,-0.00286768710104646,-0.000147271940608817,-0.00327963638901707,-0.00682048563675508,-0.00243106732552389,-0.00668713511046537,-2.23202005775747e-05,-6.38417733256347e-06,-0.00361670650661061,-0.0120386192839361,-0.0062345991661199,-0.00496238627968015,-0.00164512617103618,-0.00565518113749519,-0.000529347755859888,-0.00329618567870238,-0.00328224307008806,-0.00147616079373947,-0.00345684572627025,-0.0016651073514744,-0.00798002989598956,-0.00194782176601471,-0.00737838833037241,-0.00322079260032204,-0.00294013260177906,-0.0052805627547734,-0.00276898956134453
"14:95720933:C:T",-3.21930254063574e-05,7.04026132956059e-05,-5.16904851259881e-05,-0.00478048440665013,-0.000925285589876701,-0.000178960959394736,0,-0.000172488828757977,-2.81597606308637e-05,-0.000110807712245808,-1.76080958969038e-06,4.91812519705093e-05,1.67688787575671e-05,-0.00362291281384497,-0.00159886815224919,-0.000110807712245808,9.99361693398981e-06,-0.00176708247461388,8.86077416391018e-05,-0.000209724499034891,6.90801377034589e-05,-7.17725393784008e-06,1.34238773048523e-05,-0.00120221908429485,-0.00389807945502429,-0.00376198141091066,-7.12936799533992e-05,-0.00229389647534184,-0.00331183919687827,0.00011758867621392,-2.12911983199504e-05,-7.17725393784008e-06,-7.17725393784008e-06,0.000143355159992531,-2.03947845598407e-05,-0.00139195506628109,-2.42282728271093e-05,-0.00457522703019642,-0.00362128909519654,-0.000569497922544571,-0.00223798734470382,4.91812519705093e-05,0.00084149699720637,-2.03947845598407e-05,1.17196056717006e-05,-0.00137959123090337,9.99361693398981e-06,-0.000103617920562904,-0.00223798734470382,0.0735036587856897,-0.00150453054790489,6.90801377034589e-05,-0.00137657483766951,0.00011758867621392,-0.00226065803741449,-6.67374695124678e-05,-0.000163322006579314,-1.6677524515174e-05,0.000276913885794094,-2.03947845598407e-05,3.51919562984193e-05,-0.0023435502750706,-0.00136078212047419,-5.16904851250999e-05,-0.000631769706552099,0.000124662473181658,-0.000311984922324982,0.000751983134740009,-2.22995075365162e-05,-7.17725393784008e-06,-3.01634273194296e-05,-0.00478338091388775,-0.00016402547324379,-0.000501297458582961,-2.81597606308637e-05,-0.00268721859168508,-0.00155028246264521,-0.00250032200214267,-2.81597606308637e-05,-0.000797811197998044,-0.00172110690071303,-0.000147391582312473,-0.00162404511977954,-9.0288231184843e-06,-0.00132630182950688,-0.00146264125437412,2.89050804962443e-05,-0.00263355877433646,8.97975456162214e-05
"14:95720986:A:G",-8.04829245826255e-06,1.54981522006992e-05,-1.33741219814354e-05,-8.20818851110516e-07,-0.00313612306783106,-0.00301916990224083,0,-5.08919763300142e-05,-7.03805163926319e-06,-0.000720330375949096,-4.06885465764617e-07,1.12823500186821e-05,4.03944277937995e-06,-0.00479903383059455,-0.00444474185599875,-0.000720330375949096,-0.00202687832057968,3.51209617708292e-05,1.88666829377127e-05,-0.00134519231640695,-0.00124439318566338,-1.67048934329728e-06,-0.00266820154857861,-0.00161864488055308,-0.00498103053794718,-7.4247667124272e-05,-1.89746716268147e-05,-0.000947184996890726,-0.000605304474073698,2.37748766966916e-05,-4.33869291072142e-06,-1.67048934418546e-06,-1.67048934418546e-06,2.72804544767524e-05,-5.12039849809298e-06,-0.00187475744233101,-6.06261406321806e-06,-0.00317060373766509,-0.00219589001206177,-0.00022231884563606,-0.00176562856129259,1.12823500186821e-05,-0.00150453054790489,-5.12039849809298e-06,2.92938334567339e-06,-0.00187794617432768,-0.00202687832057968,-0.00155120118755203,-0.00176562856129259,-0.00150453054790489,0.0970528340224113,1.52638462678212e-05,-0.00187653308100444,-0.0014319662189699,-0.00183093620842634,-1.77176378848287e-05,-4.75188562365503e-05,-3.93007822285796e-06,-0.00455321102771933,-5.12039849809298e-06,-0.0011535319585354,-0.000688226035290285,-0.0018292937633726,-1.3374121979659e-05,-0.00211180192058968,2.47148505962969e-05,-0.00249673564462993,-0.00598892407810325,-5.58744881473672e-06,-1.67048934418546e-06,-7.53871917336113e-06,-0.00314952097252075,-0.00448911106029026,-0.00139590067438888,-7.03805163926319e-06,1.45356174581224e-05,-2.10656857291269e-06,1.12823500186821e-05,-7.03805163926319e-06,-0.000107488543998002,-0.00409687118647195,-4.23537064380142e-05,1.21118711717827e-05,-2.10656857291269e-06,2.71839486849501e-05,-0.0052500209350459,-0.00261234986382508,-0.000165606229514559,1.90586041428631e-05
"14:95721476:C:T",4.36275670203656e-05,-0.000110139902356643,-0.00339293852827183,-0.000672243697377617,0.000243118764776007,-0.00193050882787293,0,-0.000449693239978899,-0.00344653406414874,0.000153341863144973,2.10994640070794e-06,-0.000611914284235127,-2.57868147164331e-05,-0.00712354159725859,-0.00564279916535693,0.000153341863144973,-0.00410864464839999,0.0001636354687653,-0.000139687764654894,-0.00271512095673998,-0.000108568085177119,-0.000942567211206224,-0.000964777414110607,-0.00138264958109424,-0.000782153871554669,0.000344193389103964,9.92219446205311e-05,-0.00250449991308788,-0.00107511158213036,-0.000703534716992138,-0.00111483660261147,8.57867336545581e-06,8.57867336545581e-06,-0.0110716642255406,2.9645908089293e-05,-0.00119436875143553,-0.00230068816165652,-0.00601274695122012,-9.29379687049092e-05,-0.00112151996022458,-0.00247992885820025,-7.75108435160377e-05,6.90801377034589e-05,2.9645908089293e-05,-0.00422583929690834,-0.0012165010129106,-0.00410864464839999,0.000140899911712289,-0.00247992885820025,6.90801377034589e-05,1.52638462678212e-05,0.133655609726018,-0.00122409891953446,-0.00491744916963821,-0.00245597868729686,9.39211698316456e-05,-0.00129811977910599,1.98462880653949e-05,-0.0108416300884384,2.9645908089293e-05,-5.40495657368467e-05,-0.00228974684903438,-0.00273702025796485,7.16117594921073e-05,-4.81265688989652e-06,-0.00019996556020363,-0.0120178186324686,0.000211459721561447,3.19134092405804e-05,8.57867336545581e-06,-0.00155240034675241,-0.0023300265354127,-0.00497756170946673,-0.000563985750627438,3.88649278972863e-05,-0.000103745054489401,1.07824854520544e-05,-0.000611914284235127,3.88649278972863e-05,0.000400864173491833,-0.000111510703665552,-0.00140886722708444,-8.26835940781478e-05,1.07824854520544e-05,-0.000230707196892332,-7.01790182855433e-06,-4.65182537663367e-05,0.000100142204768616,-0.00989809113303419
"14:95727510:G:A",-0.00166856285942352,4.77757364398812e-05,-4.17790861027001e-05,-2.64414000206159e-06,-0.00128174552478288,-0.00551731006907996,0,-0.00356011736403872,-0.00275673941958487,-9.62025201038941e-05,-1.31022959681815e-06,-0.000228736694512399,1.24142517385906e-05,-0.000317815124110332,-0.00096114725554175,-9.62025201038941e-05,7.59516858117593e-06,-0.00082040888539936,5.81927958425155e-05,-0.00643726932081456,-0.00274133622854844,-5.38532090210708e-06,9.19251237583296e-05,-0.00408017799288363,-0.00187947971536762,-0.00696544478254157,-5.90971229224024e-05,-0.00759347086195206,-0.00170203460375529,-0.00158061213483496,-0.00384684980221994,-0.00238202710877911,-5.38532090299526e-06,-0.000403548494523953,0.000158833491215482,-0.000843817174101424,-1.88909044780416e-05,-0.00840701469179406,-0.0065639316167978,-2.42842308662006e-06,-0.00191814765641496,-0.00289247443141871,-0.00137657483766951,0.000158833491215482,8.83306341226131e-06,0.00207430765167782,7.59516858117593e-06,-8.92073429872298e-05,-0.00191814765641496,-0.00137657483766951,-0.00187653308100444,-0.00122409891953446,0.144586001858633,7.32409694377267e-05,-0.00205603816542776,-5.50367507434757e-05,-0.000167942641913221,-1.26951776175943e-05,-0.000898046022752119,0.000158833491215482,2.53040766713397e-05,-0.000506200950171731,-0.00328649266550762,-0.00292535185398446,-1.84365068633952e-06,7.62876591018369e-05,-0.00221027866087775,-0.00964903885088741,-1.73590664234169e-05,-5.38532090299526e-06,-2.36568527007819e-05,-0.0116566716240998,-0.00226073946576122,-0.000185443818943476,-2.20391020135935e-05,-0.00213681114278153,-0.00192326031916501,-0.000446284727146029,-0.00275673941958487,-0.00449540902476731,-0.00696460512061137,-0.00137544327265626,3.7344079808932e-05,-6.79379485291065e-06,-0.000626743529332785,-0.00183842420969604,-0.00180066086205066,-0.00112057597584592,-0.000610623960722201
"14:95732903:T:C",7.310647843628e-05,-0.00316831773968307,-0.000152168189241131,6.60836921095864e-06,-0.00183257816837035,-0.000328528262362404,0,-0.00151163211615835,-0.00155656007519589,0.000261912008139298,3.28633474300233e-06,-0.000866958622545155,-4.54482420790825e-05,-0.00521611997849458,-0.00223151718497583,0.000261912008139298,-0.00403670389437139,-0.00220690952445768,-0.000455175721865153,-0.00668546823555172,-0.000192075229711541,1.33618800832735e-05,-3.92504271582439e-05,-0.00219910317862215,-0.00338617573002686,-0.00111866902773006,-0.00234161185378756,-0.0013396483634347,-0.000104587439146542,-0.000343857244373247,-0.0060690931339229,1.33618800832735e-05,-0.00153346311691216,-0.000410693288215747,5.11989387419476e-05,0.000130346949674731,5.83434466259192e-05,0.00065343560175446,-0.00230014323288152,5.18793373718296e-05,-0.00141802047294792,-0.000137626278522873,0.00011758867621392,5.11989387419476e-05,-0.0012200711384196,7.73682965808931e-05,-0.0010218333005092,0.000238796959274978,-0.00141802047294792,0.00011758867621392,-0.0014319662189699,-0.00491744916963821,7.32409694377267e-05,0.0921031096910343,-0.00139205577142842,0.000160818073841718,-0.00135252524512808,-0.00293443621103862,0.00114922743292567,5.11989387419476e-05,-9.50173659468589e-05,-0.00181187678321226,-0.00261903136145403,0.000121572729826269,-0.00309747211038225,-0.00035440121838004,-0.00213305627059679,-0.00282149764417294,5.4751970615996e-05,-0.00153346311691216,6.93548481969231e-05,-0.000340030743656516,-0.000248053517529101,-0.000422697902355829,6.56442408981661e-05,-0.000184921951086991,1.67945599018893e-05,-0.000650769312399824,6.56442408981661e-05,-0.000510065046259278,-0.0037359286064893,-0.00147381845135186,-0.000240182014759505,-0.00196908227176262,-0.000291293093803269,-0.00143121822700287,-8.34963260283317e-05,-0.000899956179002181,-0.000248861460978134
"14:95733498:A:C",-8.45338430117692e-05,-0.000977944527844166,-0.00487171582765367,-0.000131207392207067,-1.12785346395583e-05,-0.00283559497212638,0,-0.0010742122133065,-4.84934795066394e-05,-0.00231290176739396,-0.00399752578460877,-0.00102478143927165,-0.00157985804138949,-0.0082276800778569,-0.00173501125798392,-0.00139239515562561,-0.00302245779394728,-0.00450165871667663,-0.00184180965492153,-0.0117060927915853,-0.00219178559058442,-0.00187200022977763,-0.00589482077479531,-0.00590944015731498,-0.0010255635206402,-0.00529199558094051,-0.00763723684423923,-0.0102735489849781,-0.00216133056459578,0.000574536642666601,-0.000334310670924154,3.94365341183089e-06,-1.59150322875945e-06,-0.00303399381698011,0.000112151133048854,-0.00304184721802958,0.000123059407994397,-0.0105762792768114,-0.00224449592100529,-0.00593126805043109,0.00016773078376886,-0.00031236107697552,-0.00226065803741449,0.000112151133048854,-0.00383071423263814,-0.00199022438051255,-2.2653036125142e-05,-0.00480511910440118,0.00016773078376886,-0.00226065803741449,-0.00183093620842634,-0.00245597868729686,-0.00205603816542776,-0.00139205577142842,0.251896296398173,-0.0036437887544043,-0.00227610400700495,1.32574531619412e-06,-0.00241721143598195,0.000112151133048854,-0.000533518301421232,-0.000641747585035102,-0.00300980958095831,-0.000114517818466275,-0.00329922669048166,-0.00690948364531518,-0.00254745975373227,-0.00673866683164581,-7.69926988919423e-06,-1.59150322875945e-06,-0.00352736862014957,-0.0119813886221727,-0.00621385086207349,-0.0048364100892786,-0.00166226691508164,-0.00553024392871926,-0.000560453707091568,-0.00329447758026458,-0.00328689471403187,-0.00157924102583173,-0.00348533542364615,-0.00168089754454304,-0.00799495140722417,-0.00197763328610279,-0.00748090601402662,-0.00333347536902107,-0.0028768279477589,-0.00501543968591767,-0.00279613017885172
"14:95735763:G:A",-0.000889018625288784,9.58128819688042e-05,-6.96807911966246e-05,-4.91064531704666e-06,-0.000244057703941536,-0.00436392998216117,0,-0.000228857934038373,-3.81626973471327e-05,-0.00014765921858384,-2.44070925159434e-06,6.65331888098919e-05,2.2602327941712e-05,-0.00105086852252079,-0.00096366987729013,-0.000147659218582952,1.31536987799663e-05,-0.0029499073622361,0.000120969994513942,-0.000936463268979892,9.39211698316456e-05,-9.94031986412125e-06,1.79349334645806e-05,-0.000213031374510564,3.71661809195345e-05,0.000393423396044312,0.00156347023802983,0.000451763473820144,-0.00229036620825962,0.000160818073841718,-0.00390561771304299,-9.94031986323307e-06,-9.94031986323307e-06,0.000197637751913504,-2.74904783212904e-05,-8.66166033075544e-05,-3.27623212452721e-05,-0.00264104533613718,6.27892108324701e-05,-0.000187739888143135,-0.00357981420520836,-0.00359904531117561,-6.67374695124678e-05,-2.74904783212904e-05,1.55588045096522e-05,-5.81788322167043e-05,1.31536987799663e-05,-0.00013859671508154,-0.00357981420520836,-6.67374695124678e-05,-1.77176378848287e-05,9.39211698316456e-05,-5.50367507434757e-05,0.000160818073841718,-0.0036437887544043,0.0527302854703269,-0.000217356274919922,-2.30644980918626e-05,-0.00305260393872686,-2.74904783212904e-05,4.7637745732132e-05,-0.00437438374145049,-0.000114992289779181,-0.00059307142590459,-1.91621067102687e-06,0.000171248825949988,-0.00576853078299955,-0.00468591143769981,-3.01106211608726e-05,-9.94031986323307e-06,-4.09125606770644e-05,0.000740779076322085,-3.11240910368937e-05,0.000276773364245031,-3.81626973471327e-05,8.81067116660361e-05,-1.25011515796913e-05,6.65331888098919e-05,-3.81626973471327e-05,-0.000416240453771088,-0.00390055620250873,0.00177064596356225,7.26646350033278e-05,-1.25011515796913e-05,0.000196368484512988,6.74412322432261e-07,3.88009087393115e-05,-0.000230387841105184,0.000122689080237492
"14:95736447:C:T",-0.00152107101544807,0.000216751430468953,0.000249393652463681,-0.00425755228878,-0.00249782934152165,0.000148087532354957,0,-0.000586488607305924,-9.40641025124478e-05,-0.00178923113341778,-0.00434944952645999,-0.00254796824487791,5.15788337116518e-05,6.35309029721753e-05,-0.00179895777360528,-0.00178923113341778,-0.00225540194482754,-0.00242741889027087,0.000272388927265332,4.70336045399478e-05,-0.00316340338641563,0.000307289506979558,3.91952053586664e-05,-0.000114812361046823,-3.68274153350612e-05,-0.0103186930390669,-0.000234373724111059,-0.00476076348562948,-3.44659129645208e-05,0.000354439140489049,-0.00506569435262616,-9.32132554041232e-05,-9.32132554041232e-05,0.000437921904078209,0.000338530725020547,-4.27820060320272e-05,-7.94571046007775e-05,-0.00273212570849557,3.60956836509274e-06,-6.37028036321041e-05,-0.00245497780648396,0.000149586912757016,-0.000163322006579314,0.000338530725020547,3.28702156346949e-05,-0.000176712690440617,-0.00225540194482754,-0.000429968821741511,-0.00245497780648396,-0.000163322006579314,-4.75188562365503e-05,-0.00129811977910599,-0.000167942641913221,-0.00135252524512808,-0.00227610400700495,-0.000217356274919922,0.0981815932263363,-0.000226175286538677,-0.00121747904727743,0.000338530725020547,0.000108966692621948,-0.00222030674368545,-0.00083115637650355,-0.00017139043808978,-3.22514167105936e-05,-0.000633434785391351,-0.00269425537245382,-0.00314367054402442,0.000329875190268503,-9.32132554041232e-05,-0.000101527491731979,-0.00547900999470041,-0.00541808652676856,-0.00254911678590375,-0.000149712922574707,-0.000998212120057573,-0.0017195259331384,0.000149586912757016,-9.40641025124478e-05,-0.00418124734003378,-0.00194241872667256,-0.000544550048964254,0.000165647357978749,-3.34510533557264e-05,-0.000515125716779252,-1.96316077554215e-05,8.56358806320401e-05,-0.00147194797676153,0.000276828541348806
"14:95738369:A:G",-0.00178136291304121,-0.00102197317357344,-1.74243560984166e-05,-1.07424184214722e-06,-0.00419182083303404,-0.00415704459605504,0,1.62104178516032e-05,-9.1726840203421e-06,-0.00517250213872966,-5.32480716408656e-07,1.46641472271725e-05,5.25039110321757e-06,-6.28914727602847e-05,-1.5164719340266e-05,-0.00517250213872877,3.29567236523332e-06,-9.12249314097835e-05,-0.000892436638231686,1.29583148744672e-06,-0.00370864411371219,-7.73537712932537e-05,4.29016242797786e-06,-0.00160495613726042,9.21282445709437e-06,-9.66613649442394e-05,-2.47102697477075e-05,-8.33036831417999e-05,-0.00102458047069032,3.09127764426265e-05,-4.58833686600713e-07,-2.18647984429055e-06,-2.18647984429055e-06,3.54830608513268e-05,-6.66255284098582e-06,-0.00185249608320692,-7.89574087001199e-06,-0.000223126438742227,-0.00237559755670702,-4.14866521580848e-05,-8.82206618602055e-06,1.46641472271725e-05,-1.6677524515174e-05,-6.66255284098582e-06,-0.00197277486474512,-1.34630493615617e-05,-0.00232736600078365,-3.71861240768823e-05,-8.82206618602055e-06,-1.6677524515174e-05,-3.93007822285796e-06,1.98462880653949e-05,-1.26951776175943e-05,-0.00293443621103862,1.32574531619412e-06,-2.30644980918626e-05,-0.000226175286538677,0.0627991012392788,-8.81426803704954e-05,-6.66255284098582e-06,1.06799891499421e-05,3.9737517587568e-06,-0.00180860135016925,-0.00154742947541209,8.96187675181181e-08,3.21440386601424e-05,-7.44320986019176e-05,-6.33378399115259e-05,-0.00554087824158156,-2.18647984429055e-06,-9.82821391737332e-06,-0.00239600207834378,-7.14929942979836e-06,-0.000193335981124143,-9.1726840203421e-06,-0.00323619347926662,-2.75741018462838e-06,1.46641472271725e-05,-0.00270557409007388,-0.000140083902288701,1.91317943905034e-05,-5.52299833493919e-05,1.57501187345588e-05,-2.75741018462838e-06,-0.000641903203161931,6.48473122311088e-07,8.98007591221273e-06,-0.00322655585662091,2.47865698659311e-05
"14:95738710:T:C",-0.00532576842999966,-0.000472899633334301,-0.00243111715728972,3.61557214390018e-07,-0.0051798286946374,-0.00589359775488374,0,-0.0016619852509141,-0.00220686189486319,0.000167978744586073,2.02100586044196e-07,6.89384800987014e-05,-0.00123280254498415,-0.00188573410699444,-0.00961335683897202,-0.000362207076260113,-0.00371280079851033,-0.00366847895525924,-0.000559755688530394,-0.00652758978411416,-0.00229375676446431,-0.000124175524716996,-0.00255823628496987,-0.00376229164635866,-0.00345845178336734,-0.006470275197068,-0.00118262897945698,-0.00410807906190325,-0.00160365964864972,-0.00153765567797226,-0.00376308313980012,-0.00265655299316592,-8.88171582777986e-05,0.000915301139857938,0.000227972007409427,-0.00301796506635377,0.000231902785427174,-0.010878727760212,-0.000457276803884188,-0.00249803774803414,-0.0020578998583014,0.00051360366894837,0.000276913885794094,0.000227972007409427,-0.00155250929210293,-0.000296394609079265,-0.00371280079851033,0.000481722900750547,-0.0020578998583014,0.000276913885794094,-0.00455321102771933,-0.0108416300884384,-0.000898046022752119,0.00114922743292567,-0.00241721143598195,-0.00305260393872686,-0.00121747904727743,-8.81426803704954e-05,0.197508861781654,0.000227972007409427,-0.000950757627476762,-0.0106414721269177,-0.000717922753762146,-0.000243613047111069,-4.18212786623684e-05,0.00103228224752261,-0.00542106786203034,-0.00742692278680934,0.000229943747140027,-8.88171582777986e-05,-0.00208051702990009,-0.00491557731026804,-0.00291712861337157,0.000492595764607806,-0.00448381696733335,-0.00203507801814595,-0.00163537609502296,-0.00707670588173048,-0.00223764425037487,0.000176157476385441,-0.000352500535603539,0.000536703923350146,-0.0014305883018304,-0.00135145609816334,-0.00447721933095124,-0.00683484720588634,-0.00228606732169645,-0.00193827294180293,0.000781947504021829
"14:95742564:T:A",-1.31943672529999e-05,3.01882872415504e-05,-2.12450007754938e-05,-1.42075762976646e-06,-7.39016312731877e-05,8.87749687423778e-05,0,-6.90668666321059e-05,-1.15959004727273e-05,-4.52582291199377e-05,-7.06302828668015e-07,2.10697272287064e-05,7.11818869802983e-06,-0.000161271340481051,-4.87438238661042e-05,-4.52582291190495e-05,4.38989509099486e-06,0.000106247184689323,3.81469132699763e-05,7.67529092380315e-05,2.9645908089293e-05,-2.87469436432986e-06,5.7699000644007e-06,0.000403315991478692,1.2650964072769e-05,-0.000193250085500196,-2.92724335579919e-05,-9.5362481747685e-05,-7.09933769549309e-07,5.11989387419476e-05,-7.59514978465603e-06,-2.87469436344168e-06,-2.87469436344168e-06,6.25138221792554e-05,0.00205388993281996,0.000157090909958413,-1.00344951761144e-05,0.000313710628691233,2.1635003811582e-05,0.000180886267622249,0.000134084551198121,2.10697272287064e-05,-2.03947845598407e-05,0.00205388993281996,5.08393166676058e-06,0.000157090909960189,4.38989509099486e-06,-4.21586585925837e-05,0.000134084551198121,-2.03947845598407e-05,-5.12039849809298e-06,2.9645908089293e-05,0.000158833491215482,5.11989387419476e-05,0.000112151133048854,-2.74904783212904e-05,0.000338530725020547,-6.66255284098582e-06,0.000227972007409427,-0.0083119525835853,1.49647211040715e-05,9.90583781126375e-05,0.000200028669812724,-2.12450007737175e-05,4.79797472863197e-08,5.41327088328103e-05,0.000654501019448084,-6.63846939419344e-05,-9.26729003491999e-06,-2.87469436344168e-06,-1.23904191751123e-05,-0.000456023560684748,-7.59514978465603e-06,0.000136907747235959,-1.15959004727273e-05,0.00205388993281996,-3.61447029373352e-06,2.10697272287064e-05,-1.15959004727273e-05,-0.000125153173040182,2.82210566560082e-05,-5.92435106785416e-05,2.28334189147361e-05,-3.61447029373352e-06,6.21601416161965e-05,7.93555753553221e-07,1.24173278743811e-05,-0.000431402656681179,3.86378141534749e-05
"14:95748661:T:C",2.24625203202322e-05,-5.49170180601521e-05,3.65458804223451e-05,2.28312704830813e-06,0.000124275299818066,-0.00103092521591286,0,0.00011587248964684,1.99084086967005e-05,7.78276448709647e-05,1.1353983699891e-06,-3.84737115384226e-05,-1.28510196741871e-05,-0.00663681670989025,-0.000929839279950606,7.78276448709647e-05,-8.46771511575639e-06,-0.00699771602827237,-6.96309922476601e-05,-0.00100770745809431,0.00113551640954324,4.61638645976592e-06,-1.06834407045397e-05,0.000107061592387048,-0.000800179619234953,-0.00224340578450644,5.0466342360167e-05,-0.000394232364299363,-0.00630690429438197,-9.50173659468589e-05,8.91314520501396e-06,4.61638645976592e-06,4.61638645976592e-06,-0.000115343153859193,1.49647211040715e-05,4.20613034712858e-05,1.74097365617243e-05,-0.000692633192760361,-4.35607593249898e-05,8.9436286872413e-05,-0.000556339026829278,-3.84737115384226e-05,3.51919562984193e-05,1.49647211040715e-05,-9.58169582432333e-06,2.67300893472822e-05,-8.46771511575639e-06,7.19180067036973e-05,-0.000556339026829278,3.51919562984193e-05,-0.0011535319585354,-5.40495657368467e-05,2.53040766713397e-05,-9.50173659468589e-05,-0.000533518301421232,4.7637745732132e-05,0.000108966692621948,1.06799891499421e-05,-0.000950757627476762,1.49647211040715e-05,0.05860218764672,-0.00090976555812361,5.48164431277698e-05,-0.00576924915864474,-1.51508570667147e-06,-9.95722321466275e-05,-0.00938370457554072,-0.0029171488072377,1.61806301779421e-05,4.61638645976592e-06,2.11784200843113e-05,-0.00162571907628539,8.91314520501396e-06,-0.00255779148755497,1.99084086967005e-05,-5.13880175709858e-05,5.80233390490292e-06,-3.84737115384226e-05,1.99084086967005e-05,-0.00216466129581683,-0.000807454967483245,9.96627815972317e-05,-4.13039141706761e-05,5.80233390490292e-06,-0.000114804409614422,-0.00112474849057609,-2.29040689534443e-05,-0.00206234611582179,-7.04119127394875e-05
"14:95749101:G:A",-0.00286957605169125,-0.00202188865571618,-0.00279389368427285,0.000187569459560777,0.000158005907884728,-0.00192978537556687,0,-0.00166561295411949,-0.00188838735672725,-0.00661396584347784,1.79429705049472e-06,-0.00449651076545177,-0.00514289684063129,-0.013641192429791,-0.00258228979175534,-0.00720995537155034,-0.00149592038664448,-0.0102275190427776,-0.00169126747144954,-0.000377634742128929,-0.000831509872035952,-0.00198551229201627,-0.000404538387387632,-2.69016685483514e-05,-0.00199602647255448,-0.00291789203992021,-0.00919800115141012,-0.00362733251453884,-0.00910796050107132,-0.00131617753925628,-0.00336909346295844,-0.00103278524815131,-0.00191627664732064,-0.00450253878864526,9.90583781126375e-05,-7.68209075259207e-05,-0.00441350932579088,-0.00780764129352463,-0.000183171551589201,-0.00585482622119793,-0.000761540269662131,-0.00179361261151367,-0.0023435502750706,9.90583781126375e-05,-0.000251862761666999,-0.000469301006283729,-0.000233577517451344,-0.000582735592694839,-0.000761540269662131,-0.0023435502750706,-0.000688226035290285,-0.00228974684903438,-0.000506200950171731,-0.00181187678321226,-0.000641747585035102,-0.00437438374145049,-0.00222030674368545,3.9737517587568e-06,-0.0106414721269177,9.90583781126375e-05,-0.00090976555812361,0.212216234441399,-0.000384583383839399,-5.85505906416373e-05,-0.00114001411176901,-0.00423718266086315,-0.00400911674235216,-0.00160010247148978,-0.0015870994002789,-0.00191627664732064,-0.00274543762807866,-0.00560896205626626,-0.00358251467621695,-0.000178928907733855,-0.00029308410407225,1.05422472609362e-05,-0.000471288450292207,-0.000118304708579764,-0.000454822119692722,-0.00255142524469454,-0.00179600238588851,-0.00150074001764011,-0.00298626689728021,4.20151604529906e-06,-0.00209483066984184,-0.00462175500036555,-0.00120800212442251,-0.00506761154320801,-0.00182478461127644
"14:95749822:T:C",-0.00163784997996963,0.000105862782427302,-0.00510780069420758,-6.02560888651738e-06,-5.93414110188206e-05,-0.0132172335805265,0,-0.00378701782126534,-0.00282172531366509,-0.000197458377070525,-2.98742884830006e-06,-0.000188797596292645,2.65113632789138e-05,-0.00822669376958274,-0.0069568644821536,-0.000197458377069637,1.530286882101e-05,-0.00798968283991996,0.000130699877883167,-0.00261321924309676,-0.00273702025796485,-1.22591095408353e-05,-0.00137144446407689,-0.00231614683431047,-0.0059573046016812,-0.00677270227381754,-0.0001237144765458,-0.00777160699669821,-0.00186939521971397,-0.00346738094353505,-0.00166674776697651,-8.02363551777319e-06,-1.22591095408353e-05,-0.000325098315519412,0.000200028669812724,-0.00158126688903337,-4.04318437565721e-05,-0.00807181126534218,-0.0024452939603874,-6.80094327778491e-05,-0.00286768710104646,-0.00279435900382285,-0.00136078212047419,0.000200028669812724,-0.00224329850112515,-0.0032899124460144,-0.00213051825822141,-0.000185265393811029,-0.00286768710104646,-0.00136078212047419,-0.0018292937633726,-0.00273702025796485,-0.00328649266550762,-0.00261903136145403,-0.00300980958095831,-0.000114992289779181,-0.00083115637650355,-0.00180860135016925,-0.000717922753762146,0.000200028669812724,5.48164431277698e-05,-0.000384583383839399,0.19908763353161,-0.00301245266703098,-4.77806104992595e-06,-0.000635487888812847,-0.00638688893177752,-0.00368325346526177,-3.70160316061074e-05,-1.22591095408353e-05,-5.1038365064926e-05,-0.0137045304567742,-0.0127597594999598,-0.00110361944572324,-4.74415634155179e-05,-0.00192704389410192,-0.00187272098895885,-0.00372816048979896,-0.00282172531366509,0.000209626171472799,-0.00366648294944216,-0.00218313024229566,8.19051299760787e-05,-1.54569682013772e-05,-0.000549073102714459,-0.00177973018034017,-0.00181543662123396,-0.00187381624662208,-0.000573871944985704
"14:95751293:C:G",-3.35913772611107e-05,7.2982642002728e-05,-5.39565984301049e-05,-3.69954311452148e-06,-0.000999227913196066,-0.00151360742140394,0,0.000254681685913027,-2.93689086134918e-05,-0.000115908740334625,-1.83806574138856e-06,-0.000304291025061687,1.74265591850187e-05,-0.000659832863124876,-0.00165945246885801,-0.000115908740333737,1.03628364582775e-05,-0.00682428356988218,9.17704687966037e-05,-0.004924812291212,-0.00321979792581839,-7.49452848314291e-06,1.39398687064585e-05,-0.0100572206864022,2.93850367105719e-05,-0.00541665552159287,-0.000906097721721899,-0.00501420190820134,-0.0065472352603182,-0.00200067047306351,-2.24174036276281e-05,-7.49452848403109e-06,-7.49452848403109e-06,0.000148034780899309,-2.12450007737175e-05,-0.00889054033030501,-2.52548099082262e-05,0.000228307296598729,-0.00169129213545816,-0.000229440984613305,-0.000147271940608817,5.10250433825021e-05,-5.16904851250999e-05,-2.12450007737175e-05,1.21628615339375e-05,-0.00292314211927902,1.03628364582775e-05,-0.00116712468065483,-0.000147271940608817,-5.16904851250999e-05,-1.3374121979659e-05,7.16117594921073e-05,-0.00292535185398446,0.000121572729826269,-0.000114517818466275,-0.00059307142590459,-0.00017139043808978,-0.00154742947541209,-0.000243613047111069,-2.12450007737175e-05,-0.00576924915864474,-5.85505906416373e-05,-0.00301245266703098,0.0923186540124012,-9.46513841526553e-07,0.000128863957159275,-0.00128410739269214,-0.00149006671815766,-2.32371161770217e-05,-7.49452848403109e-06,-3.14663334792797e-05,0.000426310190351664,-0.000217065746773493,-0.000312371090572583,-2.93689086134918e-05,6.7392599713223e-05,-9.42896301836527e-06,-0.00209171153265153,-2.93689086134918e-05,-0.000879707141954178,6.66316468374006e-05,-0.00127054025545981,5.55168423748142e-05,-9.42896301836527e-06,0.000147162796982236,1.0014088909216e-06,3.00032959028584e-05,-0.0064978386658554,9.30011468227576e-05
"14:95751606:A:G",-1.64220042897512e-07,-0.00465066582728113,-9.46513842414731e-07,-0.0053965579923716,-0.00137804339258274,-0.00295907997104106,0,-7.03577547485068e-05,-4.45914272750869e-05,-0.000785751136189283,2.53086493984256e-08,-2.68086003263335e-06,-4.92893790671189e-07,-0.000690613762122538,-0.000509532674987767,-0.000785751136188395,-2.63981949188974e-07,-0.00194778541177953,-0.00501082982076539,-0.000392495251727354,-4.81265688989652e-06,7.96006007774963e-08,-0.00178277038178631,-4.74056105570497e-05,-0.00102935600046639,-0.0013826026737167,-2.23932975895735e-06,-0.00312012966095576,-0.000547419295910956,-1.30301939345046e-05,-1.07344459721048e-06,-0.00219008002485932,-0.00220644953586113,-1.8727461574386e-05,4.79797472863197e-08,-1.87208796376126e-06,-2.92308666161034e-09,-0.0024448427218422,-0.00252315331103858,-1.05410973905151e-05,-0.00327963638901707,-2.68086003263335e-06,-0.000631769706552099,4.79797472863197e-08,-3.1693946045408e-07,-1.64684408776594e-06,-2.63981949188974e-07,-0.00261968478644725,-0.00327963638901707,-0.000631769706552099,-0.00211180192058968,-4.81265688989652e-06,-1.84365068633952e-06,-0.00309747211038225,-0.00329922669048166,-1.91621067102687e-06,-3.22514167105936e-05,8.96187675181181e-08,-4.18212786623684e-05,4.79797472863197e-08,-1.51508570667147e-06,-0.00114001411176901,-4.77806104992595e-06,-9.46513841526553e-07,0.0863090514157188,-0.000606351145041373,-0.000445386780936641,-0.000204016887612291,2.48692693105568e-08,-0.00220644953586113,-1.16031114494319e-07,-0.000790307339398222,-0.00153487314698975,-0.00279927231506072,-7.32035267958508e-08,-0.0033780147514717,-0.000727443305182263,-0.00317302660991015,-7.32035267958508e-08,-0.00115090829500808,-4.39322852585633e-05,-1.14224859100176e-05,-0.00074128709318888,9.00391361469133e-08,-0.000550750223038854,-0.00208455035331401,-1.14430818154432e-06,-0.00371349500496088,-7.69273542555737e-06
"14:95751746:C:T",7.7059869938445e-05,-0.000202330502677484,0.000128863957158387,6.86500511992705e-06,0.000444521629979988,-0.00354489665536484,0,-0.00156599697661353,6.92454373405482e-05,0.000281105014539484,3.4135160849047e-06,-0.000143886822667305,-4.78191147177398e-05,-0.000273794637345226,-0.000730992894312443,0.000281105014539484,-0.00588749889951767,-0.00270404292316329,-0.000255981943088734,-0.00888998719127176,-0.00019996556020363,1.38844644954617e-05,-0.00204235053535484,-0.00158084335520758,-0.000105960947606398,-0.00211170086292167,0.000180134619954586,-0.000282794987207957,-0.000635641266629072,-0.000371004216637161,-0.00922229746479619,1.38844644954617e-05,1.38844644954617e-05,-0.000421432626324325,5.41327088328103e-05,0.000137173833648419,6.16049646993133e-05,-0.000453677482263437,-0.0011548559431418,-0.000499691080913856,-0.00682048563675508,-0.000143886822667305,0.000124662473181658,5.41327088328103e-05,-3.81654658125896e-05,8.06001994488881e-05,-3.48744094109676e-05,0.000255339015926559,-0.00682048563675508,0.000124662473181658,2.47148505962969e-05,-0.00019996556020363,7.62876591018369e-05,-0.00035440121838004,-0.00690948364531518,0.000171248825949988,-0.000633434785391351,3.21440386601424e-05,0.00103228224752261,5.41327088328103e-05,-9.95722321466275e-05,-0.00423718266086315,-0.000635487888812847,0.000128863957159275,-0.000606351145041373,0.0690759363069597,0.000513904914947183,-0.000452197506145779,5.78481586916979e-05,1.38844644954617e-05,7.31305395449411e-05,-0.00146263022620552,4.59294985155623e-06,0.00124632939566638,6.92454373405482e-05,-0.000192706059097603,1.74537522728002e-05,-0.000143886822667305,6.92454373405482e-05,0.000743275502312457,-0.000567629602029385,-0.000757513540064814,-0.000151853014601855,1.74537522728002e-05,-0.000420305339043914,-1.78414315286091e-05,-0.000390559523141043,-0.000149878717659035,-0.000258026955725299
"14:95752112:C:T",-0.00280734044528375,-0.00184356516219708,-0.00153893940641225,-0.00594723533861785,-0.000781237100107024,-0.00692592444194995,0,-0.00220071180569592,-2.34968660013379e-05,-0.00254718470717652,-0.00282893735766621,0.000132018112154242,-0.00391288874804996,-0.00562052334931851,-0.00449144829722359,-0.0035898520664448,3.82297509871066e-05,-0.00669353763424319,-0.00644066404487464,-0.00878737380326244,-0.00723567702320338,-0.00329618025811751,-0.000540176526858893,0.000195898434221853,-0.00699027360233906,-0.00896359732830199,-0.00336528267802727,-0.00224518089957693,-0.00135035660897254,-0.00192596421476487,-0.00456444190652183,-0.00253284698771949,-0.00611592903340963,-0.000511879888738243,0.000654501019448084,-0.000778932476556804,-0.0017757183617535,-0.00529408748243565,-0.00114436537366291,-0.00957874247456569,-0.00243106732552389,-0.00702905759397954,-0.000311984922324982,0.000654501019448084,-2.14395433504322e-05,-0.0025407910850288,-0.000751468429519342,-0.00362838853769221,-0.00243106732552389,-0.000311984922324982,-0.00249673564462993,-0.0120178186324686,-0.00221027866087775,-0.00213305627059679,-0.00254745975373227,-0.00576853078299955,-0.00269425537245382,-7.44320986019176e-05,-0.00542106786203034,0.000654501019448084,-0.00938370457554072,-0.00400911674235216,-0.00638688893177752,-0.00128410739269214,-0.000445386780936641,0.000513904914947183,0.280421196961683,0.0012632230697327,-0.00195470560553357,-0.00611592903340963,-0.000253274599634423,-0.00467197914142359,-0.00981467056200724,-0.0119917427525587,-0.000109519100060851,-0.00389748200422968,-0.00141941750164243,-0.00371655897427914,-0.00676755487585545,0.00110248292849047,-0.00172569491851693,0.000954377827717678,-0.00209628766959291,-0.0014074185538604,0.000948717093961271,-0.000783973208013933,0.000101589886138065,-0.0187536201640293,-0.000634730486720692
"14:95752666:C:T",-0.000574260102176538,0.000216273485074581,-0.000175752020251885,-0.00508175422504209,-0.000731439923248089,-0.00166916328676958,0,-0.00323199630251736,-0.00160749587198072,-0.00178050114900596,1.69089998269811e-06,-0.00269448886117374,-0.0050271043279313,-0.00157376189047209,-0.00112083998677504,-0.00178050114900596,-0.00451189242392047,-0.000467936872759367,0.000270647002265534,-0.000412277183454712,-0.00265473031168462,-0.00245147372839938,-0.00587855360563871,-0.00833538793580768,-0.00346577303909168,-0.00469427737163519,3.6462500982104e-05,-0.00261322819550092,-0.00362092882184006,6.85390880290626e-05,-0.000583540847998165,-1.82685449416908e-05,-2.7047689664883e-05,0.000429108226569497,-6.63846939419344e-05,-0.00380842682274007,-8.09618773356391e-05,-0.000257395488721723,-0.000406808298741623,-0.00195371171792402,-0.00668713511046537,-0.00371524221207586,0.000751983134740009,-6.63846939419344e-05,3.3163058582808e-05,-0.00961595065360932,-0.00451189242392047,-0.00474793174470456,-0.00668713511046537,0.000751983134740009,-0.00598892407810325,0.000211459721561447,-0.00964903885088741,-0.00282149764417294,-0.00673866683164581,-0.00468591143769981,-0.00314367054402442,-6.33378399115259e-05,-0.00742692278680934,-6.63846939419344e-05,-0.0029171488072377,-0.00160010247148978,-0.00368325346526177,-0.00149006671815766,-0.000204016887612291,-0.000452197506145779,0.0012632230697327,0.195788839562519,-7.36168581951802e-05,-2.7047689664883e-05,-0.000103700211187885,-0.00216197019751707,-0.00689983867852906,-0.00412848403584087,-9.60008607391316e-05,-0.00206038656429275,-0.00186538545262316,-0.00269448886117285,-0.00160749587197984,0.000899842587985589,-0.00215034133993353,-0.00438634819823669,-0.00293685445468039,-0.00414698787093837,-0.00121623846765662,-0.00278406793468111,8.62167659096968e-05,-0.00142423129610236,0.00027492968567433
"14:95753200:A:C",-1.44047399377456e-05,3.24939056257634e-05,-2.32371161787981e-05,-1.5485391680059e-06,-8.20313815026452e-05,-1.63508438468796e-05,0,-7.65810426859304e-05,-1.26504072346378e-05,-0.000155585199763664,-7.69652941379206e-07,2.27354625454979e-05,7.71315590775146e-06,-0.00141866204808672,-0.0052387637260507,-0.000155585199763664,4.75048086023833e-06,-0.00439815680527555,4.09631624984641e-05,-2.87188862442278e-05,3.19134092405804e-05,-0.00525139983368028,6.24968793694336e-06,-7.09128443663332e-05,1.3650719682623e-05,0.000293009549603873,-3.20840449958837e-05,-0.00130057037437137,-0.00535977879647653,5.47519706168842e-05,-8.36125807435195e-06,-3.13468242207904e-06,-3.13468242207904e-06,6.66336410928281e-05,-9.26729003491999e-06,-2.80149999500878e-05,-1.09384277209301e-05,0.000306182488044371,-0.00520379008088412,-0.00128117013849405,-2.23202005775747e-05,2.27354625454979e-05,-2.22995075365162e-05,-9.26729003491999e-06,5.50463292636749e-06,-1.83503278199382e-05,4.75048086023833e-06,-4.63861064989857e-05,-2.23202005775747e-05,-2.22995075365162e-05,-5.58744881473672e-06,3.19134092405804e-05,-1.73590664234169e-05,5.4751970615996e-05,-7.69926988919423e-06,-3.01106211608726e-05,0.000329875190268503,-0.00554087824158156,0.000229943747140027,-9.26729003491999e-06,1.61806301779421e-05,-0.0015870994002789,-3.70160316061074e-05,-2.32371161770217e-05,2.48692693105568e-08,5.78481586916979e-05,-0.00195470560553357,-7.36168581951802e-05,0.0452938865426509,-3.13468242207904e-06,-1.35221820904974e-05,-0.00131239106776349,-8.36125807346377e-06,-0.00478217939259817,-1.26504072346378e-05,3.01291974151852e-05,-3.94228513034278e-06,2.27354625454979e-05,-1.26504072346378e-05,-0.000140827566864843,3.03572182209777e-05,-6.55157614950497e-05,2.46322522814424e-05,-3.94228513034278e-06,6.62627353396061e-05,8.37264395592285e-07,1.34273512033545e-05,-0.00116378959224583,4.14858116899453e-05
"14:95753740:C:T",-4.50388659878342e-06,8.70903365690623e-06,-7.49452848491927e-06,-4.56918383129334e-07,-3.09536429892177e-05,-0.00276665977485724,0,-2.84858476851113e-05,-3.94192323227571e-06,-1.73827452600861e-05,-2.26514956125357e-07,6.34432544455166e-06,2.27137522479381e-06,1.47793059328549e-05,-0.000833385822581079,-1.73827452583097e-05,-0.00211835072718358,1.9727228623978e-05,1.06006904196931e-05,-0.000665482053551436,8.57867336545581e-06,-9.29751417189095e-07,1.86310748429008e-06,-2.59732760463649e-05,4.03284734407094e-06,-0.0051011962300116,-1.06396704335765e-05,-0.00545473082076064,-0.00216132542756409,1.33618800832735e-05,-2.35002319470823e-06,-9.29751416300917e-07,1.9912903341357e-05,1.53243978582296e-05,-2.87469436344168e-06,-9.05928716488091e-06,-3.39914714597711e-06,-0.000227357128218308,-0.00202425721826227,-0.00242271550178508,-6.38417733256347e-06,6.34432544455166e-06,-7.17725393784008e-06,-2.87469436344168e-06,1.65363661164264e-06,-5.71008020955333e-06,-0.00211835072718358,-1.59912535409035e-05,-6.38417733256347e-06,-7.17725393784008e-06,-1.67048934418546e-06,8.57867336545581e-06,-5.38532090299526e-06,-0.00153346311691216,-1.59150322875945e-06,-9.94031986323307e-06,-9.32132554041232e-05,-2.18647984429055e-06,-8.88171582777986e-05,-2.87469436344168e-06,4.61638645976592e-06,-0.00191627664732064,-1.22591095408353e-05,-7.49452848403109e-06,-0.00220644953586113,1.38844644954617e-05,-0.00611592903340963,-2.7047689664883e-05,-3.13468242207904e-06,0.0479324099106133,-4.22045053483089e-06,-0.0052414160096923,-2.35002319470823e-06,1.80253457315871e-05,-3.94192323227571e-06,8.17364136906917e-06,-1.17236798580223e-06,6.34432544455166e-06,-3.94192323227571e-06,-6.02070787181219e-05,8.31069622986291e-06,-2.37028489129543e-05,6.80587809753774e-06,-1.17236798580223e-06,-0.000777836261972809,3.16656485033207e-07,3.89390755106689e-06,-0.00389538159772673,1.07074779984728e-05
"14:95753834:G:A",-1.94160957667222e-05,4.19729134923941e-05,-0.0015598901178091,-2.08204868901163e-06,-0.00114416690622665,-0.00171730875015363,0,-0.00137179956152789,-1.70102532965899e-05,-6.86214211444991e-05,-1.03411766527728e-06,-0.00185131688409257,1.0156538506223e-05,2.61626770585721e-05,-0.00290256039995818,-6.86214211444991e-05,6.21467394079644e-06,-0.00698794866401897,5.25438690157642e-05,-6.11654529567573e-05,4.12331363497387e-05,-4.22045053394271e-06,8.21200237233199e-06,-9.94552229318657e-05,-0.00220362744106684,0.000187518192363179,-4.36861197403715e-05,-0.000674706712091577,-0.00528108997182564,6.93548481969231e-05,-0.00116992565582397,-4.22045053483089e-06,-4.22045053483089e-06,8.35820447466773e-05,-1.23904191751123e-05,-3.83149960683227e-05,-1.46692046607555e-05,-0.00224194536604116,-0.00224590759706444,-8.53242523710662e-05,-0.00361670650661061,2.95754322268138e-05,-3.01634273194296e-05,-1.23904191751123e-05,7.22006821263221e-06,-2.50285562533037e-05,6.21467394079644e-06,-6.38522197133895e-05,-0.00361670650661061,-3.01634273194296e-05,-7.53871917336113e-06,-0.00155240034675241,-2.36568527007819e-05,6.93548481969231e-05,-0.00352736862014957,-4.09125606770644e-05,-0.000101527491731979,-9.82821391737332e-06,-0.00208051702990009,-1.23904191751123e-05,2.11784200843113e-05,-0.00274543762807866,-5.1038365064926e-05,-3.14663334792797e-05,-1.16031114494319e-07,7.31305395449411e-05,-0.000253274599634423,-0.000103700211187885,-1.35221820904974e-05,-4.22045053483089e-06,0.0505898164720069,0.000129507535561402,-1.16790676552014e-05,9.90748319207313e-06,-1.70102532965899e-05,3.89538802254563e-05,-5.31148930882352e-06,2.95754322268138e-05,-0.00152713984156883,-0.000205619140286828,3.90886310377425e-05,0.000262153845103974,3.20283346111339e-05,-5.31148930882352e-06,8.31391429603201e-05,9.76069180147476e-07,1.75648969786835e-05,-0.000396890964106333,5.31991674774801e-05
"14:95757926:G:A",-0.00139453302086689,-0.00183940736481514,-0.000579393635429248,-0.0059608689974624,-0.00498175348140872,-0.00779498195014439,0,-0.00329298238585141,-0.00464818907616227,-0.00373560049440513,-0.00403978669021221,-0.000589511618491301,-0.000250398015878339,-0.00636022230139677,-0.00937474137021477,-0.00455977045491984,-0.00765068723398166,-0.00470250606495526,-0.00119499193968764,-0.00745351485374757,-0.00117799014213027,-0.0011069325488986,-1.03290462991623e-05,-0.0010858645953804,-0.00523286350166119,-0.00819063555419408,-0.00170826362793619,-0.00860059609487296,-0.00789676670705886,-0.000273259101782664,-0.00303779207624455,-0.00662995973168368,-0.0052414160096923,-0.00255910175226859,-0.000456023560684748,-0.00432981296117685,-4.62059022448003e-05,-0.00282317826451628,-0.00427192445361868,-0.0052649406393761,-0.0120386192839361,-0.00191939000811026,-0.00478338091388775,-0.000456023560684748,-0.000508555198993399,-0.0129687917450187,-0.00542438576191895,-0.00150796686404009,-0.0120386192839361,-0.00478338091388775,-0.00314952097252075,-0.0023300265354127,-0.0116566716240998,-0.000340030743656516,-0.0119813886221727,0.000740779076322085,-0.00547900999470041,-0.00239600207834378,-0.00491557731026804,-0.000456023560684748,-0.00162571907628539,-0.00560896205626626,-0.0137045304567742,0.000426310190351664,-0.000790307339398222,-0.00146263022620552,-0.00467197914142359,-0.00216197019751707,-0.00131239106776349,-0.0052414160096923,0.000129507535561402,0.324486720599824,-0.00116453061169697,-0.00768266165559917,-0.00081026514819893,0.000150697679657696,-0.00230396233413543,-0.0038003106850617,-0.000951321033483943,-0.000405799948185237,-0.00227864374348208,-0.000548509422787724,-0.00193442578808156,-0.00230369563282107,-0.000887002910249457,-0.0019903529625247,-0.00227222761440693,-0.00810112964758503,-0.00243820817406526
"14:95763173:A:G",-0.00187167100178343,-0.0011320215647217,-0.00350754781322582,-1.13413451074962e-06,-0.000501451061030167,-0.00348063669471044,0,-0.000110442545969924,-0.00251137882204944,-0.00500264170549158,-0.0039128308641887,-0.00231164188651345,-0.00537434132125103,-0.00128844474094336,-0.0109556386964069,-0.00500264170549158,3.23211735597795e-06,-0.00783699789923187,-0.00497035372778054,-0.00935186309242653,1.20445691704774e-05,-2.35002319470823e-06,-0.00302656061152451,-0.00424301684042394,-0.00380222760047388,-0.0177413872796666,-3.38333417113645e-05,-0.00498882813305368,-0.00375641919649627,-0.00689345132909835,-0.000358654012088344,-0.00488670434592731,-2.35002319470823e-06,-1.62918127255551e-06,-7.59514978465603e-06,-0.00343962532591657,-0.00166213615217359,-0.00885169422709975,-0.00261091313689565,-0.00552583182697752,-0.0062345991661199,-0.00313513248777841,-0.00016402547324379,-7.59514978465603e-06,-4.34785442324781e-05,-0.00162065046423887,3.23211735597795e-06,-0.0043918683372155,-0.0062345991661199,-0.00016402547324379,-0.00448911106029026,-0.00497756170946673,-0.00226073946576122,-0.000248053517529101,-0.00621385086207349,-3.11240910368937e-05,-0.00541808652676856,-7.14929942979836e-06,-0.00291712861337157,-7.59514978465603e-06,8.91314520501396e-06,-0.00358251467621695,-0.0127597594999598,-0.000217065746773493,-0.00153487314698975,4.59294985155623e-06,-0.00981467056200724,-0.00689983867852906,-8.36125807346377e-06,-2.35002319470823e-06,-1.16790676552014e-05,-0.00116453061169697,0.276957645408049,-0.00120492410427886,-0.00384764850355435,-0.00114325559101758,-2.99024551164706e-06,-0.00857002793465345,-1.08100483338092e-05,-0.000329232426255821,-0.00699519457628117,-0.00507554163009338,-0.00162094718352801,-2.99024551164706e-06,-0.00175848361080178,-0.00694684270551083,-8.99074678173406e-05,-0.0138811316296725,1.11724391214096e-05
"14:95764292:A:G",-0.00538000562871233,-0.00150669584294771,-0.00311076449137282,-0.000658751313433292,-0.00732440692790304,-0.00475125121406084,0,-0.00214442273126458,-0.000160489214449555,-0.00109526327460063,4.24180723612722e-06,-0.00123195049680902,-7.12416668431359e-05,-0.0143789816956033,-0.00347521810873808,-0.00109526327459886,-3.14757714958702e-05,-0.0111050977458986,-0.000922578272304797,-0.00621037920627643,-0.00905596293536082,-0.00261944227521571,-0.00420505477482003,-0.00130910154727015,-0.000605408424382947,-0.00255971788507514,-0.00297810786694441,-0.00341941998816742,-0.0048445405035098,-0.00126045639855787,-0.00274179790833351,-0.000829272005868908,1.80253457315871e-05,-0.000226795433331262,0.000136907747235959,-0.000233925333533502,-0.00313218848146768,-0.00291045888703056,-0.00448983023010818,-0.00785653338885295,-0.00496238627968015,-0.00274475501337079,-0.000501297458582961,0.000136907747235959,-0.00160567929102751,-0.000175572437365545,-0.000734579765481413,-0.00169530752482538,-0.00496238627968015,-0.000501297458582961,-0.00139590067438888,-0.000563985750627438,-0.000185443818943476,-0.000422697902355829,-0.0048364100892786,0.000276773364245031,-0.00254911678590375,-0.000193335981124143,0.000492595764607806,0.000136907747235959,-0.00255779148755497,-0.000178928907733855,-0.00110361944572324,-0.000312371090572583,-0.00279927231506072,0.00124632939566638,-0.0119917427525587,-0.00412848403584087,-0.00478217939259817,1.80253457315871e-05,9.90748319207313e-06,-0.00768266165559917,-0.00120492410427886,0.224501209741617,-0.00382883807135492,-0.00802562177313959,2.31949532256692e-05,-0.000453145865850324,-0.00642457498986726,-0.0027293503548611,-0.000847302222369173,-0.000882825092412443,-0.000995828345630834,-0.000744594018211586,0.0015243205456148,-0.011886175965528,8.2812456812853e-05,-0.00640841361740341,-0.000677110284876825
"14:95765002:G:A",-1.8137085120884e-05,-0.0014747545670124,-0.00309119844080197,-1.94521041230189e-06,-0.000107065372351833,-0.00141489545061457,0,-0.00300359934998529,-1.58984600471257e-05,-6.38353789268464e-05,-9.66290887305377e-07,2.78383291414386e-05,9.53596467745399e-06,-0.00191931857945082,-0.000140473188233514,-6.38353789250701e-05,5.84534231773404e-06,1.01690483438333e-05,4.96002809988738e-05,-7.42108142022246e-05,3.88649278972863e-05,-3.94192323227571e-06,7.71484301065328e-06,-9.21658489021482e-05,1.66813421920153e-05,-0.000624336436809259,-4.07309218344309e-05,-0.00065081329825567,-0.00177094599794891,6.56442408981661e-05,-0.00172209332326911,-3.94192323227571e-06,-3.94192323227571e-06,7.92729810381587e-05,-1.15959004727273e-05,-3.56767493672194e-05,-1.37188200355354e-05,-0.00408626523865241,-0.00190866453838634,-0.00161348000455419,-0.00164512617103618,2.78383291414386e-05,-2.81597606308637e-05,-1.15959004727273e-05,6.78625804262367e-06,-2.33129139894928e-05,5.84534231773404e-06,-0.000190620679623166,-0.00164512617103618,-2.81597606308637e-05,-7.03805163926319e-06,3.88649278972863e-05,-2.20391020135935e-05,6.56442408981661e-05,-0.00166226691508164,-3.81626973471327e-05,-0.000149712922574707,-9.1726840203421e-06,-0.00448381696733335,-1.15959004727273e-05,1.99084086967005e-05,-0.00029308410407225,-4.74415634155179e-05,-2.93689086134918e-05,-7.32035267958508e-08,6.92454373405482e-05,-0.000109519100060851,-9.60008607391316e-05,-1.26504072346378e-05,-3.94192323227571e-06,-1.70102532965899e-05,-0.00081026514819893,-0.00384764850355435,-0.00382883807135492,0.0581799595919543,3.67127475726647e-05,-4.96022646601091e-06,2.78383291414386e-05,-1.58984600471257e-05,-0.000189098839014967,-0.00227737429263186,-8.48546640002112e-05,3.01485338569663e-05,-4.96022646601091e-06,-0.00107157716248718,-0.000869270265947186,-0.00224020209970632,-0.00908778969242352,5.02215421738228e-05
"14:95766741:G:A",-0.00301733792247472,-0.000105274050635984,6.73925997114466e-05,4.0438296879941e-06,-0.0023083602058307,-0.00236881424895952,0,-0.00256012374717862,3.67127475726647e-05,0.000142933389606803,2.01133441812829e-06,-7.38271003930535e-05,-2.44422457127413e-05,-0.00221453394667304,-0.0015482346962008,0.000142933389606803,-1.66758066200146e-05,0.000283970109076215,-0.000133886238206316,-0.00344150328898607,-0.00111562974467372,8.17364136818099e-06,-2.06005351657268e-05,-0.00171901662855767,-5.00820026188009e-05,-0.0114637626625416,9.30644557310956e-05,-0.0086811099153099,-0.00836682252307774,-0.000184921951086103,-0.000368298012904944,-0.00146396008719396,8.17364136906917e-06,0.000189113155980358,0.00205388993281996,-0.0020343240225964,3.23007679208231e-05,-0.00256743316454777,-0.000488808380871397,-0.00425851465439031,-0.00565518113749519,-0.00441263411219595,-0.00268721859168508,0.00205388993281996,-1.86487142643799e-05,-0.00203350227109844,-1.66758066200146e-05,0.000131638848361426,-0.00565518113749519,-0.00268721859168508,1.45356174581224e-05,-0.000103745054489401,-0.00213681114278153,-0.000184921951086991,-0.00553024392871926,8.81067116660361e-05,-0.000998212120057573,-0.00323619347926662,-0.00203507801814595,0.00205388993281996,-5.13880175709858e-05,1.05422472609362e-05,-0.00192704389410192,6.7392599713223e-05,-0.0033780147514717,-0.000192706059097603,-0.00389748200422968,-0.00206038656429275,3.01291974151852e-05,8.17364136906917e-06,3.89538802254563e-05,0.000150697679657696,-0.00114325559101758,-0.00802562177313959,3.67127475726647e-05,0.114630859623543,1.02716445971041e-05,-7.38271003930535e-05,3.67127475726647e-05,0.000363183697738023,-0.000106381058340155,-0.00154533479642449,-7.88335026875586e-05,1.02716445971041e-05,-0.000222930378829034,-6.48276687087446e-06,-0.00096181066895884,-0.00123860468082793,9.71920594903253e-05
"14:95767644:C:T",-0.00185291069353877,1.09468830293835e-05,-9.42896301925344e-06,-5.76120485540343e-07,-3.89476069164729e-05,-0.000796495512351392,0,-0.00159201245910712,-4.96022646601091e-06,-2.18603615778079e-05,-2.85601567284743e-07,7.97275796582397e-06,2.85442108349798e-06,-0.00504587525607025,-0.00065859580323302,-2.18603615778079e-05,1.80664789262153e-06,-0.00559055964147515,1.33251346223773e-05,-0.000674810931754699,1.07824854520544e-05,-1.17236798580223e-06,2.33960501017094e-06,-0.00165523254170363,5.05649513549145e-06,-0.00117332389776337,-1.33831130524342e-05,-0.00242253427097783,-2.04223290234395e-05,1.67945599027775e-05,-0.0021946914124964,-1.17236798580223e-06,-1.17236798580223e-06,1.92644247007934e-05,-3.61447029373352e-06,-0.00191969131781011,-4.27576135386687e-06,-0.00011431191192468,-0.00237563846018407,-0.00238497740854982,-0.000529347755859888,7.97275796582397e-06,-0.00155028246264521,-3.61447029373352e-06,2.07544683039629e-06,-0.00192452213064609,1.80664789262153e-06,-2.01195726212688e-05,-0.000529347755859888,-0.00155028246264521,-2.10656857291269e-06,1.07824854520544e-05,-0.00192326031916501,1.67945599018893e-05,-0.000560453707091568,-1.25011515796913e-05,-0.0017195259331384,-2.75741018462838e-06,-0.00163537609502296,-3.61447029373352e-06,5.80233390490292e-06,-0.000471288450292207,-0.00187272098895885,-9.42896301836527e-06,-0.000727443305182263,1.74537522728002e-05,-0.00141941750164243,-0.00186538545262316,-3.94228513034278e-06,-1.17236798580223e-06,-5.31148930882352e-06,-0.00230396233413543,-2.99024551164706e-06,2.31949532256692e-05,-4.96022646601091e-06,1.02716445971041e-05,0.0524989393755888,7.97275796582397e-06,-4.96022646601091e-06,-7.57583770463199e-05,-2.27915456925132e-05,-2.9833745262664e-05,8.55480876982284e-06,-1.4783337469737e-06,1.91967194611564e-05,3.89097377428982e-07,4.89123470348574e-06,-0.00135595014935053,1.34598009671194e-05
"14:95769703:C:T",3.13310873174544e-05,-0.00568902518486247,5.1025043381614e-05,3.13881217905987e-06,-0.00216005917119766,-0.00625478512123401,0,-0.00182290091528614,2.78383291414386e-05,0.000108031457928703,1.56119832261936e-06,-0.00087675670856413,-1.82849292738041e-05,-0.000313561583136668,-0.00842668527948298,0.000108031457928703,-1.22452725630495e-05,-0.000653751875621111,-0.00606767492052018,-0.00212888584361082,-7.75108435160377e-05,6.34432544543984e-06,-0.00124546087083832,-0.0038949882006829,-3.65268409572295e-05,-0.00289986453077873,7.03695922839032e-05,-0.00263830729677306,-0.00694744591962149,-0.000842526407817346,-0.0014047628887397,6.34432544455166e-06,6.34432544455166e-06,-0.000167097646113668,2.10697272287064e-05,-0.00333985204048393,2.44186253564038e-05,0.000555399592555794,-0.00733792422402413,0.000122369692543423,-0.00329618567870238,-5.50944346278115e-05,-0.00250032200214267,2.10697272287064e-05,-1.37794909722544e-05,-0.000426396159258324,-1.22452725630495e-05,9.97340672164171e-05,-0.00329618567870238,-0.00250032200214267,1.12823500186821e-05,-0.000611914284235127,-0.000446284727146029,-0.000650769312399824,-0.00329447758026458,6.65331888098919e-05,0.000149586912757016,1.46641472271725e-05,-0.00707670588173048,2.10697272287064e-05,-3.84737115384226e-05,-0.000118304708579764,-0.00372816048979896,-0.00209171153265153,-0.00317302660991015,-0.000143886822667305,-0.00371655897427914,-0.00269448886117285,2.27354625454979e-05,6.34432544455166e-06,2.95754322268138e-05,-0.0038003106850617,-0.00857002793465345,-0.000453145865850324,2.78383291414386e-05,-7.38271003930535e-05,7.97275796582397e-06,0.118456827910862,2.78383291414386e-05,0.000276566330617456,-7.83477078156736e-05,0.000137225165055987,-5.90103002178211e-05,7.97275796582397e-06,-0.000166362823128097,-4.3190911398483e-06,-3.28211634164077e-05,-0.00204695511480146,-0.000101147996292461
"14:95771112:G:A",-1.8137085120884e-05,3.95638309891311e-05,-2.93689086161564e-05,-1.94521041230189e-06,-0.00363464947711378,-0.000317930250180787,0,-0.000191655674856683,-1.58984600471257e-05,-6.38353789268464e-05,-9.66290887305377e-07,2.78383291414386e-05,9.53596467745399e-06,5.91948442973944e-06,-0.0002653925776821,-6.38353789250701e-05,5.84534231773404e-06,-0.00480466543364066,4.96002809988738e-05,-0.00310692068057694,3.88649278972863e-05,-3.94192323227571e-06,7.71484301065328e-06,-0.000163545796974418,-0.00202363104325443,-7.11486899902525e-05,-4.07309218344309e-05,-0.00164846612421954,-0.000314828137986112,6.56442408981661e-05,-0.00260502061174606,-3.94192323227571e-06,-3.94192323227571e-06,-0.00241998743285698,-1.15959004727273e-05,-7.36066533475466e-05,-1.37188200355354e-05,2.98738948449895e-05,-0.00236148670759206,-0.00161348000455419,-0.00328224307008806,2.78383291414386e-05,-2.81597606308637e-05,-1.15959004727273e-05,6.78625804262367e-06,-0.00275332685779794,5.84534231773404e-06,-5.94000786975357e-05,-0.00328224307008806,-2.81597606308637e-05,-7.03805163926319e-06,3.88649278972863e-05,-0.00275673941958487,6.56442408981661e-05,-0.00328689471403187,-3.81626973471327e-05,-9.40641025124478e-05,-0.00270557409007388,-0.00223764425037487,-1.15959004727273e-05,1.99084086967005e-05,-0.000454822119692722,-0.00282172531366509,-2.93689086134918e-05,-7.32035267958508e-08,6.92454373405482e-05,-0.00676755487585545,-0.00160749587197984,-1.26504072346378e-05,-3.94192323227571e-06,-0.00152713984156883,-0.000951321033483943,-1.08100483338092e-05,-0.00642457498986726,-1.58984600471257e-05,3.67127475726647e-05,-4.96022646601091e-06,2.78383291414386e-05,0.0691376896928277,-0.000928376755731541,3.68773525130095e-05,-0.0013968437688634,3.01485338569663e-05,-4.96022646601091e-06,7.88485572122966e-05,9.47045256438628e-07,1.65156242726283e-05,-0.00049670038774785,5.02215421738228e-05
"14:95771728:T:C",-0.000567909568158775,-0.0018625439261033,-0.00416409927887695,-0.00432604539041659,-0.00176986483579356,9.20939383970421e-05,0,-0.00218551503331277,-0.00163875639585775,-0.000683366005612918,-1.47597811448463e-05,0.000276566330617456,9.54758325777405e-05,-0.00146294029028837,-0.00573158305111354,-0.000683366005612029,3.74197073664817e-05,-0.00096189321779061,-0.00162732530807563,-0.000488492569564958,-0.0020688257642254,-0.000469258606651479,6.68281847682195e-05,-0.00389639223170413,-0.00110335770317782,-0.006204440877426,-0.000732382609983873,-0.00123904516911555,-0.00218924601276527,-0.00507042295292148,-0.00471390893302637,-0.00116470465681129,-6.02070787181219e-05,-0.000825880613285257,-0.000125153173040182,-0.00457715505238632,-0.000773967252909458,-0.0028016337918717,0.000131797950761126,-0.0104127545093853,-0.00147616079373947,-0.000321354676671604,-0.000797811197998044,-0.000125153173040182,5.22209263849049e-05,-0.00448959396197068,-0.00130878807182366,-0.00116904709963439,-0.00147616079373947,-0.000797811197998044,-0.000107488543998002,0.000400864173491833,-0.00449540902476731,-0.000510065046259278,-0.00157924102583173,-0.000416240453771088,-0.00418124734003378,-0.000140083902288701,0.000176157476385441,-0.000125153173040182,-0.00216466129581683,-0.00255142524469454,0.000209626171472799,-0.000879707141954178,-0.00115090829500808,0.000743275502312457,0.00110248292849047,0.000899842587985589,-0.000140827566864843,-6.02070787181219e-05,-0.000205619140286828,-0.000405799948185237,-0.000329232426255821,-0.0027293503548611,-0.000189098839014967,0.000363183697738023,-7.57583770463199e-05,0.000276566330617456,-0.000928376755731541,0.125926889021775,-0.00400857042637259,-0.00300085314518128,-0.00312525983690293,-0.00230989621478006,0.000852929536594438,-3.963523731354e-05,-0.00286968498118956,-0.00309252086931977,-0.00133281999850521
"14:95775877:A:C",-0.000160039042014226,-0.000113185298434182,6.66316468365125e-05,4.11795437393891e-06,-0.000536775996941685,-0.000318425538331724,0,0.00019013644813537,-0.00200913087502652,-0.00131561549042303,2.04974079398568e-06,-0.00260194173100547,-2.53216878629559e-05,-0.00180407133764326,-0.00977434130034016,-0.00131561549042392,-0.00360375787463241,-0.00027785852110096,-0.00014570467250774,-0.000359839079702162,-0.00202764962304069,8.31069622986291e-06,-0.00703987432007569,-0.00587759407214694,-0.00292247544044599,-0.00468528558547288,-0.00020609747121636,-0.00277592454179665,-0.000889857302116326,-0.000438646902579443,-0.000114164777095027,8.31069622986291e-06,8.31069622986291e-06,-0.000252292018514844,2.82210566560082e-05,-0.0068958236392902,3.25118521171675e-05,-0.00326302020082281,-0.000197042119350677,-0.00236625382883027,-0.00345684572627025,-0.000455893232185645,-0.00172110690071303,2.82210566560082e-05,-1.93052042902764e-05,-0.00695377863923863,-0.00360375787463241,-0.00140407806828335,-0.00345684572627025,-0.00172110690071303,-0.00409687118647195,-0.000111510703665552,-0.00696460512061137,-0.0037359286064893,-0.00348533542364615,-0.00390055620250873,-0.00194241872667256,1.91317943905034e-05,-0.000352500535603539,2.82210566560082e-05,-0.000807454967483245,-0.00179600238588851,-0.00366648294944216,6.66316468374006e-05,-4.39322852585633e-05,-0.000567629602029385,-0.00172569491851693,-0.00215034133993353,3.03572182209777e-05,8.31069622986291e-06,3.90886310377425e-05,-0.00227864374348208,-0.00699519457628117,-0.000847302222369173,-0.00227737429263186,-0.000106381058340155,-2.27915456925132e-05,-7.83477078156736e-05,3.68773525130095e-05,-0.00400857042637259,0.149139001559495,-0.000321225690333549,-0.000586062393885811,-0.00520685818041855,-0.000538607820603332,-0.00084634229280578,-0.00296247167861985,-6.74364188202325e-05,-0.000147222745162878
"14:95776179:G:A",-1.12348837983944e-05,0.000198805572099836,-0.00317469140246196,-1.16905774660836e-05,-0.00234193509109737,-0.0101913636778539,0,-0.0015783844399051,-8.48546640002112e-05,-0.000326330886280424,-5.8058802938632e-06,-0.00175389318292574,4.7166163406942e-05,-0.00648882579530152,-0.00251871436683615,-0.000326330886279536,-0.0023496226756583,-0.009960935929894,0.000250176821771753,-0.00999256453350528,0.00019436238639603,-2.37028489138424e-05,-0.00226332337354762,-0.00438734701728194,-0.00154926450441728,-0.0016252084610433,-0.00100806851664448,-0.00152085738664542,-0.000256377132887842,-0.000198227492992586,4.87192562488303e-05,-0.00170041677997546,-2.37028489129543e-05,0.000404080549688324,-5.92435106785416e-05,-0.000230991844003547,-7.18738621605652e-05,-0.00405521522785479,-0.00464392714808159,-0.00179552185649001,-0.0016651073514744,-0.000161541887639061,-0.000147391582312473,-5.92435106785416e-05,-0.00231457528965962,-0.00137788323121413,-0.0023496226756583,-0.000310341650811452,-0.0016651073514744,-0.000147391582312473,-4.23537064380142e-05,-0.00140886722708444,-0.00137544327265626,-0.00147381845135186,-0.00168089754454304,0.00177064596356225,-0.000544550048964254,-5.52299833493919e-05,0.000536703923350146,-5.92435106785416e-05,9.96627815972317e-05,-0.00150074001764011,-0.00218313024229566,-0.00127054025545981,-1.14224859100176e-05,-0.000757513540064814,0.000954377827717678,-0.00438634819823669,-6.55157614950497e-05,-2.37028489129543e-05,0.000262153845103974,-0.000548509422787724,-0.00507554163009338,-0.000882825092412443,-8.48546640002112e-05,-0.00154533479642449,-2.9833745262664e-05,0.000137225165055987,-0.0013968437688634,-0.00300085314518128,-0.000321225690333549,0.11630026109514,0.000151673926313656,-2.9833745262664e-05,0.00040111048587832,-5.18647363545455e-06,-0.00210259815444047,-0.00341991206613512,0.00025419852590769
"14:95776963:T:G",3.39292307227623e-05,-8.39381902650871e-05,-0.00119788840376511,3.36559472824405e-06,0.000189813885230095,1.2148181314231e-05,0,0.000176615671612979,3.01485338569663e-05,0.000118932600448041,1.6736140322493e-06,-0.000245604067236727,-1.97045038135002e-05,-0.00145212219183044,-0.00312794573333175,0.000118932600448041,-1.32668453813878e-05,-0.00348752174109102,-0.000106338989342092,2.84821886014086e-05,-8.26835940781478e-05,6.80587809753774e-06,-1.65213818501542e-05,0.000162785007297828,-0.00481411493988748,-0.00688218177280842,7.68778759363542e-05,-0.00374603747959679,-0.000718346834412742,-0.000145433855289312,1.128848337828e-05,6.80587809753774e-06,6.80587809753774e-06,-0.000175721375977211,2.28334189147361e-05,6.29723895029244e-05,2.64508302709743e-05,-0.00223208396756736,-6.88452906070225e-05,-0.00413887782545785,-0.00798002989598956,-5.90103002178211e-05,-0.00162404511977954,2.28334189147361e-05,-1.49031897134222e-05,3.94514422437098e-05,-1.32668453813878e-05,0.000109510673174995,-0.00798002989598956,-0.00162404511977954,1.21118711717827e-05,-8.26835940781478e-05,3.7344079808932e-05,-0.000240182014759505,-0.00799495140722417,7.26646350033278e-05,0.000165647357978749,1.57501187345588e-05,-0.0014305883018304,2.28334189147361e-05,-4.13039141706761e-05,-0.00298626689728021,8.19051299760787e-05,5.55168423748142e-05,-0.00074128709318888,-0.000151853014601855,-0.00209628766959291,-0.00293685445468039,2.46322522814424e-05,6.80587809753774e-06,3.20283346111339e-05,-0.00193442578808156,-0.00162094718352801,-0.000995828345630834,3.01485338569663e-05,-7.88335026875586e-05,8.55480876982284e-06,-5.90103002178211e-05,3.01485338569663e-05,-0.00312525983690293,-0.000586062393885811,0.000151673926313656,0.0791172413651706,-0.00094961429867535,-0.000174972941512586,-4.80184867690525e-06,-3.53196102089726e-05,-0.00070916608226046,-0.000107460517726921
"14:95781407:G:A",-5.66896171161346e-06,-0.00110210010916845,-0.00267017189138397,-5.76120485540343e-07,-0.00314773385599576,-0.000796495512351392,0,-0.00159201245910712,-0.0003049409926561,-2.18603615778079e-05,-2.85601567284743e-07,7.97275796582397e-06,2.85442108349798e-06,-0.00229601435125026,-0.00788847665558912,-2.18603615778079e-05,1.80664789262153e-06,-4.88836661567404e-05,-0.000974739418810877,-0.00200291803379749,1.07824854520544e-05,-0.00201100868425375,2.33960501017094e-06,-3.2699502423128e-05,-0.00192832724565228,-0.000601275776731747,-1.33831130524342e-05,-0.00188100911451894,1.29484030875204e-06,1.67945599027775e-05,-0.00203415480721159,-1.17236798580223e-06,-1.17236798580223e-06,-0.000506811110857264,-3.61447029373352e-06,-1.14168137850257e-05,-0.00168144155546823,-0.00233794444037905,8.34336990163109e-06,-0.00275901984117688,-0.00194782176601471,7.97275796582397e-06,-9.0288231184843e-06,-3.61447029373352e-06,2.07544683039629e-06,-7.20372982065953e-06,-0.0024047539775065,-2.01195726212688e-05,-0.00194782176601471,-9.0288231184843e-06,-2.10656857291269e-06,1.07824854520544e-05,-6.79379485291065e-06,-0.00196908227176262,-0.00197763328610279,-1.25011515796913e-05,-3.34510533557264e-05,-2.75741018462838e-06,-0.00135145609816334,-3.61447029373352e-06,5.80233390490292e-06,4.20151604529906e-06,-1.54569682013772e-05,-9.42896301836527e-06,9.00391361469133e-08,1.74537522728002e-05,-0.0014074185538604,-0.00414698787093837,-3.94228513034278e-06,-1.17236798580223e-06,-5.31148930882352e-06,-0.00230369563282107,-2.99024551164706e-06,-0.000744594018211586,-4.96022646601091e-06,1.02716445971041e-05,-1.4783337469737e-06,7.97275796582397e-06,-4.96022646601091e-06,-0.00230989621478006,-0.00520685818041855,-2.9833745262664e-05,-0.00094961429867535,0.0708894237040862,1.91967194611564e-05,3.89097377428982e-07,4.89123470348574e-06,-0.00280398699760553,-0.000692146960567186
"14:95783117:C:T",-0.000874198140011551,0.000270647029133819,0.00014716279698046,7.55014467834769e-06,-0.000999107180846615,-0.00319632782216406,0,-0.00480151340715995,-0.00107157716248718,0.000322634248303366,3.75412397612962e-06,-0.000166362823128097,-5.52314148212218e-05,0.000322296515859577,-0.00342529299597238,0.000322634248303366,-0.00050015810542714,-0.00153899062729668,-0.000294964761384797,-0.000403891059279182,-0.000230707196892332,1.52707130967045e-05,-0.000433844813308326,-0.000603167619297906,-0.0001253611066101,-0.00181066992773271,0.000206244557660717,-0.0016683509333264,-0.000596762719025534,-0.000409566000935335,-0.0151725614216573,1.52707130967045e-05,-0.000777836261972809,-0.000485042177102102,6.21601416161965e-05,-0.000560259961972065,7.0411151680716e-05,-0.00373071073572451,-0.000579772947276957,-0.000517445280040718,-0.00737838833037241,-0.000142744404975303,-0.00132630182950688,6.21601416161965e-05,-4.46636802324818e-05,-0.000616833596170707,-0.00050015810542714,-0.00244619548607528,-0.00737838833037241,-0.00132630182950688,2.71839486849501e-05,-0.000230707196892332,-0.000626743529332785,-0.000291293093803269,-0.00748090601402662,0.000196368484512988,-0.000515125716779252,-0.000641903203161931,-0.00447721933095124,6.21601416161965e-05,-0.000114804409614422,-0.00209483066984184,-0.000549073102714459,0.000147162796982236,-0.000550750223038854,-0.000420305339043914,0.000948717093961271,-0.00121623846765662,6.62627353396061e-05,-0.000777836261972809,8.31391429603201e-05,-0.000887002910249457,-0.00175848361080178,0.0015243205456148,-0.00107157716248718,-0.000222930378829034,1.91967194611564e-05,-0.000166362823128097,7.88485572122966e-05,0.000852929536594438,-0.000538607820603332,0.00040111048587832,-0.000174972941512586,1.91967194611564e-05,0.0858857948867611,-0.000683251354173464,-0.000101932346362688,-6.09505254738352e-05,-0.000297129693097808
"14:95785045:T:C",1.00106837042091e-06,-0.00103337084569688,-0.0025745205361174,1.63488608428963e-07,-0.00305305248839449,-0.00141967874793991,0,-0.003201448063197,9.47045256438628e-07,-0.000662544181917468,8.29818196379506e-08,-4.3190911398483e-06,-1.08128589637602e-06,-0.0047133339011598,-3.38613722403736e-05,-0.000662544181917468,-0.00199047845799516,-0.000133425179351221,-1.02423491981085e-05,-0.000493711802894481,-0.00122653228521408,3.16656485033207e-07,-0.00264476261579283,-0.00155048026415106,-0.00484850852731356,-1.71673493705171e-05,5.34305666377577e-07,-0.0011199085828224,-0.000570752488755488,-1.6439185174022e-05,-0.00195426385740305,3.16656485033207e-07,3.16656485033207e-07,-2.26009920005765e-05,7.93555753553221e-07,-0.00183011459799598,8.77504030327714e-07,-0.00716914042987327,-0.00218654886582836,-0.000929614526307354,-0.00322079260032204,-4.3190911398483e-06,-0.00146264125437412,7.93555753553221e-07,-7.49290318680096e-07,-0.00183926821130243,-0.00199047845799516,-0.00142512323149191,-0.00322079260032204,-0.00146264125437412,-0.0052500209350459,-7.01790182855433e-06,-0.00183842420969604,-0.00143121822700287,-0.00333347536902107,6.74412322432261e-07,-1.96316077554215e-05,6.48473122311088e-07,-0.00683484720588634,7.93555753553221e-07,-0.00112474849057609,-0.00462175500036555,-0.00177973018034017,1.0014088909216e-06,-0.00208455035331401,-1.78414315286091e-05,-0.000783973208013933,-0.00278406793468111,8.37264395592285e-07,3.16656485033207e-07,9.76069180147476e-07,-0.0019903529625247,-0.00694684270551083,-0.011886175965528,-0.000869270265947186,-6.48276687087446e-06,3.89097377428982e-07,-4.3190911398483e-06,9.47045256438628e-07,-3.963523731354e-05,-0.00084634229280578,-5.18647363545455e-06,-4.80184867690525e-06,3.89097377428982e-07,-0.000683251354173464,0.127099524251643,-0.0017712771574887,-0.00943571600847548,-1.0431576672687e-05
"14:95785836:C:T",-0.00204989665472777,-4.72953703747336e-05,-8.71728667464211e-05,1.92814049881918e-06,-0.00177392088104522,-0.000246094204802816,0,-0.00215391157678102,1.65156242726283e-05,6.22126562079828e-05,9.59432490788004e-07,-3.28211634164077e-05,-1.08127263507285e-05,-0.00509948503360569,-0.0116221826444738,6.22126562079828e-05,-7.06115959747677e-06,-0.00589876126480959,-6.04336574729913e-05,-0.000206422469547718,-4.65182537663367e-05,3.89390755106689e-06,-8.95550171886583e-06,-0.00205750229492718,-2.10387372501231e-05,-0.00271059387656969,4.10576083975656e-05,-9.64344764433633e-05,-0.00265436773098759,-0.00114477327177909,-0.00120963153708864,3.89390755106689e-06,3.89390755106689e-06,-0.000102442727715868,1.24173278743811e-05,-0.00179064259136918,1.44469867153774e-05,-0.000783167292777165,-0.00284608044789447,-0.00233625298428564,-0.00294013260177906,-0.00111632769706826,2.89050804962443e-05,1.24173278743811e-05,-8.01303759523364e-06,-0.00390978248698648,-7.06115959747677e-06,-0.000107899597366234,-0.00294013260177906,2.89050804962443e-05,-0.00261234986382508,-4.65182537663367e-05,-0.00180066086205066,-8.34963260283317e-05,-0.0028768279477589,3.88009087393115e-05,8.56358806320401e-05,8.98007591221273e-06,-0.00228606732169645,1.24173278743811e-05,-2.29040689534443e-05,-0.00120800212442251,-0.00181543662123396,3.00032959028584e-05,-1.14430818154432e-06,-0.000390559523141043,0.000101589886138065,8.62167659096968e-05,1.34273512033545e-05,3.89390755106689e-06,1.75648969786835e-05,-0.00227222761440693,-8.99074678173406e-05,8.2812456812853e-05,-0.00224020209970632,-0.00096181066895884,4.89123470348574e-06,-3.28211634164077e-05,1.65156242726283e-05,-0.00286968498118956,-0.00296247167861985,-0.00210259815444047,-3.53196102089726e-05,4.89123470348574e-06,-0.000101932346362688,-0.0017712771574887,0.0960647593415596,-0.0100866732542046,-6.11438347029036e-05
"14:95786657:C:T",-0.00509273161162405,-0.00283087482974143,-0.00101850010924931,-0.00485073254354162,-0.00855956256066559,-0.0108469392628927,0,-0.000241868027615499,-0.00216763202252857,-0.000956372231383007,-0.00336541846755622,-0.000247313965870966,-0.001290434606112,-0.00301746839089256,-0.00440304578606643,0.000470223409767101,-0.00779992058868029,-0.0073345178956119,-0.00179589186025986,-0.0119293545380175,-0.00165318471903309,-0.000127857703110301,-0.00159136214041844,-0.000531419415167544,-0.000186596196968924,-0.00579269550655281,-0.000248527707974233,-0.00830422052357216,-0.00393068202182434,-0.00257038973472934,-0.0018331963312721,-0.00536655649090001,-0.00389538159772673,-0.00154018858751925,-0.000431402656681179,-0.00148164517164906,-0.0018921563411487,-0.00425706464530951,-0.00433599031703213,-0.00723771565059472,-0.0052805627547734,-0.00543164801713836,-0.00263355877433646,-0.000431402656681179,-0.00533102350902759,-0.00111041633151343,-0.00410680120598705,-0.00131747587046593,-0.0052805627547734,-0.00263355877433646,-0.000165606229514559,0.000100142204768616,-0.00112057597584592,-0.000899956179002181,-0.00501543968591767,-0.000230387841105184,-0.00147194797676153,-0.00322655585662091,-0.00193827294180293,-0.000431402656681179,-0.00206234611582179,-0.00506761154320801,-0.00187381624662208,-0.0064978386658554,-0.00371349500496088,-0.000149878717659035,-0.0187536201640293,-0.00142423129610236,-0.00116378959224583,-0.00389538159772673,-0.000396890964106333,-0.00810112964758503,-0.0138811316296725,-0.00640841361740341,-0.00908778969242352,-0.00123860468082793,-0.00135595014935053,-0.00204695511480146,-0.00049670038774785,-0.00309252086931977,-6.74364188202325e-05,-0.00341991206613512,-0.00070916608226046,-0.00280398699760553,-6.09505254738352e-05,-0.00943571600847548,-0.0100866732542046,0.302190157894001,-0.00245461770831223
"14:95786698:G:A",5.62105822732306e-05,-0.000142987428733754,9.30011468209813e-05,5.2943799264682e-06,0.000320070111087922,-0.00052996583940601,0,-0.00389231600611151,5.02215421738228e-05,0.00020125305637464,2.63259559130091e-06,-0.000101147996292461,-3.37157748218075e-05,-0.000566489439824736,-0.000657394609773654,0.00020125305637464,-2.36603476784225e-05,-0.000563923311842629,-0.000180961013172443,-0.00113310017644874,-0.000141087130821838,1.07074779975846e-05,-2.87443842257318e-05,0.000272191294610202,-0.00838776731931024,-0.00118799677257986,0.000129435212008921,-0.000314130541777757,-0.00106033913027836,-0.000248861460979022,-0.000513299845937176,1.07074779984728e-05,1.07074779984728e-05,0.00163701338347444,3.86378141534749e-05,-0.000570498833101674,4.43654110311442e-05,0.000162397023807159,-0.000124937396035918,0.000218828040648766,-0.00276898956134453,-0.000101147996292461,8.97975456162214e-05,3.86378141534749e-05,-2.62166846027867e-05,-0.000602286479570502,-2.36603476784225e-05,-0.000987212547670424,-0.00276898956134453,8.97975456162214e-05,1.90586041428631e-05,-0.00989809113303419,-0.000610623960722201,-0.000248861460978134,-0.00279613017885172,0.000122689080237492,0.000276828541348806,2.47865698659311e-05,0.000781947504021829,3.86378141534749e-05,-7.04119127394875e-05,-0.00182478461127644,-0.000573871944985704,9.30011468227576e-05,-7.69273542555737e-06,-0.000258026955725299,-0.000634730486720692,0.00027492968567433,4.14858116899453e-05,1.07074779984728e-05,5.31991674774801e-05,-0.00243820817406526,1.11724391214096e-05,-0.000677110284876825,5.02215421738228e-05,9.71920594903253e-05,1.34598009671194e-05,-0.000101147996292461,5.02215421738228e-05,-0.00133281999850521,-0.000147222745162878,0.00025419852590769,-0.000107460517726921,-0.000692146960567186,-0.000297129693097808,-1.0431576672687e-05,-6.11438347029036e-05,-0.00245461770831223,0.0470275955050941
