"","8:121137200:T:C","8:121140671:G:A","8:121141215:T:C","8:121142223:G:A","8:121143124:C:T","8:121143497:C:T","8:121144437:A:C","8:121146856:C:T","8:121147475:G:C","8:121154956:T:C","8:121163193:A:G","8:121164389:C:T","8:121164497:G:A","8:121165004:C:G","8:121168403:A:G","8:121168498:T:C","8:121172080:G:A","8:121173809:T:G","8:121174837:C:G","8:121175858:C:T","8:121177781:C:T","8:121178112:G:A","8:121178994:A:G","8:121180017:A:G","8:121181791:C:T","8:121184684:C:A","8:121188557:G:A","8:121190184:G:A","8:121194696:G:A","8:121197608:C:T","8:121202822:T:C","8:121204553:T:A","8:121204644:C:T","8:121204949:C:T","8:121205487:T:C","8:121208630:G:A","8:121213910:G:A","8:121213911:A:C","8:121215073:G:A","8:121217886:A:G","8:121218601:T:C","8:121219174:T:A","8:121223036:A:G","8:121231319:A:G","8:121232829:C:T","8:121233681:T:C","8:121236495:A:G","8:121236908:T:C","8:121238764:A:G","8:121238784:T:C","8:121239515:G:A","8:121240459:A:T","8:121241788:G:A","8:121242701:A:G","8:121245015:C:T","8:121248701:A:G","8:121250043:G:A","8:121253330:A:T","8:121256771:C:A","8:121257231:T:G","8:121260869:G:A","8:121262775:A:G","8:121263154:C:A","8:121269836:A:C","8:121271953:A:G","8:121272791:C:T","8:121273557:T:C","8:121274482:C:T","8:121282851:C:G","8:121283904:T:C","8:121284505:G:A","8:121288882:A:G","8:121291194:G:T","8:121292947:C:T","8:121296346:A:C","8:121296993:A:C","8:121297989:A:C","8:121299455:A:T","8:121300041:A:G","8:121301474:C:T","8:121302022:G:A","8:121302376:T:G","8:121303724:A:G","8:121307496:A:G","8:121314655:T:C","8:121317746:C:T","8:121318374:T:C","8:121322016:A:G","8:121324102:G:A","8:121325139:T:G","8:121325157:C:T","8:121325997:A:T","8:121326616:T:G","8:121328506:T:C","8:121329119:G:A","8:121329597:A:T","8:121330493:A:G","8:121331062:T:C","8:121332564:C:T","8:121333937:A:G","8:121336698:T:C","8:121339086:G:A","8:121342090:G:T","8:121342520:T:C","8:121346639:C:T","8:121350362:G:A","8:121353989:C:T","8:121356685:T:C","8:121356720:A:G","8:121356721:G:A","8:121356949:G:A","8:121359069:A:G","8:121362288:C:T","8:121363702:A:C","8:121364756:A:G","8:121366137:C:T","8:121371823:A:G","8:121372716:C:T","8:121373925:C:A","8:121374194:C:G","8:121375145:G:T","8:121385906:C:T","8:121386626:G:C","8:121386700:A:G"
"8:121137200:T:C",0.113735760726337,2.91647322026023e-06,5.15748130158755e-06,1.90907640673643e-05,9.79080345597794e-06,1.12679391515158e-05,-0.00111029536816698,3.65832085336137e-06,-3.58463060461389e-05,-6.72821200522478e-05,-5.97250475564692e-06,-0.00243530702319905,-0.00150411540846207,2.9357678912767e-05,-0.00133965163675409,-0.000572078634371032,1.44810949187502e-06,-0.00018116734494722,-0.00252851111217645,3.18847583447024e-06,-2.25547035270779e-06,-0.000521630996526135,2.63936457312042e-05,-5.97250475564692e-06,-0.00338458570350619,-3.01010040004712e-06,-7.42061483105516e-06,-0.00525997356133256,-0.000930329823034093,2.05818889247311e-05,-8.8471117924982e-06,3.4633459628175e-05,-0.00252039387460634,-1.25063587379515e-05,5.91484476331061e-06,-0.00314477681599357,-0.0053852618956638,-0.000300343064096431,-0.00132107014226257,-7.42061483105516e-06,-0.000897050188113813,-5.97250475564692e-06,-7.94518276032719e-05,1.90907640673643e-05,-0.00219820018313399,-7.79795023939656e-05,-0.00262754131917653,-0.000767600832343618,-0.00119113306269547,-2.67713340020848e-05,-7.42061483105516e-06,-0.00305966283825132,-3.75907814476051e-06,-9.44876850281773e-05,-0.00219709185286288,2.28491500111616e-05,-0.00174884083262317,1.44810949187502e-06,2.17974529626019e-06,-0.000468002477574281,-0.000645330887981466,-0.000208359953613346,1.90907640673643e-05,-0.00614161514066369,-0.0027723956353789,2.36129935400342e-05,-1.68241208999831e-05,-8.13654370102057e-06,-0.00334744234774753,-0.00114131842109089,1.2013486943907e-05,-0.00132420933449939,4.08843011552307e-05,6.98590227052875e-05,-0.00253945321390869,-0.00359072373576819,-0.00277192597010067,1.83513512839184e-05,-2.25838141298951e-05,-7.91637766273112e-06,1.2013486943907e-05,-0.000840871470528803,-2.19719535827778e-05,-0.00172184598331615,-0.00359072373576819,1.98342797421702e-05,4.27300328453839e-08,3.65832085336137e-06,-0.000141968017017824,-0.000397466132284308,2.13335800403058e-05,-0.00236610269894655,-0.00101793552926743,2.05818889247311e-05,-0.000201921676938444,1.44810949187502e-06,9.05919197968785e-06,-0.00102102911175717,-0.0027099523098606,-0.00290160193269973,-2.5399373001278e-05,-0.000170835755771037,2.63936457312042e-05,-0.00323115184111966,-0.0020759844015652,-0.00150809047520095,-3.75907814476051e-06,9.05919197968785e-06,-0.00341176257257558,-1.61189337353207e-05,1.98342797421702e-05,-0.00102647702111813,-0.00150809047520095,-0.00241640533849985,1.76160486828891e-05,-2.74485863931417e-05,-0.00166054837016194,1.581136358908e-05,-0.0033401021146604,-0.000641091809205019,-0.000105030162858455,1.12679391515158e-05,2.05818889247311e-05,-0.00366016164253224
"8:121140671:G:A",2.91647322026023e-06,0.0844255457573491,-0.00171771168647883,-6.55901922375079e-06,-3.13468242207904e-06,-3.66819194397294e-06,1.02689345817808e-05,-0.00295752142406069,-4.22045053394271e-06,-0.00199237678970832,-0.0021662005739076,-0.000491472459698272,5.69000038819212e-06,-1.09986022041042e-05,-1.5147512002045e-05,-1.54027045846661e-05,-4.56918383129334e-07,6.9809379050767e-06,-0.00265419344969242,-1.1727883553192e-06,-8.39511297643369e-05,-6.88687158287848e-05,-9.59961935098619e-06,1.65363661164264e-06,0.000926649636979526,7.78189431116516e-07,2.06899323007548e-06,-0.00378209717133249,1.72750172371394e-05,-7.17725393784008e-06,2.47033254563434e-06,-1.35469133901722e-05,-1.67048934418546e-06,3.31791029406503e-06,-1.92619806327343e-06,1.32000593966453e-05,-0.00405558433940634,1.97931071799218e-05,-0.000321138824600276,-0.00279543167791019,-0.00158927759527572,1.65363661164264e-06,1.46123364501705e-05,-6.55901922375079e-06,-1.28918464419314e-05,-1.41924713403796e-06,6.81916973022112e-06,-0.00153828737563355,1.01544009112331e-05,6.65467978056e-06,-0.00279543167791019,4.07925330581094e-06,1.00286335324995e-06,1.60906565378482e-05,-5.99888460506293e-06,-8.14603825105564e-06,-0.000145066972142338,-4.56918383129334e-07,-0.00189282438420779,-0.00206830511464151,-0.00184636196065213,1.40413758433766e-05,-6.55901922375079e-06,-0.00303692517769161,-1.09986022041042e-05,-8.480543583822e-06,4.44042057878846e-06,2.27137522390564e-06,-0.000879368796512736,6.50084938591533e-06,-3.94192323227571e-06,-0.00103355414526707,-1.69545266945903e-05,5.21593315649937e-06,-7.49452848314291e-06,1.02689345817808e-05,7.44865023971641e-06,-6.25781156227134e-06,5.69000038819212e-06,-0.00266982247872072,-3.94192323227571e-06,-0.00288071228254072,-2.45144442434508e-06,1.22380341469608e-05,1.02689345817808e-05,-6.86545936279259e-06,-1.61784469376869e-07,-0.00295752142406069,-7.17725393784008e-06,-0.000106185327674702,-7.49452848403109e-06,7.96006007774963e-08,-0.000708400069315829,-7.17725393784008e-06,-0.00268711457122706,-4.56918383129334e-07,-2.87469436432986e-06,-0.00273057451836856,9.29231120938567e-06,-0.00230319449228933,6.34432544543984e-06,-1.27874290427599e-05,-9.59961935098619e-06,7.29560649226357e-06,-0.00369410743579834,-0.00181569602852605,1.00286335324995e-06,-2.87469436432986e-06,4.98716398489307e-06,4.26139990850061e-06,-6.86545936279259e-06,-0.00415814571132778,-0.00181569602852605,-0.00421882598207546,-5.96171788025401e-06,6.80587809753774e-06,1.832068743024e-05,-5.3848255410216e-06,5.34493958337379e-06,-0.00900536439004185,-1.17278835443102e-06,-3.66819194397294e-06,-0.00368290837255891,-1.78184726893349e-05
"8:121141215:T:C",5.15748130158755e-06,-0.00171771168647883,0.130843994776224,-1.16926160140807e-05,-5.58744881473672e-06,-6.54608342820495e-06,1.82702515836297e-05,-2.10656857291269e-06,-7.53871917336113e-06,-0.00444924170489092,-0.000373438915624469,-0.000160969771568986,1.01057043462305e-05,-1.96199812485531e-05,-2.7022321938297e-05,-2.7546279021351e-05,9.84416599614235e-06,-0.000418763971261171,-0.00213947756905153,-0.00204915142188522,-0.000459354867573758,-0.00135015741264777,-0.000990811702754613,2.92938334567339e-06,-0.000441622578074785,1.35534733569642e-06,-0.00187005919606875,-0.00208070330628285,-0.00127793616554328,-0.00305133815007874,-0.000217683690545201,-2.41446365460973e-05,-3.00210855197491e-06,-0.0017525339660116,-3.46194278488809e-06,-0.00151631677191055,-0.00252486751315661,-0.000177029551240437,-0.00457190891124881,-0.000426728060049619,-0.00633638403317871,-0.00199752575170109,-0.000237299764553889,-1.16926160140807e-05,-0.00171839538370033,-2.55038031049537e-06,-2.57055910504178e-05,-0.00123440362411742,1.80642759257665e-05,1.18401747037922e-05,-0.000426728060049619,-0.00173484328687667,1.75940397006968e-06,-0.0001911171474136,-0.00253310100269033,-0.00268891692967799,-3.61048655417306e-05,-8.20818850222338e-07,-0.00119275814370479,-0.000645454634763176,-0.0046319025279562,-0.00102637785942772,-1.16926160140807e-05,-0.00337440141809875,-0.00312851880668941,-1.51472700515853e-05,-0.00147265758011628,4.03944277937995e-06,-0.00119163549750656,1.15637051534279e-05,-0.00272714050693335,-0.000360586458129752,-3.02110761989383e-05,-0.00436439315223947,-0.00288151233353151,1.82702515836297e-05,1.32312411702529e-05,-0.000926956167981885,-0.00178020223290964,-0.000704398323806199,-7.03805163926319e-06,-4.40671598234132e-06,-4.40671598145315e-06,2.17810805080987e-05,1.82702515836297e-05,-0.00333722847406026,-0.000673813826407965,-0.00207212075984042,-1.28037555171545e-05,-3.89268777851726e-05,-1.33741219805472e-05,9.85707933054414e-08,-0.00387341047798717,-1.28037555171545e-05,-0.00162926774113492,-8.20818850222338e-07,-5.12039849809298e-06,5.25111190086136e-07,-3.42485425486316e-05,-0.00362834538485224,1.12823500186821e-05,2.51227779930474e-05,-0.00724111098526947,1.29557493879773e-05,-1.07374141160577e-05,-0.00199162271919828,-7.57461864875353e-06,1.58767306066565e-05,8.84096962305847e-06,7.57604324963523e-06,-1.22433301310565e-05,-0.00330409610697657,-0.00199162271919828,-0.00213692123768627,-1.06194351445765e-05,1.21118711717827e-05,-1.47085276021031e-05,-0.00528780920712357,-0.00239940444805953,-0.0023248934421618,-0.00225719270896452,-0.0029239946083317,-1.28037555171545e-05,-3.17639770033296e-05
"8:121142223:G:A",1.90907640673643e-05,-6.55901922375079e-06,-1.16926160140807e-05,0.0583577766847716,-2.04584590468571e-05,-2.39908817487589e-05,7.89746329079577e-05,-8.24917978103912e-06,-2.76107339098886e-05,2.57620189172414e-05,1.08426654872318e-05,-0.000803956831621377,-0.00169586496759244,-6.71598430450615e-05,-8.96188323471492e-05,-9.20431201665295e-05,-3.23991338024854e-06,4.95359934538087e-05,-3.77452479245477e-05,-9.51466600351836e-06,2.73442768783383e-06,-0.00041770451738099,-5.89409897067128e-05,1.08426654872318e-05,-0.00197406621972807,4.39668137186544e-06,1.39489720050179e-05,-5.90114198928404e-06,0.000162070066441977,-4.52908495001125e-05,1.69811899768391e-05,-8.07357835537204e-05,-1.16926160149688e-05,2.22076539841964e-05,-1.34466800378874e-05,-0.00192574436044346,5.37101433186749e-05,0.000230672701923673,-0.0007729360145321,1.39489720050179e-05,-0.000777510893086308,1.08426654872318e-05,-0.00179719541971757,0.00121404784285506,-0.00425975120596878,-9.9602489340711e-06,-0.00150767592929046,-0.00194715210317398,7.78091379007861e-05,4.82336041596199e-05,1.39489720050179e-05,2.8213105354169e-05,6.03825401057634e-06,-0.00200321984296714,-3.90284691871301e-05,-5.12308553899388e-05,-0.000870446189921381,-3.23991338024854e-06,-4.88938735365707e-06,-0.00133437796694835,-0.0014289948427999,-0.0017064038268142,0.00121404784285506,-0.0121682763874649,-6.71598430441733e-05,-5.32611075643175e-05,-0.00285281777596413,1.54741757896204e-05,-6.29995425933672e-05,4.69005421033231e-05,-2.57896781246103e-05,-0.0041244663807527,-9.84985656300452e-05,3.4366175413858e-05,-4.72461941249946e-05,7.89746329079577e-05,5.37101433186749e-05,-3.95673837489952e-05,-0.00169586496759244,-0.000649299583141527,-2.57896781246103e-05,-1.70215453838551e-05,-1.70215453847433e-05,-0.00257455513128857,7.89746329079577e-05,-4.33595575852763e-05,-2.380392664314e-06,-8.24917978103912e-06,-4.52908495001125e-05,-0.000124606198244948,-4.72461941258828e-05,-6.53701938801987e-07,-0.00407816346604761,-0.000749967230457393,-0.000730194129959116,-3.23991338024854e-06,-1.87240526248189e-05,1.05110066783709e-06,-0.00155597492666537,0.000169226473522244,4.55512091175336e-05,-7.64572169220656e-05,-5.89409897067128e-05,5.2336599304148e-05,-3.90284691880183e-05,-1.49973126228886e-05,6.03825401057634e-06,-1.87240526248189e-05,3.41332882456413e-05,2.96689158689745e-05,0.000971355546544928,-0.000791974657558647,-1.49973126228886e-05,2.42093907338869e-05,-3.77056539893061e-05,4.95506872892904e-05,-0.00336734882541734,-3.51259978730312e-05,3.70962409199649e-05,-0.000905162728547459,-9.51466600263018e-06,-2.39908817487589e-05,-4.52908495001125e-05,-0.000103110370248238
"8:121143124:C:T",9.79080345597794e-06,-3.13468242207904e-06,-5.58744881473672e-06,-2.04584590468571e-05,0.0757123974838914,-1.17892195010683e-05,3.93570070569282e-05,-3.94228513034278e-06,-1.35221820904974e-05,-0.00146611934495589,5.50463292636749e-06,-0.00557815724289501,2.00964243592949e-05,-3.30891872506456e-05,-0.000585244742437929,-4.50322705631834e-05,-1.5485391680059e-06,-0.00510608710784943,-1.76331654460071e-05,-4.19654430938721e-06,1.63949465203928e-06,-0.00125508978888345,-2.91418932123477e-05,5.50463292636749e-06,-0.00582459424857884,2.43174917891054e-06,-0.00345238664512149,-2.47526972696477e-06,-0.00451575692743056,-2.22995075365162e-05,8.43188385601934e-06,-3.98969417823025e-05,-5.58744881651307e-06,1.12725443006667e-05,-6.42538153883265e-06,5.38170824793127e-05,2.70050066122351e-05,0.000115019830980501,-0.000203304972781204,6.98580913827129e-06,-0.00483535000541568,5.50463292636749e-06,-0.00079492489121602,-2.04584590468571e-05,-3.8308642103857e-05,-4.75981272707315e-06,2.43596683393577e-05,-0.00012118078697565,3.88084961739921e-05,2.40075632964576e-05,6.98580913827129e-06,1.41281955743366e-05,3.21421246596287e-06,-0.00112311635518747,-1.898647757681e-05,-2.51475689490022e-05,-5.71086948903954e-05,-1.5485391680059e-06,-2.33682540695668e-06,-0.004535412435418,-0.000234002660083554,-0.000649295823193619,-2.04584590468571e-05,-0.000872899981449571,-3.30891872506456e-05,-2.61208558018922e-05,1.5504685250356e-05,7.71315590775146e-06,-3.10912649359452e-05,2.33753456129193e-05,0.000283789480310048,-6.40969766863009e-05,-4.87160369146977e-05,1.78744570966671e-05,-2.32371161770217e-05,3.93570070569282e-05,2.70050066131233e-05,-1.95546078778364e-05,2.00964243592949e-05,-0.00530509441882199,-1.26504072346378e-05,-8.13291309587072e-06,-8.13291309587072e-06,4.89372121492693e-05,3.93570070569282e-05,-2.13733578782183e-05,-0.00151039550232301,-3.94228513034278e-06,-2.22995075365162e-05,-6.09792478654114e-05,-2.32371161779099e-05,2.48692693105568e-08,-4.52422962595733e-05,-2.22995075365162e-05,-0.00537252921578357,-1.5485391680059e-06,-9.26729003491999e-06,8.37264395592285e-07,3.477223453352e-05,8.48586946533558e-05,-0.00247003932405487,-3.78390252961935e-05,-0.00284454058211825,2.63563013955803e-05,-1.89864775759219e-05,-6.39788901501959e-06,3.21421246596287e-06,-9.26729003491999e-06,1.7322897191363e-05,1.48205897207987e-05,-2.13733578782183e-05,-0.00536596080414853,-6.39788901501959e-06,1.30849304298408e-05,-1.86616060666722e-05,2.46322522814424e-05,8.94431441054166e-05,-1.71191437878804e-05,1.87271051403926e-05,-0.0014313104865451,-0.00523447471057281,-0.00515093403128741,-2.22995075365162e-05,-5.09366870593553e-05
"8:121143497:C:T",1.12679391515158e-05,-3.66819194397294e-06,-6.54608342820495e-06,-2.39908817487589e-05,-1.17892195010683e-05,0.0910924387045071,4.4880694913374e-05,-4.61503013227116e-06,-1.58317910168293e-05,-0.00226963333113872,6.35576771124136e-06,-0.0119862567883491,2.30930730182877e-05,-3.90195178860964e-05,-0.000864989058846355,-5.3438872978262e-05,-1.81071460403359e-06,-0.00203056074572938,-0.00183698733270621,-0.0027723643075932,1.85122446705321e-06,-0.00670897836314222,-3.428595459809e-05,6.35576771124136e-06,-0.000104198615818341,2.77593303632528e-06,8.07742992314786e-06,-2.96295748736242e-06,9.02270087692614e-05,-2.61815351327854e-05,9.75585167406479e-06,-4.71501843319899e-05,-6.54608342909313e-06,-0.00533389154457531,-7.53078802961937e-06,-0.00212528931995326,3.09356758450008e-05,0.000126171392083485,-0.00109050025366653,8.07742992314786e-06,-0.00236151762144488,6.35576771124136e-06,6.97795710031812e-05,-2.39908817487589e-05,-4.53032875062931e-05,-5.57424675395879e-06,-9.02023674473895e-05,-0.00042965374363213,4.42622756722244e-05,2.75752979668198e-05,8.07742992314786e-06,1.62856359535724e-05,3.68850979270974e-06,8.03650162133351e-05,-0.00142309721742606,-0.00135574973211572,-6.80779642800999e-05,-1.81071460403359e-06,-2.73349665125266e-06,-0.00182521276478642,-0.0041053274780829,-0.00223225919461889,-2.39908817487589e-05,-0.00153133678385142,-3.90195178852082e-05,-3.07399956929189e-05,1.78733884697024e-05,8.92194438861793e-06,-3.66216099534356e-05,2.68520252788562e-05,-1.48014111820416e-05,-0.000335237286701151,-5.77654642173187e-05,-0.00168963362180286,-2.72985728964059e-05,-0.00197392326027401,-0.00239345877194808,-2.29167140259889e-05,2.30930730182877e-05,-0.000329720732341166,-1.48014111820416e-05,-9.53982515916607e-06,-0.00153434854160217,-0.00393473572752967,-0.00197392326027401,-2.50790646072474e-05,-0.00178264768384562,-4.61503013227116e-06,-2.61815351327854e-05,-7.28243810517171e-05,-2.72985728972941e-05,-0.00274514080907018,-0.000317559847409221,-2.61815351327854e-05,-0.00303919514011852,-1.81071460403359e-06,-1.08106461826907e-05,9.14143099883802e-07,3.96997017366729e-05,-0.00216257803737374,2.61194881687743e-05,-4.46678024541569e-05,-3.428595459809e-05,3.01950652916716e-05,-2.23089913777841e-05,-0.000270458242371596,-0.00191148760184312,-1.08106461826907e-05,1.99033596954834e-05,-0.00100109063360598,-2.50790646072474e-05,-0.00603914972118691,-0.000270458242371596,-7.30609681216521e-05,-2.18562957279289e-05,2.82894795091693e-05,3.84532054376052e-06,-2.00918840675968e-05,2.15194366877114e-05,-0.00189216394433167,-0.00194676664894544,-1.37843575265251e-05,-2.61815351327854e-05,-0.000746912721714565
"8:121144437:A:C",-0.00111029536816698,1.02689345817808e-05,1.82702515836297e-05,7.89746329079577e-05,3.93570070569282e-05,4.4880694913374e-05,0.136404910474991,1.29067238807679e-05,5.05254847045222e-05,-0.0027595671782672,-2.48684045063285e-05,-0.000763912352645058,-8.8228842168192e-05,-0.00185218473645232,0.000165863073791961,-0.00135065938404644,5.07893540202531e-06,-0.00105620538613671,4.94542149018784e-05,-0.00331277711142786,-1.22755398530572e-05,-0.00116594316622454,0.000112558359580461,-2.48684045063285e-05,-0.00141301376397607,-1.48508727750851e-05,-2.9713368863149e-05,-0.00120859537755269,-0.000767953547327949,8.49480178564122e-05,-3.4453830054737e-05,-0.00193310629568977,-0.00114021408018949,-0.00858933016525398,2.09969694067169e-05,-0.00023788059904728,-0.00202958672205789,-0.000539515320941319,-0.00156283062541984,-2.9713368863149e-05,-0.000500503628555471,-2.48684045063285e-05,-0.000795188094662613,7.89746329079577e-05,-0.000261300872145043,-0.00329491906069546,-0.000111340222256118,-0.0049857408108327,-0.00072127451699977,-0.000100871405251723,-2.9713368863149e-05,-6.05392276789019e-05,-0.00118225887166368,-0.000880912723795646,6.82274591738974e-05,-0.0064008534981177,-0.00155610500170944,5.07893540202531e-06,7.65982632344731e-06,-0.00222473227784636,-0.00429804168385939,-0.00100091286890258,7.89746329079577e-05,-0.00358194973974779,0.000125276970297961,9.72929515681287e-05,-6.50275517903864e-05,-3.20964504529897e-05,0.000118849136176102,-9.88229680656261e-05,4.7687705543531e-05,-0.00875560877336046,0.000185117863876094,-0.000122104908730769,8.79836692151414e-05,-0.000169132229616231,0.000139273697161713,7.60358572629016e-05,-0.000977934405467451,-0.00185070421022093,4.7687705543531e-05,2.65428439023552e-05,2.65428439023552e-05,-0.00021019939811584,-0.000169132229616231,8.19451812885674e-05,-0.00620697866010822,1.29067238807679e-05,8.49480178564122e-05,-0.000171981561122969,8.79836692142533e-05,-2.49047234994748e-05,-0.00880946140702399,-0.00205474427038244,-0.00170233596944858,5.07893540202531e-06,3.66393698119083e-05,-9.67085951142366e-06,-0.00106982355921481,-0.00419840248224279,-0.00428148803129602,0.000145639343930526,0.000112558359580461,-0.00346228392291881,6.82274591738974e-05,-0.00423931503499464,-1.73973500690039e-05,3.66393698119083e-05,-0.00372656031739638,-6.27957874677065e-05,8.19451812885674e-05,-0.00739737661127382,-0.00423931503499464,-0.000192454528607833,7.31283497383828e-05,-0.000102897282627801,-0.000965934255596324,-0.00303758040766766,-0.00364704506322422,-0.00233634972580399,6.60251111206378e-06,4.4880694913374e-05,8.49480178564122e-05,0.00019215837084996
"8:121146856:C:T",3.65832085336137e-06,-0.00295752142406069,-2.10656857291269e-06,-8.24917978103912e-06,-3.94228513034278e-06,-4.61503013227116e-06,1.29067238807679e-05,0.138958990884117,-0.00265781323606529,8.48736573288988e-06,2.07544683039629e-06,-0.00192826968360471,-0.00256594807479615,-1.38358030001839e-05,-1.90552578542835e-05,-0.00182401771534391,-5.76120484652165e-07,8.7668976123112e-06,-0.00218628497450801,-1.49019153550256e-06,-5.67000343218993e-05,-0.00422932921450681,-1.20715226259449e-05,-0.00204485737025717,-0.00452217256687515,9.71296346463646e-07,2.59922868650619e-06,3.33273811214951e-07,2.17158689981289e-05,-9.0288231184843e-06,3.10528250935249e-06,-1.70365526503957e-05,-2.10656857291269e-06,4.16472543740554e-06,-2.42909641379185e-06,1.65903870010808e-05,-7.31487124907559e-05,2.48831553779638e-05,-0.000902601333862663,2.59922868650619e-06,-0.00749618180292799,-0.000626554901288934,-0.000116993995510128,-8.24917978103912e-06,-1.62239850132195e-05,-1.78969144393193e-06,8.56275405070051e-06,-0.00432350655966562,1.27622585202047e-05,8.36414689864284e-06,2.59922868650619e-06,5.12498737847977e-06,1.25468695788555e-06,-0.000199553723314594,-0.00257608669082732,-1.02506993497897e-05,-0.0036743423127259,-0.00268191606004553,-8.71670333246755e-07,-0.0153053685906963,-0.00421348892406126,-0.00166955405892999,-8.24917978103912e-06,-0.00564557799556109,-1.38358030001839e-05,-0.00172612952879891,5.58044540177605e-06,-0.00172392214514794,-1.2938289682296e-05,-0.00347722883608892,-4.96022646601091e-06,-0.00307446596397121,-2.13203409256124e-05,6.53889379087502e-06,-9.42896301836527e-06,-0.00140686378656874,9.35705798088549e-06,-7.8693623493109e-06,-0.00182974691817606,-0.00459634819183652,-4.96022646601091e-06,-0.00463706267455777,-3.0916491677857e-06,1.53833604183973e-05,-0.00140686378656874,-8.63561512787214e-06,-2.14497904771349e-07,-0.00236674555762661,-9.0288231184843e-06,-0.00399721414582821,-9.42896301925344e-06,9.00391361469133e-08,-0.00305559331994409,-9.0288231184843e-06,-0.00422628260234337,-0.00268191606004553,-3.19530093060294e-05,-0.0049364972068604,-0.00185250272639337,-0.00176282384523674,7.97275796582397e-06,-1.60788283531943e-05,-1.20715226259449e-05,9.16395855909968e-06,-7.55477967206986e-06,-0.000771198759676572,1.25468695788555e-06,-3.61447029373352e-06,6.26076537102449e-06,5.35469331097715e-06,-8.63561512787214e-06,-0.000864554837322729,-0.000771198759676572,4.97501308238668e-06,-7.49601251381904e-06,8.55480877071102e-06,-0.00191697974471428,-0.0024651301398535,6.7121551516891e-06,-0.00296473330615754,-0.00274280831201867,-4.61503013227116e-06,-0.00309376553528917,-2.2409880356733e-05
"8:121147475:G:C",-3.58463060461389e-05,-4.22045053394271e-06,-7.53871917336113e-06,-2.76107339098886e-05,-1.35221820904974e-05,-1.58317910168293e-05,5.05254847045222e-05,-0.00265781323606529,0.0789469301566115,3.73277469147837e-05,7.22006821263221e-06,-0.00183114117381411,2.61475800025224e-05,-4.51020168314997e-05,-6.0673903367281e-05,-6.20902760273268e-05,-2.08204868901163e-06,3.23993753088558e-05,-0.00237085618320609,-5.81592428350319e-06,-0.0024175126191599,3.37680279551833e-05,-3.95541241795527e-05,7.22006821263221e-06,-6.31381572961942e-05,3.11498717575631e-06,9.19074014404941e-06,-2.97707204435227e-05,9.99229029963189e-05,-3.01634273194296e-05,1.1109647894969e-05,-5.45807320504466e-05,-7.53871917336113e-06,1.4723883207779e-05,-8.67552465777521e-06,6.82093940236328e-05,-0.0020495363250399,0.000137578654814341,-0.0124661211985764,9.19074014404941e-06,-0.00338891118909679,7.22006821263221e-06,-0.00239033730019766,-2.76107339098886e-05,-5.24891354523049e-05,-6.41747780782964e-06,3.15271981046195e-05,5.93834821227546e-06,4.9834613221833e-05,3.12214990252357e-05,9.19074014404941e-06,1.8486480030333e-05,4.16241504463954e-06,-0.00260465152708367,-2.57320411778394e-05,-3.41270890977796e-05,-0.00661702039280598,-2.08204868901163e-06,-3.14406621626517e-06,-0.000691292115424069,0.00016994086249067,-0.00505233893843648,-2.76107339098886e-05,0.000209253764595907,-0.00118454972059912,-3.54856980617768e-05,2.02930042840777e-05,1.0156538506223e-05,-0.000974240090003242,3.04039355851771e-05,-1.70102532965899e-05,-0.00344001518721537,-6.70331986620809e-05,2.30772894056486e-05,-0.00134704262758856,5.05254847045222e-05,3.49430010011531e-05,-2.63602453181022e-05,-0.00209820541201289,-0.0001464687780528,-1.70102532965899e-05,-1.09971152779664e-05,-0.00160700520081924,6.23408291522409e-05,5.05254847045222e-05,-0.00118171335687212,-1.22364635668504e-06,-5.31148930882352e-06,-3.01634273194296e-05,-0.00154559716936209,-3.14663334801679e-05,-1.16031114494319e-07,-0.00120973018009707,-0.00340213466236516,-0.000232443102493818,-2.08204868901163e-06,-1.23904191751123e-05,9.76069181923833e-07,4.47260866849319e-05,-0.00217651414756936,2.95754322268138e-05,-5.16588695669284e-05,-3.95541241795527e-05,3.41070247840136e-05,-0.00272946646004346,-0.00142569219211275,4.16241504463954e-06,-1.23904191751123e-05,2.25261997393034e-05,1.93957690086677e-05,-2.88783458888275e-05,-0.000250318478094869,-0.00142569219211275,-0.00231376337769351,-2.51265429946912e-05,3.2028334612022e-05,6.65602877294447e-05,-0.00161069368302069,2.43620746278594e-05,-8.4918825384861e-05,-0.00444484893629937,-1.58317910168293e-05,-3.01634273194296e-05,-7.02319668208773e-05
"8:121154956:T:C",-6.72821200522478e-05,-0.00199237678970832,-0.00444924170489092,2.57620189172414e-05,-0.00146611934495589,-0.00226963333113872,-0.0027595671782672,8.48736573288988e-06,3.73277469147837e-05,0.297559382385628,-0.00255874665673783,-0.00279510475640521,0.000169803116069289,-0.00337948506703789,-0.00821711199701447,-0.00050531356666994,4.13614205019286e-06,-0.000280304797759534,-0.0006899839146568,-0.000161881954234389,-0.00082014897054794,-0.00679902023303836,-0.000644159177808135,-2.01073317400713e-05,-0.000727451109565624,-0.0018473062024178,-0.00319257846382204,-0.00383504713010385,-0.000243251971323133,5.87112579033544e-05,-2.85950962179982e-05,-0.000774534676709848,-0.00386268955567548,-0.00519927224940986,-0.00322459461936209,-0.0011018021021556,-0.00346946257237946,6.12054886595104e-05,-0.00885563908525899,-0.00319257846382204,-0.00356260624799365,-0.0057393724178354,-0.00390747162670291,2.57620189172414e-05,3.40715098410271e-05,-0.00444119319922276,-0.00120067874793062,-0.00199807487886172,0.000258056481429847,-0.00234491434084738,-0.00319257846382204,-0.00155041280218526,-0.00230794032282766,-0.00502463082059013,-8.78936366266458e-06,-0.00308461901968382,-0.0081533666029916,-0.00239334698435023,-0.0022534094800637,-0.00375232355206156,-0.00311589936963896,-0.00758555326206345,2.57620189172414e-05,-0.00303601699253209,-0.00270521476547358,-0.00315916132838368,-0.0108819831676552,-0.00146627628813878,-0.00446678618670315,-0.0039150604893976,-1.04053539091709e-05,-0.00363508228230058,-0.00356289477870675,-0.0010056827963183,-0.00518171691853997,-0.000834805798736404,-0.00115242774121693,-0.00622748935063466,-0.000265228712453158,-0.00938357491615482,-0.00032329606718573,-0.000256665948372259,1.07418337664811e-05,-0.000281370660566438,-0.000834805798736404,-0.00319388144842758,-0.00425843566989847,-0.000657273766678124,-0.00348232983794272,-0.0004545639767084,6.05664203439105e-05,-0.000984498997993022,-0.00223312672222065,-8.44532383368346e-05,-0.0106652658621296,-0.00239334698435023,-1.13732427422519e-05,-8.36193142266239e-05,-0.00302595147994023,-0.00253783975513233,-0.00604206524677675,8.60841095970954e-05,-0.000644159177808135,-0.00120672965566193,-0.00661605889631733,-0.00134197601831865,-3.04598121214639e-05,-1.13732427422519e-05,-0.00133534279539216,-7.8200820208707e-05,-2.12790620510717e-05,-0.00696248194450622,-0.00134197601831865,-0.0132490076594181,2.44771253923304e-05,-0.00170424607732844,-0.00363775204004613,-0.00328955919671081,-0.00124789943214854,-0.00649813043687919,-0.00120228713466464,-4.86828403216677e-05,-0.000327659359236065,8.64701599621043e-05
"8:121163193:A:G",-5.97250475564692e-06,-0.0021662005739076,-0.000373438915624469,1.08426654872318e-05,5.50463292636749e-06,6.35576771124136e-06,-2.48684045063285e-05,2.07544683039629e-06,7.22006821263221e-06,-0.00255874665673783,0.125246410558133,-2.04486670636328e-05,-1.2232381790156e-05,1.68999694221128e-05,2.1884457298782e-05,2.20540874140696e-05,8.20164051340555e-07,-0.00158841197844062,-0.00257504646731377,1.90162361413115e-06,-1.96630933491093e-05,-0.000767940362960573,-0.00294912607436792,-3.26722690680015e-06,-0.00115405549821901,-1.60295322437776e-06,-0.00160610625021818,-0.00253093893766909,-5.68029815566362e-05,-0.00275468269970602,4.46282724029246e-05,2.00732584065832e-05,2.92938334567339e-06,-0.00149318030362355,3.36157746083643e-06,-3.54814582435026e-05,-0.00300668499683443,-8.8492694021447e-05,-0.0015427989551462,-0.000144052576402487,-0.00608164100709363,-0.00173188966279714,-0.00311373694051564,1.08426654872318e-05,-0.00212909239258963,2.50068447016361e-06,-0.00281207250835713,-3.7424360366245e-06,-2.45230237867489e-05,-1.45320244060443e-05,-0.000144052576402487,-0.00147872793418191,-2.02434457818867e-06,-0.00124173306997211,-0.00223997756808281,-0.00238897503790536,2.70972184841511e-05,8.20164051340555e-07,-0.000899805898788131,-0.00190550376590704,-0.00263178699979427,-0.00897923914025611,1.08426654872318e-05,-0.00304301793858919,-0.00281967557001472,1.35120340694073e-05,-9.19467847904087e-06,-4.47897512501072e-06,-0.00160962110020879,-1.41574725454063e-05,-0.00244130566613876,-0.000973455087835973,2.3934263376546e-05,-0.0024884974983852,-0.00258377580585023,-2.48684045063285e-05,-1.67625725877585e-05,1.04089365695614e-05,-0.00153056958395847,-0.000286914747028355,6.78625804262367e-06,4.23658808923477e-06,4.23658809012295e-06,-3.15950248923613e-05,-2.48684045063285e-05,-0.00304164006871854,-0.00183305076330509,-0.00251982585064248,1.17196056717006e-05,2.85775307373726e-05,1.21628615330494e-05,-3.1693946045408e-07,-0.00508376809145794,1.17196056717006e-05,-0.000104280745060414,8.20164051340555e-07,5.08393166676058e-06,-7.49290316903739e-07,-0.000117949499543357,-0.00147076409272628,-1.37794909722544e-05,-0.000385202323837319,-0.00693683476498386,-1.63742651002607e-05,9.89423145814072e-06,-0.00243938804404742,-0.00179469187608916,5.08393166676058e-06,-1.06267756878609e-05,-8.80425685600983e-06,1.12795477162919e-05,-0.00281537952315603,-0.00243938804404742,-8.67832882178732e-06,9.97833832716566e-06,-1.49031897143104e-05,-0.00137966407295309,-0.00213080376435748,-1.14370792099194e-05,-0.00254177371231989,-0.00270577137104677,-0.00263914736388227,1.17196056717006e-05,2.48327098999468e-05
"8:121164389:C:T",-0.00243530702319905,-0.000491472459698272,-0.000160969771568986,-0.000803956831621377,-0.00557815724289501,-0.0119862567883491,-0.000763912352645058,-0.00192826968360471,-0.00183114117381411,-0.00279510475640521,-2.04486670636328e-05,0.424835388788161,1.03227110632709e-05,-0.0014115932470915,-0.0013332463700011,-0.00340315051017459,-0.00193467161962069,-0.00123763936791432,-2.96374290060797e-05,-0.00357221838320054,-0.00155142046108692,-0.00116584849818624,-0.00103793691004217,-0.00111334668085483,-0.00791679412473156,-0.00112997927212621,-0.00970698942636883,-0.00559836267210345,-0.00371820989188443,0.000434972611604856,-8.77753778363299e-05,-0.000908695035267471,-0.00065927180152503,-0.00270065133815534,-0.00350654558428243,-0.001104313722327,-0.00551388297163102,-0.0011564748046573,-0.00713308068504626,-0.00520281695927149,-0.00551651686256616,-0.0019751833040651,0.000210014721976126,-0.000803956831621377,-0.00565670323649803,-0.0049229162811848,-0.0035473071262162,-0.0060185954648535,-8.51921229845232e-05,-0.00236993532535035,-0.00520281695927149,-0.00327915410036539,-0.00170776499469572,-0.000922502491505828,-0.000298550024411259,-0.00321016851159772,-0.00125537697800349,9.17129557009844e-06,-0.00345881381311663,-0.00171719700274586,-0.00672876431354785,-0.00611905113006372,-0.000803956831621377,-0.00428902397439401,-0.00108881478393208,-0.0087493570437549,-0.00291907102441691,-8.35723836134505e-05,-0.00369900698866132,-0.00568148961723036,-0.0120500815314459,-0.0073474114985399,-4.62521748101352e-05,-0.00151023668180805,-0.00142019587532438,-0.00809015413399194,-0.00256741755059053,-0.00566809420781667,-0.00207182920532345,-0.0155001068318659,3.57429504092011e-05,-0.00142938137177451,-0.00187565848982896,-0.00238005266091701,-0.00809015413399194,-0.00245078928232001,-0.00292942768248716,-0.00216782522305081,-0.000312324933299912,-0.00296564516046693,-0.00531300055995931,-0.000848870920073796,-0.00588407731810259,-0.00637300284610021,-0.0127009504957285,9.17129557009844e-06,8.48964320843137e-05,-0.00147620468489107,-0.00220371195875879,-0.00711451272541508,-0.00444353415051246,-0.000261002954367484,-0.00599793502911705,-0.0124673713118728,-0.00683133708938177,-0.00348791229320389,-0.00431561622077847,-0.000519590484961086,-0.0136596473563295,-0.00555168020540009,-0.000960144597004664,-0.00461310139396964,-0.00348791229320389,-0.00494084846643084,-0.000426185175920857,-0.00173140121510418,-0.00634737479598968,-0.00250913146251897,-0.00356590664699397,-0.00336463747926619,-0.00333152411960169,-0.0116670893790234,-0.0014136115186858,-0.0022075056105697
"8:121164497:G:A",-0.00150411540846207,5.69000038819212e-06,1.01057043462305e-05,-0.00169586496759244,2.00964243592949e-05,2.30930730182877e-05,-8.8228842168192e-05,-0.00256594807479615,2.61475800025224e-05,0.000169803116069289,-1.2232381790156e-05,1.03227110632709e-05,0.142444575364229,6.29778208223186e-05,8.25432905227075e-05,-0.00776343599928708,2.81742871077739e-06,-0.0029857077279738,-0.00510582094439815,-7.24800615579113e-05,-0.00266613172327457,-0.000223055506897829,5.63740791079681e-05,-1.2232381790156e-05,-0.00287293301432845,-6.5904119104232e-06,-1.49697469069565e-05,-0.00162548601246826,-0.00202544093159318,4.3153583011879e-05,-1.76534838702835e-05,7.56319633028468e-05,1.01057043453423e-05,-0.00130088404725015,-0.00231164086179803,-0.000124981852517969,-0.00132728668318371,5.35877310641197e-05,-0.00117885748250846,-1.49697469069565e-05,-0.00552024489374192,-0.00298800076817418,-0.00336211719795276,-0.00169586496759244,7.15837598583846e-05,-0.00180061148286903,-5.58515316946284e-05,-0.000455257293763722,-2.56141507115615e-06,-5.21012928675901e-05,-1.49697469069565e-05,-3.06824729392474e-05,-8.02232212304688e-06,-0.00361256092866746,3.56745942653447e-05,-0.00214437728838757,-0.000175721253371286,2.81742871077739e-06,4.24672475141108e-06,-0.00536799745325034,-0.000617950608601703,-0.000139123391076801,-0.00169586496759244,8.15088524617202e-05,6.29778208214304e-05,4.96728671262048e-05,-3.32732264283209e-05,-1.63182227845837e-05,5.96456474744045e-05,-0.000992061077638162,2.46129950625118e-05,-0.0027364186476575,9.11205624136713e-05,0.000270027060986777,4.47603185396162e-05,-8.8228842168192e-05,-0.00135569885746545,3.84229063739028e-05,-0.00307259499594537,-0.0105917329636926,-0.00509266664117902,-0.00174367121874752,1.46545747803373e-05,-0.000655840076047909,-8.8228842168192e-05,4.15619004376921e-05,-7.1425503289646e-07,7.1474537959304e-06,-0.00195154505102302,-0.00186007812028599,4.4760318538728e-05,-0.00161915507544652,-0.00243466978639439,-0.00195154505102302,-0.00693853128822886,2.81742871077739e-06,-0.000462788819212356,-0.00161424891157314,-7.93459189720735e-05,-0.00204264819904587,-4.96688388649247e-05,7.2268014695176e-05,5.63740791079681e-05,-5.96525179537011e-05,-0.00230854342022813,-0.00348901800165891,-8.02232212304688e-06,1.86193093325571e-05,-3.94125822555935e-05,-0.00119282962405087,-0.00185548446591799,-0.00460387732551748,-0.00348901800165891,-0.00564733226864256,3.687520864748e-05,-5.32988675683299e-05,-0.00330767407167087,3.24366506623264e-05,-4.20589269705118e-05,-0.00360317108170172,5.41044309798622e-06,2.30930730182877e-05,4.3153583011879e-05,9.4626825772437e-05
"8:121165004:C:G",2.9357678912767e-05,-1.09986022041042e-05,-1.96199812485531e-05,-6.71598430450615e-05,-3.30891872506456e-05,-3.90195178860964e-05,-0.00185218473645232,-1.38358030001839e-05,-4.51020168314997e-05,-0.00337948506703789,1.68999694221128e-05,-0.0014115932470915,6.29778208223186e-05,0.093941626859221,-0.000145992180650367,-0.00015133054986638,-5.43056676427511e-06,7.74445659770251e-05,-6.51272965770389e-05,-0.00158986246173765,3.28496754242735e-06,-9.94333301767014e-05,-9.54167048963228e-05,1.68999694221128e-05,-0.00162648995546544,6.07857174284021e-06,2.21080627378356e-05,-0.00595645495520536,0.00025536640194801,-7.36164048840138e-05,2.7187714199961e-05,-0.000130998580328168,-1.96199812485531e-05,3.45950611615464e-05,-2.25683754671024e-05,-0.00217896305297849,-0.00744494289712527,-0.00210620481423618,-0.000688669998926805,2.21080627378356e-05,-0.00155987664487967,1.68999694221128e-05,0.000195165411664533,-6.71598430450615e-05,-0.00327064791510523,-1.67093628791193e-05,-0.00179533931797504,-0.000459368935011639,0.000123319456336368,7.6813675466525e-05,2.21080627378356e-05,4.46731990733085e-05,-0.00166833042803294,0.000226323064697276,-6.43230318599919e-05,-8.36181854007023e-05,-0.00019162085597646,-5.43056676427511e-06,-8.19707850041596e-06,-0.00317201560463598,-0.000378236195480497,-0.00206593964311619,-6.71598430450615e-05,-0.00115909368456801,-0.00382178455047644,-8.70399465808802e-05,4.9523798459461e-05,2.46636463572258e-05,-0.000102249560551826,-0.0019529846421511,-4.20413848232215e-05,-0.00182443073851424,-0.000159860622139796,5.18355603080778e-05,-0.00354869594286544,-0.00269246873113005,8.44700920170638e-05,-6.39925698528998e-05,-0.00198791878863247,-5.0616034521056e-05,-4.20413848232215e-05,-2.8581454267318e-05,-2.85814542655416e-05,0.000156184737541309,-0.00269246873113005,-7.03675302942131e-05,-5.31887084420646e-06,-1.38358030001839e-05,-7.36164048840138e-05,-0.00148801323825509,-7.69072598290066e-05,-2.41302074943661e-06,-0.00180416890345736,-7.36164048840138e-05,-0.00160268022634291,-5.43056676427511e-06,-3.017932201832e-05,4.54677866912334e-07,0.000108886567164568,-0.00178314000581725,7.23180239026178e-05,-0.000123787290952748,-9.54167048963228e-05,-0.00232690975496563,-6.43230318582155e-05,-0.00546520105474446,8.83619548819325e-06,-3.017932201832e-05,-0.00244652315097849,4.71137141913047e-05,-7.03675302942131e-05,-0.00156902471985765,-0.00546520105474446,-6.5010409502797e-05,0.00203221948775756,7.90197702160711e-05,-0.00350158225637198,-5.77474080856177e-05,-0.00239770754143276,-0.00249843665432969,-1.73393396885047e-05,-3.90195178860964e-05,-7.36164048840138e-05,-0.000167650330300084
"8:121168403:A:G",-0.00133965163675409,-1.5147512002045e-05,-2.7022321938297e-05,-8.96188323471492e-05,-0.000585244742437929,-0.000864989058846355,0.000165863073791961,-1.90552578542835e-05,-6.0673903367281e-05,-0.00821711199701447,2.1884457298782e-05,-0.0013332463700011,8.25432905227075e-05,-0.000145992180650367,0.102383472039567,-0.000203563939289886,-7.47886980256851e-06,-0.000321860992890777,-0.000152751883341296,-0.00340885545638958,3.08101317791909e-06,-0.00193450188203226,-0.000127051286288982,2.1884457298782e-05,-0.00339226078137056,6.93948216312634e-06,-0.00217874260567452,-1.69940347314324e-05,-0.000394395820886295,-9.84706185924722e-05,3.6090504343278e-05,-0.000174458084830853,-2.7022321938297e-05,-0.00147313392422355,-3.10836023738048e-05,0.000224709720263228,0.000110694696926039,-0.000881802483981176,-0.000916337822682856,2.9076394186589e-05,-0.000282181903430434,2.1884457298782e-05,-0.00155597029279253,-8.96188323471492e-05,-0.000969054711191575,-2.30132049585663e-05,9.75359664758813e-05,-3.19624494204973e-05,0.000163121189354243,0.000101769949623076,2.9076394186589e-05,5.87759087489204e-05,1.07481182629598e-05,-0.00174039468237819,-0.000903608013874013,-0.00128305415611063,-0.000257259097361739,-7.47886980256851e-06,-1.12890229786444e-05,-0.000552708542747027,0.000180188436490702,-0.0014749771308189,-8.96188323471492e-05,-0.0040266001665854,-0.00149339911050284,-0.000886113456828319,6.54938419240025e-05,3.26052646597574e-05,-0.000414004504818877,-0.00258395517447063,-0.000912693227162364,0.000323623533198258,-0.000212642016165887,-0.000311083593691031,-0.000965689399257563,0.000165863073791961,-0.00147940103733113,-8.52767409078581e-05,8.25432905227075e-05,-0.00596824480865799,-5.64684798121107e-05,-0.00249927136020212,-0.00370366067924888,-0.00320223650139795,0.000165863073791961,-9.40164365772489e-05,-0.000920000500183704,-1.90552578542835e-05,-0.00439583617670003,-0.00027598667785611,-0.000102982470651547,-0.00121999418289231,0.000376701448835171,-9.84706185924722e-05,-0.00393456087720034,-7.47886980256851e-06,-4.0170672636286e-05,-0.00276396173975879,0.000142900826221926,-0.00259956985636478,-0.00150579604253398,-0.000164610460183567,0.000104086838321749,-0.00284801689782288,-0.00371724358949255,5.48336542607331e-05,1.07481182629598e-05,-4.0170672636286e-05,-0.00307709510788445,6.21560098537088e-05,-9.40164365772489e-05,-0.00531566580214138,5.48336542607331e-05,-0.000345271966528671,-8.09891237105731e-05,0.000104835153723393,-0.000268737757592952,-7.80504157447126e-05,-0.00299592172232899,-0.00044324818441055,-0.000249139886166816,-0.000864989058846355,-9.84706185924722e-05,-0.000325459027209263
"8:121168498:T:C",-0.000572078634371032,-1.54027045846661e-05,-2.7546279021351e-05,-9.20431201665295e-05,-4.50322705631834e-05,-5.3438872978262e-05,-0.00135065938404644,-0.00182401771534391,-6.20902760273268e-05,-0.00050531356666994,2.20540874140696e-05,-0.00340315051017459,-0.00776343599928708,-0.00015133054986638,-0.000203563939289886,0.148698274992773,-7.59256526716712e-06,-0.000476044327383462,-0.000107251364898531,-0.00475777622470375,-0.0018881206112118,-0.00365260155020586,-0.000131204382041616,-0.00212043632253334,-0.00342207941231498,-0.0019155662341177,2.92798347052425e-05,-2.2588293997039e-05,5.22409524617018e-06,-0.000101321015343991,3.63048532099342e-05,-0.000181477417823039,-0.000416445023267542,-0.000476838136035163,-0.00617547790340289,-0.0051696626657538,2.02480670967731e-05,-0.00285922789874427,-0.00308037818120255,2.92798347052425e-05,-0.00520273752825862,2.20540874140696e-05,-0.00148846081810028,-9.20431201665295e-05,-0.00160388402842937,-0.00179873293559663,-0.000590059571019985,-0.00175148501226197,-0.00988490654665153,0.000101277857107895,2.92798347052425e-05,5.89199659897233e-05,-0.000754409918194199,-0.0013170248745622,-0.00153503323575244,-0.00122211527109872,-0.000319900421056118,-7.59256526716712e-06,-1.14698708566507e-05,-0.000626986188096534,-0.0024949820862803,-0.000798398513463638,-9.20431201665295e-05,-0.00100603679267719,-0.00015133054986638,-0.00151846800697175,-0.00155623192614662,3.28169194352412e-05,-0.00396720443476983,-0.00744579848767124,-5.77333269973224e-05,-0.00446148912895339,-0.00045677507871833,-0.000599986186946566,-0.000106062167629872,0.000163291382691,-0.00158634855584783,-8.75035327041473e-05,-0.00185023245746496,-0.00211073459936939,-0.00347313952717165,-0.000990028463559334,-0.00161105595149014,0.000202499801554623,0.000163291382691,-0.00122437252166563,-9.03439942057105e-06,-1.93922403974867e-05,0.000438039311698724,-0.000310385521202328,-0.00139598007454822,-0.00236789635865264,-0.00491270904165209,-0.000101321015343991,-0.00208630737686821,-7.59256526716712e-06,-4.09176197928574e-05,-0.000795291465809811,-0.000412048143235921,-0.00205660273682895,9.51831485993537e-05,-0.000170911822244157,-0.000131204382041616,-3.6865971372535e-05,-9.46075058996243e-05,-0.000299507322245596,1.08202924202772e-05,-4.09176197928574e-05,-2.02133179278974e-05,6.22703820347681e-05,-9.66484801843137e-05,-0.00201711430558227,-0.000299507322245596,-0.000495271132056274,-8.30283532984311e-05,0.000104261700737851,-0.000437719503195488,-8.83074641278014e-05,-4.83516288580788e-05,-0.00235277929670508,-0.000259265186392632,-5.3438872978262e-05,-0.000101321015343991,-0.00979822209617787
"8:121172080:G:A",1.44810949187502e-06,-4.56918383129334e-07,9.84416599614235e-06,-3.23991338024854e-06,-1.5485391680059e-06,-1.81071460403359e-06,5.07893540202531e-06,-5.76120484652165e-07,-2.08204868901163e-06,4.13614205019286e-06,8.20164051340555e-07,-0.00193467161962069,2.81742871077739e-06,-5.43056676427511e-06,-7.47886980256851e-06,-7.59256526716712e-06,0.058334239492833,-4.01461462802288e-05,-2.63295236813121e-06,-5.67588828381815e-07,2.77816030624933e-07,-0.00257349177464672,-4.74322883015077e-06,8.20164051340555e-07,-0.000319305389474778,3.90129472727097e-07,1.02425782966264e-06,-3.14952345981112e-07,-0.00166469346093923,-3.54367719257453e-06,1.22150336778759e-06,-6.69260055286003e-06,-8.20818851110516e-07,1.64522945400591e-06,-9.46414101754556e-07,-0.00189705467378065,3.68785237547797e-06,-0.000202486823282833,-0.00157030087818377,1.02425782966264e-06,-1.1451989609057e-05,8.20164051340555e-07,7.22691574583934e-06,-3.23991338024854e-06,-6.36029873213317e-06,-6.97404381355682e-07,-0.00222197547231495,-0.00689441930166446,5.02268269020334e-06,3.29129625331603e-06,1.02425782966264e-06,2.01919550146812e-06,5.00475974440917e-07,7.95664075781133e-06,-2.95545123130125e-06,-4.0195567185819e-06,-9.95514158130817e-06,-2.24571349072278e-07,-3.39750687139428e-07,-8.93871253468959e-05,-0.00645739355856367,-0.00297404331864382,-3.23991338024854e-06,-0.00281788580635478,-5.43056676338693e-06,-4.18383548694834e-06,-0.00184132440581752,1.12371728366867e-06,-5.0809618699077e-06,3.21571201933324e-06,-1.94521041141371e-06,-1.1079134996983e-05,-8.37731632596928e-06,-0.00239102749084985,-3.6995431136333e-06,5.07893540202531e-06,3.68785237636615e-06,-0.00128893251671958,2.81742871077739e-06,-0.0038576559076402,-1.94521041141371e-06,-1.20435531059115e-06,-1.20435530970298e-06,6.05149823851292e-06,5.07893540202531e-06,-3.39048759556704e-06,-0.00246459722786696,-5.76120484652165e-07,-3.54367719257453e-06,-1.07229438048861e-05,-3.69954311452148e-06,4.70987489009644e-08,-7.37805124462199e-06,-3.54367719257453e-06,-0.00217805245883262,-2.24571349072278e-07,-1.42075762887828e-06,1.6348861020532e-07,4.59946039477188e-06,-0.00203798669505062,3.13881217905987e-06,-6.31939983897212e-06,-4.74322883015077e-06,3.61273129101392e-06,-2.95545123130125e-06,-8.40118837608372e-07,-0.00259721277392444,-1.42075762887828e-06,2.47236790684724e-06,2.10868806149733e-06,-3.39048759556704e-06,-1.73430791434726e-05,-8.40118837608372e-07,-0.00251162234235913,-2.94637584996593e-06,3.36559472913223e-06,-0.00259752188752138,-0.00277682685524905,2.64800032923063e-06,-1.83961080990613e-05,-5.67588826605459e-07,-1.81071460403359e-06,-3.54367719257453e-06,-8.8017817176933e-06
"8:121173809:T:G",-0.00018116734494722,6.9809379050767e-06,-0.000418763971261171,4.95359934538087e-05,-0.00510608710784943,-0.00203056074572938,-0.00105620538613671,8.7668976123112e-06,3.23993753088558e-05,-0.000280304797759534,-0.00158841197844062,-0.00123763936791432,-0.0029857077279738,7.74445659770251e-05,-0.000321860992890777,-0.000476044327383462,-4.01461462802288e-05,0.197544012942529,-0.00513248616871032,-0.00239522700177552,-0.00166429464442075,-0.00390539660591216,6.95521318334613e-05,-1.55861610853236e-05,-0.00237848820991315,-0.0016568470109366,-0.00146531772735514,-0.00167993727661209,-0.00138419172915416,5.33599047791711e-05,0.000182778655465121,9.27305758180452e-05,1.23891666037323e-05,2.01145946494563e-05,1.42259108075748e-05,-0.0106836226489824,-0.00139795825107747,-0.00100595514439306,-0.00118251156300353,-1.89627385633884e-05,-0.0020726086234033,-1.55861610853236e-05,-0.00575155903192037,4.95359934538087e-05,2.13064956637865e-05,1.05695685448381e-05,-0.00894876018446222,-0.00116006317387907,-0.00234784181523118,-6.63978932315956e-05,-1.89627385633884e-05,3.47541788041639e-05,-0.00164708170976624,-0.00375301684839702,-0.00205101611534264,-0.00193119028113831,-0.00176917133127752,3.4583038512892e-06,5.21147658183452e-06,-0.00296250787774621,-0.00302045238587123,-0.00580099483130514,4.95359934538087e-05,-0.00212496976434862,-0.000144995303278606,6.12098654775295e-05,-4.22433657076837e-05,-2.06270696869737e-05,7.34655897858261e-05,-0.00105985568724432,-5.69162238797105e-05,-0.00320436024140491,0.000111168728037292,-0.00279515776956174,-8.12535440513074e-05,-0.000541651828745771,-0.0101639683741439,-0.00121900301164057,-2.51581074994789e-05,-0.0045123039252708,3.05331260541664e-05,-2.531005334383e-05,1.79517293412701e-05,-0.000143086175381946,-0.000541651828745771,5.14396816084783e-05,-0.00565210605952959,-0.00241330439157839,5.33599047791711e-05,-0.00189387283124454,5.52968476119631e-05,-0.00801431447946044,-0.00328235652794096,-0.00178962745751843,-0.00370657911394545,3.4583038512892e-06,2.32331660257046e-05,-5.59071381385223e-05,-0.00287258031274185,-6.58205403931689e-05,-0.00647859148513064,8.87456697240552e-05,-0.000945059949837734,-0.0028747601997825,-0.00407609541876397,-0.000960898094886531,-1.03982226278276e-05,2.32331660257046e-05,-0.00273618520641694,-0.00809608540074347,5.14396816084783e-05,-0.000358036645605075,-0.000960898094886531,-0.00340943668798843,4.57774921649445e-05,-6.78880918476565e-05,-0.00662107256916489,4.00354706258099e-05,-0.00281714710107384,-0.00205725386055855,-8.98351682403487e-05,-0.00203056074572938,-0.00178962745751843,-0.00123330677950495
"8:121174837:C:G",-0.00252851111217645,-0.00265419344969242,-0.00213947756905153,-3.77452479245477e-05,-1.76331654460071e-05,-0.00183698733270621,4.94542149018784e-05,-0.00218628497450801,-0.00237085618320609,-0.0006899839146568,-0.00257504646731377,-2.96374290060797e-05,-0.00510582094439815,-6.51272965770389e-05,-0.000152751883341296,-0.000107251364898531,-2.63295236813121e-06,-0.00513248616871032,0.210884535128943,-2.88543265316576e-05,-0.00479552006583894,-0.00410075866526194,-0.000825787422128244,-0.00137778430880342,-0.00424237446077758,-0.00488743925623858,1.09643124357461e-05,-0.00295953083318867,6.59107245386537e-05,-0.00163991128437146,1.31714454720822e-05,-8.06826240316028e-05,-0.00386514459270781,-9.16183508374857e-05,-6.01269516780079e-05,-0.000132267661619778,-0.0017673671397187,-0.00065963849183337,-0.0045921890596361,-0.00160012680689459,-0.000173985643435959,8.65433851071629e-06,-8.57644697926929e-05,-3.77452479245477e-05,-0.000438809251640748,-0.00442946291725921,-0.00790938355501503,-0.00167702101448253,-0.000211314701083154,3.38445509910912e-05,-0.00160012680689459,-0.000130659236454278,-1.7250890351761e-05,-0.000167867978696279,-0.00608862837090118,-0.000363684333105851,0.000291238431112006,-0.00250307870240984,-1.13828060017696e-05,-0.000999955209722625,-0.00193793993474056,-0.000444872601667257,-3.77452479245477e-05,-0.00226206355632952,-0.00327228612246611,-0.000941331758136599,2.31324087440754e-05,1.20803861136665e-05,-6.04705720261833e-05,-0.00351716177573103,-0.00188222491031897,-0.00906124116030149,-0.000821185891969556,6.05942847888841e-05,-0.00365223799299752,-0.0033573294739222,3.72373148476157e-05,-3.58577323886777e-05,-0.00260810512157761,-0.001606892445285,-0.00248282695702251,-0.0014090216777074,-4.86041311473784e-05,-0.00256045546486039,-0.0033573294739222,-0.00310598337594303,-1.40630473159931e-05,-0.000696484662642938,-0.000438829088387216,-0.00978182882288703,-0.0036522379929993,-3.27947755174307e-07,-0.00660373014111215,-0.00163991128437146,-0.00272337673191769,-2.63295236813121e-06,-1.60713990773331e-05,-0.00122716700044556,-9.2455470123376e-05,-0.00605280934748809,-0.00124997914210567,-0.000132115889588391,-5.60116876409111e-05,-0.002014579711477,-0.000474622290708382,-0.00583599005759172,-0.000960656014441064,-1.60713990773331e-05,-0.00328237811694976,1.69926076063476e-05,-0.00154066247732132,-4.83616884476845e-05,-0.00583599005759172,-0.00495006674876475,-3.40106574387988e-05,3.45795205873856e-05,-0.000544107345684886,-0.0021848670168767,-0.000587657188811264,-0.00416718181435183,-0.00110750789290748,-2.08613183696471e-05,-0.000189793244731895,-0.0027181537481864
"8:121175858:C:T",3.18847583447024e-06,-1.1727883553192e-06,-0.00204915142188522,-9.51466600351836e-06,-4.19654430938721e-06,-0.0027723643075932,-0.00331277711142786,-1.49019153550256e-06,-5.81592428350319e-06,-0.000161881954234389,1.90162361413115e-06,-0.00357221838320054,-7.24800615579113e-05,-0.00158986246173765,-0.00340885545638958,-0.00475777622470375,-5.67588828381815e-07,-0.00239522700177552,-2.88543265316576e-05,0.165784340653997,6.53015260532186e-07,-0.00183992053870519,-1.4756705726704e-05,1.90162361413115e-06,-0.00443845007575305,-0.00192458812021279,2.34188349779174e-06,-8.34573157248997e-07,-0.00326131394267293,-1.0552345808712e-05,2.75126142490478e-06,-0.000862487379206911,-0.00182283285616336,-0.00261980318643218,-0.000823012652392485,-0.000176404729553603,6.29928081874453e-06,-2.89871672229935e-05,-0.00417543543613075,2.34188349779174e-06,-0.00105399654738481,-0.00249773008396748,-0.00573388428974297,-9.51466600351836e-06,-4.04142778966943e-05,-0.00214271831443558,-8.14231637038532e-05,-0.00168234411413426,-0.000281260409284556,5.95143887860416e-06,2.34188349779174e-06,4.22763056384667e-06,1.17912077968185e-06,-0.00622738067201123,-0.00238129726556835,-0.00167616048954322,-0.00123756150198062,-5.67588828381815e-07,-8.65349691459016e-07,-0.000838258004261405,-0.0018257927600791,-0.00855590878213075,-9.51466600351836e-06,-0.00111275443430303,-0.00297726640097906,-9.06987763418243e-05,-0.00369441525889957,2.55031839913045e-06,-0.00121417440646088,-0.00126584339335878,-5.39310662617254e-06,-0.00184853971580967,-0.00768214145696344,2.65277770328254e-06,-0.00272975331516179,-0.000376184945936942,-0.000202766309398861,-0.00637136411824457,-7.24800615579113e-05,-0.00416139832837192,-5.39310662617254e-06,2.46096771849835e-06,-3.23741131946775e-06,-0.000869097466456026,-0.000376184945936942,-0.00142965036517495,-0.00212169578166854,-0.00209790439674418,-0.00289955925918139,-4.53843537844278e-05,-1.10930272141374e-05,-0.000485730109414995,-0.000941523661019517,-0.00289955925918139,-0.00456739778503445,-5.67588828381815e-07,-3.82054054437475e-06,-1.10770319423636e-05,-0.00110739740719978,-0.00250561093438417,5.79185488103207e-06,-2.06962857944859e-05,-1.4756705726704e-05,-0.000127650715310956,-0.00235101234047352,-0.00199410439355141,1.17912077968185e-06,-8.87914656555466e-06,-7.47780078365068e-05,4.37659724461525e-06,-1.00263619140506e-05,-0.00837505889647616,-0.00199410439355141,-0.000528444747024182,-4.19081015401446e-06,6.0240254597943e-06,-0.000113522569201052,-1.98993943634207e-05,-0.00108583034995746,-0.00643201473600952,-2.68047015685724e-05,-4.98249888636337e-06,-0.0034039041488958,-0.000646556703991052
"8:121177781:C:T",-2.25547035270779e-06,-8.39511297643369e-05,-0.000459354867573758,2.73442768783383e-06,1.63949465203928e-06,1.85122446705321e-06,-1.22755398530572e-05,-5.67000343218993e-05,-0.0024175126191599,-0.00082014897054794,-1.96630933491093e-05,-0.00155142046108692,-0.00266613172327457,3.28496754242735e-06,3.08101317791909e-06,-0.0018881206112118,2.77816030624933e-07,-0.00166429464442075,-0.00479552006583894,6.53015260532186e-07,0.184740950280876,-0.00418065276217305,-0.00119126314567453,-0.00181472774982705,-0.00404580492973983,-5.45148728825495e-07,-0.00168838253478665,-0.000811273651297739,-3.60910907248879e-05,-0.00284916472164731,-3.71056641439438e-05,3.23227660725678e-06,9.43975650535833e-07,-0.00157385643567487,1.07163272566879e-06,-1.93607471148383e-05,-0.00141004425888624,-6.55342386259861e-05,-0.00185120272201722,-0.000226055311886242,-0.0133716214216033,-0.00182810249384335,-0.000747552268644647,2.73442768783383e-06,-0.00182841450946558,8.14335017196299e-07,-0.0024887661991837,-0.00336128508790878,-1.2057031455015e-05,-6.3358266402247e-06,-0.000226055311886242,-0.00155837259212088,-7.01615461728977e-07,-2.70319116575379e-05,-0.0050092251971634,-0.00248476932840447,-0.00362027112277552,-0.00244792651394921,-0.000985404973610216,-0.00516672232392112,-0.00442725805512101,-0.009731412587211,2.73442768783383e-06,-0.00212067665133819,-0.00291921400063178,-0.00179912545641514,-3.70270795357897e-06,-0.00149508914119689,-0.00130615487172392,-0.00357931692549496,-0.00253151817828989,-0.000409420109284575,2.80355869186621e-06,-0.00216665580496311,-0.00267868738482857,-0.00119767858689723,-7.50077157007922e-06,2.66452802843986e-06,-0.00349861993004286,-0.00246230766913857,1.95340102671082e-06,-0.00460790217656104,1.32058991031414e-06,-1.66790572695419e-05,-0.00119767858689723,-0.0031357001514456,-0.00191835033821697,-2.96683416500798e-06,2.86402747384784e-06,-0.00394162005277998,2.92345498653646e-06,-8.3784080118221e-08,-2.13022599080404e-05,2.86402747384784e-06,-0.0018214591639607,-0.00244792651394921,-0.000113686945852898,-0.00491284898261668,-0.000211938877270335,-0.00212783611425671,-5.9392705162864e-06,-8.47619295969437e-05,-0.00703447995136219,-7.28596730947828e-06,2.58892066362648e-06,-1.04066648409784e-05,-0.00187841122032939,1.53015108850241e-06,-4.34748025046616e-06,-3.52039672613103e-06,2.80097211113883e-06,-0.000764964593732653,-1.04066648409784e-05,-3.37520161952654e-06,2.5914021897222e-06,-6.53370087899674e-06,-0.00270445919518725,-0.00480577951700578,-4.74562842800452e-06,-0.00398731134511676,-0.00567931430681679,-0.00272898953822853,-0.00284916472164731,2.63769045005802e-06
"8:121178112:G:A",-0.000521630996526135,-6.88687158287848e-05,-0.00135015741264777,-0.00041770451738099,-0.00125508978888345,-0.00670897836314222,-0.00116594316622454,-0.00422932921450681,3.37680279551833e-05,-0.00679902023303836,-0.000767940362960573,-0.00116584849818624,-0.000223055506897829,-9.94333301767014e-05,-0.00193450188203226,-0.00365260155020586,-0.00257349177464672,-0.00390539660591216,-0.00410075866526194,-0.00183992053870519,-0.00418065276217305,0.390021972975017,-0.00226211082661187,-0.00596329880967605,-0.00316808596107432,-0.000513462268426856,-0.00290828260871479,-2.1279995911172e-05,-0.000972715822659787,0.00015811440812552,-0.000210555288461478,0.00011236026110506,-0.00577616648964696,-0.00118086550008911,-0.00121552742009801,-0.00115547709601316,-0.000345173414620703,-0.00380879220496144,-0.00708169831053507,-0.00169655731441498,-0.00786308279020798,-0.0047206425698425,-0.0027359331240695,-0.00041770451738099,-5.48410060039473e-05,1.85592248476141e-05,-0.00323014088549023,-0.00678990506554378,-0.000584588212986681,-0.00641126604746756,-0.00169655731441498,-0.000481911912254773,-0.000306871311481771,-0.00299103711618187,-0.000764326722573649,-0.000604555451857003,-0.000275877557707194,-0.00640974969518915,-0.00206294258465167,-0.00474758267442432,-0.00582364212367725,-0.00926393312630669,-0.00041770451738099,-0.00658930812396541,0.000314033502600175,-0.00114083895114447,-0.00334865236865944,-0.00417621304512572,-0.00217911730513443,-0.00058988126870041,-0.00700474854169197,-0.00923705271546371,-0.000176400742819105,-0.00144637992470953,0.000261504440067561,-0.000727486725756066,-0.00233461734545326,-0.000689189237908394,-0.00251124549278536,-0.0221940516724275,-0.00139825128921878,-0.00500417180613155,-0.00202073719908302,-0.00131931683921316,-0.000727486725756066,-0.00756332063738885,-0.00163900112449067,-0.00316986070041825,0.00015811440812552,-0.0042528698254416,-0.00882408678298674,-0.000843841613718865,-0.00778646013159801,0.000159917031356649,-0.0274961947448187,-0.00640974969518915,0.00019853235359335,-0.00489074873689255,-0.0039878574740051,-0.0032605405783821,-0.00097234188104256,-0.00138280599237461,-0.00549304579098298,-0.0014562470968329,6.90105968201848e-05,-0.00350095785592508,-0.0011115060993081,0.00019853235359335,-0.00151852501824745,-0.00476465991940689,0.000216271653342481,-0.0177547506011511,-0.00350095785592508,-0.0062522955433657,8.66871350400089e-05,-0.00327342845023715,-0.00381733116412342,-0.00406504647812245,-0.00453983905516342,-0.00545997118778718,-0.0029179212030952,-0.00561727029226855,-0.00407071556732852,-0.00170291240807519
"8:121178994:A:G",2.63936457312042e-05,-9.59961935098619e-06,-0.000990811702754613,-5.89409897067128e-05,-2.91418932123477e-05,-3.428595459809e-05,0.000112558359580461,-1.20715226259449e-05,-3.95541241795527e-05,-0.000644159177808135,-0.00294912607436792,-0.00103793691004217,5.63740791079681e-05,-9.54167048963228e-05,-0.000127051286288982,-0.000131204382041616,-4.74322883015077e-06,6.95521318334613e-05,-0.000825787422128244,-1.4756705726704e-05,-0.00119126314567453,-0.00226211082661187,0.0876279880763482,1.51177623033405e-05,-0.000309226532030138,5.6467134585958e-06,1.96856973246895e-05,-9.46159796910706e-06,0.000232820934044753,-6.45028580423812e-05,2.41471140718374e-05,-0.00011430296087056,-1.71053980277946e-05,3.09943264165113e-05,-1.96684701379013e-05,0.000153628397979055,7.57834649069977e-05,0.000333326960306302,-0.000361441901759463,1.96856973246895e-05,-0.0068587088315013,1.51177623033405e-05,0.00017681839995376,-5.89409897067128e-05,-0.000449842133805944,-1.45732677303556e-05,-0.000918779775846978,-0.000352547312333584,0.000110803363764234,6.86333032513531e-05,1.96856973246895e-05,3.98659272269342e-05,8.05764551969901e-06,0.000205684358669522,-0.0075301203947884,-7.31016902824067e-05,-0.000165587040470427,-4.74322883015077e-06,-7.15702741782565e-06,-0.00139654013735235,-0.000910472854354083,-0.00643151294073263,-5.89409897067128e-05,-0.0022951837180889,-9.54167048945465e-05,-7.60387702953835e-05,4.41446296424175e-05,2.19294863681441e-05,-8.94192177183228e-05,6.66508036379909e-05,-3.69042470067527e-05,-0.00329169023397036,-0.00013915385417107,-0.000617369346877616,-6.73343776407265e-05,0.000112558359580461,7.57834649078859e-05,-5.62094439437999e-05,5.63740791079681e-05,-0.00312157411378688,-3.69042470067527e-05,-2.48897350951793e-05,-2.48897350942912e-05,0.000140727167953436,0.000112558359580461,-0.0083373650448566,-4.29923703926249e-06,-0.000725739622167154,-6.45028580423812e-05,-0.000177089477300107,-6.73343776416147e-05,-1.76628721604288e-06,-0.000553357393267895,-6.45028580423812e-05,-0.00285282037764478,-4.74322883015077e-06,-2.66150414232058e-05,7.35304539922765e-07,-0.00199090960367698,-0.00639881828570399,6.46446026157932e-05,0.00244677814006167,-8.35644800778468e-05,7.37324519510807e-05,-5.61498513302894e-05,-2.37568556578083e-05,8.05764551969901e-06,-2.66150414232058e-05,4.7688201081364e-05,4.2017981439102e-05,-6.17052639553251e-05,-0.00757575130282007,-2.37568556578083e-05,-0.000751190258610812,-5.35100492298213e-05,7.05925188517753e-05,-0.000621655802190979,-0.00741404641494814,5.20849899334763e-05,-0.00720925249564175,-0.000911854545895707,-3.428595459809e-05,-6.45028580423812e-05,-0.000145748532458967
"8:121180017:A:G",-5.97250475564692e-06,1.65363661164264e-06,2.92938334567339e-06,1.08426654872318e-05,5.50463292636749e-06,6.35576771124136e-06,-2.48684045063285e-05,-0.00204485737025717,7.22006821263221e-06,-2.01073317400713e-05,-3.26722690680015e-06,-0.00111334668085483,-1.2232381790156e-05,1.68999694221128e-05,2.1884457298782e-05,-0.00212043632253334,8.20164051340555e-07,-1.55861610853236e-05,-0.00137778430880342,1.90162361413115e-06,-0.00181472774982705,-0.00596329880967605,1.51177623033405e-05,0.0762228057810956,-0.000667727781901384,-1.60295322437776e-06,-4.07845553240804e-06,1.00267332392434e-06,-0.00373237956785832,1.17196056717006e-05,-4.87614766786493e-06,2.00732584065832e-05,2.92938334567339e-06,-6.79964320760007e-06,-0.00226848581498462,-0.0013033829242195,-1.67625725886467e-05,-0.000345371186865506,6.06466638277681e-05,-4.07845553240804e-06,-0.00370909499533667,-3.26722690680015e-06,-4.16768980375792e-05,1.08426654872318e-05,-0.00361924868652164,2.50068447016361e-06,-0.00160522719828027,-0.0013496575682943,-2.45230237867489e-05,-1.45320244060443e-05,-4.07845553240804e-06,-8.41039028998125e-06,-2.02434457818867e-06,-4.92825927116414e-05,9.89423145814072e-06,-0.00207811570348504,2.70972184841511e-05,8.20164051340555e-07,1.23522016881594e-06,-0.00303499581168865,-0.00168900195839328,-3.92651661895727e-05,1.08426654872318e-05,-0.00260823942620902,1.68999694221128e-05,1.35120340694073e-05,-0.00121809989784527,-4.47897512501072e-06,1.60028430382653e-05,-0.00390194854127568,6.78625804262367e-06,-0.00217421967897735,2.3934263376546e-05,-5.40706427631932e-05,1.21628615339375e-05,-0.00112618222864036,-1.67625725877585e-05,1.04089365695614e-05,-1.2232381790156e-05,-0.00684108167197106,-0.00244130566613876,4.23658808923477e-06,4.23658809012295e-06,-3.15950248923613e-05,-0.00112618222864036,1.12795477162919e-05,1.19144409893579e-07,2.07544683039629e-06,1.17196056717006e-05,2.85775307373726e-05,1.21628615330494e-05,-3.1693946045408e-07,-0.00217307645397291,1.17196056717006e-05,-0.00399240155389968,8.20164051340555e-07,5.08393166676058e-06,-7.49290316903739e-07,-0.00156731043733949,-0.00147076409272628,-1.37794909722544e-05,1.91844253318862e-05,1.51177623033405e-05,-1.63742651002607e-05,9.89423145814072e-06,-0.00186592823434051,-2.02434457818867e-06,5.08393166676058e-06,-1.06267756878609e-05,-8.80425685600983e-06,1.12795477162919e-05,8.54817858986223e-06,-0.00186592823434051,-8.67832882178732e-06,9.97833832716566e-06,-1.49031897143104e-05,-5.76467479502796e-05,8.98907432222984e-06,-1.14370792099194e-05,-0.00201658227049517,1.90162361501933e-06,6.35576771124136e-06,1.17196056717006e-05,2.48327098999468e-05
"8:121181791:C:T",-0.00338458570350619,0.000926649636979526,-0.000441622578074785,-0.00197406621972807,-0.00582459424857884,-0.000104198615818341,-0.00141301376397607,-0.00452217256687515,-6.31381572961942e-05,-0.000727451109565624,-0.00115405549821901,-0.00791679412473156,-0.00287293301432845,-0.00162648995546544,-0.00339226078137056,-0.00342207941231498,-0.000319305389474778,-0.00237848820991315,-0.00424237446077758,-0.00443845007575305,-0.00404580492973983,-0.00316808596107432,-0.000309226532030138,-0.000667727781901384,0.370476365890345,-0.00325988007583256,-0.0105713756803096,-0.00041656746789398,0.00118028250013458,8.17074587748934e-05,0.000654913218376407,0.000436120500947546,-0.000561941010588818,-0.00126244744685167,-0.00602370500575677,-0.00165762901289224,-0.0019323419770001,-0.00370385160893605,-0.00245042828203879,-0.00272875441837961,-0.00532113297066683,-0.00772332965352174,-0.00474089763754693,-0.00197406621972807,-0.0030035099071295,-4.7138736593233e-05,-0.000457333693600681,-0.00110200456144538,-0.00372477935208071,-0.000669707117535445,-0.00272875441837961,-0.00508482054226356,-0.0018041465823293,-0.00442231092109369,-0.00289006565712535,-0.00885854857617829,-0.00422687455643578,-0.000319305389474778,-0.00466233642863667,-0.00892149027745104,-0.00156400889512787,-0.00544482994300255,-0.00197406621972807,-0.00355543337201425,-0.00114434676486752,-0.00490921417670975,-0.00283405762441369,-0.00208341355026143,-0.00069232526616414,-0.0019709752248378,-0.00839517986409977,-0.00489798327196356,-0.00146875205983488,-0.000533228722479073,-0.000892197599406508,-0.00348328055551139,-0.000661830870051006,-0.00310997382868017,-0.00450191384119503,-0.00699828587901319,-0.00096276333845946,-0.00623273833334492,-0.00218180290462033,-0.0018259705410193,-0.00348328055551139,-0.000452478938972156,-0.000495051390660084,-0.00111585280164839,0.000187542703121935,-0.00349953755530663,-0.0113679524302368,-0.00171395228733706,-0.00342861405122319,0.000187542703121935,-0.00573004514055153,-0.000319305389474778,0.000297973170277466,-0.00742426929656181,-0.00523958703583549,-0.00240927868913055,-0.00604727584525389,3.16395223221022e-05,-0.00858743249293248,-0.00328214733839172,0.000160011573355767,-0.0063731182003699,-0.00374829349423056,-7.89341753995032e-05,-0.00382732143268649,-1.39173573998619e-05,-0.00528112765863842,-0.014135694566304,-0.0063731182003699,-0.0055418550973827,0.000227547871834766,-0.00186234706900912,-0.00233871520894979,-0.000274617294262036,-0.00640462219096882,-0.0028045376219894,-0.00190609741515413,-0.0107425403848254,9.22079715017787e-05,-0.000658619191109544
"8:121184684:C:A",-3.01010040004712e-06,7.78189431116516e-07,1.35534733569642e-06,4.39668137186544e-06,2.43174917891054e-06,2.77593303632528e-06,-1.48508727750851e-05,9.71296346463646e-07,3.11498717575631e-06,-0.0018473062024178,-1.60295322437776e-06,-0.00112997927212621,-6.5904119104232e-06,6.07857174284021e-06,6.93948216312634e-06,-0.0019155662341177,3.90129472727097e-07,-0.0016568470109366,-0.00488743925623858,-0.00192458812021279,-5.45148728825495e-07,-0.000513462268426856,5.6467134585958e-06,-1.60295322437776e-06,-0.00325988007583256,0.113127323694891,-2.02680488659013e-06,5.04720467198183e-07,-0.00115148497705597,4.68114351992455e-06,-2.45053097280845e-06,6.68390729607893e-06,1.35534733480824e-06,-3.46611583434964e-06,-0.00198580723035313,-0.0030137481754986,-9.3912446699207e-06,-0.00128511346237126,-0.000191792178383388,-2.02680488659013e-06,-0.00808959264401876,-1.60295322437776e-06,-0.00142675017261951,4.39668137186544e-06,-0.00185642013423948,1.16370434266599e-06,-0.00252140877484219,-0.00256669552201405,-1.46060526056147e-05,-0.00104721862085633,-2.02680488659013e-06,-0.00155016027786736,-0.00239684038388077,-0.00130058871543604,-0.00375602379499806,5.09108147905835e-06,7.23012258596611e-06,-0.00255739515065834,5.84446910423253e-07,-0.00758372220782277,-0.0055700750943819,-0.00146806743730288,4.39668137186544e-06,-0.0021474554604195,6.07857174372839e-06,5.22281128745306e-06,-4.82537311263798e-06,-0.00548392771287798,5.86866284191245e-06,-7.77731393419856e-06,2.94614158580231e-06,-0.00161262553368857,7.13311476197021e-06,-1.49062012777534e-05,4.82013232527834e-06,-0.00347317651370638,-0.00159120461931916,4.25141335735901e-06,-6.5904119104232e-06,-9.35833683715082e-05,2.94614158580231e-06,1.92498165318966e-06,-0.00413771170933774,-1.97307431051286e-05,-0.00347317651370638,4.53995832394583e-06,8.62025331116456e-08,9.71296346463646e-07,-0.00165443288245903,-0.00186337947447512,-0.00231521865798801,-1.23835842025244e-07,-0.00160653097280949,4.68114351992455e-06,-9.75434630889893e-05,-0.00255739515065834,2.25792706753936e-06,-3.34306802685091e-07,-7.50447484358929e-05,-0.000130720454711408,-0.0013581146535353,6.53218651525123e-06,5.6467134585958e-06,-9.14041284172384e-06,4.0944455239611e-06,-0.00194365416956455,-9.67712718846769e-07,2.25792706753936e-06,-5.62606599086024e-06,-4.59994322987711e-06,4.53995832394583e-06,-0.00252622808307645,-0.00194365416956455,-4.44164589197271e-06,4.10425118069213e-06,-0.000723421834837978,-0.000968898390736328,3.77499360926237e-06,-6.10977791648537e-06,-2.20757004587568e-06,-0.00174765566999469,2.77593303632528e-06,4.68114351992455e-06,-0.00115851799432942
"8:121188557:G:A",-7.42061483105516e-06,2.06899323007548e-06,-0.00187005919606875,1.39489720050179e-05,-0.00345238664512149,8.07742992314786e-06,-2.9713368863149e-05,2.59922868650619e-06,9.19074014404941e-06,-0.00319257846382204,-0.00160610625021818,-0.00970698942636883,-1.49697469069565e-05,2.21080627378356e-05,-0.00217874260567452,2.92798347052425e-05,1.02425782966264e-06,-0.00146531772735514,1.09643124357461e-05,2.34188349779174e-06,-0.00168838253478665,-0.00290828260871479,1.96856973246895e-05,-4.07845553240804e-06,-0.0105713756803096,-2.02680488659013e-06,0.101870731102164,1.21480571202426e-06,-0.000975991553593403,1.5106836697143e-05,-6.04854356645035e-06,2.65280829996328e-05,3.67582514382292e-06,-0.00136823609932435,4.22234668118193e-06,-4.16841161605674e-05,-2.03377751528677e-05,-9.73126021879267e-05,0.000107434063770562,-5.07339320598987e-06,-0.00873798763877875,-4.07845553240804e-06,-0.00198976465312839,1.39489720050179e-05,2.52712271748834e-05,3.1348128253228e-06,-1.84941141823103e-05,7.04953902372907e-05,-2.93203655603591e-05,-1.76853896363127e-05,-5.07339320598987e-06,-1.03670743758499e-05,-2.54763451312812e-06,-0.00218287415466012,1.26672778089088e-05,-0.00225823167123362,3.66153751203413e-05,1.02425782966264e-06,1.54402845442547e-06,-0.0080614241248762,0.000117841085906178,-0.00192196919486509,1.39489720050179e-05,-0.00148868738800889,2.2108062739612e-05,1.74917431312593e-05,-1.13092328284381e-05,-5.56340535684541e-06,2.08852489622657e-05,-1.724452661378e-05,-0.00175664961806277,3.90187872572056e-05,3.20374053908168e-05,-1.40276865900901e-05,1.5694293143298e-05,-2.9713368863149e-05,-2.03377751537559e-05,1.33784048106378e-05,-1.49697469069565e-05,-0.00402251683817312,8.63133472250865e-06,5.33224939047727e-06,5.33224939136545e-06,-3.73296645106436e-05,-2.9713368863149e-05,1.45250897141125e-05,-0.000193228395396261,2.59922868650619e-06,1.5106836697143e-05,3.88183827002564e-05,1.56942931424098e-05,-4.31506499865009e-07,2.77360746068211e-05,1.5106836697143e-05,-0.00401655171574156,1.02425782966264e-06,6.44794018178629e-06,-9.6882486655403e-07,-2.64454822369586e-05,-6.93950974772761e-05,-0.000472442690232278,2.52896450314566e-05,-0.00507124491160038,-1.98844849306212e-05,1.26672778106851e-05,3.28258579163077e-06,-2.54763451312812e-06,6.44794018178629e-06,-1.30608217103756e-05,-1.08405650447452e-05,1.45250897141125e-05,-0.00964870678221263,3.28258579163077e-06,-1.07772434621012e-05,1.28133107599737e-05,-1.81217220038832e-05,-7.49469899545829e-05,1.1484992616495e-05,-1.40255526721589e-05,-0.00407043991407008,-0.00154342116510087,-0.00372342249931989,1.5106836697143e-05,3.33358375321779e-05
"8:121190184:G:A",-0.00525997356133256,-0.00378209717133249,-0.00208070330628285,-5.90114198928404e-06,-2.47526972696477e-06,-2.96295748736242e-06,-0.00120859537755269,3.33273811214951e-07,-2.97707204435227e-05,-0.00383504713010385,-0.00253093893766909,-0.00559836267210345,-0.00162548601246826,-0.00595645495520536,-1.69940347314324e-05,-2.2588293997039e-05,-3.14952345981112e-07,-0.00167993727661209,-0.00295953083318867,-8.34573157248997e-07,-0.000811273651297739,-2.1279995911172e-05,-9.46159796910706e-06,1.00267332392434e-06,-0.00041656746789398,5.04720467198183e-07,1.21480571202426e-06,0.157098415804027,-0.00115724902171443,-6.58970496836275e-06,1.40438574280921e-06,-1.46918383006067e-05,-1.22902339683151e-06,1.75936295931933e-06,-1.43540361374761e-06,-2.30185087790602e-06,-0.00320552452152256,-4.118314391377e-05,-0.000499877070597066,-0.00316043851172321,-0.00416414856919989,1.00267332392434e-06,-5.09026547401703e-06,-5.90114198928404e-06,-1.37994892499549e-05,-1.03082231639462e-06,2.32719708126439e-06,-0.00158556338741356,1.13088634190461e-06,2.33842382879601e-06,-0.00316043851172321,2.00759640112125e-06,-0.00228678521403758,-9.27502346392828e-06,-5.29761667067419e-06,-7.70843644293251e-06,-0.00114416135718365,-3.14952345981112e-07,-0.00225621309671453,-0.00431329758340615,-0.00254488179408607,-0.00147934563220886,-5.90114198928404e-06,-0.00198679993398221,-0.00295993505555181,-8.10563360875705e-06,2.10300524106088e-06,1.31232609135168e-06,-0.000436894951419298,2.34347838556914e-06,-3.22020032328396e-06,-0.0060464446120001,-0.000579398241562501,5.05336988254612e-07,-0.00271448260049922,-0.00511809377922212,-0.00343267931279989,-0.000979489683655466,2.31608632006441e-06,-0.007653650090929,-3.22020032328396e-06,-3.53011305520567e-07,-0.00189837059859688,-0.000865379841547664,-0.00511809377922212,-6.23991876835817e-06,-1.02643118893297e-07,-0.00215833926329712,-0.000146732942660321,-0.00288562675069048,-6.95082666268831e-06,-0.00411900289522471,-0.00496571789159628,-6.58970496836275e-06,-0.00218862120725083,-3.14952345981112e-07,-2.24430559114808e-06,-6.00124878413766e-06,1.63734797187232e-06,-0.00447324316944364,2.34519028108338e-06,-1.36336170246665e-05,-9.46159796910706e-06,-0.00347792575831285,-0.0017064286073829,-0.00191535822882649,6.38919959605744e-07,-2.24430559114808e-06,-0.00366961632446472,2.05756113480504e-06,-6.23991876835817e-06,-0.00200513945459013,-0.00191535822882649,-0.00421822848383968,-5.25536504003554e-06,2.33014507777796e-06,-6.14002818615234e-05,-4.65160699558709e-06,-0.00359609973339658,-0.0017134475035343,-0.00231495897191536,-2.96295748736242e-06,-0.000146732942660321,-0.000638322047685769
"8:121194696:G:A",-0.000930329823034093,1.72750172371394e-05,-0.00127793616554328,0.000162070066441977,-0.00451575692743056,9.02270087692614e-05,-0.000767953547327949,2.17158689981289e-05,9.99229029963189e-05,-0.000243251971323133,-5.68029815566362e-05,-0.00371820989188443,-0.00202544093159318,0.00025536640194801,-0.000394395820886295,5.22409524617018e-06,-0.00166469346093923,-0.00138419172915416,6.59107245386537e-05,-0.00326131394267293,-3.60910907248879e-05,-0.000972715822659787,0.000232820934044753,-0.00373237956785832,0.00118028250013458,-0.00115148497705597,-0.000975991553593403,-0.00115724902171443,0.174822670520609,-0.001904323780896,-7.25469379032617e-05,-0.00352376496356666,3.07499476326356e-05,-0.00189706322984584,3.53449250862781e-05,-0.00898249879488766,-0.00104647609576158,0.00114128529017599,-0.000994537846865207,-6.47630964252244e-05,0.000169996710516873,-5.68029815566362e-05,-0.00108935648012487,0.000162070066441977,-0.00163186832782802,2.62072240104771e-05,-0.00770150478988185,-0.000311664453953142,-0.000846642522740915,-0.000214742230530085,-6.47630964252244e-05,-0.000909870286165848,-0.00114447790913363,-0.00126260070989037,-0.0014267540570243,0.000188601185080017,-0.00233915243525029,8.54145801199024e-06,1.28838226709505e-05,-0.00177997154982501,-0.000544103137006147,-0.000188162592774432,0.000162070066441977,-0.00247375666551086,0.000255366401948898,0.000194089828858601,-0.00501294334715485,-6.86766836155428e-05,0.000243968359183278,-0.0014004870252613,-0.0016629337554166,-0.00203409415630862,0.000383613140681582,-0.00108475112980688,0.000177809392726047,-0.000767953547327949,-0.0161740149654976,0.000156939244710941,-0.00392512116593657,-0.00934336267348801,9.50477442760445e-05,-0.000307689173927095,4.46952850534643e-05,-0.000446562219335256,-0.000767953547327949,0.000167258055773445,-0.00571887401646354,2.17158689981289e-05,0.000172504171203514,-0.00105022223963402,0.000177809392725159,-0.0138639092424073,-0.00217752370391722,-0.00252184839195557,-0.00931109397895469,8.54145801199024e-06,7.60823933756427e-05,-0.000391435477298252,-0.00396635633851616,-0.00236632896469224,-0.00432861342821234,0.0003024960336937,0.000232820934044753,-0.000262714071067371,-0.00289078992415792,-0.00119126568004813,-0.00114447790913363,7.60823933756427e-05,-0.000181543687470587,-0.000135625123851568,0.000167258055773445,-0.00295969694436549,-0.00119126568004813,-0.0039140806986806,0.000151864652981892,-0.00021785629999993,-0.00829184705056552,0.000119986592839183,-0.000188498709078999,-0.000935235703759307,0.000159696243851926,9.02270087692614e-05,0.000172504171203514,0.000396391292315279
"8:121197608:C:T",2.05818889247311e-05,-7.17725393784008e-06,-0.00305133815007874,-4.52908495001125e-05,-2.22995075365162e-05,-2.61815351327854e-05,8.49480178564122e-05,-9.0288231184843e-06,-3.01634273194296e-05,5.87112579033544e-05,-0.00275468269970602,0.000434972611604856,4.3153583011879e-05,-7.36164048840138e-05,-9.84706185924722e-05,-0.000101321015343991,-3.54367719257453e-06,5.33599047791711e-05,-0.00163991128437146,-1.0552345808712e-05,-0.00284916472164731,0.00015811440812552,-6.45028580423812e-05,1.17196056717006e-05,8.17074587748934e-05,4.68114351992455e-06,1.5106836697143e-05,-6.58970496836275e-06,-0.001904323780896,0.0804434206204965,1.84103887521658e-05,-8.85743192213795e-05,-1.28037555171545e-05,2.39759069007306e-05,-1.47280461062493e-05,0.000115448586468503,5.78730966616092e-05,-0.00194014822869271,-0.00108370601407959,-0.00262443223782238,-0.000120102681279377,-0.00193221471877258,0.000132433995859493,-4.52908495001125e-05,-0.00339034872742872,-1.09041710407709e-05,5.18148250971961e-05,-0.000279598849627583,8.36970516084889e-05,5.20824187510982e-05,-0.00262443223782238,3.05066046335511e-05,6.47481704074693e-06,0.000153158351804628,-4.27480487079634e-05,-5.60969275715806e-05,-0.00114027732064859,-3.54367719257453e-06,-0.00321386334605123,-0.000811740495709756,-0.000546733366546093,-0.00650488084079726,-4.52908495001125e-05,-0.00150402939621586,-0.000925756220636842,-5.83438055246077e-05,3.36496724617774e-05,1.67688787575671e-05,-6.90008915347207e-05,5.06409314580125e-05,-2.81597606308637e-05,-0.000282761523971331,-0.000108247773193959,-0.00010193770689515,-0.00107998349140015,8.49480178564122e-05,5.78730966624974e-05,-4.32115395199162e-05,4.3153583011879e-05,-0.00166203417396993,-2.81597606308637e-05,-1.86526849734747e-05,-1.86526849725865e-05,-0.00168935197733333,8.49480178564122e-05,-0.000913045449381755,-0.00330309957123731,-9.0288231184843e-06,-4.95298059215443e-05,-0.00131007828325469,-5.16904851259881e-05,-8.42382519294915e-07,-0.00321247050607898,-4.95298059215443e-05,0.00014483891863204,-3.54367719257453e-06,-2.03947845598407e-05,1.02300932525168e-06,7.44737453048927e-05,-0.00688446733519843,4.91812519705093e-05,-8.38152700124439e-05,-6.45028580423812e-05,-0.00185658294140545,-0.0013536852895415,-1.67360340546097e-05,-0.00337592100075845,-2.03947845598407e-05,-0.00176432445061891,3.20880103990007e-05,-4.73967683420895e-05,-0.00170662576353209,-1.67360340546097e-05,-0.00158617342569123,-4.11583411628058e-05,5.3506050213592e-05,-0.00455913328263868,-0.00133852534201129,-0.00183933949495607,-0.000336107981901534,-1.05523458069356e-05,-2.61815351327854e-05,-4.95298059215443e-05,-0.000113401146081493
"8:121202822:T:C",-8.8471117924982e-06,2.47033254563434e-06,-0.000217683690545201,1.69811899768391e-05,8.43188385601934e-06,9.75585167406479e-06,-3.4453830054737e-05,3.10528250935249e-06,1.1109647894969e-05,-2.85950962179982e-05,4.46282724029246e-05,-8.77753778363299e-05,-1.76534838702835e-05,2.7187714199961e-05,3.6090504343278e-05,3.63048532099342e-05,1.22150336778759e-06,0.000182778655465121,1.31714454720822e-05,2.75126142490478e-06,-3.71056641439438e-05,-0.000210555288461478,2.41471140718374e-05,-4.87614766786493e-06,0.000654913218376407,-2.45053097280845e-06,-6.04854356645035e-06,1.40438574280921e-06,-7.25469379032617e-05,1.84103887521658e-05,0.000488290108047629,3.28305482382163e-05,4.39685253716959e-06,-1.00193110501579e-05,5.05372057535425e-06,-4.77531844715884e-05,-2.38421687077661e-05,-0.00010593526481717,0.000152913571437985,-6.04854356645035e-06,0.000100288275033833,-4.87614766786493e-06,0.000397221511987844,1.69811899768391e-05,3.11873183926892e-05,3.7474149809924e-06,-2.17408902818406e-05,-0.000388463951408902,-3.40148661361894e-05,-2.0770725516428e-05,-6.04854356645035e-06,0.000295364384323094,-3.06732684940414e-06,-6.40544999903625e-05,1.53604416412989e-05,2.06153396238307e-05,4.5871589153812e-05,1.22150336778759e-06,1.84244523282473e-06,0.000285669903979269,-0.000558998515804987,0.000357092355439903,1.69811899768391e-05,-1.71715730861166e-05,-0.00103050539600069,2.13671921578396e-05,-1.33790257148547e-05,-6.62502903825413e-06,2.56504295226279e-05,-2.02658133652278e-05,1.04289585758366e-05,4.87681533831719e-05,3.99515093123526e-05,-1.66186139161084e-05,-0.000798109705553607,-3.4453830054737e-05,-2.38421687068779e-05,1.62784162611729e-05,0.000241911987463261,3.10879630438521e-05,1.04289585758366e-05,6.3902641498359e-06,6.3902641498359e-06,-4.29384135793853e-05,-3.4453830054737e-05,1.7691803494202e-05,8.91898910282407e-08,3.10528250935249e-06,1.84103887521658e-05,4.87700451756723e-05,1.91370806774671e-05,-5.56875386692468e-07,3.40787185839631e-05,1.84103887521658e-05,3.32020852846782e-05,1.22150336778759e-06,7.78077916763209e-06,-1.19543099152963e-06,-3.07941216064478e-05,-7.74256047311184e-05,-1.97551825218412e-05,3.12543772285068e-05,2.41471140718374e-05,-2.33262388178446e-05,1.53604416412989e-05,3.82406108201394e-06,-3.06732684940414e-06,7.78077916763209e-06,-1.54520496327137e-05,-1.28347736954026e-05,1.7691803494202e-05,4.14491412454865e-05,3.82406108201394e-06,-1.28619041150912e-05,1.5583353294879e-05,-2.12700145123534e-05,7.48192856567798e-05,1.39108512930974e-05,-1.65656722499463e-05,-5.2849290629986e-05,2.75126142579296e-06,9.75585167406479e-06,1.84103887521658e-05,4.16362250845737e-05
"8:121204553:T:A",3.4633459628175e-05,-1.35469133901722e-05,-2.41446365460973e-05,-8.07357835537204e-05,-3.98969417823025e-05,-4.71501843319899e-05,-0.00193310629568977,-1.70365526503957e-05,-5.45807320504466e-05,-0.000774534676709848,2.00732584065832e-05,-0.000908695035267471,7.56319633028468e-05,-0.000130998580328168,-0.000174458084830853,-0.000181477417823039,-6.69260055286003e-06,9.27305758180452e-05,-8.06826240316028e-05,-0.000862487379206911,3.23227660725678e-06,0.00011236026110506,-0.00011430296087056,2.00732584065832e-05,0.000436120500947546,6.68390729607893e-06,2.65280829996328e-05,-1.46918383006067e-05,-0.00352376496356666,-8.85743192213795e-05,3.28305482382163e-05,0.089978413206615,-2.41446365469855e-05,4.11497420511608e-05,-2.776467397414e-05,-0.00386121001537187,0.000101595043980218,-0.00349731938348086,-0.000869543685406704,2.65280829996328e-05,-0.0018688285163142,2.00732584065832e-05,0.000238259386218687,-8.07357835537204e-05,-0.000643002740115861,-2.0568864807835e-05,-0.00430094899168676,-0.0014284383669505,0.000149736060433447,9.30153837357395e-05,2.65280829996328e-05,-0.00153295423380762,1.00930513138309e-05,0.000277549854466486,-7.80036067133949e-05,-0.000100697890605517,-0.000228805696578682,-6.69260055286003e-06,-1.00991792013616e-05,-0.00267613687648982,-0.00137867318574614,-0.00118299325958926,-8.07357835537204e-05,-0.011552663137115,-0.00013099858032728,-0.00127209710877363,5.9764340765156e-05,2.96980217022735e-05,-0.000443453416012929,-0.00385935227440992,-5.08428916639048e-05,-0.00259819743634004,0.000897772093058968,6.05380482348039e-05,-9.25658427348708e-05,0.000152236559798347,0.000101595043981106,-7.68870400706945e-05,-0.00124301750849565,-0.000831045788688201,-5.08428916639048e-05,-3.51408712155887e-05,-3.51408712147006e-05,0.000190637464942078,0.000152236559798347,-0.000274770522361578,-7.3856206581624e-06,-1.70365526503957e-05,-8.85743192213795e-05,-0.000245049385416252,-9.2565842735759e-05,-3.8016584813505e-06,-0.00152353055549259,-0.000376043736840082,-0.000838681130270302,-6.69260055286003e-06,-3.63348407663722e-05,-2.62639147763366e-07,-0.00421435210412202,-0.00440854941621804,8.73611142875319e-05,-0.000147850986254028,-0.00011430296087056,9.86778008549294e-05,-7.80036067116185e-05,-3.65289003925184e-05,1.00930513138309e-05,-3.63348407663722e-05,6.33063767425668e-05,5.67551347145923e-05,-8.46312582094555e-05,-0.00763884048102792,-3.65289003925184e-05,-0.0125265194145303,0.00116034241788476,9.57921269320039e-05,0.000332809554024927,-0.00164433858147461,6.95465298692355e-05,-0.00445355765707145,-2.21884468967204e-05,-4.71501843319899e-05,-0.00108498829913994,-0.000115503891398028
"8:121204644:C:T",-0.00252039387460634,-1.67048934418546e-06,-3.00210855197491e-06,-1.16926160149688e-05,-5.58744881651307e-06,-6.54608342909313e-06,-0.00114021408018949,-2.10656857291269e-06,-7.53871917336113e-06,-0.00386268955567548,2.92938334567339e-06,-0.00065927180152503,1.01057043453423e-05,-1.96199812485531e-05,-2.7022321938297e-05,-0.000416445023267542,-8.20818851110516e-07,1.23891666037323e-05,-0.00386514459270781,-0.00182283285616336,9.43975650535833e-07,-0.00577616648964696,-1.71053980277946e-05,2.92938334567339e-06,-0.000561941010588818,1.35534733480824e-06,3.67582514382292e-06,-1.22902339683151e-06,3.07499476326356e-05,-1.28037555171545e-05,4.39685253716959e-06,-2.41446365469855e-05,0.103043613497589,5.87967079201945e-06,-3.46194278488809e-06,2.34835883796691e-05,1.32312411693647e-05,-0.00116371939903903,-0.0030898580705534,3.67582514382292e-06,-0.00251389425565574,2.92938334567339e-06,2.59991941868876e-05,-1.16926160149688e-05,-0.00197033927437218,-0.00229547220061033,1.20978124149573e-05,-0.00412595711891317,1.80642759248784e-05,1.1840174702904e-05,3.67582514382292e-06,7.24865562684585e-06,1.75940396918151e-06,2.86374199500727e-05,-1.07374141169458e-05,-1.45456318341175e-05,-0.00248624093995176,-8.20818851110516e-07,-1.24196395034915e-06,-0.00715896457616338,-0.00376659121003797,-0.00283989863178036,-1.16926160149688e-05,-0.000827364844506739,-1.96199812485531e-05,-1.51472700533617e-05,7.89776158960365e-06,4.03944277849178e-06,-1.83406443863277e-05,-0.00367679171767676,-7.03805163926319e-06,-0.00395581046831683,-3.02110761998264e-05,-7.64837144373587e-06,-1.33741219805472e-05,1.82702515818534e-05,1.32312411693647e-05,-1.11513899598847e-05,1.01057043453423e-05,-0.00438228221408998,-7.03805163926319e-06,-0.00203085392923086,-4.40671598234132e-06,2.17810805072105e-05,1.82702515818534e-05,-1.22433301310565e-05,-0.00189139282808881,-2.10656857291269e-06,-1.28037555171545e-05,-0.00199344133193158,-1.33741219814354e-05,9.8570792417263e-08,-0.0051145395976322,-1.28037555171545e-05,-0.00501571828036917,-8.20818851110516e-07,-5.12039849898116e-06,-0.00187842365730884,1.65128287266114e-05,-0.00143613794615138,1.12823500186821e-05,-2.27798320056039e-05,-1.71053980277946e-05,-0.000370340618213838,-1.07374141160577e-05,-0.00224356660987102,-0.00184845310789861,-5.12039849898116e-06,-0.000286399948357996,7.57604324963523e-06,-1.22433301310565e-05,-0.00767615040225511,-0.00224356660987102,-0.000243522364031357,-1.06194351445765e-05,1.21118711717827e-05,-0.00321383211463022,-9.63260484798667e-06,-0.000346981293605886,-0.000171344393776529,-2.15608720566252e-06,-6.54608342909313e-06,-1.28037555171545e-05,-3.17639770042177e-05
"8:121204949:C:T",-1.25063587379515e-05,3.31791029406503e-06,-0.0017525339660116,2.22076539841964e-05,1.12725443006667e-05,-0.00533389154457531,-0.00858933016525398,4.16472543740554e-06,1.4723883207779e-05,-0.00519927224940986,-0.00149318030362355,-0.00270065133815534,-0.00130088404725015,3.45950611615464e-05,-0.00147313392422355,-0.000476838136035163,1.64522945400591e-06,2.01145946494563e-05,-9.16183508374857e-05,-0.00261980318643218,-0.00157385643567487,-0.00118086550008911,3.09943264165113e-05,-6.79964320760007e-06,-0.00126244744685167,-3.46611583434964e-06,-0.00136823609932435,1.75936295931933e-06,-0.00189706322984584,2.39759069007306e-05,-1.00193110501579e-05,4.11497420511608e-05,5.87967079201945e-06,0.145871144119354,-0.00238844541429462,-7.33084633681713e-05,-3.47500308146564e-05,-0.00215371411148002,-0.0024933757148089,-8.42338570627987e-06,-0.00304108150069826,-6.79964320760007e-06,-0.00245113835813893,2.22076539841964e-05,-0.00223175168359102,5.01862105828366e-06,-3.16222673255595e-05,-0.000818730672460966,-5.05762440532465e-05,-2.99135117654004e-05,-8.42338570627987e-06,-1.73755451733371e-05,-4.31045924287332e-06,-0.00220099752214331,2.01105387001022e-05,-0.00551288782023018,-0.00209475864624231,1.64522945400591e-06,2.47810249742741e-06,-0.00398727605025329,-0.00204663685081474,-0.00251560385890937,2.22076539841964e-05,-0.00308487891444642,-0.00256063244705906,2.75927167372458e-05,-1.89405143924404e-05,-9.22478581610875e-06,-0.00171548565652024,-0.00093847684954973,-0.00219245165231108,-0.000164637044195892,4.908594758124e-05,-0.000213651691137073,-0.00232949519603043,-5.12566009023274e-05,-0.00309756589816512,2.13333900891399e-05,-2.53394199853929e-05,-0.00109012773878137,1.38507858942205e-05,-0.00171806013505904,8.50648831907108e-06,-0.00116026623452115,-5.12566009023274e-05,2.30884760510364e-05,-0.000866459527497199,-0.00264103175159125,-0.00204282367556896,5.83976564207944e-05,2.48699967935195e-05,-0.002688647725825,-0.000185311164538682,2.39759069007306e-05,-0.00233243014702422,1.64522945400591e-06,1.04266054030688e-05,-0.00158063562760269,-4.56147350318403e-05,-0.000302977556499329,-0.000725409719565917,3.9351621659911e-05,-0.00667962248316467,-0.00461656382257658,2.01105387009903e-05,-9.19013685143355e-05,-4.31045924287332e-06,1.04266054030688e-05,-0.00490711888002959,-0.0036724036309872,2.30884760510364e-05,-0.00783399996503098,-9.19013685143355e-05,-0.000269461291804163,2.04656334474862e-05,-3.06511720769009e-05,-0.000114480314779009,1.82863639190955e-05,-0.00482371934433701,-0.000961164964459194,-0.000120357563614171,-0.00239073728989236,-0.00204282367556896,-0.00152250987150104
"8:121205487:T:C",5.91484476331061e-06,-1.92619806327343e-06,-3.46194278488809e-06,-1.34466800378874e-05,-6.42538153883265e-06,-7.53078802961937e-06,2.09969694067169e-05,-2.42909641379185e-06,-8.67552465777521e-06,-0.00322459461936209,3.36157746083643e-06,-0.00350654558428243,-0.00231164086179803,-2.25683754671024e-05,-3.10836023738048e-05,-0.00617547790340289,-9.46414101754556e-07,1.42259108075748e-05,-6.01269516780079e-05,-0.000823012652392485,1.07163272566879e-06,-0.00121552742009801,-1.96684701379013e-05,-0.00226848581498462,-0.00602370500575677,-0.00198580723035313,4.22234668118193e-06,-1.43540361374761e-06,3.53449250862781e-05,-1.47280461062493e-05,5.05372057535425e-06,-2.776467397414e-05,-3.46194278488809e-06,-0.00238844541429462,0.157857365397733,2.69877061054302e-05,1.51975713871266e-05,-0.0027015984702361,-0.000199189108548659,4.22234668118193e-06,-0.00662525669025138,3.36157746083643e-06,2.98798926019472e-05,-1.34466800378874e-05,-0.00334561395885213,-2.94094014208213e-06,1.38896788364207e-05,-0.001972447916609,-0.00286768776697777,1.36073731757946e-05,4.22234668118193e-06,8.32691501795324e-06,2.0122153729929e-06,3.29150164724012e-05,-0.00152490288059237,-0.00839814907604453,-4.15635163575345e-05,-9.46414101754556e-07,-1.4320377488275e-06,-0.0135602380646285,-0.00244866870163918,-0.00238364539636038,-1.34466800378874e-05,-0.00286804670207985,-0.00333149038439906,-0.0127342904096261,9.07545925432629e-06,4.64162350866104e-06,-2.10929203650068e-05,1.32885510426561e-05,-8.09812459401371e-06,-0.00294485565920954,-3.47379414673554e-05,-0.00390959895632648,-0.00308349669799313,0.000685521502157727,1.51975713880148e-05,-1.28225886300015e-05,1.16069157902743e-05,-0.00549933982004269,-0.00292811383750013,-5.082137109369e-06,-2.20643658854769e-05,-0.00120278018222564,0.000685521502157727,-0.0012072822542315,-4.04821406618794e-07,-2.42909641379185e-06,-0.00305620798570949,-0.00269730201902441,-0.00137138314069229,9.63597779346514e-08,-0.00125078223747455,-1.47280461062493e-05,-0.00633479205941656,-9.46414101754556e-07,-5.88686617764012e-06,5.88438079596187e-07,-0.00770709183245444,-0.000499928344602552,1.2964077250821e-05,-2.61908602645633e-05,-1.96684701379013e-05,-0.00198861251211202,-1.23651909937905e-05,-0.00234608652724866,2.0122153729929e-06,-5.88686617764012e-06,-0.00208416241031451,8.7044661425395e-06,-1.4081746195771e-05,-0.000660028009810354,-0.00234608652724866,-0.00468045022357355,-1.22092204000168e-05,1.39206742018061e-05,-0.00200154011392328,-2.72902547502341e-05,-0.00203985927507322,-0.00215146510221231,-8.5376227685785e-05,-7.53078802961937e-06,-1.47280461062493e-05,-3.65288059800406e-05
"8:121208630:G:A",-0.00314477681599357,1.32000593966453e-05,-0.00151631677191055,-0.00192574436044346,5.38170824793127e-05,-0.00212528931995326,-0.00023788059904728,1.65903870010808e-05,6.82093940236328e-05,-0.0011018021021556,-3.54814582435026e-05,-0.001104313722327,-0.000124981852517969,-0.00217896305297849,0.000224709720263228,-0.0051696626657538,-0.00189705467378065,-0.0106836226489824,-0.000132267661619778,-0.000176404729553603,-1.93607471148383e-05,-0.00115547709601316,0.000153628397979055,-0.0013033829242195,-0.00165762901289224,-0.0030137481754986,-4.16841161605674e-05,-2.30185087790602e-06,-0.00898249879488766,0.000115448586468503,-4.77531844715884e-05,-0.00386121001537187,2.34835883796691e-05,-7.33084633681713e-05,2.69877061054302e-05,0.154823154723,-0.000170151341576386,-0.00221694829449426,-0.0032583906560415,-4.16841161605674e-05,-0.0022571065790693,-3.54814582435026e-05,-0.000393014136832015,-0.00192574436044346,-0.00367141904913293,2.00180249221305e-05,-0.00275833301430861,-0.000152781015838599,-0.000235766203595666,-0.000140943351480516,-4.16841161605674e-05,-8.51238185788361e-05,-2.59172294869714e-05,-0.000454801265469484,-0.00525293315138686,0.000127326821252716,0.000277177652813876,6.52893952324263e-06,9.8464400037912e-06,-0.00454720642569706,-0.00371065828310257,-0.000382138471335836,-0.00192574436044346,-0.000250692282611098,0.000170047187060263,-0.0017504958404615,-0.00204494290425572,-4.47350790846457e-05,0.00016175055484613,-0.000138357373340448,6.45528988139077e-05,-0.000311063586303284,0.000251601175749627,-0.00301617959389411,0.000119365195923926,0.0005310548133588,-0.00525889962943449,0.000103947500044832,-0.00345267899925794,-0.00458846477278207,6.45528988139077e-05,3.41141889004248e-05,-0.0014041895585537,-0.000295387417968307,0.0005310548133588,0.000111573873017967,-9.24314463368603e-06,-0.00157013041369236,0.000115448586468503,-0.00329566644523815,-0.00223897343647561,-0.00983636843526092,-0.000401368510871691,0.000115448586468503,-0.00291951093327025,6.52893952324263e-06,5.03143197860823e-05,-1.60265702380258e-05,-0.00253005179203569,-0.00431651869548766,-0.000135742352093793,0.000198613949138782,0.000153628397979055,4.55357929283196e-05,-9.24026253015242e-05,-0.00292612639639955,-2.59172294869714e-05,5.03143197860823e-05,2.7656631258921e-05,-8.7996007177793e-05,-0.0020832909162829,-0.00299825531889342,-0.00292612639639955,-3.56646645736092e-05,0.000100194557379751,-0.000143500766489169,-0.00165146077943668,-0.0035422959418776,-0.00123456389391219,-0.00422768586372868,0.000100796664732172,6.0935764382819e-05,-0.00219197467210552,0.000260677620993022
"8:121213910:G:A",-0.0053852618956638,-0.00405558433940634,-0.00252486751315661,5.37101433186749e-05,2.70050066122351e-05,3.09356758450008e-05,-0.00202958672205789,-7.31487124907559e-05,-0.0020495363250399,-0.00346946257237946,-0.00300668499683443,-0.00551388297163102,-0.00132728668318371,-0.00744494289712527,0.000110694696926039,2.02480670967731e-05,3.68785237547797e-06,-0.00139795825107747,-0.0017673671397187,6.29928081874453e-06,-0.00141004425888624,-0.000345173414620703,7.57834649069977e-05,-1.67625725886467e-05,-0.0019323419770001,-9.3912446699207e-06,-2.03377751528677e-05,-0.00320552452152256,-0.00104647609576158,5.78730966616092e-05,-2.38421687077661e-05,0.000101595043980218,1.32312411693647e-05,-3.47500308146564e-05,1.51975713871266e-05,-0.000170151341576386,0.16454526925601,-0.0004067693932015,-0.00100801256911165,-0.00363961024652948,-0.00408193021225767,-1.67625725886467e-05,-0.000198905166556074,5.37101433186749e-05,9.57943711918929e-05,1.12844966615455e-05,-7.66152141551402e-05,-0.00423379944114366,-0.00011836422989564,-7.05605865807257e-05,-0.00363961024652948,-4.17098641856128e-05,-0.00275722808388856,-0.000232558315512499,4.74467998961003e-05,6.42679253095579e-05,-0.000674640963207018,3.68785237547797e-06,-0.00270804892006371,-0.0043753886322162,-0.00568520827322061,-0.00130150715741095,5.37101433186749e-05,-0.00415524315545079,-0.00250331186241493,6.64407292738645e-05,-4.50833531946415e-05,-2.20986946128932e-05,-0.000430669854535104,-6.89912042730612e-05,3.29296236820653e-05,-0.0055658677016952,0.000122409813134716,-6.08189952169269e-05,-0.00228672424788012,-0.00526643366880641,-0.00133682677080493,5.16579525600136e-05,-6.08917644626672e-05,-0.00874280673181094,3.29296236820653e-05,-6.31076246948581e-05,1.9190133994762e-05,-0.000653991079825111,-0.00526643366880641,5.57817712119046e-05,-1.71036772300681e-06,-0.00178748071623502,-0.000166299859044372,-0.00458996391111466,5.99843842481462e-05,-0.00158019000948073,-0.00452628976483993,5.78730966616092e-05,-0.00305154154669118,3.68785237547797e-06,2.50677653337306e-05,-9.5454319182231e-05,-0.000108331203524159,-0.0057731013672635,-6.74053343097114e-05,9.71668314404539e-05,7.57834649069977e-05,-0.00282343934051532,-0.000997865517378571,-0.00163540888437996,-1.12623778116827e-05,2.50677653337306e-05,-0.00298782068989212,-4.34052555489117e-05,5.57817712119046e-05,8.97227347484986e-05,-0.00163540888437996,-0.00350013546602934,4.96249425996353e-05,-7.21137328323351e-05,-0.000425065396781221,4.31962988782786e-05,-0.00291850265301274,-0.00171667502324224,6.29928082052089e-06,3.0935675845889e-05,-0.00245936566729821,-0.00336182946480701
"8:121213911:A:C",-0.000300343064096431,1.97931071799218e-05,-0.000177029551240437,0.000230672701923673,0.000115019830980501,0.000126171392083485,-0.000539515320941319,2.48831553779638e-05,0.000137578654814341,6.12054886595104e-05,-8.8492694021447e-05,-0.0011564748046573,5.35877310641197e-05,-0.00210620481423618,-0.000881802483981176,-0.00285922789874427,-0.000202486823282833,-0.00100595514439306,-0.00065963849183337,-2.89871672229935e-05,-6.55342386259861e-05,-0.00380879220496144,0.000333326960306302,-0.000345371186865506,-0.00370385160893605,-0.00128511346237126,-9.73126021879267e-05,-4.118314391377e-05,0.00114128529017599,-0.00194014822869271,-0.00010593526481717,-0.00349731938348086,-0.00116371939903903,-0.00215371411148002,-0.0027015984702361,-0.00221694829449426,-0.0004067693932015,0.108714867608719,0.000679694647241824,-9.73126021879267e-05,8.73806098633523e-05,-8.8492694021447e-05,-0.00162475894635428,0.000230672701923673,-7.68380001074931e-05,-0.00318711327431753,-0.00372077830108797,0.000157965128011028,-0.000450617328703551,-0.000317217447135754,-9.73126021879267e-05,-0.00225684200764764,-0.000301501254334369,-0.00162171517981857,-0.00148823648177032,0.00026254379972368,1.24205377396436e-05,9.78505346882486e-06,1.47607314744391e-05,-6.4477060795376e-05,0.00149259813908564,-0.00250777736406427,0.000230672701923673,0.00163805068744427,0.00036085814370157,0.000269140911692389,-0.00187879391125723,-0.000101648173218116,0.000346936895585515,-0.00169442468526615,0.00013184251434506,-0.000241941855722239,-0.0008699189714374,-0.00159703343282747,0.000249576294849341,-0.00104614612437093,-0.00382242397177901,-0.00160811643991821,-0.00374741190083139,-0.00196697949012314,-0.0094917308372251,-6.74477177362576e-05,-0.00149206275913993,-0.000822345952341763,-0.00104614612437093,0.000236902530323491,-0.00605713920931805,-0.00143620069548867,0.000243203321842245,0.000211766699075078,0.000249576294848453,-0.00309360631639422,-0.000100830808587915,-0.0021674175336539,-0.000193075850975166,9.78505346882486e-06,0.000109537267397819,-2.16665428061091e-05,-0.00140911767330465,-0.000389281572340749,-0.00312551808492145,0.00043416348877745,0.000333326960306302,-0.00133789446344768,-9.13606533217148e-05,-7.91983607664193e-05,-0.00272705440811638,0.000109537267397819,-0.00131071774531755,-0.000985832780272311,-0.00207550814876623,-0.000491149700165838,-7.91983607664193e-05,-9.06068886745715e-05,0.000218421196442442,-0.000320316951746058,0.000225716478269966,0.000161196279959697,-0.00127560618669342,-0.00486560381348911,0.000147383683672508,0.000126171392083485,-0.00194014822869271,-0.00135089621114304
"8:121215073:G:A",-0.00132107014226257,-0.000321138824600276,-0.00457190891124881,-0.0007729360145321,-0.000203304972781204,-0.00109050025366653,-0.00156283062541984,-0.000902601333862663,-0.0124661211985764,-0.00885563908525899,-0.0015427989551462,-0.00713308068504626,-0.00117885748250846,-0.000688669998926805,-0.000916337822682856,-0.00308037818120255,-0.00157030087818377,-0.00118251156300353,-0.0045921890596361,-0.00417543543613075,-0.00185120272201722,-0.00708169831053507,-0.000361441901759463,6.06466638277681e-05,-0.00245042828203879,-0.000191792178383388,0.000107434063770562,-0.000499877070597066,-0.000994537846865207,-0.00108370601407959,0.000152913571437985,-0.000869543685406704,-0.0030898580705534,-0.0024933757148089,-0.000199189108548659,-0.0032583906560415,-0.00100801256911165,0.000679694647241824,0.26398851396579,-0.00212848121735565,-0.00492067423923581,-0.0015427989551462,-0.00287177432769692,-0.0007729360145321,-0.00084467793342391,-0.000147213758224574,-0.0105090747467846,-0.00294514488472775,-0.00212149669951955,-0.00286619082552164,-0.00212848121735565,0.000217491179474116,-0.000170615786972306,-0.00317316201795403,2.41449558853191e-05,-0.00408998670572558,1.38448271735925e-05,-0.00157030087818377,-0.00139971297185326,-0.00554541985230461,-0.00686025469835627,-0.00694017501531707,-0.0007729360145321,-0.00600554638625761,-0.00118886904841808,-0.00498289724006007,0.000262024223248503,0.000130333868468391,-0.000925172432997279,-0.00217614070304339,0.000173871644930657,-0.00328086152142415,-0.00234290729531494,-0.00160635531520104,-0.00117568304078297,-0.0017599526627734,-0.00291669781265291,-0.00775284170960155,-0.00255084067622668,-0.00922795229633699,-0.000280848689853563,-0.00129582111178905,-0.00121087937182107,-0.00102379507187855,-0.0017599526627734,-0.000440415437660491,-0.00434509323149879,-0.00131976830731872,-0.000468199080504661,-0.00108500395801059,-0.00117568304078297,-0.00407401226459925,-0.00288989068767354,0.000811060362906346,-0.0106539074144401,-4.76806007299047e-05,-0.0001781842016646,-0.00175339671141295,-0.000607258937852073,-0.000561832477696811,0.000373785916768732,0.00107371493490849,-0.000361441901759463,-0.000610592526252063,-0.00162239883260007,-0.00110449690851055,-0.00303133705904202,0.00071051190264626,-0.000451355756767136,-0.00197259824653173,-0.000959906243258146,-0.00872834345691498,-0.00110449690851055,-0.000869413782369932,-0.000359424590739899,0.000436772465806534,-0.00364853357244499,-0.000565509112377072,-0.00199237291242849,-0.00526173871618285,-0.00467922796861497,-0.000477226037476797,-0.00108370601407959,0.0006148770697747
"8:121217886:A:G",-7.42061483105516e-06,-0.00279543167791019,-0.000426728060049619,1.39489720050179e-05,6.98580913827129e-06,8.07742992314786e-06,-2.9713368863149e-05,2.59922868650619e-06,9.19074014404941e-06,-0.00319257846382204,-0.000144052576402487,-0.00520281695927149,-1.49697469069565e-05,2.21080627378356e-05,2.9076394186589e-05,2.92798347052425e-05,1.02425782966264e-06,-1.89627385633884e-05,-0.00160012680689459,2.34188349779174e-06,-0.000226055311886242,-0.00169655731441498,1.96856973246895e-05,-4.07845553240804e-06,-0.00272875441837961,-2.02680488659013e-06,-5.07339320598987e-06,-0.00316043851172321,-6.47630964252244e-05,-0.00262443223782238,-6.04854356645035e-06,2.65280829996328e-05,3.67582514382292e-06,-8.42338570627987e-06,4.22234668118193e-06,-4.16841161605674e-05,-0.00363961024652948,-9.73126021879267e-05,-0.00212848121735565,0.0883631194669858,-0.000104602056834935,-0.00160610625021818,-4.85130956242585e-05,1.39489720050179e-05,2.52712271748834e-05,3.1348128253228e-06,-1.84941141823103e-05,-0.00260214315365648,-2.93203655603591e-05,-1.76853896363127e-05,0.000178618990991808,-1.03670743758499e-05,-2.54763451312812e-06,-5.67506305220178e-05,1.26672778089088e-05,1.68866624772335e-05,-0.00258913593910393,1.02425782966264e-06,-0.00203259200709649,-0.000565319797330766,-0.00232199936074817,-0.00128751541701888,1.39489720050179e-05,-0.00866123680170805,-0.00244125521912242,1.74917431312593e-05,-1.13092328284381e-05,-5.56340535684541e-06,-0.00223470277954441,-1.724452661378e-05,8.63133472250865e-06,-0.00281486728944813,3.20374053908168e-05,-1.40276865900901e-05,-0.00262351310069064,-2.9713368863149e-05,-2.03377751537559e-05,1.33784048106378e-05,-1.49697469069565e-05,-0.00420616515096217,8.63133472250865e-06,5.33224939047727e-06,5.33224939136545e-06,-3.73296645106436e-05,-2.9713368863149e-05,1.45250897141125e-05,-0.00170634349716803,2.59922868650619e-06,1.5106836697143e-05,3.88183827002564e-05,1.56942931424098e-05,-4.31506499865009e-07,-0.00283670826778604,1.5106836697143e-05,-0.000401791559151654,1.02425782966264e-06,6.44794018178629e-06,-9.6882486655403e-07,-2.64454822369586e-05,-6.93950974772761e-05,-1.67990628288095e-05,2.52896450314566e-05,1.96856973246895e-05,-0.00142500621386787,-0.00291001923103096,-0.00306867717065984,-0.00166857737832871,6.44794018178629e-06,-1.30608217103756e-05,-1.08405650447452e-05,1.45250897141125e-05,-0.00195540217642076,-0.00306867717065984,-0.00323777842886219,1.28133107599737e-05,-1.81217220038832e-05,-0.000121383910756556,1.1484992616495e-05,-1.40255526721589e-05,-0.000264595742679674,2.34188349867992e-06,8.07742992314786e-06,1.5106836697143e-05,3.33358375321779e-05
"8:121218601:T:C",-0.000897050188113813,-0.00158927759527572,-0.00633638403317871,-0.000777510893086308,-0.00483535000541568,-0.00236151762144488,-0.000500503628555471,-0.00749618180292799,-0.00338891118909679,-0.00356260624799365,-0.00608164100709363,-0.00551651686256616,-0.00552024489374192,-0.00155987664487967,-0.000282181903430434,-0.00520273752825862,-1.1451989609057e-05,-0.0020726086234033,-0.000173985643435959,-0.00105399654738481,-0.0133716214216033,-0.00786308279020798,-0.0068587088315013,-0.00370909499533667,-0.00532113297066683,-0.00808959264401876,-0.00873798763877875,-0.00416414856919989,0.000169996710516873,-0.000120102681279377,0.000100288275033833,-0.0018688285163142,-0.00251389425565574,-0.00304108150069826,-0.00662525669025138,-0.0022571065790693,-0.00408193021225767,8.73806098633523e-05,-0.00492067423923581,-0.000104602056834935,0.37815614326359,-4.62646622718665e-05,-0.00129544899520662,-0.000777510893086308,-0.000704159226456724,-0.000906720692209539,-0.00243408053847949,-0.00298632478873628,-0.0019241251382871,-0.000128306404313605,-0.000104602056834935,-0.00103790740151588,-1.22150104724383e-05,-0.00118183682216788,-0.00802145260022291,-0.0015862421962507,-0.00104743970631871,-1.14519896099452e-05,-0.000649745282053082,-0.0134028593502915,-0.00266939381177744,-0.00655513140352415,-0.000777510893086308,-0.00466532833353517,-0.000986652502859897,-0.00237764838658361,-0.00321811269386174,-0.00135566220874583,-0.00540029157089617,-0.00143216878818997,-0.0094659739198022,-0.00212056842627595,-0.00237191873238451,-0.00119322594745963,-0.000387791048390262,-0.000703934021181407,-0.00655102360985849,-0.00594165748611175,-0.000152164738447258,-0.000783798859691931,-0.00181352488271447,-0.000642138132268766,-0.00106222797288336,-0.00120853968614831,-0.000703934021181407,-0.000154704224560653,-0.00343460475347168,-0.00426183749087095,-0.00308564285114077,-0.00391711682074947,-0.016514832090551,-0.00666724715204081,-0.00220820603194882,-0.000670222412050947,-0.00106306666144418,-1.14519896099452e-05,-0.000121326057703541,-0.00100429958736425,-0.00422339673845107,-0.00965567172143311,-0.00689147858034822,0.000181171431330007,-0.00629665431189697,-0.00306220920022504,-0.00510676079215111,-0.00276999580745496,-0.00213310381286513,0.00021263741061528,-0.00335045716475735,-0.000879398392507724,-0.000527653850362242,-0.000942580813482863,-0.00276999580745496,-0.00547392598813135,9.98202298676532e-05,-0.000746620579884727,-0.00922653874904444,-0.000170325315597353,-0.00680408864951065,-0.00396776263660659,-0.00111028011000647,-0.0125227690488572,-0.000249316287677104,-0.00134349817415469
"8:121219174:T:A",-5.97250475564692e-06,1.65363661164264e-06,-0.00199752575170109,1.08426654872318e-05,5.50463292636749e-06,6.35576771124136e-06,-2.48684045063285e-05,-0.000626554901288934,7.22006821263221e-06,-0.0057393724178354,-0.00173188966279714,-0.0019751833040651,-0.00298800076817418,1.68999694221128e-05,2.1884457298782e-05,2.20540874140696e-05,8.20164051340555e-07,-1.55861610853236e-05,8.65433851071629e-06,-0.00249773008396748,-0.00182810249384335,-0.0047206425698425,1.51177623033405e-05,-3.26722690680015e-06,-0.00772332965352174,-1.60295322437776e-06,-4.07845553240804e-06,1.00267332392434e-06,-5.68029815566362e-05,-0.00193221471877258,-4.87614766786493e-06,2.00732584065832e-05,2.92938334567339e-06,-6.79964320760007e-06,3.36157746083643e-06,-3.54814582435026e-05,-1.67625725886467e-05,-8.8492694021447e-05,-0.0015427989551462,-0.00160610625021818,-4.62646622718665e-05,0.0835815401044053,-0.000221983001674531,1.08426654872318e-05,1.91962173721194e-05,2.50068447016361e-06,-1.51862582988826e-05,4.72990592221834e-05,-2.45230237867489e-05,-1.45320244060443e-05,-0.00160610625021818,-8.41039028998125e-06,-2.02434457818867e-06,-0.000313944691602508,-0.00223997756808281,1.30590542983811e-05,-0.00196823917294253,-0.00236232743912623,-0.00216974435805461,-0.00257529666690193,6.19764927467514e-05,-0.000191512186137999,1.08426654872318e-05,-0.00437044937994457,1.68999694221128e-05,1.35120340694073e-05,-9.19467847904087e-06,-0.00141308640571136,1.60028430382653e-05,-1.41574725454063e-05,6.78625804262367e-06,2.8848065562137e-05,2.3934263376546e-05,-1.1401529560473e-05,1.21628615339375e-05,-2.48684045063285e-05,-0.0015232735350672,1.04089365695614e-05,-0.00153056958395847,-0.00179675601054008,6.78625804262367e-06,4.23658808923477e-06,4.23658809012295e-06,-3.15950248923613e-05,-2.48684045063285e-05,1.12795477162919e-05,-0.00254699066385378,2.07544683039629e-06,1.17196056717006e-05,-0.00212812580838317,1.21628615330494e-05,-0.00182796077657077,2.11013345596811e-05,1.17196056717006e-05,-0.0015600996028251,-0.00236232743912623,-0.000425631749942923,-7.49290316903739e-07,-0.00156731043733949,4.93234540268617e-05,-1.37794909722544e-05,1.91844253318862e-05,1.51177623033405e-05,-1.63742651002607e-05,9.89423145814072e-06,2.68533842184837e-06,-0.00268215363962288,5.08393166676058e-06,-1.06267756878609e-05,-8.80425685600983e-06,1.12795477162919e-05,-0.00030195112830711,2.68533842184837e-06,-8.67832882178732e-06,9.97833832716566e-06,-1.49031897143104e-05,-0.00369537959039512,-0.00213080376435748,-1.14370792099194e-05,-0.00127712404840885,1.90162361501933e-06,6.35576771124136e-06,1.17196056717006e-05,2.48327098999468e-05
"8:121223036:A:G",-7.94518276032719e-05,1.46123364501705e-05,-0.000237299764553889,-0.00179719541971757,-0.00079492489121602,6.97795710031812e-05,-0.000795188094662613,-0.000116993995510128,-0.00239033730019766,-0.00390747162670291,-0.00311373694051564,0.000210014721976126,-0.00336211719795276,0.000195165411664533,-0.00155597029279253,-0.00148846081810028,7.22691574583934e-06,-0.00575155903192037,-8.57644697926929e-05,-0.00573388428974297,-0.000747552268644647,-0.0027359331240695,0.00017681839995376,-4.16768980375792e-05,-0.00474089763754693,-0.00142675017261951,-0.00198976465312839,-5.09026547401703e-06,-0.00108935648012487,0.000132433995859493,0.000397221511987844,0.000238259386218687,2.59991941868876e-05,-0.00245113835813893,2.98798926019472e-05,-0.000393014136832015,-0.000198905166556074,-0.00162475894635428,-0.00287177432769692,-4.85130956242585e-05,-0.00129544899520662,-0.000221983001674531,0.167083417232102,-0.00179719541971757,0.000219245917611133,2.21615040745249e-05,-0.00136737583071866,-0.000412216906477525,-0.00104839485134001,0.000920056268775227,-4.85130956242585e-05,-0.00254881749366742,-3.11337022136371e-05,0.00282106430149831,-0.00174244973433435,-0.00420201568015344,-0.00191818959325385,-0.00195336884777131,-0.00287450714079274,-0.000201755973517681,-0.000545780015036357,-0.00720647822441034,-0.00179719541971757,-0.00601243307091659,-0.00224005744732114,0.000150187663526147,-0.00630812326411689,-0.00105730763748557,-0.0026083322253454,-0.000160539822740446,-0.000712002605095741,-9.98951646913326e-06,0.000289548165398834,-0.000297615774382365,-0.00205712781430645,-0.00027619391295719,-0.00337947675711359,0.000119615419784225,-0.00465774121142015,-0.00351208542333126,-0.00197187687778477,-0.00263787892019351,3.77732209173587e-05,-0.000342453850987745,-0.00027619391295719,0.000128115096484471,-0.00379091426292,-0.00274093887872784,-0.00530108867836532,0.000334080923117597,0.000136799929125964,-0.00282062306699871,-0.000114697487216375,0.000132433995859493,-0.000817582905682457,-0.000128183685127681,-0.000608335106898394,-0.00284434685350377,0.000435299131653188,-0.00575413578622452,-0.00392665105966117,0.000228724316036377,-0.00223810561309712,-0.000196127939673829,-0.00350402539107453,-0.00143450004252266,-0.00141902882565947,-0.000608335106898394,-0.000133713095421761,-0.000102254245856415,-0.000249072425663854,-0.000629201283707914,-0.00143450004252266,-0.00252579882519743,0.000115433191301584,0.000978739575063337,-0.00253341558754716,-4.89005808939069e-05,-0.00324174533712274,-0.00438309011045712,-0.000160837899017885,-0.00108638927374827,0.000132433995859493,0.000299729673954197
"8:121231319:A:G",1.90907640673643e-05,-6.55901922375079e-06,-1.16926160140807e-05,0.00121404784285506,-2.04584590468571e-05,-2.39908817487589e-05,7.89746329079577e-05,-8.24917978103912e-06,-2.76107339098886e-05,2.57620189172414e-05,1.08426654872318e-05,-0.000803956831621377,-0.00169586496759244,-6.71598430450615e-05,-8.96188323471492e-05,-9.20431201665295e-05,-3.23991338024854e-06,4.95359934538087e-05,-3.77452479245477e-05,-9.51466600351836e-06,2.73442768783383e-06,-0.00041770451738099,-5.89409897067128e-05,1.08426654872318e-05,-0.00197406621972807,4.39668137186544e-06,1.39489720050179e-05,-5.90114198928404e-06,0.000162070066441977,-4.52908495001125e-05,1.69811899768391e-05,-8.07357835537204e-05,-1.16926160149688e-05,2.22076539841964e-05,-1.34466800378874e-05,-0.00192574436044346,5.37101433186749e-05,0.000230672701923673,-0.0007729360145321,1.39489720050179e-05,-0.000777510893086308,1.08426654872318e-05,-0.00179719541971757,0.0583577766847716,-0.00425975120596878,-9.9602489340711e-06,-0.00150767592929046,-0.00194715210317398,7.78091379007861e-05,4.82336041596199e-05,1.39489720050179e-05,2.8213105354169e-05,6.03825401057634e-06,-0.00200321984296714,-3.90284691871301e-05,-5.12308553899388e-05,-0.000870446189921381,-3.23991338024854e-06,-4.88938735365707e-06,-0.00133437796694835,-0.0014289948427999,-0.0017064038268142,0.00121404784285506,-0.0121682763874649,-6.71598430441733e-05,-5.32611075643175e-05,-0.00285281777596413,1.54741757896204e-05,-6.29995425933672e-05,4.69005421033231e-05,-2.57896781246103e-05,-0.0041244663807527,-9.84985656300452e-05,3.4366175413858e-05,-4.72461941249946e-05,7.89746329079577e-05,5.37101433186749e-05,-3.95673837489952e-05,-0.00169586496759244,-0.000649299583141527,-2.57896781246103e-05,-1.70215453838551e-05,-1.70215453847433e-05,-0.00257455513128857,7.89746329079577e-05,-4.33595575852763e-05,-2.380392664314e-06,-8.24917978103912e-06,-4.52908495001125e-05,-0.000124606198244948,-4.72461941258828e-05,-6.53701938801987e-07,-0.00407816346604761,-0.000749967230457393,-0.000730194129959116,-3.23991338024854e-06,-1.87240526248189e-05,1.05110066783709e-06,-0.00155597492666537,0.000169226473522244,4.55512091175336e-05,-7.64572169220656e-05,-5.89409897067128e-05,5.2336599304148e-05,-3.90284691880183e-05,-1.49973126228886e-05,6.03825401057634e-06,-1.87240526248189e-05,3.41332882456413e-05,2.96689158689745e-05,0.000971355546544928,-0.000791974657558647,-1.49973126228886e-05,2.42093907338869e-05,-3.77056539893061e-05,4.95506872892904e-05,-0.00336734882541734,-3.51259978730312e-05,3.70962409199649e-05,-0.000905162728547459,-9.51466600263018e-06,-2.39908817487589e-05,-4.52908495001125e-05,-0.000103110370248238
"8:121232829:C:T",-0.00219820018313399,-1.28918464419314e-05,-0.00171839538370033,-0.00425975120596878,-3.8308642103857e-05,-4.53032875062931e-05,-0.000261300872145043,-1.62239850132195e-05,-5.24891354523049e-05,3.40715098410271e-05,-0.00212909239258963,-0.00565670323649803,7.15837598583846e-05,-0.00327064791510523,-0.000969054711191575,-0.00160388402842937,-6.36029873213317e-06,2.13064956637865e-05,-0.000438809251640748,-4.04142778966943e-05,-0.00182841450946558,-5.48410060039473e-05,-0.000449842133805944,-0.00361924868652164,-0.0030035099071295,-0.00185642013423948,2.52712271748834e-05,-1.37994892499549e-05,-0.00163186832782802,-0.00339034872742872,3.11873183926892e-05,-0.000643002740115861,-0.00197033927437218,-0.00223175168359102,-0.00334561395885213,-0.00367141904913293,9.57943711918929e-05,-7.68380001074931e-05,-0.00084467793342391,2.52712271748834e-05,-0.000704159226456724,1.91962173721194e-05,0.000219245917611133,-0.00425975120596878,0.121663838712077,-1.96015571676256e-05,-0.00204507721486547,-0.00193394290127369,0.000139743847199725,8.75578292998114e-05,2.52712271748834e-05,5.09542224014226e-05,-0.00232108212914461,0.000253445596388069,-0.00146215261311777,-0.00141010614555626,-0.000226389145164596,-6.36029873213317e-06,-9.60424280016525e-06,0.000546826205933382,-0.00108572926272732,-0.00170455211974829,-0.00425975120596878,0.000168843832343946,-0.000127612129131371,-0.00144106746063866,5.65794700913003e-05,2.82487500076201e-05,-0.000966759072109191,-0.00302767355971678,-4.88718315523329e-05,0.000384669296932039,-0.000187207677213586,-0.000482946651612082,-8.96136192256591e-05,-0.00149657098800215,-0.00206562033806001,-7.42744678756679e-05,7.15837598583846e-05,-0.00186264129154035,-0.0030348603566317,-3.35850146173655e-05,-0.00154534522649818,0.000176509061248886,-0.00149657098800215,-8.18397587094566e-05,-0.00237948669654031,-1.62239850132195e-05,-8.57000907350525e-05,-0.000267058321160363,-0.00132088442042644,-0.00178934954023635,0.000421233017645406,-8.57000907350525e-05,-0.00246033852686489,-6.36029873213317e-06,-3.48806841241611e-05,-4.81542237196209e-08,0.000123235494045026,0.000194952448691943,8.23753457481757e-05,-0.000144413107173946,-0.00011107026135182,9.31299748350156e-05,-7.52743553862345e-05,-0.00244774223255018,-0.00232108212914461,-3.48806841241611e-05,6.01836792579746e-05,5.37855574753721e-05,-0.00367275550919022,-0.00376612949945443,-0.00244774223255018,7.74744232501234e-06,-7.05674693426417e-05,9.00981630316267e-05,-0.00307930939248013,-0.0015704392661231,6.59629188923816e-05,-0.00188417369773131,-0.00412938727647028,-4.53032875062931e-05,-8.57000907350525e-05,-0.000196616682432982
"8:121233681:T:C",-7.79795023939656e-05,-1.41924713403796e-06,-2.55038031049537e-06,-9.9602489340711e-06,-4.75981272707315e-06,-5.57424675395879e-06,-0.00329491906069546,-1.78969144393193e-06,-6.41747780782964e-06,-0.00444119319922276,2.50068447016361e-06,-0.0049229162811848,-0.00180061148286903,-1.67093628791193e-05,-2.30132049585663e-05,-0.00179873293559663,-6.97404381355682e-07,1.05695685448381e-05,-0.00442946291725921,-0.00214271831443558,8.14335017196299e-07,1.85592248476141e-05,-1.45732677303556e-05,2.50068447016361e-06,-4.7138736593233e-05,1.16370434266599e-06,3.1348128253228e-06,-1.03082231639462e-06,2.62072240104771e-05,-1.09041710407709e-05,3.7474149809924e-06,-2.0568864807835e-05,-0.00229547220061033,5.01862105828366e-06,-2.94094014208213e-06,2.00180249221305e-05,1.12844966615455e-05,-0.00318711327431753,-0.000147213758224574,3.1348128253228e-06,-0.000906720692209539,2.50068447016361e-06,2.21615040745249e-05,-9.9602489340711e-06,-1.96015571676256e-05,0.0815675211784566,1.03222366218958e-05,-0.00363039032757495,-0.00145814542760903,1.00925400818852e-05,3.1348128253228e-06,-0.002805141658067,1.50688048705661e-06,2.44080303373195e-05,-0.00255021020317781,-1.23837077170563e-05,-3.07246004842554e-05,-6.97404381355682e-07,-1.05520028981232e-06,-6.024904632973e-05,-0.00325495083555438,-0.00565580211476124,-9.9602489340711e-06,-0.00267677206651573,-1.67093628782311e-05,-1.28946781687844e-05,6.73282541807652e-06,3.44374315197626e-06,-1.56226456891062e-05,9.85767509131819e-06,-5.9921786270678e-06,-0.000384371056274091,-2.57388706312867e-05,-0.000693825476206555,-1.13886629806714e-05,1.55736681035634e-05,1.12844966615455e-05,-9.5004362927753e-06,8.61928667905687e-06,-0.00210004640150618,-5.9921786270678e-06,-3.74331456320931e-06,-0.00242691553261842,-0.001028738687471,1.55736681035634e-05,-0.00142503443609776,1.16985929388136e-07,-1.78969144393193e-06,-1.09041710407709e-05,-0.00175059865433447,-1.13886629815596e-05,9.64123127999983e-08,-1.88452499410019e-05,-1.09041710407709e-05,-0.00213367006589937,-6.97404381355682e-07,-4.36298639083788e-06,4.58622524845964e-07,-0.00242023912246303,-0.00251747065928676,-0.00308898767450483,8.01620738233311e-06,-1.45732677303556e-05,1.10505875801081e-05,-9.13411901670713e-06,2.05951265463966e-06,-0.00208203180291999,-4.36298639083788e-06,7.54532725633084e-06,6.45951399569356e-06,-1.04280976964688e-05,-0.00189201427724051,2.05951265463966e-06,5.97308341188096e-06,-9.04847668792286e-06,1.03233624999532e-05,-0.000465903721661221,-0.00185778262090697,8.09208269814121e-06,-0.00160151778983408,-0.00196578586421836,-5.57424675395879e-06,-1.09041710407709e-05,-2.705802952363e-05
"8:121236495:A:G",-0.00262754131917653,6.81916973022112e-06,-2.57055910504178e-05,-0.00150767592929046,2.43596683393577e-05,-9.02023674473895e-05,-0.000111340222256118,8.56275405070051e-06,3.15271981046195e-05,-0.00120067874793062,-0.00281207250835713,-0.0035473071262162,-5.58515316946284e-05,-0.00179533931797504,9.75359664758813e-05,-0.000590059571019985,-0.00222197547231495,-0.00894876018446222,-0.00790938355501503,-8.14231637038532e-05,-0.0024887661991837,-0.00323014088549023,-0.000918779775846978,-0.00160522719828027,-0.000457333693600681,-0.00252140877484219,-1.84941141823103e-05,2.32719708126439e-06,-0.00770150478988185,5.18148250971961e-05,-2.17408902818406e-05,-0.00430094899168676,1.20978124149573e-05,-3.16222673255595e-05,1.38896788364207e-05,-0.00275833301430861,-7.66152141551402e-05,-0.00372077830108797,-0.0105090747467846,-1.84941141823103e-05,-0.00243408053847949,-1.51862582988826e-05,-0.00136737583071866,-0.00150767592929046,-0.00204507721486547,1.03222366218958e-05,0.187893837482197,-0.00108056135839796,-0.000110022001529764,-6.497706980646e-05,-1.84941141823103e-05,-3.81194277467856e-05,-1.01064201132317e-05,-0.00126755233386522,-0.00427839008203623,5.74919818303599e-05,3.23237842012603e-05,3.37892803781159e-06,5.09129110781714e-06,-0.0139128051464219,-0.011033200772224,-0.000179224137084155,-0.00150767592929046,0.000246330743502998,7.50394044386482e-05,-0.00214554341910844,-0.00501763255805443,-2.01250385911678e-05,-0.0032030406337098,-6.3494005959619e-05,2.97118714955857e-05,-0.000622123407105768,-0.00071683816952639,-0.000195718446607707,5.36914177660108e-05,4.9954728727819e-05,-0.00389417388407853,4.62779224470466e-05,-0.0029057757526969,-0.00630779826071759,2.97118714955857e-05,-2.01430283119919e-05,-0.000753190631330725,-0.000140619296320033,4.9954728727819e-05,4.99538157079371e-05,-1.31115388946057e-06,-0.00190043482540414,5.18148250971961e-05,-0.0019162711278442,-0.00182635811923415,-0.0081827344874803,-0.000678922430285667,5.18148250971961e-05,-0.00441544135627758,3.37892803781159e-06,2.26062790789072e-05,-5.01419402327841e-05,-0.000684863872825403,-0.0052550735156176,-6.19960892569438e-05,-0.000187835930812952,6.74218224272494e-05,5.50514959085646e-05,9.12345177184193e-08,-3.18186488756922e-05,-1.01064201132317e-05,2.26062790789072e-05,3.24455174069982e-05,-0.00344330240221957,-0.00166701687623316,-0.00325616502434123,-3.18186488756922e-05,-0.000153606692926189,4.44627285434152e-05,-6.64454921235347e-05,-0.00311968974201182,-0.004238770361634,-0.00149110684778542,-0.00191855305332966,-0.000103752625091325,2.79122912720808e-05,-0.00257798815262156,-0.00120876619205657
"8:121236908:T:C",-0.000767600832343618,-0.00153828737563355,-0.00123440362411742,-0.00194715210317398,-0.00012118078697565,-0.00042965374363213,-0.0049857408108327,-0.00432350655966562,5.93834821227546e-06,-0.00199807487886172,-3.7424360366245e-06,-0.0060185954648535,-0.000455257293763722,-0.000459368935011639,-3.19624494204973e-05,-0.00175148501226197,-0.00689441930166446,-0.00116006317387907,-0.00167702101448253,-0.00168234411413426,-0.00336128508790878,-0.00678990506554378,-0.000352547312333584,-0.0013496575682943,-0.00110200456144538,-0.00256669552201405,7.04953902372907e-05,-0.00158556338741356,-0.000311664453953142,-0.000279598849627583,-0.000388463951408902,-0.0014284383669505,-0.00412595711891317,-0.000818730672460966,-0.001972447916609,-0.000152781015838599,-0.00423379944114366,0.000157965128011028,-0.00294514488472775,-0.00260214315365648,-0.00298632478873628,4.72990592221834e-05,-0.000412216906477525,-0.00194715210317398,-0.00193394290127369,-0.00363039032757495,-0.00108056135839796,0.238204604557693,-0.00131643878839238,-0.000591018539326527,-0.00260214315365648,-0.00153423997993762,-0.00178200978844778,6.63610109441493e-06,-0.000293148913368846,-0.00291440785246078,-0.00417414240691194,-0.00198211647238633,-0.00179992358658154,-0.0049460081949908,-0.0017203198626401,-0.000200241101548038,-0.00194715210317398,-0.0121840872133681,-0.000863076986163946,-0.00296541057045996,-0.00308147245005941,-0.00480377542955335,0.000561121856039293,-0.00245576518756696,-0.0019430124111004,-0.00197913754849477,-0.00088748390579152,0.000160211330154425,-0.000534764584175562,-0.00133261390365824,-0.000386417517747262,-0.000710062141862089,-0.00171224363668365,-0.00215957443103765,-0.000162236303203223,-4.35997268111166e-05,-0.00139511559553451,-0.000151231330081991,-0.00133261390365824,-0.00121685458361309,-6.34231462495194e-05,-0.0070908084456649,8.66142792155244e-05,-0.00157067272339706,-0.00343489938749908,-0.000962522006335398,-0.00150313527105972,-0.000423311835523243,-0.00220612510125617,-0.00689441930166446,-0.00010797385097483,-0.000145485535738565,-0.000214031225312716,-0.00385959123412416,-0.00157199204657044,-0.000457792304226601,-0.000573335921960627,-5.41367215411981e-06,-0.00391044220399284,-0.00286684055722564,-0.00178200978844778,-0.00010797385097483,-1.20275733843656e-05,-0.000913418377850306,-0.00432372942796366,-0.00493746101221948,-0.00286684055722564,-0.00516635639163265,-0.000220206561234448,-0.00285509588083066,0.000152312830239421,-0.00358523929140908,-5.19030557688538e-05,-0.00551904280175775,-0.000386060077706141,-0.00239408976456446,-0.0103798175600636,-0.000148574405084645
"8:121238764:A:G",-0.00119113306269547,1.01544009112331e-05,1.80642759257665e-05,7.78091379007861e-05,3.88084961739921e-05,4.42622756722244e-05,-0.00072127451699977,1.27622585202047e-05,4.9834613221833e-05,0.000258056481429847,-2.45230237867489e-05,-8.51921229845232e-05,-2.56141507115615e-06,0.000123319456336368,0.000163121189354243,-0.00988490654665153,5.02268269020334e-06,-0.00234784181523118,-0.000211314701083154,-0.000281260409284556,-1.2057031455015e-05,-0.000584588212986681,0.000110803363764234,-2.45230237867489e-05,-0.00372477935208071,-1.46060526056147e-05,-2.93203655603591e-05,1.13088634190461e-06,-0.000846642522740915,8.36970516084889e-05,-3.40148661361894e-05,0.000149736060433447,1.80642759248784e-05,-5.05762440532465e-05,-0.00286768776697777,-0.000235766203595666,-0.00011836422989564,-0.000450617328703551,-0.00212149669951955,-2.93203655603591e-05,-0.0019241251382871,-2.45230237867489e-05,-0.00104839485134001,7.78091379007861e-05,0.000139743847199725,-0.00145814542760903,-0.000110022001529764,-0.00131643878839238,0.0665334051645474,-9.97119935242097e-05,-2.93203655603591e-05,-5.97787009510853e-05,-1.71266982178508e-05,-0.000959687180931645,6.73026786115472e-05,9.2770472831738e-05,-0.000466885258435745,5.02268269020334e-06,7.5746926953002e-06,-0.000697147100152673,-0.00337502503874187,-0.00107986364753021,7.78091379007861e-05,0.0003946297799029,0.000123319456337256,9.58614695312221e-05,-6.42290649439659e-05,-3.16802639801494e-05,0.000116994702087148,-9.76780852246506e-05,4.70333858029193e-05,-0.00031358905117429,0.000181929461676056,-0.000634697265585515,8.66887996506804e-05,-0.000167410923413769,-0.00107673444361644,7.49119668119747e-05,-8.71606865322505e-05,-0.00346916991900814,-0.00634208329692942,-0.001395978177122,2.62402799080519e-05,-0.000417509814248263,-0.000167410923413769,8.07373336959571e-05,-4.23486217560054e-06,1.27622585202047e-05,8.36970516084889e-05,-0.00141651686589483,8.66887996497923e-05,-0.00128755043628281,-5.32123911218818e-05,8.36970516084889e-05,-0.000811944950752874,5.02268269020334e-06,3.6124896215739e-05,-0.00128388418440561,-0.000153131076557678,-6.20078590767292e-05,-9.56215022540619e-05,0.00014325317198427,0.000110803363764234,-0.000116315493872143,-0.00284266033219005,-0.00131230017122963,-1.71266982178508e-05,3.6124896215739e-05,-7.83050501702576e-05,-0.000887377496209929,-0.00238125779234988,-6.54539281144118e-05,-0.00131230017122963,-0.00234400608812102,7.20453333400428e-05,-0.000101723599232884,-0.00113891471686411,6.13506702489275e-05,-8.278392386174e-05,0.000225106283506804,6.62233964998649e-06,4.42622756722244e-05,8.36970516084889e-05,0.000188835117540087
"8:121238784:T:C",-2.67713340020848e-05,6.65467978056e-06,1.18401747037922e-05,4.82336041596199e-05,2.40075632964576e-05,2.75752979668198e-05,-0.000100871405251723,8.36414689864284e-06,3.12214990252357e-05,-0.00234491434084738,-1.45320244060443e-05,-0.00236993532535035,-5.21012928675901e-05,7.6813675466525e-05,0.000101769949623076,0.000101277857107895,3.29129625331603e-06,-6.63978932315956e-05,3.38445509910912e-05,5.95143887860416e-06,-6.3358266402247e-06,-0.00641126604746756,6.86333032513531e-05,-1.45320244060443e-05,-0.000669707117535445,-0.00104721862085633,-1.76853896363127e-05,2.33842382879601e-06,-0.000214742230530085,5.20824187510982e-05,-2.0770725516428e-05,9.30153837357395e-05,1.1840174702904e-05,-2.99135117654004e-05,1.36073731757946e-05,-0.000140943351480516,-7.05605865807257e-05,-0.000317217447135754,-0.00286619082552164,-1.76853896363127e-05,-0.000128306404313605,-1.45320244060443e-05,0.000920056268775227,4.82336041596199e-05,8.75578292998114e-05,1.00925400818852e-05,-6.497706980646e-05,-0.000591018539326527,-9.97119935242097e-05,0.0744312844238202,-1.76853896363127e-05,-3.59886593708225e-05,-9.66942585378661e-06,0.00117817256370945,-0.00144185782800665,5.80158827503396e-05,-0.00354275330010712,-0.00159542719798011,4.96383019310542e-06,0.000134333045087587,-0.000403931993082196,0.000853670187987987,4.82336041596199e-05,9.89500425179202e-05,7.68136754674131e-05,6.0037862120943e-05,-3.89262148576819e-05,-0.0006634607473881,7.26791276983718e-05,-5.90845986927491e-05,-0.00384743476488847,-0.000701737809356118,0.000113094875790587,-5.13797879051481e-05,5.40385236051932e-05,-0.000100871405251723,-7.05605865807257e-05,4.63402151753556e-05,-5.21012928675901e-05,-0.00829294293824301,-0.00165404034304473,-0.00409323788307603,1.72017876067798e-05,-0.000125606580088089,-0.000100871405251723,5.01475600342971e-05,-0.00106890093276046,8.36414689864284e-06,5.20824187510982e-05,0.000135698270116613,5.40385236043051e-05,-2.92579029448348e-06,-0.00074445822190139,5.20824187510982e-05,-0.00712886141831959,-0.000827900001352688,2.22523354205251e-05,-0.00426280417162683,0.000617119983830072,-0.000232331655303675,-5.77191423190015e-05,8.8778032585779e-05,-0.00272083993510464,-6.91893582498437e-05,4.26575978931254e-05,7.11647298956564e-06,-0.00103738377395501,2.22523354205251e-05,-4.62206854621172e-05,-3.74655423343029e-05,5.01475600342971e-05,-0.00605776377330702,7.11647298956564e-06,-4.14198649103525e-05,4.44670642600897e-05,0.00154348252694092,-0.000254120218465381,3.87598598541317e-05,-4.91949713232742e-05,-0.00460304928618172,-0.00437615517282719,-0.0038052799351842,5.20824187510982e-05,0.000117614044023995
"8:121239515:G:A",-7.42061483105516e-06,-0.00279543167791019,-0.000426728060049619,1.39489720050179e-05,6.98580913827129e-06,8.07742992314786e-06,-2.9713368863149e-05,2.59922868650619e-06,9.19074014404941e-06,-0.00319257846382204,-0.000144052576402487,-0.00520281695927149,-1.49697469069565e-05,2.21080627378356e-05,2.9076394186589e-05,2.92798347052425e-05,1.02425782966264e-06,-1.89627385633884e-05,-0.00160012680689459,2.34188349779174e-06,-0.000226055311886242,-0.00169655731441498,1.96856973246895e-05,-4.07845553240804e-06,-0.00272875441837961,-2.02680488659013e-06,-5.07339320598987e-06,-0.00316043851172321,-6.47630964252244e-05,-0.00262443223782238,-6.04854356645035e-06,2.65280829996328e-05,3.67582514382292e-06,-8.42338570627987e-06,4.22234668118193e-06,-4.16841161605674e-05,-0.00363961024652948,-9.73126021879267e-05,-0.00212848121735565,0.000178618990991808,-0.000104602056834935,-0.00160610625021818,-4.85130956242585e-05,1.39489720050179e-05,2.52712271748834e-05,3.1348128253228e-06,-1.84941141823103e-05,-0.00260214315365648,-2.93203655603591e-05,-1.76853896363127e-05,0.0883631194669858,-1.03670743758499e-05,-2.54763451312812e-06,-5.67506305220178e-05,1.26672778089088e-05,1.68866624772335e-05,-0.00258913593910393,1.02425782966264e-06,-0.00203259200709649,-0.000565319797330766,-0.00232199936074817,-0.00128751541701888,1.39489720050179e-05,-0.00866123680170805,-0.00244125521912242,1.74917431312593e-05,-1.13092328284381e-05,-5.56340535684541e-06,-0.00223470277954441,-1.724452661378e-05,8.63133472250865e-06,-0.00281486728944813,3.20374053908168e-05,-1.40276865900901e-05,-0.00262351310069064,-2.9713368863149e-05,-2.03377751537559e-05,1.33784048106378e-05,-1.49697469069565e-05,-0.00420616515096217,8.63133472250865e-06,5.33224939047727e-06,5.33224939136545e-06,-3.73296645106436e-05,-2.9713368863149e-05,1.45250897141125e-05,-0.00170634349716803,2.59922868650619e-06,1.5106836697143e-05,3.88183827002564e-05,1.56942931424098e-05,-4.31506499865009e-07,-0.00283670826778604,1.5106836697143e-05,-0.000401791559151654,1.02425782966264e-06,6.44794018178629e-06,-9.6882486655403e-07,-2.64454822369586e-05,-6.93950974772761e-05,-1.67990628288095e-05,2.52896450314566e-05,1.96856973246895e-05,-0.00142500621386787,-0.00291001923103096,-0.00306867717065984,-0.00166857737832871,6.44794018178629e-06,-1.30608217103756e-05,-1.08405650447452e-05,1.45250897141125e-05,-0.00195540217642076,-0.00306867717065984,-0.00323777842886219,1.28133107599737e-05,-1.81217220038832e-05,-0.000121383910756556,1.1484992616495e-05,-1.40255526721589e-05,-0.000264595742679674,2.34188349867992e-06,8.07742992314786e-06,1.5106836697143e-05,3.33358375321779e-05
"8:121240459:A:T",-0.00305966283825132,4.07925330581094e-06,-0.00173484328687667,2.8213105354169e-05,1.41281955743366e-05,1.62856359535724e-05,-6.05392276789019e-05,5.12498737847977e-06,1.8486480030333e-05,-0.00155041280218526,-0.00147872793418191,-0.00327915410036539,-3.06824729392474e-05,4.46731990733085e-05,5.87759087489204e-05,5.89199659897233e-05,2.01919550146812e-06,3.47541788041639e-05,-0.000130659236454278,4.22763056384667e-06,-0.00155837259212088,-0.000481911912254773,3.98659272269342e-05,-8.41039028998125e-06,-0.00508482054226356,-0.00155016027786736,-1.03670743758499e-05,2.00759640112125e-06,-0.000909870286165848,3.05066046335511e-05,0.000295364384323094,-0.00153295423380762,7.24865562684585e-06,-1.73755451733371e-05,8.32691501795324e-06,-8.51238185788361e-05,-4.17098641856128e-05,-0.00225684200764764,0.000217491179474116,-1.03670743758499e-05,-0.00103790740151588,-8.41039028998125e-06,-0.00254881749366742,2.8213105354169e-05,5.09542224014226e-05,-0.002805141658067,-3.81194277467856e-05,-0.00153423997993762,-5.97787009510853e-05,-3.59886593708225e-05,-1.03670743758499e-05,0.100839345352337,-5.39888570738611e-06,-0.00104902372708704,2.53625803621205e-05,3.40331887223044e-05,7.37795396865693e-05,2.01919550146812e-06,3.04404098727673e-06,-0.00226452095522678,-0.00156241314151018,-0.00120226179042504,2.8213105354169e-05,-0.00368526114808976,-0.00253369440625484,3.52324141470461e-05,-2.30349024539223e-05,-1.13305771956007e-05,-0.000524768936037923,-3.51275126790895e-05,1.73805530723214e-05,-0.000808470930170557,6.49009153859126e-05,-0.00161350748917766,-0.00230603582369859,-6.05392276789019e-05,-4.17098641847247e-05,2.70831327391363e-05,-0.00129040937400493,-0.00817056531586502,1.73805530723214e-05,1.05171214981326e-05,-0.00186309975859356,-7.59417564006881e-05,-6.05392276789019e-05,2.93542092038024e-05,-1.65051959655216e-07,-0.00283511071688736,3.05066046335511e-05,-0.00239777986498169,3.16704549581104e-05,-1.2340692876478e-06,-0.000837959332739224,3.05066046335511e-05,-0.00560594453777252,2.01919550146812e-06,1.30653618430898e-05,-2.29178807753527e-06,-0.00134052698144416,-0.00128284699891967,-3.42572729321589e-05,5.1248287198824e-05,3.98659272269342e-05,-4.08272881449179e-05,2.53625803630086e-05,-0.00275619550244421,-5.39888570738611e-06,1.30653618430898e-05,-2.69501670677741e-05,-0.00387094699680723,-0.0027654124695049,-0.000372839210164067,-0.00275619550244421,-0.00294030949906343,2.59641338899996e-05,-3.68408533502063e-05,-0.00315638161308573,2.30235870510853e-05,-2.88366443950139e-05,-0.000513216580873888,-0.00140948624566395,1.62856359535724e-05,-0.0053900344610236,6.74856249229805e-05
"8:121241788:G:A",-3.75907814476051e-06,1.00286335324995e-06,1.75940397006968e-06,6.03825401057634e-06,3.21421246596287e-06,3.68850979270974e-06,-0.00118225887166368,1.25468695788555e-06,4.16241504463954e-06,-0.00230794032282766,-2.02434457818867e-06,-0.00170776499469572,-8.02232212304688e-06,-0.00166833042803294,1.07481182629598e-05,-0.000754409918194199,5.00475974440917e-07,-0.00164708170976624,-1.7250890351761e-05,1.17912077968185e-06,-7.01615461728977e-07,-0.000306871311481771,8.05764551969901e-06,-2.02434457818867e-06,-0.0018041465823293,-0.00239684038388077,-2.54763451312812e-06,-0.00228678521403758,-0.00114447790913363,6.47481704074693e-06,-3.06732684940414e-06,1.00930513138309e-05,1.75940396918151e-06,-4.31045924287332e-06,2.0122153729929e-06,-2.59172294869714e-05,-0.00275722808388856,-0.000301501254334369,-0.000170615786972306,-2.54763451312812e-06,-1.22150104724383e-05,-2.02434457818867e-06,-3.11337022136371e-05,6.03825401057634e-06,-0.00232108212914461,1.50688048705661e-06,-1.01064201132317e-05,-0.00178200978844778,-1.71266982178508e-05,-9.66942585378661e-06,-2.54763451312812e-06,-5.39888570738611e-06,0.0810704183118411,-3.77604271264431e-05,-0.0019157843519837,7.12347407549885e-06,1.23044287292373e-05,5.00475974440917e-07,7.51447662317162e-07,-4.36149789404539e-05,-0.00158088048309502,-0.00146018720496155,6.03825401057634e-06,-0.000392495140426163,-0.00289237490908434,-0.00186615999155393,-5.93570354823214e-06,-2.80794073237445e-06,8.44982146830375e-06,-0.00122517973949776,3.92553746397795e-06,-0.00424612922329981,1.14100202281975e-05,-0.00224023906725712,-0.00265373335937102,-1.73973500690039e-05,-1.12623778116827e-05,5.81894965989704e-06,-8.02232212304688e-06,-0.00365078508021854,3.92553746397795e-06,2.51852280008791e-06,-0.0020429251262577,-2.27475968621604e-05,-1.73973500690039e-05,6.256899316881e-06,1.00838080996368e-07,1.25468695788555e-06,6.47481704074693e-06,-0.00445939109600868,-0.00175784063840823,-1.6730605256754e-07,-0.00427229009376173,6.47481704074693e-06,-0.00258331380805998,5.00475974440917e-07,2.9770411638097e-06,-4.34802227999853e-07,-1.51739856137922e-05,-4.85151012776797e-05,-9.12664691909981e-06,9.75212666354253e-06,8.05764551969901e-06,-0.00160635804093356,5.57725528604891e-06,-0.00219560059888124,-1.2330628242907e-06,2.9770411638097e-06,-0.00169312080998374,-5.66792108003256e-06,6.256899316881e-06,-0.00261967765258486,-0.00219560059888124,-0.00382845878636573,-0.000171772265774806,-9.93846523655861e-06,-0.00113380096931071,5.10728277358652e-06,-0.00165023776056561,5.81309077674064e-06,1.17912078057003e-06,3.68850979270974e-06,6.47481704074693e-06,1.16813509913882e-05
"8:121242701:A:G",-9.44876850281773e-05,1.60906565378482e-05,-0.0001911171474136,-0.00200321984296714,-0.00112311635518747,8.03650162133351e-05,-0.000880912723795646,-0.000199553723314594,-0.00260465152708367,-0.00502463082059013,-0.00124173306997211,-0.000922502491505828,-0.00361256092866746,0.000226323064697276,-0.00174039468237819,-0.0013170248745622,7.95664075781133e-06,-0.00375301684839702,-0.000167867978696279,-0.00622738067201123,-2.70319116575379e-05,-0.00299103711618187,0.000205684358669522,-4.92825927116414e-05,-0.00442231092109369,-0.00130058871543604,-0.00218287415466012,-9.27502346392828e-06,-0.00126260070989037,0.000153158351804628,-6.40544999903625e-05,0.000277549854466486,2.86374199500727e-05,-0.00220099752214331,3.29150164724012e-05,-0.000454801265469484,-0.000232558315512499,-0.00162171517981857,-0.00317316201795403,-5.67506305220178e-05,-0.00118183682216788,-0.000313944691602508,0.00282106430149831,-0.00200321984296714,0.000253445596388069,2.44080303373195e-05,-0.00126755233386522,6.63610109441493e-06,-0.000959687180931645,0.00117817256370945,-5.67506305220178e-05,-0.00104902372708704,-3.77604271264431e-05,0.149325498494329,-0.00159540525897928,-0.0039136776249471,-0.00209553582184974,-0.00182052293785429,-0.00309891882654512,-0.000222659376424961,0.000256796008656579,-0.0036541710567688,-0.00200321984296714,-0.00304127181266312,0.000226323064697276,0.0001730125225885,-0.00666280588748958,-0.000933818755576077,-0.00252009789244667,-0.000186442314269009,-0.00100798776038946,-0.000164760451714763,0.000338152902632949,-0.00148803467429381,0.000158039007797761,-0.000319801501836636,-0.000232558315512499,0.000138835347682331,-0.00219606289629315,-0.0035778295762281,-0.00182853420164797,-0.00286000537165432,4.16181560787265e-05,-0.000395133206012588,-0.000319801501836636,0.00014833143930737,-0.00189850466506059,-0.00296471872425652,-0.00501469249799236,0.000386324493416801,0.000158039007796873,-2.17686086800839e-05,-0.000285619579616814,0.000153158351804628,-0.00209761525710039,-0.000211859184422458,-0.000824509257752126,-0.00307583757533614,0.000678664075984159,-0.00691931305408655,-0.00417767968028393,0.000266762175161084,-0.00284739556557412,-0.000229621751642206,-0.00322334503588007,-0.000237012035367634,-0.00129326426658327,-0.000824509257752126,-0.000157705588789803,-0.000119179523048629,-0.000313395564458752,-0.000261830210287251,-0.000237012035367634,-0.00204613083087057,0.00013416446691128,0.00129877943303747,-0.00294797970750338,-0.00149558370294045,-0.00349188495233133,-0.00651951932568684,-0.000248692451642718,-0.00154958580072417,0.000153158351804628,0.000349745889301367
"8:121245015:C:T",-0.00219709185286288,-5.99888460506293e-06,-0.00253310100269033,-3.90284691871301e-05,-1.898647757681e-05,-0.00142309721742606,6.82274591738974e-05,-0.00257608669082732,-2.57320411778394e-05,-8.78936366266458e-06,-0.00223997756808281,-0.000298550024411259,3.56745942653447e-05,-6.43230318599919e-05,-0.000903608013874013,-0.00153503323575244,-2.95545123130125e-06,-0.00205101611534264,-0.00608862837090118,-0.00238129726556835,-0.0050092251971634,-0.000764326722573649,-0.0075301203947884,9.89423145814072e-06,-0.00289006565712535,-0.00375602379499806,1.26672778089088e-05,-5.29761667067419e-06,-0.0014267540570243,-4.27480487079634e-05,1.53604416412989e-05,-7.80036067133949e-05,-1.07374141169458e-05,2.01105387001022e-05,-0.00152490288059237,-0.00525293315138686,4.74467998961003e-05,-0.00148823648177032,2.41449558853191e-05,1.26672778089088e-05,-0.00802145260022291,-0.00223997756808281,-0.00174244973433435,-3.90284691871301e-05,-0.00146215261311777,-0.00255021020317781,-0.00427839008203623,-0.000293148913368846,6.73026786115472e-05,-0.00144185782800665,1.26672778089088e-05,2.53625803621205e-05,-0.0019157843519837,-0.00159540525897928,0.141622738213333,-4.85434349926095e-05,-0.00134695283816555,-4.67189133770418e-05,-4.465936399356e-06,-0.00876846996089498,-0.000661641407702085,-0.000485288445579712,-3.90284691871301e-05,-0.00077879846221407,-0.00113729136924512,-5.05354054780582e-05,2.78741864354615e-05,-0.000515073133294131,-6.01744242985092e-05,4.1536148013499e-05,-0.00146847584492527,-0.000202756463137277,-9.62281870036108e-05,9.34893660176073e-06,-4.46504128399638e-05,-0.00291649715677611,-4.61991450757537e-05,-3.72100475827253e-05,-0.00218188545143594,-0.00251542540356997,-2.40076784594478e-05,-1.56963700792545e-05,-0.00234291161317923,8.36129691457188e-05,-0.00291649715677611,-0.00361578122494333,-0.00178949815022822,-7.55477967384621e-06,-0.00122702732074931,-0.00151617450183217,-0.000273603338841077,-0.00180512322434723,9.18812242574063e-05,-0.00122702732074931,-0.00280107557778653,-0.0029435813869414,-1.73616043497304e-05,1.06017604828423e-06,-0.000637148791168052,3.53036067686219e-05,-0.00175571681336084,0.000281916879985467,-5.61498513320657e-05,4.63021475747283e-05,-3.66499583996927e-05,-0.0024076991894475,-0.0019157843519837,-1.73616043497304e-05,3.06573006358946e-05,2.66275818328054e-05,-4.08742713275956e-05,-0.00146541911640963,-0.0024076991894475,2.22151703122009e-05,-3.54184280650927e-05,-0.0011166075354101,-0.00102950110881039,-0.0026952865879748,3.32042800161858e-05,-0.000156147610504309,-0.000348383201695945,-2.23089913786723e-05,-4.27480487079634e-05,-0.000791134999327703
"8:121248701:A:G",2.28491500111616e-05,-8.14603825105564e-06,-0.00268891692967799,-5.12308553899388e-05,-2.51475689490022e-05,-0.00135574973211572,-0.0064008534981177,-1.02506993497897e-05,-3.41270890977796e-05,-0.00308461901968382,-0.00238897503790536,-0.00321016851159772,-0.00214437728838757,-8.36181854007023e-05,-0.00128305415611063,-0.00122211527109872,-4.0195567185819e-06,-0.00193119028113831,-0.000363684333105851,-0.00167616048954322,-0.00248476932840447,-0.000604555451857003,-7.31016902824067e-05,-0.00207811570348504,-0.00885854857617829,5.09108147905835e-06,-0.00225823167123362,-7.70843644293251e-06,0.000188601185080017,-5.60969275715806e-05,2.06153396238307e-05,-0.000100697890605517,-1.45456318341175e-05,-0.00551288782023018,-0.00839814907604453,0.000127326821252716,6.42679253095579e-05,0.00026254379972368,-0.00408998670572558,1.68866624772335e-05,-0.0015862421962507,1.30590542983811e-05,-0.00420201568015344,-5.12308553899388e-05,-0.00141010614555626,-1.23837077170563e-05,5.74919818303599e-05,-0.00291440785246078,9.2770472831738e-05,5.80158827503396e-05,1.68866624772335e-05,3.40331887223044e-05,7.12347407549885e-06,-0.0039136776249471,-4.85434349926095e-05,0.185568912708653,-0.00321510905364963,-4.0195567185819e-06,-6.06917058920686e-06,-0.000308560482714881,-0.0041444019435648,-0.000668006063293092,-5.12308553899388e-05,-0.00209468405278646,-0.0035942963341542,-0.00134965954648347,3.75666518017681e-05,1.87631291055368e-05,-7.82886785835046e-05,-0.00176883455155252,-0.00315351845700995,-9.40861724014752e-05,-0.000123320202891186,-0.0015994208689305,-0.00332844665802234,9.41555802347338e-05,-0.0020401342254921,-4.88462246766019e-05,4.80197549821426e-05,-0.00591335079995536,-3.1837044558003e-05,-0.00266428210009906,-2.12108134656219e-05,-0.00131320686517888,9.41555802347338e-05,-0.00106606592060832,-0.00373823706161946,-0.00169856751540909,-0.00116590596734589,-0.0001579613391538,-5.85796666570104e-05,-0.00173068667840237,-0.000165757985902459,-5.60969275715806e-05,-0.0038683188822084,-4.0195567185819e-06,-2.29760244234711e-05,-0.00249468371512584,8.25354230764574e-05,-0.000595585940264876,-0.0061791089429386,-9.51856994593214e-05,-0.00769849059002059,-0.0077606529412142,-4.85434349917213e-05,-0.00162296926165606,7.12347407549885e-06,-2.29760244234711e-05,-0.00808400353372818,-0.00266186869779705,-5.36475429102623e-05,-0.00528312387221863,-0.00162296926165606,-0.000144279620606369,-4.64930268586627e-05,5.9606514962951e-05,0.000204278895190591,-0.00149043089627199,-0.00799421648495269,-0.000586256240489025,-8.30581074522385e-05,-0.00334850658500496,-0.00116590596734589,-0.000129322809689469
"8:121250043:G:A",-0.00174884083262317,-0.000145066972142338,-3.61048655417306e-05,-0.000870446189921381,-5.71086948903954e-05,-6.80779642800999e-05,-0.00155610500170944,-0.0036743423127259,-0.00661702039280598,-0.0081533666029916,2.70972184841511e-05,-0.00125537697800349,-0.000175721253371286,-0.00019162085597646,-0.000257259097361739,-0.000319900421056118,-9.95514158130817e-06,-0.00176917133127752,0.000291238431112006,-0.00123756150198062,-0.00362027112277552,-0.000275877557707194,-0.000165587040470427,2.70972184841511e-05,-0.00422687455643578,7.23012258596611e-06,3.66153751203413e-05,-0.00114416135718365,-0.00233915243525029,-0.00114027732064859,4.5871589153812e-05,-0.000228805696578682,-0.00248624093995176,-0.00209475864624231,-4.15635163575345e-05,0.000277177652813876,-0.000674640963207018,1.24205377396436e-05,1.38448271735925e-05,-0.00258913593910393,-0.00104743970631871,-0.00196823917294253,-0.00191818959325385,-0.000870446189921381,-0.000226389145164596,-3.07246004842554e-05,3.23237842012603e-05,-0.00417414240691194,-0.000466885258435745,-0.00354275330010712,-0.00258913593910393,7.37795396865693e-05,1.23044287292373e-05,-0.00209553582184974,-0.00134695283816555,-0.00321510905364963,0.154087719471816,-0.00192309888315823,-0.0017342713526256,-0.00371118193828179,-0.0080573917680713,-0.00414255849599865,-0.000870446189921381,-0.00107812569925914,-0.00109097302319494,-0.000153773664995249,8.25910432284971e-05,4.12755556160604e-05,-0.000178415859498848,-0.00283674117449717,8.48341100345706e-05,-0.00176738863429104,-0.00847432259893921,-0.000283980159549557,-0.00121133599036938,0.000206597297352396,-0.00069460307108038,-0.00701407244793906,-0.00136317317608547,-0.00112930831288027,-7.36803043004386e-05,-0.000135805395685473,-5.27227956759191e-05,-0.00115973987610296,0.000206597297352396,-0.000122529053986575,-0.00162815168973296,-0.00162218941129666,-0.000128597786837936,-0.0044207445265414,-0.000134754692731498,-0.00111592457942233,-0.00165194965130855,-0.00127385543992897,-0.00131435558082638,-9.95514158130817e-06,-5.17385521732194e-05,-0.000308495666128117,-0.00175913163917141,8.36098004235453e-05,0.000119841797980413,0.000313213120820777,-0.000349793827382427,-0.000475213296658339,0.000160859790594436,-0.00110443648197922,-0.00173742157796397,-5.17385521732194e-05,-0.000338272030496078,7.82161511816426e-05,-0.00103709447348077,-0.00194837688433136,-0.00110443648197922,-0.000121072870461703,-0.000104833717541553,0.000131934904880282,-0.00200374404967807,-0.000153712823983021,-0.000511894551974201,-0.00169259049893489,0.000377752362089367,-0.000191918077148578,-0.00186601004492459,-0.00469766243503322
"8:121253330:A:T",1.44810949187502e-06,-4.56918383129334e-07,-8.20818850222338e-07,-3.23991338024854e-06,-1.5485391680059e-06,-1.81071460403359e-06,5.07893540202531e-06,-0.00268191606004553,-2.08204868901163e-06,-0.00239334698435023,8.20164051340555e-07,9.17129557009844e-06,2.81742871077739e-06,-5.43056676427511e-06,-7.47886980256851e-06,-7.59256526716712e-06,-2.24571349072278e-07,3.4583038512892e-06,-0.00250307870240984,-5.67588828381815e-07,-0.00244792651394921,-0.00640974969518915,-4.74322883015077e-06,8.20164051340555e-07,-0.000319305389474778,-0.00255739515065834,1.02425782966264e-06,-3.14952345981112e-07,8.54145801199024e-06,-3.54367719257453e-06,1.22150336778759e-06,-6.69260055286003e-06,-8.20818851110516e-07,1.64522945400591e-06,-9.46414101754556e-07,6.52893952324263e-06,3.68785237547797e-06,9.78505346882486e-06,-0.00157030087818377,1.02425782966264e-06,-1.14519896099452e-05,-0.00236232743912623,-0.00195336884777131,-3.23991338024854e-06,-6.36029873213317e-06,-6.97404381355682e-07,3.37892803781159e-06,-0.00198211647238633,5.02268269020334e-06,-0.00159542719798011,1.02425782966264e-06,2.01919550146812e-06,5.00475974440917e-07,-0.00182052293785429,-4.67189133770418e-05,-4.0195567185819e-06,-0.00192309888315823,0.0687102674612738,-3.39750687139428e-07,-8.93871253468959e-05,-0.00178178028213161,-0.00199710136720643,-3.23991338024854e-06,2.00316335252637e-06,-5.43056676338693e-06,-4.18383548694834e-06,2.19665372735989e-06,-0.00203692757812579,-5.0809618699077e-06,3.21571201933324e-06,-0.0021234219910653,-0.00214968170983987,-8.37731632596928e-06,2.59275461367281e-06,-3.6995431136333e-06,5.07893540202531e-06,3.68785237636615e-06,-3.0918953148884e-06,-0.00289025369129448,-0.00397696838220263,-1.94521041141371e-06,-1.20435531059115e-06,-1.20435530970298e-06,6.05149823851292e-06,5.07893540202531e-06,-3.39048759556704e-06,-7.1403473356213e-08,-5.76120484652165e-07,-3.54367719257453e-06,-1.07229438048861e-05,-3.69954311452148e-06,4.70987489009644e-08,-0.00215685985914593,-0.00186545296506413,-0.00416597180110756,-0.00444949498505309,-1.42075762887828e-06,1.6348861020532e-07,-0.00101545562098515,8.79860118718767e-06,3.13881217905987e-06,-0.000328967449299,-4.74322883015077e-06,3.61273129101392e-06,-2.95545123130125e-06,-8.40118837608372e-07,5.00475974440917e-07,-1.42075762887828e-06,2.47236790684724e-06,2.10868806149733e-06,-3.39048759556704e-06,-8.30365377257891e-06,-8.40118837608372e-07,1.98616310687072e-06,-2.94637584996593e-06,-0.00127131902400457,9.060745926881e-06,-2.65394565790444e-06,2.64800032923063e-06,-0.00379996022733042,-5.67588826605459e-07,-1.81071460403359e-06,-3.54367719257453e-06,-8.8017817176933e-06
"8:121256771:C:A",2.17974529626019e-06,-0.00189282438420779,-0.00119275814370479,-4.88938735365707e-06,-2.33682540695668e-06,-2.73349665125266e-06,7.65982632344731e-06,-8.71670333246755e-07,-3.14406621626517e-06,-0.0022534094800637,-0.000899805898788131,-0.00345881381311663,4.24672475141108e-06,-8.19707850041596e-06,-1.12890229786444e-05,-1.14698708566507e-05,-3.39750687139428e-07,5.21147658183452e-06,-1.13828060017696e-05,-8.65349691459016e-07,-0.000985404973610216,-0.00206294258465167,-7.15702741782565e-06,1.23522016881594e-06,-0.00466233642863667,5.84446910423253e-07,1.54402845442547e-06,-0.00225621309671453,1.28838226709505e-05,-0.00321386334605123,1.84244523282473e-06,-1.00991792013616e-05,-1.24196395034915e-06,2.47810249742741e-06,-1.4320377488275e-06,9.8464400037912e-06,-0.00270804892006371,1.47607314744391e-05,-0.00139971297185326,-0.00203259200709649,-0.000649745282053082,-0.00216974435805461,-0.00287450714079274,-4.88938735365707e-06,-9.60424280016525e-06,-1.05520028981232e-06,5.09129110781714e-06,-0.00179992358658154,7.5746926953002e-06,4.96383019310542e-06,-0.00203259200709649,3.04404098727673e-06,7.51447662317162e-07,-0.00309891882654512,-4.465936399356e-06,-6.06917058920686e-06,-0.0017342713526256,-3.39750687139428e-07,0.0912246240527912,-7.39679455810105e-05,-0.00161550591816617,-0.00180119516391208,-4.88938735365707e-06,-0.0109083398958987,-0.00156589648447358,-6.31780140114557e-06,3.31255421670562e-06,1.69450634412982e-06,-0.00135770718097206,4.84946335355119e-06,-2.9370039582588e-06,-0.00196111986164649,-1.26404903308952e-05,3.90054737131607e-06,-0.00173921000104027,7.65982632344731e-06,5.55900344156868e-06,-4.6654358438758e-06,4.24672475141108e-06,-0.0010012632986065,-2.9370039582588e-06,-1.82243299917673e-06,-1.8224330000649e-06,9.12760578763994e-06,7.65982632344731e-06,-5.11721772245011e-06,-0.0022759135577255,-0.00224701271889138,-5.34901708793001e-06,-1.62007352821902e-05,-5.58487821944453e-06,6.52407941004185e-08,-0.00196657893327679,-5.34901708793001e-06,2.06863998197804e-06,-3.39750687139428e-07,-2.14350637772753e-06,2.41416187485299e-07,6.93404003282438e-06,-0.00555222400511202,4.7330999572992e-06,-9.53450988916416e-06,-7.15702741782565e-06,-0.00196909880280582,-0.00202130004466916,-0.00216632676119755,-0.00223437298220563,-2.14350637772753e-06,3.72440413443087e-06,3.17945616767901e-06,-5.11721772245011e-06,-2.07147587607537e-05,-0.00216632676119755,-0.00231709046485129,-4.44527560539143e-06,5.07624590362354e-06,-0.0007972961575895,-4.00956846213774e-06,3.9902743971254e-06,-1.50278637676138e-05,-8.65349690570838e-07,-2.73349665125266e-06,-5.34901708793001e-06,-1.32827752876707e-05
"8:121257231:T:G",-0.000468002477574281,-0.00206830511464151,-0.000645454634763176,-0.00133437796694835,-0.004535412435418,-0.00182521276478642,-0.00222473227784636,-0.0153053685906963,-0.000691292115424069,-0.00375232355206156,-0.00190550376590704,-0.00171719700274586,-0.00536799745325034,-0.00317201560463598,-0.000552708542747027,-0.000626986188096534,-8.93871253468959e-05,-0.00296250787774621,-0.000999955209722625,-0.000838258004261405,-0.00516672232392112,-0.00474758267442432,-0.00139654013735235,-0.00303499581168865,-0.00892149027745104,-0.00758372220782277,-0.0080614241248762,-0.00431329758340615,-0.00177997154982501,-0.000811740495709756,0.000285669903979269,-0.00267613687648982,-0.00715896457616338,-0.00398727605025329,-0.0135602380646285,-0.00454720642569706,-0.0043753886322162,-6.4477060795376e-05,-0.00554541985230461,-0.000565319797330766,-0.0134028593502915,-0.00257529666690193,-0.000201755973517681,-0.00133437796694835,0.000546826205933382,-6.024904632973e-05,-0.0139128051464219,-0.0049460081949908,-0.000697147100152673,0.000134333045087587,-0.000565319797330766,-0.00226452095522678,-4.36149789404539e-05,-0.000222659376424961,-0.00876846996089498,-0.000308560482714881,-0.00371118193828179,-8.93871253468959e-05,-7.39679455810105e-05,0.362144890247519,-0.00366444863532456,0.000430567877570009,-0.00133437796694835,-0.00447900608443108,-0.000231624995892687,-0.0055923306809138,-0.0013928741287268,-0.00119823779901118,-0.00247657380417987,-0.00335967333231579,-0.00840540075750607,-0.0035609310848268,-0.00199973684384247,-0.00544171851704212,-0.000110948654509002,-0.000135428271771154,-0.000475173471232271,-0.00171624258583147,-0.000870428337299778,-0.00258203336169816,-0.00246316598903196,-5.52952961734299e-05,-0.0013613034145048,-0.000167076145083378,-0.000135428271771154,-0.000363192384179811,-0.00257618469270637,-0.00194505975329751,-0.00392888836667815,-0.0012518942081341,-0.0145770198499022,-0.000276180348747879,-0.00393598895319114,-0.00109832715617486,-0.000615680130839014,-8.93871253468959e-05,-0.000356522819396687,-3.99466271687743e-05,-0.00177778385559924,-0.00508553355676922,-0.00650516765757292,-0.000813209718232066,-0.00556817344963978,-0.00197852348023364,-0.00586320973455745,-0.00294029397967011,-0.00358159039106454,0.000267601488314284,-0.00216763875154813,-0.00504938744042249,-0.00114157451746255,-0.00230159428985433,-0.00294029397967011,-0.00538847082880656,0.00051356091608401,-0.000477320451946817,-0.0105575702788436,-0.00321314343796963,-0.00215089341506847,-0.00637396137613067,-0.000512033185819494,-0.0114176622426934,0.0001306375672252,0.000173768846767786
"8:121260869:G:A",-0.000645330887981466,-0.00184636196065213,-0.0046319025279562,-0.0014289948427999,-0.000234002660083554,-0.0041053274780829,-0.00429804168385939,-0.00421348892406126,0.00016994086249067,-0.00311589936963896,-0.00263178699979427,-0.00672876431354785,-0.000617950608601703,-0.000378236195480497,0.000180188436490702,-0.0024949820862803,-0.00645739355856367,-0.00302045238587123,-0.00193793993474056,-0.0018257927600791,-0.00442725805512101,-0.00582364212367725,-0.000910472854354083,-0.00168900195839328,-0.00156400889512787,-0.0055700750943819,0.000117841085906178,-0.00254488179408607,-0.000544103137006147,-0.000546733366546093,-0.000558998515804987,-0.00137867318574614,-0.00376659121003797,-0.00204663685081474,-0.00244866870163918,-0.00371065828310257,-0.00568520827322061,0.00149259813908564,-0.00686025469835627,-0.00232199936074817,-0.00266939381177744,6.19764927467514e-05,-0.000545780015036357,-0.0014289948427999,-0.00108572926272732,-0.00325495083555438,-0.011033200772224,-0.0017203198626401,-0.00337502503874187,-0.000403931993082196,-0.00232199936074817,-0.00156241314151018,-0.00158088048309502,0.000256796008656579,-0.000661641407702085,-0.0041444019435648,-0.0080573917680713,-0.00178178028213161,-0.00161550591816617,-0.00366444863532456,0.297704600641012,3.95058957103345e-05,-0.0014289948427999,-0.00819874856637925,-0.00128588956002051,-0.0041964573240838,-0.00272126991737398,-0.00450862748107994,0.000662866613525992,-0.0020491279395376,-0.00238229594943018,-0.00550418771294758,-0.00119014297757492,-0.00243279671147789,-0.000856313880984949,-0.000480936055179626,-0.000114438060792921,0.000916752345536231,-0.00410696997697801,-0.00704501800950741,-0.000328527051906669,-1.21987198387075e-05,-0.000369631855572372,9.41131878118284e-06,-0.000480936055179626,-0.00122794123176995,-0.000208665353225612,-0.00473924886414423,4.16514841230509e-05,-0.00138875500117841,-0.00397486749282994,-0.000289443716525284,-0.0042549343519438,-0.00310655958878137,-0.00697566251053239,-0.00645739355856367,-0.000203575421756419,-3.01644580540383e-05,-0.00234757714550415,-0.00241245980803262,-0.00164603688632159,-0.000117524607939679,-0.000646962236388937,6.67924078738835e-05,-0.00395358493989839,-0.00238134388028666,-0.00158088048309502,-0.000203575421756419,-2.57865028041593e-05,-0.00609237083093639,-0.00408171479646313,-0.00392379999338921,-0.00238134388028666,-0.0037936579714688,-0.000412733234868234,-0.00265365596285072,-0.00481522564387982,-0.00277240935065848,-3.29244600711931e-05,-0.00819788387016551,-0.000905473834915682,-0.00281488700389954,-0.00722290104731282,0.000164817170341891
"8:121262775:A:G",-0.000208359953613346,1.40413758433766e-05,-0.00102637785942772,-0.0017064038268142,-0.000649295823193619,-0.00223225919461889,-0.00100091286890258,-0.00166955405892999,-0.00505233893843648,-0.00758555326206345,-0.00897923914025611,-0.00611905113006372,-0.000139123391076801,-0.00206593964311619,-0.0014749771308189,-0.000798398513463638,-0.00297404331864382,-0.00580099483130514,-0.000444872601667257,-0.00855590878213075,-0.009731412587211,-0.00926393312630669,-0.00643151294073263,-3.92651661895727e-05,-0.00544482994300255,-0.00146806743730288,-0.00192196919486509,-0.00147934563220886,-0.000188162592774432,-0.00650488084079726,0.000357092355439903,-0.00118299325958926,-0.00283989863178036,-0.00251560385890937,-0.00238364539636038,-0.000382138471335836,-0.00130150715741095,-0.00250777736406427,-0.00694017501531707,-0.00128751541701888,-0.00655513140352415,-0.000191512186137999,-0.00720647822441034,-0.0017064038268142,-0.00170455211974829,-0.00565580211476124,-0.000179224137084155,-0.000200241101548038,-0.00107986364753021,0.000853670187987987,-0.00128751541701888,-0.00120226179042504,-0.00146018720496155,-0.0036541710567688,-0.000485288445579712,-0.000668006063293092,-0.00414255849599865,-0.00199710136720643,-0.00180119516391208,0.000430567877570009,3.95058957103345e-05,0.272286436676673,-0.0017064038268142,-0.00264879361166992,-0.00181137108958396,0.000140849604700399,-0.0061552374050553,-0.0010975754598892,-0.00158895703122841,-0.000942114255740201,-0.000601639469031134,-0.00599033246381353,0.000266985078929416,-0.000160439058966233,-0.00165683436796904,-0.000266296286171475,-0.000190399802304064,0.00011204706643575,-0.0100019620802003,-0.00316166920663141,-0.00202005552043971,-0.00254146393938992,-0.00239479010962373,-0.000721026390464452,-0.000266296286171475,-0.00178323242453349,-0.00431501118791644,1.76453865314841e-05,-0.00538176724791839,-0.000673828426398515,0.000128250228156546,-1.49233127695325e-05,-0.000383613813426109,0.000124136849954937,-0.00051091320944785,-0.000100372220050993,5.45580082302877e-05,-0.00274521102456582,-4.85297395851347e-05,-0.000798147478305644,-0.00382332352809822,0.000212042166544357,-0.00191814303610371,-0.00435214821964625,-0.000294814677655353,-0.000232186941734547,-0.00206864756696401,-0.000513753743623724,-0.00436403879351488,-9.72179603939693e-05,-0.00186374269453093,-0.00549403075747978,-0.000232186941734547,-0.00538721751380233,-0.000450686858435745,0.000910788279286479,-0.000793097101304596,-0.00171938277440198,-0.00180078513768933,-0.0102476217715837,-0.00158433937384661,-0.000875099723222306,-0.00195749748416407,0.00027628537645441
"8:121263154:C:A",1.90907640673643e-05,-6.55901922375079e-06,-1.16926160140807e-05,0.00121404784285506,-2.04584590468571e-05,-2.39908817487589e-05,7.89746329079577e-05,-8.24917978103912e-06,-2.76107339098886e-05,2.57620189172414e-05,1.08426654872318e-05,-0.000803956831621377,-0.00169586496759244,-6.71598430450615e-05,-8.96188323471492e-05,-9.20431201665295e-05,-3.23991338024854e-06,4.95359934538087e-05,-3.77452479245477e-05,-9.51466600351836e-06,2.73442768783383e-06,-0.00041770451738099,-5.89409897067128e-05,1.08426654872318e-05,-0.00197406621972807,4.39668137186544e-06,1.39489720050179e-05,-5.90114198928404e-06,0.000162070066441977,-4.52908495001125e-05,1.69811899768391e-05,-8.07357835537204e-05,-1.16926160149688e-05,2.22076539841964e-05,-1.34466800378874e-05,-0.00192574436044346,5.37101433186749e-05,0.000230672701923673,-0.0007729360145321,1.39489720050179e-05,-0.000777510893086308,1.08426654872318e-05,-0.00179719541971757,0.00121404784285506,-0.00425975120596878,-9.9602489340711e-06,-0.00150767592929046,-0.00194715210317398,7.78091379007861e-05,4.82336041596199e-05,1.39489720050179e-05,2.8213105354169e-05,6.03825401057634e-06,-0.00200321984296714,-3.90284691871301e-05,-5.12308553899388e-05,-0.000870446189921381,-3.23991338024854e-06,-4.88938735365707e-06,-0.00133437796694835,-0.0014289948427999,-0.0017064038268142,0.0583577766847716,-0.0121682763874649,-6.71598430441733e-05,-5.32611075643175e-05,-0.00285281777596413,1.54741757896204e-05,-6.29995425933672e-05,4.69005421033231e-05,-2.57896781246103e-05,-0.0041244663807527,-9.84985656300452e-05,3.4366175413858e-05,-4.72461941249946e-05,7.89746329079577e-05,5.37101433186749e-05,-3.95673837489952e-05,-0.00169586496759244,-0.000649299583141527,-2.57896781246103e-05,-1.70215453838551e-05,-1.70215453847433e-05,-0.00257455513128857,7.89746329079577e-05,-4.33595575852763e-05,-2.380392664314e-06,-8.24917978103912e-06,-4.52908495001125e-05,-0.000124606198244948,-4.72461941258828e-05,-6.53701938801987e-07,-0.00407816346604761,-0.000749967230457393,-0.000730194129959116,-3.23991338024854e-06,-1.87240526248189e-05,1.05110066783709e-06,-0.00155597492666537,0.000169226473522244,4.55512091175336e-05,-7.64572169220656e-05,-5.89409897067128e-05,5.2336599304148e-05,-3.90284691880183e-05,-1.49973126228886e-05,6.03825401057634e-06,-1.87240526248189e-05,3.41332882456413e-05,2.96689158689745e-05,0.000971355546544928,-0.000791974657558647,-1.49973126228886e-05,2.42093907338869e-05,-3.77056539893061e-05,4.95506872892904e-05,-0.00336734882541734,-3.51259978730312e-05,3.70962409199649e-05,-0.000905162728547459,-9.51466600263018e-06,-2.39908817487589e-05,-4.52908495001125e-05,-0.000103110370248238
"8:121269836:A:C",-0.00614161514066369,-0.00303692517769161,-0.00337440141809875,-0.0121682763874649,-0.000872899981449571,-0.00153133678385142,-0.00358194973974779,-0.00564557799556109,0.000209253764595907,-0.00303601699253209,-0.00304301793858919,-0.00428902397439401,8.15088524617202e-05,-0.00115909368456801,-0.0040266001665854,-0.00100603679267719,-0.00281788580635478,-0.00212496976434862,-0.00226206355632952,-0.00111275443430303,-0.00212067665133819,-0.00658930812396541,-0.0022951837180889,-0.00260823942620902,-0.00355543337201425,-0.0021474554604195,-0.00148868738800889,-0.00198679993398221,-0.00247375666551086,-0.00150402939621586,-1.71715730861166e-05,-0.011552663137115,-0.000827364844506739,-0.00308487891444642,-0.00286804670207985,-0.000250692282611098,-0.00415524315545079,0.00163805068744427,-0.00600554638625761,-0.00866123680170805,-0.00466532833353517,-0.00437044937994457,-0.00601243307091659,-0.0121682763874649,0.000168843832343946,-0.00267677206651573,0.000246330743502998,-0.0121840872133681,0.0003946297799029,9.89500425179202e-05,-0.00866123680170805,-0.00368526114808976,-0.000392495140426163,-0.00304127181266312,-0.00077879846221407,-0.00209468405278646,-0.00107812569925914,2.00316335252637e-06,-0.0109083398958987,-0.00447900608443108,-0.00819874856637925,-0.00264879361166992,-0.0121682763874649,0.368231964752086,-0.000655076996666004,-0.00123084036186905,0.000415755593001776,-1.5606146832603e-05,0.000785982863808599,-0.00462737959322812,0.000188466622478956,-0.00095517607196216,0.00058631466371839,-0.00437111940455548,-0.000431328604124204,-0.00348839492582531,0.00039287641691832,-0.00131682541159428,-0.00163092130057185,-0.00654703878726925,-0.00257103733220276,-0.000833231531821355,-0.0030740513416796,-0.00172182454089409,-0.00348839492582531,-0.00285215034717634,-0.000910880547769999,-0.00451088682975165,0.000184779024836601,-0.00574570846556721,0.000691501431550279,-0.00016178020323121,-0.00362619397115482,-0.000608843859764008,-0.00547766124425975,-0.00275338412931525,8.67392698999936e-06,-0.00342435709498501,0.000287559369061441,-0.000825809912096798,-0.00831502918214966,-0.000631135617204848,-0.00112331220598705,-0.0023712144310104,-0.00244081843706878,-0.00376021218151346,-0.00166576764569104,-0.000326631333184224,-0.0031414193433501,0.000172993789526288,-0.0167703636965273,-0.00222097420251632,-0.00376021218151346,-0.00366223397317889,0.000600069217085775,-0.00147204927944777,-0.0136152826380611,-0.00369384395964101,-0.00343750712783297,-0.00122792257269566,-3.33098558682465e-05,0.000231320783622202,-0.0083402202958629,-0.000117221495546715
"8:121271953:A:G",-0.0027723956353789,-1.09986022041042e-05,-0.00312851880668941,-6.71598430441733e-05,-3.30891872506456e-05,-3.90195178852082e-05,0.000125276970297961,-1.38358030001839e-05,-0.00118454972059912,-0.00270521476547358,-0.00281967557001472,-0.00108881478393208,6.29778208214304e-05,-0.00382178455047644,-0.00149339911050284,-0.00015133054986638,-5.43056676338693e-06,-0.000144995303278606,-0.00327228612246611,-0.00297726640097906,-0.00291921400063178,0.000314033502600175,-9.54167048945465e-05,1.68999694221128e-05,-0.00114434676486752,6.07857174372839e-06,2.2108062739612e-05,-0.00295993505555181,0.000255366401948898,-0.000925756220636842,-0.00103050539600069,-0.00013099858032728,-1.96199812485531e-05,-0.00256063244705906,-0.00333149038439906,0.000170047187060263,-0.00250331186241493,0.00036085814370157,-0.00118886904841808,-0.00244125521912242,-0.000986652502859897,1.68999694221128e-05,-0.00224005744732114,-6.71598430441733e-05,-0.000127612129131371,-1.67093628782311e-05,7.50394044386482e-05,-0.000863076986163946,0.000123319456337256,7.68136754674131e-05,-0.00244125521912242,-0.00253369440625484,-0.00289237490908434,0.000226323064697276,-0.00113729136924512,-0.0035942963341542,-0.00109097302319494,-5.43056676338693e-06,-0.00156589648447358,-0.000231624995892687,-0.00128588956002051,-0.00181137108958396,-6.71598430441733e-05,-0.000655076996666004,0.104193428721055,-0.000296817778840719,4.95237984603492e-05,2.46636463563377e-05,-0.000102249560550938,7.4579933646568e-05,-0.00115417075604807,3.20462451810499e-05,-0.000159860622138908,5.1835560308966e-05,-0.000670534952110557,0.000125276970297961,-0.00176158780055324,-6.39925698520116e-05,-0.00256430854799206,-0.000229255726300615,-4.20413848232215e-05,-2.85814542655416e-05,-2.85814542655416e-05,0.000156184737542198,0.000125276970297961,-0.000825153846551352,-5.31887084331828e-06,-1.38358030001839e-05,-7.36164048822374e-05,-0.00349563953751186,-7.69072598290066e-05,-0.00147382406252561,-0.000336926336300003,-7.36164048822374e-05,-0.00163779753761695,-5.43056676338693e-06,-3.01793220174318e-05,4.54677867800513e-07,-0.000121095746583144,-0.00161624025884599,7.23180239035059e-05,-0.000123787290952748,-0.000120255429306049,-0.00147449724890869,-0.00126394933803642,-0.000201567295851746,-0.00157955678920008,-3.01793220174318e-05,-0.00121946822158936,4.71137141913047e-05,-7.03675302933249e-05,-0.00710618736334201,-0.000201567295851746,-0.000115491434461212,-6.0864956571649e-05,7.90197702169593e-05,-0.000772134290371262,-0.00124667351336782,-0.00192467582729616,-0.000524128054514961,-1.73393396876165e-05,-0.00110752355305177,-7.36164048822374e-05,-0.000167650330299196
"8:121272791:C:T",2.36129935400342e-05,-8.480543583822e-06,-1.51472700515853e-05,-5.32611075643175e-05,-2.61208558018922e-05,-3.07399956929189e-05,9.72929515681287e-05,-0.00172612952879891,-3.54856980617768e-05,-0.00315916132838368,1.35120340694073e-05,-0.0087493570437549,4.96728671262048e-05,-8.70399465808802e-05,-0.000886113456828319,-0.00151846800697175,-4.18383548694834e-06,6.12098654775295e-05,-0.000941331758136599,-9.06987763418243e-05,-0.00179912545641514,-0.00114083895114447,-7.60387702953835e-05,1.35120340694073e-05,-0.00490921417670975,5.22281128745306e-06,1.74917431312593e-05,-8.10563360875705e-06,0.000194089828858601,-5.83438055246077e-05,2.13671921578396e-05,-0.00127209710877363,-1.51472700533617e-05,2.75927167372458e-05,-0.0127342904096261,-0.0017504958404615,6.64407292738645e-05,0.000269140911692389,-0.00498289724006007,1.74917431312593e-05,-0.00237764838658361,1.35120340694073e-05,0.000150187663526147,-5.32611075643175e-05,-0.00144106746063866,-1.28946781687844e-05,-0.00214554341910844,-0.00296541057045996,9.58614695312221e-05,6.0037862120943e-05,1.74917431312593e-05,3.52324141470461e-05,-0.00186615999155393,0.0001730125225885,-5.05354054780582e-05,-0.00134965954648347,-0.000153773664995249,-4.18383548694834e-06,-6.31780140114557e-06,-0.0055923306809138,-0.0041964573240838,0.000140849604700399,-5.32611075643175e-05,-0.00123084036186905,-0.000296817778840719,0.103134450118568,3.89007283381204e-05,1.94422460966237e-05,-8.14637223038872e-05,5.83676715235626e-05,-3.30967092638801e-05,-0.00158245806001656,-0.000276122993597916,4.20390462787523e-05,-0.000185100383578884,-0.00161704156046305,6.64407292738645e-05,-5.07710427504193e-05,4.96728671262048e-05,3.05992307252367e-05,-0.00309451730570309,-2.20946841915648e-05,-0.0027683842066093,-0.00124884051461116,-0.00161704156046305,-5.57851329974213e-05,-3.53687633936062e-06,-1.06726385640243e-05,-5.83438055246077e-05,-0.000204286676511956,-6.09378299696317e-05,-1.30070764914336e-06,-0.00154252044309899,-5.83438055246077e-05,0.000198012543578763,-4.18383548694834e-06,-2.38572010546889e-05,9.04205456286888e-07,-0.00761809456411022,-0.00182468117385692,5.66751623942707e-05,-9.90679782582049e-05,-7.60387702953835e-05,-3.13640700131401e-05,-5.05354054780582e-05,-2.05592492710238e-05,7.33773477268329e-06,-2.38572010546889e-05,-2.85672705508944e-05,3.7078784491662e-05,-5.57851329974213e-05,-0.00212462346785181,-2.05592492710238e-05,-0.00524184935471705,-4.83142698630701e-05,6.1686167504682e-05,0.000209940361163952,-4.53777901947561e-05,-0.00214686120769869,0.000170911934143536,-0.00094813328069332,-3.07399956929189e-05,-5.83438055246077e-05,-0.000777763397797671
"8:121273557:T:C",-1.68241208999831e-05,4.44042057878846e-06,-0.00147265758011628,-0.00285281777596413,1.5504685250356e-05,1.78733884697024e-05,-6.50275517903864e-05,5.58044540177605e-06,2.02930042840777e-05,-0.0108819831676552,-9.19467847904087e-06,-0.00291907102441691,-3.32732264283209e-05,4.9523798459461e-05,6.54938419240025e-05,-0.00155623192614662,-0.00184132440581752,-4.22433657076837e-05,2.31324087440754e-05,-0.00369441525889957,-3.70270795357897e-06,-0.00334865236865944,4.41446296424175e-05,-0.00121809989784527,-0.00283405762441369,-4.82537311263798e-06,-1.13092328284381e-05,2.10300524106088e-06,-0.00501294334715485,3.36496724617774e-05,-1.33790257148547e-05,5.9764340765156e-05,7.89776158960365e-06,-1.89405143924404e-05,9.07545925432629e-06,-0.00204494290425572,-4.50833531946415e-05,-0.00187879391125723,0.000262024223248503,-1.13092328284381e-05,-0.00321811269386174,-9.19467847904087e-06,-0.00630812326411689,-0.00285281777596413,5.65794700913003e-05,6.73282541807652e-06,-0.00501763255805443,-0.00308147245005941,-6.42290649439659e-05,-3.89262148576819e-05,-1.13092328284381e-05,-2.30349024539223e-05,-5.93570354823214e-06,-0.00666280588748958,2.78741864354615e-05,3.75666518017681e-05,8.25910432284971e-05,2.19665372735989e-06,3.31255421670562e-06,-0.0013928741287268,-0.00272126991737398,-0.0061552374050553,-0.00285281777596413,0.000415755593001776,4.95237984603492e-05,3.89007283381204e-05,0.0958576163559517,-1.23496354875741e-05,4.68058097844448e-05,-3.80097943519786e-05,1.90767308261286e-05,8.61351232712693e-05,7.25281358784358e-05,-0.00312970658364176,3.49413505285057e-05,-6.50275517903864e-05,-4.50833531946415e-05,2.98559069520365e-05,-3.32732264283209e-05,-0.000536946486501932,1.90767308261286e-05,1.14699828470677e-05,1.14699828479559e-05,-8.1213304108374e-05,-6.50275517903864e-05,3.23716817813846e-05,-2.58622960380706e-07,5.58044540177605e-06,3.36496724617774e-05,8.76303502446163e-05,3.49413505276175e-05,-1.41954562771218e-06,6.00434037369979e-05,3.36496724617774e-05,-0.00135795776401348,2.19665372735989e-06,1.43389289801732e-05,-2.56750225702262e-06,-0.000189284625061958,-0.00103842985744151,-3.70833018958905e-05,5.69886181187584e-05,4.41446296424175e-05,-4.414766154337e-05,-0.00154942986575435,5.94378541851626e-06,-5.93570354823214e-06,1.43389289801732e-05,-2.92879909977728e-05,-2.40307567445086e-05,-0.00301275211731511,-0.00114807840108977,5.94378541851626e-06,-0.000545560975426795,2.86177059987125e-05,-3.98327263448905e-05,-5.5220802366307e-06,-0.00159441208910582,-3.13032479235531e-05,-0.00121157790920012,4.51920247535043e-06,1.78733884697024e-05,3.36496724617774e-05,7.54748854392417e-05
"8:121274482:C:T",-8.13654370102057e-06,2.27137522390564e-06,4.03944277937995e-06,1.54741757896204e-05,7.71315590775146e-06,8.92194438861793e-06,-3.20964504529897e-05,-0.00172392214514794,1.0156538506223e-05,-0.00146627628813878,-4.47897512501072e-06,-8.35723836134505e-05,-1.63182227845837e-05,2.46636463572258e-05,3.26052646597574e-05,3.28169194352412e-05,1.12371728366867e-06,-2.06270696869737e-05,1.20803861136665e-05,2.55031839913045e-06,-0.00149508914119689,-0.00417621304512572,2.19294863681441e-05,-4.47897512501072e-06,-0.00208341355026143,-0.00548392771287798,-5.56340535684541e-06,1.31232609135168e-06,-6.86766836155428e-05,1.67688787575671e-05,-6.62502903825413e-06,2.96980217022735e-05,4.03944277849178e-06,-9.22478581610875e-06,4.64162350866104e-06,-4.47350790846457e-05,-2.20986946128932e-05,-0.000101648173218116,0.000130333868468391,-5.56340535684541e-06,-0.00135566220874583,-0.00141308640571136,-0.00105730763748557,1.54741757896204e-05,2.82487500076201e-05,3.44374315197626e-06,-2.01250385911678e-05,-0.00480377542955335,-3.16802639801494e-05,-0.0006634607473881,-5.56340535684541e-06,-1.13305771956007e-05,-2.80794073237445e-06,-0.000933818755576077,-0.000515073133294131,1.87631291055368e-05,4.12755556160604e-05,-0.00203692757812579,1.69450634412982e-06,-0.00119823779901118,-0.00450862748107994,-0.0010975754598892,1.54741757896204e-05,-1.5606146832603e-05,2.46636463563377e-05,1.94422460966237e-05,-1.23496354875741e-05,0.0546023078950251,2.32822276018396e-05,-1.87632592947296e-05,9.53596467745399e-06,-0.00502249546559597,3.60176713147808e-05,-1.53275379890516e-05,1.74265591850187e-05,-3.20964504529897e-05,-2.20986946128932e-05,1.48369395649439e-05,-1.63182227845837e-05,-0.00151176864245972,9.53596467745399e-06,5.86585363926417e-06,5.86585364015235e-06,-4.01495150139652e-05,-3.20964504529897e-05,1.61181202766869e-05,1.02097748033714e-07,2.85442108349798e-06,1.67688787575671e-05,4.38296066702648e-05,1.74265591841305e-05,-4.92893790671189e-07,-0.0050458806570326,1.67688787575671e-05,-0.00166624269061533,-0.00203692757812579,7.11818869802983e-06,-1.08128589548784e-06,0.000313530795632566,-7.34325558138238e-05,-1.82849292738041e-05,2.82892671785717e-05,2.19294863681441e-05,-2.16137987889553e-05,1.40236360053336e-05,3.56006912305418e-06,-2.80794073237445e-06,7.11818869802983e-06,-1.42617242602228e-05,-1.1842850468291e-05,1.61181202766869e-05,-0.00174950336040691,3.56006912305418e-06,-1.18214099442682e-05,1.42063080241783e-05,-0.000339940430920116,-7.91056972548887e-05,1.27064996986448e-05,-1.53015763073583e-05,-0.00153271961978074,2.55031840001863e-06,8.92194438861793e-06,1.67688787575671e-05,3.75109184895805e-05
"8:121282851:C:G",-0.00334744234774753,-0.000879368796512736,-0.00119163549750656,-6.29995425933672e-05,-3.10912649359452e-05,-3.66216099534356e-05,0.000118849136176102,-1.2938289682296e-05,-0.000974240090003242,-0.00446678618670315,-0.00160962110020879,-0.00369900698866132,5.96456474744045e-05,-0.000102249560551826,-0.000414004504818877,-0.00396720443476983,-5.0809618699077e-06,7.34655897858261e-05,-6.04705720261833e-05,-0.00121417440646088,-0.00130615487172392,-0.00217911730513443,-8.94192177183228e-05,1.60028430382653e-05,-0.00069232526616414,5.86866284191245e-06,2.08852489622657e-05,-0.000436894951419298,0.000243968359183278,-6.90008915347207e-05,2.56504295226279e-05,-0.000443453416012929,-1.83406443863277e-05,-0.00171548565652024,-2.10929203650068e-05,0.00016175055484613,-0.000430669854535104,0.000346936895585515,-0.000925172432997279,-0.00223470277954441,-0.00540029157089617,1.60028430382653e-05,-0.0026083322253454,-6.29995425933672e-05,-0.000966759072109191,-1.56226456891062e-05,-0.0032030406337098,0.000561121856039293,0.000116994702087148,7.26791276983718e-05,-0.00223470277954441,-0.000524768936037923,8.44982146830375e-06,-0.00252009789244667,-6.01744242985092e-05,-7.82886785835046e-05,-0.000178415859498848,-5.0809618699077e-06,-0.00135770718097206,-0.00247657380417987,0.000662866613525992,-0.00158895703122841,-6.29995425933672e-05,0.000785982863808599,-0.000102249560550938,-8.14637223038872e-05,4.68058097844448e-05,2.32822276018396e-05,0.0869863991256601,7.05732136170312e-05,-3.94381423136636e-05,-0.00703158608135102,-0.000149382619954785,4.93875508071895e-05,-7.20580045667774e-05,0.000118849136176102,8.00865870651535e-05,-6.00539304391745e-05,5.96456474744045e-05,-0.00355795280513238,-3.94381423136636e-05,-2.67029232361438e-05,-2.67029232352556e-05,0.000148370304104084,0.000118849136176102,-0.000613343821340706,-4.7897726123125e-06,-1.2938289682296e-05,-6.90008915347207e-05,-0.000190999673835179,-7.20580045676655e-05,-2.07381035899346e-06,-0.0023218448763771,-6.90008915347207e-05,-0.00391788655144421,-5.0809618699077e-06,-2.83762147370581e-05,6.07480400205418e-07,0.000103338926888519,-0.00029848626635065,6.84414173433012e-05,-0.000115879131879382,-8.94192177183228e-05,7.79080919555142e-05,-6.01744242985092e-05,-0.000255067479351112,8.44982146830375e-06,-2.83762147370581e-05,5.03952029839994e-05,4.45399261010948e-05,-0.00480009926656244,0.000137136081445277,-0.000255067479351112,3.32525172987985e-05,0.000819199170555507,7.47596271972739e-05,-0.00112031833347981,-0.00103558623889999,5.50794302407454e-05,-0.00248080879729962,-1.60141042160333e-05,-3.66216099534356e-05,-0.00183012565381002,-0.00557443164956872
"8:121283904:T:C",-0.00114131842109089,6.50084938591533e-06,1.15637051534279e-05,4.69005421033231e-05,2.33753456129193e-05,2.68520252788562e-05,-9.88229680656261e-05,-0.00347722883608892,3.04039355851771e-05,-0.0039150604893976,-1.41574725454063e-05,-0.00568148961723036,-0.000992061077638162,-0.0019529846421511,-0.00258395517447063,-0.00744579848767124,3.21571201933324e-06,-0.00105985568724432,-0.00351716177573103,-0.00126584339335878,-0.00357931692549496,-0.00058988126870041,6.66508036379909e-05,-0.00390194854127568,-0.0019709752248378,-7.77731393419856e-06,-1.724452661378e-05,2.34347838556914e-06,-0.0014004870252613,5.06409314580125e-05,-2.02658133652278e-05,-0.00385935227440992,-0.00367679171767676,-0.00093847684954973,1.32885510426561e-05,-0.000138357373340448,-6.89912042730612e-05,-0.00169442468526615,-0.00217614070304339,-1.724452661378e-05,-0.00143216878818997,-1.41574725454063e-05,-0.000160539822740446,4.69005421033231e-05,-0.00302767355971678,9.85767509131819e-06,-6.3494005959619e-05,-0.00245576518756696,-9.76780852246506e-05,-5.90845986927491e-05,-1.724452661378e-05,-3.51275126790895e-05,-0.00122517973949776,-0.000186442314269009,4.1536148013499e-05,-0.00176883455155252,-0.00283674117449717,3.21571201933324e-06,4.84946335355119e-06,-0.00335967333231579,-0.0020491279395376,-0.000942114255740201,4.69005421033231e-05,-0.00462737959322812,7.4579933646568e-05,5.83676715235626e-05,-3.80097943519786e-05,-1.87632592947296e-05,7.05732136170312e-05,0.119179991658309,2.86184255822164e-05,-0.00306753357041778,0.000109541417722347,-5.01169055855399e-05,5.25413771201855e-05,-9.88229680656261e-05,-6.8991204272173e-05,4.50599635222204e-05,-5.08913463770355e-05,-0.0067770254403916,2.86184255822164e-05,-0.000409752303325739,1.67959435009024e-05,-0.000123221609847235,-9.88229680656261e-05,4.87607600483386e-05,-1.1068531238223e-06,8.17015595711013e-06,-0.0021392345143445,-0.00146913293222006,5.25413771192973e-05,-2.80275740305314e-06,-0.00311687460123355,5.06409314580125e-05,-0.00664204655469902,3.21571201933324e-06,2.16644779129638e-05,-0.00043858465096136,-8.92844946349669e-05,-0.00105846630754947,-5.64139303884659e-05,8.61071323647877e-05,6.66508036379909e-05,-0.0039266005841867,4.15361480143872e-05,7.08276981065126e-06,-9.39881963457623e-06,2.16644779129638e-05,-0.00379225804678018,-3.65765168774956e-05,4.87607600483386e-05,0.000199322525941348,7.08276981065126e-06,-0.00118248713204938,4.32387167110804e-05,-6.03981377258478e-05,-0.000250862517093609,3.77433774856328e-05,-0.00387283817444217,-7.70701250125683e-05,-0.000449029525530165,2.68520252788562e-05,5.06409314580125e-05,0.000113899177330623
"8:121284505:G:A",1.2013486943907e-05,-3.94192323227571e-06,-0.00272714050693335,-2.57896781246103e-05,0.000283789480310048,-1.48014111820416e-05,4.7687705543531e-05,-4.96022646601091e-06,-1.70102532965899e-05,-1.04053539091709e-05,-0.00244130566613876,-0.0120500815314459,2.46129950625118e-05,-4.20413848232215e-05,-0.000912693227162364,-5.77333269973224e-05,-1.94521041141371e-06,-5.69162238797105e-05,-0.00188222491031897,-5.39310662617254e-06,-0.00253151817828989,-0.00700474854169197,-3.69042470067527e-05,6.78625804262367e-06,-0.00839517986409977,2.94614158580231e-06,-0.00175664961806277,-3.22020032328396e-06,-0.0016629337554166,-2.81597606308637e-05,1.04289585758366e-05,-5.08428916639048e-05,-7.03805163926319e-06,-0.00219245165231108,-8.09812459401371e-06,6.45528988139077e-05,3.29296236820653e-05,0.00013184251434506,0.000173871644930657,8.63133472250865e-06,-0.0094659739198022,6.78625804262367e-06,-0.000712002605095741,-2.57896781246103e-05,-4.88718315523329e-05,-5.9921786270678e-06,2.97118714955857e-05,-0.0019430124111004,4.70333858029193e-05,-0.00384743476488847,8.63133472250865e-06,1.73805530723214e-05,3.92553746397795e-06,-0.00100798776038946,-0.00146847584492527,-0.00315351845700995,8.48341100345706e-05,-0.0021234219910653,-2.9370039582588e-06,-0.00840540075750607,-0.00238229594943018,-0.000601639469031134,-2.57896781246103e-05,0.000188466622478956,-0.00115417075604807,-3.30967092638801e-05,1.90767308261286e-05,9.53596467745399e-06,-3.94381423136636e-05,2.86184255822164e-05,0.113316881852213,-8.38299542689214e-05,-6.23715523913049e-05,2.17675981470933e-05,-0.00131756642929926,4.7687705543531e-05,3.29296236820653e-05,-2.46281179734353e-05,-9.44112294041233e-05,-0.00389509050162751,-1.58984600471257e-05,-4.83225866538817e-05,-1.02620240873819e-05,5.89338638787851e-05,4.7687705543531e-05,-2.6966789422822e-05,-0.00182654100568946,-4.96022646601091e-06,-2.81597606308637e-05,-7.88775005284847e-05,-2.936890861438e-05,-7.32035267958508e-08,-5.86867828547e-05,-0.00125107899336463,-0.00669073854938684,-1.94521041141371e-06,-1.15959004727273e-05,-4.48586522470151e-05,-0.00210206917751155,9.95261211738097e-05,-0.00278127332386902,0.000268275958874575,-0.000900320073214722,-0.00214088642652488,-2.4007678460336e-05,-8.31354808106255e-06,3.92553746397795e-06,-1.15959004727273e-05,-0.0020400040355204,1.8234182858734e-05,-2.6966789422822e-05,-0.00443802873717569,-8.31354808106255e-06,1.58500842992737e-05,-2.3481808076653e-05,3.01485338560781e-05,0.000104472870330774,-2.16108721451391e-05,-0.00211638626462296,-0.00169325434401291,-0.00118999498978045,0.00029518218547242,-2.81597606308637e-05,-6.53193081880943e-05
"8:121288882:A:G",-0.00132420933449939,-0.00103355414526707,-0.000360586458129752,-0.0041244663807527,-6.40969766863009e-05,-0.000335237286701151,-0.00875560877336046,-0.00307446596397121,-0.00344001518721537,-0.00363508228230058,-0.000973455087835973,-0.0073474114985399,-0.0027364186476575,-0.00182443073851424,0.000323623533198258,-0.00446148912895339,-1.1079134996983e-05,-0.00320436024140491,-0.00906124116030149,-0.00184853971580967,-0.000409420109284575,-0.00923705271546371,-0.00329169023397036,-0.00217421967897735,-0.00489798327196356,-0.00161262553368857,3.90187872572056e-05,-0.0060464446120001,-0.00203409415630862,-0.000282761523971331,4.87681533831719e-05,-0.00259819743634004,-0.00395581046831683,-0.000164637044195892,-0.00294485565920954,-0.000311063586303284,-0.0055658677016952,-0.000241941855722239,-0.00328086152142415,-0.00281486728944813,-0.00212056842627595,2.8848065562137e-05,-9.98951646913326e-06,-0.0041244663807527,0.000384669296932039,-0.000384371056274091,-0.000622123407105768,-0.00197913754849477,-0.00031358905117429,-0.000701737809356118,-0.00281486728944813,-0.000808470930170557,-0.00424612922329981,-0.000164760451714763,-0.000202756463137277,-9.40861724014752e-05,-0.00176738863429104,-0.00214968170983987,-0.00196111986164649,-0.0035609310848268,-0.00550418771294758,-0.00599033246381353,-0.0041244663807527,-0.00095517607196216,3.20462451810499e-05,-0.00158245806001656,8.61351232712693e-05,-0.00502249546559597,-0.00703158608135102,-0.00306753357041778,-8.38299542689214e-05,0.28339132165789,-0.000575022116137802,-0.00148103000500655,-1.24679222359703e-05,-0.000587666085030136,-0.00011510800094694,-0.000127169941324112,3.08534406814331e-05,-0.000423574894063528,-0.00287603657808067,-3.85003902749759e-05,2.58585142489665e-05,-0.000755398722601441,-0.000587666085030136,-0.00287140315840517,-0.00974327932594576,-2.18872894137689e-05,-0.000282761523971331,-0.00224682702706502,-0.000241863747135973,-0.000260108182933649,0.000682455087178901,-0.000282761523971331,-0.00274469419234924,-0.0072421129198581,-5.77922431830302e-05,-1.33928096337499e-05,6.33335070654439e-05,-0.00283889250248004,-0.00148479556881309,-0.000257880503387042,-0.000194794844463608,-0.00654509793501479,-0.00104875361677159,-0.001777448902895,-0.00716140590181702,-5.77922431830302e-05,-0.0071146568565057,-0.00338970999192156,-0.00354175002874246,-0.00530388690590922,-0.001777448902895,-0.0109253215124223,0.000168236923139276,-0.00297151980130206,-0.00235714065227066,-0.000777207926517143,-0.00765043488114792,-0.00925487261525904,-0.00288150251302088,-7.71118976707896e-05,-0.000485988008716021,-0.0009728458182785
"8:121291194:G:T",4.08843011552307e-05,-1.69545266945903e-05,-3.02110761989383e-05,-9.84985656300452e-05,-4.87160369146977e-05,-5.77654642173187e-05,0.000185117863876094,-2.13203409256124e-05,-6.70331986620809e-05,-0.00356289477870675,2.3934263376546e-05,-4.62521748101352e-05,9.11205624136713e-05,-0.000159860622139796,-0.000212642016165887,-0.00045677507871833,-8.37731632596928e-06,0.000111168728037292,-0.000821185891969556,-0.00768214145696344,2.80355869186621e-06,-0.000176400742819105,-0.00013915385417107,2.3934263376546e-05,-0.00146875205983488,7.13311476197021e-06,3.20374053908168e-05,-0.000579398241562501,0.000383613140681582,-0.000108247773193959,3.99515093123526e-05,0.000897772093058968,-3.02110761998264e-05,4.908594758124e-05,-3.47379414673554e-05,0.000251601175749627,0.000122409813134716,-0.0008699189714374,-0.00234290729531494,3.20374053908168e-05,-0.00237191873238451,2.3934263376546e-05,0.000289548165398834,-9.84985656300452e-05,-0.000187207677213586,-2.57388706312867e-05,-0.00071683816952639,-0.00088748390579152,0.000181929461676056,0.000113094875790587,3.20374053908168e-05,6.49009153859126e-05,1.14100202281975e-05,0.000338152902632949,-9.62281870036108e-05,-0.000123320202891186,-0.00847432259893921,-8.37731632596928e-06,-1.26404903308952e-05,-0.00199973684384247,-0.00119014297757492,0.000266985078929416,-9.84985656300452e-05,0.00058631466371839,-0.000159860622138908,-0.000276122993597916,7.25281358784358e-05,3.60176713147808e-05,-0.000149382619954785,0.000109541417722347,-6.23715523913049e-05,-0.000575022116137802,0.0559082657663552,-0.00114795132473233,-0.000113211013276882,0.000185117863876094,0.000122409813135604,0.000507050631350481,9.11205624136713e-05,-0.00364192592167356,-6.23715523913049e-05,-4.39597082033671e-05,-4.39597082042553e-05,0.000232415581373324,0.000185117863876094,-0.000103343977757575,-1.05109164589834e-05,-2.13203409256124e-05,-0.000108247773193959,-0.000299786794456303,-0.00011321101327777,-6.01744190831255e-06,-0.000496172538416495,-0.000108247773193959,-0.00368262792424012,-8.37731632596928e-06,-4.42707925856212e-05,-1.57962605218387e-06,0.000158478851933097,-0.000605869693454331,0.000105945431443821,-0.000179731359665425,-0.00013915385417107,0.000118709935689409,-0.0079955732978032,-4.85303995469977e-05,1.14100202281975e-05,-4.42707925856212e-05,7.55503160014825e-05,6.87371871084252e-05,-0.000103343977757575,-0.000662139646232518,-4.85303995469977e-05,-0.00748795498109978,-8.8978770778958e-05,0.000116606555566001,-0.0012016642579411,-8.62559608894031e-05,8.34320807348021e-05,-0.000841112954597989,-2.90628781751678e-05,-5.77654642173187e-05,-8.27286612263833e-05,0.00392246173142663
"8:121292947:C:T",6.98590227052875e-05,5.21593315649937e-06,-0.00436439315223947,3.4366175413858e-05,1.78744570966671e-05,-0.00168963362180286,-0.000122104908730769,6.53889379087502e-06,2.30772894056486e-05,-0.0010056827963183,-0.0024884974983852,-0.00151023668180805,0.000270027060986777,5.18355603080778e-05,-0.000311083593691031,-0.000599986186946566,-0.00239102749084985,-0.00279515776956174,6.05942847888841e-05,2.65277770328254e-06,-0.00216665580496311,-0.00144637992470953,-0.000617369346877616,-5.40706427631932e-05,-0.000533228722479073,-1.49062012777534e-05,-1.40276865900901e-05,5.05336988254612e-07,-0.00108475112980688,-0.00010193770689515,-1.66186139161084e-05,6.05380482348039e-05,-7.64837144373587e-06,-0.000213651691137073,-0.00390959895632648,-0.00301617959389411,-6.08189952169269e-05,-0.00159703343282747,-0.00160635531520104,-1.40276865900901e-05,-0.00119322594745963,-1.1401529560473e-05,-0.000297615774382365,3.4366175413858e-05,-0.000482946651612082,-0.000693825476206555,-0.000195718446607707,0.000160211330154425,-0.000634697265585515,-5.13797879051481e-05,-1.40276865900901e-05,-0.00161350748917766,-0.00224023906725712,-0.00148803467429381,9.34893660176073e-06,-0.0015994208689305,-0.000283980159549557,2.59275461367281e-06,3.90054737131607e-06,-0.00544171851704212,-0.00243279671147789,-0.000160439058966233,3.4366175413858e-05,-0.00437111940455548,5.1835560308966e-05,4.20390462787523e-05,-0.00312970658364176,-1.53275379890516e-05,4.93875508071895e-05,-5.01169055855399e-05,2.17675981470933e-05,-0.00148103000500655,-0.00114795132473233,0.127584529757779,3.81857093190163e-05,-0.00130229356816969,-0.00345128429495833,-0.000883924296237737,-0.00257461677699045,-5.22400432054759e-05,-0.00391395366820291,-0.00207166316106644,-0.00182819923737387,-0.000982664227999308,-0.00130229356816969,-0.00313567811728621,-0.000290173948073402,-0.00215652128249566,-0.00145615493228757,6.62194716571918e-05,-0.00152022088371506,-0.00408140220707853,-0.000465972567831763,-0.00145615493228757,6.71668253660052e-05,2.59275461367281e-06,1.65889544749831e-05,-0.00193956609974055,-0.000309065187156676,-0.00220424520596296,-0.00504236658571777,0.00010692533097334,4.69463940371284e-05,-0.00170222521354901,-0.00146685287101445,-0.000537979172364977,-1.96806279895156e-05,1.65889544749831e-05,-0.00177303447624322,-0.00311511797610109,-0.00135987817742134,-0.00212342543582622,-0.000537979172364977,-0.00163976876322547,3.18405633841223e-05,-5.26322695302284e-05,-0.000736748007821753,2.33333353927279e-05,-0.00173235397573546,0.000221084396873295,-0.00225526197675574,2.04638458667361e-05,-0.00284794324428095,-0.00215054026030526
"8:121296346:A:C",-0.00253945321390869,-7.49452848314291e-06,-0.00288151233353151,-4.72461941249946e-05,-2.32371161770217e-05,-2.72985728964059e-05,8.79836692151414e-05,-9.42896301836527e-06,-0.00134704262758856,-0.00518171691853997,-0.00258377580585023,-0.00142019587532438,4.47603185396162e-05,-0.00354869594286544,-0.000965689399257563,-0.000106062167629872,-3.6995431136333e-06,-8.12535440513074e-05,-0.00365223799299752,-0.00272975331516179,-0.00267868738482857,0.000261504440067561,-6.73343776407265e-05,1.21628615339375e-05,-0.000892197599406508,4.82013232527834e-06,1.5694293143298e-05,-0.00271448260049922,0.000177809392726047,-0.00107998349140015,-0.000798109705553607,-9.25658427348708e-05,-1.33741219805472e-05,-0.00232949519603043,-0.00308349669799313,0.000119365195923926,-0.00228672424788012,0.000249576294849341,-0.00117568304078297,-0.00262351310069064,-0.000387791048390262,1.21628615339375e-05,-0.00205712781430645,-4.72461941249946e-05,-8.96136192256591e-05,-1.13886629806714e-05,5.36914177660108e-05,-0.000534764584175562,8.66887996506804e-05,5.40385236051932e-05,-0.00262351310069064,-0.00230603582369859,-0.00265373335937102,0.000158039007797761,-4.46504128399638e-05,-0.00332844665802234,-0.00121133599036938,-3.6995431136333e-06,-0.00173921000104027,-0.000110948654509002,-0.000856313880984949,-0.00165683436796904,-4.72461941249946e-05,-0.000431328604124204,-0.000670534952110557,-0.000185100383578884,3.49413505285057e-05,1.74265591850187e-05,-7.20580045667774e-05,5.25413771201855e-05,-0.00131756642929926,-1.24679222359703e-05,-0.000113211013276882,3.81857093190163e-05,0.0929818750908789,8.79836692151414e-05,5.99843842490344e-05,-4.50668979885549e-05,-0.00234163792191566,-0.000492281179228726,-2.93689086134918e-05,-1.94901843206807e-05,-1.94901843189044e-05,0.000109275324927438,8.79836692151414e-05,-0.000980332648532922,-2.92083464525916e-06,-9.42896301836527e-06,-5.16904851250999e-05,-0.0031930423457478,-5.39565984283286e-05,-9.46513841526553e-07,-0.000199152205882847,-5.16904851250999e-05,-0.000146224535435557,-3.6995431136333e-06,-2.12450007737175e-05,1.00140889180977e-06,-6.68927490909965e-05,-0.00187273211206751,5.10250433825021e-05,-8.75601704510842e-05,-0.000268229504414741,-0.00103273420500205,-0.00142078529494327,-0.000105421105043746,-0.00175784063840734,-2.12450007737175e-05,-0.000769212739768932,3.33163392731706e-05,-4.94538724771232e-05,-0.00552590867185732,-0.000105421105043746,-0.000235870885219924,-4.29154458370107e-05,5.55168423748142e-05,-0.00016713761294973,-0.00140544233498119,-0.00122403495034096,-0.000172004419682459,-1.10930272114729e-05,-0.00127181109974117,-5.16904851250999e-05,-0.000118642429679738
"8:121296993:A:C",-0.00359072373576819,1.02689345817808e-05,1.82702515836297e-05,7.89746329079577e-05,3.93570070569282e-05,-0.00197392326027401,-0.000169132229616231,-0.00140686378656874,5.05254847045222e-05,-0.000834805798736404,-2.48684045063285e-05,-0.00809015413399194,-8.8228842168192e-05,-0.00269246873113005,0.000165863073791961,0.000163291382691,5.07893540202531e-06,-0.000541651828745771,-0.0033573294739222,-0.000376184945936942,-0.00119767858689723,-0.000727486725756066,0.000112558359580461,-0.00112618222864036,-0.00348328055551139,-0.00347317651370638,-2.9713368863149e-05,-0.00511809377922212,-0.000767953547327949,8.49480178564122e-05,-3.4453830054737e-05,0.000152236559798347,1.82702515818534e-05,-5.12566009023274e-05,0.000685521502157727,0.0005310548133588,-0.00526643366880641,-0.00104614612437093,-0.0017599526627734,-2.9713368863149e-05,-0.000703934021181407,-2.48684045063285e-05,-0.00027619391295719,7.89746329079577e-05,-0.00149657098800215,1.55736681035634e-05,4.9954728727819e-05,-0.00133261390365824,-0.000167410923413769,-0.000100871405251723,-2.9713368863149e-05,-6.05392276789019e-05,-1.73973500690039e-05,-0.000319801501836636,-0.00291649715677611,9.41555802347338e-05,0.000206597297352396,5.07893540202531e-06,7.65982632344731e-06,-0.000135428271771154,-0.000480936055179626,-0.000266296286171475,7.89746329079577e-05,-0.00348839492582531,0.000125276970297961,-0.00161704156046305,-6.50275517903864e-05,-3.20964504529897e-05,0.000118849136176102,-9.88229680656261e-05,4.7687705543531e-05,-0.000587666085030136,0.000185117863876094,-0.00130229356816969,8.79836692151414e-05,0.0856825359441915,-0.000119734811325323,7.60358572629016e-05,-0.00388239645281363,-0.000142670848703119,4.7687705543531e-05,2.65428439023552e-05,-0.000361838079234289,-0.00021019939811584,0.00189805788820419,8.19451812885674e-05,-4.37143308307242e-06,1.29067238807679e-05,8.49480178564122e-05,0.000218624225374775,-0.00273878149723927,-7.03632875787008e-06,-0.00064521560933084,8.49480178564122e-05,-0.000338483614874541,5.07893540202531e-06,3.66393698119083e-05,-9.67085951142366e-06,-0.000154784273937558,-0.00353527281649679,-9.67515927667861e-05,0.000145639343930526,0.000112558359580461,-0.00101952781803671,-0.00304315512556741,-0.00037574232506099,-1.73973500690039e-05,3.66393698119083e-05,-0.00107221647407751,-6.27957874677065e-05,8.19451812885674e-05,-0.00110561177960422,-0.00037574232506099,-0.0034969663380684,7.31283497383828e-05,-0.000102897282627801,-0.00254284826009066,-0.0014499307106739,-0.00103369038803258,-0.00152855256297624,6.60251111206378e-06,4.4880694913374e-05,8.49480178564122e-05,0.00019215837084996
"8:121297989:A:C",-0.00277192597010067,7.44865023971641e-06,1.32312411702529e-05,5.37101433186749e-05,2.70050066131233e-05,-0.00239345877194808,0.000139273697161713,9.35705798088549e-06,3.49430010011531e-05,-0.00115242774121693,-1.67625725877585e-05,-0.00256741755059053,-0.00135569885746545,8.44700920170638e-05,-0.00147940103733113,-0.00158634855584783,3.68785237636615e-06,-0.0101639683741439,3.72373148476157e-05,-0.000202766309398861,-7.50077157007922e-06,-0.00233461734545326,7.57834649078859e-05,-1.67625725877585e-05,-0.000661830870051006,-0.00159120461931916,-2.03377751537559e-05,-0.00343267931279989,-0.0161740149654976,5.78730966624974e-05,-2.38421687068779e-05,0.000101595043981106,1.32312411693647e-05,-0.00309756589816512,1.51975713880148e-05,-0.00525889962943449,-0.00133682677080493,-0.00382242397177901,-0.00291669781265291,-2.03377751537559e-05,-0.00655102360985849,-0.0015232735350672,-0.00337947675711359,5.37101433186749e-05,-0.00206562033806001,1.12844966615455e-05,-0.00389417388407853,-0.000386417517747262,-0.00107673444361644,-7.05605865807257e-05,-2.03377751537559e-05,-4.17098641847247e-05,-1.12623778116827e-05,-0.000232558315512499,-4.61991450757537e-05,-0.0020401342254921,-0.00069460307108038,3.68785237636615e-06,5.55900344156868e-06,-0.000475173471232271,-0.000114438060792921,-0.000190399802304064,5.37101433186749e-05,0.00039287641691832,-0.00176158780055324,6.64407292738645e-05,-4.50833531946415e-05,-2.20986946128932e-05,8.00865870651535e-05,-6.8991204272173e-05,3.29296236820653e-05,-0.00011510800094694,0.000122409813135604,-0.00345128429495833,5.99843842490344e-05,-0.000119734811325323,0.131593289533305,5.16579525600136e-05,2.11721514133956e-05,-0.00506157858766176,3.29296236820653e-05,1.91901339956502e-05,-0.00189084204458467,-0.000682403254106845,-0.000119734811325323,5.57817712127928e-05,-1.71036772123045e-06,9.35705798088549e-06,5.78730966624974e-05,0.000145316246556781,-0.00231513642216274,-0.00499229642394461,-0.000163838924591708,-0.00149924520288547,-0.0049253472130264,3.68785237636615e-06,2.50677653346187e-05,-5.59066684679976e-06,-0.000233165988790418,-0.000439446411387046,-6.7405334307935e-05,9.71668314404539e-05,7.57834649078859e-05,-8.15286559507911e-05,4.74467998987649e-05,-0.000219130787465716,-1.12623778116827e-05,2.50677653346187e-05,-5.40928818439923e-05,-0.00119224351477243,5.57817712127928e-05,0.000115546354142904,-0.000219130787465716,-0.00154454833604589,4.96249426014117e-05,-7.2113732831447e-05,-0.00857125577218643,-0.00225217049450865,-5.75291244784282e-05,-0.00478415015166789,6.29928082140907e-06,3.0935675845889e-05,5.78730966624974e-05,0.000127028374533822
"8:121299455:A:T",1.83513512839184e-05,-6.25781156227134e-06,-0.000926956167981885,-3.95673837489952e-05,-1.95546078778364e-05,-2.29167140259889e-05,7.60358572629016e-05,-7.8693623493109e-06,-2.63602453181022e-05,-0.00622748935063466,1.04089365695614e-05,-0.00566809420781667,3.84229063739028e-05,-6.39925698528998e-05,-8.52767409078581e-05,-8.75035327041473e-05,-0.00128893251671958,-0.00121900301164057,-3.58577323886777e-05,-0.00637136411824457,2.66452802843986e-06,-0.000689189237908394,-5.62094439437999e-05,1.04089365695614e-05,-0.00310997382868017,4.25141335735901e-06,1.33784048106378e-05,-0.000979489683655466,0.000156939244710941,-4.32115395199162e-05,1.62784162611729e-05,-7.68870400706945e-05,-1.11513899598847e-05,2.13333900891399e-05,-1.28225886300015e-05,0.000103947500044832,5.16579525600136e-05,-0.00160811643991821,-0.00775284170960155,1.33784048106378e-05,-0.00594165748611175,1.04089365695614e-05,0.000119615419784225,-3.95673837489952e-05,-7.42744678756679e-05,-9.5004362927753e-06,4.62779224470466e-05,-0.000710062141862089,7.49119668119747e-05,4.63402151753556e-05,1.33784048106378e-05,2.70831327391363e-05,5.81894965989704e-06,0.000138835347682331,-3.72100475827253e-05,-4.88462246766019e-05,-0.00701407244793906,-3.0918953148884e-06,-4.6654358438758e-06,-0.00171624258583147,0.000916752345536231,0.00011204706643575,-3.95673837489952e-05,-0.00131682541159428,-6.39925698520116e-05,-5.07710427504193e-05,2.98559069520365e-05,1.48369395649439e-05,-6.00539304391745e-05,4.50599635222204e-05,-2.46281179734353e-05,-0.000127169941324112,0.000507050631350481,-0.000883924296237737,-4.50668979885549e-05,7.60358572629016e-05,5.16579525600136e-05,0.0842151438011971,3.84229063739028e-05,-0.000987856867873838,-2.46281179734353e-05,-1.6227227409793e-05,-1.62272274089048e-05,9.48438719969857e-05,7.60358572629016e-05,-4.13785014012902e-05,-2.21586866810952e-06,-7.8693623493109e-06,-4.32115395199162e-05,-0.000118225340841605,-4.50668979894431e-05,-5.68739234374505e-07,-9.07840731407816e-05,-4.32115395199162e-05,-0.00107568150983006,-3.0918953148884e-06,-1.7903192986779e-05,1.05793353633032e-06,6.6645803646459e-05,-0.0012508973553631,4.37643684652045e-05,-7.28425278460065e-05,-5.62094439437999e-05,5.0338348705381e-05,-0.00664661034565128,-1.4168191663444e-05,5.81894965989704e-06,-1.7903192986779e-05,3.28125065882645e-05,2.84777748458254e-05,-4.13785014012902e-05,-0.00586997812955392,-1.4168191663444e-05,-0.00621419361877251,-3.60093574531817e-05,4.76053942000121e-05,-0.000955071846635569,-0.00243821127460642,3.56525764120263e-05,-0.00624479034958902,-9.01686173815364e-06,-2.29167140259889e-05,-0.000430620151832706,7.16878235174079e-06
"8:121300041:A:G",-2.25838141298951e-05,5.69000038819212e-06,-0.00178020223290964,-0.00169586496759244,2.00964243592949e-05,2.30930730182877e-05,-0.000977934405467451,-0.00182974691817606,-0.00209820541201289,-0.000265228712453158,-0.00153056958395847,-0.00207182920532345,-0.00307259499594537,-0.00198791878863247,8.25432905227075e-05,-0.00185023245746496,2.81742871077739e-06,-2.51581074994789e-05,-0.00260810512157761,-7.24800615579113e-05,-0.00349861993004286,-0.00251124549278536,5.63740791079681e-05,-1.2232381790156e-05,-0.00450191384119503,-6.5904119104232e-06,-1.49697469069565e-05,2.31608632006441e-06,-0.00392512116593657,4.3153583011879e-05,0.000241911987463261,-0.00124301750849565,1.01057043453423e-05,-2.53394199853929e-05,1.16069157902743e-05,-0.00345267899925794,-6.08917644626672e-05,-0.00374741190083139,-0.00255084067622668,-1.49697469069565e-05,-0.000152164738447258,-0.00153056958395847,-0.00465774121142015,-0.00169586496759244,7.15837598583846e-05,8.61928667905687e-06,-0.0029057757526969,-0.00171224363668365,-8.71606865322505e-05,-5.21012928675901e-05,-1.49697469069565e-05,-0.00129040937400493,-8.02232212304688e-06,-0.00219606289629315,-0.00218188545143594,4.80197549821426e-05,-0.00136317317608547,-0.00289025369129448,4.24672475141108e-06,-0.000870428337299778,-0.00410696997697801,-0.0100019620802003,-0.00169586496759244,-0.00163092130057185,-0.00256430854799206,4.96728671262048e-05,-3.32732264283209e-05,-1.63182227845837e-05,5.96456474744045e-05,-5.08913463770355e-05,-9.44112294041233e-05,3.08534406814331e-05,9.11205624136713e-05,-0.00257461677699045,-0.00234163792191566,-0.00388239645281363,2.11721514133956e-05,3.84229063739028e-05,0.14580138183233,-0.000166982817439099,2.46129950625118e-05,1.46545747803373e-05,1.46545747803373e-05,-0.000110881191320189,-0.00388239645281363,4.15619004376921e-05,-7.1425503289646e-07,7.1474537959304e-06,-0.00251375618021044,0.000108823259853175,4.4760318538728e-05,-0.000196654966533316,-2.87550934796599e-06,-0.00315429076973039,-0.000736909970347366,2.81742871077739e-06,1.86193093325571e-05,-3.68247867843507e-06,-0.00299855025080209,-5.06097002803685e-05,-4.96688388649247e-05,-0.000382278547859549,5.63740791079681e-05,-0.00300713313075107,-0.00185173510330383,-0.00164956057785304,-8.02232212304688e-06,1.86193093325571e-05,-0.00287480293643139,-3.19844143152892e-05,-0.00185548446591799,-0.00598586302610826,-0.00164956057785304,-0.00322707573475611,3.687520864748e-05,-5.32988675683299e-05,-0.000756640919600926,-0.00189735921624212,-0.0029551672176078,-0.00273360040336046,5.41044309798622e-06,-0.00241272124120506,4.3153583011879e-05,9.4626825772437e-05
"8:121301474:C:T",-7.91637766273112e-06,-0.00266982247872072,-0.000704398323806199,-0.000649299583141527,-0.00530509441882199,-0.000329720732341166,-0.00185070421022093,-0.00459634819183652,-0.0001464687780528,-0.00938357491615482,-0.000286914747028355,-0.0155001068318659,-0.0105917329636926,-5.0616034521056e-05,-0.00596824480865799,-0.00211073459936939,-0.0038576559076402,-0.0045123039252708,-0.001606892445285,-0.00416139832837192,-0.00246230766913857,-0.0221940516724275,-0.00312157411378688,-0.00684108167197106,-0.00699828587901319,-9.35833683715082e-05,-0.00402251683817312,-0.007653650090929,-0.00934336267348801,-0.00166203417396993,3.10879630438521e-05,-0.000831045788688201,-0.00438228221408998,-0.00109012773878137,-0.00549933982004269,-0.00458846477278207,-0.00874280673181094,-0.00196697949012314,-0.00922795229633699,-0.00420616515096217,-0.000783798859691931,-0.00179675601054008,-0.00351208542333126,-0.000649299583141527,-0.00186264129154035,-0.00210004640150618,-0.00630779826071759,-0.00215957443103765,-0.00346916991900814,-0.00829294293824301,-0.00420616515096217,-0.00817056531586502,-0.00365078508021854,-0.0035778295762281,-0.00251542540356997,-0.00591335079995536,-0.00112930831288027,-0.00397696838220263,-0.0010012632986065,-0.00258203336169816,-0.00704501800950741,-0.00316166920663141,-0.000649299583141527,-0.00654703878726925,-0.000229255726300615,3.05992307252367e-05,-0.000536946486501932,-0.00151176864245972,-0.00355795280513238,-0.0067770254403916,-0.00389509050162751,-0.000423574894063528,-0.00364192592167356,-5.22400432054759e-05,-0.000492281179228726,-0.000142670848703119,-0.00506157858766176,-0.000987856867873838,-0.000166982817439099,0.361326527824279,-0.000304202406417708,-0.000293723044660243,-6.67784993217957e-05,-0.000792143547496238,-0.000142670848703119,-0.000889897114232596,-0.000138541847017226,-0.00459699211143327,-6.97805461635781e-05,-0.000604836654962693,-0.00242852743621214,-0.00765472902850872,-0.000505716665677003,-0.000303938752631794,-0.00312308994930266,-0.00246324735406134,2.66529941415072e-05,-2.53447026841158e-05,-0.0029465263937527,-0.00209618616509122,-0.000314232771479794,1.27024739260406e-05,-0.00169431214531723,-0.00364107473229369,-5.60939839999719e-05,-0.00238078391430507,-0.00014945930267718,3.53723817081431e-06,-0.00196776990154524,-0.00019905136689502,-0.00272862803075746,-0.00519756832203067,-0.00238078391430507,-0.00108487550267045,3.86991092682365e-05,-0.00336298219828723,-0.00133428570285199,-0.000935833876253067,-0.00194709817448802,-0.00433824688876472,-0.000320548883357752,-0.00393012572188667,-5.87651928096733e-06,-0.00229775700467094
"8:121302022:G:A",1.2013486943907e-05,-3.94192323227571e-06,-7.03805163926319e-06,-2.57896781246103e-05,-1.26504072346378e-05,-1.48014111820416e-05,4.7687705543531e-05,-4.96022646601091e-06,-1.70102532965899e-05,-0.00032329606718573,6.78625804262367e-06,3.57429504092011e-05,-0.00509266664117902,-4.20413848232215e-05,-5.64684798121107e-05,-0.00347313952717165,-1.94521041141371e-06,3.05331260541664e-05,-0.00248282695702251,-5.39310662617254e-06,1.95340102671082e-06,-0.00139825128921878,-3.69042470067527e-05,-0.00244130566613876,-0.00096276333845946,2.94614158580231e-06,8.63133472250865e-06,-3.22020032328396e-06,9.50477442760445e-05,-2.81597606308637e-05,1.04289585758366e-05,-5.08428916639048e-05,-7.03805163926319e-06,1.38507858942205e-05,-0.00292811383750013,6.45528988139077e-05,3.29296236820653e-05,-0.0094917308372251,-0.000280848689853563,8.63133472250865e-06,-0.00181352488271447,6.78625804262367e-06,-0.00197187687778477,-2.57896781246103e-05,-0.0030348603566317,-5.9921786270678e-06,2.97118714955857e-05,-0.000162236303203223,-0.00634208329692942,-0.00165404034304473,8.63133472250865e-06,1.73805530723214e-05,3.92553746397795e-06,-0.00182853420164797,-2.40076784594478e-05,-3.1837044558003e-05,-7.36803043004386e-05,-1.94521041141371e-06,-2.9370039582588e-06,-0.00246316598903196,-0.000328527051906669,-0.00202005552043971,-2.57896781246103e-05,-0.00257103733220276,-4.20413848232215e-05,-0.00309451730570309,1.90767308261286e-05,9.53596467745399e-06,-3.94381423136636e-05,2.86184255822164e-05,-1.58984600471257e-05,-0.00287603657808067,-6.23715523913049e-05,-0.00391395366820291,-2.93689086134918e-05,4.7687705543531e-05,3.29296236820653e-05,-2.46281179734353e-05,2.46129950625118e-05,-0.000304202406417708,0.0797484689385879,-1.026202408827e-05,-1.02620240873819e-05,5.89338638787851e-05,4.7687705543531e-05,-2.6966789422822e-05,-1.10763065030994e-06,-4.96022646601091e-06,-2.81597606308637e-05,-0.00151241638428079,-2.936890861438e-05,-7.32035267958508e-08,-0.00284323354709048,-2.81597606308637e-05,-0.00365162611251435,-1.94521041141371e-06,-1.15959004727273e-05,9.47045258214985e-07,-0.000732239441231464,9.95261211738097e-05,2.78383291414386e-05,-4.81426902201321e-05,-3.69042470067527e-05,3.21417735795748e-05,-2.4007678460336e-05,-8.31354808106255e-06,3.92553746397795e-06,-1.15959004727273e-05,2.12094308551514e-05,1.8234182858734e-05,-2.6966789422822e-05,-0.00154771449925395,-8.31354808106255e-06,1.58500842992737e-05,-2.3481808076653e-05,-0.00132918696451956,-0.000424543059989624,-2.16108721451391e-05,2.29343912216962e-05,-0.00221844578583852,-0.0019909197669028,-1.48014111820416e-05,-2.81597606308637e-05,-6.53193081880943e-05
"8:121302376:T:G",-0.000840871470528803,-0.00288071228254072,-4.40671598234132e-06,-1.70215453838551e-05,-8.13291309587072e-06,-9.53982515916607e-06,2.65428439023552e-05,-0.00463706267455777,-1.09971152779664e-05,-0.000256665948372259,4.23658808923477e-06,-0.00142938137177451,-0.00174367121874752,-2.8581454267318e-05,-0.00249927136020212,-0.000990028463559334,-1.20435531059115e-06,-2.531005334383e-05,-0.0014090216777074,2.46096771849835e-06,-0.00460790217656104,-0.00500417180613155,-2.48897350951793e-05,4.23658808923477e-06,-0.00623273833334492,1.92498165318966e-06,5.33224939047727e-06,-3.53011305520567e-07,-0.000307689173927095,-1.86526849734747e-05,6.3902641498359e-06,-3.51408712155887e-05,-0.00203085392923086,-0.00171806013505904,-5.082137109369e-06,3.41141889004248e-05,-6.31076246948581e-05,-6.74477177362576e-05,-0.00129582111178905,5.33224939047727e-06,-0.000642138132268766,4.23658808923477e-06,-0.00263787892019351,-1.70215453838551e-05,-3.35850146173655e-05,-3.74331456320931e-06,-2.01430283119919e-05,-4.35997268111166e-05,-0.001395978177122,-0.00409323788307603,5.33224939047727e-06,1.05171214981326e-05,2.51852280008791e-06,-0.00286000537165432,-1.56963700792545e-05,-0.00266428210009906,-0.000135805395685473,-1.20435531059115e-06,-1.82243299917673e-06,-5.52952961734299e-05,-1.21987198387075e-05,-0.00254146393938992,-1.70215453838551e-05,-0.000833231531821355,-2.85814542655416e-05,-2.20946841915648e-05,1.14699828470677e-05,5.86585363926417e-06,-2.67029232361438e-05,-0.000409752303325739,-4.83225866538817e-05,-3.85003902749759e-05,-4.39597082033671e-05,-0.00207166316106644,-1.94901843206807e-05,2.65428439023552e-05,1.91901339956502e-05,-1.6227227409793e-05,1.46545747803373e-05,-0.000293723044660243,-1.026202408827e-05,0.0814905216927904,-6.47021675170834e-06,-0.000964068760067605,2.65428439023552e-05,-1.7829919945811e-05,-5.60392984461089e-07,2.66955445926698e-06,-1.86526849734747e-05,-0.00362123800383074,-1.94901843215689e-05,7.81813467298775e-08,-2.67367960047338e-05,-1.86526849734747e-05,-0.00140199683597597,-1.20435531059115e-06,-7.44762585647152e-06,-0.0018128790714691,2.39596568212264e-05,-0.000216943259871982,1.63828592594228e-05,-3.31376597122457e-05,-0.000652363550681656,-0.00010859106826544,-1.56963700783663e-05,1.80308312280886e-07,2.51852280008791e-06,-7.44762585647152e-06,-6.03971397561409e-05,1.09977524953564e-05,-1.7829919945811e-05,-0.0048887489936873,1.80308312280886e-07,-0.0019539496597476,-1.54466417860988e-05,1.76005598708784e-05,-0.00181257248558619,-0.00239481824893328,-3.46583150765412e-05,-0.00213958956447646,2.96359953733116e-05,-8.38928389645943e-05,-0.000154193188587115,-4.62395780260749e-05
"8:121303724:A:G",-2.19719535827778e-05,-2.45144442434508e-06,-4.40671598145315e-06,-1.70215453847433e-05,-8.13291309587072e-06,-0.00153434854160217,2.65428439023552e-05,-3.0916491677857e-06,-0.00160700520081924,1.07418337664811e-05,4.23658809012295e-06,-0.00187565848982896,1.46545747803373e-05,-2.85814542655416e-05,-0.00370366067924888,-0.00161105595149014,-1.20435530970298e-06,1.79517293412701e-05,-4.86041311473784e-05,-3.23741131946775e-06,1.32058991031414e-06,-0.00202073719908302,-2.48897350942912e-05,4.23658809012295e-06,-0.00218180290462033,-0.00413771170933774,5.33224939136545e-06,-0.00189837059859688,4.46952850534643e-05,-1.86526849725865e-05,6.3902641498359e-06,-3.51408712147006e-05,-4.40671598234132e-06,8.50648831907108e-06,-2.20643658854769e-05,-0.0014041895585537,1.9190133994762e-05,-0.00149206275913993,-0.00121087937182107,5.33224939136545e-06,-0.00106222797288336,4.23658809012295e-06,3.77732209173587e-05,-1.70215453847433e-05,-0.00154534522649818,-0.00242691553261842,-0.000753190631330725,-0.00139511559553451,2.62402799080519e-05,1.72017876067798e-05,5.33224939136545e-06,-0.00186309975859356,-0.0020429251262577,4.16181560787265e-05,-0.00234291161317923,-2.12108134656219e-05,-5.27227956759191e-05,-1.20435530970298e-06,-1.8224330000649e-06,-0.0013613034145048,-0.000369631855572372,-0.00239479010962373,-1.70215453847433e-05,-0.0030740513416796,-2.85814542655416e-05,-0.0027683842066093,1.14699828479559e-05,5.86585364015235e-06,-2.67029232352556e-05,1.67959435009024e-05,-1.02620240873819e-05,2.58585142489665e-05,-4.39597082042553e-05,-0.00182819923737387,-1.94901843189044e-05,-0.000361838079234289,-0.00189084204458467,-1.62272274089048e-05,1.46545747803373e-05,-6.67784993217957e-05,-1.02620240873819e-05,-6.47021675170834e-06,0.0741959916186459,3.16545901952736e-05,-0.000361838079235177,-1.78299199440346e-05,-0.00191245096270531,-3.0916491677857e-06,-0.00132717649395353,-0.00157517067424795,-0.00103087617919773,7.8181347618056e-08,2.88154166065979e-05,-1.86526849725865e-05,-0.000124528523473444,-1.20435530970298e-06,-7.44762585558334e-06,7.05081303564725e-07,-0.00192483161179702,-0.00041073398428626,1.63828592594228e-05,-3.31376597113575e-05,-2.48897350942912e-05,1.87850562003433e-05,-0.00251783286553309,-8.45701086582551e-06,-0.0020429251262577,-7.44762585558334e-06,1.27955942561542e-05,1.09977524971328e-05,-1.78299199440346e-05,-0.000806221155266851,-8.45701086582551e-06,-0.00448972162726413,-1.54466417852106e-05,1.76005598726547e-05,-0.00190493737744468,-1.40727225508286e-05,1.37422278863042e-05,9.65089360827065e-06,-0.000495149543933593,-9.53982515916607e-06,-1.86526849725865e-05,-0.000860976717269146
"8:121307496:A:G",-0.00172184598331615,1.22380341469608e-05,2.17810805080987e-05,-0.00257455513128857,4.89372121492693e-05,-0.00393473572752967,-0.00021019939811584,1.53833604183973e-05,6.23408291522409e-05,-0.000281370660566438,-3.15950248923613e-05,-0.00238005266091701,-0.000655840076047909,0.000156184737541309,-0.00320223650139795,0.000202499801554623,6.05149823851292e-06,-0.000143086175381946,-0.00256045546486039,-0.000869097466456026,-1.66790572695419e-05,-0.00131931683921316,0.000140727167953436,-3.15950248923613e-05,-0.0018259705410193,-1.97307431051286e-05,-3.73296645106436e-05,-0.000865379841547664,-0.000446562219335256,-0.00168935197733333,-4.29384135793853e-05,0.000190637464942078,2.17810805072105e-05,-0.00116026623452115,-0.00120278018222564,-0.000295387417968307,-0.000653991079825111,-0.000822345952341763,-0.00102379507187855,-3.73296645106436e-05,-0.00120853968614831,-3.15950248923613e-05,-0.000342453850987745,-0.00257455513128857,0.000176509061248886,-0.001028738687471,-0.000140619296320033,-0.000151231330081991,-0.000417509814248263,-0.000125606580088089,-3.73296645106436e-05,-7.59417564006881e-05,-2.27475968621604e-05,-0.000395133206012588,8.36129691457188e-05,-0.00131320686517888,-0.00115973987610296,6.05149823851292e-06,9.12760578763994e-06,-0.000167076145083378,9.41131878118284e-06,-0.000721026390464452,-0.00257455513128857,-0.00172182454089409,0.000156184737542198,-0.00124884051461116,-8.1213304108374e-05,-4.01495150139652e-05,0.000148370304104084,-0.000123221609847235,5.89338638787851e-05,-0.000755398722601441,0.000232415581373324,-0.000982664227999308,0.000109275324927438,-0.00021019939811584,-0.000682403254106845,9.48438719969857e-05,-0.000110881191320189,-0.000792143547496238,5.89338638787851e-05,-0.000964068760067605,3.16545901952736e-05,0.0798799760914424,-0.00021019939811584,0.00010197959699898,-0.000866784404808918,1.53833604183973e-05,0.000105607126561935,-0.000931544440070375,0.000109275324927438,-0.000864654810908583,-0.000839443939744555,0.000105607126561935,-0.000747844205582382,6.05149823851292e-06,4.5677706259184e-05,-0.000861569349909885,-0.000763888397032453,-0.000491962297627602,-0.000120809563911806,0.000182576869399931,0.000140727167953436,-0.000704830721980798,-0.00404181635043344,-0.000993987955025588,-0.000842876917618085,4.5677706259184e-05,-0.000748412252896458,-7.85923227599739e-05,-0.00197970793463131,-0.00365329628799937,-0.000993987955025588,-0.00110717834661145,9.13343767479091e-05,-0.000127964927813196,-0.00194108862901743,7.63595630939307e-05,-0.000710752035458562,-0.00520596477293722,5.71080662137291e-06,5.55646867175241e-05,0.000105607126561935,-0.0030414099595939
"8:121314655:T:C",-0.00359072373576819,1.02689345817808e-05,1.82702515836297e-05,7.89746329079577e-05,3.93570070569282e-05,-0.00197392326027401,-0.000169132229616231,-0.00140686378656874,5.05254847045222e-05,-0.000834805798736404,-2.48684045063285e-05,-0.00809015413399194,-8.8228842168192e-05,-0.00269246873113005,0.000165863073791961,0.000163291382691,5.07893540202531e-06,-0.000541651828745771,-0.0033573294739222,-0.000376184945936942,-0.00119767858689723,-0.000727486725756066,0.000112558359580461,-0.00112618222864036,-0.00348328055551139,-0.00347317651370638,-2.9713368863149e-05,-0.00511809377922212,-0.000767953547327949,8.49480178564122e-05,-3.4453830054737e-05,0.000152236559798347,1.82702515818534e-05,-5.12566009023274e-05,0.000685521502157727,0.0005310548133588,-0.00526643366880641,-0.00104614612437093,-0.0017599526627734,-2.9713368863149e-05,-0.000703934021181407,-2.48684045063285e-05,-0.00027619391295719,7.89746329079577e-05,-0.00149657098800215,1.55736681035634e-05,4.9954728727819e-05,-0.00133261390365824,-0.000167410923413769,-0.000100871405251723,-2.9713368863149e-05,-6.05392276789019e-05,-1.73973500690039e-05,-0.000319801501836636,-0.00291649715677611,9.41555802347338e-05,0.000206597297352396,5.07893540202531e-06,7.65982632344731e-06,-0.000135428271771154,-0.000480936055179626,-0.000266296286171475,7.89746329079577e-05,-0.00348839492582531,0.000125276970297961,-0.00161704156046305,-6.50275517903864e-05,-3.20964504529897e-05,0.000118849136176102,-9.88229680656261e-05,4.7687705543531e-05,-0.000587666085030136,0.000185117863876094,-0.00130229356816969,8.79836692151414e-05,0.00189805788820419,-0.000119734811325323,7.60358572629016e-05,-0.00388239645281363,-0.000142670848703119,4.7687705543531e-05,2.65428439023552e-05,-0.000361838079235177,-0.00021019939811584,0.0856825359441924,8.19451812885674e-05,-4.37143308307242e-06,1.29067238807679e-05,8.49480178564122e-05,0.000218624225374775,-0.00273878149723927,-7.03632875787008e-06,-0.00064521560933084,8.49480178564122e-05,-0.000338483614874541,5.07893540202531e-06,3.66393698119083e-05,-9.67085951142366e-06,-0.000154784273937558,-0.00353527281649679,-9.67515927667861e-05,0.000145639343930526,0.000112558359580461,-0.00101952781803671,-0.00304315512556741,-0.00037574232506099,-1.73973500690039e-05,3.66393698119083e-05,-0.00107221647407751,-6.27957874677065e-05,8.19451812885674e-05,-0.00110561177960422,-0.00037574232506099,-0.0034969663380684,7.31283497383828e-05,-0.000102897282627801,-0.00254284826009066,-0.0014499307106739,-0.00103369038803258,-0.00152855256297624,6.60251111206378e-06,4.4880694913374e-05,8.49480178564122e-05,0.00019215837084996
"8:121317746:C:T",1.98342797421702e-05,-6.86545936279259e-06,-0.00333722847406026,-4.33595575852763e-05,-2.13733578782183e-05,-2.50790646072474e-05,8.19451812885674e-05,-8.63561512787214e-06,-0.00118171335687212,-0.00319388144842758,-0.00304164006871854,-0.00245078928232001,4.15619004376921e-05,-7.03675302942131e-05,-9.40164365772489e-05,-0.00122437252166563,-3.39048759556704e-06,5.14396816084783e-05,-0.00310598337594303,-0.00142965036517495,-0.0031357001514456,-0.00756332063738885,-0.0083373650448566,1.12795477162919e-05,-0.000452478938972156,4.53995832394583e-06,1.45250897141125e-05,-6.23991876835817e-06,0.000167258055773445,-0.000913045449381755,1.7691803494202e-05,-0.000274770522361578,-1.22433301310565e-05,2.30884760510364e-05,-0.0012072822542315,0.000111573873017967,5.57817712119046e-05,0.000236902530323491,-0.000440415437660491,1.45250897141125e-05,-0.000154704224560653,1.12795477162919e-05,0.000128115096484471,-4.33595575852763e-05,-8.18397587094566e-05,-0.00142503443609776,4.99538157079371e-05,-0.00121685458361309,8.07373336959571e-05,5.01475600342971e-05,1.45250897141125e-05,2.93542092038024e-05,6.256899316881e-06,0.00014833143930737,-0.00361578122494333,-0.00106606592060832,-0.000122529053986575,-3.39048759556704e-06,-5.11721772245011e-06,-0.000363192384179811,-0.00122794123176995,-0.00178323242453349,-4.33595575852763e-05,-0.00285215034717634,-0.000825153846551352,-5.57851329974213e-05,3.23716817813846e-05,1.61181202766869e-05,-0.000613343821340706,4.87607600483386e-05,-2.6966789422822e-05,-0.00287140315840517,-0.000103343977757575,-0.00313567811728621,-0.000980332648532922,8.19451812885674e-05,5.57817712127928e-05,-4.13785014012902e-05,4.15619004376921e-05,-0.000889897114232596,-2.6966789422822e-05,-1.7829919945811e-05,-1.78299199440346e-05,0.00010197959699898,8.19451812885674e-05,0.0779620046270209,-2.55256731485076e-06,-8.63561512787214e-06,-4.73967683420895e-05,-0.00120644465663045,-4.94538724780114e-05,-7.44848641431872e-07,-0.00124654958927906,-4.73967683420895e-05,-0.000194542935638253,-3.39048759556704e-06,-1.95545265011532e-05,1.03951525609602e-06,-0.00279965355751166,-0.00121494307863212,4.73567397545338e-05,-8.01145445947782e-05,-6.17052639553251e-05,-0.000245755153886584,-4.08742713258192e-05,-0.00137539196618697,6.256899316881e-06,-1.95545265011532e-05,-0.000239444819954748,3.08722657784699e-05,-4.53654902701217e-05,0.000153614831708282,-0.00137539196618697,-0.00148951298045841,0.000616244917368114,5.1517453566241e-05,-0.00277066780219926,0.000220587425488361,-0.000251486404610368,0.000163962659740058,-1.00263619113861e-05,-2.50790646072474e-05,-0.000913045449381755,-0.000108224184547367
"8:121318374:T:C",4.27300328453839e-08,-1.61784469376869e-07,-0.000673813826407965,-2.380392664314e-06,-0.00151039550232301,-0.00178264768384562,-0.00620697866010822,-2.14497904771349e-07,-1.22364635668504e-06,-0.00425843566989847,-0.00183305076330509,-0.00292942768248716,-7.1425503289646e-07,-5.31887084420646e-06,-0.000920000500183704,-9.03439942057105e-06,-0.00246459722786696,-0.00565210605952959,-1.40630473159931e-05,-0.00212169578166854,-0.00191835033821697,-0.00163900112449067,-4.29923703926249e-06,1.19144409893579e-07,-0.000495051390660084,8.62025331116456e-08,-0.000193228395396261,-1.02643118893297e-07,-0.00571887401646354,-0.00330309957123731,8.91898910282407e-08,-7.3856206581624e-06,-0.00189139282808881,-0.000866459527497199,-4.04821406618794e-07,-9.24314463368603e-06,-1.71036772300681e-06,-0.00605713920931805,-0.00434509323149879,-0.00170634349716803,-0.00343460475347168,-0.00254699066385378,-0.00379091426292,-2.380392664314e-06,-0.00237948669654031,1.16985929388136e-07,-1.31115388946057e-06,-6.34231462495194e-05,-4.23486217560054e-06,-0.00106890093276046,-0.00170634349716803,-1.65051959655216e-07,1.00838080996368e-07,-0.00189850466506059,-0.00178949815022822,-0.00373823706161946,-0.00162815168973296,-7.1403473356213e-08,-0.0022759135577255,-0.00257618469270637,-0.000208665353225612,-0.00431501118791644,-2.380392664314e-06,-0.000910880547769999,-5.31887084331828e-06,-3.53687633936062e-06,-2.58622960380706e-07,1.02097748033714e-07,-4.7897726123125e-06,-1.1068531238223e-06,-0.00182654100568946,-0.00974327932594576,-1.05109164589834e-05,-0.000290173948073402,-2.92083464525916e-06,-4.37143308307242e-06,-1.71036772123045e-06,-2.21586866810952e-06,-7.1425503289646e-07,-0.000138541847017226,-1.10763065030994e-06,-5.60392984461089e-07,-0.00191245096270531,-0.000866784404808918,-4.37143308307242e-06,-2.55256731485076e-06,0.155803604922132,-2.14497904771349e-07,-2.73263208150354e-06,-2.39660624812288e-05,-2.92083464614734e-06,1.44729579432124e-08,-0.00971358093895969,-2.73263208150354e-06,-1.38153124402685e-05,-7.1403473356213e-08,-7.06742207867705e-07,4.3187522003052e-08,-0.00165218112675714,-0.00544635478717659,-0.00289019412902647,-6.7455275969408e-06,-0.000741685795497382,-0.00163710046930543,-0.00191615611901952,-0.00197499025104708,-0.0025114220836473,-5.35526763174587e-05,-0.00172702761823196,-2.10452888893542e-07,-2.55256731485076e-06,-0.00492892180194238,-0.00197499025104708,-0.00231665015468518,-2.0587637905578e-06,-0.000744930065050831,-0.00140548113522865,-1.75725821804917e-06,-5.43517908591085e-05,-0.00221827181428891,-0.00232973706874695,-0.00178264768384562,-2.73263208150354e-06,-1.13631695635164e-05
"8:121322016:A:G",3.65832085336137e-06,-0.00295752142406069,-0.00207212075984042,-8.24917978103912e-06,-3.94228513034278e-06,-4.61503013227116e-06,1.29067238807679e-05,-0.00236674555762661,-5.31148930882352e-06,-0.000657273766678124,-0.00251982585064248,-0.00216782522305081,7.1474537959304e-06,-1.38358030001839e-05,-1.90552578542835e-05,-1.93922403974867e-05,-5.76120484652165e-07,-0.00241330439157839,-0.000696484662642938,-0.00209790439674418,-2.96683416500798e-06,-0.00316986070041825,-0.000725739622167154,2.07544683039629e-06,-0.00111585280164839,9.71296346463646e-07,2.59922868650619e-06,-0.00215833926329712,2.17158689981289e-05,-9.0288231184843e-06,3.10528250935249e-06,-1.70365526503957e-05,-2.10656857291269e-06,-0.00264103175159125,-2.42909641379185e-06,-0.00157013041369236,-0.00178748071623502,-0.00143620069548867,-0.00131976830731872,2.59922868650619e-06,-0.00426183749087095,2.07544683039629e-06,-0.00274093887872784,-8.24917978103912e-06,-1.62239850132195e-05,-1.78969144393193e-06,-0.00190043482540414,-0.0070908084456649,1.27622585202047e-05,8.36414689864284e-06,2.59922868650619e-06,-0.00283511071688736,1.25468695788555e-06,-0.00296471872425652,-7.55477967384621e-06,-0.00169856751540909,-0.00162218941129666,-5.76120484652165e-07,-0.00224701271889138,-0.00194505975329751,-0.00473924886414423,1.76453865314841e-05,-8.24917978103912e-06,-0.00451088682975165,-1.38358030001839e-05,-1.06726385640243e-05,5.58044540177605e-06,2.85442108349798e-06,-1.2938289682296e-05,8.17015595711013e-06,-4.96022646601091e-06,-2.18872894137689e-05,-2.13203409256124e-05,-0.00215652128249566,-9.42896301836527e-06,1.29067238807679e-05,9.35705798088549e-06,-7.8693623493109e-06,7.1474537959304e-06,-0.00459699211143327,-4.96022646601091e-06,2.66955445926698e-06,-3.0916491677857e-06,1.53833604183973e-05,1.29067238807679e-05,-8.63561512787214e-06,-2.14497904771349e-07,0.105988329931588,-9.0288231184843e-06,-2.73973048496856e-05,-9.42896301925344e-06,9.00391361469133e-08,-1.49147405492656e-05,-9.0288231184843e-06,-0.00421128887815669,-5.76120484652165e-07,-3.61447029373352e-06,-1.55237848442624e-06,1.16746260276912e-05,-0.00737220323958443,-0.00158566072513722,-1.60788283531943e-05,-1.20715226259449e-05,9.16395855909968e-06,-7.55477967206986e-06,2.48265345081933e-06,1.25468695788555e-06,-3.61447029373352e-06,6.26076537102449e-06,-0.00312277374704095,-8.63561512787214e-06,-0.000395902217359634,2.48265345081933e-06,4.97501308238668e-06,-7.49601251381904e-06,8.55480877071102e-06,-0.00191697974471428,-6.78013136923283e-06,6.7121551516891e-06,-0.00194168431147546,-2.40786629506218e-05,-4.61503013227116e-06,-0.00603032678010873,-2.2409880356733e-05
"8:121324102:G:A",-0.000141968017017824,-7.17725393784008e-06,-1.28037555171545e-05,-4.52908495001125e-05,-2.22995075365162e-05,-2.61815351327854e-05,8.49480178564122e-05,-9.0288231184843e-06,-3.01634273194296e-05,-0.00348232983794272,1.17196056717006e-05,-0.000312324933299912,-0.00195154505102302,-7.36164048840138e-05,-0.00439583617670003,0.000438039311698724,-3.54367719257453e-06,5.33599047791711e-05,-0.000438829088387216,-0.00289955925918139,2.86402747384784e-06,0.00015811440812552,-6.45028580423812e-05,1.17196056717006e-05,0.000187542703121935,-0.00165443288245903,1.5106836697143e-05,-0.000146732942660321,0.000172504171203514,-4.95298059215443e-05,1.84103887521658e-05,-8.85743192213795e-05,-1.28037555171545e-05,-0.00204282367556896,-0.00305620798570949,0.000115448586468503,-0.000166299859044372,0.000243203321842245,-0.000468199080504661,1.5106836697143e-05,-0.00308564285114077,1.17196056717006e-05,-0.00530108867836532,-4.52908495001125e-05,-8.57000907350525e-05,-1.09041710407709e-05,5.18148250971961e-05,8.66142792155244e-05,8.36970516084889e-05,5.20824187510982e-05,1.5106836697143e-05,3.05066046335511e-05,6.47481704074693e-06,-0.00501469249799236,-0.00122702732074931,-0.00116590596734589,-0.000128597786837936,-3.54367719257453e-06,-5.34901708793001e-06,-0.00392888836667815,4.16514841230509e-05,-0.00538176724791839,-4.52908495001125e-05,0.000184779024836601,-7.36164048822374e-05,-5.83438055246077e-05,3.36496724617774e-05,1.67688787575671e-05,-6.90008915347207e-05,-0.0021392345143445,-2.81597606308637e-05,-0.000282761523971331,-0.000108247773193959,-0.00145615493228757,-5.16904851250999e-05,8.49480178564122e-05,5.78730966624974e-05,-4.32115395199162e-05,-0.00251375618021044,-6.97805461635781e-05,-2.81597606308637e-05,-1.86526849734747e-05,-0.00132717649395353,0.000105607126561935,8.49480178564122e-05,-4.73967683420895e-05,-2.73263208150354e-06,-9.0288231184843e-06,0.0679942876742121,-0.00013765179085734,-0.00107998349140104,-8.42382519294915e-07,-0.000242392906783628,-4.95298059215443e-05,2.21949613345984e-05,-3.54367719257453e-06,-2.03947845598407e-05,1.02300932525168e-06,7.44737453048927e-05,-0.00540480234242402,4.91812519705093e-05,-8.38152700124439e-05,-6.45028580423812e-05,5.63886381250711e-05,-4.27480487061871e-05,-0.000153104920515901,6.47481704074693e-06,-2.03947845598407e-05,3.68056127983962e-05,3.20880103990007e-05,-4.73967683420895e-05,-0.00175353094203157,-0.000153104920515901,-0.00273840454222807,-4.11583411628058e-05,5.3506050213592e-05,0.00018764847369912,-3.8442501464786e-05,4.00212019560087e-05,-0.00167048294183658,-0.00173568276714331,-2.61815351327854e-05,-4.95298059215443e-05,-0.000113401146081493
"8:121325139:T:G",-0.000397466132284308,-0.000106185327674702,-3.89268777851726e-05,-0.000124606198244948,-6.09792478654114e-05,-7.28243810517171e-05,-0.000171981561122969,-0.00399721414582821,-0.00154559716936209,-0.0004545639767084,2.85775307373726e-05,-0.00296564516046693,-0.00186007812028599,-0.00148801323825509,-0.00027598667785611,-0.000310385521202328,-1.07229438048861e-05,-0.00189387283124454,-0.00978182882288703,-4.53843537844278e-05,-0.00394162005277998,-0.0042528698254416,-0.000177089477300107,2.85775307373726e-05,-0.00349953755530663,-0.00186337947447512,3.88183827002564e-05,-0.00288562675069048,-0.00105022223963402,-0.00131007828325469,4.87700451756723e-05,-0.000245049385416252,-0.00199344133193158,5.83976564207944e-05,-0.00269730201902441,-0.00329566644523815,-0.00458996391111466,0.000211766699075078,-0.00108500395801059,3.88183827002564e-05,-0.00391711682074947,-0.00212812580838317,0.000334080923117597,-0.000124606198244948,-0.000267058321160363,-0.00175059865433447,-0.0019162711278442,-0.00157067272339706,-0.00141651686589483,0.000135698270116613,3.88183827002564e-05,-0.00239777986498169,-0.00445939109600868,0.000386324493416801,-0.00151617450183217,-0.0001579613391538,-0.0044207445265414,-1.07229438048861e-05,-1.62007352821902e-05,-0.0012518942081341,-0.00138875500117841,-0.000673828426398515,-0.000124606198244948,-0.00574570846556721,-0.00349563953751186,-0.000204286676511956,8.76303502446163e-05,4.38296066702648e-05,-0.000190999673835179,-0.00146913293222006,-7.88775005284847e-05,-0.00224682702706502,-0.000299786794456303,6.62194716571918e-05,-0.0031930423457478,0.000218624225374775,0.000145316246556781,-0.000118225340841605,0.000108823259853175,-0.000604836654962693,-0.00151241638428079,-0.00362123800383074,-0.00157517067424795,-0.000931544440070375,0.000218624225374775,-0.00120644465663045,-2.39660624812288e-05,-2.73973048496856e-05,-0.00013765179085734,0.143668699456153,-0.00138159659729098,-9.73031458872953e-06,-0.00125270230863972,-0.00013765179085734,-0.00202709866359685,-1.07229438048861e-05,-5.518358881762e-05,-0.000388796942350389,0.000125963140443552,-0.00176551810688608,-0.00263710007599816,0.000137632171335333,-0.000177089477300107,-0.00184248311791624,-0.000123870328741837,-0.00151094632062243,-0.00223125397317414,-5.518358881762e-05,-0.0019850581255163,8.29332821199458e-05,-0.000131081002088251,-0.000251748775159211,-0.00151094632062243,-0.00950924255288488,0.00200721522095826,0.000139955925725133,0.000328356722327783,-0.00161940837110208,-0.00193096887911715,-0.000898262537011973,-7.7076985347091e-05,-7.28243810517171e-05,-0.00013765179085734,-0.000315942716131445
"8:121325157:C:T",2.13335800403058e-05,-7.49452848403109e-06,-1.33741219805472e-05,-4.72461941258828e-05,-2.32371161779099e-05,-2.72985728972941e-05,8.79836692142533e-05,-9.42896301925344e-06,-3.14663334801679e-05,6.05664203439105e-05,1.21628615330494e-05,-0.00531300055995931,4.4760318538728e-05,-7.69072598290066e-05,-0.000102982470651547,-0.00139598007454822,-3.69954311452148e-06,5.52968476119631e-05,-0.0036522379929993,-1.10930272141374e-05,2.92345498653646e-06,-0.00882408678298674,-6.73343776416147e-05,1.21628615330494e-05,-0.0113679524302368,-0.00231521865798801,1.56942931424098e-05,-6.95082666268831e-06,0.000177809392725159,-5.16904851259881e-05,1.91370806774671e-05,-9.2565842735759e-05,-1.33741219814354e-05,2.48699967935195e-05,-0.00137138314069229,-0.00223897343647561,5.99843842481462e-05,0.000249576294848453,-0.00117568304078297,1.56942931424098e-05,-0.016514832090551,1.21628615330494e-05,0.000136799929125964,-4.72461941258828e-05,-0.00132088442042644,-1.13886629815596e-05,-0.00182635811923415,-0.00343489938749908,8.66887996497923e-05,5.40385236043051e-05,1.56942931424098e-05,3.16704549581104e-05,-0.00175784063840823,0.000158039007796873,-0.000273603338841077,-5.85796666570104e-05,-0.000134754692731498,-3.69954311452148e-06,-5.58487821944453e-06,-0.0145770198499022,-0.00397486749282994,0.000128250228156546,-4.72461941258828e-05,0.000691501431550279,-7.69072598290066e-05,-6.09378299696317e-05,3.49413505276175e-05,1.74265591841305e-05,-7.20580045676655e-05,5.25413771192973e-05,-2.936890861438e-05,-0.000241863747135973,-0.00011321101327777,-0.00152022088371506,-5.39565984283286e-05,-0.00273878149723927,-0.00231513642216274,-4.50668979894431e-05,4.4760318538728e-05,-0.00242852743621214,-2.936890861438e-05,-1.94901843215689e-05,-0.00103087617919773,0.000109275324927438,-0.00273878149723927,-4.94538724780114e-05,-2.92083464614734e-06,-9.42896301925344e-06,-0.00107998349140104,-0.00138159659729098,0.115360320226757,-9.46513841526553e-07,-0.000199152205884623,-5.16904851259881e-05,-0.00256204714051389,-3.69954311452148e-06,-2.12450007746057e-05,1.0014088909216e-06,7.71345132619672e-05,-0.0018727321120684,5.1025043381614e-05,-8.75601704519724e-05,-6.73343776416147e-05,5.84429004968356e-05,-4.4650412840852e-05,-0.00275791451644913,6.69193568203497e-06,-2.12450007746057e-05,3.81573259078394e-05,3.33163392722824e-05,-4.94538724780114e-05,-0.00258277780322214,-0.00275791451644913,2.66634053387449e-05,-4.29154458378989e-05,5.55168423748142e-05,-0.00122812247718596,-4.01377293890448e-05,4.15027831550674e-05,-0.00223914167071637,-0.00255282086494546,-2.72985728972941e-05,-5.16904851259881e-05,-0.0006536259171952
"8:121325997:A:T",-0.00236610269894655,7.96006007774963e-08,9.85707933054414e-08,-6.53701938801987e-07,2.48692693105568e-08,-0.00274514080907018,-2.49047234994748e-05,9.00391361469133e-08,-1.16031114494319e-07,-0.000984498997993022,-3.1693946045408e-07,-0.000848870920073796,-0.00161915507544652,-2.41302074943661e-06,-0.00121999418289231,-0.00236789635865264,4.70987489009644e-08,-0.00801431447946044,-3.27947755174307e-07,-0.000485730109414995,-8.3784080118221e-08,-0.000843841613718865,-1.76628721604288e-06,-3.1693946045408e-07,-0.00171395228733706,-1.23835842025244e-07,-4.31506499865009e-07,-0.00411900289522471,-0.0138639092424073,-8.42382519294915e-07,-5.56875386692468e-07,-3.8016584813505e-06,9.8570792417263e-08,-0.002688647725825,9.63597779346514e-08,-0.00983636843526092,-0.00158019000948073,-0.00309360631639422,-0.00407401226459925,-4.31506499865009e-07,-0.00666724715204081,-0.00182796077657077,-0.00282062306699871,-6.53701938801987e-07,-0.00178934954023635,9.64123127999983e-08,-0.0081827344874803,-0.000962522006335398,-0.00128755043628281,-2.92579029448348e-06,-4.31506499865009e-07,-1.2340692876478e-06,-1.6730605256754e-07,-2.17686086800839e-05,-0.00180512322434723,-0.00173068667840237,-0.00111592457942233,4.70987489009644e-08,6.52407941004185e-08,-0.000276180348747879,-0.000289443716525284,-1.49233127695325e-05,-6.53701938801987e-07,-0.00016178020323121,-0.00147382406252561,-1.30070764914336e-06,-1.41954562771218e-06,-4.92893790671189e-07,-2.07381035899346e-06,-2.80275740305314e-06,-7.32035267958508e-08,-0.000260108182933649,-6.01744190831255e-06,-0.00408140220707853,-9.46513841526553e-07,-7.03632875787008e-06,-0.00499229642394461,-5.68739234374505e-07,-0.000196654966533316,-0.00765472902850872,-7.32035267958508e-08,7.81813467298775e-08,7.8181347618056e-08,-0.000864654810908583,-7.03632875787008e-06,-7.44848641431872e-07,1.44729579432124e-08,9.00391361469133e-08,-8.42382519294915e-07,-9.73031458872953e-06,-9.46513841526553e-07,0.14452232694052,-0.000270972366317679,-0.00183245970951074,-0.00763255382254346,4.70987489009644e-08,4.79797472863197e-08,-4.72869077228211e-08,-6.26542691897214e-05,-0.000112270325697494,-2.68086003263335e-06,-3.36493926234027e-06,-1.76628721604288e-06,-3.51999560610494e-06,-4.92307621335897e-07,-0.000505210415852275,-1.6730605256754e-07,4.79797472863197e-08,-1.7552584479219e-06,-0.00147137537068964,-7.44848641431872e-07,-0.000131529603569991,-0.000505210415852275,-0.00182264501740459,-4.89764191868858e-07,-3.04989396493482e-06,-0.00981439162908782,-0.00192057001190182,-1.97729595097229e-06,-0.00738616885467325,8.87439224328546e-08,-3.55584193201253e-08,-8.42382519294915e-07,-6.63668813150053e-06
"8:121326616:T:G",-0.00101793552926743,-0.000708400069315829,-0.00387341047798717,-0.00407816346604761,-4.52422962595733e-05,-0.000317559847409221,-0.00880946140702399,-0.00305559331994409,-0.00120973018009707,-0.00223312672222065,-0.00508376809145794,-0.00588407731810259,-0.00243466978639439,-0.00180416890345736,0.000376701448835171,-0.00491270904165209,-7.37805124462199e-06,-0.00328235652794096,-0.00660373014111215,-0.000941523661019517,-2.13022599080404e-05,-0.00778646013159801,-0.000553357393267895,-0.00217307645397291,-0.00342861405122319,-0.00160653097280949,2.77360746068211e-05,-0.00496571789159628,-0.00217752370391722,-0.00321247050607898,3.40787185839631e-05,-0.00152353055549259,-0.0051145395976322,-0.000185311164538682,-0.00125078223747455,-0.000401368510871691,-0.00452628976483993,-0.000100830808587915,-0.00288989068767354,-0.00283670826778604,-0.00220820603194882,2.11013345596811e-05,-0.000114697487216375,-0.00407816346604761,0.000421233017645406,-1.88452499410019e-05,-0.000678922430285667,-0.00150313527105972,-5.32123911218818e-05,-0.00074445822190139,-0.00283670826778604,-0.000837959332739224,-0.00427229009376173,-0.000285619579616814,9.18812242574063e-05,-0.000165757985902459,-0.00165194965130855,-0.00215685985914593,-0.00196657893327679,-0.00393598895319114,-0.0042549343519438,-0.000383613813426109,-0.00407816346604761,-0.00362619397115482,-0.000336926336300003,-0.00154252044309899,6.00434037369979e-05,-0.0050458806570326,-0.0023218448763771,-0.00311687460123355,-5.86867828547e-05,0.000682455087178901,-0.000496172538416495,-0.000465972567831763,-0.000199152205882847,-0.00064521560933084,-0.000163838924591708,-9.07840731407816e-05,-2.87550934796599e-06,-0.000505716665677003,-0.00284323354709048,-2.67367960047338e-05,2.88154166065979e-05,-0.000839443939744555,-0.00064521560933084,-0.00124654958927906,-0.00971358093895969,-1.49147405492656e-05,-0.000242392906783628,-0.00125270230863972,-0.000199152205884623,-0.000270972366317679,0.261781604741802,-0.000242392906783628,-0.00186619316713843,-0.00726121281871706,-4.09560868792624e-05,-1.74006807815985e-05,-0.000695598496250227,-0.00227033932559095,-0.00151578817481823,-0.000187483733388838,-0.000140355969202588,-0.0080319864056797,-0.00103708759384347,-0.00211346360402231,-0.00714666222354854,-4.09560868792624e-05,-0.00855892551322057,-0.00232602998799347,-0.00349298444567125,-0.00463898284844744,-0.00211346360402231,-0.00888552375233509,-8.58012934292773e-05,-0.00301564345875427,-0.00254669740145363,-0.00127715747001389,-0.00933708691372548,-0.00767063181050531,-0.00291123026762374,-5.41047999398359e-05,7.17638795766362e-05,-0.000878348160981979
"8:121328506:T:C",2.05818889247311e-05,-7.17725393784008e-06,-1.28037555171545e-05,-0.000749967230457393,-2.22995075365162e-05,-2.61815351327854e-05,-0.00205474427038244,-9.0288231184843e-06,-0.00340213466236516,-8.44532383368346e-05,1.17196056717006e-05,-0.00637300284610021,-0.00195154505102302,-7.36164048840138e-05,-9.84706185924722e-05,-0.000101321015343991,-3.54367719257453e-06,-0.00178962745751843,-0.00163991128437146,-0.00289955925918139,2.86402747384784e-06,0.000159917031356649,-6.45028580423812e-05,1.17196056717006e-05,0.000187542703121935,4.68114351992455e-06,1.5106836697143e-05,-6.58970496836275e-06,-0.00252184839195557,-4.95298059215443e-05,1.84103887521658e-05,-0.000376043736840082,-1.28037555171545e-05,2.39759069007306e-05,-1.47280461062493e-05,0.000115448586468503,5.78730966616092e-05,-0.0021674175336539,0.000811060362906346,1.5106836697143e-05,-0.000670222412050947,1.17196056717006e-05,0.000132433995859493,-0.000749967230457393,-8.57000907350525e-05,-1.09041710407709e-05,5.18148250971961e-05,-0.000423311835523243,8.36970516084889e-05,5.20824187510982e-05,1.5106836697143e-05,3.05066046335511e-05,6.47481704074693e-06,0.000153158351804628,-0.00122702732074931,-5.60969275715806e-05,-0.00127385543992897,-0.00186545296506413,-5.34901708793001e-06,-0.00109832715617486,-0.00310655958878137,0.000124136849954937,-0.000749967230457393,-0.000608843859764008,-7.36164048822374e-05,-5.83438055246077e-05,3.36496724617774e-05,1.67688787575671e-05,-6.90008915347207e-05,5.06409314580125e-05,-0.00125107899336463,-0.000282761523971331,-0.000108247773193959,-0.00145615493228757,-5.16904851250999e-05,8.49480178564122e-05,-0.00149924520288547,-4.32115395199162e-05,-0.00315429076973039,-0.000303938752631794,-2.81597606308637e-05,-1.86526849734747e-05,-1.86526849725865e-05,0.000105607126561935,8.49480178564122e-05,-4.73967683420895e-05,-2.73263208150354e-06,-9.0288231184843e-06,-4.95298059215443e-05,-0.00013765179085734,-5.16904851259881e-05,-0.00183245970951074,-0.000242392906783628,0.068478876309138,-0.00039723779289691,-3.54367719257453e-06,-2.03947845598407e-05,1.02300932525168e-06,-0.00180970381964407,0.000179857974950792,4.91812519705093e-05,0.000492378015727546,-6.45028580423812e-05,-0.00185658294140545,-4.27480487061871e-05,-0.00292724288834201,6.47481704074693e-06,-2.03947845598407e-05,-0.00176432445061891,3.20880103990007e-05,-0.000913045449381755,-0.00331297333157465,-0.00292724288834201,2.58508491741694e-05,-4.11583411628058e-05,5.3506050213592e-05,-0.00166843505366376,-3.8442501464786e-05,-0.00183933949495607,-0.00273159427502367,-1.05523458069356e-05,-2.61815351327854e-05,-4.95298059215443e-05,-0.000113401146081493
"8:121329119:G:A",-0.000201921676938444,-0.00268711457122706,-0.00162926774113492,-0.000730194129959116,-0.00537252921578357,-0.00303919514011852,-0.00170233596944858,-0.00422628260234337,-0.000232443102493818,-0.0106652658621296,-0.000104280745060414,-0.0127009504957285,-0.00693853128822886,-0.00160268022634291,-0.00393456087720034,-0.00208630737686821,-0.00217805245883262,-0.00370657911394545,-0.00272337673191769,-0.00456739778503445,-0.0018214591639607,-0.0274961947448187,-0.00285282037764478,-0.00399240155389968,-0.00573004514055153,-9.75434630889893e-05,-0.00401655171574156,-0.00218862120725083,-0.00931109397895469,0.00014483891863204,3.32020852846782e-05,-0.000838681130270302,-0.00501571828036917,-0.00233243014702422,-0.00633479205941656,-0.00291951093327025,-0.00305154154669118,-0.000193075850975166,-0.0106539074144401,-0.000401791559151654,-0.00106306666144418,-0.0015600996028251,-0.000817582905682457,-0.000730194129959116,-0.00246033852686489,-0.00213367006589937,-0.00441544135627758,-0.00220612510125617,-0.000811944950752874,-0.00712886141831959,-0.000401791559151654,-0.00560594453777252,-0.00258331380805998,-0.00209761525710039,-0.00280107557778653,-0.0038683188822084,-0.00131435558082638,-0.00416597180110756,2.06863998197804e-06,-0.000615680130839014,-0.00697566251053239,-0.00051091320944785,-0.000730194129959116,-0.00547766124425975,-0.00163779753761695,0.000198012543578763,-0.00135795776401348,-0.00166624269061533,-0.00391788655144421,-0.00664204655469902,-0.00669073854938684,-0.00274469419234924,-0.00368262792424012,6.71668253660052e-05,-0.000146224535435557,-0.000338483614874541,-0.0049253472130264,-0.00107568150983006,-0.000736909970347366,-0.00312308994930266,-0.00365162611251435,-0.00140199683597597,-0.000124528523473444,-0.000747844205582382,-0.000338483614874541,-0.000194542935638253,-1.38153124402685e-05,-0.00421128887815669,2.21949613345984e-05,-0.00202709866359685,-0.00256204714051389,-0.00763255382254346,-0.00186619316713843,-0.00039723779289691,0.328319976297893,-0.00266662054062472,0.000177858687459675,-0.000526858055329704,-0.00317880132587067,-0.00193259182963113,-0.000189435440862695,0.000237519199346892,-0.00327572894367822,-0.000536909625439286,-0.000247539748009284,-0.00161384288367783,-7.29828875334348e-05,0.000177858687459675,-0.00047352536047196,-0.000149844030593371,-0.00280392220742343,-0.0031521698277035,-0.00161384288367783,-0.00134446423508283,0.000141571659063366,-0.00204828950595104,-0.000160215300494926,-0.000743963079669729,-0.000560824958462547,-0.00474963427570474,-0.00114039161352331,-0.00715569763180834,-0.000125957392210552,-0.00444995903284884
"8:121329597:A:T",1.44810949187502e-06,-4.56918383129334e-07,-8.20818850222338e-07,-3.23991338024854e-06,-1.5485391680059e-06,-1.81071460403359e-06,5.07893540202531e-06,-0.00268191606004553,-2.08204868901163e-06,-0.00239334698435023,8.20164051340555e-07,9.17129557009844e-06,2.81742871077739e-06,-5.43056676427511e-06,-7.47886980256851e-06,-7.59256526716712e-06,-2.24571349072278e-07,3.4583038512892e-06,-2.63295236813121e-06,-5.67588828381815e-07,-0.00244792651394921,-0.00640974969518915,-4.74322883015077e-06,8.20164051340555e-07,-0.000319305389474778,-0.00255739515065834,1.02425782966264e-06,-3.14952345981112e-07,8.54145801199024e-06,-3.54367719257453e-06,1.22150336778759e-06,-6.69260055286003e-06,-8.20818851110516e-07,1.64522945400591e-06,-9.46414101754556e-07,6.52893952324263e-06,3.68785237547797e-06,9.78505346882486e-06,-4.76806007299047e-05,1.02425782966264e-06,-1.14519896099452e-05,-0.00236232743912623,-0.000128183685127681,-3.23991338024854e-06,-6.36029873213317e-06,-6.97404381355682e-07,3.37892803781159e-06,-0.00689441930166446,5.02268269020334e-06,-0.000827900001352688,1.02425782966264e-06,2.01919550146812e-06,5.00475974440917e-07,-0.000211859184422458,-0.0029435813869414,-4.0195567185819e-06,-9.95514158130817e-06,-0.00444949498505309,-3.39750687139428e-07,-8.93871253468959e-05,-0.00645739355856367,-0.000100372220050993,-3.23991338024854e-06,-0.00275338412931525,-5.43056676338693e-06,-4.18383548694834e-06,2.19665372735989e-06,-0.00203692757812579,-5.0809618699077e-06,3.21571201933324e-06,-1.94521041141371e-06,-0.0072421129198581,-8.37731632596928e-06,2.59275461367281e-06,-3.6995431136333e-06,5.07893540202531e-06,3.68785237636615e-06,-3.0918953148884e-06,2.81742871077739e-06,-0.00246324735406134,-1.94521041141371e-06,-1.20435531059115e-06,-1.20435530970298e-06,6.05149823851292e-06,5.07893540202531e-06,-3.39048759556704e-06,-7.1403473356213e-08,-5.76120484652165e-07,-3.54367719257453e-06,-1.07229438048861e-05,-3.69954311452148e-06,4.70987489009644e-08,-0.00726121281871706,-3.54367719257453e-06,-0.00266662054062472,0.0727011223289438,-1.42075762887828e-06,1.6348861020532e-07,-0.00101545562098515,8.79860118718767e-06,3.13881217905987e-06,-6.31939983897212e-06,-4.74322883015077e-06,3.61273129101392e-06,-2.95545123130125e-06,-8.40118837608372e-07,5.00475974440917e-07,-1.42075762887828e-06,2.47236790684724e-06,2.10868806149733e-06,-3.39048759556704e-06,-0.00276035857069523,-8.40118837608372e-07,1.98616310687072e-06,-2.94637584996593e-06,-0.00310122560799719,9.060745926881e-06,-2.65394565790444e-06,2.64800032923063e-06,-1.83961080990613e-05,-5.67588826605459e-07,-1.81071460403359e-06,-3.54367719257453e-06,-8.8017817176933e-06
"8:121330493:A:G",9.05919197968785e-06,-2.87469436432986e-06,-5.12039849809298e-06,-1.87240526248189e-05,-9.26729003491999e-06,-1.08106461826907e-05,3.66393698119083e-05,-3.19530093060294e-05,-1.23904191751123e-05,-1.13732427422519e-05,5.08393166676058e-06,8.48964320843137e-05,-0.000462788819212356,-3.017932201832e-05,-4.0170672636286e-05,-4.09176197928574e-05,-1.42075762887828e-06,2.32331660257046e-05,-1.60713990773331e-05,-3.82054054437475e-06,-0.000113686945852898,0.00019853235359335,-2.66150414232058e-05,5.08393166676058e-06,0.000297973170277466,2.25792706753936e-06,6.44794018178629e-06,-2.24430559114808e-06,7.60823933756427e-05,-2.03947845598407e-05,7.78077916763209e-06,-3.63348407663722e-05,-5.12039849898116e-06,1.04266054030688e-05,-5.88686617764012e-06,5.03143197860823e-05,2.50677653337306e-05,0.000109537267397819,-0.0001781842016646,6.44794018178629e-06,-0.000121326057703541,-0.000425631749942923,-0.000608335106898394,-1.87240526248189e-05,-3.48806841241611e-05,-4.36298639083788e-06,2.26062790789072e-05,-0.00010797385097483,3.6124896215739e-05,2.22523354205251e-05,6.44794018178629e-06,1.30653618430898e-05,2.9770411638097e-06,-0.000824509257752126,-1.73616043497304e-05,-2.29760244234711e-05,-5.17385521732194e-05,-1.42075762887828e-06,-2.14350637772753e-06,-0.000356522819396687,-0.000203575421756419,5.45580082302877e-05,-1.87240526248189e-05,8.67392698999936e-06,-3.01793220174318e-05,-2.38572010546889e-05,1.43389289801732e-05,7.11818869802983e-06,-2.83762147370581e-05,2.16644779129638e-05,-1.15959004727273e-05,-5.77922431830302e-05,-4.42707925856212e-05,1.65889544749831e-05,-2.12450007737175e-05,3.66393698119083e-05,2.50677653346187e-05,-1.7903192986779e-05,1.86193093325571e-05,2.66529941415072e-05,-1.15959004727273e-05,-7.44762585647152e-06,-7.44762585558334e-06,4.5677706259184e-05,3.66393698119083e-05,-1.95545265011532e-05,-7.06742207867705e-07,-3.61447029373352e-06,-2.03947845598407e-05,-5.518358881762e-05,-2.12450007746057e-05,4.79797472863197e-08,-4.09560868792624e-05,-2.03947845598407e-05,0.000177858687459675,-1.42075762887828e-06,0.00278909890098156,7.93555753553221e-07,3.23447187771109e-05,-0.000398510600244428,2.10697272287064e-05,-3.4483739232094e-05,-2.66150414232058e-05,2.44637672510706e-05,-1.73616043488423e-05,-5.80231625324501e-06,2.9770411638097e-06,-8.50887695591496e-06,1.6048300310878e-05,1.37058518845379e-05,-1.95545265011532e-05,0.000252643236935413,-5.80231625324501e-06,1.21604436351674e-05,-1.7091781562506e-05,2.28334189147361e-05,8.45387361847472e-05,-1.56644971252007e-05,1.73494283863818e-05,0.000143906041746078,-3.82054054437475e-06,-1.08106461826907e-05,-2.03947845598407e-05,-4.62573883224238e-05
"8:121331062:T:C",-0.00102102911175717,-0.00273057451836856,5.25111190086136e-07,1.05110066783709e-06,8.37264395592285e-07,9.14143099883802e-07,-9.67085951142366e-06,-0.0049364972068604,9.76069181923833e-07,-8.36193142266239e-05,-7.49290316903739e-07,-0.00147620468489107,-0.00161424891157314,4.54677866912334e-07,-0.00276396173975879,-0.000795291465809811,1.6348861020532e-07,-5.59071381385223e-05,-0.00122716700044556,-1.10770319423636e-05,-0.00491284898261668,-0.00489074873689255,7.35304539922765e-07,-7.49290316903739e-07,-0.00742426929656181,-3.34306802685091e-07,-9.6882486655403e-07,-6.00124878413766e-06,-0.000391435477298252,1.02300932525168e-06,-1.19543099152963e-06,-2.62639147763366e-07,-0.00187842365730884,-0.00158063562760269,5.88438079596187e-07,-1.60265702380258e-05,-9.5454319182231e-05,-2.16665428061091e-05,-0.00175339671141295,-9.6882486655403e-07,-0.00100429958736425,-7.49290316903739e-07,-0.00284434685350377,1.05110066783709e-06,-4.81542237196209e-08,4.58622524845964e-07,-5.01419402327841e-05,-0.000145485535738565,-0.00128388418440561,-0.00426280417162683,-9.6882486655403e-07,-2.29178807753527e-06,-4.34802227999853e-07,-0.00307583757533614,1.06017604828423e-06,-0.00249468371512584,-0.000308495666128117,1.6348861020532e-07,2.41416187485299e-07,-3.99466271687743e-05,-3.01644580540383e-05,-0.00274521102456582,1.05110066783709e-06,-0.00342435709498501,4.54677867800513e-07,9.04205456286888e-07,-2.56750225702262e-06,-1.08128589548784e-06,6.07480400205418e-07,-0.00043858465096136,-4.48586522470151e-05,-1.33928096337499e-05,-1.57962605218387e-06,-0.00193956609974055,1.00140889180977e-06,-9.67085951142366e-06,-5.59066684679976e-06,1.05793353633032e-06,-3.68247867843507e-06,-2.53447026841158e-05,9.47045258214985e-07,-0.0018128790714691,7.05081303564725e-07,-0.000861569349909885,-9.67085951142366e-06,1.03951525609602e-06,4.3187522003052e-08,-1.55237848442624e-06,1.02300932525168e-06,-0.000388796942350389,1.0014088909216e-06,-4.72869077228211e-08,-1.74006807815985e-05,1.02300932525168e-06,-0.000526858055329704,1.6348861020532e-07,7.93555753553221e-07,0.0823715295991896,-8.12257709448261e-06,-0.000140490412416483,-4.31909113896012e-06,-2.56220147321073e-08,-0.000774412245429623,-0.000149575081930919,1.06017605006059e-06,-2.20114191051834e-06,-4.34802227999853e-07,7.93555753553221e-07,-9.31349158079797e-05,-2.42909434522431e-06,1.03951525609602e-06,-0.00412858996610588,-2.20114191051834e-06,-0.00181719031505878,1.06017605006059e-06,-4.80184867690525e-06,-0.00363464899408772,-0.00223213556337498,-5.93758829463553e-05,-0.00144295874939626,-0.000154806032013788,-8.11751502123315e-05,-0.000142313787240056,-1.97011152280879e-06
"8:121332564:C:T",-0.0027099523098606,9.29231120938567e-06,-3.42485425486316e-05,-0.00155597492666537,3.477223453352e-05,3.96997017366729e-05,-0.00106982355921481,-0.00185250272639337,4.47260866849319e-05,-0.00302595147994023,-0.000117949499543357,-0.00220371195875879,-7.93459189720735e-05,0.000108886567164568,0.000142900826221926,-0.000412048143235921,4.59946039477188e-06,-0.00287258031274185,-9.2455470123376e-05,-0.00110739740719978,-0.000211938877270335,-0.0039878574740051,-0.00199090960367698,-0.00156731043733949,-0.00523958703583549,-7.50447484358929e-05,-2.64454822369586e-05,1.63734797187232e-06,-0.00396635633851616,7.44737453048927e-05,-3.07941216064478e-05,-0.00421435210412202,1.65128287266114e-05,-4.56147350318403e-05,-0.00770709183245444,-0.00253005179203569,-0.000108331203524159,-0.00140911767330465,-0.000607258937852073,-2.64454822369586e-05,-0.00422339673845107,-0.00156731043733949,0.000435299131653188,-0.00155597492666537,0.000123235494045026,-0.00242023912246303,-0.000684863872825403,-0.000214031225312716,-0.000153131076557678,0.000617119983830072,-2.64454822369586e-05,-0.00134052698144416,-1.51739856137922e-05,0.000678664075984159,-0.000637148791168052,8.25354230764574e-05,-0.00175913163917141,-0.00101545562098515,6.93404003282438e-06,-0.00177778385559924,-0.00234757714550415,-4.85297395851347e-05,-0.00155597492666537,0.000287559369061441,-0.000121095746583144,-0.00761809456411022,-0.000189284625061958,0.000313530795632566,0.000103338926888519,-8.92844946349669e-05,-0.00210206917751155,6.33335070654439e-05,0.000158478851933097,-0.000309065187156676,-6.68927490909965e-05,-0.000154784273937558,-0.000233165988790418,6.6645803646459e-05,-0.00299855025080209,-0.0029465263937527,-0.000732239441231464,2.39596568212264e-05,-0.00192483161179702,-0.000763888397032453,-0.000154784273937558,-0.00279965355751166,-0.00165218112675714,1.16746260276912e-05,7.44737453048927e-05,0.000125963140443552,7.71345132619672e-05,-6.26542691897214e-05,-0.000695598496250227,-0.00180970381964407,-0.00317880132587067,-0.00101545562098515,3.23447187771109e-05,-8.12257709448261e-06,0.121594488554916,-0.000507397164833279,-8.73393982612214e-05,-0.00219573893865999,9.78965691409428e-05,-0.000220745919154552,-0.00185426427790691,6.345428567478e-06,-0.00162416787984654,3.23447187771109e-05,-0.000160458204980785,-5.63055098732335e-05,-0.00171462396180377,-0.0047680359206872,6.345428567478e-06,-0.00277051192197586,6.40867617605068e-05,0.00145099183708464,-0.00050560464031868,-0.00190209892938764,-0.00146856241305127,-0.000469933892653263,-0.00313710532450173,3.96997017366729e-05,7.44737453048927e-05,0.000164368309610197
"8:121333937:A:G",-0.00290160193269973,-0.00230319449228933,-0.00362834538485224,0.000169226473522244,8.48586946533558e-05,-0.00216257803737374,-0.00419840248224279,-0.00176282384523674,-0.00217651414756936,-0.00253783975513233,-0.00147076409272628,-0.00711451272541508,-0.00204264819904587,-0.00178314000581725,-0.00259956985636478,-0.00205660273682895,-0.00203798669505062,-6.58205403931689e-05,-0.00605280934748809,-0.00250561093438417,-0.00212783611425671,-0.0032605405783821,-0.00639881828570399,-0.00147076409272628,-0.00240927868913055,-0.000130720454711408,-6.93950974772761e-05,-0.00447324316944364,-0.00236632896469224,-0.00688446733519843,-7.74256047311184e-05,-0.00440854941621804,-0.00143613794615138,-0.000302977556499329,-0.000499928344602552,-0.00431651869548766,-0.0057731013672635,-0.000389281572340749,-0.000561832477696811,-6.93950974772761e-05,-0.00965567172143311,4.93234540268617e-05,-0.00575413578622452,0.000169226473522244,0.000194952448691943,-0.00251747065928676,-0.0052550735156176,-0.00385959123412416,-6.20078590767292e-05,-0.000232331655303675,-6.93950974772761e-05,-0.00128284699891967,-4.85151012776797e-05,-0.00691931305408655,3.53036067686219e-05,-0.000595585940264876,8.36098004235453e-05,8.79860118718767e-06,-0.00555222400511202,-0.00508553355676922,-0.00241245980803262,-0.000798147478305644,0.000169226473522244,-0.000825809912096798,-0.00161624025884599,-0.00182468117385692,-0.00103842985744151,-7.34325558138238e-05,-0.00029848626635065,-0.00105846630754947,9.95261211738097e-05,-0.00283889250248004,-0.000605869693454331,-0.00220424520596296,-0.00187273211206751,-0.00353527281649679,-0.000439446411387046,-0.0012508973553631,-5.06097002803685e-05,-0.00209618616509122,9.95261211738097e-05,-0.000216943259871982,-0.00041073398428626,-0.000491962297627602,-0.00353527281649679,-0.00121494307863212,-0.00544635478717659,-0.00737220323958443,-0.00540480234242402,-0.00176551810688608,-0.0018727321120684,-0.000112270325697494,-0.00227033932559095,0.000179857974950792,-0.00193259182963113,8.79860118718767e-06,-0.000398510600244428,-0.000140490412416483,-0.000507397164833279,0.239420963501257,-0.00117804156027468,0.000312214222264018,0.000241758072377252,-0.000579507619505648,-0.00220956027978758,-0.00113093833323852,-0.00585917144268411,8.00747697766724e-05,-0.000436730609661318,-0.003730027140179,0.000174513481184135,-0.0067118392218406,-0.00113093833323852,-0.000104006471947748,-0.000309926953511841,-0.000235518941507529,-0.00361508992172421,-0.00318117239799953,-8.97394807282126e-05,-0.00263887979332633,-0.00444020451409433,9.45835164287701e-05,-0.00135500557705992,-0.00108967029536178
"8:121336698:T:C",-2.5399373001278e-05,6.34432544543984e-06,1.12823500186821e-05,4.55512091175336e-05,-0.00247003932405487,2.61194881687743e-05,-0.00428148803129602,7.97275796582397e-06,2.95754322268138e-05,-0.00604206524677675,-1.37794909722544e-05,-0.00444353415051246,-4.96688388649247e-05,7.23180239026178e-05,-0.00150579604253398,9.51831485993537e-05,3.13881217905987e-06,-0.00647859148513064,-0.00124997914210567,5.79185488103207e-06,-5.9392705162864e-06,-0.00097234188104256,6.46446026157932e-05,-1.37794909722544e-05,-0.00604727584525389,-0.0013581146535353,-0.000472442690232278,2.34519028108338e-06,-0.00432861342821234,4.91812519705093e-05,-1.97551825218412e-05,8.73611142875319e-05,1.12823500186821e-05,-0.000725409719565917,1.2964077250821e-05,-0.000135742352093793,-6.74053343097114e-05,-0.00312551808492145,0.000373785916768732,-1.67990628288095e-05,-0.00689147858034822,-1.37794909722544e-05,-0.00392665105966117,4.55512091175336e-05,8.23753457481757e-05,-0.00308898767450483,-6.19960892569438e-05,-0.00157199204657044,-9.56215022540619e-05,-5.77191423190015e-05,-1.67990628288095e-05,-3.42572729321589e-05,-9.12664691909981e-06,-0.00417767968028393,-0.00175571681336084,-0.0061791089429386,0.000119841797980413,3.13881217905987e-06,4.7330999572992e-06,-0.00650516765757292,-0.00164603688632159,-0.00382332352809822,4.55512091175336e-05,-0.00831502918214966,7.23180239035059e-05,5.66751623942707e-05,-3.70833018958905e-05,-1.82849292738041e-05,6.84414173433012e-05,-5.64139303884659e-05,-0.00278127332386902,-0.00148479556881309,0.000105945431443821,-0.00504236658571777,5.10250433825021e-05,-9.67515927667861e-05,-6.7405334307935e-05,4.37643684652045e-05,-4.96688388649247e-05,-0.000314232771479794,2.78383291414386e-05,1.63828592594228e-05,1.63828592594228e-05,-0.000120809563911806,-9.67515927667861e-05,4.73567397545338e-05,-0.00289019412902647,-0.00158566072513722,4.91812519705093e-05,-0.00263710007599816,5.1025043381614e-05,-2.68086003263335e-06,-0.00151578817481823,4.91812519705093e-05,-0.000189435440862695,3.13881217905987e-06,2.10697272287064e-05,-4.31909113896012e-06,-8.73393982612214e-05,-0.00117804156027468,0.130770574878494,8.34046876434513e-05,-0.00165694398645932,-6.60764581930096e-05,4.03982249759238e-05,-0.00140565443541885,-9.12664691909981e-06,2.10697272287064e-05,-4.3994954588733e-05,-3.56779031864818e-05,4.73567397545338e-05,-0.00254660569527587,-0.00140565443541885,-0.000314714612970057,4.19959320572261e-05,-5.90103002169329e-05,-0.00652481843929831,3.67123559819049e-05,-4.68639813870908e-05,-0.00164857657324813,5.79185488280842e-06,-0.00273903887006455,-0.00226409955137896,0.00011013891228373
"8:121339086:G:A",-0.000170835755771037,-1.27874290427599e-05,2.51227779930474e-05,-7.64572169220656e-05,-3.78390252961935e-05,-4.46678024541569e-05,0.000145639343930526,-1.60788283531943e-05,-5.16588695669284e-05,8.60841095970954e-05,-0.000385202323837319,-0.000261002954367484,7.2268014695176e-05,-0.000123787290952748,-0.000164610460183567,-0.000170911822244157,-6.31939983897212e-06,8.87456697240552e-05,-0.000132115889588391,-2.06962857944859e-05,-8.47619295969437e-05,-0.00138280599237461,0.00244677814006167,1.91844253318862e-05,3.16395223221022e-05,6.53218651525123e-06,2.52896450314566e-05,-1.36336170246665e-05,0.0003024960336937,-8.38152700124439e-05,3.12543772285068e-05,-0.000147850986254028,-2.27798320056039e-05,3.9351621659911e-05,-2.61908602645633e-05,0.000198613949138782,9.71668314404539e-05,0.00043416348877745,0.00107371493490849,2.52896450314566e-05,0.000181171431330007,1.91844253318862e-05,0.000228724316036377,-7.64572169220656e-05,-0.000144413107173946,8.01620738233311e-06,-0.000187835930812952,-0.000457792304226601,0.00014325317198427,8.8778032585779e-05,2.52896450314566e-05,5.1248287198824e-05,9.75212666354253e-06,0.000266762175161084,0.000281916879985467,-9.51856994593214e-05,0.000313213120820777,-0.000328967449299,-9.53450988916416e-06,-0.000813209718232066,-0.000117524607939679,0.000212042166544357,-7.64572169220656e-05,-0.000631135617204848,-0.000123787290952748,-9.90679782582049e-05,5.69886181187584e-05,2.82892671785717e-05,-0.000115879131879382,8.61071323647877e-05,0.000268275958874575,-0.000257880503387042,-0.000179731359665425,0.00010692533097334,-8.75601704510842e-05,0.000145639343930526,9.71668314404539e-05,-7.28425278460065e-05,-0.000382278547859549,1.27024739260406e-05,-4.81426902201321e-05,-3.31376597122457e-05,-3.31376597113575e-05,0.000182576869399931,0.000145639343930526,-8.01145445947782e-05,-6.7455275969408e-06,-1.60788283531943e-05,-8.38152700124439e-05,0.000137632171335333,-8.75601704519724e-05,-3.36493926234027e-06,-0.000187483733388838,0.000492378015727546,0.000237519199346892,-6.31939983897212e-06,-3.4483739232094e-05,-2.56220147321073e-08,-0.00219573893865999,0.000312214222264018,8.34046876434513e-05,0.000790770452685052,-0.000108156190010256,9.43946279434726e-05,-7.36658204028018e-05,-3.39057666156606e-05,9.75212666354253e-06,-3.4483739232094e-05,6.05791297019209e-05,5.41352779910298e-05,-8.01145445947782e-05,0.000392652835504492,-3.39057666156606e-05,-3.17744453033342e-05,-6.92697358370964e-05,9.14179375044455e-05,0.000163607473041338,-6.61515852238281e-05,6.64951347530973e-05,0.00028353509493062,-2.06962857935977e-05,-4.46678024541569e-05,-8.38152700124439e-05,-0.000188379855037724
"8:121342090:G:T",2.63936457312042e-05,-9.59961935098619e-06,-0.00724111098526947,-5.89409897067128e-05,-0.00284454058211825,-3.428595459809e-05,0.000112558359580461,-1.20715226259449e-05,-3.95541241795527e-05,-0.000644159177808135,-0.00693683476498386,-0.00599793502911705,5.63740791079681e-05,-9.54167048963228e-05,0.000104086838321749,-0.000131204382041616,-4.74322883015077e-06,-0.000945059949837734,-5.60116876409111e-05,-1.4756705726704e-05,-0.00703447995136219,-0.00549304579098298,-8.35644800778468e-05,1.51177623033405e-05,-0.00858743249293248,5.6467134585958e-06,-0.00507124491160038,-9.46159796910706e-06,0.000232820934044753,-6.45028580423812e-05,2.41471140718374e-05,-0.00011430296087056,-1.71053980277946e-05,-0.00667962248316467,-1.96684701379013e-05,0.000153628397979055,7.57834649069977e-05,0.000333326960306302,-0.000361441901759463,1.96856973246895e-05,-0.00629665431189697,1.51177623033405e-05,-0.00223810561309712,-5.89409897067128e-05,-0.00011107026135182,-1.45732677303556e-05,6.74218224272494e-05,-0.000573335921960627,0.000110803363764234,-0.00272083993510464,1.96856973246895e-05,3.98659272269342e-05,8.05764551969901e-06,-0.00284739556557412,-5.61498513320657e-05,-0.00769849059002059,-0.000349793827382427,-4.74322883015077e-06,-7.15702741782565e-06,-0.00556817344963978,-0.000646962236388937,-0.00191814303610371,-5.89409897067128e-05,-0.00112331220598705,-0.000120255429306049,-7.60387702953835e-05,4.41446296424175e-05,2.19294863681441e-05,-8.94192177183228e-05,6.66508036379909e-05,-0.000900320073214722,-0.000194794844463608,-0.00013915385417107,4.69463940371284e-05,-0.000268229504414741,0.000112558359580461,7.57834649078859e-05,-5.62094439437999e-05,5.63740791079681e-05,-0.00169431214531723,-3.69042470067527e-05,-0.000652363550681656,-2.48897350942912e-05,0.000140727167953436,0.000112558359580461,-6.17052639553251e-05,-0.000741685795497382,-1.20715226259449e-05,-6.45028580423812e-05,-0.000177089477300107,-6.73343776416147e-05,-1.76628721604288e-06,-0.000140355969202588,-6.45028580423812e-05,-0.00327572894367822,-4.74322883015077e-06,-2.66150414232058e-05,-0.000774412245429623,9.78965691409428e-05,0.000241758072377252,-0.00165694398645932,-0.000108156190010256,0.111449468990788,-0.00101093438991917,-5.61498513302894e-05,-2.37568556578083e-05,8.05764551969901e-06,-2.66150414232058e-05,-0.000925269398527107,4.2017981439102e-05,-6.17052639553251e-05,-0.00331426301601834,-2.37568556578083e-05,3.18459075598909e-05,-5.35100492298213e-05,7.05925188517753e-05,0.00025070572187591,-5.04811856467668e-05,-0.000999169333404382,-0.00103766361849544,-0.000911854545895707,-0.0032597716665359,-6.45028580423812e-05,-0.000145748532458967
"8:121342520:T:C",-0.00323115184111966,7.29560649226357e-06,1.29557493879773e-05,5.2336599304148e-05,2.63563013955803e-05,3.01950652916716e-05,-0.00346228392291881,9.16395855909968e-06,3.41070247840136e-05,-0.00120672965566193,-1.63742651002607e-05,-0.0124673713118728,-5.96525179537011e-05,-0.00232690975496563,-0.00284801689782288,-3.6865971372535e-05,3.61273129101392e-06,-0.0028747601997825,-0.002014579711477,-0.000127650715310956,-7.28596730947828e-06,-0.0014562470968329,7.37324519510807e-05,-1.63742651002607e-05,-0.00328214733839172,-9.14041284172384e-06,-1.98844849306212e-05,-0.00347792575831285,-0.000262714071067371,-0.00185658294140545,-2.33262388178446e-05,9.86778008549294e-05,-0.000370340618213838,-0.00461656382257658,-0.00198861251211202,4.55357929283196e-05,-0.00282343934051532,-0.00133789446344768,-0.000610592526252063,-0.00142500621386787,-0.00306220920022504,-1.63742651002607e-05,-0.000196127939673829,5.2336599304148e-05,9.31299748350156e-05,1.10505875801081e-05,5.50514959085646e-05,-5.41367215411981e-06,-0.000116315493872143,-6.91893582498437e-05,-0.00142500621386787,-4.08272881449179e-05,-0.00160635804093356,-0.000229621751642206,4.63021475747283e-05,-0.0077606529412142,-0.000475213296658339,3.61273129101392e-06,-0.00196909880280582,-0.00197852348023364,6.67924078738835e-05,-0.00435214821964625,5.2336599304148e-05,-0.0023712144310104,-0.00147449724890869,-3.13640700131401e-05,-4.414766154337e-05,-2.16137987889553e-05,7.79080919555142e-05,-0.0039266005841867,-0.00214088642652488,-0.00654509793501479,0.000118709935689409,-0.00170222521354901,-0.00103273420500205,-0.00101952781803671,-8.15286559507911e-05,5.0338348705381e-05,-0.00300713313075107,-0.00364107473229369,3.21417735795748e-05,-0.00010859106826544,1.87850562003433e-05,-0.000704830721980798,-0.00101952781803671,-0.000245755153886584,-0.00163710046930543,9.16395855909968e-06,5.63886381250711e-05,-0.00184248311791624,5.84429004968356e-05,-3.51999560610494e-06,-0.0080319864056797,-0.00185658294140545,-0.000536909625439286,3.61273129101392e-06,2.44637672510706e-05,-0.000149575081930919,-0.000220745919154552,-0.000579507619505648,-6.60764581930096e-05,9.43946279434726e-05,-0.00101093438991917,0.134749837093214,4.63021475765046e-05,-0.0010826064620888,-8.44287067192084e-05,2.44637672510706e-05,-0.00140111437044688,-4.24958756690685e-05,5.43532839829552e-05,-0.000535875377986716,-0.0010826064620888,-0.0012862897654351,4.83583001189558e-05,-7.0721909080973e-05,-0.00172689830273587,-2.42856490881849e-05,-0.00197898711241518,-0.000925010660159931,-0.00146830423425559,-0.00209889107388683,5.63886381250711e-05,0.000123158775656051
"8:121346639:C:T",-0.0020759844015652,-0.00369410743579834,-1.07374141160577e-05,-3.90284691880183e-05,-1.89864775759219e-05,-2.23089913777841e-05,6.82274591738974e-05,-7.55477967206986e-06,-0.00272946646004346,-0.00661605889631733,9.89423145814072e-06,-0.00683133708938177,-0.00230854342022813,-6.43230318582155e-05,-0.00371724358949255,-9.46075058996243e-05,-2.95545123130125e-06,-0.00407609541876397,-0.000474622290708382,-0.00235101234047352,2.58892066362648e-06,6.90105968201848e-05,-5.61498513302894e-05,9.89423145814072e-06,0.000160011573355767,4.0944455239611e-06,1.26672778106851e-05,-0.0017064286073829,-0.00289078992415792,-0.0013536852895415,1.53604416412989e-05,-7.80036067116185e-05,-1.07374141160577e-05,2.01105387009903e-05,-1.23651909937905e-05,-9.24026253015242e-05,-0.000997865517378571,-9.13606533217148e-05,-0.00162239883260007,-0.00291001923103096,-0.00510676079215111,9.89423145814072e-06,-0.00350402539107453,-3.90284691880183e-05,-7.52743553862345e-05,-9.13411901670713e-06,9.12345177184193e-08,-0.00391044220399284,-0.00284266033219005,4.26575978931254e-05,-0.00291001923103096,2.53625803630086e-05,5.57725528604891e-06,-0.00322334503588007,-3.66499583996927e-05,-4.85434349917213e-05,0.000160859790594436,-2.95545123130125e-06,-0.00202130004466916,-0.00586320973455745,-0.00395358493989839,-0.000294814677655353,-3.90284691880183e-05,-0.00244081843706878,-0.00126394933803642,-5.05354054780582e-05,-0.00154942986575435,1.40236360053336e-05,-6.01744242985092e-05,4.15361480143872e-05,-2.4007678460336e-05,-0.00104875361677159,-0.0079955732978032,-0.00146685287101445,-0.00142078529494327,-0.00304315512556741,4.74467998987649e-05,-0.00664661034565128,-0.00185173510330383,-5.60939839999719e-05,-2.4007678460336e-05,-1.56963700783663e-05,-0.00251783286553309,-0.00404181635043344,-0.00304315512556741,-4.08742713258192e-05,-0.00191615611901952,-7.55477967206986e-06,-4.27480487061871e-05,-0.000123870328741837,-4.4650412840852e-05,-4.92307621335897e-07,-0.00103708759384347,-4.27480487061871e-05,-0.000247539748009284,-2.95545123130125e-06,-1.73616043488423e-05,1.06017605006059e-06,-0.00185426427790691,-0.00220956027978758,4.03982249759238e-05,-7.36658204028018e-05,-5.61498513302894e-05,4.63021475765046e-05,0.148883157407151,-0.00142311379658722,-0.00204244232077588,-1.73616043488423e-05,3.06573006367827e-05,2.66275818336936e-05,-4.08742713258192e-05,-0.000877495970506459,-0.00142311379658722,-0.00476470553835018,-3.54184280633163e-05,4.37629178735577e-05,-0.00130448019269114,-0.00254292690515889,3.32042800179622e-05,-0.00191048752423573,-0.00205200513253434,-2.23089913777841e-05,-4.27480487061871e-05,-0.00420837753572556
"8:121350362:G:A",-0.00150809047520095,-0.00181569602852605,-0.00199162271919828,-1.49973126228886e-05,-6.39788901501959e-06,-0.000270458242371596,-0.00423931503499464,-0.000771198759676572,-0.00142569219211275,-0.00134197601831865,-0.00243938804404742,-0.00348791229320389,-0.00348901800165891,-0.00546520105474446,5.48336542607331e-05,-0.000299507322245596,-8.40118837608372e-07,-0.000960898094886531,-0.00583599005759172,-0.00199410439355141,-1.04066648409784e-05,-0.00350095785592508,-2.37568556578083e-05,-0.00186592823434051,-0.0063731182003699,-0.00194365416956455,3.28258579163077e-06,-0.00191535822882649,-0.00119126568004813,-1.67360340546097e-05,3.82406108201394e-06,-3.65289003925184e-05,-0.00224356660987102,-9.19013685143355e-05,-0.00234608652724866,-0.00292612639639955,-0.00163540888437996,-7.91983607664193e-05,-0.00110449690851055,-0.00306867717065984,-0.00276999580745496,2.68533842184837e-06,-0.00143450004252266,-1.49973126228886e-05,-0.00244774223255018,2.05951265463966e-06,-3.18186488756922e-05,-0.00286684055722564,-0.00131230017122963,7.11647298956564e-06,-0.00306867717065984,-0.00275619550244421,-0.00219560059888124,-0.000237012035367634,-0.0024076991894475,-0.00162296926165606,-0.00110443648197922,-8.40118837608372e-07,-0.00216632676119755,-0.00294029397967011,-0.00238134388028666,-0.000232186941734547,-1.49973126228886e-05,-0.00376021218151346,-0.000201567295851746,-2.05592492710238e-05,5.94378541851626e-06,3.56006912305418e-06,-0.000255067479351112,7.08276981065126e-06,-8.31354808106255e-06,-0.001777448902895,-4.85303995469977e-05,-0.000537979172364977,-0.000105421105043746,-0.00037574232506099,-0.000219130787465716,-1.4168191663444e-05,-0.00164956057785304,-0.00238078391430507,-8.31354808106255e-06,1.80308312280886e-07,-8.45701086582551e-06,-0.000993987955025588,-0.00037574232506099,-0.00137539196618697,-0.00197499025104708,2.48265345081933e-06,-0.000153104920515901,-0.00151094632062243,-0.00275791451644913,-0.000505210415852275,-0.00211346360402231,-0.00292724288834201,-0.00161384288367783,-8.40118837608372e-07,-5.80231625324501e-06,-2.20114191051834e-06,6.345428567478e-06,-0.00113093833323852,-0.00140565443541885,-3.39057666156606e-05,-2.37568556578083e-05,-0.0010826064620888,-0.00142311379658722,0.150321649233237,1.67654897520464e-06,-5.80231625324501e-06,-0.0012630807284113,-0.00113131939597721,-1.58529884410896e-05,-0.000110656008580179,0.000411998609774145,-0.00287772803751718,-1.33648383755514e-05,7.14220052255854e-06,-5.89482595296786e-05,-0.000347326291438854,-0.00119131401529149,-0.00257417300476659,-0.00463469722520227,-7.65283774573078e-06,-0.000153104920515901,-0.00393667829127864
"8:121353989:C:T",-3.75907814476051e-06,1.00286335324995e-06,-7.57461864875353e-06,6.03825401057634e-06,3.21421246596287e-06,-0.00191148760184312,-1.73973500690039e-05,1.25468695788555e-06,4.16241504463954e-06,-3.04598121214639e-05,-0.00179469187608916,-0.00431561622077847,-8.02232212304688e-06,8.83619548819325e-06,1.07481182629598e-05,1.08202924202772e-05,-0.00259721277392444,-1.03982226278276e-05,-0.000960656014441064,1.17912077968185e-06,-0.00187841122032939,-0.0011115060993081,8.05764551969901e-06,-2.02434457818867e-06,-0.00374829349423056,-9.67712718846769e-07,-2.54763451312812e-06,6.38919959605744e-07,-0.00114447790913363,-0.00337592100075845,-3.06732684940414e-06,1.00930513138309e-05,-0.00184845310789861,-4.31045924287332e-06,2.0122153729929e-06,-2.59172294869714e-05,-1.12623778116827e-05,-0.00272705440811638,-0.00303133705904202,-0.00166857737832871,-0.00213310381286513,-0.00268215363962288,-0.00141902882565947,6.03825401057634e-06,-0.00232108212914461,-0.00208203180291999,-1.01064201132317e-05,-0.00178200978844778,-1.71266982178508e-05,-0.00103738377395501,-0.00166857737832871,-5.39888570738611e-06,-1.2330628242907e-06,-0.00129326426658327,-0.0019157843519837,7.12347407549885e-06,-0.00173742157796397,5.00475974440917e-07,-0.00223437298220563,-0.00358159039106454,-0.00158088048309502,-0.00206864756696401,6.03825401057634e-06,-0.00166576764569104,-0.00157955678920008,7.33773477268329e-06,-5.93570354823214e-06,-2.80794073237445e-06,8.44982146830375e-06,-9.39881963457623e-06,3.92553746397795e-06,-0.00716140590181702,1.14100202281975e-05,-1.96806279895156e-05,-0.00175784063840734,-1.73973500690039e-05,-1.12623778116827e-05,5.81894965989704e-06,-8.02232212304688e-06,-0.00014945930267718,3.92553746397795e-06,2.51852280008791e-06,-0.0020429251262577,-0.000842876917618085,-1.73973500690039e-05,6.256899316881e-06,-0.0025114220836473,1.25468695788555e-06,6.47481704074693e-06,-0.00223125397317414,6.69193568203497e-06,-1.6730605256754e-07,-0.00714666222354854,6.47481704074693e-06,-7.29828875334348e-05,5.00475974440917e-07,2.9770411638097e-06,-4.34802227999853e-07,-0.00162416787984654,-0.00585917144268411,-9.12664691909981e-06,9.75212666354253e-06,8.05764551969901e-06,-8.44287067192084e-05,-0.00204244232077588,1.67654897520464e-06,0.108778070595804,2.9770411638097e-06,-5.5270344919478e-05,-5.66792108003256e-06,6.256899316881e-06,-0.000445530510102099,1.67654897520464e-06,-0.00504308464288794,5.59905194119636e-06,-0.000713628592494686,-0.0012767433204397,5.10728277358652e-06,-7.09249446257942e-05,-0.000243425446379231,-0.00246192036448445,3.68850979270974e-06,6.47481704074693e-06,1.16813509913882e-05
"8:121356685:T:C",9.05919197968785e-06,-2.87469436432986e-06,1.58767306066565e-05,-1.87240526248189e-05,-9.26729003491999e-06,-1.08106461826907e-05,3.66393698119083e-05,-3.61447029373352e-06,-1.23904191751123e-05,-1.13732427422519e-05,5.08393166676058e-06,-0.000519590484961086,1.86193093325571e-05,-3.017932201832e-05,-4.0170672636286e-05,-4.09176197928574e-05,-1.42075762887828e-06,2.32331660257046e-05,-1.60713990773331e-05,-8.87914656555466e-06,1.53015108850241e-06,0.00019853235359335,-2.66150414232058e-05,5.08393166676058e-06,-7.89341753995032e-05,2.25792706753936e-06,6.44794018178629e-06,-2.24430559114808e-06,7.60823933756427e-05,-2.03947845598407e-05,7.78077916763209e-06,-3.63348407663722e-05,-5.12039849898116e-06,1.04266054030688e-05,-5.88686617764012e-06,5.03143197860823e-05,2.50677653337306e-05,0.000109537267397819,0.00071051190264626,6.44794018178629e-06,0.00021263741061528,5.08393166676058e-06,-0.000608335106898394,-1.87240526248189e-05,-3.48806841241611e-05,-4.36298639083788e-06,2.26062790789072e-05,-0.00010797385097483,3.6124896215739e-05,2.22523354205251e-05,6.44794018178629e-06,1.30653618430898e-05,2.9770411638097e-06,-0.000824509257752126,-1.73616043497304e-05,-2.29760244234711e-05,-5.17385521732194e-05,-1.42075762887828e-06,-2.14350637772753e-06,0.000267601488314284,-0.000203575421756419,-0.000513753743623724,-1.87240526248189e-05,-0.000326631333184224,-3.01793220174318e-05,-2.38572010546889e-05,1.43389289801732e-05,7.11818869802983e-06,-2.83762147370581e-05,2.16644779129638e-05,-1.15959004727273e-05,-5.77922431830302e-05,-4.42707925856212e-05,1.65889544749831e-05,-2.12450007737175e-05,3.66393698119083e-05,2.50677653346187e-05,-1.7903192986779e-05,1.86193093325571e-05,3.53723817081431e-06,-1.15959004727273e-05,-7.44762585647152e-06,-7.44762585558334e-06,4.5677706259184e-05,3.66393698119083e-05,-1.95545265011532e-05,-5.35526763174587e-05,-3.61447029373352e-06,-2.03947845598407e-05,-5.518358881762e-05,-2.12450007746057e-05,4.79797472863197e-08,-4.09560868792624e-05,-2.03947845598407e-05,0.000177858687459675,-1.42075762887828e-06,-8.50887695591496e-06,7.93555753553221e-07,3.23447187771109e-05,8.00747697766724e-05,2.10697272287064e-05,-3.4483739232094e-05,-2.66150414232058e-05,2.44637672510706e-05,-1.73616043488423e-05,-5.80231625324501e-06,2.9770411638097e-06,0.00253688015218057,1.6048300310878e-05,1.37058518845379e-05,-1.95545265011532e-05,-5.50266341141636e-05,-5.80231625324501e-06,1.21604436351674e-05,-1.7091781562506e-05,2.28334189147361e-05,-0.000107269540970734,-1.56644971252007e-05,-0.000348904659303706,-0.000174157228280514,-3.82054054437475e-06,-1.08106461826907e-05,-2.03947845598407e-05,-4.62573883224238e-05
"8:121356720:A:G",-0.00341176257257558,4.98716398489307e-06,8.84096962305847e-06,3.41332882456413e-05,1.7322897191363e-05,1.99033596954834e-05,-0.00372656031739638,6.26076537102449e-06,2.25261997393034e-05,-0.00133534279539216,-1.06267756878609e-05,-0.0136596473563295,-3.94125822555935e-05,-0.00244652315097849,-0.00307709510788445,-2.02133179278974e-05,2.47236790684724e-06,-0.00273618520641694,-0.00328237811694976,-7.47780078365068e-05,-4.34748025046616e-06,-0.00151852501824745,4.7688201081364e-05,-1.06267756878609e-05,-0.00382732143268649,-5.62606599086024e-06,-1.30608217103756e-05,-0.00366961632446472,-0.000181543687470587,-0.00176432445061891,-1.54520496327137e-05,6.33063767425668e-05,-0.000286399948357996,-0.00490711888002959,-0.00208416241031451,2.7656631258921e-05,-0.00298782068989212,-0.00131071774531755,-0.000451355756767136,-1.30608217103756e-05,-0.00335045716475735,-1.06267756878609e-05,-0.000133713095421761,3.41332882456413e-05,6.01836792579746e-05,7.54532725633084e-06,3.24455174069982e-05,-1.20275733843656e-05,-7.83050501702576e-05,-4.62206854621172e-05,-1.30608217103756e-05,-2.69501670677741e-05,-0.00169312080998374,-0.000157705588789803,3.06573006358946e-05,-0.00808400353372818,-0.000338272030496078,2.47236790684724e-06,3.72440413443087e-06,-0.00216763875154813,-2.57865028041593e-05,-0.00436403879351488,3.41332882456413e-05,-0.0031414193433501,-0.00121946822158936,-2.85672705508944e-05,-2.92879909977728e-05,-1.42617242602228e-05,5.03952029839994e-05,-0.00379225804678018,-0.0020400040355204,-0.0071146568565057,7.55503160014825e-05,-0.00177303447624322,-0.000769212739768932,-0.00107221647407751,-5.40928818439923e-05,3.28125065882645e-05,-0.00287480293643139,-0.00196776990154524,2.12094308551514e-05,-6.03971397561409e-05,1.27955942561542e-05,-0.000748412252896458,-0.00107221647407751,-0.000239444819954748,-0.00172702761823196,6.26076537102449e-06,3.68056127983962e-05,-0.0019850581255163,3.81573259078394e-05,-1.7552584479219e-06,-0.00855892551322057,-0.00176432445061891,-0.00047352536047196,2.47236790684724e-06,1.6048300310878e-05,-9.31349158079797e-05,-0.000160458204980785,-0.000436730609661318,-4.3994954588733e-05,6.05791297019209e-05,-0.000925269398527107,-0.00140111437044688,3.06573006367827e-05,-0.0012630807284113,-5.5270344919478e-05,1.6048300310878e-05,0.134654324858853,-2.81244860396157e-05,3.54642952276052e-05,-0.000462161419183982,-0.0012630807284113,-0.00112147398017282,3.15018647434329e-05,-4.7317699613636e-05,-0.00172063769313713,-1.33468154928096e-05,-0.00260121980729,-0.000606177342540981,-0.00156091221213916,-0.00199742111607737,3.68056127983962e-05,7.83175722256502e-05
"8:121356721:G:A",-1.61189337353207e-05,4.26139990850061e-06,7.57604324963523e-06,2.96689158689745e-05,1.48205897207987e-05,-0.00100109063360598,-6.27957874677065e-05,5.35469331097715e-06,1.93957690086677e-05,-7.8200820208707e-05,-8.80425685600983e-06,-0.00555168020540009,-0.00119282962405087,4.71137141913047e-05,6.21560098537088e-05,6.22703820347681e-05,2.10868806149733e-06,-0.00809608540074347,1.69926076063476e-05,4.37659724461525e-06,-3.52039672613103e-06,-0.00476465991940689,4.2017981439102e-05,-8.80425685600983e-06,-1.39173573998619e-05,-4.59994322987711e-06,-1.08405650447452e-05,2.05756113480504e-06,-0.000135625123851568,3.20880103990007e-05,-1.28347736954026e-05,5.67551347145923e-05,7.57604324963523e-06,-0.0036724036309872,8.7044661425395e-06,-8.7996007177793e-05,-4.34052555489117e-05,-0.000985832780272311,-0.00197259824653173,-1.08405650447452e-05,-0.000879398392507724,-8.80425685600983e-06,-0.000102254245856415,2.96689158689745e-05,5.37855574753721e-05,6.45951399569356e-06,-0.00344330240221957,-0.000913418377850306,-0.000887377496209929,-3.74655423343029e-05,-1.08405650447452e-05,-0.00387094699680723,-5.66792108003256e-06,-0.000119179523048629,2.66275818328054e-05,-0.00266186869779705,7.82161511816426e-05,2.10868806149733e-06,3.17945616767901e-06,-0.00504938744042249,-0.00609237083093639,-9.72179603939693e-05,2.96689158689745e-05,0.000172993789526288,4.71137141913047e-05,3.7078784491662e-05,-2.40307567445086e-05,-1.1842850468291e-05,4.45399261010948e-05,-3.65765168774956e-05,1.8234182858734e-05,-0.00338970999192156,6.87371871084252e-05,-0.00311511797610109,3.33163392731706e-05,-6.27957874677065e-05,-0.00119224351477243,2.84777748458254e-05,-3.19844143152892e-05,-0.00019905136689502,1.8234182858734e-05,1.09977524953564e-05,1.09977524971328e-05,-7.85923227599739e-05,-6.27957874677065e-05,3.08722657784699e-05,-2.10452888893542e-07,-0.00312277374704095,3.20880103990007e-05,8.29332821199458e-05,3.33163392722824e-05,-0.00147137537068964,-0.00232602998799347,3.20880103990007e-05,-0.000149844030593371,2.10868806149733e-06,1.37058518845379e-05,-2.42909434522431e-06,-5.63055098732335e-05,-0.003730027140179,-3.56779031864818e-05,5.41352779910298e-05,4.2017981439102e-05,-4.24958756690685e-05,2.66275818336936e-05,-0.00113131939597721,-5.66792108003256e-06,1.37058518845379e-05,-2.81244860396157e-05,0.0791610386187447,3.08722657784699e-05,-0.00293999100968811,-0.00113131939597721,-0.000276132500893311,2.72986605045489e-05,-3.83451313625827e-05,-5.17718243759901e-05,2.41657056712086e-05,-3.00759461033806e-05,-0.00163785004546835,4.37659724727979e-06,1.70845784310814e-05,-0.00251817766040574,7.15045075478926e-05
"8:121356949:G:A",1.98342797421702e-05,-6.86545936279259e-06,-1.22433301310565e-05,0.000971355546544928,-2.13733578782183e-05,-2.50790646072474e-05,8.19451812885674e-05,-8.63561512787214e-06,-2.88783458888275e-05,-2.12790620510717e-05,1.12795477162919e-05,-0.000960144597004664,-0.00185548446591799,-7.03675302942131e-05,-9.40164365772489e-05,-9.66484801843137e-05,-3.39048759556704e-06,5.14396816084783e-05,-0.00154066247732132,-1.00263619140506e-05,2.80097211113883e-06,0.000216271653342481,-6.17052639553251e-05,1.12795477162919e-05,-0.00528112765863842,4.53995832394583e-06,1.45250897141125e-05,-6.23991876835817e-06,0.000167258055773445,-4.73967683420895e-05,1.7691803494202e-05,-8.46312582094555e-05,-1.22433301310565e-05,2.30884760510364e-05,-1.4081746195771e-05,-0.0020832909162829,5.57817712119046e-05,-0.00207550814876623,-0.000959906243258146,1.45250897141125e-05,-0.000527653850362242,1.12795477162919e-05,-0.000249072425663854,0.000971355546544928,-0.00367275550919022,-1.04280976964688e-05,-0.00166701687623316,-0.00432372942796366,-0.00238125779234988,5.01475600342971e-05,1.45250897141125e-05,-0.0027654124695049,6.256899316881e-06,-0.000313395564458752,-4.08742713275956e-05,-5.36475429102623e-05,-0.00103709447348077,-3.39048759556704e-06,-5.11721772245011e-06,-0.00114157451746255,-0.00408171479646313,-0.00186374269453093,0.000971355546544928,-0.0167703636965273,-7.03675302933249e-05,-5.57851329974213e-05,-0.00301275211731511,1.61181202766869e-05,-0.00480009926656244,4.87607600483386e-05,-2.6966789422822e-05,-0.00354175002874246,-0.000103343977757575,-0.00135987817742134,-4.94538724771232e-05,8.19451812885674e-05,5.57817712127928e-05,-4.13785014012902e-05,-0.00185548446591799,-0.00272862803075746,-2.6966789422822e-05,-1.7829919945811e-05,-1.78299199440346e-05,-0.00197970793463131,8.19451812885674e-05,-4.53654902701217e-05,-2.55256731485076e-06,-8.63561512787214e-06,-4.73967683420895e-05,-0.000131081002088251,-4.94538724780114e-05,-7.44848641431872e-07,-0.00349298444567125,-0.000913045449381755,-0.00280392220742343,-3.39048759556704e-06,-1.95545265011532e-05,1.03951525609602e-06,-0.00171462396180377,0.000174513481184135,4.73567397545338e-05,-8.01145445947782e-05,-6.17052639553251e-05,5.43532839829552e-05,-4.08742713258192e-05,-1.58529884410896e-05,6.256899316881e-06,-1.95545265011532e-05,3.54642952276052e-05,3.08722657784699e-05,0.0848981425886315,-0.00288086807191323,-1.58529884410896e-05,2.50327103001879e-05,-3.94218642831845e-05,5.1517453566241e-05,-7.48315103056285e-05,-3.67720979257413e-05,3.85524022314954e-05,-0.000669173252976663,-1.00263619113861e-05,-2.50790646072474e-05,-4.73967683420895e-05,-0.000108224184547367
"8:121359069:A:G",-0.00102647702111813,-0.00415814571132778,-0.00330409610697657,-0.000791974657558647,-0.00536596080414853,-0.00603914972118691,-0.00739737661127382,-0.000864554837322729,-0.000250318478094869,-0.00696248194450622,-0.00281537952315603,-0.00461310139396964,-0.00460387732551748,-0.00156902471985765,-0.00531566580214138,-0.00201711430558227,-1.73430791434726e-05,-0.000358036645605075,-4.83616884476845e-05,-0.00837505889647616,-0.000764964593732653,-0.0177547506011511,-0.00757575130282007,8.54817858986223e-06,-0.014135694566304,-0.00252622808307645,-0.00964870678221263,-0.00200513945459013,-0.00295969694436549,-0.00170662576353209,4.14491412454865e-05,-0.00763884048102792,-0.00767615040225511,-0.00783399996503098,-0.000660028009810354,-0.00299825531889342,8.97227347484986e-05,-0.000491149700165838,-0.00872834345691498,-0.00195540217642076,-0.000942580813482863,-0.00030195112830711,-0.000629201283707914,-0.000791974657558647,-0.00376612949945443,-0.00189201427724051,-0.00325616502434123,-0.00493746101221948,-6.54539281144118e-05,-0.00605776377330702,-0.00195540217642076,-0.000372839210164067,-0.00261967765258486,-0.000261830210287251,-0.00146541911640963,-0.00528312387221863,-0.00194837688433136,-8.30365377257891e-06,-2.07147587607537e-05,-0.00230159428985433,-0.00392379999338921,-0.00549403075747978,-0.000791974657558647,-0.00222097420251632,-0.00710618736334201,-0.00212462346785181,-0.00114807840108977,-0.00174950336040691,0.000137136081445277,0.000199322525941348,-0.00443802873717569,-0.00530388690590922,-0.000662139646232518,-0.00212342543582622,-0.00552590867185732,-0.00110561177960422,0.000115546354142904,-0.00586997812955392,-0.00598586302610826,-0.00519756832203067,-0.00154771449925395,-0.0048887489936873,-0.000806221155266851,-0.00365329628799937,-0.00110561177960422,0.000153614831708282,-0.00492892180194238,-0.000395902217359634,-0.00175353094203157,-0.000251748775159211,-0.00258277780322214,-0.000131529603569991,-0.00463898284844744,-0.00331297333157465,-0.0031521698277035,-0.00276035857069523,0.000252643236935413,-0.00412858996610588,-0.0047680359206872,-0.0067118392218406,-0.00254660569527587,0.000392652835504492,-0.00331426301601834,-0.000535875377986716,-0.000877495970506459,-0.000110656008580179,-0.000445530510102099,-5.50266341141636e-05,-0.000462161419183982,-0.00293999100968811,-0.00288086807191323,0.342705737009999,-0.000110656008580179,-0.000798933235050203,0.000478642790693762,-0.00220884922329567,-0.00303508999769964,-0.00200593200842647,-0.000319430295777856,-0.000978037434520296,-0.000180272178071039,-0.00179505046948769,-0.00170662576353209,-0.00314592489080745
"8:121362288:C:T",-0.00150809047520095,-0.00181569602852605,-0.00199162271919828,-1.49973126228886e-05,-6.39788901501959e-06,-0.000270458242371596,-0.00423931503499464,-0.000771198759676572,-0.00142569219211275,-0.00134197601831865,-0.00243938804404742,-0.00348791229320389,-0.00348901800165891,-0.00546520105474446,5.48336542607331e-05,-0.000299507322245596,-8.40118837608372e-07,-0.000960898094886531,-0.00583599005759172,-0.00199410439355141,-1.04066648409784e-05,-0.00350095785592508,-2.37568556578083e-05,-0.00186592823434051,-0.0063731182003699,-0.00194365416956455,3.28258579163077e-06,-0.00191535822882649,-0.00119126568004813,-1.67360340546097e-05,3.82406108201394e-06,-3.65289003925184e-05,-0.00224356660987102,-9.19013685143355e-05,-0.00234608652724866,-0.00292612639639955,-0.00163540888437996,-7.91983607664193e-05,-0.00110449690851055,-0.00306867717065984,-0.00276999580745496,2.68533842184837e-06,-0.00143450004252266,-1.49973126228886e-05,-0.00244774223255018,2.05951265463966e-06,-3.18186488756922e-05,-0.00286684055722564,-0.00131230017122963,7.11647298956564e-06,-0.00306867717065984,-0.00275619550244421,-0.00219560059888124,-0.000237012035367634,-0.0024076991894475,-0.00162296926165606,-0.00110443648197922,-8.40118837608372e-07,-0.00216632676119755,-0.00294029397967011,-0.00238134388028666,-0.000232186941734547,-1.49973126228886e-05,-0.00376021218151346,-0.000201567295851746,-2.05592492710238e-05,5.94378541851626e-06,3.56006912305418e-06,-0.000255067479351112,7.08276981065126e-06,-8.31354808106255e-06,-0.001777448902895,-4.85303995469977e-05,-0.000537979172364977,-0.000105421105043746,-0.00037574232506099,-0.000219130787465716,-1.4168191663444e-05,-0.00164956057785304,-0.00238078391430507,-8.31354808106255e-06,1.80308312280886e-07,-8.45701086582551e-06,-0.000993987955025588,-0.00037574232506099,-0.00137539196618697,-0.00197499025104708,2.48265345081933e-06,-0.000153104920515901,-0.00151094632062243,-0.00275791451644913,-0.000505210415852275,-0.00211346360402231,-0.00292724288834201,-0.00161384288367783,-8.40118837608372e-07,-5.80231625324501e-06,-2.20114191051834e-06,6.345428567478e-06,-0.00113093833323852,-0.00140565443541885,-3.39057666156606e-05,-2.37568556578083e-05,-0.0010826064620888,-0.00142311379658722,0.000411998609774145,1.67654897520464e-06,-5.80231625324501e-06,-0.0012630807284113,-0.00113131939597721,-1.58529884410896e-05,-0.000110656008580179,0.150321649233237,-0.00287772803751718,-1.33648383755514e-05,7.14220052255854e-06,-5.89482595296786e-05,-0.000347326291438854,-0.00119131401529149,-0.00257417300476659,-0.00463469722520227,-7.65283774573078e-06,-0.000153104920515901,-0.00393667829127864
"8:121363702:A:C",-0.00241640533849985,-0.00421882598207546,-0.00213692123768627,2.42093907338869e-05,1.30849304298408e-05,-7.30609681216521e-05,-0.000192454528607833,4.97501308238668e-06,-0.00231376337769351,-0.0132490076594181,-8.67832882178732e-06,-0.00494084846643084,-0.00564733226864256,-6.5010409502797e-05,-0.000345271966528671,-0.000495271132056274,-0.00251162234235913,-0.00340943668798843,-0.00495006674876475,-0.000528444747024182,-3.37520161952654e-06,-0.0062522955433657,-0.000751190258610812,-8.67832882178732e-06,-0.0055418550973827,-4.44164589197271e-06,-1.07772434621012e-05,-0.00421822848383968,-0.0039140806986806,-0.00158617342569123,-1.28619041150912e-05,-0.0125265194145303,-0.000243522364031357,-0.000269461291804163,-0.00468045022357355,-3.56646645736092e-05,-0.00350013546602934,-9.06068886745715e-05,-0.000869413782369932,-0.00323777842886219,-0.00547392598813135,-8.67832882178732e-06,-0.00252579882519743,2.42093907338869e-05,7.74744232501234e-06,5.97308341188096e-06,-0.000153606692926189,-0.00516635639163265,-0.00234400608812102,-4.14198649103525e-05,-0.00323777842886219,-0.00294030949906343,-0.00382845878636573,-0.00204613083087057,2.22151703122009e-05,-0.000144279620606369,-0.000121072870461703,1.98616310687072e-06,-0.00231709046485129,-0.00538847082880656,-0.0037936579714688,-0.00538721751380233,2.42093907338869e-05,-0.00366223397317889,-0.000115491434461212,-0.00524184935471705,-0.000545560975426795,-1.18214099442682e-05,3.32525172987985e-05,-0.00118248713204938,1.58500842992737e-05,-0.0109253215124223,-0.00748795498109978,-0.00163976876322547,-0.000235870885219924,-0.0034969663380684,-0.00154454833604589,-0.00621419361877251,-0.00322707573475611,-0.00108487550267045,1.58500842992737e-05,-0.0019539496597476,-0.00448972162726413,-0.00110717834661145,-0.0034969663380684,-0.00148951298045841,-0.00231665015468518,4.97501308238668e-06,-0.00273840454222807,-0.00950924255288488,2.66634053387449e-05,-0.00182264501740459,-0.00888552375233509,2.58508491741694e-05,-0.00134446423508283,1.98616310687072e-06,1.21604436351674e-05,-0.00181719031505878,-0.00277051192197586,-0.000104006471947748,-0.000314714612970057,-3.17744453033342e-05,3.18459075598909e-05,-0.0012862897654351,-0.00476470553835018,-0.00287772803751718,-0.00504308464288794,1.21604436351674e-05,-0.00112147398017282,-0.000276132500893311,2.50327103001879e-05,-0.000798933235050203,-0.00287772803751718,0.282423572144304,2.25487309819528e-05,-4.2505422062078e-05,-0.0101252846925908,5.00221694288427e-06,-9.44936851414724e-05,-0.00413279082824536,-0.00976654720999992,1.49300223828419e-05,2.58508491741694e-05,-0.00863177551738481
"8:121364756:A:G",1.76160486828891e-05,-5.96171788025401e-06,-1.06194351445765e-05,-3.77056539893061e-05,-1.86616060666722e-05,-2.18562957279289e-05,7.31283497383828e-05,-7.49601251381904e-06,-2.51265429946912e-05,2.44771253923304e-05,9.97833832716566e-06,-0.000426185175920857,3.687520864748e-05,0.00203221948775756,-8.09891237105731e-05,-8.30283532984311e-05,-2.94637584996593e-06,4.57774921649445e-05,-3.40106574387988e-05,-4.19081015401446e-06,2.5914021897222e-06,8.66871350400089e-05,-5.35100492298213e-05,9.97833832716566e-06,0.000227547871834766,4.10425118069213e-06,1.28133107599737e-05,-5.25536504003554e-06,0.000151864652981892,-4.11583411628058e-05,1.5583353294879e-05,0.00116034241788476,-1.06194351445765e-05,2.04656334474862e-05,-1.22092204000168e-05,0.000100194557379751,4.96249425996353e-05,0.000218421196442442,-0.000359424590739899,1.28133107599737e-05,9.98202298676532e-05,9.97833832716566e-06,0.000115433191301584,-3.77056539893061e-05,-7.05674693426417e-05,-9.04847668792286e-06,4.44627285434152e-05,-0.000220206561234448,7.20453333400428e-05,4.44670642600897e-05,1.28133107599737e-05,2.59641338899996e-05,-0.000171772265774806,0.00013416446691128,-3.54184280650927e-05,-4.64930268586627e-05,-0.000104833717541553,-2.94637584996593e-06,-4.44527560539143e-06,0.00051356091608401,-0.000412733234868234,-0.000450686858435745,-3.77056539893061e-05,0.000600069217085775,-6.0864956571649e-05,-4.83142698630701e-05,2.86177059987125e-05,1.42063080241783e-05,0.000819199170555507,4.32387167110804e-05,-2.3481808076653e-05,0.000168236923139276,-8.8978770778958e-05,3.18405633841223e-05,-4.29154458370107e-05,7.31283497383828e-05,4.96249426014117e-05,-3.60093574531817e-05,3.687520864748e-05,3.86991092682365e-05,-2.3481808076653e-05,-1.54466417860988e-05,-1.54466417852106e-05,9.13343767479091e-05,7.31283497383828e-05,0.000616244917368114,-2.0587637905578e-06,-7.49601251381904e-06,-4.11583411628058e-05,0.00200721522095826,-4.29154458378989e-05,-4.89764191868858e-07,-8.58012934292773e-05,-4.11583411628058e-05,0.000141571659063366,-2.94637584996593e-06,-1.7091781562506e-05,1.06017605006059e-06,6.40867617605068e-05,-0.000309926953511841,4.19959320572261e-05,-6.92697358370964e-05,-5.35100492298213e-05,4.83583001189558e-05,-3.54184280633163e-05,-1.33648383755514e-05,5.59905194119636e-06,-1.7091781562506e-05,3.15018647434329e-05,2.72986605045489e-05,-3.94218642831845e-05,0.000478642790693762,-1.33648383755514e-05,2.25487309819528e-05,-0.00775450542167633,4.56812248499361e-05,0.00016626861314073,0.000189299136836851,3.42212685451315e-05,-2.17423095776326e-05,-8.53256549060433e-06,-2.18562957279289e-05,0.000517038897871025,-9.30676251531537e-05
"8:121366137:C:T",-2.74485863931417e-05,6.80587809753774e-06,1.21118711717827e-05,4.95506872892904e-05,2.46322522814424e-05,2.82894795091693e-05,-0.000102897282627801,8.55480877071102e-06,3.2028334612022e-05,-0.00170424607732844,-1.49031897143104e-05,-0.00173140121510418,-5.32988675683299e-05,7.90197702160711e-05,0.000104835153723393,0.000104261700737851,3.36559472913223e-06,-6.78880918476565e-05,3.45795205873856e-05,6.0240254597943e-06,-6.53370087899674e-06,-0.00327342845023715,7.05925188517753e-05,-1.49031897143104e-05,-0.00186234706900912,-0.000723421834837978,-1.81217220038832e-05,2.33014507777796e-06,-0.00021785629999993,5.3506050213592e-05,-2.12700145123534e-05,9.57921269320039e-05,1.21118711717827e-05,-3.06511720769009e-05,1.39206742018061e-05,-0.000143500766489169,-7.21137328323351e-05,-0.000320316951746058,0.000436772465806534,-1.81217220038832e-05,-0.000746620579884727,-1.49031897143104e-05,0.000978739575063337,4.95506872892904e-05,9.00981630316267e-05,1.03233624999532e-05,-6.64454921235347e-05,-0.00285509588083066,-0.000101723599232884,0.00154348252694092,-1.81217220038832e-05,-3.68408533502063e-05,-9.93846523655861e-06,0.00129877943303747,-0.0011166075354101,5.9606514962951e-05,0.000131934904880282,-0.00127131902400457,5.07624590362354e-06,-0.000477320451946817,-0.00265365596285072,0.000910788279286479,4.95506872892904e-05,-0.00147204927944777,7.90197702169593e-05,6.1686167504682e-05,-3.98327263448905e-05,-0.000339940430920116,7.47596271972739e-05,-6.03981377258478e-05,3.01485338560781e-05,-0.00297151980130206,0.000116606555566001,-5.26322695302284e-05,5.55168423748142e-05,-0.000102897282627801,-7.2113732831447e-05,4.76053942000121e-05,-5.32988675683299e-05,-0.00336298219828723,-0.00132918696451956,1.76005598708784e-05,1.76005598726547e-05,-0.000127964927813196,-0.000102897282627801,5.1517453566241e-05,-0.000744930065050831,8.55480877071102e-06,5.3506050213592e-05,0.000139955925725133,5.55168423748142e-05,-3.04989396493482e-06,-0.00301564345875427,5.3506050213592e-05,-0.00204828950595104,-0.00310122560799719,2.28334189147361e-05,-4.80184867690525e-06,0.00145099183708464,-0.000235518941507529,-5.90103002169329e-05,9.14179375044455e-05,7.05925188517753e-05,-7.0721909080973e-05,4.37629178735577e-05,7.14220052255854e-06,-0.000713628592494686,2.28334189147361e-05,-4.7317699613636e-05,-3.83451313625827e-05,5.1517453566241e-05,-0.00220884922329567,7.14220052255854e-06,-4.2505422062078e-05,4.56812248499361e-05,0.0334719877323391,-0.000257341088361507,3.97620999619264e-05,-5.03431803577925e-05,-0.000182386832206838,6.02402546068248e-06,2.82894795091693e-05,5.3506050213592e-05,0.000121284328777449
"8:121371823:A:G",-0.00166054837016194,1.832068743024e-05,-1.47085276021031e-05,-0.00336734882541734,8.94431441054166e-05,3.84532054376052e-06,-0.000965934255596324,-0.00191697974471428,6.65602877294447e-05,-0.00363775204004613,-0.00137966407295309,-0.00634737479598968,-0.00330767407167087,-0.00350158225637198,-0.000268737757592952,-0.000437719503195488,-0.00259752188752138,-0.00662107256916489,-0.000544107345684886,-0.000113522569201052,-0.00270445919518725,-0.00381733116412342,-0.000621655802190979,-5.76467479502796e-05,-0.00233871520894979,-0.000968898390736328,-7.49469899545829e-05,-6.14002818615234e-05,-0.00829184705056552,-0.00455913328263868,7.48192856567798e-05,0.000332809554024927,-0.00321383211463022,-0.000114480314779009,-0.00200154011392328,-0.00165146077943668,-0.000425065396781221,0.000225716478269966,-0.00364853357244499,-0.000121383910756556,-0.00922653874904444,-0.00369537959039512,-0.00253341558754716,-0.00336734882541734,-0.00307930939248013,-0.000465903721661221,-0.00311968974201182,0.000152312830239421,-0.00113891471686411,-0.000254120218465381,-0.000121383910756556,-0.00315638161308573,-0.00113380096931071,-0.00294797970750338,-0.00102950110881039,0.000204278895190591,-0.00200374404967807,9.060745926881e-06,-0.0007972961575895,-0.0105575702788436,-0.00481522564387982,-0.000793097101304596,-0.00336734882541734,-0.0136152826380611,-0.000772134290371262,0.000209940361163952,-5.5220802366307e-06,-7.91056972548887e-05,-0.00112031833347981,-0.000250862517093609,0.000104472870330774,-0.00235714065227066,-0.0012016642579411,-0.000736748007821753,-0.00016713761294973,-0.00254284826009066,-0.00857125577218643,-0.000955071846635569,-0.000756640919600926,-0.00133428570285199,-0.000424543059989624,-0.00181257248558619,-0.00190493737744468,-0.00194108862901743,-0.00254284826009066,-0.00277066780219926,-0.00140548113522865,-0.00191697974471428,0.00018764847369912,0.000328356722327783,-0.00122812247718596,-0.00981439162908782,-0.00254669740145363,-0.00166843505366376,-0.000160215300494926,9.060745926881e-06,8.45387361847472e-05,-0.00363464899408772,-0.00050560464031868,-0.00361508992172421,-0.00652481843929831,0.000163607473041338,0.00025070572187591,-0.00172689830273587,-0.00130448019269114,-5.89482595296786e-05,-0.0012767433204397,-0.000107269540970734,-0.00172063769313713,-5.17718243759901e-05,-7.48315103056285e-05,-0.00303508999769964,-5.89482595296786e-05,-0.0101252846925908,0.00016626861314073,-0.000257341088361507,0.230756026275503,0.000107292542836923,-0.000294858919795082,0.000684547030842531,-5.47637472410045e-05,9.94093915220873e-05,-0.00247846345881531,-0.00386102161900137
"8:121372716:C:T",1.581136358908e-05,-5.3848255410216e-06,-0.00528780920712357,-3.51259978730312e-05,-1.71191437878804e-05,-2.00918840675968e-05,-0.00303758040766766,-0.0024651301398535,-0.00161069368302069,-0.00328955919671081,-0.00213080376435748,-0.00250913146251897,3.24366506623264e-05,-5.77474080856177e-05,-7.80504157447126e-05,-8.83074641278014e-05,-0.00277682685524905,4.00354706258099e-05,-0.0021848670168767,-1.98993943634207e-05,-0.00480577951700578,-0.00406504647812245,-0.00741404641494814,8.98907432222984e-06,-0.000274617294262036,3.77499360926237e-06,1.1484992616495e-05,-4.65160699558709e-06,0.000119986592839183,-0.00133852534201129,1.39108512930974e-05,-0.00164433858147461,-9.63260484798667e-06,1.82863639190955e-05,-2.72902547502341e-05,-0.0035422959418776,4.31962988782786e-05,0.000161196279959697,-0.000565509112377072,1.1484992616495e-05,-0.000170325315597353,-0.00213080376435748,-4.89005808939069e-05,-3.51259978730312e-05,-0.0015704392661231,-0.00185778262090697,-0.004238770361634,-0.00358523929140908,6.13506702489275e-05,3.87598598541317e-05,1.1484992616495e-05,2.30235870510853e-05,5.10728277358652e-06,-0.00149558370294045,-0.0026952865879748,-0.00149043089627199,-0.000153712823983021,-2.65394565790444e-06,-4.00956846213774e-06,-0.00321314343796963,-0.00277240935065848,-0.00171938277440198,-3.51259978730312e-05,-0.00369384395964101,-0.00124667351336782,-4.53777901947561e-05,-0.00159441208910582,1.27064996986448e-05,-0.00103558623889999,3.77433774856328e-05,-2.16108721451391e-05,-0.000777207926517143,-8.62559608894031e-05,2.33333353927279e-05,-0.00140544233498119,-0.0014499307106739,-0.00225217049450865,-0.00243821127460642,-0.00189735921624212,-0.000935833876253067,-2.16108721451391e-05,-0.00239481824893328,-1.40727225508286e-05,7.63595630939307e-05,-0.0014499307106739,0.000220587425488361,-1.75725821804917e-06,-6.78013136923283e-06,-3.8442501464786e-05,-0.00161940837110208,-4.01377293890448e-05,-0.00192057001190182,-0.00127715747001389,-3.8442501464786e-05,-0.000743963079669729,-2.65394565790444e-06,-1.56644971252007e-05,-0.00223213556337498,-0.00190209892938764,-0.00318117239799953,3.67123559819049e-05,-6.61515852238281e-05,-5.04811856467668e-05,-2.42856490881849e-05,-0.00254292690515889,-0.000347326291438854,5.10728277358652e-06,-1.56644971252007e-05,-1.33468154928096e-05,2.41657056712086e-05,-3.67720979257413e-05,-0.00200593200842647,-0.000347326291438854,5.00221694288427e-06,0.000189299136836851,3.97620999619264e-05,0.000107292542836923,0.120680665974103,-2.61700309005519e-05,-0.000754781011362837,-0.00209305052100106,-2.00918840675968e-05,-0.00133852534201129,-9.05048163346578e-05
"8:121373925:C:A",-0.0033401021146604,5.34493958337379e-06,-0.00239940444805953,3.70962409199649e-05,1.87271051403926e-05,2.15194366877114e-05,-0.00364704506322422,6.7121551516891e-06,2.43620746278594e-05,-0.00124789943214854,-1.14370792099194e-05,-0.00356590664699397,-4.20589269705118e-05,-0.00239770754143276,-0.00299592172232899,-4.83516288580788e-05,2.64800032923063e-06,-0.00281714710107384,-0.000587657188811264,-0.00108583034995746,-4.74562842800452e-06,-0.00453983905516342,5.20849899334763e-05,-1.14370792099194e-05,-0.00640462219096882,-6.10977791648537e-06,-1.40255526721589e-05,-0.00359609973339658,-0.000188498709078999,-0.00183933949495607,-1.65656722499463e-05,6.95465298692355e-05,-0.000346981293605886,-0.00482371934433701,-0.00203985927507322,-0.00123456389391219,-0.00291850265301274,-0.00127560618669342,-0.00199237291242849,-1.40255526721589e-05,-0.00680408864951065,-1.14370792099194e-05,-0.00324174533712274,3.70962409199649e-05,6.59629188923816e-05,8.09208269814121e-06,-0.00149110684778542,-5.19030557688538e-05,-8.278392386174e-05,-4.91949713232742e-05,-1.40255526721589e-05,-2.88366443950139e-05,-0.00165023776056561,-0.00349188495233133,3.32042800161858e-05,-0.00799421648495269,-0.000511894551974201,2.64800032923063e-06,3.9902743971254e-06,-0.00215089341506847,-3.29244600711931e-05,-0.00180078513768933,3.70962409199649e-05,-0.00343750712783297,-0.00192467582729616,-0.00214686120769869,-3.13032479235531e-05,-1.53015763073583e-05,5.50794302407454e-05,-0.00387283817444217,-0.00211638626462296,-0.00765043488114792,8.34320807348021e-05,-0.00173235397573546,-0.00122403495034096,-0.00103369038803258,-5.75291244784282e-05,3.56525764120263e-05,-0.0029551672176078,-0.00194709817448802,2.29343912216962e-05,-3.46583150765412e-05,1.37422278863042e-05,-0.000710752035458562,-0.00103369038803258,-0.000251486404610368,-5.43517908591085e-05,6.7121551516891e-06,4.00212019560087e-05,-0.00193096887911715,4.15027831550674e-05,-1.97729595097229e-06,-0.00933708691372548,-0.00183933949495607,-0.000560824958462547,2.64800032923063e-06,1.73494283863818e-05,-5.93758829463553e-05,-0.00146856241305127,-8.97394807282126e-05,-4.68639813870908e-05,6.64951347530973e-05,-0.000999169333404382,-0.00197898711241518,3.32042800179622e-05,-0.00119131401529149,-7.09249446257942e-05,-0.000348904659303706,-0.00260121980729,-3.00759461033806e-05,3.85524022314954e-05,-0.000319430295777856,-0.00119131401529149,-9.44936851414724e-05,3.42212685451315e-05,-5.03431803577925e-05,-0.000294858919795082,-2.61700309005519e-05,0.14478224959153,-0.00213440742424309,5.18576900176981e-06,-0.00207389525051749,4.00212019560087e-05,8.65756326584588e-05
"8:121374194:C:G",-0.000641091809205019,-0.00900536439004185,-0.0023248934421618,-0.000905162728547459,-0.0014313104865451,-0.00189216394433167,-0.00233634972580399,-0.00296473330615754,-8.4918825384861e-05,-0.00649813043687919,-0.00254177371231989,-0.00336463747926619,-0.00360317108170172,-0.00249843665432969,-0.00044324818441055,-0.00235277929670508,-1.83961080990613e-05,-0.00205725386055855,-0.00416718181435183,-0.00643201473600952,-0.00398731134511676,-0.00545997118778718,-0.00720925249564175,-0.00201658227049517,-0.0028045376219894,-2.20757004587568e-06,-0.00407043991407008,-0.0017134475035343,-0.000935235703759307,-0.000336107981901534,-5.2849290629986e-05,-0.00445355765707145,-0.000171344393776529,-0.000961164964459194,-0.00215146510221231,-0.00422768586372868,-0.00171667502324224,-0.00486560381348911,-0.00526173871618285,-0.000264595742679674,-0.00396776263660659,-0.00127712404840885,-0.00438309011045712,-0.000905162728547459,-0.00188417369773131,-0.00160151778983408,-0.00191855305332966,-0.00551904280175775,0.000225106283506804,-0.00460304928618172,-0.000264595742679674,-0.000513216580873888,5.81309077674064e-06,-0.00651951932568684,-0.000156147610504309,-0.000586256240489025,-0.00169259049893489,-0.00379996022733042,-1.50278637676138e-05,-0.00637396137613067,-0.00819788387016551,-0.0102476217715837,-0.000905162728547459,-0.00122792257269566,-0.000524128054514961,0.000170911934143536,-0.00121157790920012,-0.00153271961978074,-0.00248080879729962,-7.70701250125683e-05,-0.00169325434401291,-0.00925487261525904,-0.000841112954597989,0.000221084396873295,-0.000172004419682459,-0.00152855256297624,-0.00478415015166789,-0.00624479034958902,-0.00273360040336046,-0.00433824688876472,-0.00221844578583852,-0.00213958956447646,9.65089360827065e-06,-0.00520596477293722,-0.00152855256297624,0.000163962659740058,-0.00221827181428891,-0.00194168431147546,-0.00167048294183658,-0.000898262537011973,-0.00223914167071637,-0.00738616885467325,-0.00767063181050531,-0.00273159427502367,-0.00474963427570474,-1.83961080990613e-05,0.000143906041746078,-0.00144295874939626,-0.000469933892653263,-0.00263887979332633,-0.00164857657324813,0.00028353509493062,-0.00103766361849544,-0.000925010660159931,-0.00191048752423573,-0.00257417300476659,-0.000243425446379231,-0.000174157228280514,-0.000606177342540981,-0.00163785004546835,-0.000669173252976663,-0.000978037434520296,-0.00257417300476659,-0.00413279082824536,-2.17423095776326e-05,-0.000182386832206838,0.000684547030842531,-0.000754781011362837,-0.00213440742424309,0.283193157025306,-0.00074474887588627,-0.000304251439407821,-0.0021367409514772,-0.000341307979701888
"8:121375145:G:T",-0.000105030162858455,-1.17278835443102e-06,-0.00225719270896452,-9.51466600263018e-06,-0.00523447471057281,-0.00194676664894544,6.60251111206378e-06,-0.00274280831201867,-0.00444484893629937,-0.00120228713466464,-0.00270577137104677,-0.00333152411960169,5.41044309798622e-06,-1.73393396885047e-05,-0.000249139886166816,-0.000259265186392632,-5.67588826605459e-07,-8.98351682403487e-05,-0.00110750789290748,-2.68047015685724e-05,-0.00567931430681679,-0.0029179212030952,-0.000911854545895707,1.90162361501933e-06,-0.00190609741515413,-0.00174765566999469,-0.00154342116510087,-0.00231495897191536,0.000159696243851926,-1.05523458069356e-05,2.75126142579296e-06,-2.21884468967204e-05,-2.15608720566252e-06,-0.000120357563614171,-8.5376227685785e-05,0.000100796664732172,6.29928082052089e-06,0.000147383683672508,-0.00467922796861497,2.34188349867992e-06,-0.00111028011000647,1.90162361501933e-06,-0.000160837899017885,-9.51466600263018e-06,-0.00412938727647028,-0.00196578586421836,-0.000103752625091325,-0.000386060077706141,6.62233964998649e-06,-0.00437615517282719,2.34188349867992e-06,-0.00140948624566395,1.17912078057003e-06,-0.000248692451642718,-0.000348383201695945,-8.30581074522385e-05,0.000377752362089367,-5.67588826605459e-07,-8.65349690570838e-07,-0.000512033185819494,-0.000905473834915682,-0.00158433937384661,-9.51466600263018e-06,-3.33098558682465e-05,-1.73393396876165e-05,-0.00094813328069332,4.51920247535043e-06,2.55031840001863e-06,-1.60141042160333e-05,-0.000449029525530165,-0.00118999498978045,-0.00288150251302088,-2.90628781751678e-05,-0.00225526197675574,-1.10930272114729e-05,6.60251111206378e-06,6.29928082140907e-06,-9.01686173815364e-06,5.41044309798622e-06,-0.000320548883357752,-0.0019909197669028,2.96359953733116e-05,-0.000495149543933593,5.71080662137291e-06,6.60251111206378e-06,-1.00263619113861e-05,-0.00232973706874695,-2.40786629506218e-05,-0.00173568276714331,-7.7076985347091e-05,-0.00255282086494546,8.87439224328546e-08,-0.00291123026762374,-1.05523458069356e-05,-0.00114039161352331,-5.67588826605459e-07,-3.82054054437475e-06,-0.000154806032013788,-0.00313710532450173,-0.00444020451409433,5.79185488280842e-06,-2.06962857935977e-05,-0.000911854545895707,-0.00146830423425559,-0.00205200513253434,-0.00463469722520227,-0.00246192036448445,-3.82054054437475e-06,-0.00156091221213916,4.37659724727979e-06,-1.00263619113861e-05,-0.000180272178071039,-0.00463469722520227,-0.00976654720999992,-8.53256549060433e-06,6.02402546068248e-06,-5.47637472410045e-05,-0.00209305052100106,5.18576900176981e-06,-0.00074474887588627,0.126747860508883,-0.000107673249928553,-0.00272262680896418,-3.0891786661158e-05
"8:121385906:C:T",1.12679391515158e-05,-3.66819194397294e-06,-0.0029239946083317,-2.39908817487589e-05,-0.00515093403128741,-1.37843575265251e-05,4.4880694913374e-05,-4.61503013227116e-06,-1.58317910168293e-05,-4.86828403216677e-05,-0.00263914736388227,-0.0116670893790234,2.30930730182877e-05,-3.90195178860964e-05,-0.000864989058846355,-5.3438872978262e-05,-1.81071460403359e-06,-0.00203056074572938,-2.08613183696471e-05,-4.98249888636337e-06,-0.00272898953822853,-0.00561727029226855,-3.428595459809e-05,6.35576771124136e-06,-0.0107425403848254,2.77593303632528e-06,-0.00372342249931989,-2.96295748736242e-06,9.02270087692614e-05,-2.61815351327854e-05,9.75585167406479e-06,-4.71501843319899e-05,-6.54608342909313e-06,-0.00239073728989236,-7.53078802961937e-06,6.0935764382819e-05,3.0935675845889e-05,0.000126171392083485,-0.000477226037476797,8.07742992314786e-06,-0.0125227690488572,6.35576771124136e-06,-0.00108638927374827,-2.39908817487589e-05,-4.53032875062931e-05,-5.57424675395879e-06,2.79122912720808e-05,-0.00239408976456446,4.42622756722244e-05,-0.0038052799351842,8.07742992314786e-06,1.62856359535724e-05,3.68850979270974e-06,-0.00154958580072417,-2.23089913786723e-05,-0.00334850658500496,-0.000191918077148578,-1.81071460403359e-06,-2.73349665125266e-06,-0.0114176622426934,-0.00281488700389954,-0.000875099723222306,-2.39908817487589e-05,0.000231320783622202,-0.00110752355305177,-3.07399956929189e-05,1.78733884697024e-05,8.92194438861793e-06,-3.66216099534356e-05,2.68520252788562e-05,0.00029518218547242,-7.71118976707896e-05,-5.77654642173187e-05,2.04638458667361e-05,-0.00127181109974117,4.4880694913374e-05,3.0935675845889e-05,-2.29167140259889e-05,-0.00241272124120506,-0.00393012572188667,-1.48014111820416e-05,-8.38928389645943e-05,-9.53982515916607e-06,5.55646867175241e-05,4.4880694913374e-05,-2.50790646072474e-05,-0.00178264768384562,-4.61503013227116e-06,-2.61815351327854e-05,-7.28243810517171e-05,-2.72985728972941e-05,-3.55584193201253e-08,-5.41047999398359e-05,-2.61815351327854e-05,-0.00715569763180834,-1.81071460403359e-06,-1.08106461826907e-05,-8.11751502123315e-05,3.96997017366729e-05,9.45835164287701e-05,-0.00273903887006455,-4.46678024541569e-05,-0.0032597716665359,-0.00209889107388683,-2.23089913777841e-05,-7.65283774573078e-06,3.68850979270974e-06,-1.08106461826907e-05,-0.00199742111607737,1.70845784310814e-05,-2.50790646072474e-05,-0.00179505046948769,-7.65283774573078e-06,1.49300223828419e-05,-2.18562957279289e-05,2.82894795091693e-05,9.94093915220873e-05,-2.00918840675968e-05,-0.00207389525051749,-0.000304251439407821,-0.000107673249928553,0.122795320441452,-2.61815351327854e-05,-6.0466596939257e-05
"8:121386626:G:C",2.05818889247311e-05,-0.00368290837255891,-1.28037555171545e-05,-4.52908495001125e-05,-2.22995075365162e-05,-2.61815351327854e-05,8.49480178564122e-05,-0.00309376553528917,-3.01634273194296e-05,-0.000327659359236065,1.17196056717006e-05,-0.0014136115186858,4.3153583011879e-05,-7.36164048840138e-05,-9.84706185924722e-05,-0.000101321015343991,-3.54367719257453e-06,-0.00178962745751843,-0.000189793244731895,-0.0034039041488958,-0.00284916472164731,-0.00407071556732852,-6.45028580423812e-05,1.17196056717006e-05,9.22079715017787e-05,4.68114351992455e-06,1.5106836697143e-05,-0.000146732942660321,0.000172504171203514,-4.95298059215443e-05,1.84103887521658e-05,-0.00108498829913994,-1.28037555171545e-05,-0.00204282367556896,-1.47280461062493e-05,-0.00219197467210552,-0.00245936566729821,-0.00194014822869271,-0.00108370601407959,1.5106836697143e-05,-0.000249316287677104,1.17196056717006e-05,0.000132433995859493,-4.52908495001125e-05,-8.57000907350525e-05,-1.09041710407709e-05,-0.00257798815262156,-0.0103798175600636,8.36970516084889e-05,5.20824187510982e-05,1.5106836697143e-05,-0.0053900344610236,6.47481704074693e-06,0.000153158351804628,-4.27480487079634e-05,-0.00116590596734589,-0.00186601004492459,-3.54367719257453e-06,-5.34901708793001e-06,0.0001306375672252,-0.00722290104731282,-0.00195749748416407,-4.52908495001125e-05,-0.0083402202958629,-7.36164048822374e-05,-5.83438055246077e-05,3.36496724617774e-05,1.67688787575671e-05,-0.00183012565381002,5.06409314580125e-05,-2.81597606308637e-05,-0.000485988008716021,-8.27286612263833e-05,-0.00284794324428095,-5.16904851250999e-05,8.49480178564122e-05,5.78730966624974e-05,-0.000430620151832706,4.3153583011879e-05,-5.87651928096733e-06,-2.81597606308637e-05,-0.000154193188587115,-1.86526849725865e-05,0.000105607126561935,8.49480178564122e-05,-0.000913045449381755,-2.73263208150354e-06,-0.00603032678010873,-4.95298059215443e-05,-0.00013765179085734,-5.16904851259881e-05,-8.42382519294915e-07,7.17638795766362e-05,-4.95298059215443e-05,-0.000125957392210552,-3.54367719257453e-06,-2.03947845598407e-05,-0.000142313787240056,7.44737453048927e-05,-0.00135500557705992,-0.00226409955137896,-8.38152700124439e-05,-6.45028580423812e-05,5.63886381250711e-05,-4.27480487061871e-05,-0.000153104920515901,6.47481704074693e-06,-2.03947845598407e-05,3.68056127983962e-05,-0.00251817766040574,-4.73967683420895e-05,-0.00170662576353209,-0.000153104920515901,2.58508491741694e-05,0.000517038897871025,5.3506050213592e-05,-0.00247846345881531,-0.00133852534201129,4.00212019560087e-05,-0.0021367409514772,-0.00272262680896418,-2.61815351327854e-05,0.100597807913921,-0.000583337615877255
"8:121386700:A:G",-0.00366016164253224,-1.78184726893349e-05,-3.17639770033296e-05,-0.000103110370248238,-5.09366870593553e-05,-0.000746912721714565,0.00019215837084996,-2.2409880356733e-05,-7.02319668208773e-05,8.64701599621043e-05,2.48327098999468e-05,-0.0022075056105697,9.4626825772437e-05,-0.000167650330300084,-0.000325459027209263,-0.00979822209617787,-8.8017817176933e-06,-0.00123330677950495,-0.0027181537481864,-0.000646556703991052,2.63769045005802e-06,-0.00170291240807519,-0.000145748532458967,2.48327098999468e-05,-0.000658619191109544,-0.00115851799432942,3.33358375321779e-05,-0.000638322047685769,0.000396391292315279,-0.000113401146081493,4.16362250845737e-05,-0.000115503891398028,-3.17639770042177e-05,-0.00152250987150104,-3.65288059800406e-05,0.000260677620993022,-0.00336182946480701,-0.00135089621114304,0.0006148770697747,3.33358375321779e-05,-0.00134349817415469,2.48327098999468e-05,0.000299729673954197,-0.000103110370248238,-0.000196616682432982,-2.705802952363e-05,-0.00120876619205657,-0.000148574405084645,0.000188835117540087,0.000117614044023995,3.33358375321779e-05,6.74856249229805e-05,1.16813509913882e-05,0.000349745889301367,-0.000791134999327703,-0.000129322809689469,-0.00469766243503322,-8.8017817176933e-06,-1.32827752876707e-05,0.000173768846767786,0.000164817170341891,0.00027628537645441,-0.000103110370248238,-0.000117221495546715,-0.000167650330299196,-0.000777763397797671,7.54748854392417e-05,3.75109184895805e-05,-0.00557443164956872,0.000113899177330623,-6.53193081880943e-05,-0.0009728458182785,0.00392246173142663,-0.00215054026030526,-0.000118642429679738,0.00019215837084996,0.000127028374533822,7.16878235174079e-06,9.4626825772437e-05,-0.00229775700467094,-6.53193081880943e-05,-4.62395780260749e-05,-0.000860976717269146,-0.0030414099595939,0.00019215837084996,-0.000108224184547367,-1.13631695635164e-05,-2.2409880356733e-05,-0.000113401146081493,-0.000315942716131445,-0.0006536259171952,-6.63668813150053e-06,-0.000878348160981979,-0.000113401146081493,-0.00444995903284884,-8.8017817176933e-06,-4.62573883224238e-05,-1.97011152280879e-06,0.000164368309610197,-0.00108967029536178,0.00011013891228373,-0.000188379855037724,-0.000145748532458967,0.000123158775656051,-0.00420837753572556,-0.00393667829127864,1.16813509913882e-05,-4.62573883224238e-05,7.83175722256502e-05,7.15045075478926e-05,-0.000108224184547367,-0.00314592489080745,-0.00393667829127864,-0.00863177551738481,-9.30676251531537e-05,0.000121284328777449,-0.00386102161900137,-9.05048163346578e-05,8.65756326584588e-05,-0.000341307979701888,-3.0891786661158e-05,-6.0466596939257e-05,-0.000583337615877255,0.0858578049466354
