"","17:7620702:T:G","17:7621922:C:T","17:7624908:C:T","17:7625204:T:C","17:7625888:G:C","17:7626490:G:A","17:7626553:G:T","17:7626567:T:C","17:7627643:T:G","17:7628608:A:T","17:7629803:T:G","17:7631715:G:A","17:7634266:C:G","17:7636497:G:A","17:7638606:G:A","17:7643015:G:A","17:7645326:G:A","17:7645571:G:A","17:7645900:C:G","17:7647006:C:T","17:7648671:G:A","17:7651807:C:G","17:7655900:C:T","17:7656668:G:A","17:7657123:G:A","17:7663572:A:G","17:7664862:T:C","17:7665293:A:G","17:7665927:C:T","17:7669345:T:G","17:7669761:G:A","17:7672047:C:A","17:7672362:T:G","17:7674850:C:T","17:7678085:G:A","17:7679048:A:C","17:7679751:T:A","17:7679769:G:A","17:7686235:G:A","17:7688316:T:C","17:7689280:A:C","17:7692510:C:T","17:7692656:C:T","17:7693728:T:C","17:7693828:C:T","17:7694550:G:C","17:7699129:C:T","17:7699319:G:A","17:7700063:C:T","17:7700687:C:T","17:7701525:G:A","17:7706242:T:C","17:7709396:C:T","17:7715772:C:T","17:7715988:C:T","17:7716130:G:A","17:7718566:T:C","17:7720057:A:G","17:7720835:G:A","17:7720858:A:T","17:7721030:G:A","17:7721196:T:C","17:7721231:T:C","17:7721542:G:A","17:7723513:T:C","17:7724129:G:A","17:7724159:A:C","17:7725660:C:A","17:7728764:A:G","17:7729184:A:G","17:7729488:C:T","17:7729706:A:G","17:7731813:A:G","17:7733555:A:G","17:7734114:A:C","17:7734174:G:A","17:7736242:C:G","17:7736480:T:A","17:7737331:C:T"
"17:7620702:T:G",0.263253271048508,-0.000340642213453535,-0.0011441509547403,-0.00308082656226816,-0.00408004366766912,-0.00484686610868357,-0.00160768700347536,-0.00310650155894043,-6.01117473246759e-05,-0.000397397732112559,-0.0062400619723455,-0.00233295410190415,-0.00242508758765148,-0.00217941743496564,-0.00296688286033797,-0.00134382474874339,-0.00375596463729533,7.08704464464915e-05,-0.00759878227386235,-0.00409677524682417,-0.000957982445312755,-0.000232506716082881,-0.00184408277934134,-0.00198137549935185,-0.000280606393537219,-0.00169110173814069,-0.00736439538574007,-0.0104949987973884,-0.000529618556551981,-0.000493480527257617,-0.0102459515379447,-0.00843582097049245,-0.00476486983170732,-0.00303794196708695,-0.00182006516026068,-0.00412941459108218,-0.000639482085703413,-0.00213802219111514,-0.00263251257524733,-0.00151548648922883,-0.000832381180829955,-0.00654193292799254,-0.00527662644250571,-0.0036617265415293,-0.00288304525610394,-0.00786409252281528,-0.000132204943184888,-0.000784833643140637,-0.00302733821091028,-0.0035869503045336,-0.00271345022107683,0,-0.000950389475479874,-0.00623084536047314,-4.20043606128573e-05,-0.00405540837044693,-0.00335231310999085,-0.000271013929120656,-0.006281148737874,-0.00540665805328411,-0.000754976482130409,-0.00507954938626565,-0.00364695660874714,-0.00955176144103209,-0.0062426063495038,-0.00926241849392362,-0.00164201299687239,-0.00175669932383915,-2.09423347206084e-05,-0.0135713182707486,-0.00337995152954829,-0.00283507820567586,-0.0136664347188273,0,0.000228703593237789,-0.00253016747480306,-0.00326983764711786,-0.0015039357958031,-0.00411013978555674
"17:7621922:C:T",-0.000340642213453535,0.0671126414222334,-2.40307567445086e-05,5.8369251890511e-05,-0.000288495884380957,-0.00137630929896915,6.25987932254546e-05,-6.79545397472836e-05,5.58044540177605e-06,1.6682773199328e-05,-0.00301668021834089,1.78733884697024e-05,1.90767308261286e-05,-3.89262148576819e-05,6.40386233525803e-05,7.54748854392417e-05,-0.00480938368369443,1.78733884697024e-05,-4.8720726313789e-05,-0.0033729669404936,-0.000693180433168905,-5.04786366013477e-05,9.07545925521447e-06,-3.82976058341811e-05,-0.0032228898339266,3.36496724617774e-05,-0.00281022454788626,-4.8720726313789e-05,-4.0729488262059e-05,5.58044540177605e-06,1.14699828470677e-05,-4.33945985447437e-05,-0.00406623958634444,-0.00128042697469599,4.41446296424175e-05,-0.00104277327692781,-0.00054291139699103,1.26872423003022e-05,3.31255421670562e-06,5.58044540177605e-06,4.68058097844448e-05,-0.000633011892998248,-5.39114350948111e-05,-3.98327263448905e-05,2.10300524106088e-06,2.42844613795867e-05,5.65794700904121e-05,8.81549855398234e-05,-2.30349024539223e-05,-0.00394125541470025,6.99543111384315e-05,0,2.98559069520365e-05,-7.97966009091766e-05,3.31255421670562e-06,-0.00112376496896616,-0.000893640872403623,4.68058097844448e-05,-0.0040157976440911,9.51239486877142e-05,-0.0102159491944089,-0.000818813344423575,-0.00555504014439023,-7.69105486515542e-05,0.000135205828873275,-0.000727279070773079,2.40215174107661e-05,8.73220572099598e-05,-2.69545694324691e-05,-0.00292877902480626,-0.00436108714740424,-2.03229345565603e-05,-5.93570354823214e-06,0,3.49413505285057e-05,-2.30349024539223e-05,7.30095447272205e-05,-0.000714327694153916,-0.00485033237614108
"17:7624908:C:T",-0.0011441509547403,-2.40307567445086e-05,0.07258559869795,5.54386556093078e-05,-0.00052819569560647,-0.0034945594583915,5.94281785497586e-05,-6.55596097081101e-05,-0.000740331904443892,1.59467735638685e-05,8.46749924070522e-05,1.70845784310814e-05,1.8234182858734e-05,-3.74655423343029e-05,6.07851433231943e-05,7.15045075478926e-05,-0.00335291333532872,-0.00140025748803119,-4.694206811795e-05,-0.00158538025329857,-0.000852564195513494,-4.86523558240748e-05,-0.0016207000148043,-3.68144701026196e-05,5.92673487744833e-05,-0.00109657720707457,-0.000182096369647056,-4.694206811795e-05,-3.92154326034344e-05,5.35469331097715e-06,1.09977524953564e-05,-0.00424731594152394,-4.06456919241904e-05,-0.000799383956094246,-0.00168048209205818,-0.00390488013858636,2.05695227446512e-05,1.21630058131927e-05,3.17945616767901e-06,5.35469331097715e-06,4.45399261010948e-05,-0.00270184387031946,-5.19018567528562e-05,-3.83451313625827e-05,-0.00312482788477553,-0.00155724345645325,-0.00259553974909554,8.33463007854363e-05,-2.21160985738322e-05,-0.00135104386583063,6.63541394256839e-05,0,2.84777748458254e-05,-7.72039117062917e-05,-0.000742690850632499,-0.00555640347437425,8.01491338249249e-05,4.45399261010948e-05,-7.76990024853319e-06,-0.00113126922084383,-0.00894659260530339,-0.000978560001490436,-0.00197118872141466,-6.83745890333043e-05,-0.00205725844636273,-0.000887377496209929,2.29542955212381e-05,-0.00281789364765306,-2.59054052635932e-05,-0.00140631766580679,-0.00124794413083773,-0.00267538391554556,-5.66792108003256e-06,0,3.33163392731706e-05,-0.00281106386613938,6.92263605852617e-05,-2.40307567445086e-05,-0.00166067093884781
"17:7625204:T:C",-0.00308082656226816,5.8369251890511e-05,5.54386556093078e-05,0.0596617506849455,-0.000786200329124576,-0.000818908693399401,0.000207187826884336,-0.00248433679654703,-1.65535530509686e-05,-4.23604434587332e-05,-0.0085681920825067,-4.59008687148099e-05,-4.94837170927909e-05,9.0885358283721e-05,-0.000343822934985916,-0.000194015196409048,-0.00200335012660702,-0.000245783167126312,0.000110400680699563,-0.000553020654089131,-0.00138682975026327,0.00011571634790819,-2.69709056954781e-05,7.8682610933356e-05,-0.00347383658500977,-8.61795366819962e-05,-0.0010000029047772,0.000110400680699563,9.6269205146271e-05,-1.65535530509686e-05,-0.00779602305187588,-0.00337422429403489,9.07302483934558e-05,-0.00228234967535101,-0.000111211192363569,-0.000764305392888076,-0.00104220572326241,-3.77770665664912e-05,-9.81441955349993e-06,-1.65535530518568e-05,-0.000119193336018064,-0.00352420230575312,0.000100513500592925,9.35930899803594e-05,-1.41553473858025e-05,-7.27588867848183e-05,-0.00014870993070204,-0.000227251339196322,5.24730550477415e-05,3.39079461859626e-05,-0.000183088080296656,0,-7.485263164142e-05,0.000182178822426771,-9.81441955349993e-06,-0.000697206365189551,-0.000365095940232152,-0.000119193336018064,-0.00268224094440228,-0.00176025548206127,-0.00376404983732037,0.000173039537551212,-0.00124151717466958,0.000138051214043422,-0.000622693696024967,0.000146477597168015,-6.42549600513576e-05,-0.000243679306995759,6.41278810880053e-05,-0.000381061214096867,0.000418546925416763,6.60991412537726e-06,9.92361244911422e-06,0,-9.00466642477227e-05,-0.00123017029893813,-0.000192432670099052,5.8369251890511e-05,-0.00366812700187413
"17:7625888:G:C",-0.00408004366766912,-0.000288495884380957,-0.00052819569560647,-0.000786200329124576,0.230733596439076,-0.00723466529188643,-0.00043413266386505,-0.000557696753469283,-0.000438100695880017,-0.00261798724124063,-8.20436996842311e-05,-0.00279463780029765,-0.00715625660898755,-0.0045875246952285,-0.00101966266798392,-0.00184495325553691,-0.00584473551937714,7.38256158152595e-05,-0.00411122702404709,-0.00472049661871354,-0.00379825539817302,0.000103856096837163,-6.0715877001627e-06,-0.00295881603500314,-0.00244844149755918,-0.000626930857287711,-0.00484186456252145,-0.00411122702404709,0.00045147326316286,-0.00279446726155363,-6.62660375669866e-05,-0.0112618786181309,-0.000150745107545092,-0.00483619217155251,-0.000621944527257945,-0.00232901321916756,-0.00155649018488191,-0.00332560216141475,-0.00469435668530505,-0.0021661400402202,-0.00277429147256925,-0.0173587132227446,-0.00469519080506009,-0.00265398235834535,-0.00114200151779231,-0.00512840182526553,-0.00295802568525394,-1.35943086387869e-05,-0.000800230854180128,-0.00167733610407428,-0.00337289823799747,0,-0.0010293534646344,-0.00112041999469259,-0.000680324357695383,-0.000664401940678516,-0.00121910273185311,-0.00379102970755874,-0.00413955224579965,-0.00353442634757117,-0.00848457743381203,-0.00401268173105018,-0.00158347235289424,-0.00249802875865646,-0.010067039339277,-0.0135434011944522,-0.00709274424836259,-0.00255940366860807,-0.000340403130928202,-0.00261959323225369,-0.00109008483609063,-0.00187255807243325,-0.00185378401005476,0,-0.000447558609912413,-0.00315813370410734,-0.00467875508708326,-0.00257506454910406,-0.00241043118353801
"17:7626490:G:A",-0.00484686610868357,-0.00137630929896915,-0.0034945594583915,-0.000818908693399401,-0.00723466529188643,0.241242022305513,-0.00130766830337681,1.79919131282347e-06,-0.00215520114789935,-0.00226507072874416,-0.00941506022791927,-0.00143872494809028,-0.0031424177836481,-0.0054519141754481,-0.00374078328712812,-0.00303792352676968,-0.00604125976452075,-0.00352339950429581,-0.0138661667450544,-0.0038410155290336,-0.00217613851142318,-0.00283898152091133,-0.00488120460379893,-2.8071131074725e-05,-0.0010689201927625,-0.0023433236979935,-0.00938704165680804,-0.0138661667450544,0.000442012149653337,-0.00399345850614541,-0.00665813907417245,-0.00357929683847447,-0.00252514467046083,-0.00175293021091827,-0.000160847317083324,-0.00221816492207427,-0.00150858838591006,-0.000266029570642701,-0.00284669449011421,-0.00431164402461981,0.00104013120697921,-0.00408756156716983,-0.00343229697374392,0.000423724222254229,-0.00151703193975639,-0.00469580979185746,-0.00192894050302517,-0.00176307879268744,0.000215924423692115,-0.000130711657856608,-0.00565936348433649,0,-0.000771456199815113,-0.00642717569450557,-0.00136556758271755,-0.00232796904066168,-0.00217935774716249,0.000188234293745815,-0.00563829511621261,-0.0189159276667743,-0.00476196716962507,-0.00239845018516593,-0.00322265252720033,-0.00191761556482195,-0.00642353976261933,-0.00383141968862066,-0.000424805533505435,0.000199974679466308,0.000299205200166242,-0.00438608553572495,-0.000702889337219847,-0.000508829677083433,-0.00497851322756659,0,6.69491500921993e-05,-0.000777982251186415,-0.00408805351917163,-0.000252989487168342,-0.00119493900421208
"17:7626553:G:T",-0.00160768700347536,6.25987932254546e-05,5.94281785497586e-05,0.000207187826884336,-0.00043413266386505,-0.00130766830337681,0.070537832268319,-0.00153206104420711,-1.80281564778895e-05,-4.58287991929041e-05,-0.000259383041917971,-4.96988460998438e-05,-5.36171468663582e-05,9.73450110954843e-05,-0.000179672457292668,-0.000211343584025414,-0.000256598971988709,-4.96988460998438e-05,0.000117988055708729,-0.00703414885378884,-0.00209171250849582,0.000123708334462513,-2.93946847609305e-05,8.37569622333945e-05,-0.000583710426067974,-9.34578031523969e-05,-0.00114690170744591,0.000117988055708729,0.000103146620741512,-1.80281564778895e-05,-3.72160724584347e-05,-0.00144296619501194,9.67790363723964e-05,-0.00281789237568209,-0.000120599481260086,-0.00355953314053981,-6.16021535861933e-05,-4.12027079814692e-05,-1.06837027837869e-05,-1.80281564770013e-05,-0.000129386941643439,-0.00305365604778451,0.000106343416037546,0.000100263443318482,-0.000409464149059069,-0.00113426234764624,-0.000161959399296308,-0.000247893348540806,-0.00185488710722481,3.60922957804988e-05,-0.000772301319675428,0,-8.10305529697075e-05,0.000194172987275643,-1.06837027837869e-05,-0.00369366562058726,-0.00162364371774704,-0.000129386941643439,-0.00145965757006206,-0.00291739297405513,-0.0142168047111992,-0.000406810157143944,-0.000927464342127315,-0.000257344432123219,-0.000811653675234503,0.000156357257514728,-0.000958136262186216,-0.000267586792508823,6.88250829199433e-05,-2.50445929070864e-05,-0.00256850874939918,-0.00130060202782012,1.04253531363341e-05,0,-9.77048331654018e-05,5.62183040102582e-05,-0.00427045483239397,6.25987932254546e-05,-0.00349917193673566
"17:7626567:T:C",-0.00310650155894043,-6.79545397472836e-05,-6.55596097081101e-05,-0.00248433679654703,-0.000557696753469283,1.79919131282347e-06,-0.00153206104420711,0.158215762138355,1.27058824386239e-05,-0.00300883682292952,-1.40296421990982e-05,-4.62483415857307e-05,-0.00386843638234335,-0.000108331254992322,-0.000491884144740773,0.000158632033508965,-0.00289661481546322,4.2871191759275e-05,-0.00314426690601799,-0.00408726984762797,-6.74668541433832e-05,-0.00246991931681873,-0.00667730802986899,-0.00281178501429569,-0.000341892921047027,-0.00266458187335328,-0.00192393210736475,-0.00314426690601799,-1.34500766870715e-05,-0.00527944826844085,-0.000497238378563303,-0.00374635479247321,-0.000920750345033916,-0.00857306968335081,0.000100829905396616,-0.00355141525700997,-0.00410403784626912,-0.00165557704599539,-0.00543424881220567,-0.00389742576981256,0.000105952931745534,-0.00599483894100539,-0.000555448972201056,-0.000715451644005327,-0.00179934568167983,-0.00281791833421519,-0.000830380954776722,-0.000537041543708483,-0.000828625402252925,-0.00352991686903881,-0.0048358351280573,0,7.05114873813528e-05,-0.0011974575681748,-0.00213523636556889,-6.45623371857695e-05,-0.000317005616794042,-0.00276843510196212,-0.00354449491857345,-0.00830492561496454,-0.00343607514211053,-0.000492674777724744,-0.00182708487197791,-0.00236168495731581,-1.94884190793942e-05,-8.71125303829601e-05,-0.0100102560129898,-0.00127143897010562,-7.26786073004249e-05,-0.00556550122579269,-0.000738252082117086,-0.00095219042645045,-4.13235259246747e-05,0,-0.00555622194165029,-0.00031974033377935,7.65307154813044e-05,-6.79545397472836e-05,-0.00193479835949484
"17:7627643:T:G",-6.01117473246759e-05,5.58044540177605e-06,-0.000740331904443892,-1.65535530509686e-05,-0.000438100695880017,-0.00215520114789935,-1.80281564778895e-05,1.27058824386239e-05,0.0802685861036885,-4.27576135386687e-06,-0.00288434203979548,-0.0017618055452493,-4.96022646601091e-06,8.36414689864284e-06,-1.85371651078015e-05,-2.2409880356733e-05,-0.000108486714010425,-4.61503013227116e-06,1.00952467132487e-05,-2.00509866372656e-05,-0.00142367324093495,1.04449356639336e-05,-2.4290964120155e-06,7.92671739713313e-06,-1.89450904075628e-05,-0.00372904771318083,-0.00233579678193951,1.00952467132487e-05,8.74221733226932e-06,-1.4783337469737e-06,-0.00229031341870112,-0.00215008977044828,-0.00241330439157839,-0.000798477377703222,-0.00208468974466491,-0.00669629561166118,-0.00185291069353877,-3.43195686713926e-06,-8.71670333246755e-07,-1.47833374875006e-06,-1.2938289682296e-05,-0.00452277212348218,-0.00192491942162842,8.55480877071102e-06,-8.40551349412522e-07,-0.0049991695484044,-0.0016556433501842,-2.69776623191831e-05,5.12498737847977e-06,3.65832085336137e-06,-2.06662497292953e-05,0,-0.000973140744210177,1.51534617858218e-05,9.66990004602764e-06,-0.00639285803866319,-0.00152059299629581,-0.00123585752241695,1.80664789262153e-06,-0.00135606774177432,-0.00262818557624733,-0.0015658664351772,-0.000204377333727912,-4.34759659011519e-05,-0.000424083163414579,1.27622585202047e-05,-6.40312877475679e-06,-1.76460861007754e-05,6.02044650488409e-06,-0.00229869035451191,-0.0038565650728577,-1.4498513862371e-05,1.25468695788555e-06,0,-0.00161600936817319,-0.00178352696330641,-2.17898335961308e-05,5.58044540177605e-06,-0.00722752109051505
"17:7628608:A:T",-0.000397397732112559,1.6682773199328e-05,1.59467735638685e-05,-4.23604434587332e-05,-0.00261798724124063,-0.00226507072874416,-4.58287991929041e-05,-0.00300883682292952,-4.27576135386687e-06,0.0516244862016242,-0.00112862032638539,-1.27803761511558e-05,-1.37188200355354e-05,2.57817811100125e-05,-4.70150162019678e-05,-5.56727441489713e-05,-0.000337780905965701,-1.27803761511558e-05,3.16497465098209e-05,-0.000254310709408401,5.78535717483675e-05,3.29436296953034e-05,-6.97328232757144e-06,2.39024436448076e-05,-4.8667724404261e-05,-2.42282728271093e-05,-0.000433075326879084,-0.00235219097970063,2.71117295014278e-05,-4.27576135386687e-06,-8.83021857678301e-06,-0.000186459774682568,-0.00195224547852657,-2.6040167533381e-05,-3.16986859383306e-05,5.2018155185074e-05,-1.56317577175713e-05,-9.77695026094239e-06,-2.53346335288285e-06,-4.27576135475505e-06,-0.000814926879209033,-0.00398236555583686,3.19837442033233e-05,2.64508302709743e-05,-2.71473525970123e-06,-1.88909044762653e-05,-4.17825378367098e-05,-6.55663685638075e-05,-0.00280167980329704,-0.00186971100669719,-5.19183437406312e-05,0,-2.12256641871633e-05,5.12038575575247e-05,-2.53346335288285e-06,-0.00188948366429464,-6.34464096700427e-05,-0.000814926879209033,5.11324833674109e-06,-0.00259839187802857,-0.00905719239226155,-0.00256045896509427,1.75175265404448e-05,-0.00197691299805225,-0.000109350390227192,-0.00227283278984647,-1.75943090363617e-05,-0.000249605510938444,1.81278282092023e-05,-0.00177043135150523,-0.0019854943830051,2.6044428551586e-06,3.4513846918216e-06,0,-2.52548099082262e-05,1.52015690160212e-05,-5.44695443247534e-05,1.6682773199328e-05,-0.00162621206388636
"17:7629803:T:G",-0.0062400619723455,-0.00301668021834089,8.46749924070522e-05,-0.0085681920825067,-8.20436996842311e-05,-0.00941506022791927,-0.000259383041917971,-1.40296421990982e-05,-0.00288434203979548,-0.00112862032638539,0.109803076496019,-7.3571448699461e-05,-7.96503804876281e-05,0.000139221047401605,-0.000266983231595574,-0.00141127228692195,-0.000346616153551249,-7.3571448699461e-05,0.000167086834617081,-0.000115949673461735,-7.92356034562403e-05,0.000175838307256093,-4.5433519327176e-05,-0.00117907878290957,-0.0016257280587384,-0.000138363271885211,-0.00514172633716115,0.000167086834617081,0.000148079856113981,-2.78222711775911e-05,-0.00151119679770684,-0.000679670221851669,-0.00225089753654117,-0.00149624217438404,-0.000177526109958137,0.000115947616059486,-0.00192743246259131,-0.00310931257935554,-1.64714443986469e-05,-2.78222711784792e-05,-0.00170884349501144,-0.00213477634836901,-0.00533414252175479,-0.00130398722015546,-0.00268324089282412,6.5112769440212e-05,-0.000242415326078493,-0.000582844171260533,7.97479494822895e-05,-0.00245498974814229,-0.00352252385191676,0,-0.000119017679214295,0.000275360475419539,-1.64714443986469e-05,-0.00010136079856693,-0.00563216233079356,-0.000191259566372004,-0.00339253975870957,-0.00102270127945658,-0.00162951733213035,-0.00181159693042066,-0.0053592440100525,-0.00195775417262123,-0.000675685607084198,-0.00230182068171203,-0.00308544883784734,0.000543479578064776,-0.00065151511215511,-0.00469351083761627,0.000449222778801328,-0.00555934076730402,1.27271106533655e-05,0,-0.000144988303145688,-0.000144812708565922,-0.000314896956470356,8.95371684768165e-05,-0.000132803807546988
"17:7631715:G:A",-0.00233295410190415,1.78733884697024e-05,1.70845784310814e-05,-4.59008687148099e-05,-0.00279463780029765,-0.00143872494809028,-4.96988460998438e-05,-4.62483415857307e-05,-0.0017618055452493,-1.27803761511558e-05,-7.3571448699461e-05,0.0597410767962403,-1.48014111820416e-05,2.75752979668198e-05,-5.09988544594719e-05,-6.0466596939257e-05,-0.00229408316301516,-1.37843575265251e-05,3.38017912984157e-05,-0.00701844193386769,-0.00272681475242553,3.51796316273578e-05,-7.53078802873119e-06,2.55336608478984e-05,-0.00291820685832089,-0.00120540507722211,-0.000194550681527517,3.38017912984157e-05,2.89947389155998e-05,-4.61503013227116e-06,-9.53982515916607e-06,-7.39108099709895e-05,-0.00246230365285172,-0.000104974248476886,-0.000386068403705586,-0.00208688779572075,-1.68757574883216e-05,-1.05646866792597e-05,-2.73349665125266e-06,-4.61503013404752e-06,-3.66216099534356e-05,-0.00191414824671465,3.40795681017525e-05,2.82894795091693e-05,-0.00401418831387002,-0.00164558097881251,-4.53032875062931e-05,-7.13209557812178e-05,1.62856359535724e-05,-0.00259873837427271,-5.63782117595224e-05,0,-0.00062626910844088,5.44786163096944e-05,-2.73349665125266e-06,-0.00196750337040008,-6.90210335667629e-05,-3.66216099534356e-05,5.47820117802189e-06,2.05491866722696e-06,-2.50788084041886e-05,5.22211416242868e-05,-0.00194973806582333,4.51885940666585e-05,-0.00312111591105602,-0.00379917426798482,-1.90055262025979e-05,-7.37080721124883e-05,1.94213660176246e-05,-0.00432873947685142,-0.00021386943122792,2.77593303543711e-06,3.68850979270974e-06,0,-0.000194769131371508,1.62856359535724e-05,-0.00126087107280703,1.78733884697024e-05,-0.00196404881397338
"17:7634266:C:G",-0.00242508758765148,1.90767308261286e-05,1.8234182858734e-05,-4.94837170927909e-05,-0.00715625660898755,-0.0031424177836481,-5.36171468663582e-05,-0.00386843638234335,-4.96022646601091e-06,-1.37188200355354e-05,-7.96503804876281e-05,-1.48014111820416e-05,0.0904259766850695,2.93884296915792e-05,-5.50329833375329e-05,-6.53193081880943e-05,-0.0031646041513147,-1.48014111820416e-05,-0.00247204645239218,-8.51371401111578e-05,6.51022225683917e-05,-0.00277594271085224,-8.09812459401371e-06,2.71775070892488e-05,0.00030097629125958,-2.81597606308637e-05,-0.0030201377965815,-0.00247204645239218,-0.000624013227646714,-0.0017848666508673,-1.026202408827e-05,-0.00178852961775533,3.05331260541664e-05,-0.00128077089566059,-3.69042470067527e-05,-0.00075999348896616,-0.00154697147786109,-1.13664469001407e-05,-0.00289321219039884,-0.00217854539150597,-3.94381423136636e-05,-7.10797595289137e-05,-0.00181689644685168,-0.00132918696451956,-0.00256586033564865,-0.00146032232699067,-4.88718315514447e-05,-7.7145383598598e-05,1.73805530723214e-05,1.2013486943907e-05,-6.08970218047844e-05,0,-2.46281179734353e-05,5.77895125122296e-05,-2.9370039582588e-06,3.60725993564515e-05,-0.00160646484680438,-3.94381423136636e-05,5.84534231773404e-06,-0.00974303661482967,-0.0119439607546399,-0.0019268405043853,-0.000364770719758489,-0.00703915869315619,-0.000162048915479218,4.70333858029193e-05,-2.04370804013365e-05,-0.000113319239703813,2.07294228831145e-05,-0.00188463908862868,-0.00200289086568262,-0.00222817365399219,3.92553746397795e-06,0,-2.93689086134918e-05,1.73805530723214e-05,-6.395538435644e-05,1.90767308261286e-05,-0.00060275353718886
"17:7636497:G:A",-0.00217941743496564,-3.89262148576819e-05,-3.74655423343029e-05,9.0885358283721e-05,-0.0045875246952285,-0.0054519141754481,9.73450110954843e-05,-0.000108331254992322,8.36414689864284e-06,2.57817811100125e-05,0.000139221047401605,2.75752979668198e-05,2.93884296915792e-05,0.046621964121683,9.95453716283734e-05,0.000117614044023995,-0.00356831785027545,2.75752979668198e-05,-7.58886714384843e-05,0.000139237353313781,-0.00014190754419463,-7.84623373810689e-05,-0.00411760086887814,0.000212546558828741,9.48056085396942e-05,5.20824187510982e-05,-0.00382401698950474,-7.58886714384843e-05,-6.30914406318794e-05,8.36414689864284e-06,1.72017876058916e-05,-8.00078917873037e-05,-6.63978932315956e-05,-0.00421198008384138,6.86333032513531e-05,-0.000130627730226429,3.30748358070565e-05,1.90296853217475e-05,4.96383019310542e-06,8.36414689686649e-06,7.26791276983718e-05,-0.002227622081592,-0.000932671720421219,-6.17705022021298e-05,2.33842382879601e-06,3.6467598612866e-05,8.75578292998114e-05,0.000137624515597068,-3.59886593708225e-05,-2.67713340020848e-05,-0.0017099194061645,0,4.63402151753556e-05,-0.000123569765896114,4.96383019310542e-06,-8.05785152806493e-05,0.000131777395376176,7.26791276983718e-05,-1.29291249972852e-05,-0.000901440528035202,6.19465808844311e-05,-0.000615793173390777,-0.000964694277531208,-0.000838365259737017,0.000209209369837815,-9.97119935242097e-05,3.68436677389283e-05,-0.00603969490177203,-4.17999831130444e-05,-0.00094896320184823,-0.0015303586981732,-8.01201965128229e-06,-9.66942585378661e-06,0,5.40385236051932e-05,-3.59886593708225e-05,-0.00159305742301452,-3.89262148576819e-05,-0.00118196562824835
"17:7638606:G:A",-0.00296688286033797,6.40386233525803e-05,6.07851433231943e-05,-0.000343822934985916,-0.00101966266798392,-0.00374078328712812,-0.000179672457292668,-0.000491884144740773,-1.85371651078015e-05,-4.70150162019678e-05,-0.000266983231595574,-5.09988544594719e-05,-5.50329833375329e-05,9.95453716283734e-05,0.0903762628006519,-0.000217264915947979,-0.00266220543606188,-0.000975690526473727,0.000120568703009027,-0.00250419725799667,0.000222611394440797,-0.00242501893945413,-3.02316045326378e-05,-0.00140591393480261,-0.00224991265310681,-9.59477284929733e-05,-0.0035698836329674,0.000120568703009027,0.000105491181860984,-1.85371651078015e-05,-3.82817529827051e-05,-0.00436474241070073,9.88274487845331e-05,-0.00142046268539575,-0.000123805616669692,0.000194759971015479,-0.00434487125262617,-0.00333708706659674,-1.09837022446158e-05,-1.85371651086896e-05,-0.00487373836641591,-2.44132031053113e-05,-0.00302912740835382,0.000102536539392517,-0.00319191023341947,-0.00335528007980557,-0.000166499673745157,-6.1805379323765e-05,-0.00195053682315027,3.6825493247683e-05,-0.000205278490651217,0,-8.31405758638937e-05,0.000198259195592243,-1.09837022446158e-05,0.000115028413725682,-0.00300697553085083,-0.000132871120567479,-0.00665384590949447,-0.00223069877751048,-0.0026623347249517,0.000188272057623173,-0.00190603269001244,-0.00268706864750801,-0.000705747172052185,0.000159721097715781,-7.16918557426283e-05,-0.00362561829043972,7.0426321671313e-05,-0.00182984923163687,-0.00527164595096252,6.88196762954618e-06,1.0587987714139e-05,0,-0.000100325977061999,-0.00195053682315027,-0.000944311291476652,6.40386233525803e-05,-0.00268891805880189
"17:7643015:G:A",-0.00134382474874339,7.54748854392417e-05,7.15045075478926e-05,-0.000194015196409048,-0.00184495325553691,-0.00303792352676968,-0.000211343584025414,0.000158632033508965,-2.2409880356733e-05,-5.56727441489713e-05,-0.00141127228692195,-6.0466596939257e-05,-6.53193081880943e-05,0.000117614044023995,-0.000217264915947979,0.0722145753966199,-0.0113833252133224,-6.0466596939257e-05,0.000142024947296981,-0.00112669112644692,0.000263651004540399,0.00014924657279014,-0.00403227402581319,-0.00115330863157048,-0.00111198212806141,-0.000113401146081493,-0.00446990670106029,0.000142024947296981,-0.00181812349939392,-2.2409880356733e-05,-4.62395780260749e-05,-0.0024860165314422,-0.00123330677950495,-0.00235728098227028,-0.000145748532458967,0.000228710820382005,-7.52056887609598e-05,-0.0010045317198184,-1.32827752876707e-05,-2.24098803576211e-05,-0.000837106787126451,-0.00537050189136323,0.000123253545400104,-0.0025263521854022,-2.10005141934033e-05,-9.8733668828288e-05,-0.000762656766102765,-0.000298701521885825,6.74856249229805e-05,4.23021245818944e-05,-0.000241713617225692,0,-9.80585567464942e-05,-0.00222753181581226,-1.32827752876707e-05,-0.00115543082441238,-0.000293401576596075,-0.000156564267682846,2.05027860982199e-05,-0.00084220576262517,-0.00151598716599821,-0.00162088026116258,-0.000759641981987969,-0.00281679712819383,-0.00331986669393824,0.000188835117540087,-8.53409262635552e-05,-0.000932132231443283,8.32735938045559e-05,-0.002207811566179,0.000530181786071893,7.1878197465125e-06,1.16813509913882e-05,0,-0.000653625917194312,6.74856249229805e-05,-0.00025441688162342,-0.00314116049094615,-0.00131436729634515
"17:7645326:G:A",-0.00375596463729533,-0.00480938368369443,-0.00335291333532872,-0.00200335012660702,-0.00584473551937714,-0.00604125976452075,-0.000256598971988709,-0.00289661481546322,-0.000108486714010425,-0.000337780905965701,-0.000346616153551249,-0.00229408316301516,-0.0031646041513147,-0.00356831785027545,-0.00266220543606188,-0.0113833252133224,0.275694300234449,-0.00234651522091855,0.000404888519833779,-0.00192333285397028,-0.00370623385312596,0.00012048543898846,-0.00426195716030442,-0.00326261889063018,-0.00167500638685114,-0.000541589800510778,-0.0058343623894217,-0.0018741548906096,0.000528040849906652,-0.00519646330288914,-0.00665506961061313,-0.00771380004591427,-0.0034812221054783,-0.0041306723347394,-0.00229849577645336,-0.00635724443667529,-0.00158025242060766,-0.00162880668665055,-0.00520274884653826,-0.00618755290997441,-0.00162272962779664,-0.00806150805632688,-0.00930570405348785,-0.00259152135693075,-0.0016465011150637,-0.00299817506041622,-0.000442005339380547,0.000687901304004868,-5.4389256298748e-05,-0.00137680792233752,-0.00333566154001019,0,-0.00297155300503604,-0.00159031658699504,-0.00214372069621049,-0.005275996811831,-0.00478358486732722,-0.000871657234424283,-0.00166611674004535,-0.0116105302646434,-0.015131329652891,0.000366019820516428,-0.00976239978080873,-0.00576950048298608,-0.00815170672010934,-0.00602435607457918,-5.48442977876817e-06,-0.000924382221653808,-0.000279291929322412,-0.00434438751100963,-0.0171546626652574,-0.00469238549634587,-0.000333505106426824,0,-0.00484771016008878,-0.00126346944139311,-0.000293589964966756,-0.00542931129471569,-0.00236134333613469
"17:7645571:G:A",7.08704464464915e-05,1.78733884697024e-05,-0.00140025748803119,-0.000245783167126312,7.38256158152595e-05,-0.00352339950429581,-4.96988460998438e-05,4.2871191759275e-05,-4.61503013227116e-06,-1.27803761511558e-05,-7.3571448699461e-05,-1.37843575265251e-05,-1.48014111820416e-05,2.75752979668198e-05,-0.000975690526473727,-6.0466596939257e-05,-0.00234651522091855,0.0886927068750962,3.38017912984157e-05,-7.84307816736884e-05,6.14582842972666e-05,3.51796316273578e-05,-0.00291142697223457,-0.00252503817283323,-0.00163781638958227,-2.61815351327854e-05,-0.00705643042902793,3.38017912984157e-05,2.89947389155998e-05,-4.61503013227116e-06,-9.53982515916607e-06,-0.00313614989694244,2.86835788880779e-05,-0.00655343484119619,-3.428595459809e-05,-0.00578925397944552,-0.00150197667870966,-1.05646866792597e-05,-2.73349665125266e-06,-4.61503013404752e-06,-3.66216099534356e-05,-0.00410527291818852,3.40795681017525e-05,2.82894795091693e-05,-0.00175744513470111,-2.04506879972755e-05,-4.53032875062931e-05,-7.13209557812178e-05,1.62856359535724e-05,-0.00259873837427271,-5.63782117595224e-05,0,-2.29167140259889e-05,5.44786163096944e-05,-2.73349665125266e-06,-0.00247843908431467,-0.0012015863881869,-3.66216099534356e-05,-0.00203887475879228,2.05491866722696e-06,-0.00760774724258262,-0.00212761537072215,-0.00363592390703449,-0.00237072353712353,-0.000187652610438072,-0.00205611815436946,-1.90055262025979e-05,-7.37080721124883e-05,-0.000840356566654599,-0.00593621934526567,0.000123246277957456,2.77593303543711e-06,3.68850979270974e-06,0,-2.72985728964059e-05,-0.00246171027742648,-5.91806681313756e-05,1.78733884697024e-05,-0.00755059420292259
"17:7645900:C:G",-0.00759878227386235,-4.8720726313789e-05,-4.694206811795e-05,0.000110400680699563,-0.00411122702404709,-0.0138661667450544,0.000117988055708729,-0.00314426690601799,1.00952467132487e-05,3.16497465098209e-05,0.000167086834617081,3.38017912984157e-05,-0.00247204645239218,-7.58886714384843e-05,0.000120568703009027,0.000142024947296981,0.000404888519833779,3.38017912984157e-05,0.120080565804433,1.19236520621513e-05,-0.00064158164226491,-9.90217482916833e-05,1.64121968841968e-05,-7.72186396398311e-05,-4.02013545217628e-05,-0.000234285945577284,-0.00509784992658835,-0.00901697332159213,-7.91350128261925e-05,-0.00281645928253482,2.07375390202102e-05,-0.000309723850680399,-8.42790775807956e-05,-0.000341122552070416,-0.00133639567866073,-0.0025920790226861,4.03938332391718e-05,-0.00156549411529827,5.99387307875787e-06,-0.0025063175796749,8.85279871072342e-05,-0.00655050634629983,-8.97376039965536e-06,-7.75205422440806e-05,2.12647189190562e-06,4.38485559026702e-05,0.000106090332661957,0.000165535852390875,-0.00114162514432703,-3.39376366840227e-05,-0.000125136374866663,0,-0.00161497937192312,-0.000781977931057831,-0.000150256988074027,-0.00515073013590328,-0.00204406812911895,-0.0044610255331099,-1.63362746130602e-05,-0.00355617485563808,-2.92862780941761e-05,-0.000151908975232651,-0.00109184908973337,-0.00638957237582272,9.41123047137893e-05,-0.00012632490586828,4.49053421371914e-05,-0.00147544548474254,-5.22218068992331e-05,-0.0117587825862691,-0.00144459497257898,-0.00295588438152627,-1.23884669021024e-05,0,-0.000183413908158236,-4.51442641198341e-05,0.000136621156415551,-0.00447633438275208,-0.00792152069823171
"17:7647006:C:T",-0.00409677524682417,-0.0033729669404936,-0.00158538025329857,-0.000553020654089131,-0.00472049661871354,-0.0038410155290336,-0.00703414885378884,-0.00408726984762797,-2.00509866372656e-05,-0.000254310709408401,-0.000115949673461735,-0.00701844193386769,-8.51371401111578e-05,0.000139237353313781,-0.00250419725799667,-0.00112669112644692,-0.00192333285397028,-7.84307816736884e-05,1.19236520621513e-05,0.148807311090978,-6.71812845443043e-06,-0.0013437676511634,-0.000889540871434669,-0.00415497841444079,-0.00116302246326327,-0.000280750671306507,0.00041710104083803,1.19236520621513e-05,0.000147611103574974,-2.94957409323615e-05,-0.000102150617085073,-0.00253777193829219,-0.00941450903954522,-0.00033671699253679,-0.00019389054698582,5.21414121310571e-05,-0.000211293216849207,-0.000879200525887747,-0.0049290129451709,-2.94957409323615e-05,-0.000209957085384183,-0.00505397190964008,-0.0052521099273477,0.000143460531044859,-1.4523585052828e-05,-4.79983616408219e-07,-0.00465449110554683,-0.00128179344974289,-0.00027108591698255,-0.000451471003971804,0.000457809071871651,0,-0.000128083815889468,-0.00103045029549875,-0.00249164851424055,-0.000382718196703102,-0.001399918068822,-0.00237360757636385,-3.23460013422761e-05,-0.00205714950098956,-0.00646396554057871,-0.00299061936955436,-0.00471296663375487,-0.00140756053239333,-0.00478056355690537,-0.00029203477873363,-0.00544147529507466,-0.00104763773263095,0.000100222589272114,-0.00778952647494524,-0.00335351230891057,-0.00482946780623728,7.13330258239608e-06,0,-0.00306256929024418,-0.00256271605143965,-0.00306142485255023,9.08535542327726e-05,-0.00258495028115169
"17:7648671:G:A",-0.000957982445312755,-0.000693180433168905,-0.000852564195513494,-0.00138682975026327,-0.00379825539817302,-0.00217613851142318,-0.00209171250849582,-6.74668541433832e-05,-0.00142367324093495,5.78535717483675e-05,-7.92356034562403e-05,-0.00272681475242553,6.51022225683917e-05,-0.00014190754419463,0.000222611394440797,0.000263651004540399,-0.00370623385312596,6.14582842972666e-05,-0.00064158164226491,-6.71812845443043e-06,0.0715673481945718,-0.000186163506490367,-0.00306058719865199,-0.00117161374357888,-0.00279465872714724,-0.00204444182388741,-0.00351351095886798,-0.000926541865657882,-0.00014701036575282,1.66934106804462e-05,3.43303377166038e-05,-0.000535994308289212,-0.000511260021391458,-0.00273926855055251,-0.00158873213917943,-0.000360035822351001,7.25103480156974e-05,-0.00131642758594275,9.90711146897638e-06,1.66934106786698e-05,0.000163375554061318,-0.000304723461747702,-3.33278413391369e-05,-0.000144473075814666,-2.39223026108348e-05,-0.00223732958623035,-0.00159295922477654,0.000308290633290298,-8.57780958991583e-05,-0.000393645682716048,0.000240973470547523,0,-0.00189069898911409,-0.000682737181927351,-0.00155495119031901,-0.00132113949296642,0.000292422657152791,0.000163375554061318,-3.26230569216435e-05,-0.000427229272407459,0.000142619751281714,-0.000285934061725612,-0.00212612632015396,0.000565885981939296,0.000146243916092637,-0.00440945597617759,-0.00148251074320171,-9.21532336217723e-06,-9.71261556008685e-05,-0.000989884169013244,-0.00365572081824261,-0.00439535594168827,-0.000340618765404699,0,0.000120476232388533,-8.57780958991583e-05,-0.000119107234178628,-9.15147033255792e-05,-0.00407139479968688
"17:7651807:C:G",-0.000232506716082881,-5.04786366013477e-05,-4.86523558240748e-05,0.00011571634790819,0.000103856096837163,-0.00283898152091133,0.000123708334462513,-0.00246991931681873,1.04449356639336e-05,3.29436296953034e-05,0.000175838307256093,3.51796316273578e-05,-0.00277594271085224,-7.84623373810689e-05,-0.00242501893945413,0.00014924657279014,0.00012048543898846,3.51796316273578e-05,-9.90217482916833e-05,-0.0013437676511634,-0.000186163506490367,0.067913141418221,1.69872822652906e-05,-0.00120083589608999,-3.31077596831264e-05,6.63848953488255e-05,-3.03231627567513e-05,-9.90217482916833e-05,-8.17825983769893e-05,-0.00312136928094464,2.14699228804349e-05,2.95661775311373e-05,-0.00114943457535954,-0.00227390683476614,8.75711553973701e-05,-0.00369474658643121,4.2032777231249e-05,2.37487749306098e-05,6.1999446465677e-06,-0.00281122757808561,9.25922002572577e-05,-0.00145767927973495,4.09847554942999e-05,-8.01314961691446e-05,2.0470764923175e-06,-0.00138279528820462,-0.00254219869050321,0.000174341752138041,-4.68060681440008e-05,-3.5289239824543e-05,0.000137605116496964,0,5.92413570075223e-05,-0.000161492210865255,6.1999446465677e-06,-0.000106386019794513,-0.00234179581864868,9.25922002572577e-05,-1.70123699323455e-05,-0.00289577877973901,-0.00159136918536973,-0.000156272951723935,-0.00195472233965699,-0.000487409529464244,-0.00501410101968602,-0.000803228010897605,4.67264293062541e-05,-0.00224856916046168,-5.40724595605724e-05,-0.00282108981102169,-0.00362572710475906,-0.00326156885099049,-1.2940412259077e-05,0,6.8817078865635e-05,-4.68060681440008e-05,-0.00181989470518396,-5.04786366013477e-05,-0.00777056221827355
"17:7655900:C:T",-0.00184408277934134,9.07545925521447e-06,-0.0016207000148043,-2.69709056954781e-05,-6.0715877001627e-06,-0.00488120460379893,-2.93946847609305e-05,-0.00667730802986899,-2.4290964120155e-06,-6.97328232757144e-06,-4.5433519327176e-05,-7.53078802873119e-06,-8.09812459401371e-06,-0.00411760086887814,-3.02316045326378e-05,-0.00403227402581319,-0.00426195716030442,-0.00291142697223457,1.64121968841968e-05,-0.000889540871434669,-0.00306058719865199,1.69872822652906e-05,0.0695228984404279,-1.29855663395517e-05,-0.00406389756257308,-1.47280461035848e-05,-0.000636891207143719,1.64121968841968e-05,1.42285809170417e-05,-2.4290964120155e-06,-5.082137109369e-06,-0.00166222507543967,1.42259108075748e-05,-0.00392670510318682,-1.96684701361249e-05,-3.81431199176774e-05,-9.26322777683453e-06,-5.64204253539202e-06,-1.43203774705114e-06,-2.42909641290368e-06,-2.10929203650068e-05,-0.000353159443736484,-0.00223028593325036,1.39206742035825e-05,-0.002102641552856,-4.38828988968964e-06,-2.64967180516607e-05,-4.39653055126499e-05,8.3269150197296e-06,-0.00194511846959156,-0.00012720336981431,0,-1.28225886291133e-05,2.46566778567825e-05,-1.43203774705114e-06,-0.00228409681857666,-4.23013984507392e-05,-2.10929203650068e-05,2.91973441335358e-06,-2.25915991016734e-05,-0.00259913646819498,-0.00168112821469357,-0.00421701464142732,2.14535787970149e-05,-0.000357054016361324,2.07593881498269e-05,-1.04705375703062e-05,-0.000174276322992384,9.79837140135942e-06,-0.00157653062050223,-0.000237694758491891,1.5461563807051e-06,2.01221537388108e-06,0,-1.53858464484458e-05,8.3269150197296e-06,-0.00276700192705182,9.07545925521447e-06,-0.00199731552629734
"17:7656668:G:A",-0.00198137549935185,-3.82976058341811e-05,-3.68144701026196e-05,7.8682610933356e-05,-0.00295881603500314,-2.8071131074725e-05,8.37569622333945e-05,-0.00281178501429569,7.92671739713313e-06,2.39024436448076e-05,-0.00117907878290957,2.55336608478984e-05,2.71775070892488e-05,0.000212546558828741,-0.00140591393480261,-0.00115330863157048,-0.00326261889063018,-0.00252503817283323,-7.72186396398311e-05,-0.00415497841444079,-0.00117161374357888,-0.00120083589608999,-1.29855663395517e-05,0.0945724785461377,-0.00384570927120187,4.70516736346127e-05,-0.00264327663068542,-7.72186396398311e-05,-6.33985424407513e-05,7.92671739713313e-06,-0.00222572933201803,-0.00202685415065584,-6.71115916643927e-05,-0.00403379633038892,6.08640087209622e-05,-0.000124759319141354,-0.00202371863913697,-7.79859814148409e-06,4.71692887593633e-06,7.92671739535677e-06,-0.000389815587225506,-0.000143660945184809,-0.00184685648976934,-6.20111344611374e-05,-0.00232412635534551,-0.0045387603582272,-0.000879182364633024,0.000112936754860904,-3.5317758598552e-05,-2.60428734542018e-05,-0.0012245771000936,0,4.20580981455032e-05,-0.00102988142128524,4.71692887593633e-06,-0.00493785799446567,-0.00349106265689958,6.42224856362006e-05,-1.23953519057807e-05,-0.00107358191931262,-0.00243793086734057,-0.000351406380166175,-0.000132535848570647,-0.00748889545127263,5.14383598941848e-05,-0.00345322368103407,-0.00204049249219196,-0.00146309839108039,0.000112967804989594,-0.00876190408791633,-2.82924084160641e-05,-7.61095511414567e-06,-0.00249529485960398,0,4.87400999862331e-05,-3.5317758598552e-05,-0.00040367915627737,-3.82976058341811e-05,-0.00330633985763384
"17:7657123:G:A",-0.000280606393537219,-0.0032228898339266,5.92673487744833e-05,-0.00347383658500977,-0.00244844149755918,-0.0010689201927625,-0.000583710426067974,-0.000341892921047027,-1.89450904075628e-05,-4.8667724404261e-05,-0.0016257280587384,-0.00291820685832089,0.00030097629125958,9.48056085396942e-05,-0.00224991265310681,-0.00111198212806141,-0.00167500638685114,-0.00163781638958227,-4.02013545217628e-05,-0.00116302246326327,-0.00279465872714724,-3.31077596831264e-05,-0.00406389756257308,-0.00384570927120187,0.135077644660968,-0.000102018937602644,-0.00122653216523316,-4.02013545217628e-05,-4.86005103592646e-05,-0.00176045912130984,-3.96750860431894e-05,-0.00954064621592599,-0.00361163359876038,-0.0010067939991445,-0.000133250679106744,-0.000748631339332562,-0.000682151517937157,-0.000437830031696507,-0.00112628185496355,-0.00180503598858817,-0.00119008411186883,-0.00672393507079905,-0.000791531608486551,-0.000755872507548716,-0.0013730558375471,-0.00387596604920581,-0.000184083976771277,-0.000698885586476905,-0.00261686090765245,-0.00187431952572847,-0.000230999081006544,0,-8.76555654052424e-05,-0.000307190312828887,-1.11651664722601e-05,7.9107803759193e-05,0.000683287643571617,-0.000143832652539366,-0.00295819968381927,-0.0165175094806136,-0.00484532297291729,-0.000705784148246735,-0.00303854117575986,-0.000503586230646391,-0.00635110819959461,-0.000524572598094686,-7.56869115523529e-05,-0.00196356454390845,6.8180747728519e-05,-0.00450646312710834,-0.00557504033968037,-0.000211459002643188,-0.00229899025125135,0,-0.000106982227269015,-0.00598000357715467,-0.000458868695377923,-0.00136166079170508,-0.000557585508622171
"17:7663572:A:G",-0.00169110173814069,3.36496724617774e-05,-0.00109657720707457,-8.61795366819962e-05,-0.000626930857287711,-0.0023433236979935,-9.34578031523969e-05,-0.00266458187335328,-0.00372904771318083,-2.42282728271093e-05,-0.000138363271885211,-0.00120540507722211,-2.81597606308637e-05,5.20824187510982e-05,-9.59477284929733e-05,-0.000113401146081493,-0.000541589800510778,-2.61815351327854e-05,-0.000234285945577284,-0.000280750671306507,-0.00204444182388741,6.63848953488255e-05,-1.47280461035848e-05,4.70516736346127e-05,-0.000102018937602644,0.0782704215908181,1.26597102525494e-05,-0.00233004328665931,5.49121539910047e-05,-9.0288231184843e-06,-1.86526849734747e-05,-0.0026684095356746,-0.00178962745751843,-0.00334873119108003,-0.000838348708790626,-0.00583641029430115,-0.00130114735835196,-2.06540346470163e-05,-5.34901708793001e-06,-9.02882312026065e-06,-6.90008915347207e-05,-0.00311789117034866,6.18502331155568e-05,5.3506050213592e-05,-6.58970496836275e-06,-0.00301852039582862,-0.00114615375218818,-0.000133444092762502,3.05066046335511e-05,2.05818889247311e-05,-0.000106243689740992,0,-0.000430620151832706,0.000103389703513201,-0.000881787920469002,-0.00552288198158202,-0.00104529262152564,-0.000713740860848411,9.99361693398981e-06,-0.00051639175045004,-0.00509411656822412,-0.00220215314074856,-0.000205435426805956,-0.000727039740005431,-1.54629006781093e-05,8.36970516084889e-05,-3.63320399703326e-05,-0.00144654088734519,3.67152184468367e-05,-0.00356361592121957,-0.0022178361988896,-0.000286063695768668,6.47481704074693e-06,0,-0.00258102850230379,-0.00247770324796104,-0.000111602994563142,-0.00310912928210705,-0.00280512410956923
"17:7664862:T:C",-0.00736439538574007,-0.00281022454788626,-0.000182096369647056,-0.0010000029047772,-0.00484186456252145,-0.00938704165680804,-0.00114690170744591,-0.00192393210736475,-0.00233579678193951,-0.000433075326879084,-0.00514172633716115,-0.000194550681527517,-0.0030201377965815,-0.00382401698950474,-0.0035698836329674,-0.00446990670106029,-0.0058343623894217,-0.00705643042902793,-0.00509784992658835,0.00041710104083803,-0.00351351095886798,-3.03231627567513e-05,-0.000636891207143719,-0.00264327663068542,-0.00122653216523316,1.26597102525494e-05,0.289257335511542,0.00030216643378278,0.000370507453804514,-0.00507768353821447,-0.00293266044605955,-0.00304747333162192,-0.00351286114591431,-0.00602439301320734,-0.00136825055845158,-0.00424682686429856,-0.00356746312430634,-2.16391792768889e-05,-0.00524795866651573,-0.00606877314529974,-0.00759864015143563,-0.0109614840252057,-0.0123535737136229,-0.00274577570981815,-0.00549590128107669,-0.00200711093688666,-0.000893492219305347,0.000320794979871586,-8.09070640128695e-05,-0.00181151488925124,-0.00173436681141581,0,-0.00083905740692547,-0.000498165632513814,-0.0019773321490284,-0.00374012257250333,-0.00267103496386101,-0.00140617453075809,-0.00528613742051753,-0.0128881599277046,-0.0197585762714043,-0.000329508481844876,-0.0097549413111695,-0.00669666534317637,-0.00774350423223868,-0.0055425677790506,-0.000261313366567428,-0.00282758700239727,-0.000127975553954052,-0.00407247259638588,-0.0165200981408753,-0.0140637580994389,-0.000546021600911217,0,-7.40907417537962e-05,-0.00309542611348146,-0.000862860081032313,-0.00265012212939997,-0.00196341150646262
"17:7665293:A:G",-0.0104949987973884,-4.8720726313789e-05,-4.694206811795e-05,0.000110400680699563,-0.00411122702404709,-0.0138661667450544,0.000117988055708729,-0.00314426690601799,1.00952467132487e-05,-0.00235219097970063,0.000167086834617081,3.38017912984157e-05,-0.00247204645239218,-7.58886714384843e-05,0.000120568703009027,0.000142024947296981,-0.0018741548906096,3.38017912984157e-05,-0.00901697332159213,1.19236520621513e-05,-0.000926541865657882,-9.90217482916833e-05,1.64121968841968e-05,-7.72186396398311e-05,-4.02013545217628e-05,-0.00233004328665931,0.00030216643378278,0.106324131514326,-7.91350128261925e-05,-0.00281645928253482,2.07375390202102e-05,-0.00119696795205471,-8.42790775807956e-05,-3.02151781053084e-05,8.37376595290706e-05,3.88536767959025e-05,4.03938332391718e-05,-0.00156549411529827,5.99387307875787e-06,-0.0025063175796749,8.85279871072342e-05,-0.000457447955776402,-0.000533006075266407,-7.75205422440806e-05,2.12647189190562e-06,4.38485559026702e-05,0.000106090332661957,0.000165535852390875,-0.00114162514432703,-3.39376366840227e-05,-0.000125136374866663,0,5.6775274563492e-05,-0.000781977931057831,-0.00179190891137715,-0.00198684457784015,-0.00204406812911895,-0.00501434932075639,-1.63362746130602e-05,-0.00355617485563808,-0.00133894302772841,-0.000151908975232651,-0.00645280485059985,-0.00314438177901888,9.41123047137893e-05,-0.00012632490586828,4.49053421371914e-05,-0.00147544548474254,-5.22218068992331e-05,-0.00762981661666817,-0.00144459497257898,-0.00295588438152627,-1.23884669021024e-05,0,-0.00215715150223872,-4.51442641198341e-05,0.000136621156415551,-4.8720726313789e-05,-0.00446712454162279
"17:7665927:C:T",-0.000529618556551981,-4.0729488262059e-05,-3.92154326034344e-05,9.6269205146271e-05,0.00045147326316286,0.000442012149653337,0.000103146620741512,-1.34500766870715e-05,8.74221733226932e-06,2.71117295014278e-05,0.000148079856113981,2.89947389155998e-05,-0.000624013227646714,-6.30914406318794e-05,0.000105491181860984,-0.00181812349939392,0.000528040849906652,2.89947389155998e-05,-7.91350128261925e-05,0.000147611103574974,-0.00014701036575282,-8.17825983769893e-05,1.42285809170417e-05,-6.33985424407513e-05,-4.86005103592646e-05,5.49121539910047e-05,0.000370507453804514,-7.91350128261925e-05,-0.0046407711182308,-0.00024504346338805,1.79924237286855e-05,0.000131957690275186,-6.93634530897214e-05,4.74463136779235e-06,7.25288580865069e-05,0.000179429901233874,3.47722765541292e-05,1.99073434163921e-05,5.18675462579665e-06,0.00184079947873794,7.68151685335283e-05,-8.26155983331134e-05,0.000230586074256856,0.00237478433326999,2.31875642953128e-06,3.8204868366698e-05,9.26054326066961e-05,0.000146493718813367,-3.76842321330173e-05,-2.81201047664936e-05,0.000115141986249512,0,4.88557650371035e-05,-0.000128219441872801,5.18675462579665e-06,-8.40867930413935e-05,-0.000657877033511944,7.68151685335283e-05,-1.36018004441851e-05,1.92056403198748e-05,0.000151217362790668,0.000407597458535136,0.000117355565180333,-0.000117002077045569,0.000223620422953097,-0.000103713266363492,3.87347564254625e-05,0.000142781530999336,-4.3707304307361e-05,-0.000293298466551128,0.000424424471376916,-8.47862353037243e-06,-1.02059380893138e-05,0,5.69766840827768e-05,-3.76842321330173e-05,0.000120137658217168,0.000543126204520128,-8.71442724967864e-05
"17:7669345:T:G",-0.000493480527257617,5.58044540177605e-06,5.35469331097715e-06,-1.65535530509686e-05,-0.00279446726155363,-0.00399345850614541,-1.80281564778895e-05,-0.00527944826844085,-1.4783337469737e-06,-4.27576135386687e-06,-2.78222711775911e-05,-4.61503013227116e-06,-0.0017848666508673,8.36414689864284e-06,-1.85371651078015e-05,-2.2409880356733e-05,-0.00519646330288914,-4.61503013227116e-06,-0.00281645928253482,-2.94957409323615e-05,1.66934106804462e-05,-0.00312136928094464,-2.4290964120155e-06,7.92671739713313e-06,-0.00176045912130984,-9.0288231184843e-06,-0.00507768353821447,-0.00281645928253482,-0.00024504346338805,0.0771683020903264,-3.09164916867388e-06,-2.57644669066082e-05,8.7668976123112e-06,-0.000678650716753104,-1.20715226259449e-05,-0.000373152293197343,-0.00185291069353877,-3.43195686713926e-06,-0.00249009039107939,2.5033902224969e-05,-1.2938289682296e-05,7.68987936616838e-06,-0.0010012023502215,-0.00094961429867535,-0.00216189903164743,-0.00283770793789095,-1.62239850123314e-05,-2.69776623191831e-05,5.12498737847977e-06,3.65832085336137e-06,-2.06662497292953e-05,0,-7.8693623493109e-06,1.51534617858218e-05,-8.71670333246755e-07,1.02447029464159e-05,-0.00113640652985758,-1.2938289682296e-05,1.80664789262153e-06,-0.0101104193501831,-0.00688376379709421,-0.0015658664351772,-0.00125974841926446,-0.00566113395945411,-3.65230932155569e-05,1.27622585202047e-05,-6.40312877475679e-06,-1.76460861007754e-05,6.02044650488409e-06,5.3067653240646e-06,-0.00170220588308823,-0.000820502680690893,1.25468695788555e-06,0,-9.42896301836527e-06,5.12498737847977e-06,-2.17898335961308e-05,5.58044540177605e-06,-6.68915888875077e-05
"17:7669761:G:A",-0.0102459515379447,1.14699828470677e-05,1.09977524953564e-05,-0.00779602305187588,-6.62660375669866e-05,-0.00665813907417245,-3.72160724584347e-05,-0.000497238378563303,-0.00229031341870112,-8.83021857678301e-06,-0.00151119679770684,-9.53982515916607e-06,-1.026202408827e-05,1.72017876058916e-05,-3.82817529827051e-05,-4.62395780260749e-05,-0.00665506961061313,-9.53982515916607e-06,2.07375390202102e-05,-0.000102150617085073,3.43303377166038e-05,2.14699228804349e-05,-5.082137109369e-06,-0.00222572933201803,-3.96750860431894e-05,-1.86526849734747e-05,-0.00293266044605955,2.07375390202102e-05,1.79924237286855e-05,-3.09164916867388e-06,0.144496543755276,-0.00041542882589507,-0.00385427429636209,-0.00136141691676084,-2.48897350951793e-05,-0.00168838641738578,-0.00551260883238758,-0.0042070277077384,-1.82243299917673e-06,-3.09164916956206e-06,-2.67029232361438e-05,-0.00747845186374585,-0.00465587947689894,-0.000861748688740782,-1.8737414286818e-06,-0.00668064812868696,-0.00158628133461125,-0.00142509470693764,1.05171214981326e-05,-0.00192541932985346,-0.00315022548299115,0,-1.6227227409793e-05,3.11732346931493e-05,-1.82243299917673e-06,-0.00181319403080593,-0.00979388445093488,-2.67029232361438e-05,-0.00749094891573154,-0.00181328671613645,-0.00639840080776866,-0.00147114664989978,-0.00618508478362312,-0.00314272730009346,-0.00181149523248525,2.62402799080519e-05,-1.32828783971917e-05,-0.00479269686722716,-0.000170194047962369,-0.00173690659292447,-0.000202017848817349,-0.00204271320823057,2.51852280008791e-06,0,-1.94901843206807e-05,-0.00169963188549893,-4.50986263782482e-05,1.14699828470677e-05,-0.00797802492447897
"17:7672047:C:A",-0.00843582097049245,-4.33945985447437e-05,-0.00424731594152394,-0.00337422429403489,-0.0112618786181309,-0.00357929683847447,-0.00144296619501194,-0.00374635479247321,-0.00215008977044828,-0.000186459774682568,-0.000679670221851669,-7.39108099709895e-05,-0.00178852961775533,-8.00078917873037e-05,-0.00436474241070073,-0.0024860165314422,-0.00771380004591427,-0.00313614989694244,-0.000309723850680399,-0.00253777193829219,-0.000535994308289212,2.95661775311373e-05,-0.00166222507543967,-0.00202685415065584,-0.00954064621592599,-0.0026684095356746,-0.00304747333162192,-0.00119696795205471,0.000131957690275186,-2.57644669066082e-05,-0.00041542882589507,0.249416237544038,-0.00438600461525818,-0.00429645771820741,-0.00136732204197099,-0.000615153120709699,-0.0057950254451864,-0.00317716983818972,-0.0052428185724942,-7.03413341875958e-05,-0.000695816943883543,-0.00379630663379826,-0.00352818324442783,0.000129380955807612,-0.00395435305447922,-0.000570967164843506,-0.00461644155713703,-0.00110769369960995,-0.00259867695816762,-0.00593627352117476,-0.000610365894949005,0,-0.000762311394372439,-0.00498313198124656,-0.00591101524842053,-0.000492985548540048,-0.0180321089232516,-0.00235436710007697,-0.0156014592715987,-0.0144595042934323,-0.00999871209673486,-0.00365078336466418,-0.0045157172068313,-0.0068852398723469,-0.00214173944478402,-0.00418191456290895,-0.00179895690763754,-0.0003638629339342,-0.000174708872626717,-0.00875640979363812,-0.00162568966173282,-0.000799114645460008,-2.83871572772654e-05,0,-0.000413978280835892,-0.000435118929233091,-0.00205462078021057,-0.000417890176391822,-0.00374415368917136
"17:7672362:T:G",-0.00476486983170732,-0.00406623958634444,-4.06456919241904e-05,9.07302483934558e-05,-0.000150745107545092,-0.00252514467046083,9.67790363723964e-05,-0.000920750345033916,-0.00241330439157839,-0.00195224547852657,-0.00225089753654117,-0.00246230365285172,3.05331260541664e-05,-6.63978932315956e-05,9.88274487845331e-05,-0.00123330677950495,-0.0034812221054783,2.86835788880779e-05,-8.42790775807956e-05,-0.00941450903954522,-0.000511260021391458,-0.00114943457535954,1.42259108075748e-05,-6.71115916643927e-05,-0.00361163359876038,-0.00178962745751843,-0.00351286114591431,-8.42790775807956e-05,-6.93634530897214e-05,8.7668976123112e-06,-0.00385427429636209,-0.00438600461525818,0.0980278790540798,-0.00215875238104335,6.95521318334613e-05,-0.00167615910317931,-2.80372645997673e-05,1.98412574414775e-05,5.21147658183452e-06,8.7668976123112e-06,7.34655897858261e-05,-0.000282748986217385,-0.00295853454753825,-6.78880918476565e-05,-0.00025026066563516,-5.06217201579062e-06,-0.000418885431163751,-0.0015871675742174,-0.00135289648529557,-0.00212823850799637,-0.00232372717504958,0,4.76486573761647e-05,-0.00098167429669882,5.21147658183452e-06,-0.0014385188854531,-1.43834025054801e-05,-0.00145062057307488,-0.00161554250838325,-0.000687973979359491,-0.00529803306813115,-0.00123794973775748,-0.000887131975614075,-0.00035003504334874,-0.0014355018316845,-0.000880360613666475,-0.00197651477495064,-0.00172680198434527,-4.53922512342331e-05,-0.000426460714900934,-0.000608081555051321,-0.00121880376138783,-0.00164708170976624,0,5.52968476128513e-05,-3.90322380505737e-05,-0.00384193718609716,-4.22433657076837e-05,-0.00073027477209564
"17:7674850:C:T",-0.00303794196708695,-0.00128042697469599,-0.000799383956094246,-0.00228234967535101,-0.00483619217155251,-0.00175293021091827,-0.00281789237568209,-0.00857306968335081,-0.000798477377703222,-2.6040167533381e-05,-0.00149624217438404,-0.000104974248476886,-0.00128077089566059,-0.00421198008384138,-0.00142046268539575,-0.00235728098227028,-0.0041306723347394,-0.00655343484119619,-0.000341122552070416,-0.00033671699253679,-0.00273926855055251,-0.00227390683476614,-0.00392670510318682,-0.00403379633038892,-0.0010067939991445,-0.00334873119108003,-0.00602439301320734,-3.02151781053084e-05,4.74463136779235e-06,-0.000678650716753104,-0.00136141691676084,-0.00429645771820741,-0.00215875238104335,0.208526137005891,-0.00164778313406888,-0.00516660998115004,-0.00285505275690134,-0.00285132955555367,-0.000992925238332276,-5.03234954205567e-05,-0.00333917590131261,-0.0118115043015328,-0.00944677667533123,-0.00701291311744079,-0.00441474321291002,-0.00121095916921909,-0.00380075327868656,-0.00334093913828237,-0.00038596042969985,-0.00246171385970895,-0.000205854814018025,0,-0.000951664718567002,-0.00409859760489173,1.24650622268518e-06,-0.00398468909740757,-0.00202208580187691,-3.65870811940283e-05,-0.00744644107492753,-0.0028336355705596,-0.00117865529226879,-0.00103408594817322,-0.00116267487638666,-0.00175085183790769,-0.0119697372254022,-0.00220123049462817,-0.00070280389257249,-0.00278556177354705,-1.76920335750452e-05,-0.0045884456334524,-0.00249734363093701,-0.00261118232593649,-0.00512798575480744,0,-0.000517803417752205,-3.61021723715993e-06,-0.000659765949194036,-0.00533062707152876,-0.00170560147544485
"17:7678085:G:A",-0.00182006516026068,4.41446296424175e-05,-0.00168048209205818,-0.000111211192363569,-0.000621944527257945,-0.000160847317083324,-0.000120599481260086,0.000100829905396616,-0.00208468974466491,-3.16986859383306e-05,-0.000177526109958137,-0.000386068403705586,-3.69042470067527e-05,6.86333032513531e-05,-0.000123805616669692,-0.000145748532458967,-0.00229849577645336,-3.428595459809e-05,-0.00133639567866073,-0.00019389054698582,-0.00158873213917943,8.75711553973701e-05,-1.96684701361249e-05,6.08640087209622e-05,-0.000133250679106744,-0.000838348708790626,-0.00136825055845158,8.37376595290706e-05,7.25288580865069e-05,-1.20715226259449e-05,-2.48897350951793e-05,-0.00136732204197099,6.95521318334613e-05,-0.00164778313406888,0.0578597601099755,-0.0023946722041579,-4.22361607306243e-05,-2.75491112553539e-05,-7.15702741782565e-06,-1.20715226286094e-05,-8.94192177183228e-05,-0.00743933365911165,-0.00676690732594398,7.05925188517753e-05,-9.46159796999524e-06,-5.30614222844505e-05,-0.000111070261350932,-0.000170863627821483,3.98659272269342e-05,2.63936457312042e-05,-0.000137032944005355,0,0.0010147990383329,0.000137575577036309,-0.000847903751623136,-0.00216606150688037,-0.000166532201189007,-8.94192177183228e-05,1.27926517832222e-05,-0.00119382063600426,-0.00166937509125731,0.000131038840216036,-0.00581757958889106,-0.000944387497647803,-0.000289103492689513,0.000110803363764234,-4.76990809437083e-05,-0.000659265483842653,4.83234858474901e-05,-0.000903203756797311,-0.00632383429057271,-0.000825675634327894,8.05764551969901e-06,0,-0.000268229504414741,3.98659272269342e-05,-0.000143899031002981,4.41446296424175e-05,-0.00215007310800353
"17:7679048:A:C",-0.00412941459108218,-0.00104277327692781,-0.00390488013858636,-0.000764305392888076,-0.00232901321916756,-0.00221816492207427,-0.00355953314053981,-0.00355141525700997,-0.00669629561166118,5.2018155185074e-05,0.000115947616059486,-0.00208688779572075,-0.00075999348896616,-0.000130627730226429,0.000194759971015479,0.000228710820382005,-0.00635724443667529,-0.00578925397944552,-0.0025920790226861,5.21414121310571e-05,-0.000360035822351001,-0.00369474658643121,-3.81431199176774e-05,-0.000124759319141354,-0.000748631339332562,-0.00583641029430115,-0.00424682686429856,3.88536767959025e-05,0.000179429901233874,-0.000373152293197343,-0.00168838641738578,-0.000615153120709699,-0.00167615910317931,-0.00516660998115004,-0.0023946722041579,0.156872951555995,-0.0047306038873991,-0.00167858910387064,-0.00191438152215095,-0.000373152293197343,0.000144277166073792,-0.000730649859342236,-0.0007663797060804,-0.000522270071864561,-0.000973366139032983,-0.00431217428010644,5.71189501261671e-05,0.000265117496133449,-7.81395135103224e-05,-0.000150604487013872,0.000210572663992714,0,-0.00125556066138888,-0.00102022153853465,-0.00480501340166839,-0.000894604477884364,-0.00315624287280958,-0.0014620023464067,-2.92103909673713e-05,-0.0153962177106228,-0.00172134574999427,-0.00369878842210269,-0.00546502317181163,-0.00279257670591537,9.53902425662179e-05,-0.00375105456331681,-0.00185004485556206,-0.000553571391985308,0.000217346208740032,-0.00103811277598531,-0.00631904963927621,-0.00505261067465579,-0.000101235002945899,0,-0.00188384881719994,-0.0012983669094373,8.59973916291779e-05,-0.00419173501541437,-0.00196831679939402
"17:7679751:T:A",-0.000639482085703413,-0.00054291139699103,2.05695227446512e-05,-0.00104220572326241,-0.00155649018488191,-0.00150858838591006,-6.16021535861933e-05,-0.00410403784626912,-0.00185291069353877,-1.56317577175713e-05,-0.00192743246259131,-1.68757574883216e-05,-0.00154697147786109,3.30748358070565e-05,-0.00434487125262617,-7.52056887609598e-05,-0.00158025242060766,-0.00150197667870966,4.03938332391718e-05,-0.000211293216849207,7.25103480156974e-05,4.2032777231249e-05,-9.26322777683453e-06,-0.00202371863913697,-0.000682151517937157,-0.00130114735835196,-0.00356746312430634,4.03938332391718e-05,3.47722765541292e-05,-0.00185291069353877,-0.00551260883238758,-0.0057950254451864,-2.80372645997673e-05,-0.00285505275690134,-4.22361607306243e-05,-0.0047306038873991,0.100762713892772,-1.30133892843887e-05,-3.35476674084845e-06,-0.00154276899067796,-4.51771362808273e-05,-0.00273151013182105,-0.00199689995143171,-0.00113706826302007,-3.76284855896358e-06,-2.53046681848446e-05,-5.6156190569645e-05,-8.90089059151222e-05,1.96035795143601e-05,-0.00221097143009352,-7.01161595069166e-05,0,-2.81134743254086e-05,6.45221301400767e-05,-3.35476674084845e-06,-0.0020514344489504,-0.00177078077005888,-0.000995724130140374,-0.00334468375676256,-0.00683220963614062,-0.00106146565299792,-0.00173187240024575,-0.00179571433418868,-0.00234035233163876,-0.000153212065318264,-0.000501464774122162,-2.33629229580146e-05,-9.25784242378214e-05,-0.000450634350917412,-0.00699997847688305,-0.00180235884800606,-0.00233274238620584,4.39908741256545e-06,0,-3.35913772611107e-05,-0.00254876004444782,-7.37007514111099e-05,2.15224172119832e-05,-0.00333434748623018
"17:7679769:G:A",-0.00213802219111514,1.26872423003022e-05,1.21630058131927e-05,-3.77770665664912e-05,-0.00332560216141475,-0.000266029570642701,-4.12027079814692e-05,-0.00165557704599539,-3.43195686713926e-06,-9.77695026094239e-06,-0.00310931257935554,-1.05646866792597e-05,-1.13664469001407e-05,1.90296853217475e-05,-0.00333708706659674,-0.0010045317198184,-0.00162880668665055,-1.05646866792597e-05,-0.00156549411529827,-0.000879200525887747,-0.00131642758594275,2.37487749306098e-05,-5.64204253539202e-06,-7.79859814148409e-06,-0.000437830031696507,-2.06540346470163e-05,-2.16391792768889e-05,-0.00156549411529827,1.99073434163921e-05,-3.43195686713926e-06,-0.0042070277077384,-0.00317716983818972,1.98412574414775e-05,-0.00285132955555367,-2.75491112553539e-05,-0.00167858910387064,-1.30133892843887e-05,0.0769663707169812,-2.02291903139695e-06,-3.43195686802744e-06,-2.95620014849618e-05,-0.00214396034963826,-0.00182748919104192,1.94723609041603e-05,-2.10624198615506e-06,-0.00166495899024977,-0.00338845620941974,-6.15953618927634e-05,1.16294134420158e-05,8.21834931841181e-06,-0.00286701435383119,0,-1.79614441995213e-05,-0.00340751034542741,-2.02291903139695e-06,-0.00180466839324822,-0.00145854238706455,-2.95620014849618e-05,-0.00198730947838488,-0.00565317017579225,-0.00192747515801628,-0.000161077143506105,-0.000518409844382006,-0.00266127659903592,-0.00131920589898371,2.90270764784495e-05,-1.47205814773343e-05,-0.0023138860773102,1.37085116485025e-05,-0.00142938550725091,-6.24487732121537e-05,2.1128444371854e-06,2.77192348985267e-06,0,-0.0015341564744995,1.16294134420158e-05,-0.000187464997353004,1.26872423003022e-05,-0.00433620897155373
"17:7686235:G:A",-0.00263251257524733,3.31255421670562e-06,3.17945616767901e-06,-9.81441955349993e-06,-0.00469435668530505,-0.00284669449011421,-1.06837027837869e-05,-0.00543424881220567,-8.71670333246755e-07,-2.53346335288285e-06,-1.64714443986469e-05,-2.73349665125266e-06,-0.00289321219039884,4.96383019310542e-06,-1.09837022446158e-05,-1.32827752876707e-05,-0.00520274884653826,-2.73349665125266e-06,5.99387307875787e-06,-0.0049290129451709,9.90711146897638e-06,6.1999446465677e-06,-1.43203774705114e-06,4.71692887593633e-06,-0.00112628185496355,-5.34901708793001e-06,-0.00524795866651573,5.99387307875787e-06,5.18675462579665e-06,-0.00249009039107939,-1.82243299917673e-06,-0.0052428185724942,5.21147658183452e-06,-0.000992925238332276,-7.15702741782565e-06,-0.00191438152215095,-3.35476674084845e-06,-2.02291903139695e-06,0.0632034296182296,-0.00288376913171717,-7.66804448382175e-06,5.63564521982585e-06,6.21085322372039e-06,5.07624590362354e-06,-4.82845119442743e-07,-0.00238535033186338,-9.60424280016525e-06,-1.59923408853402e-05,3.04404098727673e-06,2.17974529626019e-06,-0.00164386092494251,0,-4.6654358438758e-06,8.99211149540946e-06,-5.14016637254144e-07,6.0925215645824e-06,-1.53507976063949e-05,-7.66804448382175e-06,1.07676773186682e-06,1.47048826866225e-05,-0.00228678976659857,-0.00169623749907899,-6.31683093201829e-05,-0.000713020082198312,-0.00255254276071248,7.5746926953002e-06,-3.78742823059497e-06,-0.00245478619547601,3.57200775713551e-06,1.43193269606101e-05,1.47204397435985e-05,5.84446910423253e-07,7.51447662317162e-07,0,-5.58487821855636e-06,3.04404098727673e-06,-1.29000148536562e-05,3.31255421670562e-06,-0.000856754938338256
"17:7688316:T:C",-0.00151548648922883,5.58044540177605e-06,5.35469331097715e-06,-1.65535530518568e-05,-0.0021661400402202,-0.00431164402461981,-1.80281564770013e-05,-0.00389742576981256,-1.47833374875006e-06,-4.27576135475505e-06,-2.78222711784792e-05,-4.61503013404752e-06,-0.00217854539150597,8.36414689686649e-06,-1.85371651086896e-05,-2.24098803576211e-05,-0.00618755290997441,-4.61503013404752e-06,-0.0025063175796749,-2.94957409323615e-05,1.66934106786698e-05,-0.00281122757808561,-2.42909641290368e-06,7.92671739535677e-06,-0.00180503598858817,-9.02882312026065e-06,-0.00606877314529974,-0.0025063175796749,0.00184079947873794,2.5033902224969e-05,-3.09164916956206e-06,-7.03413341875958e-05,8.7668976123112e-06,-5.03234954205567e-05,-1.20715226286094e-05,-0.000373152293197343,-0.00154276899067796,-3.43195686802744e-06,-0.00288376913171717,0.0683948779589478,-1.29382896840724e-05,-0.000310495639108233,-0.0015929965198902,0.00113622864345064,-0.00255557777228521,-0.00442059171464493,-1.62239850141077e-05,-2.69776623200713e-05,5.12498737670342e-06,3.65832085158502e-06,-2.06662497292953e-05,0,-7.8693623493109e-06,1.51534617849336e-05,-8.71670333246755e-07,1.02447029455277e-05,-0.00215841249182969,-1.29382896840724e-05,1.80664789173335e-06,-0.00948209212884965,-0.00574443359477605,0.000519976506948794,-0.000631421197931026,-0.00357529101732723,-8.10999604947682e-05,1.27622585193166e-05,-6.40312877564497e-06,-6.22229533790986e-05,6.02044650488409e-06,-3.92701019533703e-05,0.000383637059037767,-0.000384992921870442,1.25468695788555e-06,0,-9.42896301836527e-06,5.12498737670342e-06,-2.1789833597019e-05,5.58044540177605e-06,-0.000192259644847148
"17:7689280:A:C",-0.000832381180829955,4.68058097844448e-05,4.45399261010948e-05,-0.000119193336018064,-0.00277429147256925,0.00104013120697921,-0.000129386941643439,0.000105952931745534,-1.2938289682296e-05,-0.000814926879209033,-0.00170884349501144,-3.66216099534356e-05,-3.94381423136636e-05,7.26791276983718e-05,-0.00487373836641591,-0.000837106787126451,-0.00162272962779664,-3.66216099534356e-05,8.85279871072342e-05,-0.000209957085384183,0.000163375554061318,9.25922002572577e-05,-2.10929203650068e-05,-0.000389815587225506,-0.00119008411186883,-6.90008915347207e-05,-0.00759864015143563,8.85279871072342e-05,7.68151685335283e-05,-1.2938289682296e-05,-2.67029232361438e-05,-0.000695816943883543,7.34655897858261e-05,-0.00333917590131261,-8.94192177183228e-05,0.000144277166073792,-4.51771362808273e-05,-2.95620014849618e-05,-7.66804448382175e-06,-1.29382896840724e-05,0.0422931716338688,-0.00149521271936326,8.32188307722248e-05,7.47596271972739e-05,-0.00353596373973186,-5.70483525610399e-05,-0.000119227800617239,-0.000183780008791601,4.22461828621934e-05,2.7868869838521e-05,-0.00014726178773472,0,-6.00539304391745e-05,0.000145052277434665,-7.66804448382175e-06,-0.000375208269042915,-0.000179239547724031,-9.57544379360797e-05,1.35163238939029e-05,-9.43711726240082e-05,-0.000518179159455734,0.000138164199111834,-0.000799496239369368,-0.000371724510132232,-0.000314549224373017,-0.00212426291258527,-0.00390250865910602,0.000877045332814852,5.12560000736073e-05,-0.00112089766339984,0.000332272265924693,5.86866284191245e-06,8.44982146830375e-06,0,-7.20580045667774e-05,-0.00190168814158298,-0.000154742022128396,4.68058097844448e-05,-0.000970282911269216
"17:7692510:C:T",-0.00654193292799254,-0.000633011892998248,-0.00270184387031946,-0.00352420230575312,-0.0173587132227446,-0.00408756156716983,-0.00305365604778451,-0.00599483894100539,-0.00452277212348218,-0.00398236555583686,-0.00213477634836901,-0.00191414824671465,-7.10797595289137e-05,-0.002227622081592,-2.44132031053113e-05,-0.00537050189136323,-0.00806150805632688,-0.00410527291818852,-0.00655050634629983,-0.00505397190964008,-0.000304723461747702,-0.00145767927973495,-0.000353159443736484,-0.000143660945184809,-0.00672393507079905,-0.00311789117034866,-0.0109614840252057,-0.000457447955776402,-8.26155983331134e-05,7.68987936616838e-06,-0.00747845186374585,-0.00379630663379826,-0.000282748986217385,-0.0118115043015328,-0.00743933365911165,-0.000730649859342236,-0.00273151013182105,-0.00214396034963826,5.63564521982585e-06,-0.000310495639108233,-0.00149521271936326,0.278545194089918,-0.0018850548590148,-0.00322296002631717,-0.000562326681947223,-5.53479376854682e-05,-0.000181675284308014,-0.00239642531488915,-0.000153953997521938,-0.0030137256357694,-0.001752070594363,0,-0.00656525827614107,-0.00275841253056353,-0.00104302583779337,-0.0020833569712968,-0.00921752969707823,-0.000304432868150073,-0.0211151225853055,-0.0105549603831476,-0.00303144934729849,-0.00471528130050514,-0.00364859534901241,-0.00363309126924216,-0.00642521443953292,-0.0012918897427836,-0.00469434319730366,-0.000789859885484301,-5.15758741608252e-05,-0.00465378100642466,-0.00618960538369029,-0.00083366864038803,-0.00609359889303374,0,-0.00111025429305567,-0.00205756224432996,-0.00151500687481221,-0.00518316100677207,-0.00603747107462027
"17:7692656:C:T",-0.00527662644250571,-5.39114350948111e-05,-5.19018567528562e-05,0.000100513500592925,-0.00469519080506009,-0.00343229697374392,0.000106343416037546,-0.000555448972201056,-0.00192491942162842,3.19837442033233e-05,-0.00533414252175479,3.40795681017525e-05,-0.00181689644685168,-0.000932671720421219,-0.00302912740835382,0.000123253545400104,-0.00930570405348785,3.40795681017525e-05,-8.97376039965536e-06,-0.0052521099273477,-3.33278413391369e-05,4.09847554942999e-05,-0.00223028593325036,-0.00184685648976934,-0.000791531608486551,6.18502331155568e-05,-0.0123535737136229,-0.000533006075266407,0.000230586074256856,-0.0010012023502215,-0.00465587947689894,-0.00352818324442783,-0.00295853454753825,-0.00944677667533123,-0.00676690732594398,-0.0007663797060804,-0.00199689995143171,-0.00182748919104192,6.21085322372039e-06,-0.0015929965198902,8.32188307722248e-05,-0.0018850548590148,0.193861037648059,-0.00157656067583378,-0.000286802253606666,-6.25482560767665e-06,-0.0017278732066428,-0.00243862124241101,-0.00308593624272824,-0.00504403389655206,-0.00342154948886275,0,-0.00607665544195601,-0.00106848754674171,6.21085322372039e-06,-0.000782482712512689,-0.000351158939971619,-0.0032212459562162,-0.00166149917631397,-0.0152893126688225,-0.00179486407364982,-0.00397397534737021,-0.00537681350759334,-0.00471187458940214,-0.00404563162823557,-0.00349112617458314,9.70862868499012e-06,-0.000349890776377926,-5.78792761469771e-05,-0.00169116788538126,-0.00643526802030525,-0.000983902917957913,-0.00315731173546752,0,-0.00242443817182192,-0.00308593624272824,-0.000139522052898577,-0.00397001351536019,-0.00711716377404858
"17:7693728:T:C",-0.0036617265415293,-3.98327263448905e-05,-3.83451313625827e-05,9.35930899803594e-05,-0.00265398235834535,0.000423724222254229,0.000100263443318482,-0.000715451644005327,8.55480877071102e-06,2.64508302709743e-05,-0.00130398722015546,2.82894795091693e-05,-0.00132918696451956,-6.17705022021298e-05,0.000102536539392517,-0.0025263521854022,-0.00259152135693075,2.82894795091693e-05,-7.75205422440806e-05,0.000143460531044859,-0.000144473075814666,-8.01314961691446e-05,1.39206742035825e-05,-6.20111344611374e-05,-0.000755872507548716,5.3506050213592e-05,-0.00274577570981815,-7.75205422440806e-05,0.00237478433326999,-0.00094961429867535,-0.000861748688740782,0.000129380955807612,-6.78880918476565e-05,-0.00701291311744079,7.05925188517753e-05,-0.000522270071864561,-0.00113706826302007,1.94723609041603e-05,5.07624590362354e-06,0.00113622864345064,7.47596271972739e-05,-0.00322296002631717,-0.00157656067583378,0.0418585019761037,2.33014507777796e-06,3.7344079808932e-05,9.00981630316267e-05,0.000142085476302789,-3.68408533502063e-05,-2.74485863931417e-05,0.000111888471020727,0,4.76053942000121e-05,-0.000125907513356616,5.07624590362354e-06,-8.23413195272238e-05,-0.0033359135295763,7.47596271972739e-05,-0.000682024184521346,-0.00124360555212988,-0.00149636105751494,-0.000294276910714153,-0.000613550028690568,-0.000114731750353592,0.000216476392501441,-0.000101723599232884,3.77957443458143e-05,0.0001387057276796,0.00110243423545597,-0.000290158376217597,-0.00163741385382998,-8.24579439218098e-06,-9.93846523655861e-06,0,5.55168423748142e-05,-3.68408533502063e-05,0.00011672645186156,-0.003656396713696,-0.000860024991797381
"17:7693828:C:T",-0.00288304525610394,2.10300524106088e-06,-0.00312482788477553,-1.41553473858025e-05,-0.00114200151779231,-0.00151703193975639,-0.000409464149059069,-0.00179934568167983,-8.40551349412522e-07,-2.71473525970123e-06,-0.00268324089282412,-0.00401418831387002,-0.00256586033564865,2.33842382879601e-06,-0.00319191023341947,-2.10005141934033e-05,-0.0016465011150637,-0.00175744513470111,2.12647189190562e-06,-1.4523585052828e-05,-2.39223026108348e-05,2.0470764923175e-06,-0.002102641552856,-0.00232412635534551,-0.0013730558375471,-6.58970496836275e-06,-0.00549590128107669,2.12647189190562e-06,2.31875642953128e-06,-0.00216189903164743,-1.8737414286818e-06,-0.00395435305447922,-0.00025026066563516,-0.00441474321291002,-9.46159796999524e-06,-0.000973366139032983,-3.76284855896358e-06,-2.10624198615506e-06,-4.82845119442743e-07,-0.00255557777228521,-0.00353596373973186,-0.000562326681947223,-0.000286802253606666,2.33014507777796e-06,0.10547147629061,-0.0065822036103933,-0.00252273380295431,-2.68062484485299e-05,2.00759640200943e-06,-0.00180453623592491,-1.88977398085655e-05,0,-5.57305915727113e-06,-0.00111233180415393,-4.82845119442743e-07,-0.000267540601862848,-2.54500746255104e-05,-1.03284292416461e-05,8.87691096629339e-07,-0.00013230763024108,-0.000213476708579741,-0.00618499267757411,-0.00812805782656767,-0.0016069817100286,-0.00180348302734945,-0.000123093910176841,-0.000839400887180375,-0.000691845438797856,2.18092211223819e-06,-0.00688599355074349,-0.000183397686518205,-0.00191769391144714,6.38919960493922e-07,0,-0.00271804236884954,2.00759640200943e-06,-0.000998308453907804,2.10300524106088e-06,-0.00386541808434648
"17:7694550:G:C",-0.00786409252281528,2.42844613795867e-05,-0.00155724345645325,-7.27588867848183e-05,-0.00512840182526553,-0.00469580979185746,-0.00113426234764624,-0.00281791833421519,-0.0049991695484044,-1.88909044762653e-05,6.5112769440212e-05,-0.00164558097881251,-0.00146032232699067,3.6467598612866e-05,-0.00335528007980557,-9.8733668828288e-05,-0.00299817506041622,-2.04506879972755e-05,4.38485559026702e-05,-4.79983616408219e-07,-0.00223732958623035,-0.00138279528820462,-4.38828988968964e-06,-0.0045387603582272,-0.00387596604920581,-0.00301852039582862,-0.00200711093688666,4.38485559026702e-05,3.8204868366698e-05,-0.00283770793789095,-0.00668064812868696,-0.000570967164843506,-5.06217201579062e-06,-0.00121095916921909,-5.30614222844505e-05,-0.00431217428010644,-2.53046681848446e-05,-0.00166495899024977,-0.00238535033186338,-0.00442059171464493,-5.70483525610399e-05,-5.53479376854682e-05,-6.25482560767665e-06,3.7344079808932e-05,-0.0065822036103933,0.143748600447213,-0.00157627964826457,-0.00130146659682318,2.21888286020544e-05,-0.00188745415694846,-5.76117622976824e-05,0,-3.46022191246576e-05,6.61260773542338e-05,-0.00238535033186338,-0.00456991852651623,-0.000205476574349994,-5.70483525610399e-05,7.5951685820641e-06,-0.000806617454633063,-0.00568376782274971,-0.00140530512388803,-0.000201737443003225,-0.00470244668910169,-0.000404553490582771,-0.00295485342796997,-0.00376496786427438,-0.00627722382997931,2.63054885190073e-05,-0.00160369150516626,-0.00202449417958217,-0.00686119350216607,-3.39665956694546e-06,0,-0.00285010932240048,-0.00165741414438347,-0.00312505602278179,2.42844613795867e-05,-0.00198209269498939
"17:7699129:C:T",-0.000132204943184888,5.65794700904121e-05,-0.00259553974909554,-0.00014870993070204,-0.00295802568525394,-0.00192894050302517,-0.000161959399296308,-0.000830380954776722,-0.0016556433501842,-4.17825378367098e-05,-0.000242415326078493,-4.53032875062931e-05,-4.88718315514447e-05,8.75578292998114e-05,-0.000166499673745157,-0.000762656766102765,-0.000442005339380547,-4.53032875062931e-05,0.000106090332661957,-0.00465449110554683,-0.00159295922477654,-0.00254219869050321,-2.64967180516607e-05,-0.000879182364633024,-0.000184083976771277,-0.00114615375218818,-0.000893492219305347,0.000106090332661957,9.26054326066961e-05,-1.62239850123314e-05,-0.00158628133461125,-0.00461644155713703,-0.000418885431163751,-0.00380075327868656,-0.000111070261350932,5.71189501261671e-05,-5.6156190569645e-05,-0.00338845620941974,-9.60424280016525e-06,-1.62239850141077e-05,-0.000119227800617239,-0.000181675284308014,-0.0017278732066428,9.00981630316267e-05,-0.00252273380295431,-0.00157627964826457,0.0883706442791095,-0.000231577553180706,-0.00208335784276237,-0.00180924478731459,-0.00018531471641392,0,-7.42744678765561e-05,-0.00288297334979415,-0.00177630040485877,1.92402185152929e-05,-0.000226484553006223,-0.000119227800617239,1.60971287597178e-05,-0.000440373567649921,-0.00753484810901739,0.000164334069669536,-0.0028799369446153,-0.000482864138819927,-0.0032874139381045,0.000139743847200613,-0.00289858480365446,-0.00164875243127405,6.20579252865738e-05,-0.00218650147840904,-0.00776221590694437,-0.00036187013769684,-0.00178764615439064,0,-0.00121514669877243,5.09542224023107e-05,-0.000171609568151432,5.65794700904121e-05,-0.00315608548263269
"17:7699319:G:A",-0.000784833643140637,8.81549855398234e-05,8.33463007854363e-05,-0.000227251339196322,-1.35943086387869e-05,-0.00176307879268744,-0.000247893348540806,-0.000537041543708483,-2.69776623191831e-05,-6.55663685638075e-05,-0.000582844171260533,-7.13209557812178e-05,-7.7145383598598e-05,0.000137624515597068,-6.1805379323765e-05,-0.000298701521885825,0.000687901304004868,-7.13209557812178e-05,0.000165535852390875,-0.00128179344974289,0.000308290633290298,0.000174341752138041,-4.39653055126499e-05,0.000112936754860904,-0.000698885586476905,-0.000133444092762502,0.000320794979871586,0.000165535852390875,0.000146493718813367,-2.69776623191831e-05,-0.00142509470693764,-0.00110769369960995,-0.0015871675742174,-0.00334093913828237,-0.000170863627821483,0.000265117496133449,-8.90089059151222e-05,-6.15953618927634e-05,-1.59923408853402e-05,-2.69776623200713e-05,-0.000183780008791601,-0.00239642531488915,-0.00243862124241101,0.000142085476302789,-2.68062484485299e-05,-0.00130146659682318,-0.000231577553180706,0.0296458095811953,-0.0012835716212507,-0.000794639663348917,-0.000284047266079668,0,-0.000115076212447107,0.000275382805349444,-1.59923408853402e-05,0.000153118522570495,-0.000344279764370903,-0.000183780008791601,2.3255441576886e-05,-0.000325134080426004,-0.000299873426202524,0.000260051464449518,-6.81773476394198e-05,-0.000778268256955705,-0.00227813093397256,0.000220761489574173,-0.000101167544871217,-0.000385738636886401,9.76020113272469e-05,-0.000282215520109652,-0.00337047107491628,7.18807788846476e-06,1.26097749015841e-05,0,-0.00013971702947746,7.84794620116713e-05,-0.000299160968775247,8.81549855398234e-05,-0.000892680087430264
"17:7700063:C:T",-0.00302733821091028,-2.30349024539223e-05,-2.21160985738322e-05,5.24730550477415e-05,-0.000800230854180128,0.000215924423692115,-0.00185488710722481,-0.000828625402252925,5.12498737847977e-06,-0.00280167980329704,7.97479494822895e-05,1.62856359535724e-05,1.73805530723214e-05,-3.59886593708225e-05,-0.00195053682315027,6.74856249229805e-05,-5.4389256298748e-05,1.62856359535724e-05,-0.00114162514432703,-0.00027108591698255,-8.57780958991583e-05,-4.68060681440008e-05,8.3269150197296e-06,-3.5317758598552e-05,-0.00261686090765245,3.05066046335511e-05,-8.09070640128695e-05,-0.00114162514432703,-3.76842321330173e-05,5.12498737847977e-06,1.05171214981326e-05,-0.00259867695816762,-0.00135289648529557,-0.00038596042969985,3.98659272269342e-05,-7.81395135103224e-05,1.96035795143601e-05,1.16294134420158e-05,3.04404098727673e-06,5.12498737670342e-06,4.22461828621934e-05,-0.000153953997521938,-0.00308593624272824,-3.68408533502063e-05,2.00759640200943e-06,2.21888286020544e-05,-0.00208335784276237,-0.0012835716212507,0.0485745013075993,-1.54080433363291e-05,6.27069054370821e-05,0,2.70831327391363e-05,-0.00432893456369232,3.04404098727673e-06,-4.72817631411715e-05,7.55415552493588e-05,4.22461828621934e-05,-7.41690773242709e-06,-0.000452115398957176,-0.00019708777670413,-0.00370855486930299,-0.00386947071555888,-6.58948136242898e-05,-0.00170176200146432,-0.000983920993961718,-0.00257035752824386,-5.72352396250864e-05,-2.48443839110379e-05,-0.00017663302144566,-0.000405541183530644,-4.37402651254359e-06,-5.39888570738611e-06,0,-0.00229603184233085,-2.11877264923999e-05,6.53927187395098e-05,-2.30349024539223e-05,-0.000643071912254989
"17:7700687:C:T",-0.0035869503045336,-0.00394125541470025,-0.00135104386583063,3.39079461859626e-05,-0.00167733610407428,-0.000130711657856608,3.60922957804988e-05,-0.00352991686903881,3.65832085336137e-06,-0.00186971100669719,-0.00245498974814229,-0.00259873837427271,1.2013486943907e-05,-2.67713340020848e-05,3.6825493247683e-05,4.23021245818944e-05,-0.00137680792233752,-0.00259873837427271,-3.39376366840227e-05,-0.000451471003971804,-0.000393645682716048,-3.5289239824543e-05,-0.00194511846959156,-2.60428734542018e-05,-0.00187431952572847,2.05818889247311e-05,-0.00181151488925124,-3.39376366840227e-05,-2.81201047664936e-05,3.65832085336137e-06,-0.00192541932985346,-0.00593627352117476,-0.00212823850799637,-0.00246171385970895,2.63936457312042e-05,-0.000150604487013872,-0.00221097143009352,8.21834931841181e-06,2.17974529626019e-06,3.65832085158502e-06,2.7868869838521e-05,-0.0030137256357694,-0.00504403389655206,-2.74485863931417e-05,-0.00180453623592491,-0.00188745415694846,-0.00180924478731459,-0.000794639663348917,-1.54080433363291e-05,0.090276996393472,3.9781817165796e-05,0,1.83513512839184e-05,-0.00102064256261247,2.17974529626019e-06,-9.50231283116665e-05,4.65903415518554e-05,2.7868869838521e-05,-5.24023915193794e-06,-0.000225522703644288,-0.00430706517694945,-5.57907250211542e-05,-0.00242617827416147,-0.000103072602093413,-0.000534625792244725,-3.74846861719291e-05,1.50424179334863e-05,-0.00192935001902406,-1.82176022454072e-05,-0.0016957193113365,-0.0084549182962359,-0.00244448511683615,-0.00176030288710471,0,2.1333580041194e-05,-1.54080433363291e-05,-0.00172536873095464,-0.0011892811661145,-0.00167572608157984
"17:7701525:G:A",-0.00271345022107683,6.99543111384315e-05,6.63541394256839e-05,-0.000183088080296656,-0.00337289823799747,-0.00565936348433649,-0.000772301319675428,-0.0048358351280573,-2.06662497292953e-05,-5.19183437406312e-05,-0.00352252385191676,-5.63782117595224e-05,-6.08970218047844e-05,-0.0017099194061645,-0.000205278490651217,-0.000241713617225692,-0.00333566154001019,-5.63782117595224e-05,-0.000125136374866663,0.000457809071871651,0.000240973470547523,0.000137605116496964,-0.00012720336981431,-0.0012245771000936,-0.000230999081006544,-0.000106243689740992,-0.00173436681141581,-0.000125136374866663,0.000115141986249512,-2.06662497292953e-05,-0.00315022548299115,-0.000610365894949005,-0.00232372717504958,-0.000205854814018025,-0.000137032944005355,0.000210572663992714,-7.01161595069166e-05,-0.00286701435383119,-0.00164386092494251,-2.06662497292953e-05,-0.00014726178773472,-0.001752070594363,-0.00342154948886275,0.000111888471020727,-1.88977398085655e-05,-5.76117622976824e-05,-0.00018531471641392,-0.000284047266079668,6.27069054370821e-05,3.9781817165796e-05,0.078554221826435,0,-9.18470314559272e-05,0.000215064572887336,-1.22381986180642e-05,-0.00162194187899622,-0.0011539390618065,-0.000753904930867577,-0.0017724737751097,-0.000112229025686972,-0.00099187046704774,0.000204164498547321,-0.0065191571174017,-0.00162662964293769,-0.000507383862048627,0.000173544862642316,-7.95854528039541e-05,-0.000396572127654871,7.70170405894888e-05,-0.00740935944748777,-0.00577985341822274,7.0841017700829e-06,-0.00165089691989539,0,-0.000111171252758169,6.27069054370821e-05,-0.000240924908235129,6.99543111384315e-05,-0.00265634973143891
"17:7706242:T:C",0,0,0,0,0,0,0,0,0,0,0,0,0,0,0,0,0,0,0,0,0,0,0,0,0,0,0,0,0,0,0,0,0,0,0,0,0,0,0,0,0,0,0,0,0,0,0,0,0,0,0,0,0,0,0,0,0,0,0,0,0,0,0,0,0,0,0,0,0,0,0,0,0,0,0,0,0,0,0
"17:7709396:C:T",-0.000950389475479874,2.98559069520365e-05,2.84777748458254e-05,-7.485263164142e-05,-0.0010293534646344,-0.000771456199815113,-8.10305529697075e-05,7.05114873813528e-05,-0.000973140744210177,-2.12256641871633e-05,-0.000119017679214295,-0.00062626910844088,-2.46281179734353e-05,4.63402151753556e-05,-8.31405758638937e-05,-9.80585567464942e-05,-0.00297155300503604,-2.29167140259889e-05,-0.00161497937192312,-0.000128083815889468,-0.00189069898911409,5.92413570075223e-05,-1.28225886291133e-05,4.20580981455032e-05,-8.76555654052424e-05,-0.000430620151832706,-0.00083905740692547,5.6775274563492e-05,4.88557650371035e-05,-7.8693623493109e-06,-1.6227227409793e-05,-0.000762311394372439,4.76486573761647e-05,-0.000951664718567002,0.0010147990383329,-0.00125556066138888,-2.81134743254086e-05,-1.79614441995213e-05,-4.6654358438758e-06,-7.8693623493109e-06,-6.00539304391745e-05,-0.00656525827614107,-0.00607665544195601,4.76053942000121e-05,-5.57305915727113e-06,-3.46022191246576e-05,-7.42744678765561e-05,-0.000115076212447107,2.70831327391363e-05,1.83513512839184e-05,-9.18470314559272e-05,0,0.0466227391303251,9.28362034464669e-05,-4.6654358438758e-06,-0.00115216801774309,-0.000111765216458615,-6.00539304391745e-05,8.89737239795352e-06,-0.000786263577608359,-0.00102784448097193,8.8671879978186e-05,-0.0053301946919726,-0.00123070819544147,-0.000192084378983992,7.49119668119747e-05,-3.16847969470402e-05,-0.000120073267854792,3.25637992384387e-05,-0.000312791866551088,-0.00571113804006096,4.25141335824719e-06,5.81894965989704e-06,0,-0.000497727921862534,2.70831327391363e-05,-9.63672176679253e-05,2.98559069520365e-05,-0.00293316807217892
"17:7715772:C:T",-0.00623084536047314,-7.97966009091766e-05,-7.72039117062917e-05,0.000182178822426771,-0.00112041999469259,-0.00642717569450557,0.000194172987275643,-0.0011974575681748,1.51534617858218e-05,5.12038575575247e-05,0.000275360475419539,5.44786163096944e-05,5.77895125122296e-05,-0.000123569765896114,0.000198259195592243,-0.00222753181581226,-0.00159031658699504,5.44786163096944e-05,-0.000781977931057831,-0.00103045029549875,-0.000682737181927351,-0.000161492210865255,2.46566778567825e-05,-0.00102988142128524,-0.000307190312828887,0.000103389703513201,-0.000498165632513814,-0.000781977931057831,-0.000128219441872801,1.51534617858218e-05,3.11732346931493e-05,-0.00498313198124656,-0.00098167429669882,-0.00409859760489173,0.000137575577036309,-0.00102022153853465,6.45221301400767e-05,-0.00340751034542741,8.99211149540946e-06,1.51534617849336e-05,0.000145052277434665,-0.00275841253056353,-0.00106848754674171,-0.000125907513356616,-0.00111233180415393,6.61260773542338e-05,-0.00288297334979415,0.000275382805349444,-0.00432893456369232,-0.00102064256261247,0.000215064572887336,0,9.28362034464669e-05,0.0748707387204588,8.99211149540946e-06,-0.00204643302076235,0.000261476200410726,-0.00253783221893755,-2.80836455557321e-05,-0.00138787615005675,-0.000794729970030161,-0.000931528995748998,-0.000502946013432926,-0.00258207527070731,0.000136559943309855,-0.000205273498862013,7.14066715632455e-05,-0.00693891791139745,-8.48966607458479e-05,-0.000618956637025825,0.000353248637943615,-1.92533018195107e-05,-0.00135151006743417,0,-0.0025213426082944,-7.45821458991713e-05,-0.00275675738220205,-7.97966009091766e-05,-0.000252548729540614
"17:7715988:C:T",-4.20043606128573e-05,3.31255421670562e-06,-0.000742690850632499,-9.81441955349993e-06,-0.000680324357695383,-0.00136556758271755,-1.06837027837869e-05,-0.00213523636556889,9.66990004602764e-06,-2.53346335288285e-06,-1.64714443986469e-05,-2.73349665125266e-06,-2.9370039582588e-06,4.96383019310542e-06,-1.09837022446158e-05,-1.32827752876707e-05,-0.00214372069621049,-2.73349665125266e-06,-0.000150256988074027,-0.00249164851424055,-0.00155495119031901,6.1999446465677e-06,-1.43203774705114e-06,4.71692887593633e-06,-1.11651664722601e-05,-0.000881787920469002,-0.0019773321490284,-0.00179190891137715,5.18675462579665e-06,-8.71670333246755e-07,-1.82243299917673e-06,-0.00591101524842053,5.21147658183452e-06,1.24650622268518e-06,-0.000847903751623136,-0.00480501340166839,-3.35476674084845e-06,-2.02291903139695e-06,-5.14016637254144e-07,-8.71670333246755e-07,-7.66804448382175e-06,-0.00104302583779337,6.21085322372039e-06,5.07624590362354e-06,-4.82845119442743e-07,-0.00238535033186338,-0.00177630040485877,-1.59923408853402e-05,3.04404098727673e-06,2.17974529626019e-06,-1.22381986180642e-05,0,-4.6654358438758e-06,8.99211149540946e-06,0.070324137390994,-0.00461000411953272,-1.53507976063949e-05,-7.66804448382175e-06,1.07676773186682e-06,-0.00193037268812812,-0.0112044366203108,8.7062746061406e-06,-1.85904500051848e-05,-0.00277852820694591,-0.00195782095101915,7.5746926953002e-06,-3.78742823059497e-06,-0.00203207394389082,3.57200775713551e-06,-0.0024341510055228,-0.00183740127553911,-0.00114506717437646,7.51447662317162e-07,0,-0.00173921000104027,-0.00190973524592764,-1.29000148536562e-05,-0.00384380495715764,-6.96126358903371e-05
"17:7716130:G:A",-0.00405540837044693,-0.00112376496896616,-0.00555640347437425,-0.000697206365189551,-0.000664401940678516,-0.00232796904066168,-0.00369366562058726,-6.45623371857695e-05,-0.00639285803866319,-0.00188948366429464,-0.00010136079856693,-0.00196750337040008,3.60725993564515e-05,-8.05785152806493e-05,0.000115028413725682,-0.00115543082441238,-0.005275996811831,-0.00247843908431467,-0.00515073013590328,-0.000382718196703102,-0.00132113949296642,-0.000106386019794513,-0.00228409681857666,-0.00493785799446567,7.9107803759193e-05,-0.00552288198158202,-0.00374012257250333,-0.00198684457784015,-8.40867930413935e-05,1.02447029464159e-05,-0.00181319403080593,-0.000492985548540048,-0.0014385188854531,-0.00398468909740757,-0.00216606150688037,-0.000894604477884364,-0.0020514344489504,-0.00180466839324822,6.0925215645824e-06,1.02447029455277e-05,-0.000375208269042915,-0.0020833569712968,-0.000782482712512689,-8.23413195272238e-05,-0.000267540601862848,-0.00456991852651623,1.92402185152929e-05,0.000153118522570495,-4.72817631411715e-05,-9.50231283116665e-05,-0.00162194187899622,0,-0.00115216801774309,-0.00204643302076235,-0.00461000411953272,0.142166009436495,-0.00158820951891059,-0.00130473941324993,-1.68919296070769e-05,-0.00358580764122962,-0.000148203509175104,-0.0012875052221295,-0.00453956811362044,-0.00423582572390035,-0.000277464135290728,-0.0035260227775602,-0.00199121280774417,-0.000573553812415639,0.000138185576619598,-0.00490794553676999,-0.00626349946819982,-0.00394818195111224,-6.08162745772134e-05,0,-6.11985519096692e-05,-0.00138123753177499,2.72044073117428e-05,-0.00401851648367479,-0.0036223939753115
"17:7718566:T:C",-0.00335231310999085,-0.000893640872403623,8.01491338249249e-05,-0.000365095940232152,-0.00121910273185311,-0.00217935774716249,-0.00162364371774704,-0.000317005616794042,-0.00152059299629581,-6.34464096700427e-05,-0.00563216233079356,-6.90210335667629e-05,-0.00160646484680438,0.000131777395376176,-0.00300697553085083,-0.000293401576596075,-0.00478358486732722,-0.0012015863881869,-0.00204406812911895,-0.001399918068822,0.000292422657152791,-0.00234179581864868,-4.23013984507392e-05,-0.00349106265689958,0.000683287643571617,-0.00104529262152564,-0.00267103496386101,-0.00204406812911895,-0.000657877033511944,-0.00113640652985758,-0.00979388445093488,-0.0180321089232516,-1.43834025054801e-05,-0.00202208580187691,-0.000166532201189007,-0.00315624287280958,-0.00177078077005888,-0.00145854238706455,-1.53507976063949e-05,-0.00215841249182969,-0.000179239547724031,-0.00921752969707823,-0.000351158939971619,-0.0033359135295763,-2.54500746255104e-05,-0.000205476574349994,-0.000226484553006223,-0.000344279764370903,7.55415552493588e-05,4.65903415518554e-05,-0.0011539390618065,0,-0.000111765216458615,0.000261476200410726,-1.53507976063949e-05,-0.00158820951891059,0.150994259435537,-0.000776169016659445,-0.00362541951729689,-0.0143052246104514,-0.00468483568171951,-0.000744170853613113,-0.00179521482331335,-0.00432116079062794,-0.0030704624994522,-0.00075893795016313,-0.00134246711387931,-0.00163143406038646,-0.000711828855923358,-0.00189147163416425,-0.00424675371225991,-0.00100392680165839,1.24141948871781e-05,0,-0.000135841126062353,-0.00214104028462714,-0.000293865329020093,8.46977018769124e-05,-0.00483804915745889
"17:7720057:A:G",-0.000271013929120656,4.68058097844448e-05,4.45399261010948e-05,-0.000119193336018064,-0.00379102970755874,0.000188234293745815,-0.000129386941643439,-0.00276843510196212,-0.00123585752241695,-0.000814926879209033,-0.000191259566372004,-3.66216099534356e-05,-3.94381423136636e-05,7.26791276983718e-05,-0.000132871120567479,-0.000156564267682846,-0.000871657234424283,-3.66216099534356e-05,-0.0044610255331099,-0.00237360757636385,0.000163375554061318,9.25922002572577e-05,-2.10929203650068e-05,6.42224856362006e-05,-0.000143832652539366,-0.000713740860848411,-0.00140617453075809,-0.00501434932075639,7.68151685335283e-05,-1.2938289682296e-05,-2.67029232361438e-05,-0.00235436710007697,-0.00145062057307488,-3.65870811940283e-05,-8.94192177183228e-05,-0.0014620023464067,-0.000995724130140374,-2.95620014849618e-05,-7.66804448382175e-06,-1.29382896840724e-05,-9.57544379360797e-05,-0.000304432868150073,-0.0032212459562162,7.47596271972739e-05,-1.03284292416461e-05,-5.70483525610399e-05,-0.000119227800617239,-0.000183780008791601,4.22461828621934e-05,2.7868869838521e-05,-0.000753904930867577,0,-6.00539304391745e-05,-0.00253783221893755,-7.66804448382175e-06,-0.00130473941324993,-0.000776169016659445,0.0552121803562358,1.35163238939029e-05,-0.000120223209588488,-0.000242382874764857,0.000138164199111834,-0.000634435874892425,-0.0010694749411071,-0.00120992962981603,0.000116994702087148,-5.10618376754479e-05,-0.000195247200168502,5.12560000736073e-05,-0.0075822346731016,0.000332272265924693,5.86866284191245e-06,8.44982146830375e-06,0,-0.0043495405190983,4.22461828621934e-05,-0.000154742022128396,4.68058097844448e-05,-0.000613205018387575
"17:7720835:G:A",-0.006281148737874,-0.0040157976440911,-7.76990024853319e-06,-0.00268224094440228,-0.00413955224579965,-0.00563829511621261,-0.00145965757006206,-0.00354449491857345,1.80664789262153e-06,5.11324833674109e-06,-0.00339253975870957,5.47820117802189e-06,5.84534231773404e-06,-1.29291249972852e-05,-0.00665384590949447,2.05027860982199e-05,-0.00166611674004535,-0.00203887475879228,-1.63362746130602e-05,-3.23460013422761e-05,-3.26230569216435e-05,-1.70123699323455e-05,2.91973441335358e-06,-1.23953519057807e-05,-0.00295819968381927,9.99361693398981e-06,-0.00528613742051753,-1.63362746130602e-05,-1.36018004441851e-05,1.80664789262153e-06,-0.00749094891573154,-0.0156014592715987,-0.00161554250838325,-0.00744644107492753,1.27926517832222e-05,-2.92103909673713e-05,-0.00334468375676256,-0.00198730947838488,1.07676773186682e-06,1.80664789173335e-06,1.35163238939029e-05,-0.0211151225853055,-0.00166149917631397,-0.000682024184521346,8.87691096629339e-07,7.5951685820641e-06,1.60971287597178e-05,2.3255441576886e-05,-7.41690773242709e-06,-5.24023915193794e-06,-0.0017724737751097,0,8.89737239795352e-06,-2.80836455557321e-05,1.07676773186682e-06,-1.68919296070769e-05,-0.00362541951729689,1.35163238939029e-05,0.143650503803801,-0.0024331714883159,-0.00442378659063625,-2.68576934461251e-05,-0.00427708061502052,-0.000109405460205991,3.20061619332179e-05,-2.20847297480731e-05,7.33582112388831e-06,2.33970610246104e-05,1.92618967123082e-05,-0.000119560661318907,-0.00326669625102394,-1.39108804475541e-06,-1.76140565955052e-06,0,1.03628364582775e-05,-0.0031348871348742,2.00336373223919e-05,-8.12016132645255e-06,-0.00974406348839629
"17:7720858:A:T",-0.00540665805328411,9.51239486877142e-05,-0.00113126922084383,-0.00176025548206127,-0.00353442634757117,-0.0189159276667743,-0.00291739297405513,-0.00830492561496454,-0.00135606774177432,-0.00259839187802857,-0.00102270127945658,2.05491866722696e-06,-0.00974303661482967,-0.000901440528035202,-0.00223069877751048,-0.00084220576262517,-0.0116105302646434,2.05491866722696e-06,-0.00355617485563808,-0.00205714950098956,-0.000427229272407459,-0.00289577877973901,-2.25915991016734e-05,-0.00107358191931262,-0.0165175094806136,-0.00051639175045004,-0.0128881599277046,-0.00355617485563808,1.92056403198748e-05,-0.0101104193501831,-0.00181328671613645,-0.0144595042934323,-0.000687973979359491,-0.0028336355705596,-0.00119382063600426,-0.0153962177106228,-0.00683220963614062,-0.00565317017579225,1.47048826866225e-05,-0.00948209212884965,-9.43711726240082e-05,-0.0105549603831476,-0.0152893126688225,-0.00124360555212988,-0.00013230763024108,-0.000806617454633063,-0.000440373567649921,-0.000325134080426004,-0.000452115398957176,-0.000225522703644288,-0.000112229025686972,0,-0.000786263577608359,-0.00138787615005675,-0.00193037268812812,-0.00358580764122962,-0.0143052246104514,-0.000120223209588488,-0.0024331714883159,0.289261306499582,-0.00176348728383902,-0.00336784139840152,-0.00621095371945568,-0.00486097385579853,-0.00036542777259374,-0.00864217381123389,-0.00214364175156412,-0.00242179023623823,0.000517017397148045,-6.2779337518748e-05,-0.00689798993700697,-0.00700679670875282,-0.00587640607279472,0,0.0001295800291361,-0.000452115398957176,-0.000450361470496929,-0.000253373366590814,-0.000790446765177588
"17:7721030:G:A",-0.000754976482130409,-0.0102159491944089,-0.00894659260530339,-0.00376404983732037,-0.00848457743381203,-0.00476196716962507,-0.0142168047111992,-0.00343607514211053,-0.00262818557624733,-0.00905719239226155,-0.00162951733213035,-2.50788084041886e-05,-0.0119439607546399,6.19465808844311e-05,-0.0026623347249517,-0.00151598716599821,-0.015131329652891,-0.00760774724258262,-2.92862780941761e-05,-0.00646396554057871,0.000142619751281714,-0.00159136918536973,-0.00259913646819498,-0.00243793086734057,-0.00484532297291729,-0.00509411656822412,-0.0197585762714043,-0.00133894302772841,0.000151217362790668,-0.00688376379709421,-0.00639840080776866,-0.00999871209673486,-0.00529803306813115,-0.00117865529226879,-0.00166937509125731,-0.00172134574999427,-0.00106146565299792,-0.00192747515801628,-0.00228678976659857,-0.00574443359477605,-0.000518179159455734,-0.00303144934729849,-0.00179486407364982,-0.00149636105751494,-0.000213476708579741,-0.00568376782274971,-0.00753484810901739,-0.000299873426202524,-0.00019708777670413,-0.00430706517694945,-0.00099187046704774,0,-0.00102784448097193,-0.000794729970030161,-0.0112044366203108,-0.000148203509175104,-0.00468483568171951,-0.000242382874764857,-0.00442378659063625,-0.00176348728383902,0.345807458529509,-0.0099502577106878,-0.0108949949357262,-0.00449770944044081,-0.0148943585182253,-0.00364525567281726,-0.00998964429794924,-0.00294072309000848,4.64662734032117e-05,-0.00555746928184719,-0.00174205557414941,-0.00791573441514171,-0.00098278279473174,0,-0.000335841471901688,-0.0182525888276306,-0.00138222960262668,-0.00498577423217306,-0.00277431501368719
"17:7721196:T:C",-0.00507954938626565,-0.000818813344423575,-0.000978560001490436,0.000173039537551212,-0.00401268173105018,-0.00239845018516593,-0.000406810157143944,-0.000492674777724744,-0.0015658664351772,-0.00256045896509427,-0.00181159693042066,5.22211416242868e-05,-0.0019268405043853,-0.000615793173390777,0.000188272057623173,-0.00162088026116258,0.000366019820516428,-0.00212761537072215,-0.000151908975232651,-0.00299061936955436,-0.000285934061725612,-0.000156272951723935,-0.00168112821469357,-0.000351406380166175,-0.000705784148246735,-0.00220215314074856,-0.000329508481844876,-0.000151908975232651,0.000407597458535136,-0.0015658664351772,-0.00147114664989978,-0.00365078336466418,-0.00123794973775748,-0.00103408594817322,0.000131038840216036,-0.00369878842210269,-0.00173187240024575,-0.000161077143506105,-0.00169623749907899,0.000519976506948794,0.000138164199111834,-0.00471528130050514,-0.00397397534737021,-0.000294276910714153,-0.00618499267757411,-0.00140530512388803,0.000164334069669536,0.000260051464449518,-0.00370855486930299,-5.57907250211542e-05,0.000204164498547321,0,8.8671879978186e-05,-0.000931528995748998,8.7062746061406e-06,-0.0012875052221295,-0.000744170853613113,0.000138164199111834,-2.68576934461251e-05,-0.00336784139840152,-0.0099502577106878,0.113187021416237,-0.00166682958008924,-0.00838334661090734,-0.00342298022587606,-0.00181694853955872,-0.00259924635107378,-0.00176983564105448,-8.18485373166311e-05,-0.000245779212976416,-0.00506328553878266,-1.82768929004595e-05,-2.1168946680028e-05,0,-0.000185738961873128,-7.17708279509566e-05,0.000212371505059927,-7.6864745901517e-05,-0.00249853190505034
"17:7721231:T:C",-0.00364695660874714,-0.00555504014439023,-0.00197118872141466,-0.00124151717466958,-0.00158347235289424,-0.00322265252720033,-0.000927464342127315,-0.00182708487197791,-0.000204377333727912,1.75175265404448e-05,-0.0053592440100525,-0.00194973806582333,-0.000364770719758489,-0.000964694277531208,-0.00190603269001244,-0.000759641981987969,-0.00976239978080873,-0.00363592390703449,-0.00109184908973337,-0.00471296663375487,-0.00212612632015396,-0.00195472233965699,-0.00421701464142732,-0.000132535848570647,-0.00303854117575986,-0.000205435426805956,-0.0097549413111695,-0.00645280485059985,0.000117355565180333,-0.00125974841926446,-0.00618508478362312,-0.0045157172068313,-0.000887131975614075,-0.00116267487638666,-0.00581757958889106,-0.00546502317181163,-0.00179571433418868,-0.000518409844382006,-6.31683093201829e-05,-0.000631421197931026,-0.000799496239369368,-0.00364859534901241,-0.00537681350759334,-0.000613550028690568,-0.00812805782656767,-0.000201737443003225,-0.0028799369446153,-6.81773476394198e-05,-0.00386947071555888,-0.00242617827416147,-0.0065191571174017,0,-0.0053301946919726,-0.000502946013432926,-1.85904500051848e-05,-0.00453956811362044,-0.00179521482331335,-0.000634435874892425,-0.00427708061502052,-0.00621095371945568,-0.0108949949357262,-0.00166682958008924,0.228529870603678,-0.00487107324454961,-0.00150490305623752,-0.00260878814222565,-0.00102188125441316,-0.00341992391580304,0.000356816751182265,-0.00627304415622598,-0.00298295751328137,-0.000945829459393366,-0.00342218346420164,0,-0.00527716491379238,-0.00171194444398193,-0.000398760902464268,-0.00401017040758234,-0.0133001451052523
"17:7721542:G:A",-0.00955176144103209,-7.69105486515542e-05,-6.83745890333043e-05,0.000138051214043422,-0.00249802875865646,-0.00191761556482195,-0.000257344432123219,-0.00236168495731581,-4.34759659011519e-05,-0.00197691299805225,-0.00195775417262123,4.51885940666585e-05,-0.00703915869315619,-0.000838365259737017,-0.00268706864750801,-0.00281679712819383,-0.00576950048298608,-0.00237072353712353,-0.00638957237582272,-0.00140756053239333,0.000565885981939296,-0.000487409529464244,2.14535787970149e-05,-0.00748889545127263,-0.000503586230646391,-0.000727039740005431,-0.00669666534317637,-0.00314438177901888,-0.000117002077045569,-0.00566113395945411,-0.00314272730009346,-0.0068852398723469,-0.00035003504334874,-0.00175085183790769,-0.000944387497647803,-0.00279257670591537,-0.00234035233163876,-0.00266127659903592,-0.000713020082198312,-0.00357529101732723,-0.000371724510132232,-0.00363309126924216,-0.00471187458940214,-0.000114731750353592,-0.0016069817100286,-0.00470244668910169,-0.000482864138819927,-0.000778268256955705,-6.58948136242898e-05,-0.000103072602093413,-0.00162662964293769,0,-0.00123070819544147,-0.00258207527070731,-0.00277852820694591,-0.00423582572390035,-0.00432116079062794,-0.0010694749411071,-0.000109405460205991,-0.00486097385579853,-0.00449770944044081,-0.00838334661090734,-0.00487107324454961,0.184206886402653,-4.85574433870539e-05,-0.00113468571399267,-7.73253868047163e-06,1.98163170379573e-05,0.000216899029105377,-0.0118887376913746,-0.00134129309827902,-0.000341053170036076,-0.00157716718640177,0,-0.000938018808086305,-0.00130016574981973,0.000166033343031557,-0.0033692699434642,-0.00628518892115482
"17:7723513:T:C",-0.0062426063495038,0.000135205828873275,-0.00205725844636273,-0.000622693696024967,-0.010067039339277,-0.00642353976261933,-0.000811653675234503,-1.94884190793942e-05,-0.000424083163414579,-0.000109350390227192,-0.000675685607084198,-0.00312111591105602,-0.000162048915479218,0.000209209369837815,-0.000705747172052185,-0.00331986669393824,-0.00815170672010934,-0.000187652610438072,9.41123047137893e-05,-0.00478056355690537,0.000146243916092637,-0.00501410101968602,-0.000357054016361324,5.14383598941848e-05,-0.00635110819959461,-1.54629006781093e-05,-0.00774350423223868,9.41123047137893e-05,0.000223620422953097,-3.65230932155569e-05,-0.00181149523248525,-0.00214173944478402,-0.0014355018316845,-0.0119697372254022,-0.000289103492689513,9.53902425662179e-05,-0.000153212065318264,-0.00131920589898371,-0.00255254276071248,-8.10999604947682e-05,-0.000314549224373017,-0.00642521443953292,-0.00404563162823557,0.000216476392501441,-0.00180348302734945,-0.000404553490582771,-0.0032874139381045,-0.00227813093397256,-0.00170176200146432,-0.000534625792244725,-0.000507383862048627,0,-0.000192084378983992,0.000136559943309855,-0.00195782095101915,-0.000277464135290728,-0.0030704624994522,-0.00120992962981603,3.20061619332179e-05,-0.00036542777259374,-0.0148943585182253,-0.00342298022587606,-0.00150490305623752,-4.85574433870539e-05,0.160230874725741,-0.00288064542350597,-0.00128496440842785,-0.000664212435853351,0.000151056648943104,-0.00275246178644339,-0.000230606166445657,-0.00181873302957936,-0.00198257469038143,0,-0.000318306237541144,-0.00240883902912259,-0.000791098420431346,-0.00142237546870572,-0.0078612607737103
"17:7724129:G:A",-0.00926241849392362,-0.000727279070773079,-0.000887377496209929,0.000146477597168015,-0.0135434011944522,-0.00383141968862066,0.000156357257514728,-8.71125303829601e-05,1.27622585202047e-05,-0.00227283278984647,-0.00230182068171203,-0.00379917426798482,4.70333858029193e-05,-9.97119935242097e-05,0.000159721097715781,0.000188835117540087,-0.00602435607457918,-0.00205611815436946,-0.00012632490586828,-0.00029203477873363,-0.00440945597617759,-0.000803228010897605,2.07593881498269e-05,-0.00345322368103407,-0.000524572598094686,8.36970516084889e-05,-0.0055425677790506,-0.00012632490586828,-0.000103713266363492,1.27622585202047e-05,2.62402799080519e-05,-0.00418191456290895,-0.000880360613666475,-0.00220123049462817,0.000110803363764234,-0.00375105456331681,-0.000501464774122162,2.90270764784495e-05,7.5746926953002e-06,1.27622585193166e-05,-0.00212426291258527,-0.0012918897427836,-0.00349112617458314,-0.000101723599232884,-0.000123093910176841,-0.00295485342796997,0.000139743847200613,0.000220761489574173,-0.000983920993961718,-3.74846861719291e-05,0.000173544862642316,0,7.49119668119747e-05,-0.000205273498862013,7.5746926953002e-06,-0.0035260227775602,-0.00075893795016313,0.000116994702087148,-2.20847297480731e-05,-0.00864217381123389,-0.00364525567281726,-0.00181694853955872,-0.00260878814222565,-0.00113468571399267,-0.00288064542350597,0.123407967607978,5.84239592740232e-05,3.25425267178048e-06,-6.85831891651389e-05,-0.00764638603262036,-0.0018873528188541,-0.00127240117955996,-0.00126349424640804,0,-0.00196402282537811,-5.97787009510853e-05,-0.0024036173343065,-6.42290649439659e-05,-0.000448460018410923
"17:7724159:A:C",-0.00164201299687239,2.40215174107661e-05,2.29542955212381e-05,-6.42549600513576e-05,-0.00709274424836259,-0.000424805533505435,-0.000958136262186216,-0.0100102560129898,-6.40312877475679e-06,-1.75943090363617e-05,-0.00308544883784734,-1.90055262025979e-05,-2.04370804013365e-05,3.68436677389283e-05,-7.16918557426283e-05,-8.53409262635552e-05,-5.48442977876817e-06,-1.90055262025979e-05,4.49053421371914e-05,-0.00544147529507466,-0.00148251074320171,4.67264293062541e-05,-1.04705375703062e-05,-0.00204049249219196,-7.56869115523529e-05,-3.63320399703326e-05,-0.000261313366567428,4.49053421371914e-05,3.87347564254625e-05,-6.40312877475679e-06,-1.32828783971917e-05,-0.00179895690763754,-0.00197651477495064,-0.00070280389257249,-4.76990809437083e-05,-0.00185004485556206,-2.33629229580146e-05,-1.47205814773343e-05,-3.78742823059497e-06,-6.40312877564497e-06,-0.00390250865910602,-0.00469434319730366,9.70862868499012e-06,3.77957443458143e-05,-0.000839400887180375,-0.00376496786427438,-0.00289858480365446,-0.000101167544871217,-0.00257035752824386,1.50424179334863e-05,-7.95854528039541e-05,0,-3.16847969470402e-05,7.14066715632455e-05,-3.78742823059497e-06,-0.00199121280774417,-0.00134246711387931,-5.10618376754479e-05,7.33582112388831e-06,-0.00214364175156412,-0.00998964429794924,-0.00259924635107378,-0.00102188125441316,-7.73253868047163e-06,-0.00128496440842785,5.84239592740232e-05,0.0863254839917849,-0.00010478210273579,2.61118429820684e-05,0.000109286349147197,-0.0016990852702401,-0.00198537463125259,4.87158305784163e-06,0,-3.79265100649562e-05,2.18719624323072e-05,-0.00299813067131538,2.40215174107661e-05,-0.00151202953015916
"17:7725660:C:A",-0.00175669932383915,8.73220572099598e-05,-0.00281789364765306,-0.000243679306995759,-0.00255940366860807,0.000199974679466308,-0.000267586792508823,-0.00127143897010562,-1.76460861007754e-05,-0.000249605510938444,0.000543479578064776,-7.37080721124883e-05,-0.000113319239703813,-0.00603969490177203,-0.00362561829043972,-0.000932132231443283,-0.000924382221653808,-7.37080721124883e-05,-0.00147544548474254,-0.00104763773263095,-9.21532336217723e-06,-0.00224856916046168,-0.000174276322992384,-0.00146309839108039,-0.00196356454390845,-0.00144654088734519,-0.00282758700239727,-0.00147544548474254,0.000142781530999336,-1.76460861007754e-05,-0.00479269686722716,-0.0003638629339342,-0.00172680198434527,-0.00278556177354705,-0.000659265483842653,-0.000553571391985308,-9.25784242378214e-05,-0.0023138860773102,-0.00245478619547601,-6.22229533790986e-05,0.000877045332814852,-0.000789859885484301,-0.000349890776377926,0.0001387057276796,-0.000691845438797856,-0.00627722382997931,-0.00164875243127405,-0.000385738636886401,-5.72352396250864e-05,-0.00192935001902406,-0.000396572127654871,0,-0.000120073267854792,-0.00693891791139745,-0.00203207394389082,-0.000573553812415639,-0.00163143406038646,-0.000195247200168502,2.33970610246104e-05,-0.00242179023623823,-0.00294072309000848,-0.00176983564105448,-0.00341992391580304,1.98163170379573e-05,-0.000664212435853351,3.25425267178048e-06,-0.00010478210273579,0.102455258383955,9.63711651458254e-05,-0.00356077095092644,5.0704429354731e-05,-0.00428909546308898,-0.00203383908440635,0,-0.00316135047284405,-0.0025342413308751,-0.00309419435376945,8.73220572099598e-05,0.000207871927222936
"17:7728764:A:G",-2.09423347206084e-05,-2.69545694324691e-05,-2.59054052635932e-05,6.41278810880053e-05,-0.000340403130928202,0.000299205200166242,6.88250829199433e-05,-7.26786073004249e-05,6.02044650488409e-06,1.81278282092023e-05,-0.00065151511215511,1.94213660176246e-05,2.07294228831145e-05,-4.17999831130444e-05,7.0426321671313e-05,8.32735938045559e-05,-0.000279291929322412,-0.000840356566654599,-5.22218068992331e-05,0.000100222589272114,-9.71261556008685e-05,-5.40724595605724e-05,9.79837140135942e-06,0.000112967804989594,6.8180747728519e-05,3.67152184468367e-05,-0.000127975553954052,-5.22218068992331e-05,-4.3707304307361e-05,6.02044650488409e-06,-0.000170194047962369,-0.000174708872626717,-4.53922512342331e-05,-1.76920335750452e-05,4.83234858474901e-05,0.000217346208740032,-0.000450634350917412,1.37085116485025e-05,3.57200775713551e-06,6.02044650488409e-06,5.12560000736073e-05,-5.15758741608252e-05,-5.78792761469771e-05,0.00110243423545597,2.18092211223819e-06,2.63054885190073e-05,6.20579252865738e-05,9.76020113272469e-05,-2.48443839110379e-05,-1.82176022454072e-05,7.70170405894888e-05,0,3.25637992384387e-05,-8.48966607458479e-05,3.57200775713551e-06,0.000138185576619598,-0.000711828855923358,5.12560000736073e-05,1.92618967123082e-05,0.000517017397148045,4.64662734032117e-05,-8.18485373166311e-05,0.000356816751182265,0.000216899029105377,0.000151056648943104,-6.85831891651389e-05,2.61118429820684e-05,9.63711651458254e-05,0.00042015755750402,9.13744737651712e-06,-0.000213732480821349,-5.27466022415268e-06,-6.46746926857844e-06,0,3.81303109788789e-05,-2.48443839110379e-05,8.04284383013609e-05,-2.69545694324691e-05,6.74234777582328e-05
"17:7729184:A:G",-0.0135713182707486,-0.00292877902480626,-0.00140631766580679,-0.000381061214096867,-0.00261959323225369,-0.00438608553572495,-2.50445929070864e-05,-0.00556550122579269,-0.00229869035451191,-0.00177043135150523,-0.00469351083761627,-0.00432873947685142,-0.00188463908862868,-0.00094896320184823,-0.00182984923163687,-0.002207811566179,-0.00434438751100963,-0.00593621934526567,-0.0117587825862691,-0.00778952647494524,-0.000989884169013244,-0.00282108981102169,-0.00157653062050223,-0.00876190408791633,-0.00450646312710834,-0.00356361592121957,-0.00407247259638588,-0.00762981661666817,-0.000293298466551128,5.3067653240646e-06,-0.00173690659292447,-0.00875640979363812,-0.000426460714900934,-0.0045884456334524,-0.000903203756797311,-0.00103811277598531,-0.00699997847688305,-0.00142938550725091,1.43193269606101e-05,-3.92701019533703e-05,-0.00112089766339984,-0.00465378100642466,-0.00169116788538126,-0.000290158376217597,-0.00688599355074349,-0.00160369150516626,-0.00218650147840904,-0.000282215520109652,-0.00017663302144566,-0.0016957193113365,-0.00740935944748777,0,-0.000312791866551088,-0.000618956637025825,-0.0024341510055228,-0.00490794553676999,-0.00189147163416425,-0.0075822346731016,-0.000119560661318907,-6.2779337518748e-05,-0.00555746928184719,-0.000245779212976416,-0.00627304415622598,-0.0118887376913746,-0.00275246178644339,-0.00764638603262036,0.000109286349147197,-0.00356077095092644,9.13744737651712e-06,0.239114656891893,-0.00226746556250434,-0.00358980076206272,-0.000269262115511815,0,-0.0060447877012777,-0.00311200186501814,0.000124382545879875,-0.000202012967037923,0.000767401435917581
"17:7729488:C:T",-0.00337995152954829,-0.00436108714740424,-0.00124794413083773,0.000418546925416763,-0.00109008483609063,-0.000702889337219847,-0.00256850874939918,-0.000738252082117086,-0.0038565650728577,-0.0019854943830051,0.000449222778801328,-0.00021386943122792,-0.00200289086568262,-0.0015303586981732,-0.00527164595096252,0.000530181786071893,-0.0171546626652574,0.000123246277957456,-0.00144459497257898,-0.00335351230891057,-0.00365572081824261,-0.00362572710475906,-0.000237694758491891,-2.82924084160641e-05,-0.00557504033968037,-0.0022178361988896,-0.0165200981408753,-0.00144459497257898,0.000424424471376916,-0.00170220588308823,-0.000202017848817349,-0.00162568966173282,-0.000608081555051321,-0.00249734363093701,-0.00632383429057271,-0.00631904963927621,-0.00180235884800606,-6.24487732121537e-05,1.47204397435985e-05,0.000383637059037767,0.000332272265924693,-0.00618960538369029,-0.00643526802030525,-0.00163741385382998,-0.000183397686518205,-0.00202449417958217,-0.00776221590694437,-0.00337047107491628,-0.000405541183530644,-0.0084549182962359,-0.00577985341822274,0,-0.00571113804006096,0.000353248637943615,-0.00183740127553911,-0.00626349946819982,-0.00424675371225991,0.000332272265924693,-0.00326669625102394,-0.00689798993700697,-0.00174205557414941,-0.00506328553878266,-0.00298295751328137,-0.00134129309827902,-0.000230606166445657,-0.0018873528188541,-0.0016990852702401,5.0704429354731e-05,-0.000213732480821349,-0.00226746556250434,0.202958797322559,-0.00014412461476887,-0.00420906445689795,0,0.000241529975225419,-0.000198785845797467,-0.00261189565130682,-0.00436108714740424,-0.00184300817403749
"17:7729706:A:G",-0.00283507820567586,-2.03229345565603e-05,-0.00267538391554556,6.60991412537726e-06,-0.00187255807243325,-0.000508829677083433,-0.00130060202782012,-0.00095219042645045,-1.4498513862371e-05,2.6044428551586e-06,-0.00555934076730402,2.77593303543711e-06,-0.00222817365399219,-8.01201965128229e-06,6.88196762954618e-06,7.1878197465125e-06,-0.00469238549634587,2.77593303543711e-06,-0.00295588438152627,-0.00482946780623728,-0.00439535594168827,-0.00326156885099049,1.5461563807051e-06,-7.61095511414567e-06,-0.000211459002643188,-0.000286063695768668,-0.0140637580994389,-0.00295588438152627,-8.47862353037243e-06,-0.000820502680690893,-0.00204271320823057,-0.000799114645460008,-0.00121880376138783,-0.00261118232593649,-0.000825675634327894,-0.00505261067465579,-0.00233274238620584,2.1128444371854e-06,5.84446910423253e-07,-0.000384992921870442,5.86866284191245e-06,-0.00083366864038803,-0.000983902917957913,-8.24579439218098e-06,-0.00191769391144714,-0.00686119350216607,-0.00036187013769684,7.18807788846476e-06,-4.37402651254359e-06,-0.00244448511683615,7.0841017700829e-06,0,4.25141335824719e-06,-1.92533018195107e-05,-0.00114506717437646,-0.00394818195111224,-0.00100392680165839,5.86866284191245e-06,-1.39108804475541e-06,-0.00700679670875282,-0.00791573441514171,-1.82768929004595e-05,-0.000945829459393366,-0.000341053170036076,-0.00181873302957936,-0.00127240117955996,-0.00198537463125259,-0.00428909546308898,-5.27466022415268e-06,-0.00358980076206272,-0.00014412461476887,0.120540024431466,-9.67712717958591e-07,0,4.82013232527834e-06,-4.37402651254359e-06,7.15537666629018e-06,-4.82537311352615e-06,-8.1781658498592e-06
"17:7731813:A:G",-0.0136664347188273,-5.93570354823214e-06,-5.66792108003256e-06,9.92361244911422e-06,-0.00185378401005476,-0.00497851322756659,1.04253531363341e-05,-4.13235259246747e-05,1.25468695788555e-06,3.4513846918216e-06,1.27271106533655e-05,3.68850979270974e-06,3.92553746397795e-06,-9.66942585378661e-06,1.0587987714139e-05,1.16813509913882e-05,-0.000333505106426824,3.68850979270974e-06,-1.23884669021024e-05,7.13330258239608e-06,-0.000340618765404699,-1.2940412259077e-05,2.01221537388108e-06,-0.00249529485960398,-0.00229899025125135,6.47481704074693e-06,-0.000546021600911217,-1.23884669021024e-05,-1.02059380893138e-05,1.25468695788555e-06,2.51852280008791e-06,-2.83871572772654e-05,-0.00164708170976624,-0.00512798575480744,8.05764551969901e-06,-0.000101235002945899,4.39908741256545e-06,2.77192348985267e-06,7.51447662317162e-07,1.25468695788555e-06,8.44982146830375e-06,-0.00609359889303374,-0.00315731173546752,-9.93846523655861e-06,6.38919960493922e-07,-3.39665956694546e-06,-0.00178764615439064,1.26097749015841e-05,-5.39888570738611e-06,-0.00176030288710471,-0.00165089691989539,0,5.81894965989704e-06,-0.00135151006743417,7.51447662317162e-07,-6.08162745772134e-05,1.24141948871781e-05,8.44982146830375e-06,-1.76140565955052e-06,-0.00587640607279472,-0.00098278279473174,-2.1168946680028e-05,-0.00342218346420164,-0.00157716718640177,-0.00198257469038143,-0.00126349424640804,4.87158305784163e-06,-0.00203383908440635,-6.46746926857844e-06,-0.000269262115511815,-0.00420906445689795,-9.67712717958591e-07,0.0735496870183545,0,6.69193568292314e-06,-5.39888570738611e-06,-0.0017103299168415,-5.93570354823214e-06,-0.000940372726568217
"17:7733555:A:G",0,0,0,0,0,0,0,0,0,0,0,0,0,0,0,0,0,0,0,0,0,0,0,0,0,0,0,0,0,0,0,0,0,0,0,0,0,0,0,0,0,0,0,0,0,0,0,0,0,0,0,0,0,0,0,0,0,0,0,0,0,0,0,0,0,0,0,0,0,0,0,0,0,0,0,0,0,0,0
"17:7734114:A:C",0.000228703593237789,3.49413505285057e-05,3.33163392731706e-05,-9.00466642477227e-05,-0.000447558609912413,6.69491500921993e-05,-9.77048331654018e-05,-0.00555622194165029,-0.00161600936817319,-2.52548099082262e-05,-0.000144988303145688,-0.000194769131371508,-2.93689086134918e-05,5.40385236051932e-05,-0.000100325977061999,-0.000653625917194312,-0.00484771016008878,-2.72985728964059e-05,-0.000183413908158236,-0.00306256929024418,0.000120476232388533,6.8817078865635e-05,-1.53858464484458e-05,4.87400999862331e-05,-0.000106982227269015,-0.00258102850230379,-7.40907417537962e-05,-0.00215715150223872,5.69766840827768e-05,-9.42896301836527e-06,-1.94901843206807e-05,-0.000413978280835892,5.52968476128513e-05,-0.000517803417752205,-0.000268229504414741,-0.00188384881719994,-3.35913772611107e-05,-0.0015341564744995,-5.58487821855636e-06,-9.42896301836527e-06,-7.20580045667774e-05,-0.00111025429305567,-0.00242443817182192,5.55168423748142e-05,-0.00271804236884954,-0.00285010932240048,-0.00121514669877243,-0.00013971702947746,-0.00229603184233085,2.1333580041194e-05,-0.000111171252758169,0,-0.000497727921862534,-0.0025213426082944,-0.00173921000104027,-6.11985519096692e-05,-0.000135841126062353,-0.0043495405190983,1.03628364582775e-05,0.0001295800291361,-0.000335841471901688,-0.000185738961873128,-0.00527716491379238,-0.000938018808086305,-0.000318306237541144,-0.00196402282537811,-3.79265100649562e-05,-0.00316135047284405,3.81303109788789e-05,-0.0060447877012777,0.000241529975225419,4.82013232527834e-06,6.69193568292314e-06,0,0.0695689502560959,3.16704549589986e-05,-0.00011682073861774,-0.00317328865133248,-0.000374699171555193
"17:7734174:G:A",-0.00253016747480306,-2.30349024539223e-05,-0.00281106386613938,-0.00123017029893813,-0.00315813370410734,-0.000777982251186415,5.62183040102582e-05,-0.00031974033377935,-0.00178352696330641,1.52015690160212e-05,-0.000144812708565922,1.62856359535724e-05,1.73805530723214e-05,-3.59886593708225e-05,-0.00195053682315027,6.74856249229805e-05,-0.00126346944139311,-0.00246171027742648,-4.51442641198341e-05,-0.00256271605143965,-8.57780958991583e-05,-4.68060681440008e-05,8.3269150197296e-06,-3.5317758598552e-05,-0.00598000357715467,-0.00247770324796104,-0.00309542611348146,-4.51442641198341e-05,-3.76842321330173e-05,5.12498737847977e-06,-0.00169963188549893,-0.000435118929233091,-3.90322380505737e-05,-3.61021723715993e-06,3.98659272269342e-05,-0.0012983669094373,-0.00254876004444782,1.16294134420158e-05,3.04404098727673e-06,5.12498737670342e-06,-0.00190168814158298,-0.00205756224432996,-0.00308593624272824,-3.68408533502063e-05,2.00759640200943e-06,-0.00165741414438347,5.09542224023107e-05,7.84794620116713e-05,-2.11877264923999e-05,-1.54080433363291e-05,6.27069054370821e-05,0,2.70831327391363e-05,-7.45821458991713e-05,-0.00190973524592764,-0.00138123753177499,-0.00214104028462714,4.22461828621934e-05,-0.0031348871348742,-0.000452115398957176,-0.0182525888276306,-7.17708279509566e-05,-0.00171194444398193,-0.00130016574981973,-0.00240883902912259,-5.97787009510853e-05,2.18719624323072e-05,-0.0025342413308751,-2.48443839110379e-05,-0.00311200186501814,-0.000198785845797467,-4.37402651254359e-06,-5.39888570738611e-06,0,3.16704549589986e-05,0.0864499899210207,6.53927187395098e-05,-2.30349024539223e-05,-0.000574104957839161
"17:7736242:C:G",-0.00326983764711786,7.30095447272205e-05,6.92263605852617e-05,-0.000192432670099052,-0.00467875508708326,-0.00408805351917163,-0.00427045483239397,7.65307154813044e-05,-2.17898335961308e-05,-5.44695443247534e-05,-0.000314896956470356,-0.00126087107280703,-6.395538435644e-05,-0.00159305742301452,-0.000944311291476652,-0.00025441688162342,-0.000293589964966756,-5.91806681313756e-05,0.000136621156415551,-0.00306142485255023,-0.000119107234178628,-0.00181989470518396,-0.00276700192705182,-0.00040367915627737,-0.000458868695377923,-0.000111602994563142,-0.000862860081032313,0.000136621156415551,0.000120137658217168,-2.17898335961308e-05,-4.50986263782482e-05,-0.00205462078021057,-0.00384193718609716,-0.000659765949194036,-0.000143899031002981,8.59973916291779e-05,-7.37007514111099e-05,-0.000187464997353004,-1.29000148536562e-05,-2.1789833597019e-05,-0.000154742022128396,-0.00151500687481221,-0.000139522052898577,0.00011672645186156,-0.000998308453907804,-0.00312505602278179,-0.000171609568151432,-0.000299160968775247,6.53927187395098e-05,-0.00172536873095464,-0.000240924908235129,0,-9.63672176679253e-05,-0.00275675738220205,-1.29000148536562e-05,2.72044073117428e-05,-0.000293865329020093,-0.000154742022128396,2.00336373223919e-05,-0.000450361470496929,-0.00138222960262668,0.000212371505059927,-0.000398760902464268,0.000166033343031557,-0.000791098420431346,-0.0024036173343065,-0.00299813067131538,-0.00309419435376945,8.04284383013609e-05,0.000124382545879875,-0.00261189565130682,7.15537666629018e-06,-0.0017103299168415,0,-0.00011682073861774,6.53927187395098e-05,0.0637095085299224,7.30095447272205e-05,0.000303466856201862
"17:7736480:T:A",-0.0015039357958031,-0.000714327694153916,-2.40307567445086e-05,5.8369251890511e-05,-0.00257506454910406,-0.000252989487168342,6.25987932254546e-05,-6.79545397472836e-05,5.58044540177605e-06,1.6682773199328e-05,8.95371684768165e-05,1.78733884697024e-05,1.90767308261286e-05,-3.89262148576819e-05,6.40386233525803e-05,-0.00314116049094615,-0.00542931129471569,1.78733884697024e-05,-0.00447633438275208,9.08535542327726e-05,-9.15147033255792e-05,-5.04786366013477e-05,9.07545925521447e-06,-3.82976058341811e-05,-0.00136166079170508,-0.00310912928210705,-0.00265012212939997,-4.8720726313789e-05,0.000543126204520128,5.58044540177605e-06,1.14699828470677e-05,-0.000417890176391822,-4.22433657076837e-05,-0.00533062707152876,4.41446296424175e-05,-0.00419173501541437,2.15224172119832e-05,1.26872423003022e-05,3.31255421670562e-06,5.58044540177605e-06,4.68058097844448e-05,-0.00518316100677207,-0.00397001351536019,-0.003656396713696,2.10300524106088e-06,2.42844613795867e-05,5.65794700904121e-05,8.81549855398234e-05,-2.30349024539223e-05,-0.0011892811661145,6.99543111384315e-05,0,2.98559069520365e-05,-7.97966009091766e-05,-0.00384380495715764,-0.00401851648367479,8.46977018769124e-05,4.68058097844448e-05,-8.12016132645255e-06,-0.000253373366590814,-0.00498577423217306,-7.6864745901517e-05,-0.00401017040758234,-0.0033692699434642,-0.00142237546870572,-6.42290649439659e-05,2.40215174107661e-05,8.73220572099598e-05,-2.69545694324691e-05,-0.000202012967037923,-0.00436108714740424,-4.82537311352615e-06,-5.93570354823214e-06,0,-0.00317328865133248,-2.30349024539223e-05,7.30095447272205e-05,0.0783691425524058,-0.000593943870411451
"17:7737331:C:T",-0.00411013978555674,-0.00485033237614108,-0.00166067093884781,-0.00366812700187413,-0.00241043118353801,-0.00119493900421208,-0.00349917193673566,-0.00193479835949484,-0.00722752109051505,-0.00162621206388636,-0.000132803807546988,-0.00196404881397338,-0.00060275353718886,-0.00118196562824835,-0.00268891805880189,-0.00131436729634515,-0.00236134333613469,-0.00755059420292259,-0.00792152069823171,-0.00258495028115169,-0.00407139479968688,-0.00777056221827355,-0.00199731552629734,-0.00330633985763384,-0.000557585508622171,-0.00280512410956923,-0.00196341150646262,-0.00446712454162279,-8.71442724967864e-05,-6.68915888875077e-05,-0.00797802492447897,-0.00374415368917136,-0.00073027477209564,-0.00170560147544485,-0.00215007310800353,-0.00196831679939402,-0.00333434748623018,-0.00433620897155373,-0.000856754938338256,-0.000192259644847148,-0.000970282911269216,-0.00603747107462027,-0.00711716377404858,-0.000860024991797381,-0.00386541808434648,-0.00198209269498939,-0.00315608548263269,-0.000892680087430264,-0.000643071912254989,-0.00167572608157984,-0.00265634973143891,0,-0.00293316807217892,-0.000252548729540614,-6.96126358903371e-05,-0.0036223939753115,-0.00483804915745889,-0.000613205018387575,-0.00974406348839629,-0.000790446765177588,-0.00277431501368719,-0.00249853190505034,-0.0133001451052523,-0.00628518892115482,-0.0078612607737103,-0.000448460018410923,-0.00151202953015916,0.000207871927222936,6.74234777582328e-05,0.000767401435917581,-0.00184300817403749,-8.1781658498592e-06,-0.000940372726568217,0,-0.000374699171555193,-0.000574104957839161,0.000303466856201862,-0.000593943870411451,0.204962448445793
