"","6:71124627:C:T","6:71132582:C:G","6:71132613:A:C","6:71132900:G:A","6:71135578:G:A","6:71137931:T:A","6:71140019:A:G","6:71141015:G:T","6:71141321:T:C","6:71142585:A:T","6:71145404:A:G","6:71148296:C:A","6:71149577:C:T","6:71150001:C:T","6:71151370:A:G","6:71152662:C:T","6:71154132:A:C","6:71154554:A:T","6:71155068:T:C","6:71158553:C:T","6:71160752:C:T","6:71161119:T:C","6:71161903:C:T","6:71161991:T:C","6:71162569:T:C","6:71164978:C:T","6:71169197:A:G","6:71171251:G:A","6:71172953:G:C","6:71175334:C:T","6:71176695:C:T","6:71176867:A:G","6:71178565:C:A","6:71178785:G:A","6:71180382:A:G","6:71180823:G:T","6:71182490:C:G","6:71183678:G:A","6:71186018:G:T","6:71187321:C:A","6:71187862:A:G","6:71189074:G:A","6:71195442:C:T","6:71196774:G:A","6:71199377:C:T","6:71204601:A:G","6:71207776:A:C","6:71208451:A:C","6:71208663:G:A","6:71210226:G:A","6:71211575:T:C","6:71213042:A:T","6:71213468:A:C","6:71213848:C:T","6:71214998:G:A","6:71215824:G:T","6:71216811:C:G","6:71219860:C:T","6:71221854:G:T","6:71222517:C:A","6:71224669:C:G","6:71224694:C:G","6:71225285:C:T","6:71227649:C:T","6:71227796:A:G","6:71228164:T:G","6:71229283:T:C","6:71229340:G:C","6:71230282:G:T","6:71231681:G:A","6:71233312:A:T","6:71238105:A:G","6:71239628:G:T","6:71239898:G:C","6:71245387:A:G","6:71245567:G:A","6:71249001:C:G","6:71249556:A:G","6:71249833:T:G","6:71252675:A:C","6:71256560:T:C","6:71256604:G:T","6:71257401:A:T","6:71263398:T:A","6:71266625:T:G","6:71266978:A:C","6:71267410:A:C","6:71270231:A:T","6:71270605:A:G","6:71271184:G:A","6:71271444:A:G"
"6:71124627:C:T",0.0254046517260607,6.22114526249717e-05,-0.00010361792056468,-2.03947845598407e-05,1.34238773048523e-05,-0.00124428059164927,-4.24021779625861e-05,0.00084149699720637,4.91812519705093e-05,-0.000491102285450573,0,5.63886381250711e-05,-0.00145942046131609,6.90801377034589e-05,-0.00189585034698503,-5.60969275715806e-05,-9.0288231184843e-06,0.00084149699720637,-8.32167775994819e-05,9.99361693398981e-06,-0.000642069158098835,-3.8442501464786e-05,-0.00221287675197512,-5.60969275715806e-05,9.99361693398981e-06,-0.00145942046131609,3.35034740155393e-05,-0.00305619115752176,0.000559636834031707,-3.8442501464786e-05,-0.00234607143633436,-1.6677524515174e-05,5.48843732044446e-05,-0.000642069158098835,0,-0.000124123187105418,5.06409314580125e-05,-0.00131661123084026,0.00084149699720637,-4.11583411628058e-05,9.99361693398981e-06,-0.00145942046131609,-0.000642069158098835,-0.00162381416719271,-1.28037555171545e-05,-2.03947845598407e-05,1.34238773048523e-05,-4.11583411628058e-05,0.000102259868112853,-0.000106243689740992,0.00084149699720637,6.50114899336529e-05,-6.06205554243289e-05,-0.0011080687090681,-0.000112874921322614,5.06409314580125e-05,9.99361693398981e-06,4.46895682006954e-05,9.99361693398981e-06,1.34238773048523e-05,1.34238773048523e-05,-6.76360618188099e-05,0.00084149699720637,-2.03947845598407e-05,-0.00174454453478745,-0.000106243689740992,-4.86975095421727e-05,-0.000389995489319617,9.99361693398981e-06,-0.00221287675197512,4.91812519705093e-05,-0.00116835335602072,-0.000124123187105418,-0.00245533836484579,0.00084149699720637,-0.000177196156288417,1.34238773048523e-05,-4.24021779625861e-05,-1.09041710407709e-05,9.99361693398981e-06,-0.00165199893719237,5.06409314580125e-05,5.63886381250711e-05,3.05066046335511e-05,-8.32185983146161e-05,0.00084149699720637,3.67152184468367e-05,1.34238773048523e-05,-0.000101027126025777,4.91812519705093e-05,7.17087378756531e-05
"6:71132582:C:G",6.22114526249717e-05,0.0391981857063031,-0.000121906766201718,2.68361806030626e-05,-1.97965497177321e-05,-0.000158498558948672,-0.000158729703565008,6.22114526249717e-05,-7.13019145139882e-05,0.000149081891805292,0,-8.61726545071662e-05,-0.00236620412815203,-0.000762405999141791,-0.00252130673961659,-0.00200849691947536,9.91566728369975e-06,6.22114526249717e-05,-0.000266346719888233,-1.5993739387099e-05,0.000234912075379068,-8.51701867459198e-05,-4.7826834710385e-05,6.91101779706216e-05,-1.5993739387099e-05,-0.00236620412815203,-0.0013818665854135,4.84863889838039e-05,7.38288636066287e-05,-0.00244200751077717,-0.0020486163674498,1.82277611733284e-05,-0.00295236842113766,0.000234912075379068,0,-0.000195287826737278,-0.00416762145159311,4.17546918614065e-05,6.22114526249717e-05,5.33332615253457e-05,-1.5993739387099e-05,-0.00236620412815203,0.000234912075379068,-0.000192539758542942,1.40280142844063e-05,2.68361806030626e-05,-1.97965497177321e-05,5.33332615253457e-05,0.000180702387321929,-0.00198564051001071,6.22114526249717e-05,-9.58399852928338e-05,7.38288636066287e-05,0.000180364592101245,-0.000141443028404353,-0.00416762145159311,-1.5993739387099e-05,0.000361891509811585,-1.5993739387099e-05,-1.97965497177321e-05,-1.97965497177321e-05,8.10935540300761e-05,6.22114526249717e-05,2.68361806030626e-05,-1.40620435331584e-05,-0.00198564051001071,-6.60967517776001e-05,-0.00109924168383646,-1.5993739387099e-05,-4.7826834710385e-05,-7.13019145139882e-05,0.000123779449940464,-0.000195287826737278,-0.0019775469407497,6.22114526249717e-05,3.23415601712895e-05,-1.97965497177321e-05,-0.000158729703565008,-0.00168247185070669,-1.5993739387099e-05,-4.78268347112731e-05,-0.000899244505804475,-8.61726545071662e-05,-4.42997381844279e-05,0.00010104931977839,6.22114526249717e-05,-5.12802927126188e-05,-1.97965497177321e-05,-0.000157158470415197,-7.13019145139882e-05,-0.000103419088301138
"6:71132613:A:C",-0.00010361792056468,-0.000121906766201718,0.0491901350076756,-4.21586585925837e-05,2.6621643256064e-05,0.000218436494400009,-0.00117361607389022,-0.00010361792056468,9.97340672173053e-05,0.00017378792878997,0,0.000111983769400581,-0.000161781503461356,-0.00177826150555216,-0.000212295490160663,-0.00115113903193631,-2.0119572622157e-05,-0.00010361792056468,-0.00128333027903782,-0.001734165027659,0.00027861748401925,-8.22621234100041e-05,6.84514322770724e-05,-0.00115113903193631,1.89424376069169e-05,-0.000161781503461356,-0.00545649612984089,-0.00145588081339199,-0.00012820166860994,-0.0031551191401018,-0.000790590240971945,-0.0029465349549973,-0.00159488238810113,0.00027861748401925,0,-4.26841961997937e-05,0.00010303476485074,-7.29345191379238e-05,-0.00010361792056468,-8.50863383945466e-05,1.89424376069169e-05,-0.000161781503461356,0.00027861748401925,-0.00552068770751735,-2.85400146884385e-05,-4.21586585925837e-05,2.6621643256064e-05,-8.50863383945466e-05,0.00020817831215858,-0.000222730571459273,-0.00010361792056468,0.000131638848360538,-0.000273950783453714,4.06486335502443e-05,-0.00145349996076227,0.00010303476485074,-0.001734165027659,-0.00191115921968343,1.89424376069169e-05,2.6621643256064e-05,2.6621643256064e-05,-0.00126814748877813,-0.00010361792056468,-4.21586585925837e-05,-0.00166221636665309,-0.000222730571459273,-0.000104177168920749,-0.000628274048916744,-0.001734165027659,6.84514322770724e-05,9.97340672173053e-05,-0.00104303722372068,-4.26841961997937e-05,-0.000823473198089175,-0.00010361792056468,-9.54568993458693e-05,2.6621643256064e-05,-0.00117361607389022,-0.00146063165758736,-0.001734165027659,6.84514322770724e-05,0.00010303476485074,0.000111983769400581,-0.00234030513968086,-0.000351939562800219,-0.00010361792056468,7.53408533249456e-05,2.6621643256064e-05,0.00172381140267941,-0.0021069116266057,0.000146878674443407
"6:71132900:G:A",-2.03947845598407e-05,2.68361806030626e-05,-4.21586585925837e-05,-0.00249544688134051,5.7699000644007e-06,4.61283434480819e-05,5.01738396421203e-05,-2.03947845598407e-05,2.10697272287064e-05,6.00997161521732e-05,0,2.44637672510706e-05,-5.7792243182142e-05,2.9645908089293e-05,5.54463726514243e-05,-2.29760244234711e-05,-3.61447029373352e-06,-2.03947845598407e-05,3.10655043245234e-05,4.38989509099486e-06,0.000114358302236717,-1.56644971252007e-05,1.43389289801732e-05,-2.29760244234711e-05,4.38989509099486e-06,-5.7792243182142e-05,1.47147572739925e-05,-1.6507892884654e-05,-2.47490744946788e-05,-1.56644971252007e-05,5.91747999871828e-05,-6.66255284098582e-06,2.38522808642117e-05,0.000114358302236717,0,-5.03755298613129e-05,-0.00137214448974987,-1.40079136015103e-05,-2.03947845598407e-05,-1.7091781562506e-05,4.38989509099486e-06,-5.7792243182142e-05,0.000114358302236717,1.13863070723141e-05,-5.12039849809298e-06,0.00205388993281996,5.7699000644007e-06,-1.7091781562506e-05,4.42935745530448e-05,-4.3170920530855e-05,-2.03947845598407e-05,2.79801029705595e-05,-2.47490744946788e-05,0.000232326834495034,1.45341745385608e-05,-0.00137214448974987,4.38989509099486e-06,1.92428818337476e-05,4.38989509099486e-06,5.7699000644007e-06,5.7699000644007e-06,-2.74908600408352e-05,-2.03947845598407e-05,0.00205388993281996,3.68764713076786e-06,0.00054274527502951,6.41292186136511e-05,-0.000405891745904441,4.38989509099486e-06,1.43389289801732e-05,2.10697272287064e-05,0.000285678479793994,-5.03755298613129e-05,5.16332348459159e-05,-2.03947845598407e-05,-1.52946077678351e-05,5.7699000644007e-06,5.01738396421203e-05,-4.36298639083788e-06,4.38989509099486e-06,1.4338928979285e-05,2.16644779129638e-05,2.44637672510706e-05,1.30653618430898e-05,-3.39174769816708e-05,-2.03947845598407e-05,1.55833532957672e-05,5.7699000644007e-06,-4.11586496928962e-05,2.10697272287064e-05,3.07244077122348e-05
"6:71135578:G:A",1.34238773048523e-05,-1.97965497177321e-05,2.6621643256064e-05,5.7699000644007e-06,0.0404660034323259,-3.48085080492666e-05,-0.00288275966141072,1.34238773048523e-05,-1.52973346603247e-05,-9.09892691351999e-05,0,-0.00311147919043098,-0.00246806219767848,-2.17763227858825e-05,-0.00140791822636732,1.49854661630755e-05,-0.000570691408621649,1.34238773048523e-05,-0.00284075337047973,-3.21620847199e-06,-4.64221164468981e-05,1.02459730619842e-05,-1.02576407519095e-05,1.49854661630755e-05,-3.21620847199e-06,-0.00246806219767848,-1.09426548995373e-05,1.07660814965271e-05,-0.000791380049752988,1.02459730619842e-05,-4.60007382736549e-05,4.29016242797786e-06,-1.77125293605584e-05,-4.64221164468981e-05,0,3.1362931164125e-05,-1.57093535193553e-05,-0.00215335461357302,1.34238773048523e-05,1.14040826559858e-05,-3.21620847199e-06,-0.00246806219767848,-4.64221164468981e-05,-0.00284128550235252,3.3058549675502e-06,5.7699000644007e-06,0.00010221267999011,1.14040826559858e-05,-3.34668637798075e-05,2.71878523667723e-05,1.34238773048523e-05,-2.0600535166615e-05,1.6049571649468e-05,-0.00176247849030808,-0.00272664829630198,-1.57093535193553e-05,-3.21620847199e-06,-1.40365615379778e-05,-3.21620847199e-06,-4.12860833698403e-06,0.00010221267999011,1.76813858399072e-05,1.34238773048523e-05,5.7699000644007e-06,-2.75352025891351e-06,2.71878523667723e-05,-0.00222512643482542,-0.000353933220722524,-3.21620847199e-06,-1.02576407519095e-05,-1.52973346603247e-05,-0.0017740126074921,3.1362931164125e-05,-3.95704400357744e-05,1.34238773048523e-05,-0.00179377856330287,0.00010221267999011,-0.00288275966141072,2.82050184186033e-06,-3.21620847199e-06,-1.02576407527977e-05,-1.57093535193553e-05,-0.00311147919043098,-9.39372846175957e-06,2.16979051756994e-05,1.34238773048523e-05,-1.110521117198e-05,0.00010221267999011,2.60600649575338e-05,-1.52973346603247e-05,-2.25407361238439e-05
"6:71137931:T:A",-0.00124428059164927,-0.000158498558948672,0.000218436494400009,4.61283434480819e-05,-3.48085080492666e-05,0.0565976853201642,0.00014105737388892,-0.00124428059164927,-0.0001217901626962,-0.00223290240665719,0,-0.000149114976337295,-0.00428727941023599,-0.000169627718623389,-0.000336411944284798,0.000117932317164282,1.54953118105539e-05,-0.00124428059164927,-0.000208780968346645,-2.89726971915982e-05,-0.00210674113870457,7.7070493444964e-05,-0.00139012102145841,0.000117932317164282,-2.89726971915982e-05,-0.00428727941023599,-0.000332381521960023,-0.00047956292763196,-0.000752691637550207,-0.000646146072162068,-0.00034801391747763,2.85345892541145e-05,-0.000146698357236019,-0.00210674113870457,0,0.000262153623793004,-0.000124212599935447,6.99201130336391e-05,-0.00124428059164927,9.22874938780183e-05,-2.89726971915982e-05,-0.00428727941023599,-0.00210674113870457,-0.000362633995817596,2.19406544816891e-05,4.61283434480819e-05,-3.48085080492666e-05,9.22874938780183e-05,-0.000256869743379795,-0.000944444728553151,-0.00124428059164927,-0.000163027487130485,-0.000752691637550207,-0.00274988519772545,-0.000275943478968088,-0.000124212599935447,-2.89726971915982e-05,-0.000114354569669572,-2.89726971915982e-05,-3.48085080492666e-05,-3.48085080492666e-05,-0.00800778104598088,-0.00124428059164927,4.61283434480819e-05,-2.60049332334589e-05,-0.000944444728553151,0.000562188912548223,-0.00224224367732884,-2.89726971915982e-05,-0.00139012102145841,-0.0001217901626962,-0.00258586573582242,0.000262153623793004,-0.000301646013532775,-0.00124428059164927,-0.000382057707041916,-3.48085080492666e-05,0.00014105737388892,1.86997246958143e-05,-2.89726971915982e-05,-0.00158293848397051,-0.000124212599935447,-0.000149114976337295,-7.66104851006588e-05,-0.000851890762838536,-0.00124428059164927,0.00278213265401117,-3.48085080492666e-05,0.000214050286623468,-0.0001217901626962,-0.000173904167045436
"6:71140019:A:G",-4.24021779625861e-05,-0.000158729703565008,-0.00117361607389022,5.01738396421203e-05,-0.00288275966141072,0.00014105737388892,0.130303226798931,-4.24021779625861e-05,-0.000428685200497547,-0.0012090247188814,0,-0.00148226767494819,-0.000548270800595052,0.000148269502211917,-0.000821051481506352,0.000122033007220246,-0.00489754651118712,-4.24021779625861e-05,-0.00444629684883946,-0.00130087439000626,-0.00134732049962105,-0.00045249569249961,0.000431333338765327,6.13312260471233e-05,-3.40170784332017e-05,-0.000548270800595052,-0.00247312421529688,-0.00629903106166108,-0.00136577204752797,3.93716230471242e-05,-0.000491594556104147,-0.0071888422016988,-0.000143277408382048,-0.00134732049962105,0,-0.00155112135484003,-0.000152620548305116,-0.000460928388279491,-4.24021779625861e-05,-0.00021012294802869,-0.00027721546291648,-0.000548270800595052,-0.00134732049962105,-0.00708278912932236,-0.00465125424243507,5.01738396421203e-05,-0.00288275966141072,-0.00021012294802869,-0.003792877048447,-3.45745299101807e-05,-4.24021779625861e-05,-0.000303645218476589,-0.000122017038719058,0.000284559150056207,-0.0053056484970444,-0.000152620548305116,-0.00130087439000626,-0.000148301818668095,-3.40170784332017e-05,-0.00676043169826546,-0.00288275966141072,-0.000464694456785431,-4.24021779625861e-05,5.01738396421203e-05,-0.00174291594968157,-3.45745299101807e-05,-0.00284483460284068,-0.0022156321425677,-0.00130087439000626,0.000431333338765327,-0.000428685200497547,0.000314808079191042,-0.00155112135484003,-0.000394793260738879,-4.24021779625861e-05,1.8905102694422e-05,-0.00288275966141072,0.000948580802958787,-0.00193703558675384,-0.00130087439000626,-0.00121899984453933,-0.000596095169110633,-0.00148226767494819,-0.000926600561307112,-0.000580007588497189,-4.24021779625861e-05,0.000110690167792526,-0.00288275966141072,-0.00554952962479938,-0.0125335693785393,-0.00904569593936788
"6:71141015:G:T",0.00084149699720637,6.22114526249717e-05,-0.00010361792056468,-2.03947845598407e-05,1.34238773048523e-05,-0.00124428059164927,-4.24021779625861e-05,0.0254046517260607,4.91812519705093e-05,-0.000491102285450573,0,5.63886381250711e-05,-0.00145942046131609,6.90801377034589e-05,-0.00189585034698503,-5.60969275715806e-05,-9.0288231184843e-06,0.00084149699720637,-8.32167775994819e-05,9.99361693398981e-06,-0.000642069158098835,-3.8442501464786e-05,-0.00221287675197512,-5.60969275715806e-05,9.99361693398981e-06,-0.00145942046131609,3.35034740155393e-05,-0.00305619115752176,0.000559636834031707,-3.8442501464786e-05,-0.00234607143633436,-1.6677524515174e-05,5.48843732044446e-05,-0.000642069158098835,0,-0.000124123187105418,5.06409314580125e-05,-0.00131661123084026,0.00084149699720637,-4.11583411628058e-05,9.99361693398981e-06,-0.00145942046131609,-0.000642069158098835,-0.00162381416719271,-1.28037555171545e-05,-2.03947845598407e-05,1.34238773048523e-05,-4.11583411628058e-05,0.000102259868112853,-0.000106243689740992,0.00084149699720637,6.50114899336529e-05,-6.06205554243289e-05,-0.0011080687090681,-0.000112874921322614,5.06409314580125e-05,9.99361693398981e-06,4.46895682006954e-05,9.99361693398981e-06,1.34238773048523e-05,1.34238773048523e-05,-6.76360618188099e-05,0.00084149699720637,-2.03947845598407e-05,-0.00174454453478745,-0.000106243689740992,-4.86975095421727e-05,-0.000389995489319617,9.99361693398981e-06,-0.00221287675197512,4.91812519705093e-05,-0.00116835335602072,-0.000124123187105418,-0.00245533836484579,0.00084149699720637,-0.000177196156288417,1.34238773048523e-05,-4.24021779625861e-05,-1.09041710407709e-05,9.99361693398981e-06,-0.00165199893719237,5.06409314580125e-05,5.63886381250711e-05,3.05066046335511e-05,-8.32185983146161e-05,0.00084149699720637,3.67152184468367e-05,1.34238773048523e-05,-0.000101027126025777,4.91812519705093e-05,7.17087378756531e-05
"6:71141321:T:C",4.91812519705093e-05,-7.13019145139882e-05,9.97340672173053e-05,2.10697272287064e-05,-1.52973346603247e-05,-0.0001217901626962,-0.000428685200497547,4.91812519705093e-05,0.0149905817961589,-0.00132438137830349,0,-6.60764581930096e-05,-0.00140305032260191,-7.75108435160377e-05,-0.000507155077624333,-0.00264226722913907,7.97275796582397e-06,4.91812519705093e-05,-0.000372455543482531,-1.22452725630495e-05,-0.00134676063786365,3.67123559819049e-05,-3.70833018958905e-05,5.47716852459246e-05,-1.22452725630495e-05,-0.00140305032260191,-4.10595411111103e-05,3.85452423889987e-05,5.85991724681989e-05,3.67123559819049e-05,-0.000160170334327248,-0.00150827274841436,0.00065616326083795,-0.00134676063786365,0,0.000118789623906324,-5.64139303884659e-05,3.31055904077004e-05,4.91812519705093e-05,4.19959320572261e-05,-1.22452725630495e-05,-0.00140305032260191,-0.00134676063786365,-3.75525707374536e-05,1.12823500186821e-05,2.10697272287064e-05,-1.52973346603247e-05,4.19959320572261e-05,-0.000117800789023015,0.000101873145988307,4.91812519705093e-05,-7.38271003930535e-05,5.85991724681989e-05,-0.000528191312025861,-0.000322376027559024,-5.64139303884659e-05,-1.22452725630495e-05,-5.1047870317511e-05,-1.22452725630495e-05,-1.52973346603247e-05,-1.52973346603247e-05,6.4497736157243e-05,4.91812519705093e-05,2.10697272287064e-05,-1.06944146915922e-05,0.000101873145988307,5.63481717330561e-05,0.000203732818395252,-1.22452725630495e-05,-3.70833018958905e-05,0.00085736860480079,-0.000449220465646327,0.000118789623906324,-0.000138551822726818,4.91812519705093e-05,2.74162837783365e-05,-1.52973346603247e-05,-0.000428685200497547,9.61867254112292e-06,-1.22452725630495e-05,-3.70833018958905e-05,-5.64139303884659e-05,-6.60764581930096e-05,-3.42572729321589e-05,8.03207484709745e-05,4.91812519705093e-05,-3.98493695099589e-05,-1.52973346603247e-05,9.76175355686948e-05,-5.50944346278115e-05,-7.98999450877247e-05
"6:71142585:A:T",-0.000491102285450573,0.000149081891805292,0.00017378792878997,6.00997161521732e-05,-9.09892691351999e-05,-0.00223290240665719,-0.0012090247188814,-0.000491102285450573,-0.00132438137830349,0.168805596501067,0,-0.000913579549849608,0.000169402564766052,-0.0081529279276582,-0.0105569916638184,5.1851227146571e-05,-0.000874110711096776,-0.000491102285450573,-0.00304919234662604,-0.000323130600692778,-0.00556709396245836,4.72902540913367e-05,-0.00289908316957455,-0.000948606805182273,-0.00714713221440277,0.000169402564766052,-0.00631240540974209,-0.000280177692154826,-0.000327713575058564,-0.00328162089230011,-0.00724728469702951,-0.00300068830383537,-0.000545220590800533,-0.00556709396245836,0,0.000164899591916345,-0.000354123998494771,-0.00015819210829715,-0.000491102285450573,4.53248189282718e-05,-0.00910211886990187,0.000169402564766052,-0.00556709396245836,-0.00329851626171118,-0.00367790420667546,6.00997161521732e-05,-9.09892691351999e-05,4.53248189282718e-05,-0.00279681866217896,-0.00315725912783904,-0.000491102285450573,-0.00452284906307199,-0.000195774589847542,-0.000487629989381677,-0.00140028518185042,-0.000354123998494771,-0.000323130600692778,-0.00014508078648845,-0.00714713221440277,-0.00380608240313585,-9.09892691351999e-05,-0.000506513882593929,-0.000491102285450573,6.00997161521732e-05,-0.000102605768609543,-0.00315725912783904,-0.00775741736481494,-0.00436963367670007,-0.000323130600692778,-0.00289908316957455,-0.00132438137830349,-0.000578570611844409,0.000164899591916345,-0.00424115197125596,-0.000491102285450573,-7.33202723344206e-05,-9.09892691351999e-05,-0.0012090247188814,-4.64134065074617e-05,-0.000323130600692778,-0.00163438491129408,-0.000209528402207226,-0.000913579549849608,-0.0114095528942331,-4.75057010098645e-05,-0.000491102285450573,-4.86464796143338e-05,-9.09892691351999e-05,0.000164985290386888,-0.00443491443703792,-0.00225355659905535
"6:71145404:A:G",0,0,0,0,0,0,0,0,0,0,0,0,0,0,0,0,0,0,0,0,0,0,0,0,0,0,0,0,0,0,0,0,0,0,0,0,0,0,0,0,0,0,0,0,0,0,0,0,0,0,0,0,0,0,0,0,0,0,0,0,0,0,0,0,0,0,0,0,0,0,0,0,0,0,0,0,0,0,0,0,0,0,0,0,0,0,0,0,0,0,0
"6:71148296:C:A",5.63886381250711e-05,-8.61726545071662e-05,0.000111983769400581,2.44637672510706e-05,-0.00311147919043098,-0.000149114976337295,-0.00148226767494819,5.63886381250711e-05,-6.60764581930096e-05,-0.000913579549849608,0,0.0835993702598157,-6.4697231401567e-05,-0.000882978414043833,-0.00589027416274579,6.26091220192748e-05,-0.00248265662700753,5.63886381250711e-05,-0.00551293818814269,-0.00279410873183483,-0.000978034151553953,4.21584951828535e-05,-4.414766154337e-05,6.26091220192748e-05,-0.00279410873183483,-6.4697231401567e-05,-4.94894827856029e-05,-0.00100601911671649,-0.0020426238497766,4.21584951828535e-05,-0.00226701839518295,-0.00176289255290829,-7.83466180438452e-05,-0.000978034151553953,0,0.000132284065767152,-6.76409552848867e-05,3.80941552906577e-05,5.63886381250711e-05,-0.000342382843904865,-0.00279410873183483,-6.4697231401567e-05,-0.000978034151553953,-4.61810956133846e-05,-0.000780073798360981,2.44637672510706e-05,-0.00311147919043098,-0.000342382843904865,-0.00336639097816427,0.000114270269289563,5.63886381250711e-05,-0.0011856940021957,6.68539272128399e-05,5.01647384285597e-05,-0.00121766692447611,-6.76409552848867e-05,-0.00279410873183483,-6.12839093800943e-05,-0.00279410873183483,-0.00150458579587021,-0.00311147919043098,-0.00193258773968807,5.63886381250711e-05,2.44637672510706e-05,-1.27935938438739e-05,0.000114270269289563,-3.62738371775251e-05,-0.00445242575829718,-0.00279410873183483,-4.414766154337e-05,-6.60764581930096e-05,0.000119538739350666,0.000132284065767152,-0.00110210618493856,5.63886381250711e-05,-0.00239439726832202,-0.00311147919043098,-0.00148226767494819,1.10505875801081e-05,-0.00279410873183483,-4.414766154337e-05,-0.00102154878494343,0.000434667190853943,-4.08272881449179e-05,9.08957189063031e-05,5.63886381250711e-05,-4.74018061327186e-05,-0.00311147919043098,0.000109717304214385,-0.00114316382868651,-9.6443446884642e-05
"6:71149577:C:T",-0.00145942046131609,-0.00236620412815203,-0.000161781503461356,-5.7792243182142e-05,-0.00246806219767848,-0.00428727941023599,-0.000548270800595052,-0.00145942046131609,-0.00140305032260191,0.000169402564766052,0,-6.4697231401567e-05,0.121772912160704,-0.0024995403743322,0.000125686919815848,-0.00923289646654446,-1.78297222888091e-05,-0.00145942046131609,2.04339813292265e-06,-0.00216287281917182,0.000212237183342179,-0.00361271562853727,-0.00341988076440103,-0.000754305038443981,-0.000354354966970227,0.000492970046123808,-0.000945994107975245,-0.00237193954474435,-0.000228835391952842,-0.00224717133843644,-0.000367346720275386,-0.00155257148252996,-0.000610710568577311,0.000212237183342179,0,-0.000155102140099395,-0.00293016544970826,-0.00173588023236437,-0.00145942046131609,-0.00011997452282575,4.73727508065735e-06,0.000492970046123808,0.000212237183342179,-0.00110287648904261,-1.88253860589072e-05,-5.7792243182142e-05,-0.00246806219767848,-0.00011997452282575,-0.00255240369480525,-0.00292467723738099,-0.00145942046131609,-0.00105970725168802,-0.000952510370721527,1.05969207480072e-05,-0.00044770341732292,-0.00293016544970826,-0.00216287281917182,-0.00232947038022413,-0.000354354966970227,-0.00436483425509948,-0.00246806219767848,0.000222842505676724,-0.00145942046131609,-5.7792243182142e-05,-0.00268489444680231,-0.00145467992601667,-0.00151858223810697,-0.00288084642510533,-0.00216287281917182,-0.00341988076440103,-0.00140305032260191,-2.1873505262171e-05,-0.000155102140099395,0.000114168661564662,-0.00145942046131609,-0.00185064394528789,-0.00246806219767848,-0.000548270800595052,-2.37364271793439e-05,-0.00216287281917182,-0.00672054713101033,0.000126433238388124,-6.4697231401567e-05,-0.00366192663788212,-0.000760607658988555,-0.00145942046131609,9.46275005198061e-05,-0.00246806219767848,-0.000126980403745591,-0.00315754386110711,0.000174305042380141
"6:71150001:C:T",6.90801377034589e-05,-0.000762405999141791,-0.00177826150555216,2.9645908089293e-05,-2.17763227858825e-05,-0.000169627718623389,0.000148269502211917,6.90801377034589e-05,-7.75108435160377e-05,-0.0081529279276582,0,-0.000882978414043833,-0.0024995403743322,0.0858539710243926,-0.000213512561543894,7.6759412099392e-05,1.07824854520544e-05,6.90801377034589e-05,-0.000138360843105367,-1.76767266850675e-05,-0.00850286854227189,5.09726081592277e-05,-5.21978110432642e-05,7.6759412099392e-05,-1.76767266850675e-05,-0.0024995403743322,-5.89385123195285e-05,5.34763932051874e-05,8.20227611963986e-05,-0.00134777718979162,-0.000223052420416536,1.98462880653949e-05,-0.000981116168437879,-0.00850286854227189,0,-0.00201102129741582,-7.92543007799296e-05,-0.00349975462714358,6.90801377034589e-05,5.92245122739143e-05,-1.76767266850675e-05,-0.0024995403743322,-0.00850286854227189,-5.60686978428038e-05,1.52638462678212e-05,2.9645908089293e-05,-2.17763227858825e-05,5.92245122739143e-05,-0.000164524329134608,-0.00169896714322881,6.90801377034589e-05,-0.000103745054489401,-0.00147184183495597,-0.00760056073751247,-0.000175873300917395,-7.92543007799296e-05,-1.76767266850675e-05,-0.000808895126183984,-1.76767266850675e-05,-2.17763227858825e-05,-2.17763227858825e-05,9.01433627751302e-05,6.90801377034589e-05,2.9645908089293e-05,-1.55925832014958e-05,-0.00169896714322881,-0.000263302165957491,-0.00252778302391565,-1.76767266850675e-05,-5.21978110432642e-05,-7.75108435160377e-05,-0.00756482884345022,-0.00201102129741582,-0.000193242244960423,6.90801377034589e-05,-0.00237020989580916,-2.17763227858825e-05,0.000148269502211029,1.3010740437025e-05,-1.76767266850675e-05,-5.2197811042376e-05,-7.92543007799296e-05,-0.000882978414043833,-4.84325002112485e-05,-0.0015886709217483,6.90801377034589e-05,-5.58811676780735e-05,-2.17763227858825e-05,-0.00187824865222552,-7.75108435160377e-05,-0.000111694286371034
"6:71151370:A:G",-0.00189585034698503,-0.00252130673961659,-0.000212295490160663,5.54463726514243e-05,-0.00140791822636732,-0.000336411944284798,-0.000821051481506352,-0.00189585034698503,-0.000507155077624333,-0.0105569916638184,0,-0.00589027416274579,0.000125686919815848,-0.000213512561543894,0.171953380477502,-0.00446738520706447,-0.0017110977552619,-0.00189585034698503,-0.000194722176005691,-0.00292655217836657,-0.0129995693637568,9.07305250041901e-05,-0.000101581990762156,-0.00194666757607731,-0.00147479093871805,0.000125686919815848,-0.00453426152076641,7.43941674308246e-06,2.96308830520786e-05,-0.00173119758537332,0.00128067961356138,3.28117744317069e-05,-0.000594579473153445,-0.0129995693637568,0,-0.000305152512935614,-0.00412541106723285,-0.0018078576493803,-0.00189585034698503,0.000110003680375392,-3.64952518774331e-05,0.000125686919815848,-0.0129995693637568,-0.00142363314865879,2.52424911630911e-05,5.54463726514243e-05,-0.00140791822636732,0.000110003680375392,-0.00199153071279312,-0.00201076976255798,-0.00189585034698503,-0.00364811182738212,-0.0018304300071641,-0.00454159727538084,-0.00151762594218408,-0.00412541106723285,-0.00292655217836657,-0.00264551287558223,-0.00147479093871805,-4.32456588601582e-05,-0.00140791822636732,-0.00172352652088126,-0.00189585034698503,5.54463726514243e-05,-0.00609365862260081,-0.00201076976255798,-0.000574780494101645,-0.00147124794923315,-0.00292655217836657,-0.000101581990762156,-0.000507155077624333,-0.00791189737894893,-0.000305152512935614,0.00127922408615522,-0.00189585034698503,-5.07116550947373e-05,-0.00140791822636732,-0.000821051481506352,2.15192783761253e-05,-0.00292655217836657,-0.000101581990763044,-0.000155271230599219,-0.00589027416274579,-0.00270040233332658,-0.0019233797845537,-0.00189585034698503,-0.000107599087830756,-0.00140791822636732,-0.000408944542802381,-0.000152461555095407,-0.000218447895299789
"6:71152662:C:T",-5.60969275715806e-05,-0.00200849691947536,-0.00115113903193631,-2.29760244234711e-05,1.49854661630755e-05,0.000117932317164282,0.000122033007220246,-5.60969275715806e-05,-0.00264226722913907,5.1851227146571e-05,0,6.26091220192748e-05,-0.00923289646654446,7.6759412099392e-05,-0.00446738520706447,0.0941724160422219,-1.02506993497897e-05,-5.60969275715806e-05,7.47690031097648e-05,1.11069283414977e-05,2.25246166838389e-05,-0.00326534823571034,3.75666518017681e-05,-6.3647925338195e-05,1.11069283414977e-05,-0.00923289646654446,3.71778924286303e-05,-0.00356740000657574,-6.88579380510035e-05,-0.00615455060898462,-0.00248075469147579,-1.89585773862078e-05,-1.66908444034775e-05,2.25246166838389e-05,0,-0.00101953586096215,5.64044088431359e-05,-0.00292077399676316,-5.60969275715806e-05,-4.64930268586627e-05,-0.00241999618865574,-0.00923289646654446,2.25246166838389e-05,2.60742865094699e-05,-1.45456318341175e-05,-2.29760244234711e-05,1.49854661630755e-05,-4.64930268586627e-05,0.000113054165036708,-0.01153590297044,-5.60969275715806e-05,7.2230967696818e-05,-6.88579380510035e-05,0.000141352289566576,3.04361333256509e-05,5.64044088431359e-05,1.11069283414977e-05,-0.00210216400786578,1.11069283414977e-05,1.49854661630755e-05,1.49854661630755e-05,-7.69518042931239e-05,-5.60969275715806e-05,-2.29760244234711e-05,9.1285766519178e-06,-0.00714337654081021,-0.00186266409091385,2.88456774866219e-06,1.11069283414977e-05,3.75666518017681e-05,-0.00264226722913907,0.000143895582633391,-0.00101953586096215,-0.00259121485822078,-5.60969275715806e-05,-0.00347816129801792,1.49854661630755e-05,0.000122033007220246,-1.23837077170563e-05,1.11069283414977e-05,3.75666518017681e-05,-0.00176883455155252,6.26091220192748e-05,3.40331887223044e-05,-9.47284740169252e-05,-5.60969275715806e-05,4.1009035243178e-05,1.49854661630755e-05,-0.00110135684738388,5.47716852459246e-05,7.96810984828866e-05
"6:71154132:A:C",-9.0288231184843e-06,9.91566728369975e-06,-2.0119572622157e-05,-3.61447029373352e-06,-0.000570691408621649,1.54953118105539e-05,-0.00489754651118712,-9.0288231184843e-06,7.97275796582397e-06,-0.000874110711096776,0,-0.00248265662700753,-1.78297222888091e-05,1.07824854520544e-05,-0.0017110977552619,-1.02506993497897e-05,0.0642574808867087,-9.0288231184843e-06,-0.00535441956833083,1.80664789262153e-06,-0.000836368341748717,-6.78013136923283e-06,5.58044540177605e-06,-1.02506993497897e-05,1.80664789262153e-06,-1.78297222888091e-05,5.79248123155907e-06,-7.16395971700479e-06,-0.000256826260949694,-6.78013136923283e-06,1.86094100778078e-05,-2.75741018462838e-06,8.96726830834638e-06,-0.000836368341748717,0,-2.47075221366799e-05,8.17015595711013e-06,-0.00253236976323823,-9.0288231184843e-06,-7.49601251381904e-06,1.80664789262153e-06,-1.78297222888091e-05,-0.000836368341748717,-0.0049102220085695,-2.10656857291269e-06,-3.61447029373352e-06,-0.000570691408621649,-7.49601251381904e-06,1.50354188992452e-05,-2.06662497292953e-05,-9.0288231184843e-06,-0.00160367756733493,-1.11021956019641e-05,-0.00570927793716081,-0.00464790303632778,8.17015595711013e-06,1.80664789262153e-06,7.35930696116327e-06,1.80664789262153e-06,2.33960501017094e-06,-0.000570691408621649,-1.24384478619177e-05,-9.0288231184843e-06,-3.61447029373352e-06,1.53309880968067e-06,-2.06662497292953e-05,-0.00324866994061157,-0.000239255497370472,1.80664789262153e-06,5.58044540177605e-06,7.97275796582397e-06,-0.00578476814789308,-2.47075221366799e-05,1.68938798781326e-05,-9.0288231184843e-06,-0.00217501117007579,-0.000570691408621649,-0.00489754651118712,-0.00209209765894425,1.80664789262153e-06,5.58044540266422e-06,8.17015595711013e-06,-0.00248265662700753,-0.00283511071688736,-1.57290472380112e-05,-9.0288231184843e-06,6.02044650488409e-06,-0.000570691408621649,-1.95826523112785e-05,7.97275796582397e-06,1.11084516403182e-05
"6:71154554:A:T",0.00084149699720637,6.22114526249717e-05,-0.00010361792056468,-2.03947845598407e-05,1.34238773048523e-05,-0.00124428059164927,-4.24021779625861e-05,0.00084149699720637,4.91812519705093e-05,-0.000491102285450573,0,5.63886381250711e-05,-0.00145942046131609,6.90801377034589e-05,-0.00189585034698503,-5.60969275715806e-05,-9.0288231184843e-06,0.0254046517260607,-8.32167775994819e-05,9.99361693398981e-06,-0.000642069158098835,-3.8442501464786e-05,-0.00221287675197512,-5.60969275715806e-05,9.99361693398981e-06,-0.00145942046131609,3.35034740155393e-05,-0.00305619115752176,0.000559636834031707,-3.8442501464786e-05,-0.00234607143633436,-1.6677524515174e-05,5.48843732044446e-05,-0.000642069158098835,0,-0.000124123187105418,5.06409314580125e-05,-0.00131661123084026,0.00084149699720637,-4.11583411628058e-05,9.99361693398981e-06,-0.00145942046131609,-0.000642069158098835,-0.00162381416719271,-1.28037555171545e-05,-2.03947845598407e-05,1.34238773048523e-05,-4.11583411628058e-05,0.000102259868112853,-0.000106243689740992,0.00084149699720637,6.50114899336529e-05,-6.06205554243289e-05,-0.0011080687090681,-0.000112874921322614,5.06409314580125e-05,9.99361693398981e-06,4.46895682006954e-05,9.99361693398981e-06,1.34238773048523e-05,1.34238773048523e-05,-6.76360618188099e-05,0.00084149699720637,-2.03947845598407e-05,-0.00174454453478745,-0.000106243689740992,-4.86975095421727e-05,-0.000389995489319617,9.99361693398981e-06,-0.00221287675197512,4.91812519705093e-05,-0.00116835335602072,-0.000124123187105418,-0.00245533836484579,0.00084149699720637,-0.000177196156288417,1.34238773048523e-05,-4.24021779625861e-05,-1.09041710407709e-05,9.99361693398981e-06,-0.00165199893719237,5.06409314580125e-05,5.63886381250711e-05,3.05066046335511e-05,-8.32185983146161e-05,0.00084149699720637,3.67152184468367e-05,1.34238773048523e-05,-0.000101027126025777,4.91812519705093e-05,7.17087378756531e-05
"6:71155068:T:C",-8.32167775994819e-05,-0.000266346719888233,-0.00128333027903782,3.10655043245234e-05,-0.00284075337047973,-0.000208780968346645,-0.00444629684883946,-8.32167775994819e-05,-0.000372455543482531,-0.00304919234662604,0,-0.00551293818814269,2.04339813292265e-06,-0.000138360843105367,-0.000194722176005691,7.47690031097648e-05,-0.00535441956833083,-8.32167775994819e-05,0.149852867397822,-0.00176266239390976,-0.00329972108747212,-0.000504332179344757,0.000150511908936224,1.64547033296714e-05,-2.01736469289671e-05,2.04339813292265e-06,-0.00163504544921445,-0.00642003146111847,-0.0028070916011993,-0.000473917565377846,-0.00095137278092583,-0.0071297340151677,-0.000210553149062598,-0.00329972108747212,0,-9.16977676013175e-05,-9.73845407319374e-05,2.37844791275421e-05,-8.32167775994819e-05,-0.00020205346436164,-0.000288623485268147,2.04339813292265e-06,-0.00329972108747212,-0.00110057820920506,-0.00460962199509485,3.10655043245234e-05,-0.00284075337047973,-0.00020205346436164,-0.0036453442273201,-7.8838354395927e-05,-8.32167775994819e-05,-0.000253129116283723,-0.00136640938092292,-0.00279546424902488,-0.00372069000697994,-9.73845407319374e-05,-0.00176266239390976,-0.000200105469128076,-2.01736469289671e-05,-0.00669581920789408,-0.00284075337047973,-0.000540394626609597,-8.32167775994819e-05,3.10655043245234e-05,-0.00175775897253239,-7.8838354395927e-05,-0.00323750557292968,-0.00465824136165338,-0.00176266239390976,0.000150511908936224,-0.000372455543482531,-0.000432549696952389,-9.16977676013175e-05,-0.000866983974605162,-8.32167775994819e-05,-0.000481880654735534,-0.00284075337047973,-0.00444629684883946,-0.00197054458455259,-0.00176266239390976,-0.00149982127436932,-0.000539207019406795,-0.00551293818814269,-0.0001366492597068,-0.00241730500283843,-8.32167775994819e-05,9.05105545463414e-05,-0.00284075337047973,-0.00261390288690855,-0.01240830855048,-0.00813167615480737
"6:71158553:C:T",9.99361693398981e-06,-1.5993739387099e-05,-0.001734165027659,4.38989509099486e-06,-3.21620847199e-06,-2.89726971915982e-05,-0.00130087439000626,9.99361693398981e-06,-1.22452725630495e-05,-0.000323130600692778,0,-0.00279410873183483,-0.00216287281917182,-1.76767266850675e-05,-0.00292655217836657,1.11069283414977e-05,1.80664789262153e-06,9.99361693398981e-06,-0.00176266239390976,0.0564434380238428,-0.000267648318255098,7.71391961684742e-06,-8.12016132645255e-06,1.11069283414977e-05,-2.4940656082606e-06,-0.00216287281917182,-0.00169259446983094,8.09420638248071e-06,1.18584803363575e-05,7.71391961684742e-06,-3.9014380433855e-05,3.29567236523332e-06,-1.42347806439957e-05,-0.000267648318255098,0,-0.00157607035054319,-1.25886104234141e-05,6.95991327770429e-06,9.99361693398981e-06,8.53578565429558e-06,-2.4940656082606e-06,-0.00216287281917182,-0.000267648318255098,-0.00172504637738591,-0.00235480056934367,4.38989509099486e-06,-3.21620847199e-06,8.53578565429558e-06,-2.77815811591253e-05,1.93052728754139e-05,9.99361693398981e-06,-0.00325942873472584,-0.00201268359814488,-0.00151748146537489,-0.00124923636805008,-1.25886104234141e-05,3.82753524315049e-05,-1.11980251826793e-05,-2.4940656082606e-06,-3.21620847199e-06,-3.21620847199e-06,1.29995443236552e-05,9.99361693398981e-06,4.38989509099486e-06,-2.12905908547611e-06,1.93052728754139e-05,-0.0075646202346773,-0.00462217168523971,3.82753524315049e-05,-8.12016132645255e-06,-1.22452725630495e-05,-0.00148906048780084,-0.00157607035054319,-3.32029549490187e-05,9.99361693398981e-06,-0.00170755789930954,-3.21620847199e-06,-0.00130087439000715,2.17523128132058e-06,3.82753524315049e-05,-8.12016132556437e-06,-1.25886104234141e-05,-0.00279410873183483,-7.41690773242709e-06,-0.00188520969226236,9.99361693398981e-06,-8.81258574292332e-06,-3.21620847199e-06,1.85805613952539e-05,-1.22452725630495e-05,-1.83296135007893e-05
"6:71160752:C:T",-0.000642069158098835,0.000234912075379068,0.00027861748401925,0.000114358302236717,-4.64221164468981e-05,-0.00210674113870457,-0.00134732049962105,-0.000642069158098835,-0.00134676063786365,-0.00556709396245836,0,-0.000978034151553953,0.000212237183342179,-0.00850286854227189,-0.0129995693637568,2.25246166838389e-05,-0.000836368341748717,-0.000642069158098835,-0.00329972108747212,-0.000267648318255098,0.15687512165615,9.0362667516608e-05,-0.00278132793086883,-0.000714243072179599,-0.0075731304509068,0.000212237183342179,-0.00702547411248888,-0.000335686861117512,-0.000446532938460198,-0.00177714229628467,-0.00676481026413533,-0.00324470697792911,-0.000618911706734782,0.000728765851663482,0,0.000327763048666885,-0.000296255375636711,-0.000258078233133396,-0.000642069158098835,3.43045038588841e-05,-0.00951943042570136,0.000212237183342179,0.000728765851663482,-0.00279796545278677,-0.00389934705670036,0.000114358302236717,-4.64221164468981e-05,3.43045038588841e-05,-0.00250768999954065,-0.00186588493491202,-0.000642069158098835,-0.0043993718883879,-0.000199717699148838,-0.000244348512903336,-0.000577338093112889,-0.000296255375636711,-0.000267648318255098,-0.000121615780693141,-0.0075731304509068,-0.00388815381474572,-4.64221164468981e-05,-0.000263185922792175,-0.000642069158098835,0.000114358302236717,-0.000168732237553648,-0.00186588493491202,-0.0102102992372326,-0.00448702336669715,-0.000267648318255098,-0.00278132793086883,-0.00134676063786365,0.000101832584583406,0.000327763048666885,-0.0039416818421496,-0.000642069158098835,-0.00028681385585827,-4.64221164468981e-05,-0.00134732049962016,-7.67013193652133e-05,-0.000267648318255098,-0.00151662967258925,-9.94822883573221e-05,-0.000978034151553953,-0.0118800628921649,1.04129892619653e-05,-0.000642069158098835,-4.39041407824803e-05,-4.64221164468981e-05,0.000266082845445492,-0.00446520234989567,-0.00213198835334882
"6:71161119:T:C",-3.8442501464786e-05,-8.51701867459198e-05,-8.22621234100041e-05,-1.56644971252007e-05,1.02459730619842e-05,7.7070493444964e-05,-0.00045249569249961,-3.8442501464786e-05,3.67123559819049e-05,4.72902540913367e-05,0,4.21584951828535e-05,-0.00361271562853727,5.09726081592277e-05,9.07305250041901e-05,-0.00326534823571034,-6.78013136923283e-06,-3.8442501464786e-05,-0.000504332179344757,7.71391961684742e-06,9.0362667516608e-05,0.036461687421018,2.52916442500251e-05,-4.36048153824586e-05,7.71391961684742e-06,-0.00361271562853727,-0.00204182439872458,-3.19763065732559e-05,-4.7177823931932e-05,-2.95510250545306e-05,9.63683735024645e-05,-1.25705409219634e-05,4.41477363999354e-06,9.0362667516608e-05,0,-9.93976761591853e-05,3.77433774856328e-05,-2.63039381458441e-05,-3.8442501464786e-05,-3.19046946630763e-05,7.71391961684742e-06,-0.00361271562853727,9.0362667516608e-05,-0.000534615901933044,-9.63260484621031e-06,-1.56644971252007e-05,1.02459730619842e-05,-3.19046946630763e-05,7.41659973391151e-05,-0.00134623497586972,-3.8442501464786e-05,4.81614947451803e-05,-0.00275454748853221,-0.00363796368654334,-0.00060702799670409,3.77433774856328e-05,7.71391961684742e-06,-7.07192321645067e-05,7.71391961684742e-06,1.02459730619842e-05,1.02459730619842e-05,-0.00159194424294284,-3.8442501464786e-05,-1.56644971252007e-05,6.42012174889572e-06,-8.44170801590494e-05,-1.81018242333408e-05,-0.000571079673783004,7.71391961684742e-06,2.52916442500251e-05,3.67123559819049e-05,-0.000179791738793789,-9.93976761591853e-05,8.52858470175022e-05,-3.8442501464786e-05,-0.000387996603215868,1.02459730619842e-05,-0.000452495692500499,-0.00243907063977211,7.71391961684742e-06,2.52916442500251e-05,3.77433774856328e-05,4.21584951828535e-05,2.30235870510853e-05,-0.00292087082190662,-3.8442501464786e-05,2.74962972426351e-05,1.02459730619842e-05,-8.01401418231151e-05,3.67123559819049e-05,-0.0020918753218746
"6:71161903:C:T",-0.00221287675197512,-4.7826834710385e-05,6.84514322770724e-05,1.43389289801732e-05,-1.02576407519095e-05,-0.00139012102145841,0.000431333338765327,-0.00221287675197512,-3.70833018958905e-05,-0.00289908316957455,0,-4.414766154337e-05,-0.00341988076440103,-5.21978110432642e-05,-0.000101581990762156,3.75666518017681e-05,5.58044540177605e-06,-0.00221287675197512,0.000150511908936224,-8.12016132645255e-06,-0.00278132793086883,2.52916442500251e-05,0.0547480435006644,3.75666518017681e-05,-8.12016132645255e-06,-0.00341988076440103,-0.00116202349008088,-0.00143035607558684,-0.00173446804264188,2.52916442500251e-05,-0.000107159385416722,1.02661282053162e-05,-4.32010628337309e-05,-0.00278132793086883,0,8.15576436314913e-05,-3.80097943519786e-05,2.27651824475927e-05,-0.00221287675197512,2.86177059987125e-05,-8.12016132645255e-06,-0.00341988076440103,-0.00278132793086883,-0.00119151541791407,7.89776159049183e-06,1.43389289801732e-05,-1.02576407519095e-05,2.86177059987125e-05,-7.90761531002104e-05,6.99543111384315e-05,-0.00221287675197512,-4.96046046256637e-05,4.0249399167358e-05,-0.00358000242243506,0.000357240312657936,-3.80097943519786e-05,-8.12016132645255e-06,-3.42417091570013e-05,-8.12016132645255e-06,-1.02576407519095e-05,-1.02576407519095e-05,-0.0033394389329473,-0.00221287675197512,1.43389289801732e-05,-7.03390061307374e-06,6.99543111384315e-05,-0.000616312545775877,-0.000120029504394381,-8.12016132645255e-06,0.000740298787945015,-3.70833018958905e-05,-0.00351176942532927,8.15576436314913e-05,-9.28472794798907e-05,-0.00221287675197512,2.02633319092982e-05,-1.02576407519095e-05,0.000431333338764439,6.73282541807652e-06,-8.12016132645255e-06,0.000740298787945015,-3.80097943519786e-05,-4.414766154337e-05,-2.30349024539223e-05,5.51375751234318e-05,-0.00221287675197512,-2.69545694324691e-05,-1.02576407519095e-05,6.6964694608096e-05,-3.70833018958905e-05,-5.38795134037429e-05
"6:71161991:T:C",-5.60969275715806e-05,6.91101779706216e-05,-0.00115113903193631,-2.29760244234711e-05,1.49854661630755e-05,0.000117932317164282,6.13312260471233e-05,-5.60969275715806e-05,5.47716852459246e-05,-0.000948606805182273,0,6.26091220192748e-05,-0.000754305038443981,7.6759412099392e-05,-0.00194666757607731,-6.3647925338195e-05,-1.02506993497897e-05,-5.60969275715806e-05,1.64547033296714e-05,1.11069283414977e-05,-0.000714243072179599,-4.36048153824586e-05,3.75666518017681e-05,0.0351713785568104,1.11069283414977e-05,-0.000754305038443981,3.71778924286303e-05,-4.60569071849548e-05,-6.88579380510035e-05,-0.00149043089627199,-0.00168525942826481,-0.00163061286626132,6.09271873939221e-05,-0.000714243072179599,0,-0.00101953586096215,5.64044088431359e-05,-3.88011594667503e-05,-5.60969275715806e-05,-4.64930268586627e-05,-0.00196459246277136,-0.000754305038443981,-0.000714243072179599,-0.00234143805508236,-1.45456318341175e-05,-2.29760244234711e-05,1.49854661630755e-05,-4.64930268586627e-05,0.000113054165036708,-0.0011926553507422,-5.60969275715806e-05,-0.00189694817850405,-0.00137373136814567,-0.000398312036052673,-1.7799617848091e-05,5.64044088431359e-05,1.11069283414977e-05,4.97417749878437e-05,1.11069283414977e-05,1.49854661630755e-05,1.49854661630755e-05,0.000515300408090447,-5.60969275715806e-05,-2.29760244234711e-05,9.1285766519178e-06,-0.0011926553507422,-0.000727692143540182,-0.00216895345006485,1.11069283414977e-05,3.75666518017681e-05,5.47716852459246e-05,-0.000230760916213324,-0.00101953586096215,-0.0016753685848121,-5.60969275715806e-05,-0.00347816129801792,1.49854661630755e-05,6.13312260471233e-05,-1.23837077170563e-05,1.11069283414977e-05,3.75666518017681e-05,5.64044088431359e-05,6.26091220192748e-05,3.40331887223044e-05,-0.00127565514565031,-5.60969275715806e-05,4.1009035243178e-05,1.49854661630755e-05,-0.00110135684738388,5.47716852459246e-05,7.96810984828866e-05
"6:71162569:T:C",9.99361693398981e-06,-1.5993739387099e-05,1.89424376069169e-05,4.38989509099486e-06,-3.21620847199e-06,-2.89726971915982e-05,-3.40170784332017e-05,9.99361693398981e-06,-1.22452725630495e-05,-0.00714713221440277,0,-0.00279410873183483,-0.000354354966970227,-1.76767266850675e-05,-0.00147479093871805,1.11069283414977e-05,1.80664789262153e-06,9.99361693398981e-06,-2.01736469289671e-05,-2.4940656082606e-06,-0.0075731304509068,7.71391961684742e-06,-8.12016132645255e-06,1.11069283414977e-05,0.0763064973829799,-0.000354354966970227,-8.65007114558836e-06,-0.00199803151508959,1.18584803363575e-05,7.71391961684742e-06,-3.9014380433855e-05,-0.00232736600078365,-0.00266032440410946,-0.00757313045090768,0,2.18966600051829e-05,-1.25886104234141e-05,-0.00214115668472736,9.99361693398981e-06,8.53578565429558e-06,-2.4940656082606e-06,-0.000354354966970227,-0.00757313045090768,-7.20189485026168e-06,-0.00235480056934367,4.38989509099486e-06,-3.21620847199e-06,8.53578565429558e-06,-2.77815811591253e-05,1.93052728754139e-05,9.99361693398981e-06,-1.66758066191264e-05,1.18584803363575e-05,-0.00822219750209108,-9.94313987412454e-06,-1.25886104234141e-05,-2.4940656082606e-06,-1.11980251826793e-05,3.82753524315049e-05,-3.21620847199e-06,-3.21620847199e-06,-0.00205589854879218,9.99361693398981e-06,4.38989509099486e-06,-0.00180875643016254,1.93052728754139e-05,-0.00156104324568318,-0.000461477249073639,-2.4940656082606e-06,-8.12016132645255e-06,-1.22452725630495e-05,-0.00852814419400882,2.18966600051829e-05,-3.32029549490187e-05,9.99361693398981e-06,-0.00407445354025615,-3.21620847199e-06,-3.40170784332017e-05,2.17523128132058e-06,-2.4940656082606e-06,-8.12016132556437e-06,-1.25886104234141e-05,-0.00279410873183483,-7.41690773242709e-06,1.57240666132097e-05,9.99361693398981e-06,-8.81258574292332e-06,-3.21620847199e-06,1.85805613952539e-05,-1.22452725630495e-05,-1.83296135007893e-05
"6:71164978:C:T",-0.00145942046131609,-0.00236620412815203,-0.000161781503461356,-5.7792243182142e-05,-0.00246806219767848,-0.00428727941023599,-0.000548270800595052,-0.00145942046131609,-0.00140305032260191,0.000169402564766052,0,-6.4697231401567e-05,0.000492970046123808,-0.0024995403743322,0.000125686919815848,-0.00923289646654446,-1.78297222888091e-05,-0.00145942046131609,2.04339813292265e-06,-0.00216287281917182,0.000212237183342179,-0.00361271562853727,-0.00341988076440103,-0.000754305038443981,-0.000354354966970227,0.121772912160704,-0.000945994107975245,-0.00237193954474435,-0.000228835391952842,-0.00224717133843644,-0.000367346720275386,-0.00155257148252996,-0.000610710568577311,0.000212237183342179,0,-0.000155102140099395,-0.00293016544970826,-0.00173588023236437,-0.00145942046131609,-0.00011997452282575,4.73727508065735e-06,0.000492970046123808,0.000212237183342179,-0.00110287648904261,-1.88253860589072e-05,-5.7792243182142e-05,-0.00246806219767848,-0.00011997452282575,-0.00255240369480525,-0.00292467723738099,-0.00145942046131609,-0.00105970725168802,-0.000952510370721527,1.05969207480072e-05,-0.00044770341732292,-0.00293016544970826,-0.00216287281917182,-0.00232947038022413,-0.000354354966970227,-0.00436483425509948,-0.00246806219767848,0.000222842505676724,-0.00145942046131609,-5.7792243182142e-05,-0.00268489444680231,-0.00145467992601667,-0.00151858223810697,-0.00288084642510533,-0.00216287281917182,-0.00341988076440103,-0.00140305032260191,-2.1873505262171e-05,-0.000155102140099395,0.000114168661564662,-0.00145942046131609,-0.00185064394528789,-0.00246806219767848,-0.000548270800595052,-2.37364271793439e-05,-0.00216287281917182,-0.00672054713101033,0.000126433238388124,-6.4697231401567e-05,-0.00366192663788212,-0.000760607658988555,-0.00145942046131609,9.46275005198061e-05,-0.00246806219767848,-0.000126980403745591,-0.00315754386110711,0.000174305042380141
"6:71169197:A:G",3.35034740155393e-05,-0.0013818665854135,-0.00545649612984089,1.47147572739925e-05,-1.09426548995373e-05,-0.000332381521960023,-0.00247312421529688,3.35034740155393e-05,-4.10595411111103e-05,-0.00631240540974209,0,-4.94894827856029e-05,-0.000945994107975245,-5.89385123195285e-05,-0.00453426152076641,3.71778924286303e-05,5.79248123155907e-06,3.35034740155393e-05,-0.00163504544921445,-0.00169259446983094,-0.00702547411248888,-0.00204182439872458,-0.00116202349008088,3.71778924286303e-05,-8.65007114558836e-06,-0.000945994107975245,0.159252092613786,-0.00187786843172244,3.96671860212194e-05,-0.00205710288846106,-0.00384190940783746,-0.00773606678862571,-0.00160434902560169,-0.00702547411248888,0,-0.00277538262826837,-4.21226044755585e-05,-0.00204147992049908,3.35034740155393e-05,2.87145444906045e-05,-8.65007114558836e-06,-0.000945994107975245,-0.00702547411248888,-0.000105192566474344,8.17279394471626e-06,1.47147572739925e-05,-1.09426548995373e-05,2.87145444906045e-05,-0.00361026279833254,-0.00164116498528166,3.35034740155393e-05,-0.00127593445207808,-0.00190081630341954,-0.00385263751167164,-0.00227616912621276,-4.21226044755585e-05,-0.00169259446983094,-0.00144100230118305,-8.65007114558836e-06,-0.00698321148081682,-1.09426548995373e-05,-0.00208670425374091,3.35034740155393e-05,1.47147572739925e-05,-0.00171159924259445,-0.00164116498528166,-0.0028726541512416,-0.000491776282466105,-0.00169259446983094,-0.00116202349008088,-4.10595411111103e-05,-0.00237677574912665,-0.00277538262826837,-0.00378000215883301,3.35034740155393e-05,-0.00069988918754138,-1.09426548995373e-05,-0.00247312421529777,-0.0019393321101564,-0.00169259446983094,-0.00060114567529812,-0.00373308199741995,-4.94894827856029e-05,-0.00269165039784536,-0.00382544875892155,3.35034740155393e-05,-2.9392217303581e-05,-1.09426548995373e-05,-0.00262323301860512,-0.0129299035417851,-0.00786569081571997
"6:71171251:G:A",-0.00305619115752176,4.84863889838039e-05,-0.00145588081339199,-1.6507892884654e-05,1.07660814965271e-05,-0.00047956292763196,-0.00629903106166108,-0.00305619115752176,3.85452423889987e-05,-0.000280177692154826,0,-0.00100601911671649,-0.00237193954474435,5.34763932051874e-05,7.43941674308246e-06,-0.00356740000657574,-7.16395971700479e-06,-0.00305619115752176,-0.00642003146111847,8.09420638248071e-06,-0.000335686861117512,-3.19763065732559e-05,-0.00143035607558684,-4.60569071849548e-05,-0.00199803151508959,-0.00237193954474435,-0.00187786843172244,0.0961008608601621,-0.00259470505435022,-3.12116431544496e-05,-0.00130706298921002,-1.32876495380074e-05,4.31128398039604e-05,-0.000335686861117068,0,-0.00131866180718809,3.96292252675678e-05,-2.77711012124371e-05,-0.00305619115752176,-3.36508566851634e-05,8.09420638248071e-06,-0.00237193954474435,-0.000335686861117068,-0.00407382119434097,-0.000549957561307934,-1.6507892884654e-05,1.07660814965271e-05,-3.36508566851634e-05,7.76733883744996e-05,-8.93151218201993e-05,-0.00305619115752176,5.05261349061925e-05,-4.98489114093559e-05,-0.00131518178520018,-0.00671720711562784,3.96292252675678e-05,8.09420638248071e-06,3.5196996008402e-05,-0.00199803151508959,1.07660814965271e-05,1.07660814965271e-05,-5.57618488770117e-05,-0.00305619115752176,-1.6507892884654e-05,6.72855700489805e-06,-8.93151218201993e-05,-0.00124260658177544,-0.00123258058333242,8.09420638248071e-06,-0.00143035607558684,3.85452423889987e-05,-0.00285705434171168,-0.00131866180718809,-0.00129091824186389,-0.00305619115752176,-2.02098961770147e-05,1.07660814965271e-05,-0.00629903106166196,-8.66076817285233e-06,8.09420638248071e-06,-0.00086947826080408,3.96292252675678e-05,-0.00100601911671649,2.41870667165855e-05,-6.92123454140159e-05,-0.00305619115752176,2.88968327923911e-05,1.07660814965271e-05,-0.00140682997427888,3.85452423889987e-05,5.53738211754862e-05
"6:71172953:G:C",0.000559636834031707,7.38288636066287e-05,-0.00012820166860994,-2.47490744946788e-05,-0.000791380049752988,-0.000752691637550207,-0.00136577204752797,0.000559636834031707,5.85991724681989e-05,-0.000327713575058564,0,-0.0020426238497766,-0.000228835391952842,8.20227611963986e-05,2.96308830520786e-05,-6.88579380510035e-05,-0.000256826260949694,0.000559636834031707,-0.0028070916011993,1.18584803363575e-05,-0.000446532938460198,-4.7177823931932e-05,-0.00173446804264188,-6.88579380510035e-05,1.18584803363575e-05,-0.000228835391952842,3.96671860212194e-05,-0.00259470505435022,0.0461826590791738,-4.7177823931932e-05,-0.00252101024655271,-2.05490807712039e-05,6.50477650614434e-05,-0.000446532938460198,0,-0.000154041970902519,6.03525620874734e-05,-7.88363255814772e-05,0.000559636834031707,-5.01576745213228e-05,1.18584803363575e-05,-0.000228835391952842,-0.000446532938460198,-0.00611551842378333,-1.57598395205127e-05,-2.47490744946788e-05,-0.000791380049752988,-5.01576745213228e-05,0.000120452649792213,-0.000131559965574013,0.000559636834031707,-0.00178463249738936,-7.4547129436553e-05,-0.00152296517742823,-0.00118232050155953,6.03525620874734e-05,1.18584803363575e-05,5.31937428780438e-05,1.18584803363575e-05,1.6049571649468e-05,-0.000791380049752988,-8.33943652276403e-05,0.000559636834031707,-2.47490744946788e-05,-0.00193907389516301,-0.000131559965574013,-0.00139017872890257,6.57055371604542e-05,1.18584803363575e-05,-0.00173446804264188,5.85991724681989e-05,-0.00166914469470703,-0.000154041970902519,-0.00263228924535319,0.000559636834031707,-0.00108567627669043,-0.000791380049752988,-0.00136577204752886,-0.00172129423834555,1.18584803363575e-05,-0.00117359022786001,6.03525620874734e-05,-0.0020426238497766,-0.00242217672260114,-0.000102670060016408,0.000559636834031707,4.39543501196127e-05,-0.000791380049752988,-0.000124891828728657,5.85991724681989e-05,8.51487646933435e-05
"6:71175334:C:T",-3.8442501464786e-05,-0.00244200751077717,-0.0031551191401018,-1.56644971252007e-05,1.02459730619842e-05,-0.000646146072162068,3.93716230471242e-05,-3.8442501464786e-05,3.67123559819049e-05,-0.00328162089230011,0,4.21584951828535e-05,-0.00224717133843644,-0.00134777718979162,-0.00173119758537332,-0.00615455060898462,-6.78013136923283e-06,-3.8442501464786e-05,-0.000473917565377846,7.71391961684742e-06,-0.00177714229628467,-2.95510250545306e-05,2.52916442500251e-05,-0.00149043089627199,7.71391961684742e-06,-0.00224717133843644,-0.00205710288846106,-3.12116431544496e-05,-4.7177823931932e-05,0.077558244620449,-0.00147442408230525,-1.25705409219634e-05,-0.00207678141219869,-0.00177714229628467,0,-0.00343248832476917,3.77433774856328e-05,-2.63039381458441e-05,-3.8442501464786e-05,-3.19046946630763e-05,7.71391961684742e-06,-0.00224717133843644,-0.00177714229628467,-0.00417300381986241,-9.63260484621031e-06,-1.56644971252007e-05,1.02459730619842e-05,-3.19046946630763e-05,7.41659973391151e-05,-0.00228154532249114,-3.8442501464786e-05,4.81614947451803e-05,-4.7177823931932e-05,-0.00285165914593444,-0.000195745178177553,3.77433774856328e-05,7.71391961684742e-06,-0.0023805590186301,7.71391961684742e-06,1.02459730619842e-05,1.02459730619842e-05,-0.00159194424294284,-3.8442501464786e-05,-1.56644971252007e-05,6.42012174889572e-06,-0.00228154532249114,-0.0039345742305823,-0.000777527064217409,7.71391961684742e-06,2.52916442500251e-05,3.67123559819049e-05,-0.0030757025230832,-0.00343248832476917,-0.00145782478440193,-3.8442501464786e-05,-0.00229570198826945,1.02459730619842e-05,3.93716230471242e-05,-0.00185778262090697,7.71391961684742e-06,2.52916442500251e-05,3.77433774856328e-05,4.21584951828535e-05,2.30235870510853e-05,-6.54625520670749e-05,-3.8442501464786e-05,2.74962972426351e-05,1.02459730619842e-05,-0.00324974955391522,3.67123559819049e-05,5.27814256781056e-05
"6:71176695:C:T",-0.00234607143633436,-0.0020486163674498,-0.000790590240971945,5.91747999871828e-05,-4.60007382736549e-05,-0.00034801391747763,-0.000491594556104147,-0.00234607143633436,-0.000160170334327248,-0.00724728469702951,0,-0.00226701839518295,-0.000367346720275386,-0.000223052420416536,0.00128067961356138,-0.00248075469147579,1.86094100778078e-05,-0.00234607143633436,-0.00095137278092583,-3.9014380433855e-05,-0.00676481026413533,9.63683735024645e-05,-0.000107159385416722,-0.00168525942826481,-3.9014380433855e-05,-0.000367346720275386,-0.00384190940783746,-0.00130706298921002,-0.00252101024655271,-0.00147442408230525,0.122647591906,3.42594480100544e-05,-0.00246736994816832,-0.00676481026413533,0,-0.0001471283020269,-0.00458973788095296,-0.00155165263858414,-0.00234607143633436,0.000117997996727404,-3.9014380433855e-05,-0.000367346720275386,-0.00676481026413533,-0.00525971551359117,2.6346379918607e-05,5.91747999871828e-05,-4.60007382736549e-05,0.000117997996727404,-0.000340538713130556,-0.00173608523362034,-0.00234607143633436,-0.00411366411134129,-0.00156831293318138,-0.00452825126811973,-0.000451636009453971,-0.00458973788095296,-3.9014380433855e-05,-0.002170025265543,-3.9014380433855e-05,-4.60007382736549e-05,-4.60007382736549e-05,-0.00146029176300289,-0.00234607143633436,5.91747999871828e-05,-0.00330796346330242,-0.00173608523362034,-1.20105421030914e-05,-0.000641774300488507,-3.9014380433855e-05,-0.000107159385416722,-0.000160170334327248,-0.00936492587537163,-0.0001471283020269,0.00233995864409042,-0.00234607143633436,-0.000218868335254641,-4.60007382736549e-05,-0.000491594556104147,2.24562509316684e-05,-3.9014380433855e-05,-0.00010715938541761,-0.000163032935676988,-0.00226701839518295,-0.0022220281698635,-0.00165529653978336,-0.00234607143633436,-0.000113332701826785,-4.60007382736549e-05,-0.000142436526931355,-0.000160170334327248,-0.000228046163279316
"6:71176867:A:G",-1.6677524515174e-05,1.82277611733284e-05,-0.0029465349549973,-6.66255284098582e-06,4.29016242797786e-06,2.85345892541145e-05,-0.0071888422016988,-1.6677524515174e-05,-0.00150827274841436,-0.00300068830383537,0,-0.00176289255290829,-0.00155257148252996,1.98462880653949e-05,3.28117744317069e-05,-1.89585773862078e-05,-2.75741018462838e-06,-1.6677524515174e-05,-0.0071297340151677,3.29567236523332e-06,-0.00324470697792911,-1.25705409219634e-05,1.02661282053162e-05,-0.00163061286626132,-0.00232736600078365,-0.00155257148252996,-0.00773606678862571,-1.32876495380074e-05,-2.05490807712039e-05,-1.25705409219634e-05,3.42594480100544e-05,0.100588301323714,-0.00186339698711535,-0.00324470697792911,0,-0.00321525345706419,-0.00138456049228441,-0.00246762154635594,-1.6677524515174e-05,-1.38181730120479e-05,3.29567236523332e-06,-0.00155257148252996,-0.00324470697792911,-0.00723838761735784,-3.93007822285796e-06,-6.66255284098582e-06,4.29016242797786e-06,-1.38181730120479e-05,2.76759820447836e-05,-0.00146517487502607,-1.6677524515174e-05,1.88926628243991e-05,-2.05490807712039e-05,-9.39188022170967e-05,-0.0068105562968892,-0.00138456049228441,3.29567236523332e-06,1.35188389309704e-05,-0.00232736600078365,-0.00171239868431527,4.29016242797786e-06,-0.00172740750199196,-1.6677524515174e-05,-6.66255284098582e-06,2.78506739803674e-06,-3.82076279263899e-05,3.63905669500397e-05,-0.000220040888371908,3.29567236523332e-06,1.02661282053162e-05,-0.00150827274841436,-0.000135045500579078,-0.00321525345706419,3.1098414877917e-05,-1.6677524515174e-05,-1.21307357119349e-05,4.29016242797786e-06,-0.0071888422016988,-3.33852831513326e-06,3.29567236523332e-06,1.02661282044281e-05,1.50325243328808e-05,-0.00176289255290829,9.41634673079506e-06,-2.90913022791273e-05,-1.6677524515174e-05,1.10867220417532e-05,4.29016242797786e-06,-0.00304233804216114,-0.00222194101778417,2.04544609951895e-05
"6:71178565:C:A",5.48843732044446e-05,-0.00295236842113766,-0.00159488238810113,2.38522808642117e-05,-1.77125293605584e-05,-0.000146698357236019,-0.000143277408382048,5.48843732044446e-05,0.00065616326083795,-0.000545220590800533,0,-7.83466180438452e-05,-0.000610710568577311,-0.000981116168437879,-0.000594579473153445,-1.66908444034775e-05,8.96726830834638e-06,5.48843732044446e-05,-0.000210553149062598,-1.42347806439957e-05,-0.000618911706734782,4.41477363999354e-06,-4.32010628337309e-05,6.09271873939221e-05,-0.00266032440410946,-0.000610710568577311,-0.00160434902560169,4.31128398039604e-05,6.50477650614434e-05,-0.00207678141219869,-0.00246736994816832,-0.00186339698711535,0.046814022960826,-0.000618911706734782,0,-0.00141977576005914,-0.00379192870682754,3.71454733087972e-05,5.48843732044446e-05,4.70759150941191e-05,-1.42347806439957e-05,-0.000610710568577311,-0.000618911706734782,-9.2345224978807e-05,1.26751010496307e-05,2.38522808642117e-05,-1.77125293605584e-05,4.70759150941191e-05,-0.000545493471163283,-0.00163142228643665,5.48843732044446e-05,-8.74737137213089e-05,6.50477650614434e-05,-0.00088693276011087,-0.000123660959007843,-0.00379192870682754,-1.42347806439957e-05,0.000146401635852556,-0.00266032440410946,-1.77125293605584e-05,-1.77125293605584e-05,7.13711554531926e-05,5.48843732044446e-05,2.38522808642117e-05,-1.2470195835057e-05,-0.00163142228643665,-0.000281874211256472,-0.000666596870312564,-1.42347806439957e-05,-4.32010628337309e-05,0.00065616326083795,-0.000941947628627204,-0.00141977576005914,-0.00239774878278709,5.48843732044446e-05,2.99559088725587e-05,-1.77125293605584e-05,-0.000143277408382936,-0.00191197992577052,-1.42347806439957e-05,-4.32010628346191e-05,-0.00112013283941259,-7.83466180438452e-05,-3.99348015243106e-05,8.82685413801099e-05,5.48843732044446e-05,-4.64030639699686e-05,-1.77125293605584e-05,-0.00155001854018799,-6.47321395446099e-05,-9.46472009371035e-05
"6:71178785:G:A",-0.000642069158098835,0.000234912075379068,0.00027861748401925,0.000114358302236717,-4.64221164468981e-05,-0.00210674113870457,-0.00134732049962105,-0.000642069158098835,-0.00134676063786365,-0.00556709396245836,0,-0.000978034151553953,0.000212237183342179,-0.00850286854227189,-0.0129995693637568,2.25246166838389e-05,-0.000836368341748717,-0.000642069158098835,-0.00329972108747212,-0.000267648318255098,0.000728765851663482,9.0362667516608e-05,-0.00278132793086883,-0.000714243072179599,-0.00757313045090768,0.000212237183342179,-0.00702547411248888,-0.000335686861117068,-0.000446532938460198,-0.00177714229628467,-0.00676481026413533,-0.00324470697792911,-0.000618911706734782,0.15687512165615,0,0.000327763048666885,-0.000296255375636711,-0.000258078233133396,-0.000642069158098835,3.43045038588841e-05,-0.00951943042570136,0.000212237183342179,0.000728765851663482,-0.00279796545278677,-0.00389934705670036,0.000114358302236717,-4.64221164468981e-05,3.43045038588841e-05,-0.00250768999954065,-0.00186588493491202,-0.000642069158098835,-0.0043993718883879,-0.000199717699148838,-0.000244348512903336,-0.000577338093112889,-0.000296255375636711,-0.000267648318255098,-0.000121615780693141,-0.0075731304509068,-0.00388815381474572,-4.64221164468981e-05,-0.000263185922792175,-0.000642069158098835,0.000114358302236717,-0.000168732237553648,-0.00186588493491202,-0.0102102992372326,-0.00448702336669715,-0.000267648318255098,-0.00278132793086883,-0.00134676063786365,0.000101832584583406,0.000327763048666885,-0.0039416818421496,-0.000642069158098835,-0.00028681385585827,-4.64221164468981e-05,-0.00134732049962016,-7.67013193652133e-05,-0.000267648318255098,-0.00151662967258925,-9.94822883573221e-05,-0.000978034151553953,-0.0118800628921649,1.04129892619653e-05,-0.000642069158098835,-4.39041407824803e-05,-4.64221164468981e-05,0.000266082845445492,-0.00446520234989567,-0.00213198835334882
"6:71180382:A:G",0,0,0,0,0,0,0,0,0,0,0,0,0,0,0,0,0,0,0,0,0,0,0,0,0,0,0,0,0,0,0,0,0,0,0,0,0,0,0,0,0,0,0,0,0,0,0,0,0,0,0,0,0,0,0,0,0,0,0,0,0,0,0,0,0,0,0,0,0,0,0,0,0,0,0,0,0,0,0,0,0,0,0,0,0,0,0,0,0,0,0
"6:71180823:G:T",-0.000124123187105418,-0.000195287826737278,-4.26841961997937e-05,-5.03755298613129e-05,3.1362931164125e-05,0.000262153623793004,-0.00155112135484003,-0.000124123187105418,0.000118789623906324,0.000164899591916345,0,0.000132284065767152,-0.000155102140099395,-0.00201102129741582,-0.000305152512935614,-0.00101953586096215,-2.47075221366799e-05,-0.000124123187105418,-9.16977676013175e-05,-0.00157607035054319,0.000327763048666885,-9.93976761591853e-05,8.15576436314913e-05,-0.00101953586096215,2.18966600051829e-05,-0.000155102140099395,-0.00277538262826837,-0.00131866180718809,-0.000154041970902519,-0.00343248832476917,-0.0001471283020269,-0.00321525345706419,-0.00141977576005914,0.000327763048666885,0,0.0399102378017213,0.000122896580636578,-8.80051779326152e-05,-0.000124123187105418,-0.000101544391271524,2.18966600051829e-05,-0.000155102140099395,0.000327763048666885,-0.00285114684426357,-3.50398435857713e-05,-5.03755298613129e-05,3.1362931164125e-05,-0.000101544391271524,0.000249168851602199,-0.00026606240757765,-0.000124123187105418,0.000156840989020246,-0.000396489414203671,-0.000480782621515186,-0.00186671752010348,0.000122896580636578,-0.00157607035054319,-0.00173928324925932,2.18966600051829e-05,3.1362931164125e-05,3.1362931164125e-05,-0.00114180202118686,-0.000124123187105418,-5.03755298613129e-05,-0.00150497941811079,-0.00026606240757765,-6.52332415773671e-05,-0.000113552745849343,-0.00157607035054319,8.15576436314913e-05,0.000118789623906324,-0.000198551112469136,0.00262066838560138,-0.000228875660916117,-0.000124123187105418,-4.35380742223046e-05,3.1362931164125e-05,-0.00155112135484003,-0.00131100360542202,-0.00157607035054319,8.15576436306031e-05,0.000122896580636578,0.000132284065767152,-0.00258907372841044,-0.0004831558254077,-0.000124123187105418,9.00934642906748e-05,3.1362931164125e-05,0.000525619803088517,-0.00234811238690735,0.000175902202823153
"6:71182490:C:G",5.06409314580125e-05,-0.00416762145159311,0.00010303476485074,-0.00137214448974987,-1.57093535193553e-05,-0.000124212599935447,-0.000152620548305116,5.06409314580125e-05,-5.64139303884659e-05,-0.000354123998494771,0,-6.76409552848867e-05,-0.00293016544970826,-7.92543007799296e-05,-0.00412541106723285,5.64044088431359e-05,8.17015595711013e-06,5.06409314580125e-05,-9.73845407319374e-05,-1.25886104234141e-05,-0.000296255375636711,3.77433774856328e-05,-3.80097943519786e-05,5.64044088431359e-05,-1.25886104234141e-05,-0.00293016544970826,-4.21226044755585e-05,3.96292252675678e-05,6.03525620874734e-05,3.77433774856328e-05,-0.00458973788095296,-0.00138456049228441,-0.00379192870682754,-0.000296255375636711,0,0.000122896580636578,0.0577737384035961,-0.00159705162210599,5.06409314580125e-05,4.32387167110804e-05,-1.25886104234141e-05,-0.00293016544970826,-0.000296255375636711,-3.86208855163162e-05,1.15637051534279e-05,-0.00137214448974987,-1.57093535193553e-05,4.32387167110804e-05,-0.000120180522651836,0.000105254871568761,5.06409314580125e-05,-7.55141195778464e-05,6.03525620874734e-05,-0.000463604833986331,-5.57907738274466e-05,0.0011197493059063,-1.25886104234141e-05,-0.00407283387971091,-1.25886104234141e-05,-1.57093535193553e-05,-1.57093535193553e-05,-0.0015582683469928,5.06409314580125e-05,-0.00137214448974987,-1.1002487908307e-05,-0.00276651433956765,-0.00401821445561801,-0.0041025886052779,-1.25886104234141e-05,-3.80097943519786e-05,-5.64139303884659e-05,-0.000505139890586648,0.000122896580636578,-0.00465994914220769,5.06409314580125e-05,-0.00123958238681787,-1.57093535193553e-05,-0.000152620548305116,-0.00143276102756396,-1.25886104234141e-05,-3.80097943528668e-05,-5.77566093182824e-05,-6.76409552848867e-05,-3.51275126790895e-05,8.28573309918923e-05,5.06409314580125e-05,-4.08301794738719e-05,-1.57093535193553e-05,0.000100838671910353,-5.64139303884659e-05,-8.1679392930134e-05
"6:71183678:G:A",-0.00131661123084026,4.17546918614065e-05,-7.29345191379238e-05,-1.40079136015103e-05,-0.00215335461357302,6.99201130336391e-05,-0.000460928388279491,-0.00131661123084026,3.31055904077004e-05,-0.00015819210829715,0,3.80941552906577e-05,-0.00173588023236437,-0.00349975462714358,-0.0018078576493803,-0.00292077399676316,-0.00253236976323823,-0.00131661123084026,2.37844791275421e-05,6.95991327770429e-06,-0.000258078233133396,-2.63039381458441e-05,2.27651824475927e-05,-3.88011594667503e-05,-0.00214115668472736,-0.00173588023236437,-0.00204147992049908,-2.77711012124371e-05,-7.88363255814772e-05,-2.63039381458441e-05,-0.00155165263858414,-0.00246762154635594,3.71454733087972e-05,-0.000258078233133396,0,-8.80051779326152e-05,-0.00159705162210599,0.0730170552836253,-0.00131661123084026,-2.84750610690665e-05,6.95991327770429e-06,-0.00173588023236437,-0.000258078233133396,-8.88047471203635e-06,-8.56698407858403e-06,-1.40079136015103e-05,-0.00215335461357302,-2.84750610690665e-05,-0.00298512707676224,-7.48189106358765e-05,-0.00131661123084026,4.35082968222034e-05,-0.00151969354147052,-0.000260078430970978,-0.000370160014592891,-0.00159705162210599,6.95991327770429e-06,3.02429511247482e-05,-0.00214115668472736,9.21980922008458e-06,-0.00215335461357302,-4.68472093952954e-05,-0.00131661123084026,-1.40079136015103e-05,5.8059370777741e-06,-7.48189106358765e-05,-0.0041531432113775,-0.000224669006312794,6.95991327770429e-06,2.27651824475927e-05,3.31055904077004e-05,-0.000332819269872164,-8.80051779326152e-05,-0.0015341598309444,-0.00131661123084026,-0.00384437256407999,-0.00215335461357302,-0.000460928388279491,-7.29088035011927e-06,6.95991327770429e-06,2.27651824467046e-05,3.4033532039679e-05,3.80941552906577e-05,-0.00256125707797761,-0.00141200849002132,-0.00131661123084026,2.47431945741283e-05,-0.00215335461357302,-7.10780947805745e-05,3.31055904077004e-05,-0.000920574826313469
"6:71186018:G:T",0.00084149699720637,6.22114526249717e-05,-0.00010361792056468,-2.03947845598407e-05,1.34238773048523e-05,-0.00124428059164927,-4.24021779625861e-05,0.00084149699720637,4.91812519705093e-05,-0.000491102285450573,0,5.63886381250711e-05,-0.00145942046131609,6.90801377034589e-05,-0.00189585034698503,-5.60969275715806e-05,-9.0288231184843e-06,0.00084149699720637,-8.32167775994819e-05,9.99361693398981e-06,-0.000642069158098835,-3.8442501464786e-05,-0.00221287675197512,-5.60969275715806e-05,9.99361693398981e-06,-0.00145942046131609,3.35034740155393e-05,-0.00305619115752176,0.000559636834031707,-3.8442501464786e-05,-0.00234607143633436,-1.6677524515174e-05,5.48843732044446e-05,-0.000642069158098835,0,-0.000124123187105418,5.06409314580125e-05,-0.00131661123084026,0.0254046517260607,-4.11583411628058e-05,9.99361693398981e-06,-0.00145942046131609,-0.000642069158098835,-0.00162381416719271,-1.28037555171545e-05,-2.03947845598407e-05,1.34238773048523e-05,-4.11583411628058e-05,0.000102259868112853,-0.000106243689740992,0.00084149699720637,6.50114899336529e-05,-6.06205554243289e-05,-0.0011080687090681,-0.000112874921322614,5.06409314580125e-05,9.99361693398981e-06,4.46895682006954e-05,9.99361693398981e-06,1.34238773048523e-05,1.34238773048523e-05,-6.76360618188099e-05,0.00084149699720637,-2.03947845598407e-05,-0.00174454453478745,-0.000106243689740992,-4.86975095421727e-05,-0.000389995489319617,9.99361693398981e-06,-0.00221287675197512,4.91812519705093e-05,-0.00116835335602072,-0.000124123187105418,-0.00245533836484579,0.00084149699720637,-0.000177196156288417,1.34238773048523e-05,-4.24021779625861e-05,-1.09041710407709e-05,9.99361693398981e-06,-0.00165199893719237,5.06409314580125e-05,5.63886381250711e-05,3.05066046335511e-05,-8.32185983146161e-05,0.00084149699720637,3.67152184468367e-05,1.34238773048523e-05,-0.000101027126025777,4.91812519705093e-05,7.17087378756531e-05
"6:71187321:C:A",-4.11583411628058e-05,5.33332615253457e-05,-8.50863383945466e-05,-1.7091781562506e-05,1.14040826559858e-05,9.22874938780183e-05,-0.00021012294802869,-4.11583411628058e-05,4.19959320572261e-05,4.53248189282718e-05,0,-0.000342382843904865,-0.00011997452282575,5.92245122739143e-05,0.000110003680375392,-4.64930268586627e-05,-7.49601251381904e-06,-4.11583411628058e-05,-0.00020205346436164,8.53578565429558e-06,3.43045038588841e-05,-3.19046946630763e-05,2.86177059987125e-05,-4.64930268586627e-05,8.53578565429558e-06,-0.00011997452282575,2.87145444906045e-05,-3.36508566851634e-05,-5.01576745213228e-05,-3.19046946630763e-05,0.000117997996727404,-1.38181730120479e-05,4.70759150941191e-05,3.43045038588841e-05,0,-0.000101544391271524,4.32387167110804e-05,-2.84750610690665e-05,-4.11583411628058e-05,-0.000981256727324187,-0.000298071888867213,-0.00011997452282575,3.43045038588841e-05,2.09242385826869e-05,1.92652090635903e-05,-1.7091781562506e-05,1.14040826559858e-05,0.00411628874259584,8.84067156068369e-05,-8.71726892031077e-05,-4.11583411628058e-05,5.57318617593339e-05,-5.01576745213228e-05,-0.000181166786516584,-2.27775746157732e-05,4.32387167110804e-05,8.53578565429558e-06,3.81783641927314e-05,8.53578565429558e-06,1.14040826559858e-05,1.14040826559858e-05,-5.58249798183752e-05,-4.11583411628058e-05,-1.7091781562506e-05,7.07612558770165e-06,-8.71726892031077e-05,-0.000625463971672069,-0.000238840893647563,8.53578565429558e-06,2.86177059987125e-05,4.19959320572261e-05,-0.000237783335151676,-0.000101544391271524,0.000103001171855688,-4.11583411628058e-05,-3.31630683385598e-05,1.14040826559858e-05,-0.00021012294802869,-9.04847668792286e-06,8.53578565429558e-06,2.86177059987125e-05,4.32387167110804e-05,-0.000342382843904865,2.59641338899996e-05,-6.85795205583872e-05,-4.11583411628058e-05,3.12104189488238e-05,1.14040826559858e-05,-8.30253026000705e-05,4.19959320572261e-05,6.14856200886749e-05
"6:71187862:A:G",9.99361693398981e-06,-1.5993739387099e-05,1.89424376069169e-05,4.38989509099486e-06,-3.21620847199e-06,-2.89726971915982e-05,-0.00027721546291648,9.99361693398981e-06,-1.22452725630495e-05,-0.00910211886990187,0,-0.00279410873183483,4.73727508065735e-06,-1.76767266850675e-05,-3.64952518774331e-05,-0.00241999618865574,1.80664789262153e-06,9.99361693398981e-06,-0.000288623485268147,-2.4940656082606e-06,-0.00951943042570136,7.71391961684742e-06,-8.12016132645255e-06,-0.00196459246277136,-2.4940656082606e-06,4.73727508065735e-06,-8.65007114558836e-06,8.09420638248071e-06,1.18584803363575e-05,7.71391961684742e-06,-3.9014380433855e-05,3.29567236523332e-06,-1.42347806439957e-05,-0.00951943042570136,0,2.18966600051829e-05,-1.25886104234141e-05,6.95991327770429e-06,9.99361693398981e-06,-0.000298071888867213,0.0695630458815693,4.73727508065735e-06,-0.00951943042570136,-0.00172504637738591,2.54625698659083e-06,4.38989509099486e-06,-3.21620847199e-06,-0.000298071888867213,-2.77815811591253e-05,1.93052728754139e-05,9.99361693398981e-06,-1.66758066191264e-05,1.18584803363575e-05,-0.00462248946029398,-0.000359832812575789,-1.25886104234141e-05,-2.4940656082606e-06,-1.11980251826793e-05,-2.4940656082606e-06,-3.21620847199e-06,-3.21620847199e-06,-0.00205589854879218,9.99361693398981e-06,4.38989509099486e-06,-0.00180875643016254,1.93052728754139e-05,-0.000146320969927949,-0.000734914811802767,-2.4940656082606e-06,-8.12016132645255e-06,-1.22452725630495e-05,-0.00485234368521859,2.18966600051829e-05,-3.32029549490187e-05,9.99361693398981e-06,-0.00407445354025615,-3.21620847199e-06,-0.000277215462917368,2.17523128132058e-06,-2.4940656082606e-06,-8.12016132556437e-06,-1.25886104234141e-05,-0.00279410873183483,-7.41690773242709e-06,1.57240666132097e-05,9.99361693398981e-06,-8.81258574292332e-06,-3.21620847199e-06,1.85805613952539e-05,-1.22452725630495e-05,-1.83296135007893e-05
"6:71189074:G:A",-0.00145942046131609,-0.00236620412815203,-0.000161781503461356,-5.7792243182142e-05,-0.00246806219767848,-0.00428727941023599,-0.000548270800595052,-0.00145942046131609,-0.00140305032260191,0.000169402564766052,0,-6.4697231401567e-05,0.000492970046123808,-0.0024995403743322,0.000125686919815848,-0.00923289646654446,-1.78297222888091e-05,-0.00145942046131609,2.04339813292265e-06,-0.00216287281917182,0.000212237183342179,-0.00361271562853727,-0.00341988076440103,-0.000754305038443981,-0.000354354966970227,0.000492970046123808,-0.000945994107975245,-0.00237193954474435,-0.000228835391952842,-0.00224717133843644,-0.000367346720275386,-0.00155257148252996,-0.000610710568577311,0.000212237183342179,0,-0.000155102140099395,-0.00293016544970826,-0.00173588023236437,-0.00145942046131609,-0.00011997452282575,4.73727508065735e-06,0.121772912160704,0.000212237183342179,-0.00110287648904261,-1.88253860589072e-05,-5.7792243182142e-05,-0.00246806219767848,-0.00011997452282575,-0.00255240369480525,-0.00292467723738099,-0.00145942046131609,-0.00105970725168802,-0.000952510370721527,1.05969207480072e-05,-0.00044770341732292,-0.00293016544970826,-0.00216287281917182,-0.00232947038022413,-0.000354354966970227,-0.00436483425509948,-0.00246806219767848,0.000222842505676724,-0.00145942046131609,-5.7792243182142e-05,-0.00268489444680231,-0.00145467992601667,-0.00151858223810697,-0.00288084642510533,-0.00216287281917182,-0.00341988076440103,-0.00140305032260191,-2.1873505262171e-05,-0.000155102140099395,0.000114168661564662,-0.00145942046131609,-0.00185064394528789,-0.00246806219767848,-0.000548270800595052,-2.37364271793439e-05,-0.00216287281917182,-0.00672054713101033,0.000126433238388124,-6.4697231401567e-05,-0.00366192663788212,-0.000760607658988555,-0.00145942046131609,9.46275005198061e-05,-0.00246806219767848,-0.000126980403745591,-0.00315754386110711,0.000174305042380141
"6:71195442:C:T",-0.000642069158098835,0.000234912075379068,0.00027861748401925,0.000114358302236717,-4.64221164468981e-05,-0.00210674113870457,-0.00134732049962105,-0.000642069158098835,-0.00134676063786365,-0.00556709396245836,0,-0.000978034151553953,0.000212237183342179,-0.00850286854227189,-0.0129995693637568,2.25246166838389e-05,-0.000836368341748717,-0.000642069158098835,-0.00329972108747212,-0.000267648318255098,0.000728765851663482,9.0362667516608e-05,-0.00278132793086883,-0.000714243072179599,-0.00757313045090768,0.000212237183342179,-0.00702547411248888,-0.000335686861117068,-0.000446532938460198,-0.00177714229628467,-0.00676481026413533,-0.00324470697792911,-0.000618911706734782,0.000728765851663482,0,0.000327763048666885,-0.000296255375636711,-0.000258078233133396,-0.000642069158098835,3.43045038588841e-05,-0.00951943042570136,0.000212237183342179,0.15687512165615,-0.00279796545278677,-0.00389934705670036,0.000114358302236717,-4.64221164468981e-05,3.43045038588841e-05,-0.00250768999954065,-0.00186588493491202,-0.000642069158098835,-0.0043993718883879,-0.000199717699148838,-0.000244348512903336,-0.000577338093112889,-0.000296255375636711,-0.000267648318255098,-0.000121615780693141,-0.0075731304509068,-0.00388815381474572,-4.64221164468981e-05,-0.000263185922792175,-0.000642069158098835,0.000114358302236717,-0.000168732237553648,-0.00186588493491202,-0.0102102992372326,-0.00448702336669715,-0.000267648318255098,-0.00278132793086883,-0.00134676063786365,0.000101832584583406,0.000327763048666885,-0.0039416818421496,-0.000642069158098835,-0.00028681385585827,-4.64221164468981e-05,-0.00134732049962016,-7.67013193652133e-05,-0.000267648318255098,-0.00151662967258925,-9.94822883573221e-05,-0.000978034151553953,-0.0118800628921649,1.04129892619653e-05,-0.000642069158098835,-4.39041407824803e-05,-4.64221164468981e-05,0.000266082845445492,-0.00446520234989567,-0.00213198835334882
"6:71196774:G:A",-0.00162381416719271,-0.000192539758542942,-0.00552068770751735,1.13863070723141e-05,-0.00284128550235252,-0.000362633995817596,-0.00708278912932236,-0.00162381416719271,-3.75525707374536e-05,-0.00329851626171118,0,-4.61810956133846e-05,-0.00110287648904261,-5.60686978428038e-05,-0.00142363314865879,2.60742865094699e-05,-0.0049102220085695,-0.00162381416719271,-0.00110057820920506,-0.00172504637738591,-0.00279796545278677,-0.000534615901933044,-0.00119151541791407,-0.00234143805508236,-7.20189485026168e-06,-0.00110287648904261,-0.000105192566474344,-0.00407382119434097,-0.00611551842378333,-0.00417300381986241,-0.00525971551359117,-0.00723838761735784,-9.2345224978807e-05,-0.00279796545278677,0,-0.00285114684426357,-3.86208855163162e-05,-8.88047471203635e-06,-0.00162381416719271,2.09242385826869e-05,-0.00172504637738591,-0.00110287648904261,-0.00279796545278677,0.198813761081013,6.57140750703888e-06,1.13863070723141e-05,-0.00284128550235252,2.09242385826869e-05,-0.00352366610513322,-0.00333890563589634,-0.00162381416719271,-0.000393651047200905,-0.00385481059610449,-0.00220808302207498,-0.00654479461833368,-3.86208855163162e-05,-0.00172504637738591,-0.000149142193765606,-7.20189485026168e-06,-0.00672732946815646,-0.00284128550235252,-0.00706743214923033,-0.00162381416719271,1.13863070723141e-05,-0.00174429821556554,-0.00333890563589634,-0.00430907282774573,-0.00180484436824502,-0.00172504637738591,-0.00119151541791407,-3.75525707374536e-05,-0.000295794615579492,-0.00285114684426357,-0.00521533985382749,-0.00162381416719271,-0.00229830656112373,-0.00284128550235252,-0.00708278912932236,-0.00197566718479525,-0.00172504637738591,-0.0006306376031322,-0.000483694708312221,-4.61810956133846e-05,0.000109620173210701,-0.00567399585486328,-0.00162381416719271,-2.61252959807834e-05,-0.00284128550235252,-0.00268855517075473,-0.0124375046051908,-0.00545896419157543
"6:71199377:C:T",-1.28037555171545e-05,1.40280142844063e-05,-2.85400146884385e-05,-5.12039849809298e-06,3.3058549675502e-06,2.19406544816891e-05,-0.00465125424243507,-1.28037555171545e-05,1.12823500186821e-05,-0.00367790420667546,0,-0.000780073798360981,-1.88253860589072e-05,1.52638462678212e-05,2.52424911630911e-05,-1.45456318341175e-05,-2.10656857291269e-06,-1.28037555171545e-05,-0.00460962199509485,-0.00235480056934367,-0.00389934705670036,-9.63260484621031e-06,7.89776159049183e-06,-1.45456318341175e-05,-0.00235480056934367,-1.88253860589072e-05,8.17279394471626e-06,-0.000549957561307934,-1.57598395205127e-05,-9.63260484621031e-06,2.6346379918607e-05,-3.93007822285796e-06,1.26751010496307e-05,-0.00389934705670036,0,-3.50398435857713e-05,1.15637051534279e-05,-8.56698407858403e-06,-1.28037555171545e-05,1.92652090635903e-05,2.54625698659083e-06,-1.88253860589072e-05,-0.00389934705670036,6.57140750703888e-06,0.062979466890754,-5.12039849809298e-06,3.3058549675502e-06,1.92652090635903e-05,-0.00304207485450458,-2.93196986742572e-05,-1.28037555171545e-05,-0.0015527107285811,-1.57598395205127e-05,-0.000495061250889606,-0.0044048697929,1.15637051534279e-05,-0.00235480056934367,1.04077953517745e-05,-0.00235480056934367,3.3058549675502e-06,3.3058549675502e-06,-1.76658425150578e-05,-1.28037555171545e-05,-5.12039849809298e-06,2.1563180432338e-06,-2.93196986742572e-05,-0.00509026595721629,-0.000778929035869957,-0.00235480056934367,7.89776159049183e-06,1.12823500186821e-05,-0.000510794190166308,-3.50398435857713e-05,2.3916548886227e-05,-1.28037555171545e-05,-9.16662498351428e-06,3.3058549675502e-06,-0.00465125424243507,-2.55038031049537e-06,-0.00235480056934367,7.89776159049183e-06,-0.00141209629808259,-0.000780073798360981,7.24865562684585e-06,-2.23195558639588e-05,-1.28037555171545e-05,8.52470748746725e-06,3.3058549675502e-06,-2.77743336241087e-05,1.12823500186821e-05,1.57284018138526e-05
"6:71204601:A:G",-2.03947845598407e-05,2.68361806030626e-05,-4.21586585925837e-05,0.00205388993281996,5.7699000644007e-06,4.61283434480819e-05,5.01738396421203e-05,-2.03947845598407e-05,2.10697272287064e-05,6.00997161521732e-05,0,2.44637672510706e-05,-5.7792243182142e-05,2.9645908089293e-05,5.54463726514243e-05,-2.29760244234711e-05,-3.61447029373352e-06,-2.03947845598407e-05,3.10655043245234e-05,4.38989509099486e-06,0.000114358302236717,-1.56644971252007e-05,1.43389289801732e-05,-2.29760244234711e-05,4.38989509099486e-06,-5.7792243182142e-05,1.47147572739925e-05,-1.6507892884654e-05,-2.47490744946788e-05,-1.56644971252007e-05,5.91747999871828e-05,-6.66255284098582e-06,2.38522808642117e-05,0.000114358302236717,0,-5.03755298613129e-05,-0.00137214448974987,-1.40079136015103e-05,-2.03947845598407e-05,-1.7091781562506e-05,4.38989509099486e-06,-5.7792243182142e-05,0.000114358302236717,1.13863070723141e-05,-5.12039849809298e-06,-0.00249544688134051,5.7699000644007e-06,-1.7091781562506e-05,4.42935745530448e-05,-4.3170920530855e-05,-2.03947845598407e-05,2.79801029705595e-05,-2.47490744946788e-05,0.000232326834495034,1.45341745385608e-05,-0.00137214448974987,4.38989509099486e-06,1.92428818337476e-05,4.38989509099486e-06,5.7699000644007e-06,5.7699000644007e-06,-2.74908600408352e-05,-2.03947845598407e-05,0.00205388993281996,3.68764713076786e-06,0.00054274527502951,6.41292186136511e-05,-0.000405891745904441,4.38989509099486e-06,1.43389289801732e-05,2.10697272287064e-05,0.000285678479793994,-5.03755298613129e-05,5.16332348459159e-05,-2.03947845598407e-05,-1.52946077678351e-05,5.7699000644007e-06,5.01738396421203e-05,-4.36298639083788e-06,4.38989509099486e-06,1.4338928979285e-05,2.16644779129638e-05,2.44637672510706e-05,1.30653618430898e-05,-3.39174769816708e-05,-2.03947845598407e-05,1.55833532957672e-05,5.7699000644007e-06,-4.11586496928962e-05,2.10697272287064e-05,3.07244077122348e-05
"6:71207776:A:C",1.34238773048523e-05,-1.97965497177321e-05,2.6621643256064e-05,5.7699000644007e-06,0.00010221267999011,-3.48085080492666e-05,-0.00288275966141072,1.34238773048523e-05,-1.52973346603247e-05,-9.09892691351999e-05,0,-0.00311147919043098,-0.00246806219767848,-2.17763227858825e-05,-0.00140791822636732,1.49854661630755e-05,-0.000570691408621649,1.34238773048523e-05,-0.00284075337047973,-3.21620847199e-06,-4.64221164468981e-05,1.02459730619842e-05,-1.02576407519095e-05,1.49854661630755e-05,-3.21620847199e-06,-0.00246806219767848,-1.09426548995373e-05,1.07660814965271e-05,-0.000791380049752988,1.02459730619842e-05,-4.60007382736549e-05,4.29016242797786e-06,-1.77125293605584e-05,-4.64221164468981e-05,0,3.1362931164125e-05,-1.57093535193553e-05,-0.00215335461357302,1.34238773048523e-05,1.14040826559858e-05,-3.21620847199e-06,-0.00246806219767848,-4.64221164468981e-05,-0.00284128550235252,3.3058549675502e-06,5.7699000644007e-06,0.0404660034323259,1.14040826559858e-05,-3.34668637798075e-05,2.71878523667723e-05,1.34238773048523e-05,-2.0600535166615e-05,1.6049571649468e-05,-0.00176247849030808,-0.00272664829630198,-1.57093535193553e-05,-3.21620847199e-06,-1.40365615379778e-05,-3.21620847199e-06,-4.12860833698403e-06,0.00010221267999011,1.76813858399072e-05,1.34238773048523e-05,5.7699000644007e-06,-2.75352025891351e-06,2.71878523667723e-05,-0.00222512643482542,-0.000353933220722524,-3.21620847199e-06,-1.02576407519095e-05,-1.52973346603247e-05,-0.0017740126074921,3.1362931164125e-05,-3.95704400357744e-05,1.34238773048523e-05,-0.00179377856330287,0.00010221267999011,-0.00288275966141072,2.82050184186033e-06,-3.21620847199e-06,-1.02576407527977e-05,-1.57093535193553e-05,-0.00311147919043098,-9.39372846175957e-06,2.16979051756994e-05,1.34238773048523e-05,-1.110521117198e-05,0.00010221267999011,2.60600649575338e-05,-1.52973346603247e-05,-2.25407361238439e-05
"6:71208451:A:C",-4.11583411628058e-05,5.33332615253457e-05,-8.50863383945466e-05,-1.7091781562506e-05,1.14040826559858e-05,9.22874938780183e-05,-0.00021012294802869,-4.11583411628058e-05,4.19959320572261e-05,4.53248189282718e-05,0,-0.000342382843904865,-0.00011997452282575,5.92245122739143e-05,0.000110003680375392,-4.64930268586627e-05,-7.49601251381904e-06,-4.11583411628058e-05,-0.00020205346436164,8.53578565429558e-06,3.43045038588841e-05,-3.19046946630763e-05,2.86177059987125e-05,-4.64930268586627e-05,8.53578565429558e-06,-0.00011997452282575,2.87145444906045e-05,-3.36508566851634e-05,-5.01576745213228e-05,-3.19046946630763e-05,0.000117997996727404,-1.38181730120479e-05,4.70759150941191e-05,3.43045038588841e-05,0,-0.000101544391271524,4.32387167110804e-05,-2.84750610690665e-05,-4.11583411628058e-05,0.00411628874259584,-0.000298071888867213,-0.00011997452282575,3.43045038588841e-05,2.09242385826869e-05,1.92652090635903e-05,-1.7091781562506e-05,1.14040826559858e-05,-0.000981256727324187,8.84067156068369e-05,-8.71726892031077e-05,-4.11583411628058e-05,5.57318617593339e-05,-5.01576745213228e-05,-0.000181166786516584,-2.27775746157732e-05,4.32387167110804e-05,8.53578565429558e-06,3.81783641927314e-05,8.53578565429558e-06,1.14040826559858e-05,1.14040826559858e-05,-5.58249798183752e-05,-4.11583411628058e-05,-1.7091781562506e-05,7.07612558770165e-06,-8.71726892031077e-05,-0.000625463971672069,-0.000238840893647563,8.53578565429558e-06,2.86177059987125e-05,4.19959320572261e-05,-0.000237783335151676,-0.000101544391271524,0.000103001171855688,-4.11583411628058e-05,-3.31630683385598e-05,1.14040826559858e-05,-0.00021012294802869,-9.04847668792286e-06,8.53578565429558e-06,2.86177059987125e-05,4.32387167110804e-05,-0.000342382843904865,2.59641338899996e-05,-6.85795205583872e-05,-4.11583411628058e-05,3.12104189488238e-05,1.14040826559858e-05,-8.30253026000705e-05,4.19959320572261e-05,6.14856200886749e-05
"6:71208663:G:A",0.000102259868112853,0.000180702387321929,0.00020817831215858,4.42935745530448e-05,-3.34668637798075e-05,-0.000256869743379795,-0.003792877048447,0.000102259868112853,-0.000117800789023015,-0.00279681866217896,0,-0.00336639097816427,-0.00255240369480525,-0.000164524329134608,-0.00199153071279312,0.000113054165036708,1.50354188992452e-05,0.000102259868112853,-0.0036453442273201,-2.77815811591253e-05,-0.00250768999954065,7.41659973391151e-05,-7.90761531002104e-05,0.000113054165036708,-2.77815811591253e-05,-0.00255240369480525,-0.00361026279833254,7.76733883744996e-05,0.000120452649792213,7.41659973391151e-05,-0.000340538713130556,2.76759820447836e-05,-0.000545493471163283,-0.00250768999954065,0,0.000249168851602199,-0.000120180522651836,-0.00298512707676224,0.000102259868112853,8.84067156068369e-05,-2.77815811591253e-05,-0.00255240369480525,-0.00250768999954065,-0.00352366610513322,-0.00304207485450458,4.42935745530448e-05,-3.34668637798075e-05,8.84067156068369e-05,0.0784684240088187,0.000212393253735677,0.000102259868112853,-0.000158015502266906,0.000120452649792213,-0.00859198513462989,-0.00346455926207945,-0.000120180522651836,-2.77815811591253e-05,-0.000581732833978776,-2.77815811591253e-05,-3.34668637798075e-05,-3.34668637798075e-05,0.000131867618437198,0.000102259868112853,4.42935745530448e-05,-2.48911309652655e-05,0.000212393253735677,-0.00219620992926028,-0.0017668714007435,-2.77815811591253e-05,-7.90761531002104e-05,-0.000117800789023015,-0.00852585096030856,0.000249168851602199,-0.000294489834089973,0.000102259868112853,-0.00248558321170034,-3.34668637798075e-05,-0.003792877048447,1.81428435359621e-05,-2.77815811591253e-05,-7.90761531010986e-05,-0.000120180522651836,-0.00336639097816427,-7.38910193041065e-05,0.000166530320215408,0.000102259868112853,-8.41479207913665e-05,-3.34668637798075e-05,0.000204009920437898,-0.000117800789023015,-0.000168742519701226
"6:71210226:G:A",-0.000106243689740992,-0.00198564051001071,-0.000222730571459273,-4.3170920530855e-05,2.71878523667723e-05,-0.000944444728553151,-3.45745299101807e-05,-0.000106243689740992,0.000101873145988307,-0.00315725912783904,0,0.000114270269289563,-0.00292467723738099,-0.00169896714322881,-0.00201076976255798,-0.01153590297044,-2.06662497292953e-05,-0.000106243689740992,-7.8838354395927e-05,1.93052728754139e-05,-0.00186588493491202,-0.00134623497586972,6.99543111384315e-05,-0.0011926553507422,1.93052728754139e-05,-0.00292467723738099,-0.00164116498528166,-8.93151218201993e-05,-0.000131559965574013,-0.00228154532249114,-0.00173608523362034,-0.00146517487502607,-0.00163142228643665,-0.00186588493491202,0,-0.00026606240757765,0.000105254871568761,-7.48189106358765e-05,-0.000106243689740992,-8.71726892031077e-05,1.93052728754139e-05,-0.00292467723738099,-0.00186588493491202,-0.00333890563589634,-2.93196986742572e-05,-4.3170920530855e-05,2.71878523667723e-05,-8.71726892031077e-05,0.000212393253735677,0.0716703351114862,-0.000106243689740992,-0.00220682738086353,-0.000131559965574013,-0.00169667821193054,6.72734269988595e-05,0.000105254871568761,1.93052728754139e-05,-0.00194802652288928,1.93052728754139e-05,2.71878523667723e-05,2.71878523667723e-05,-0.00131035988916661,-0.000106243689740992,-4.3170920530855e-05,1.5285568249368e-05,-0.000921398615389535,-0.00468177211129284,-0.00230968896766459,1.93052728754139e-05,6.99543111384315e-05,0.000101873145987419,-0.00183121229327909,-0.00026606240757765,-0.00174223313242639,-0.000106243689740992,-0.000196732580636905,2.71878523667723e-05,-3.45745299110689e-05,-0.00149990074962592,1.93052728754139e-05,6.99543111375434e-05,0.000105254871568761,0.000114270269289563,6.27069054370821e-05,-0.000179652337141789,-0.000106243689740992,7.70170405894888e-05,2.71878523667723e-05,-0.000216832985484139,0.000101873145987419,0.000150002717941966
"6:71211575:T:C",0.00084149699720637,6.22114526249717e-05,-0.00010361792056468,-2.03947845598407e-05,1.34238773048523e-05,-0.00124428059164927,-4.24021779625861e-05,0.00084149699720637,4.91812519705093e-05,-0.000491102285450573,0,5.63886381250711e-05,-0.00145942046131609,6.90801377034589e-05,-0.00189585034698503,-5.60969275715806e-05,-9.0288231184843e-06,0.00084149699720637,-8.32167775994819e-05,9.99361693398981e-06,-0.000642069158098835,-3.8442501464786e-05,-0.00221287675197512,-5.60969275715806e-05,9.99361693398981e-06,-0.00145942046131609,3.35034740155393e-05,-0.00305619115752176,0.000559636834031707,-3.8442501464786e-05,-0.00234607143633436,-1.6677524515174e-05,5.48843732044446e-05,-0.000642069158098835,0,-0.000124123187105418,5.06409314580125e-05,-0.00131661123084026,0.00084149699720637,-4.11583411628058e-05,9.99361693398981e-06,-0.00145942046131609,-0.000642069158098835,-0.00162381416719271,-1.28037555171545e-05,-2.03947845598407e-05,1.34238773048523e-05,-4.11583411628058e-05,0.000102259868112853,-0.000106243689740992,0.0254046517260607,6.50114899336529e-05,-6.06205554243289e-05,-0.0011080687090681,-0.000112874921322614,5.06409314580125e-05,9.99361693398981e-06,4.46895682006954e-05,9.99361693398981e-06,1.34238773048523e-05,1.34238773048523e-05,-6.76360618188099e-05,0.00084149699720637,-2.03947845598407e-05,-0.00174454453478745,-0.000106243689740992,-4.86975095421727e-05,-0.000389995489319617,9.99361693398981e-06,-0.00221287675197512,4.91812519705093e-05,-0.00116835335602072,-0.000124123187105418,-0.00245533836484579,0.00084149699720637,-0.000177196156288417,1.34238773048523e-05,-4.24021779625861e-05,-1.09041710407709e-05,9.99361693398981e-06,-0.00165199893719237,5.06409314580125e-05,5.63886381250711e-05,3.05066046335511e-05,-8.32185983146161e-05,0.00084149699720637,3.67152184468367e-05,1.34238773048523e-05,-0.000101027126025777,4.91812519705093e-05,7.17087378756531e-05
"6:71213042:A:T",6.50114899336529e-05,-9.58399852928338e-05,0.000131638848360538,2.79801029705595e-05,-2.0600535166615e-05,-0.000163027487130485,-0.000303645218476589,6.50114899336529e-05,-7.38271003930535e-05,-0.00452284906307199,0,-0.0011856940021957,-0.00105970725168802,-0.000103745054489401,-0.00364811182738212,7.2230967696818e-05,-0.00160367756733493,6.50114899336529e-05,-0.000253129116283723,-0.00325942873472584,-0.0043993718883879,4.81614947451803e-05,-4.96046046256637e-05,-0.00189694817850405,-1.66758066191264e-05,-0.00105970725168802,-0.00127593445207808,5.05261349061925e-05,-0.00178463249738936,4.81614947451803e-05,-0.00411366411134129,1.88926628243991e-05,-8.74737137213089e-05,-0.0043993718883879,0,0.000156840989020246,-7.55141195778464e-05,4.35082968222034e-05,6.50114899336529e-05,5.57318617593339e-05,-1.66758066191264e-05,-0.00105970725168802,-0.0043993718883879,-0.000393651047200905,-0.0015527107285811,2.79801029705595e-05,-2.0600535166615e-05,5.57318617593339e-05,-0.000158015502266906,-0.00220682738086353,6.50114899336529e-05,0.0794994858158269,7.71735643780858e-05,-0.000702983715813232,-0.000264214678602492,-7.55141195778464e-05,-0.00325942873472584,-6.86530888804882e-05,-1.66758066191264e-05,-2.0600535166615e-05,-2.0600535166615e-05,-0.00168376584260965,6.50114899336529e-05,2.79801029705595e-05,-0.00135900462566685,0.000134403472463518,-0.00972985423733874,-4.69976952155449e-05,-0.00325942873472584,-4.96046046256637e-05,-7.38271003930535e-05,-0.000659282639722925,0.000156840989020246,-0.00417616222455752,6.50114899336529e-05,-0.00285630095103961,-2.0600535166615e-05,-0.000303645218476589,-0.00157383558431423,-0.00325942873472584,-4.96046046256637e-05,-7.55141195778464e-05,-0.0011856940021957,-0.00108285610814729,0.00010592292034417,6.50114899336529e-05,-5.31524669682426e-05,-2.0600535166615e-05,0.000128903241229494,-7.38271003930535e-05,-0.000106786367351397
"6:71213468:A:C",-6.06205554243289e-05,7.38288636066287e-05,-0.000273950783453714,-2.47490744946788e-05,1.6049571649468e-05,-0.000752691637550207,-0.000122017038719058,-6.06205554243289e-05,5.85991724681989e-05,-0.000195774589847542,0,6.68539272128399e-05,-0.000952510370721527,-0.00147184183495597,-0.0018304300071641,-6.88579380510035e-05,-1.11021956019641e-05,-6.06205554243289e-05,-0.00136640938092292,-0.00201268359814488,-0.000199717699148838,-0.00275454748853221,4.0249399167358e-05,-0.00137373136814567,1.18584803363575e-05,-0.000952510370721527,-0.00190081630341954,-4.98489114093559e-05,-7.4547129436553e-05,-4.7177823931932e-05,-0.00156831293318138,-2.05490807712039e-05,6.50477650614434e-05,-0.000199717699148838,0,-0.000396489414203671,6.03525620874734e-05,-0.00151969354147052,-6.06205554243289e-05,-5.01576745213228e-05,1.18584803363575e-05,-0.000952510370721527,-0.000199717699148838,-0.00385481059610449,-1.57598395205127e-05,-2.47490744946788e-05,1.6049571649468e-05,-5.01576745213228e-05,0.000120452649792213,-0.000131559965574013,-6.06205554243289e-05,7.71735643780858e-05,0.0432460620534694,-0.000628967434618044,-5.94040767536441e-05,6.03525620874734e-05,-0.00201268359814488,5.31937428780438e-05,1.18584803363575e-05,1.6049571649468e-05,1.6049571649468e-05,-0.000122214160048095,-6.06205554243289e-05,-2.47490744946788e-05,9.71953940887005e-06,-0.000131559965574013,-3.9600344123869e-06,-9.14600339405602e-05,-0.00201268359814488,4.0249399167358e-05,5.85991724681989e-05,-0.000720300359961623,-0.000396489414203671,-0.0015593971266803,-6.06205554243289e-05,-0.00348229644079012,1.6049571649468e-05,-0.000122017038719946,-0.00172129423834555,-0.00201268359814488,4.02493991664699e-05,-0.00165755042422688,6.68539272128399e-05,3.64437785833616e-05,-0.00101714702680322,-6.06205554243289e-05,-0.000464598292411189,1.6049571649468e-05,-0.000303380798714947,5.85991724681989e-05,8.51487646933435e-05
"6:71213848:C:T",-0.0011080687090681,0.000180364592101245,4.06486335502443e-05,0.000232326834495034,-0.00176247849030808,-0.00274988519772545,0.000284559150056207,-0.0011080687090681,-0.000528191312025861,-0.000487629989381677,0,5.01647384285597e-05,1.05969207480072e-05,-0.00760056073751247,-0.00454159727538084,0.000141352289566576,-0.00570927793716081,-0.0011080687090681,-0.00279546424902488,-0.00151748146537489,-0.000244348512903336,-0.00363796368654334,-0.00358000242243506,-0.000398312036052673,-0.00822219750209108,1.05969207480072e-05,-0.00385263751167164,-0.00131518178520018,-0.00152296517742823,-0.00285165914593444,-0.00452825126811973,-9.39188022170967e-05,-0.00088693276011087,-0.000244348512903336,0,-0.000480782621515186,-0.000463604833986331,-0.000260078430970978,-0.0011080687090681,-0.000181166786516584,-0.00462248946029398,1.05969207480072e-05,-0.000244348512903336,-0.00220808302207498,-0.000495061250889606,0.000232326834495034,-0.00176247849030808,-0.000181166786516584,-0.00859198513462989,-0.00169667821193054,-0.0011080687090681,-0.000702983715813232,-0.000628967434618044,0.150228956061672,-4.55930646463543e-05,-0.000463604833986331,-0.00151748146537489,-0.000263088260411326,-0.00822219750209108,-0.000242278842638832,-0.00176247849030808,-0.000870741955636412,-0.0011080687090681,0.000232326834495034,-0.000391834476735742,-0.00169667821192965,-0.00369436917310795,-0.0049309149553376,-0.00151748146537489,-0.00358000242243506,-0.000528191312025861,-0.00132619605673234,-0.000480782621515186,-0.00479791346471758,-0.0011080687090681,-0.000572581748671031,-0.00176247849030808,0.000284559150055319,-0.000532856908780577,-0.00151748146537489,-0.00688066878904436,-0.00245999756939952,5.01647384276716e-05,-0.00508273995497444,-0.00112842682446779,-0.0011080687090681,0.000149928569393332,-0.00176247849030808,-0.00125844251577911,-0.00141292838396012,-0.000980849329889288
"6:71214998:G:A",-0.000112874921322614,-0.000141443028404353,-0.00145349996076227,1.45341745385608e-05,-0.00272664829630198,-0.000275943478968088,-0.0053056484970444,-0.000112874921322614,-0.000322376027559024,-0.00140028518185042,0,-0.00121766692447611,-0.00044770341732292,-0.000175873300917395,-0.00151762594218408,3.04361333256509e-05,-0.00464790303632778,-0.000112874921322614,-0.00372069000697994,-0.00124923636805008,-0.000577338093112889,-0.00060702799670409,0.000357240312657936,-1.7799617848091e-05,-9.94313987412454e-06,-0.00044770341732292,-0.00227616912621276,-0.00671720711562784,-0.00118232050155953,-0.000195745178177553,-0.000451636009453971,-0.0068105562968892,-0.000123660959007843,-0.000577338093112889,0,-0.00186671752010348,-5.57907738274466e-05,-0.000370160014592891,-0.000112874921322614,-2.27775746157732e-05,-0.000359832812575789,-0.00044770341732292,-0.000577338093112889,-0.00654479461833368,-0.0044048697929,1.45341745385608e-05,-0.00272664829630198,-2.27775746157732e-05,-0.00346455926207945,6.72734269988595e-05,-0.000112874921322614,-0.000264214678602492,-5.94040767536441e-05,-4.55930646463543e-05,0.135968197933611,-5.57907738274466e-05,-0.0012492363680483,-0.000165027154980457,-9.94313987412454e-06,-0.00647366610807865,-0.00272664829630198,-0.000667986035245427,-0.000112874921322614,1.45341745385608e-05,-0.00183785400921987,6.72734269988595e-05,-0.00314173937931939,-0.00227423889487444,-0.0012492363680483,0.000357240312658824,-0.000322376027559024,-0.00172208548439912,-0.00186671752010437,-0.000390037611900595,-0.000112874921322614,-1.90398014514592e-05,-0.00272664829630198,-0.0053056484970444,-0.00206693878385522,-0.0012492363680483,-0.00129309287064583,-0.000488480024349869,-0.00121766692447522,-0.000975101867259021,-0.000417774711358732,-0.000112874921322614,-5.39881555070565e-05,-0.00272664829630198,-0.00595571108725679,-0.0120458935632826,-0.00946364169792879
"6:71215824:G:T",5.06409314580125e-05,-0.00416762145159311,0.00010303476485074,-0.00137214448974987,-1.57093535193553e-05,-0.000124212599935447,-0.000152620548305116,5.06409314580125e-05,-5.64139303884659e-05,-0.000354123998494771,0,-6.76409552848867e-05,-0.00293016544970826,-7.92543007799296e-05,-0.00412541106723285,5.64044088431359e-05,8.17015595711013e-06,5.06409314580125e-05,-9.73845407319374e-05,-1.25886104234141e-05,-0.000296255375636711,3.77433774856328e-05,-3.80097943519786e-05,5.64044088431359e-05,-1.25886104234141e-05,-0.00293016544970826,-4.21226044755585e-05,3.96292252675678e-05,6.03525620874734e-05,3.77433774856328e-05,-0.00458973788095296,-0.00138456049228441,-0.00379192870682754,-0.000296255375636711,0,0.000122896580636578,0.0011197493059063,-0.00159705162210599,5.06409314580125e-05,4.32387167110804e-05,-1.25886104234141e-05,-0.00293016544970826,-0.000296255375636711,-3.86208855163162e-05,1.15637051534279e-05,-0.00137214448974987,-1.57093535193553e-05,4.32387167110804e-05,-0.000120180522651836,0.000105254871568761,5.06409314580125e-05,-7.55141195778464e-05,6.03525620874734e-05,-0.000463604833986331,-5.57907738274466e-05,0.0577737384035961,-1.25886104234141e-05,-0.00407283387971091,-1.25886104234141e-05,-1.57093535193553e-05,-1.57093535193553e-05,-0.0015582683469928,5.06409314580125e-05,-0.00137214448974987,-1.1002487908307e-05,-0.00276651433956765,-0.00401821445561801,-0.0041025886052779,-1.25886104234141e-05,-3.80097943519786e-05,-5.64139303884659e-05,-0.000505139890586648,0.000122896580636578,-0.00465994914220769,5.06409314580125e-05,-0.00123958238681787,-1.57093535193553e-05,-0.000152620548305116,-0.00143276102756396,-1.25886104234141e-05,-3.80097943528668e-05,-5.77566093182824e-05,-6.76409552848867e-05,-3.51275126790895e-05,8.28573309918923e-05,5.06409314580125e-05,-4.08301794738719e-05,-1.57093535193553e-05,0.000100838671910353,-5.64139303884659e-05,-8.1679392930134e-05
"6:71216811:C:G",9.99361693398981e-06,-1.5993739387099e-05,-0.001734165027659,4.38989509099486e-06,-3.21620847199e-06,-2.89726971915982e-05,-0.00130087439000626,9.99361693398981e-06,-1.22452725630495e-05,-0.000323130600692778,0,-0.00279410873183483,-0.00216287281917182,-1.76767266850675e-05,-0.00292655217836657,1.11069283414977e-05,1.80664789262153e-06,9.99361693398981e-06,-0.00176266239390976,3.82753524315049e-05,-0.000267648318255098,7.71391961684742e-06,-8.12016132645255e-06,1.11069283414977e-05,-2.4940656082606e-06,-0.00216287281917182,-0.00169259446983094,8.09420638248071e-06,1.18584803363575e-05,7.71391961684742e-06,-3.9014380433855e-05,3.29567236523332e-06,-1.42347806439957e-05,-0.000267648318255098,0,-0.00157607035054319,-1.25886104234141e-05,6.95991327770429e-06,9.99361693398981e-06,8.53578565429558e-06,-2.4940656082606e-06,-0.00216287281917182,-0.000267648318255098,-0.00172504637738591,-0.00235480056934367,4.38989509099486e-06,-3.21620847199e-06,8.53578565429558e-06,-2.77815811591253e-05,1.93052728754139e-05,9.99361693398981e-06,-0.00325942873472584,-0.00201268359814488,-0.00151748146537489,-0.0012492363680483,-1.25886104234141e-05,0.056443438023841,-1.11980251826793e-05,-2.4940656082606e-06,-3.21620847199e-06,-3.21620847199e-06,1.29995443236552e-05,9.99361693398981e-06,4.38989509099486e-06,-2.12905908547611e-06,1.93052728754139e-05,-0.0075646202346773,-0.00462217168523971,3.82753524315049e-05,-8.12016132645255e-06,-1.22452725630495e-05,-0.00148906048780084,-0.00157607035054319,-3.32029549490187e-05,9.99361693398981e-06,-0.00170755789930954,-3.21620847199e-06,-0.00130087439000715,2.17523128132058e-06,3.82753524315049e-05,-8.12016132556437e-06,-1.25886104234141e-05,-0.00279410873183483,-7.41690773242709e-06,-0.00188520969226236,9.99361693398981e-06,-8.81258574292332e-06,-3.21620847199e-06,1.85805613952539e-05,-1.22452725630495e-05,-1.83296135007893e-05
"6:71219860:C:T",4.46895682006954e-05,0.000361891509811585,-0.00191115921968343,1.92428818337476e-05,-1.40365615379778e-05,-0.000114354569669572,-0.000148301818668095,4.46895682006954e-05,-5.1047870317511e-05,-0.00014508078648845,0,-6.12839093800943e-05,-0.00232947038022413,-0.000808895126183984,-0.00264551287558223,-0.00210216400786578,7.35930696116327e-06,4.46895682006954e-05,-0.000200105469128076,-1.11980251826793e-05,-0.000121615780693141,-7.07192321645067e-05,-3.42417091570013e-05,4.97417749878437e-05,-1.11980251826793e-05,-0.00232947038022413,-0.00144100230118305,3.5196996008402e-05,5.31937428780438e-05,-0.0023805590186301,-0.002170025265543,1.35188389309704e-05,0.000146401635852556,-0.000121615780693141,0,-0.00173928324925932,-0.00407283387971091,3.02429511247482e-05,4.46895682006954e-05,3.81783641927314e-05,-1.11980251826793e-05,-0.00232947038022413,-0.000121615780693141,-0.000149142193765606,1.04077953517745e-05,1.92428818337476e-05,-1.40365615379778e-05,3.81783641927314e-05,-0.000581732833978776,-0.00194802652288928,4.46895682006954e-05,-6.86530888804882e-05,5.31937428780438e-05,-0.000263088260411326,-0.000165027154980457,-0.00407283387971091,-1.11980251826793e-05,0.0456573326947334,-1.11980251826793e-05,-1.40365615379778e-05,-1.40365615379778e-05,5.85022828039072e-05,4.46895682006954e-05,1.92428818337476e-05,-9.75683838255748e-06,-0.00194802652288928,-4.3069936132234e-05,-0.000791824817818032,-1.11980251826793e-05,-3.42417091570013e-05,-5.1047870317511e-05,-0.000465135526756644,-0.00173928324925932,-0.00210646352065424,4.46895682006954e-05,2.5623486046733e-05,-1.40365615379778e-05,-0.000148301818668095,-0.00175997561487407,-1.11980251826793e-05,-3.42417091578895e-05,-0.000953238258244227,-6.12839093800943e-05,-3.15905477474843e-05,7.25058925112876e-05,4.46895682006954e-05,-3.68389953875337e-05,-1.40365615379778e-05,-0.00186596906662118,-5.1047870317511e-05,-7.44385171174144e-05
"6:71221854:G:T",9.99361693398981e-06,-1.5993739387099e-05,1.89424376069169e-05,4.38989509099486e-06,-3.21620847199e-06,-2.89726971915982e-05,-3.40170784332017e-05,9.99361693398981e-06,-1.22452725630495e-05,-0.00714713221440277,0,-0.00279410873183483,-0.000354354966970227,-1.76767266850675e-05,-0.00147479093871805,1.11069283414977e-05,1.80664789262153e-06,9.99361693398981e-06,-2.01736469289671e-05,-2.4940656082606e-06,-0.0075731304509068,7.71391961684742e-06,-8.12016132645255e-06,1.11069283414977e-05,3.82753524315049e-05,-0.000354354966970227,-8.65007114558836e-06,-0.00199803151508959,1.18584803363575e-05,7.71391961684742e-06,-3.9014380433855e-05,-0.00232736600078365,-0.00266032440410946,-0.0075731304509068,0,2.18966600051829e-05,-1.25886104234141e-05,-0.00214115668472736,9.99361693398981e-06,8.53578565429558e-06,-2.4940656082606e-06,-0.000354354966970227,-0.0075731304509068,-7.20189485026168e-06,-0.00235480056934367,4.38989509099486e-06,-3.21620847199e-06,8.53578565429558e-06,-2.77815811591253e-05,1.93052728754139e-05,9.99361693398981e-06,-1.66758066191264e-05,1.18584803363575e-05,-0.00822219750209108,-9.94313987412454e-06,-1.25886104234141e-05,-2.4940656082606e-06,-1.11980251826793e-05,0.0763064973829781,-3.21620847199e-06,-3.21620847199e-06,-0.00205589854879218,9.99361693398981e-06,4.38989509099486e-06,-0.00180875643016254,1.93052728754139e-05,-0.00156104324568318,-0.000461477249073639,-2.4940656082606e-06,-8.12016132645255e-06,-1.22452725630495e-05,-0.00852814419400882,2.18966600051829e-05,-3.32029549490187e-05,9.99361693398981e-06,-0.00407445354025615,-3.21620847199e-06,-3.40170784332017e-05,2.17523128132058e-06,-2.4940656082606e-06,-8.12016132556437e-06,-1.25886104234141e-05,-0.00279410873183483,-7.41690773242709e-06,1.57240666132097e-05,9.99361693398981e-06,-8.81258574292332e-06,-3.21620847199e-06,1.85805613952539e-05,-1.22452725630495e-05,-1.83296135007893e-05
"6:71222517:C:A",1.34238773048523e-05,-1.97965497177321e-05,2.6621643256064e-05,5.7699000644007e-06,-4.12860833698403e-06,-3.48085080492666e-05,-0.00676043169826546,1.34238773048523e-05,-1.52973346603247e-05,-0.00380608240313585,0,-0.00150458579587021,-0.00436483425509948,-2.17763227858825e-05,-4.32456588601582e-05,1.49854661630755e-05,2.33960501017094e-06,1.34238773048523e-05,-0.00669581920789408,-3.21620847199e-06,-0.00388815381474572,1.02459730619842e-05,-1.02576407519095e-05,1.49854661630755e-05,-3.21620847199e-06,-0.00436483425509948,-0.00698321148081682,1.07660814965271e-05,1.6049571649468e-05,1.02459730619842e-05,-4.60007382736549e-05,-0.00171239868431527,-1.77125293605584e-05,-0.00388815381474572,0,3.1362931164125e-05,-1.57093535193553e-05,9.21980922008458e-06,1.34238773048523e-05,1.14040826559858e-05,-3.21620847199e-06,-0.00436483425509948,-0.00388815381474572,-0.00672732946815646,3.3058549675502e-06,5.7699000644007e-06,-4.12860833698403e-06,1.14040826559858e-05,-3.34668637798075e-05,2.71878523667723e-05,1.34238773048523e-05,-2.0600535166615e-05,1.6049571649468e-05,-0.000242278842638832,-0.00647366610807865,-1.57093535193553e-05,-3.21620847199e-06,-1.40365615379778e-05,-3.21620847199e-06,0.0778192014389916,-4.12860833698403e-06,1.76813858399072e-05,1.34238773048523e-05,5.7699000644007e-06,-2.75352025891351e-06,2.71878523667723e-05,-5.20865459581188e-05,-0.00318560972266191,-3.21620847199e-06,-1.02576407519095e-05,-1.52973346603247e-05,-0.000239018093406429,3.1362931164125e-05,-3.95704400357744e-05,1.34238773048523e-05,8.9305673425244e-06,-4.12860833698403e-06,-0.00676043169826546,2.82050184186033e-06,-3.21620847199e-06,-1.02576407527977e-05,-1.57093535193553e-05,-0.00150458579587021,-9.39372846175957e-06,2.16979051756994e-05,1.34238773048523e-05,-1.110521117198e-05,-4.12860833698403e-06,2.60600649575338e-05,-0.000400857519276876,-2.25407361238439e-05
"6:71224669:C:G",1.34238773048523e-05,-1.97965497177321e-05,2.6621643256064e-05,5.7699000644007e-06,0.00010221267999011,-3.48085080492666e-05,-0.00288275966141072,1.34238773048523e-05,-1.52973346603247e-05,-9.09892691351999e-05,0,-0.00311147919043098,-0.00246806219767848,-2.17763227858825e-05,-0.00140791822636732,1.49854661630755e-05,-0.000570691408621649,1.34238773048523e-05,-0.00284075337047973,-3.21620847199e-06,-4.64221164468981e-05,1.02459730619842e-05,-1.02576407519095e-05,1.49854661630755e-05,-3.21620847199e-06,-0.00246806219767848,-1.09426548995373e-05,1.07660814965271e-05,-0.000791380049752988,1.02459730619842e-05,-4.60007382736549e-05,4.29016242797786e-06,-1.77125293605584e-05,-4.64221164468981e-05,0,3.1362931164125e-05,-1.57093535193553e-05,-0.00215335461357302,1.34238773048523e-05,1.14040826559858e-05,-3.21620847199e-06,-0.00246806219767848,-4.64221164468981e-05,-0.00284128550235252,3.3058549675502e-06,5.7699000644007e-06,0.00010221267999011,1.14040826559858e-05,-3.34668637798075e-05,2.71878523667723e-05,1.34238773048523e-05,-2.0600535166615e-05,1.6049571649468e-05,-0.00176247849030808,-0.00272664829630198,-1.57093535193553e-05,-3.21620847199e-06,-1.40365615379778e-05,-3.21620847199e-06,-4.12860833698403e-06,0.0404660034323259,1.76813858399072e-05,1.34238773048523e-05,5.7699000644007e-06,-2.75352025891351e-06,2.71878523667723e-05,-0.00222512643482542,-0.000353933220722524,-3.21620847199e-06,-1.02576407519095e-05,-1.52973346603247e-05,-0.0017740126074921,3.1362931164125e-05,-3.95704400357744e-05,1.34238773048523e-05,-0.00179377856330287,0.00010221267999011,-0.00288275966141072,2.82050184186033e-06,-3.21620847199e-06,-1.02576407527977e-05,-1.57093535193553e-05,-0.00311147919043098,-9.39372846175957e-06,2.16979051756994e-05,1.34238773048523e-05,-1.110521117198e-05,0.00010221267999011,2.60600649575338e-05,-1.52973346603247e-05,-2.25407361238439e-05
"6:71224694:C:G",-6.76360618188099e-05,8.10935540300761e-05,-0.00126814748877813,-2.74908600408352e-05,1.76813858399072e-05,-0.00800778104598088,-0.000464694456785431,-6.76360618188099e-05,6.4497736157243e-05,-0.000506513882593929,0,-0.00193258773968807,0.000222842505676724,9.01433627751302e-05,-0.00172352652088126,-7.69518042931239e-05,-1.24384478619177e-05,-6.76360618188099e-05,-0.000540394626609597,1.29995443236552e-05,-0.000263185922792175,-0.00159194424294284,-0.0033394389329473,0.000515300408090447,-0.00205589854879218,0.000222842505676724,-0.00208670425374091,-5.57618488770117e-05,-8.33943652276403e-05,-0.00159194424294284,-0.00146029176300289,-0.00172740750199196,7.13711554531926e-05,-0.000263185922792175,0,-0.00114180202118686,-0.0015582683469928,-4.68472093952954e-05,-6.76360618188099e-05,-5.58249798183752e-05,-0.00205589854879218,0.000222842505676724,-0.000263185922792175,-0.00706743214923033,-1.76658425150578e-05,-2.74908600408352e-05,1.76813858399072e-05,-5.58249798183752e-05,0.000131867618437198,-0.00131035988916661,-6.76360618188099e-05,-0.00168376584260965,-0.000122214160048095,-0.000870741955636412,-0.000667986035245427,-0.0015582683469928,1.29995443236552e-05,5.85022828039072e-05,-0.00205589854879218,1.76813858399072e-05,1.76813858399072e-05,0.0698438511988035,-6.76360618188099e-05,-2.74908600408352e-05,1.06083510740262e-05,-0.00131035988916661,-0.000317937911200161,-6.67677470320704e-05,1.29995443236552e-05,-0.0033394389329473,6.4497736157243e-05,-0.000626888057828179,-0.00114180202118686,-0.00145288113520259,-6.76360618188099e-05,-0.00120908681410903,1.76813858399072e-05,-0.000464694456786319,-1.50333877408926e-05,1.29995443236552e-05,-0.0066401052995575,6.64406102890425e-05,-0.00193258773968807,-0.0019032954296696,-0.000185077736344574,-6.76360618188099e-05,4.85023244101157e-05,1.76813858399072e-05,-0.00121768223100194,6.4497736157243e-05,9.35901186869259e-05
"6:71225285:C:T",0.00084149699720637,6.22114526249717e-05,-0.00010361792056468,-2.03947845598407e-05,1.34238773048523e-05,-0.00124428059164927,-4.24021779625861e-05,0.00084149699720637,4.91812519705093e-05,-0.000491102285450573,0,5.63886381250711e-05,-0.00145942046131609,6.90801377034589e-05,-0.00189585034698503,-5.60969275715806e-05,-9.0288231184843e-06,0.00084149699720637,-8.32167775994819e-05,9.99361693398981e-06,-0.000642069158098835,-3.8442501464786e-05,-0.00221287675197512,-5.60969275715806e-05,9.99361693398981e-06,-0.00145942046131609,3.35034740155393e-05,-0.00305619115752176,0.000559636834031707,-3.8442501464786e-05,-0.00234607143633436,-1.6677524515174e-05,5.48843732044446e-05,-0.000642069158098835,0,-0.000124123187105418,5.06409314580125e-05,-0.00131661123084026,0.00084149699720637,-4.11583411628058e-05,9.99361693398981e-06,-0.00145942046131609,-0.000642069158098835,-0.00162381416719271,-1.28037555171545e-05,-2.03947845598407e-05,1.34238773048523e-05,-4.11583411628058e-05,0.000102259868112853,-0.000106243689740992,0.00084149699720637,6.50114899336529e-05,-6.06205554243289e-05,-0.0011080687090681,-0.000112874921322614,5.06409314580125e-05,9.99361693398981e-06,4.46895682006954e-05,9.99361693398981e-06,1.34238773048523e-05,1.34238773048523e-05,-6.76360618188099e-05,0.0254046517260607,-2.03947845598407e-05,-0.00174454453478745,-0.000106243689740992,-4.86975095421727e-05,-0.000389995489319617,9.99361693398981e-06,-0.00221287675197512,4.91812519705093e-05,-0.00116835335602072,-0.000124123187105418,-0.00245533836484579,0.00084149699720637,-0.000177196156288417,1.34238773048523e-05,-4.24021779625861e-05,-1.09041710407709e-05,9.99361693398981e-06,-0.00165199893719237,5.06409314580125e-05,5.63886381250711e-05,3.05066046335511e-05,-8.32185983146161e-05,0.00084149699720637,3.67152184468367e-05,1.34238773048523e-05,-0.000101027126025777,4.91812519705093e-05,7.17087378756531e-05
"6:71227649:C:T",-2.03947845598407e-05,2.68361806030626e-05,-4.21586585925837e-05,0.00205388993281996,5.7699000644007e-06,4.61283434480819e-05,5.01738396421203e-05,-2.03947845598407e-05,2.10697272287064e-05,6.00997161521732e-05,0,2.44637672510706e-05,-5.7792243182142e-05,2.9645908089293e-05,5.54463726514243e-05,-2.29760244234711e-05,-3.61447029373352e-06,-2.03947845598407e-05,3.10655043245234e-05,4.38989509099486e-06,0.000114358302236717,-1.56644971252007e-05,1.43389289801732e-05,-2.29760244234711e-05,4.38989509099486e-06,-5.7792243182142e-05,1.47147572739925e-05,-1.6507892884654e-05,-2.47490744946788e-05,-1.56644971252007e-05,5.91747999871828e-05,-6.66255284098582e-06,2.38522808642117e-05,0.000114358302236717,0,-5.03755298613129e-05,-0.00137214448974987,-1.40079136015103e-05,-2.03947845598407e-05,-1.7091781562506e-05,4.38989509099486e-06,-5.7792243182142e-05,0.000114358302236717,1.13863070723141e-05,-5.12039849809298e-06,0.00205388993281996,5.7699000644007e-06,-1.7091781562506e-05,4.42935745530448e-05,-4.3170920530855e-05,-2.03947845598407e-05,2.79801029705595e-05,-2.47490744946788e-05,0.000232326834495034,1.45341745385608e-05,-0.00137214448974987,4.38989509099486e-06,1.92428818337476e-05,4.38989509099486e-06,5.7699000644007e-06,5.7699000644007e-06,-2.74908600408352e-05,-2.03947845598407e-05,-0.00249544688134051,3.68764713076786e-06,0.00054274527502951,6.41292186136511e-05,-0.000405891745904441,4.38989509099486e-06,1.43389289801732e-05,2.10697272287064e-05,0.000285678479793994,-5.03755298613129e-05,5.16332348459159e-05,-2.03947845598407e-05,-1.52946077678351e-05,5.7699000644007e-06,5.01738396421203e-05,-4.36298639083788e-06,4.38989509099486e-06,1.4338928979285e-05,2.16644779129638e-05,2.44637672510706e-05,1.30653618430898e-05,-3.39174769816708e-05,-2.03947845598407e-05,1.55833532957672e-05,5.7699000644007e-06,-4.11586496928962e-05,2.10697272287064e-05,3.07244077122348e-05
"6:71227796:A:G",-0.00174454453478745,-1.40620435331584e-05,-0.00166221636665309,3.68764713076786e-06,-2.75352025891351e-06,-2.60049332334589e-05,-0.00174291594968157,-0.00174454453478745,-1.06944146915922e-05,-0.000102605768609543,0,-1.27935938438739e-05,-0.00268489444680231,-1.55925832014958e-05,-0.00609365862260081,9.1285766519178e-06,1.53309880968067e-06,-0.00174454453478745,-0.00175775897253239,-2.12905908547611e-06,-0.000168732237553648,6.42012174889572e-06,-7.03390061307374e-06,9.1285766519178e-06,-0.00180875643016254,-0.00268489444680231,-0.00171159924259445,6.72855700489805e-06,-0.00193907389516301,6.42012174889572e-06,-0.00330796346330242,2.78506739803674e-06,-1.2470195835057e-05,-0.000168732237553648,0,-0.00150497941811079,-1.1002487908307e-05,5.8059370777741e-06,-0.00174454453478745,7.07612558770165e-06,-0.00180875643016254,-0.00268489444680231,-0.000168732237553648,-0.00174429821556554,2.1563180432338e-06,3.68764713076786e-06,-2.75352025891351e-06,7.07612558770165e-06,-2.48911309652655e-05,1.5285568249368e-05,-0.00174454453478745,-0.00135900462566685,9.71953940887005e-06,-0.000391834476735742,-0.00183785400921987,-1.1002487908307e-05,-2.12905908547611e-06,-9.75683838255748e-06,-0.00180875643016254,-2.75352025891351e-06,-2.75352025891351e-06,1.06083510740262e-05,-0.00174454453478745,3.68764713076786e-06,0.064783955284899,1.5285568249368e-05,-0.00463510440101356,1.09547674407295e-05,-2.12905908547611e-06,-7.03390061307374e-06,-1.06944146915922e-05,-0.00014594112239763,-0.00150497941811079,-2.99655222022466e-05,-0.00174454453478745,-0.00189212354313018,-2.75352025891351e-06,-0.00174291594968157,1.84400902725201e-06,-2.12905908547611e-06,-7.03390061218556e-06,-1.1002487908307e-05,-1.27935938438739e-05,-6.41312562876806e-06,1.26768821049339e-05,-0.00174454453478745,-7.64670092756603e-06,-2.75352025891351e-06,-0.00161551021124495,-1.06944146915922e-05,-1.61882151559212e-05
"6:71228164:T:G",-0.000106243689740992,-0.00198564051001071,-0.000222730571459273,0.00054274527502951,2.71878523667723e-05,-0.000944444728553151,-3.45745299101807e-05,-0.000106243689740992,0.000101873145988307,-0.00315725912783904,0,0.000114270269289563,-0.00145467992601667,-0.00169896714322881,-0.00201076976255798,-0.00714337654081021,-2.06662497292953e-05,-0.000106243689740992,-7.8838354395927e-05,1.93052728754139e-05,-0.00186588493491202,-8.44170801590494e-05,6.99543111384315e-05,-0.0011926553507422,1.93052728754139e-05,-0.00145467992601667,-0.00164116498528166,-8.93151218201993e-05,-0.000131559965574013,-0.00228154532249114,-0.00173608523362034,-3.82076279263899e-05,-0.00163142228643665,-0.00186588493491202,0,-0.00026606240757765,-0.00276651433956765,-7.48189106358765e-05,-0.000106243689740992,-8.71726892031077e-05,1.93052728754139e-05,-0.00145467992601667,-0.00186588493491202,-0.00333890563589634,-2.93196986742572e-05,0.00054274527502951,2.71878523667723e-05,-8.71726892031077e-05,0.000212393253735677,-0.000921398615389535,-0.000106243689740992,0.000134403472463518,-0.000131559965574013,-0.00169667821192965,6.72734269988595e-05,-0.00276651433956765,1.93052728754139e-05,-0.00194802652288928,1.93052728754139e-05,2.71878523667723e-05,2.71878523667723e-05,-0.00131035988916661,-0.000106243689740992,0.00054274527502951,1.5285568249368e-05,0.0674238617934471,-0.00468177211129284,-0.00230968896766459,1.93052728754139e-05,6.99543111384315e-05,0.000101873145987419,-0.00183121229327909,-0.00026606240757765,-0.00174223313242639,-0.000106243689740992,-0.00579700378686709,2.71878523667723e-05,-3.45745299110689e-05,-0.00149990074962592,1.93052728754139e-05,6.99543111375434e-05,0.000105254871568761,0.000114270269289563,6.27069054370821e-05,-0.000179652337141789,-0.000106243689740992,7.70170405894888e-05,2.71878523667723e-05,-0.000216832985484139,0.000101873145987419,0.000150002717941966
"6:71229283:T:C",-4.86975095421727e-05,-6.60967517776001e-05,-0.000104177168920749,6.41292186136511e-05,-0.00222512643482542,0.000562188912548223,-0.00284483460284068,-4.86975095421727e-05,5.63481717330561e-05,-0.00775741736481494,0,-3.62738371775251e-05,-0.00151858223810697,-0.000263302165957491,-0.000574780494101645,-0.00186266409091385,-0.00324866994061157,-4.86975095421727e-05,-0.00323750557292968,-0.0075646202346773,-0.0102102992372326,-1.81018242333408e-05,-0.000616312545775877,-0.000727692143540182,-0.00156104324568318,-0.00151858223810697,-0.0028726541512416,-0.00124260658177544,-0.00139017872890257,-0.0039345742305823,-1.20105421030914e-05,3.63905669500397e-05,-0.000281874211256472,-0.0102102992372326,0,-6.52332415773671e-05,-0.00401821445561801,-0.0041531432113775,-4.86975095421727e-05,-0.000625463971672069,-0.000146320969927949,-0.00151858223810697,-0.0102102992372326,-0.00430907282774573,-0.00509026595721629,6.41292186136511e-05,-0.00222512643482542,-0.000625463971672069,-0.00219620992926028,-0.00468177211129284,-4.86975095421727e-05,-0.00972985423733874,-3.9600344123869e-06,-0.00369436917310795,-0.00314173937931939,-0.00401821445561801,-0.0075646202346773,-4.3069936132234e-05,-0.00156104324568318,-5.20865459581188e-05,-0.00222512643482542,-0.000317937911200161,-4.86975095421727e-05,6.41292186136511e-05,-0.00463510440101356,-0.00468177211129284,0.177643651501666,-0.000135532650335168,-0.0075646202346773,-0.000616312545774989,5.63481717330561e-05,-0.00517945903883277,-6.52332415764789e-05,0.000313132804152794,-4.86975095421727e-05,-0.00195753741587001,-0.00222512643482453,-0.0028448346028398,2.38833180965514e-05,-0.0075646202346773,-0.000809130008287084,-0.000189553833119582,-3.62738371775251e-05,-0.000486388399496107,-1.4357849964064e-05,-4.86975095421727e-05,0.000435269263291183,-0.00222512643482453,-0.000171767038016135,-0.000186432743135789,0.000776632727180981
"6:71229340:G:C",-0.000389995489319617,-0.00109924168383646,-0.000628274048916744,-0.000405891745904441,-0.000353933220722524,-0.00224224367732884,-0.0022156321425677,-0.000389995489319617,0.000203732818395252,-0.00436963367670007,0,-0.00445242575829718,-0.00288084642510533,-0.00252778302391565,-0.00147124794923315,2.88456774866219e-06,-0.000239255497370472,-0.000389995489319617,-0.00465824136165338,-0.00462217168523971,-0.00448702336669715,-0.000571079673783004,-0.000120029504394381,-0.00216895345006485,-0.000461477249073639,-0.00288084642510533,-0.000491776282466105,-0.00123258058333242,6.57055371604542e-05,-0.000777527064217409,-0.000641774300488507,-0.000220040888371908,-0.000666596870312564,-0.00448702336669715,0,-0.000113552745849343,-0.0041025886052779,-0.000224669006312794,-0.000389995489319617,-0.000238840893647563,-0.000734914811802767,-0.00288084642510533,-0.00448702336669715,-0.00180484436824502,-0.000778929035869957,-0.000405891745904441,-0.000353933220722524,-0.000238840893647563,-0.0017668714007435,-0.00230968896766459,-0.000389995489319617,-4.69976952155449e-05,-9.14600339405602e-05,-0.0049309149553376,-0.00227423889487444,-0.0041025886052779,-0.00462217168523971,-0.000791824817818032,-0.000461477249073639,-0.00318560972266191,-0.000353933220722524,-6.67677470320704e-05,-0.000389995489319617,-0.000405891745904441,1.09547674407295e-05,-0.00230968896766459,-0.000135532650335168,0.130237128902269,-0.00462217168523971,-0.000120029504394381,0.000203732818395252,-0.00470331355197073,-0.000113552745849788,-0.000639932711132385,-0.000389995489319617,-0.000932332621023324,-0.000353933220722524,-0.0022156321425677,-4.30875807477804e-05,-0.00462217168523971,-0.00177036268769992,0.00019285965806759,-0.00445242575829852,-0.00320644788428126,8.79030870581943e-06,-0.000389995489319617,0.000151587222652516,-0.000353933220722524,0.000138340177164853,-0.00381441559065543,-0.000537925872512446
"6:71230282:G:T",9.99361693398981e-06,-1.5993739387099e-05,-0.001734165027659,4.38989509099486e-06,-3.21620847199e-06,-2.89726971915982e-05,-0.00130087439000626,9.99361693398981e-06,-1.22452725630495e-05,-0.000323130600692778,0,-0.00279410873183483,-0.00216287281917182,-1.76767266850675e-05,-0.00292655217836657,1.11069283414977e-05,1.80664789262153e-06,9.99361693398981e-06,-0.00176266239390976,3.82753524315049e-05,-0.000267648318255098,7.71391961684742e-06,-8.12016132645255e-06,1.11069283414977e-05,-2.4940656082606e-06,-0.00216287281917182,-0.00169259446983094,8.09420638248071e-06,1.18584803363575e-05,7.71391961684742e-06,-3.9014380433855e-05,3.29567236523332e-06,-1.42347806439957e-05,-0.000267648318255098,0,-0.00157607035054319,-1.25886104234141e-05,6.95991327770429e-06,9.99361693398981e-06,8.53578565429558e-06,-2.4940656082606e-06,-0.00216287281917182,-0.000267648318255098,-0.00172504637738591,-0.00235480056934367,4.38989509099486e-06,-3.21620847199e-06,8.53578565429558e-06,-2.77815811591253e-05,1.93052728754139e-05,9.99361693398981e-06,-0.00325942873472584,-0.00201268359814488,-0.00151748146537489,-0.0012492363680483,-1.25886104234141e-05,3.82753524315049e-05,-1.11980251826793e-05,-2.4940656082606e-06,-3.21620847199e-06,-3.21620847199e-06,1.29995443236552e-05,9.99361693398981e-06,4.38989509099486e-06,-2.12905908547611e-06,1.93052728754139e-05,-0.0075646202346773,-0.00462217168523971,0.056443438023841,-8.12016132645255e-06,-1.22452725630495e-05,-0.00148906048780084,-0.00157607035054319,-3.32029549490187e-05,9.99361693398981e-06,-0.00170755789930954,-3.21620847199e-06,-0.00130087439000715,2.17523128132058e-06,3.82753524315049e-05,-8.12016132556437e-06,-1.25886104234141e-05,-0.00279410873183483,-7.41690773242709e-06,-0.00188520969226236,9.99361693398981e-06,-8.81258574292332e-06,-3.21620847199e-06,1.85805613952539e-05,-1.22452725630495e-05,-1.83296135007893e-05
"6:71231681:G:A",-0.00221287675197512,-4.7826834710385e-05,6.84514322770724e-05,1.43389289801732e-05,-1.02576407519095e-05,-0.00139012102145841,0.000431333338765327,-0.00221287675197512,-3.70833018958905e-05,-0.00289908316957455,0,-4.414766154337e-05,-0.00341988076440103,-5.21978110432642e-05,-0.000101581990762156,3.75666518017681e-05,5.58044540177605e-06,-0.00221287675197512,0.000150511908936224,-8.12016132645255e-06,-0.00278132793086883,2.52916442500251e-05,0.000740298787945015,3.75666518017681e-05,-8.12016132645255e-06,-0.00341988076440103,-0.00116202349008088,-0.00143035607558684,-0.00173446804264188,2.52916442500251e-05,-0.000107159385416722,1.02661282053162e-05,-4.32010628337309e-05,-0.00278132793086883,0,8.15576436314913e-05,-3.80097943519786e-05,2.27651824475927e-05,-0.00221287675197512,2.86177059987125e-05,-8.12016132645255e-06,-0.00341988076440103,-0.00278132793086883,-0.00119151541791407,7.89776159049183e-06,1.43389289801732e-05,-1.02576407519095e-05,2.86177059987125e-05,-7.90761531002104e-05,6.99543111384315e-05,-0.00221287675197512,-4.96046046256637e-05,4.0249399167358e-05,-0.00358000242243506,0.000357240312658824,-3.80097943519786e-05,-8.12016132645255e-06,-3.42417091570013e-05,-8.12016132645255e-06,-1.02576407519095e-05,-1.02576407519095e-05,-0.0033394389329473,-0.00221287675197512,1.43389289801732e-05,-7.03390061307374e-06,6.99543111384315e-05,-0.000616312545774989,-0.000120029504394381,-8.12016132645255e-06,0.0547480435006626,-3.70833018958905e-05,-0.00351176942532927,8.15576436314913e-05,-9.28472794798907e-05,-0.00221287675197512,2.02633319092982e-05,-1.02576407519095e-05,0.000431333338764439,6.73282541807652e-06,-8.12016132645255e-06,0.000740298787945015,-3.80097943519786e-05,-4.414766154337e-05,-2.30349024539223e-05,5.51375751234318e-05,-0.00221287675197512,-2.69545694324691e-05,-1.02576407519095e-05,6.6964694608096e-05,-3.70833018958905e-05,-5.38795134037429e-05
"6:71233312:A:T",4.91812519705093e-05,-7.13019145139882e-05,9.97340672173053e-05,2.10697272287064e-05,-1.52973346603247e-05,-0.0001217901626962,-0.000428685200497547,4.91812519705093e-05,0.00085736860480079,-0.00132438137830349,0,-6.60764581930096e-05,-0.00140305032260191,-7.75108435160377e-05,-0.000507155077624333,-0.00264226722913907,7.97275796582397e-06,4.91812519705093e-05,-0.000372455543482531,-1.22452725630495e-05,-0.00134676063786365,3.67123559819049e-05,-3.70833018958905e-05,5.47716852459246e-05,-1.22452725630495e-05,-0.00140305032260191,-4.10595411111103e-05,3.85452423889987e-05,5.85991724681989e-05,3.67123559819049e-05,-0.000160170334327248,-0.00150827274841436,0.00065616326083795,-0.00134676063786365,0,0.000118789623906324,-5.64139303884659e-05,3.31055904077004e-05,4.91812519705093e-05,4.19959320572261e-05,-1.22452725630495e-05,-0.00140305032260191,-0.00134676063786365,-3.75525707374536e-05,1.12823500186821e-05,2.10697272287064e-05,-1.52973346603247e-05,4.19959320572261e-05,-0.000117800789023015,0.000101873145987419,4.91812519705093e-05,-7.38271003930535e-05,5.85991724681989e-05,-0.000528191312025861,-0.000322376027559024,-5.64139303884659e-05,-1.22452725630495e-05,-5.1047870317511e-05,-1.22452725630495e-05,-1.52973346603247e-05,-1.52973346603247e-05,6.4497736157243e-05,4.91812519705093e-05,2.10697272287064e-05,-1.06944146915922e-05,0.000101873145987419,5.63481717330561e-05,0.000203732818395252,-1.22452725630495e-05,-3.70833018958905e-05,0.0149905817961606,-0.000449220465646327,0.000118789623906324,-0.000138551822726818,4.91812519705093e-05,2.74162837783365e-05,-1.52973346603247e-05,-0.000428685200497547,9.61867254112292e-06,-1.22452725630495e-05,-3.70833018958905e-05,-5.64139303884659e-05,-6.60764581930096e-05,-3.42572729321589e-05,8.03207484709745e-05,4.91812519705093e-05,-3.98493695099589e-05,-1.52973346603247e-05,9.76175355686948e-05,-5.50944346278115e-05,-7.98999450877247e-05
"6:71238105:A:G",-0.00116835335602072,0.000123779449940464,-0.00104303722372068,0.000285678479793994,-0.0017740126074921,-0.00258586573582242,0.000314808079191042,-0.00116835335602072,-0.000449220465646327,-0.000578570611844409,0,0.000119538739350666,-2.1873505262171e-05,-0.00756482884345022,-0.00791189737894893,0.000143895582633391,-0.00578476814789308,-0.00116835335602072,-0.000432549696952389,-0.00148906048780084,0.000101832584583406,-0.000179791738793789,-0.00351176942532927,-0.000230760916213324,-0.00852814419400882,-2.1873505262171e-05,-0.00237677574912665,-0.00285705434171168,-0.00166914469470703,-0.0030757025230832,-0.00936492587537163,-0.000135045500579078,-0.000941947628627204,0.000101832584583406,0,-0.000198551112469136,-0.000505139890586648,-0.000332819269872164,-0.00116835335602072,-0.000237783335151676,-0.00485234368521859,-2.1873505262171e-05,0.000101832584583406,-0.000295794615579492,-0.000510794190166308,0.000285678479793994,-0.0017740126074921,-0.000237783335151676,-0.00852585096030856,-0.00183121229327909,-0.00116835335602072,-0.000659282639722925,-0.000720300359961623,-0.00132619605673234,-0.00172208548439912,-0.000505139890586648,-0.00148906048780084,-0.000465135526756644,-0.00852814419400882,-0.000239018093406429,-0.0017740126074921,-0.000626888057828179,-0.00116835335602072,0.000285678479793994,-0.00014594112239763,-0.00183121229327909,-0.00517945903883277,-0.00470331355197073,-0.00148906048780084,-0.00351176942532927,-0.000449220465646327,0.155826934686334,-0.000198551112470025,-0.00629296708296412,-0.00116835335602072,-0.000899457763338329,-0.00177401260749122,0.000314808079190154,-0.000540693713801055,-0.00148906048780084,-0.00681243579193946,-0.00241062292299432,0.000119538739350666,-0.00509906545686878,-0.00124113766745015,-0.00116835335602072,0.000197527130462838,-0.00177401260749122,-0.000955794324896786,-0.00138101889733999,-0.000889887012435864
"6:71239628:G:T",-0.000124123187105418,-0.000195287826737278,-4.26841961997937e-05,-5.03755298613129e-05,3.1362931164125e-05,0.000262153623793004,-0.00155112135484003,-0.000124123187105418,0.000118789623906324,0.000164899591916345,0,0.000132284065767152,-0.000155102140099395,-0.00201102129741582,-0.000305152512935614,-0.00101953586096215,-2.47075221366799e-05,-0.000124123187105418,-9.16977676013175e-05,-0.00157607035054319,0.000327763048666885,-9.93976761591853e-05,8.15576436314913e-05,-0.00101953586096215,2.18966600051829e-05,-0.000155102140099395,-0.00277538262826837,-0.00131866180718809,-0.000154041970902519,-0.00343248832476917,-0.0001471283020269,-0.00321525345706419,-0.00141977576005914,0.000327763048666885,0,0.00262066838560138,0.000122896580636578,-8.80051779326152e-05,-0.000124123187105418,-0.000101544391271524,2.18966600051829e-05,-0.000155102140099395,0.000327763048666885,-0.00285114684426357,-3.50398435857713e-05,-5.03755298613129e-05,3.1362931164125e-05,-0.000101544391271524,0.000249168851602199,-0.00026606240757765,-0.000124123187105418,0.000156840989020246,-0.000396489414203671,-0.000480782621515186,-0.00186671752010437,0.000122896580636578,-0.00157607035054319,-0.00173928324925932,2.18966600051829e-05,3.1362931164125e-05,3.1362931164125e-05,-0.00114180202118686,-0.000124123187105418,-5.03755298613129e-05,-0.00150497941811079,-0.00026606240757765,-6.52332415764789e-05,-0.000113552745849788,-0.00157607035054319,8.15576436314913e-05,0.000118789623906324,-0.000198551112470025,0.0399102378017226,-0.000228875660916117,-0.000124123187105418,-4.35380742223046e-05,3.1362931164125e-05,-0.00155112135484003,-0.00131100360542202,-0.00157607035054319,8.15576436306031e-05,0.000122896580636578,0.000132284065767152,-0.00258907372841044,-0.0004831558254077,-0.000124123187105418,9.00934642906748e-05,3.1362931164125e-05,0.000525619803088517,-0.00234811238690735,0.000175902202823153
"6:71239898:G:C",-0.00245533836484579,-0.0019775469407497,-0.000823473198089175,5.16332348459159e-05,-3.95704400357744e-05,-0.000301646013532775,-0.000394793260738879,-0.00245533836484579,-0.000138551822726818,-0.00424115197125596,0,-0.00110210618493856,0.000114168661564662,-0.000193242244960423,0.00127922408615522,-0.00259121485822078,1.68938798781326e-05,-0.00245533836484579,-0.000866983974605162,-3.32029549490187e-05,-0.0039416818421496,8.52858470175022e-05,-9.28472794798907e-05,-0.0016753685848121,-3.32029549490187e-05,0.000114168661564662,-0.00378000215883301,-0.00129091824186389,-0.00263228924535319,-0.00145782478440193,0.00233995864409042,3.1098414877917e-05,-0.00239774878278709,-0.0039416818421496,0,-0.000228875660916117,-0.00465994914220769,-0.0015341598309444,-0.00245533836484579,0.000103001171855688,-3.32029549490187e-05,0.000114168661564662,-0.0039416818421496,-0.00521533985382749,2.3916548886227e-05,5.16332348459159e-05,-3.95704400357744e-05,0.000103001171855688,-0.000294489834089973,-0.00174223313242639,-0.00245533836484579,-0.00417616222455752,-0.0015593971266803,-0.00479791346471758,-0.000390037611900595,-0.00465994914220769,-3.32029549490187e-05,-0.00210646352065424,-3.32029549490187e-05,-3.95704400357744e-05,-3.95704400357744e-05,-0.00145288113520259,-0.00245533836484579,5.16332348459159e-05,-2.99655222022466e-05,-0.00174223313242639,0.000313132804152794,-0.000639932711132385,-3.32029549490187e-05,-9.28472794798907e-05,-0.000138551822726818,-0.00629296708296412,-0.000228875660916117,0.101525010420805,-0.00245533836484579,-0.000258150405545443,-3.95704400357744e-05,-0.000394793260739768,2.03856463087959e-05,-3.32029549490187e-05,-9.28472794790025e-05,-0.00014119165282267,-0.00110210618493856,-0.00216500884731907,-0.00165396390047867,-0.00245533836484579,-9.85033994584938e-05,-3.95704400357744e-05,-0.00021677936859632,-0.000138551822726818,-0.000197887993407697
"6:71245387:A:G",0.00084149699720637,6.22114526249717e-05,-0.00010361792056468,-2.03947845598407e-05,1.34238773048523e-05,-0.00124428059164927,-4.24021779625861e-05,0.00084149699720637,4.91812519705093e-05,-0.000491102285450573,0,5.63886381250711e-05,-0.00145942046131609,6.90801377034589e-05,-0.00189585034698503,-5.60969275715806e-05,-9.0288231184843e-06,0.00084149699720637,-8.32167775994819e-05,9.99361693398981e-06,-0.000642069158098835,-3.8442501464786e-05,-0.00221287675197512,-5.60969275715806e-05,9.99361693398981e-06,-0.00145942046131609,3.35034740155393e-05,-0.00305619115752176,0.000559636834031707,-3.8442501464786e-05,-0.00234607143633436,-1.6677524515174e-05,5.48843732044446e-05,-0.000642069158098835,0,-0.000124123187105418,5.06409314580125e-05,-0.00131661123084026,0.00084149699720637,-4.11583411628058e-05,9.99361693398981e-06,-0.00145942046131609,-0.000642069158098835,-0.00162381416719271,-1.28037555171545e-05,-2.03947845598407e-05,1.34238773048523e-05,-4.11583411628058e-05,0.000102259868112853,-0.000106243689740992,0.00084149699720637,6.50114899336529e-05,-6.06205554243289e-05,-0.0011080687090681,-0.000112874921322614,5.06409314580125e-05,9.99361693398981e-06,4.46895682006954e-05,9.99361693398981e-06,1.34238773048523e-05,1.34238773048523e-05,-6.76360618188099e-05,0.00084149699720637,-2.03947845598407e-05,-0.00174454453478745,-0.000106243689740992,-4.86975095421727e-05,-0.000389995489319617,9.99361693398981e-06,-0.00221287675197512,4.91812519705093e-05,-0.00116835335602072,-0.000124123187105418,-0.00245533836484579,0.0254046517260607,-0.000177196156288417,1.34238773048523e-05,-4.24021779625861e-05,-1.09041710407709e-05,9.99361693398981e-06,-0.00165199893719237,5.06409314580125e-05,5.63886381250711e-05,3.05066046335511e-05,-8.32185983146161e-05,0.00084149699720637,3.67152184468367e-05,1.34238773048523e-05,-0.000101027126025777,4.91812519705093e-05,7.17087378756531e-05
"6:71245567:G:A",-0.000177196156288417,3.23415601712895e-05,-9.54568993458693e-05,-1.52946077678351e-05,-0.00179377856330287,-0.000382057707041916,1.8905102694422e-05,-0.000177196156288417,2.74162837783365e-05,-7.33202723344206e-05,0,-0.00239439726832202,-0.00185064394528789,-0.00237020989580916,-5.07116550947373e-05,-0.00347816129801792,-0.00217501117007579,-0.000177196156288417,-0.000481880654735534,-0.00170755789930954,-0.00028681385585827,-0.000387996603215868,2.02633319092982e-05,-0.00347816129801792,-0.00407445354025615,-0.00185064394528789,-0.00069988918754138,-2.02098961770147e-05,-0.00108567627669043,-0.00229570198826945,-0.000218868335254641,-1.21307357119349e-05,2.99559088725587e-05,-0.00028681385585827,0,-4.35380742223046e-05,-0.00123958238681787,-0.00384437256407999,-0.000177196156288417,-3.31630683385598e-05,-0.00407445354025615,-0.00185064394528789,-0.00028681385585827,-0.00229830656112373,-9.16662498351428e-06,-1.52946077678351e-05,-0.00179377856330287,-3.31630683385598e-05,-0.00248558321170034,-0.000196732580636905,-0.000177196156288417,-0.00285630095103961,-0.00348229644079012,-0.000572581748671031,-1.90398014514592e-05,-0.00123958238681787,-0.00170755789930954,2.5623486046733e-05,-0.00407445354025615,8.9305673425244e-06,-0.00179377856330287,-0.00120908681410903,-0.000177196156288417,-1.52946077678351e-05,-0.00189212354313018,-0.00579700378686709,-0.00195753741587001,-0.000932332621023324,-0.00170755789930954,2.02633319092982e-05,2.74162837783365e-05,-0.000899457763338329,-4.35380742223046e-05,-0.000258150405545443,-0.000177196156288417,0.097907236604232,-0.00179377856330287,1.8905102694422e-05,-3.0637377053111e-06,-0.00170755789930954,2.026333190841e-05,-0.00123958238681787,-0.00239439726832202,-0.00275163648790855,-0.00339215271012883,-0.000177196156288417,-3.80523054017701e-05,-0.00179377856330287,-6.72922176647717e-05,2.74162837783365e-05,-0.00135796751882289
"6:71249001:C:G",1.34238773048523e-05,-1.97965497177321e-05,2.6621643256064e-05,5.7699000644007e-06,0.00010221267999011,-3.48085080492666e-05,-0.00288275966141072,1.34238773048523e-05,-1.52973346603247e-05,-9.09892691351999e-05,0,-0.00311147919043098,-0.00246806219767848,-2.17763227858825e-05,-0.00140791822636732,1.49854661630755e-05,-0.000570691408621649,1.34238773048523e-05,-0.00284075337047973,-3.21620847199e-06,-4.64221164468981e-05,1.02459730619842e-05,-1.02576407519095e-05,1.49854661630755e-05,-3.21620847199e-06,-0.00246806219767848,-1.09426548995373e-05,1.07660814965271e-05,-0.000791380049752988,1.02459730619842e-05,-4.60007382736549e-05,4.29016242797786e-06,-1.77125293605584e-05,-4.64221164468981e-05,0,3.1362931164125e-05,-1.57093535193553e-05,-0.00215335461357302,1.34238773048523e-05,1.14040826559858e-05,-3.21620847199e-06,-0.00246806219767848,-4.64221164468981e-05,-0.00284128550235252,3.3058549675502e-06,5.7699000644007e-06,0.00010221267999011,1.14040826559858e-05,-3.34668637798075e-05,2.71878523667723e-05,1.34238773048523e-05,-2.0600535166615e-05,1.6049571649468e-05,-0.00176247849030808,-0.00272664829630198,-1.57093535193553e-05,-3.21620847199e-06,-1.40365615379778e-05,-3.21620847199e-06,-4.12860833698403e-06,0.00010221267999011,1.76813858399072e-05,1.34238773048523e-05,5.7699000644007e-06,-2.75352025891351e-06,2.71878523667723e-05,-0.00222512643482453,-0.000353933220722524,-3.21620847199e-06,-1.02576407519095e-05,-1.52973346603247e-05,-0.00177401260749122,3.1362931164125e-05,-3.95704400357744e-05,1.34238773048523e-05,-0.00179377856330287,0.0404660034323241,-0.00288275966141072,2.82050184186033e-06,-3.21620847199e-06,-1.02576407527977e-05,-1.57093535193553e-05,-0.00311147919043098,-9.39372846175957e-06,2.16979051756994e-05,1.34238773048523e-05,-1.110521117198e-05,0.00010221267999011,2.60600649575338e-05,-1.52973346603247e-05,-2.25407361238439e-05
"6:71249556:A:G",-4.24021779625861e-05,-0.000158729703565008,-0.00117361607389022,5.01738396421203e-05,-0.00288275966141072,0.00014105737388892,0.000948580802958787,-4.24021779625861e-05,-0.000428685200497547,-0.0012090247188814,0,-0.00148226767494819,-0.000548270800595052,0.000148269502211029,-0.000821051481506352,0.000122033007220246,-0.00489754651118712,-4.24021779625861e-05,-0.00444629684883946,-0.00130087439000715,-0.00134732049962016,-0.000452495692500499,0.000431333338764439,6.13312260471233e-05,-3.40170784332017e-05,-0.000548270800595052,-0.00247312421529777,-0.00629903106166196,-0.00136577204752886,3.93716230471242e-05,-0.000491594556104147,-0.0071888422016988,-0.000143277408382936,-0.00134732049962016,0,-0.00155112135484003,-0.000152620548305116,-0.000460928388279491,-4.24021779625861e-05,-0.00021012294802869,-0.000277215462917368,-0.000548270800595052,-0.00134732049962016,-0.00708278912932236,-0.00465125424243507,5.01738396421203e-05,-0.00288275966141072,-0.00021012294802869,-0.003792877048447,-3.45745299110689e-05,-4.24021779625861e-05,-0.000303645218476589,-0.000122017038719946,0.000284559150055319,-0.0053056484970444,-0.000152620548305116,-0.00130087439000715,-0.000148301818668095,-3.40170784332017e-05,-0.00676043169826546,-0.00288275966141072,-0.000464694456786319,-4.24021779625861e-05,5.01738396421203e-05,-0.00174291594968157,-3.45745299110689e-05,-0.0028448346028398,-0.0022156321425677,-0.00130087439000715,0.000431333338764439,-0.000428685200497547,0.000314808079190154,-0.00155112135484003,-0.000394793260739768,-4.24021779625861e-05,1.8905102694422e-05,-0.00288275966141072,0.130303226798945,-0.00193703558675384,-0.00130087439000626,-0.00121899984453933,-0.000596095169110633,-0.00148226767494819,-0.000926600561307112,-0.000580007588497189,-4.24021779625861e-05,0.000110690167792526,-0.00288275966141072,-0.00554952962479938,-0.0125335693785393,-0.00904569593936788
"6:71249833:T:G",-1.09041710407709e-05,-0.00168247185070669,-0.00146063165758736,-4.36298639083788e-06,2.82050184186033e-06,1.86997246958143e-05,-0.00193703558675384,-1.09041710407709e-05,9.61867254112292e-06,-4.64134065074617e-05,0,1.10505875801081e-05,-2.37364271793439e-05,1.3010740437025e-05,2.15192783761253e-05,-1.23837077170563e-05,-0.00209209765894425,-1.09041710407709e-05,-0.00197054458455259,2.17523128132058e-06,-7.67013193652133e-05,-0.00243907063977211,6.73282541807652e-06,-1.23837077170563e-05,2.17523128132058e-06,-2.37364271793439e-05,-0.0019393321101564,-8.66076817285233e-06,-0.00172129423834555,-0.00185778262090697,2.24562509316684e-05,-3.33852831513326e-06,-0.00191197992577052,-7.67013193652133e-05,0,-0.00131100360542202,-0.00143276102756396,-7.29088035011927e-06,-1.09041710407709e-05,-9.04847668792286e-06,2.17523128132058e-06,-2.37364271793439e-05,-7.67013193652133e-05,-0.00197566718479525,-2.55038031049537e-06,-4.36298639083788e-06,2.82050184186033e-06,-9.04847668792286e-06,1.81428435359621e-05,-0.00149990074962592,-1.09041710407709e-05,-0.00157383558431423,-0.00172129423834555,-0.000532856908780577,-0.00206693878385522,-0.00143276102756396,2.17523128132058e-06,-0.00175997561487407,2.17523128132058e-06,2.82050184186033e-06,2.82050184186033e-06,-1.50333877408926e-05,-1.09041710407709e-05,-4.36298639083788e-06,1.84400902725201e-06,-0.00149990074962592,2.38833180965514e-05,-4.30875807477804e-05,2.17523128132058e-06,6.73282541807652e-06,9.61867254112292e-06,-0.000540693713801055,-0.00131100360542202,2.03856463087959e-05,-1.09041710407709e-05,-3.0637377053111e-06,2.82050184186033e-06,-0.00193703558675384,0.0463746445358146,2.17523128132058e-06,6.73282541718834e-06,-0.00344668439770324,1.10505875801081e-05,6.18140114383436e-06,-0.00160318388427516,-1.09041710407709e-05,7.26548056384502e-06,2.82050184186033e-06,-0.00141306777360395,9.61867254112292e-06,1.34053876257312e-05
"6:71252675:A:C",9.99361693398981e-06,-1.5993739387099e-05,-0.001734165027659,4.38989509099486e-06,-3.21620847199e-06,-2.89726971915982e-05,-0.00130087439000626,9.99361693398981e-06,-1.22452725630495e-05,-0.000323130600692778,0,-0.00279410873183483,-0.00216287281917182,-1.76767266850675e-05,-0.00292655217836657,1.11069283414977e-05,1.80664789262153e-06,9.99361693398981e-06,-0.00176266239390976,3.82753524315049e-05,-0.000267648318255098,7.71391961684742e-06,-8.12016132645255e-06,1.11069283414977e-05,-2.4940656082606e-06,-0.00216287281917182,-0.00169259446983094,8.09420638248071e-06,1.18584803363575e-05,7.71391961684742e-06,-3.9014380433855e-05,3.29567236523332e-06,-1.42347806439957e-05,-0.000267648318255098,0,-0.00157607035054319,-1.25886104234141e-05,6.95991327770429e-06,9.99361693398981e-06,8.53578565429558e-06,-2.4940656082606e-06,-0.00216287281917182,-0.000267648318255098,-0.00172504637738591,-0.00235480056934367,4.38989509099486e-06,-3.21620847199e-06,8.53578565429558e-06,-2.77815811591253e-05,1.93052728754139e-05,9.99361693398981e-06,-0.00325942873472584,-0.00201268359814488,-0.00151748146537489,-0.0012492363680483,-1.25886104234141e-05,3.82753524315049e-05,-1.11980251826793e-05,-2.4940656082606e-06,-3.21620847199e-06,-3.21620847199e-06,1.29995443236552e-05,9.99361693398981e-06,4.38989509099486e-06,-2.12905908547611e-06,1.93052728754139e-05,-0.0075646202346773,-0.00462217168523971,3.82753524315049e-05,-8.12016132645255e-06,-1.22452725630495e-05,-0.00148906048780084,-0.00157607035054319,-3.32029549490187e-05,9.99361693398981e-06,-0.00170755789930954,-3.21620847199e-06,-0.00130087439000626,2.17523128132058e-06,0.0564434380238401,-8.12016132556437e-06,-1.25886104234141e-05,-0.00279410873183483,-7.41690773242709e-06,-0.00188520969226236,9.99361693398981e-06,-8.81258574292332e-06,-3.21620847199e-06,1.85805613952539e-05,-1.22452725630495e-05,-1.83296135007893e-05
"6:71256560:T:C",-0.00165199893719237,-4.78268347112731e-05,6.84514322770724e-05,1.4338928979285e-05,-1.02576407527977e-05,-0.00158293848397051,-0.00121899984453933,-0.00165199893719237,-3.70833018958905e-05,-0.00163438491129408,0,-4.414766154337e-05,-0.00672054713101033,-5.2197811042376e-05,-0.000101581990763044,3.75666518017681e-05,5.58044540266422e-06,-0.00165199893719237,-0.00149982127436932,-8.12016132556437e-06,-0.00151662967258925,2.52916442500251e-05,0.000740298787945015,3.75666518017681e-05,-8.12016132556437e-06,-0.00672054713101033,-0.00060114567529812,-0.00086947826080408,-0.00117359022786001,2.52916442500251e-05,-0.00010715938541761,1.02661282044281e-05,-4.32010628346191e-05,-0.00151662967258925,0,8.15576436306031e-05,-3.80097943528668e-05,2.27651824467046e-05,-0.00165199893719237,2.86177059987125e-05,-8.12016132556437e-06,-0.00672054713101033,-0.00151662967258925,-0.0006306376031322,7.89776159049183e-06,1.4338928979285e-05,-1.02576407527977e-05,2.86177059987125e-05,-7.90761531010986e-05,6.99543111375434e-05,-0.00165199893719237,-4.96046046256637e-05,4.02493991664699e-05,-0.00688066878904436,-0.00129309287064583,-3.80097943528668e-05,-8.12016132556437e-06,-3.42417091578895e-05,-8.12016132556437e-06,-1.02576407527977e-05,-1.02576407527977e-05,-0.0066401052995575,-0.00165199893719237,1.4338928979285e-05,-7.03390061218556e-06,6.99543111375434e-05,-0.000809130008287084,-0.00177036268769992,-8.12016132556437e-06,0.000740298787945015,-3.70833018958905e-05,-0.00681243579193946,8.15576436306031e-05,-9.28472794790025e-05,-0.00165199893719237,2.026333190841e-05,-1.02576407527977e-05,-0.00121899984453933,6.73282541718834e-06,-8.12016132556437e-06,0.0714000157313723,-3.80097943528668e-05,-4.414766154337e-05,-2.30349024539223e-05,5.51375751243199e-05,-0.00165199893719237,-2.69545694324691e-05,-1.02576407527977e-05,6.69646946072078e-05,-3.70833018958905e-05,-5.38795134037429e-05
"6:71256604:G:T",5.06409314580125e-05,-0.000899244505804475,0.00010303476485074,2.16644779129638e-05,-1.57093535193553e-05,-0.000124212599935447,-0.000596095169110633,5.06409314580125e-05,-5.64139303884659e-05,-0.000209528402207226,0,-0.00102154878494343,0.000126433238388124,-7.92543007799296e-05,-0.000155271230599219,-0.00176883455155252,8.17015595711013e-06,5.06409314580125e-05,-0.000539207019406795,-1.25886104234141e-05,-9.94822883573221e-05,3.77433774856328e-05,-3.80097943519786e-05,5.64044088431359e-05,-1.25886104234141e-05,0.000126433238388124,-0.00373308199741995,3.96292252675678e-05,6.03525620874734e-05,3.77433774856328e-05,-0.000163032935676988,1.50325243328808e-05,-0.00112013283941259,-9.94822883573221e-05,0,0.000122896580636578,-5.77566093182824e-05,3.4033532039679e-05,5.06409314580125e-05,4.32387167110804e-05,-1.25886104234141e-05,0.000126433238388124,-9.94822883573221e-05,-0.000483694708312221,-0.00141209629808259,2.16644779129638e-05,-1.57093535193553e-05,4.32387167110804e-05,-0.000120180522651836,0.000105254871568761,5.06409314580125e-05,-7.55141195778464e-05,-0.00165755042422688,-0.00245999756939952,-0.000488480024349869,-5.77566093182824e-05,-1.25886104234141e-05,-0.000953238258244227,-1.25886104234141e-05,-1.57093535193553e-05,-1.57093535193553e-05,6.64406102890425e-05,5.06409314580125e-05,2.16644779129638e-05,-1.1002487908307e-05,0.000105254871568761,-0.000189553833119582,0.00019285965806759,-1.25886104234141e-05,-3.80097943519786e-05,-5.64139303884659e-05,-0.00241062292299432,0.000122896580636578,-0.00014119165282267,5.06409314580125e-05,-0.00123958238681787,-1.57093535193553e-05,-0.000596095169110633,-0.00344668439770324,-1.25886104234141e-05,-3.80097943528668e-05,0.0277920593066456,-0.00102154878494343,-3.51275126790895e-05,-0.00178282047945455,5.06409314580125e-05,-4.08301794738719e-05,-1.57093535193553e-05,0.000100838671910353,-5.64139303884659e-05,-8.1679392930134e-05
"6:71257401:A:T",5.63886381250711e-05,-8.61726545071662e-05,0.000111983769400581,2.44637672510706e-05,-0.00311147919043098,-0.000149114976337295,-0.00148226767494819,5.63886381250711e-05,-6.60764581930096e-05,-0.000913579549849608,0,0.000434667190853943,-6.4697231401567e-05,-0.000882978414043833,-0.00589027416274579,6.26091220192748e-05,-0.00248265662700753,5.63886381250711e-05,-0.00551293818814269,-0.00279410873183483,-0.000978034151553953,4.21584951828535e-05,-4.414766154337e-05,6.26091220192748e-05,-0.00279410873183483,-6.4697231401567e-05,-4.94894827856029e-05,-0.00100601911671649,-0.0020426238497766,4.21584951828535e-05,-0.00226701839518295,-0.00176289255290829,-7.83466180438452e-05,-0.000978034151553953,0,0.000132284065767152,-6.76409552848867e-05,3.80941552906577e-05,5.63886381250711e-05,-0.000342382843904865,-0.00279410873183483,-6.4697231401567e-05,-0.000978034151553953,-4.61810956133846e-05,-0.000780073798360981,2.44637672510706e-05,-0.00311147919043098,-0.000342382843904865,-0.00336639097816427,0.000114270269289563,5.63886381250711e-05,-0.0011856940021957,6.68539272128399e-05,5.01647384276716e-05,-0.00121766692447522,-6.76409552848867e-05,-0.00279410873183483,-6.12839093800943e-05,-0.00279410873183483,-0.00150458579587021,-0.00311147919043098,-0.00193258773968807,5.63886381250711e-05,2.44637672510706e-05,-1.27935938438739e-05,0.000114270269289563,-3.62738371775251e-05,-0.00445242575829852,-0.00279410873183483,-4.414766154337e-05,-6.60764581930096e-05,0.000119538739350666,0.000132284065767152,-0.00110210618493856,5.63886381250711e-05,-0.00239439726832202,-0.00311147919043098,-0.00148226767494819,1.10505875801081e-05,-0.00279410873183483,-4.414766154337e-05,-0.00102154878494343,0.083599370259817,-4.08272881449179e-05,9.08957189063031e-05,5.63886381250711e-05,-4.74018061327186e-05,-0.00311147919043098,0.000109717304214385,-0.00114316382868651,-9.6443446884642e-05
"6:71263398:T:A",3.05066046335511e-05,-4.42997381844279e-05,-0.00234030513968086,1.30653618430898e-05,-9.39372846175957e-06,-7.66104851006588e-05,-0.000926600561307112,3.05066046335511e-05,-3.42572729321589e-05,-0.0114095528942331,0,-4.08272881449179e-05,-0.00366192663788212,-4.84325002112485e-05,-0.00270040233332658,3.40331887223044e-05,-0.00283511071688736,3.05066046335511e-05,-0.0001366492597068,-7.41690773242709e-06,-0.0118800628921649,2.30235870510853e-05,-2.30349024539223e-05,3.40331887223044e-05,-7.41690773242709e-06,-0.00366192663788212,-0.00269165039784536,2.41870667165855e-05,-0.00242217672260114,2.30235870510853e-05,-0.0022220281698635,9.41634673079506e-06,-3.99348015243106e-05,-0.0118800628921649,0,-0.00258907372841044,-3.51275126790895e-05,-0.00256125707797761,3.05066046335511e-05,2.59641338899996e-05,-7.41690773242709e-06,-0.00366192663788212,-0.0118800628921649,0.000109620173210701,7.24865562684585e-06,1.30653618430898e-05,-9.39372846175957e-06,2.59641338899996e-05,-7.38910193041065e-05,6.27069054370821e-05,3.05066046335511e-05,-0.00108285610814729,3.64437785833616e-05,-0.00508273995497444,-0.000975101867259021,-3.51275126790895e-05,-7.41690773242709e-06,-3.15905477474843e-05,-7.41690773242709e-06,-9.39372846175957e-06,-9.39372846175957e-06,-0.0019032954296696,3.05066046335511e-05,1.30653618430898e-05,-6.41312562876806e-06,6.27069054370821e-05,-0.000486388399496107,-0.00320644788428126,-7.41690773242709e-06,-2.30349024539223e-05,-3.42572729321589e-05,-0.00509906545686878,-0.00258907372841044,-0.00216500884731907,3.05066046335511e-05,-0.00275163648790855,-9.39372846175957e-06,-0.000926600561307112,6.18140114383436e-06,-7.41690773242709e-06,-2.30349024539223e-05,-3.51275126790895e-05,-4.08272881449179e-05,0.10821330988948,4.96729166741261e-05,3.05066046335511e-05,-2.48443839110379e-05,-9.39372846175957e-06,-0.00243855882745336,-3.42572729321589e-05,-5.00246688943662e-05
"6:71266625:T:G",-8.32185983146161e-05,0.00010104931977839,-0.000351939562800219,-3.39174769816708e-05,2.16979051756994e-05,-0.000851890762838536,-0.000580007588497189,-8.32185983146161e-05,8.03207484709745e-05,-4.75057010098645e-05,0,9.08957189063031e-05,-0.000760607658988555,-0.0015886709217483,-0.0019233797845537,-9.47284740169252e-05,-1.57290472380112e-05,-8.32185983146161e-05,-0.00241730500283843,-0.00188520969226236,1.04129892619653e-05,-0.00292087082190662,5.51375751234318e-05,-0.00127565514565031,1.57240666132097e-05,-0.000760607658988555,-0.00382544875892155,-6.92123454140159e-05,-0.000102670060016408,-6.54625520670749e-05,-0.00165529653978336,-2.90913022791273e-05,8.82685413801099e-05,1.04129892619653e-05,0,-0.0004831558254077,8.28573309918923e-05,-0.00141200849002132,-8.32185983146161e-05,-6.85795205583872e-05,1.57240666132097e-05,-0.000760607658988555,1.04129892619653e-05,-0.00567399585486328,-2.23195558639588e-05,-3.39174769816708e-05,2.16979051756994e-05,-6.85795205583872e-05,0.000166530320215408,-0.000179652337141789,-8.32185983146161e-05,0.00010592292034417,-0.00101714702680322,-0.00112842682446779,-0.000417774711358732,8.28573309918923e-05,-0.00188520969226236,7.25058925112876e-05,1.57240666132097e-05,2.16979051756994e-05,2.16979051756994e-05,-0.000185077736344574,-8.32185983146161e-05,-3.39174769816708e-05,1.26768821049339e-05,-0.000179652337141789,-1.4357849964064e-05,8.79030870581943e-06,-0.00188520969226236,5.51375751234318e-05,8.03207484709745e-05,-0.00124113766745015,-0.0004831558254077,-0.00165396390047867,-8.32185983146161e-05,-0.00339215271012883,2.16979051756994e-05,-0.000580007588497189,-0.00160318388427516,-0.00188520969226236,5.51375751243199e-05,-0.00178282047945455,9.08957189063031e-05,4.96729166741261e-05,0.0492825428091659,-8.32185983146161e-05,-0.000595690966496143,2.16979051756994e-05,-0.000380127652825024,8.03207484709745e-05,0.000117556020424736
"6:71266978:A:C",0.00084149699720637,6.22114526249717e-05,-0.00010361792056468,-2.03947845598407e-05,1.34238773048523e-05,-0.00124428059164927,-4.24021779625861e-05,0.00084149699720637,4.91812519705093e-05,-0.000491102285450573,0,5.63886381250711e-05,-0.00145942046131609,6.90801377034589e-05,-0.00189585034698503,-5.60969275715806e-05,-9.0288231184843e-06,0.00084149699720637,-8.32167775994819e-05,9.99361693398981e-06,-0.000642069158098835,-3.8442501464786e-05,-0.00221287675197512,-5.60969275715806e-05,9.99361693398981e-06,-0.00145942046131609,3.35034740155393e-05,-0.00305619115752176,0.000559636834031707,-3.8442501464786e-05,-0.00234607143633436,-1.6677524515174e-05,5.48843732044446e-05,-0.000642069158098835,0,-0.000124123187105418,5.06409314580125e-05,-0.00131661123084026,0.00084149699720637,-4.11583411628058e-05,9.99361693398981e-06,-0.00145942046131609,-0.000642069158098835,-0.00162381416719271,-1.28037555171545e-05,-2.03947845598407e-05,1.34238773048523e-05,-4.11583411628058e-05,0.000102259868112853,-0.000106243689740992,0.00084149699720637,6.50114899336529e-05,-6.06205554243289e-05,-0.0011080687090681,-0.000112874921322614,5.06409314580125e-05,9.99361693398981e-06,4.46895682006954e-05,9.99361693398981e-06,1.34238773048523e-05,1.34238773048523e-05,-6.76360618188099e-05,0.00084149699720637,-2.03947845598407e-05,-0.00174454453478745,-0.000106243689740992,-4.86975095421727e-05,-0.000389995489319617,9.99361693398981e-06,-0.00221287675197512,4.91812519705093e-05,-0.00116835335602072,-0.000124123187105418,-0.00245533836484579,0.00084149699720637,-0.000177196156288417,1.34238773048523e-05,-4.24021779625861e-05,-1.09041710407709e-05,9.99361693398981e-06,-0.00165199893719237,5.06409314580125e-05,5.63886381250711e-05,3.05066046335511e-05,-8.32185983146161e-05,0.0254046517260607,3.67152184468367e-05,1.34238773048523e-05,-0.000101027126025777,4.91812519705093e-05,7.17087378756531e-05
"6:71267410:A:C",3.67152184468367e-05,-5.12802927126188e-05,7.53408533249456e-05,1.55833532957672e-05,-1.110521117198e-05,0.00278213265401117,0.000110690167792526,3.67152184468367e-05,-3.98493695099589e-05,-4.86464796143338e-05,0,-4.74018061327186e-05,9.46275005198061e-05,-5.58811676780735e-05,-0.000107599087830756,4.1009035243178e-05,6.02044650488409e-06,3.67152184468367e-05,9.05105545463414e-05,-8.81258574292332e-06,-4.39041407824803e-05,2.74962972426351e-05,-2.69545694324691e-05,4.1009035243178e-05,-8.81258574292332e-06,9.46275005198061e-05,-2.9392217303581e-05,2.88968327923911e-05,4.39543501196127e-05,2.74962972426351e-05,-0.000113332701826785,1.10867220417532e-05,-4.64030639699686e-05,-4.39041407824803e-05,0,9.00934642906748e-05,-4.08301794738719e-05,2.47431945741283e-05,3.67152184468367e-05,3.12104189488238e-05,-8.81258574292332e-06,9.46275005198061e-05,-4.39041407824803e-05,-2.61252959807834e-05,8.52470748746725e-06,1.55833532957672e-05,-1.110521117198e-05,3.12104189488238e-05,-8.41479207913665e-05,7.70170405894888e-05,3.67152184468367e-05,-5.31524669682426e-05,-0.000464598292411189,0.000149928569393332,-5.39881555070565e-05,-4.08301794738719e-05,-8.81258574292332e-06,-3.68389953875337e-05,-8.81258574292332e-06,-1.110521117198e-05,-1.110521117198e-05,4.85023244101157e-05,3.67152184468367e-05,1.55833532957672e-05,-7.64670092756603e-06,7.70170405894888e-05,0.000435269263291183,0.000151587222652516,-8.81258574292332e-06,-2.69545694324691e-05,-3.98493695099589e-05,0.000197527130462838,9.00934642906748e-05,-9.85033994584938e-05,3.67152184468367e-05,-3.80523054017701e-05,-1.110521117198e-05,0.000110690167792526,7.26548056384502e-06,-8.81258574292332e-06,-2.69545694324691e-05,-4.08301794738719e-05,-4.74018061327186e-05,-2.48443839110379e-05,-0.000595690966496143,3.67152184468367e-05,-0.00284285035985743,-1.110521117198e-05,7.3683889090681e-05,-3.98493695099589e-05,-5.76493413744217e-05
"6:71270231:A:T",1.34238773048523e-05,-1.97965497177321e-05,2.6621643256064e-05,5.7699000644007e-06,0.00010221267999011,-3.48085080492666e-05,-0.00288275966141072,1.34238773048523e-05,-1.52973346603247e-05,-9.09892691351999e-05,0,-0.00311147919043098,-0.00246806219767848,-2.17763227858825e-05,-0.00140791822636732,1.49854661630755e-05,-0.000570691408621649,1.34238773048523e-05,-0.00284075337047973,-3.21620847199e-06,-4.64221164468981e-05,1.02459730619842e-05,-1.02576407519095e-05,1.49854661630755e-05,-3.21620847199e-06,-0.00246806219767848,-1.09426548995373e-05,1.07660814965271e-05,-0.000791380049752988,1.02459730619842e-05,-4.60007382736549e-05,4.29016242797786e-06,-1.77125293605584e-05,-4.64221164468981e-05,0,3.1362931164125e-05,-1.57093535193553e-05,-0.00215335461357302,1.34238773048523e-05,1.14040826559858e-05,-3.21620847199e-06,-0.00246806219767848,-4.64221164468981e-05,-0.00284128550235252,3.3058549675502e-06,5.7699000644007e-06,0.00010221267999011,1.14040826559858e-05,-3.34668637798075e-05,2.71878523667723e-05,1.34238773048523e-05,-2.0600535166615e-05,1.6049571649468e-05,-0.00176247849030808,-0.00272664829630198,-1.57093535193553e-05,-3.21620847199e-06,-1.40365615379778e-05,-3.21620847199e-06,-4.12860833698403e-06,0.00010221267999011,1.76813858399072e-05,1.34238773048523e-05,5.7699000644007e-06,-2.75352025891351e-06,2.71878523667723e-05,-0.00222512643482453,-0.000353933220722524,-3.21620847199e-06,-1.02576407519095e-05,-1.52973346603247e-05,-0.00177401260749122,3.1362931164125e-05,-3.95704400357744e-05,1.34238773048523e-05,-0.00179377856330287,0.00010221267999011,-0.00288275966141072,2.82050184186033e-06,-3.21620847199e-06,-1.02576407527977e-05,-1.57093535193553e-05,-0.00311147919043098,-9.39372846175957e-06,2.16979051756994e-05,1.34238773048523e-05,-1.110521117198e-05,0.0404660034323241,2.60600649575338e-05,-1.52973346603247e-05,-2.25407361238439e-05
"6:71270605:A:G",-0.000101027126025777,-0.000157158470415197,0.00172381140267941,-4.11586496928962e-05,2.60600649575338e-05,0.000214050286623468,-0.00554952962479938,-0.000101027126025777,9.76175355686948e-05,0.000164985290386888,0,0.000109717304214385,-0.000126980403745591,-0.00187824865222552,-0.000408944542802381,-0.00110135684738388,-1.95826523112785e-05,-0.000101027126025777,-0.00261390288690855,1.85805613952539e-05,0.000266082845445492,-8.01401418231151e-05,6.6964694608096e-05,-0.00110135684738388,1.85805613952539e-05,-0.000126980403745591,-0.00262323301860512,-0.00140682997427888,-0.000124891828728657,-0.00324974955391522,-0.000142436526931355,-0.00304233804216114,-0.00155001854018799,0.000266082845445492,0,0.000525619803088517,0.000100838671910353,-7.10780947805745e-05,-0.000101027126025777,-8.30253026000705e-05,1.85805613952539e-05,-0.000126980403745591,0.000266082845445492,-0.00268855517075473,-2.77743336241087e-05,-4.11586496928962e-05,2.60600649575338e-05,-8.30253026000705e-05,0.000204009920437898,-0.000216832985484139,-0.000101027126025777,0.000128903241229494,-0.000303380798714947,-0.00125844251577911,-0.00595571108725679,0.000100838671910353,1.85805613952539e-05,-0.00186596906662118,1.85805613952539e-05,2.60600649575338e-05,2.60600649575338e-05,-0.00121768223100194,-0.000101027126025777,-4.11586496928962e-05,-0.00161551021124495,-0.000216832985484139,-0.000171767038016135,0.000138340177164853,1.85805613952539e-05,6.6964694608096e-05,9.76175355686948e-05,-0.000955794324896786,0.000525619803088517,-0.00021677936859632,-0.000101027126025777,-6.72922176647717e-05,2.60600649575338e-05,-0.00554952962479938,-0.00141306777360395,1.85805613952539e-05,6.69646946072078e-05,0.000100838671910353,0.000109717304214385,-0.00243855882745336,-0.000380127652825024,-0.000101027126025777,7.3683889090681e-05,2.60600649575338e-05,0.0495195355632938,-0.00220601295289136,0.000143790174024438
"6:71271184:G:A",4.91812519705093e-05,-7.13019145139882e-05,-0.0021069116266057,2.10697272287064e-05,-1.52973346603247e-05,-0.0001217901626962,-0.0125335693785393,4.91812519705093e-05,-5.50944346278115e-05,-0.00443491443703792,0,-0.00114316382868651,-0.00315754386110711,-7.75108435160377e-05,-0.000152461555095407,5.47716852459246e-05,7.97275796582397e-06,4.91812519705093e-05,-0.01240830855048,-1.22452725630495e-05,-0.00446520234989567,3.67123559819049e-05,-3.70833018958905e-05,5.47716852459246e-05,-1.22452725630495e-05,-0.00315754386110711,-0.0129299035417851,3.85452423889987e-05,5.85991724681989e-05,3.67123559819049e-05,-0.000160170334327248,-0.00222194101778417,-6.47321395446099e-05,-0.00446520234989567,0,-0.00234811238690735,-5.64139303884659e-05,3.31055904077004e-05,4.91812519705093e-05,4.19959320572261e-05,-1.22452725630495e-05,-0.00315754386110711,-0.00446520234989567,-0.0124375046051908,1.12823500186821e-05,2.10697272287064e-05,-1.52973346603247e-05,4.19959320572261e-05,-0.000117800789023015,0.000101873145987419,4.91812519705093e-05,-7.38271003930535e-05,5.85991724681989e-05,-0.00141292838396012,-0.0120458935632826,-5.64139303884659e-05,-1.22452725630495e-05,-5.1047870317511e-05,-1.22452725630495e-05,-0.000400857519276876,-1.52973346603247e-05,6.4497736157243e-05,4.91812519705093e-05,2.10697272287064e-05,-1.06944146915922e-05,0.000101873145987419,-0.000186432743135789,-0.00381441559065543,-1.22452725630495e-05,-3.70833018958905e-05,-5.50944346278115e-05,-0.00138101889733999,-0.00234811238690735,-0.000138551822726818,4.91812519705093e-05,2.74162837783365e-05,-1.52973346603247e-05,-0.0125335693785393,9.61867254112292e-06,-1.22452725630495e-05,-3.70833018958905e-05,-5.64139303884659e-05,-0.00114316382868651,-3.42572729321589e-05,8.03207484709745e-05,4.91812519705093e-05,-3.98493695099589e-05,-1.52973346603247e-05,-0.00220601295289136,0.123334429769767,-7.98999450877247e-05
"6:71271444:A:G",7.17087378756531e-05,-0.000103419088301138,0.000146878674443407,3.07244077122348e-05,-2.25407361238439e-05,-0.000173904167045436,-0.00904569593936788,7.17087378756531e-05,-7.98999450877247e-05,-0.00225355659905535,0,-9.6443446884642e-05,0.000174305042380141,-0.000111694286371034,-0.000218447895299789,7.96810984828866e-05,1.11084516403182e-05,7.17087378756531e-05,-0.00813167615480737,-1.83296135007893e-05,-0.00213198835334882,-0.0020918753218746,-5.38795134037429e-05,7.96810984828866e-05,-1.83296135007893e-05,0.000174305042380141,-0.00786569081571997,5.53738211754862e-05,8.51487646933435e-05,5.27814256781056e-05,-0.000228046163279316,2.04544609951895e-05,-9.46472009371035e-05,-0.00213198835334882,0,0.000175902202823153,-8.1679392930134e-05,-0.000920574826313469,7.17087378756531e-05,6.14856200886749e-05,-1.83296135007893e-05,0.000174305042380141,-0.00213198835334882,-0.00545896419157543,1.57284018138526e-05,3.07244077122348e-05,-2.25407361238439e-05,6.14856200886749e-05,-0.000168742519701226,0.000150002717941966,7.17087378756531e-05,-0.000106786367351397,8.51487646933435e-05,-0.000980849329889288,-0.00946364169792879,-8.1679392930134e-05,-1.83296135007893e-05,-7.44385171174144e-05,-1.83296135007893e-05,-2.25407361238439e-05,-2.25407361238439e-05,9.35901186869259e-05,7.17087378756531e-05,3.07244077122348e-05,-1.61882151559212e-05,0.000150002717941966,0.000776632727180981,-0.000537925872512446,-1.83296135007893e-05,-5.38795134037429e-05,-7.98999450877247e-05,-0.000889887012435864,0.000175902202823153,-0.000197887993407697,7.17087378756531e-05,-0.00135796751882289,-2.25407361238439e-05,-0.00904569593936788,1.34053876257312e-05,-1.83296135007893e-05,-5.38795134037429e-05,-8.1679392930134e-05,-9.6443446884642e-05,-5.00246688943662e-05,0.000117556020424736,7.17087378756531e-05,-5.76493413744217e-05,-2.25407361238439e-05,0.000143790174024438,-7.98999450877247e-05,0.0634041591382051
