"","3:69218157:A:C","3:69218760:G:A","3:69222898:T:A","3:69223362:A:T","3:69224770:G:A","3:69226700:C:G","3:69227379:A:G","3:69227497:A:G","3:69233139:T:C","3:69233296:C:G","3:69233391:A:C","3:69234904:C:G","3:69235205:A:G","3:69235287:C:T","3:69236410:T:C","3:69238181:T:C","3:69241723:T:A","3:69242258:C:T","3:69242581:C:T","3:69245102:C:A","3:69245623:A:G","3:69245949:G:C","3:69246331:G:A","3:69247161:G:A","3:69247379:T:A","3:69248355:G:A","3:69248821:C:T","3:69256693:G:A","3:69257659:G:T","3:69257716:G:C","3:69257796:A:T","3:69258213:C:T","3:69259117:A:G","3:69262069:T:C","3:69262348:T:C","3:69263132:T:C","3:69264687:C:T","3:69268309:C:T","3:69271400:T:C","3:69271579:T:C","3:69272761:G:A","3:69274018:A:T","3:69274314:T:C","3:69274469:C:G","3:69274609:A:G","3:69274643:G:A","3:69277001:T:C","3:69281338:G:A","3:69282620:T:G","3:69284369:T:C","3:69285021:C:T","3:69289312:T:C","3:69290814:G:A","3:69290866:A:T","3:69291808:C:T","3:69292393:C:T","3:69292632:A:G","3:69293121:C:T","3:69295951:G:A","3:69296721:T:G","3:69296874:A:G","3:69299185:C:A","3:69300337:T:G","3:69300391:G:A","3:69301875:A:C","3:69303091:G:A","3:69303230:C:A","3:69303530:G:T","3:69305815:A:G","3:69307585:A:G","3:69307713:A:T","3:69308491:G:C","3:69308958:A:T","3:69309790:C:T","3:69310908:C:T","3:69311862:T:C","3:69316565:C:G","3:69318432:A:C","3:69318832:G:C","3:69319552:T:C","3:69319563:T:C","3:69319951:G:A","3:69319962:G:A","3:69322062:T:C","3:69326354:C:A","3:69331361:C:T","3:69332261:G:A","3:69333711:C:G","3:69334387:T:C","3:69334653:T:C","3:69342076:C:T","3:69344910:T:C","3:69345029:G:A","3:69345493:T:C","3:69347542:T:C","3:69351068:G:C","3:69353566:C:A","3:69353858:C:G","3:69356626:G:C","3:69359093:G:A","3:69360577:C:T","3:69365265:C:T","3:69367724:G:A","3:69368333:A:T","3:69368885:A:G","3:69371215:C:T","3:69374281:G:A","3:69374793:T:C","3:69375057:T:C","3:69378312:A:G","3:69385650:G:A","3:69386080:G:T","3:69387352:G:A","3:69388129:A:C","3:69394062:G:A","3:69399082:A:C","3:69399246:A:G","3:69399391:C:A","3:69399895:T:A","3:69399960:C:T","3:69400493:A:T","3:69405915:C:A","3:69407240:G:T","3:69408716:T:C","3:69411273:T:C","3:69412344:T:C","3:69415398:A:G","3:69415448:C:G","3:69419614:C:A","3:69420890:C:T","3:69421741:G:C","3:69422051:C:T","3:69422984:A:T","3:69423744:G:A","3:69424667:C:T","3:69426367:G:T","3:69430610:G:T","3:69430669:C:T","3:69432986:C:G","3:69433755:G:T","3:69434867:T:G"
"3:69218157:A:C",0.409303749665519,-0.00243801224099593,-0.00335877387644956,0.00038359775881025,-0.00362912939474969,-0.00346472259941466,-0.00821456344511118,-0.00155708782113262,-0.00416164646526873,-0.00419914287717349,-0.00725686748561838,0.000787764624539999,-0.00802416571313413,-0.00216334700334331,-0.00508133282237422,-0.00379283803246722,-0.000276691890806369,-0.00902730101002769,-0.0026849353439129,-0.00335877387644956,-0.0093745924597024,-0.0036759717934336,-0.00198847687835801,7.37899260316865e-05,-0.000409884257715376,-0.00753836433090393,-0.000599955610810721,-0.00116902453036127,-0.0055449917626742,-0.000281979200345894,-0.0104928539952174,0,-0.0105043863059611,-0.00110307647457875,-0.00701805996966076,0.000217272766543708,-0.00152332475077266,-0.00126996049041317,0,-0.00044473596967709,-0.00352238229349133,-0.0017687246270448,-0.00556746470654801,-0.00434811982701477,-0.00179134420534988,-0.000281279599019246,-0.000141660501071783,-0.00136805409908103,-0.00162392570608372,-0.000610355459636835,-0.00288342599687708,-0.00438002588952946,5.37995793123969e-05,6.63433836125549e-05,-0.00126996049041317,-0.00160443500408736,-0.000926172505649969,-0.00306694797487106,-0.00500871881043219,-0.0012632824458052,7.79474895082899e-05,-0.0130967908956166,-0.000268562566277719,-0.000342314474191419,-0.000123604946732137,-0.000662541028948027,-0.00330909750915742,-0.000437205671983243,-0.00100046583505264,-0.00476914658137684,-0.00252651690498418,-0.00120443282130456,-0.00386509696947179,-0.00327116766685975,-0.00525722986711497,-0.0107768820056684,-0.00231474204201643,-0.000168701123833603,0.000220216608076029,-0.000283597668745195,-0.00134337210100099,-0.00226208788645543,-0.00222035654589536,-0.00198847687835801,-8.27143649466677e-05,-0.000889601950741614,-0.00993323020696835,-0.00434912817438748,0.000595339646258353,-0.00687917860495535,-0.00140233368685916,6.63433836125549e-05,-0.00317029282264603,-0.0012925086894402,-0.00791546081187455,-0.00120443282130456,-8.27143649466677e-05,-0.00185263592683382,-0.00174689189915034,-0.00092869158008968,-0.00438801127632704,-0.00298955743837004,-0.00104711441576244,-0.00254375316646982,-0.00513216835126418,-0.00570693092346186,-0.00870637533169472,-0.00187320783521017,-0.00032808092640435,-0.000684663525507556,-0.00275028607661731,0.000403687628395932,-0.00116162031579137,-0.00120660766045688,-0.0026069492658567,-0.00265000524633363,-0.0101298665124245,-0.00395239569475558,0,-0.000370748299993728,-0.00552838890465779,-0.000404686608557192,-0.00302880142357242,-0.00220081774004655,0,-0.000155357581054005,-0.000146690173941977,-0.00570945357648656,-0.00166797540864483,0,-0.00422645229810792,-0.00172814782124098,-0.00673543433107815,-0.00231474204201643,-0.00174960925399059,-0.00548689819503778,-0.0124668265903587,-0.0011481217014242,-0.00847097184922063,-0.00951007399976866,-0.00106460398110153
"3:69218760:G:A",-0.00243801224099593,0.151352882450984,-3.14270971824016e-05,0.000429893983776353,3.09267033546945e-05,3.69896964436123e-05,-0.00038679046575929,-0.00124220875861081,-0.00151467804103689,-0.00284890395162485,-0.00148076106219364,-0.000124924457995057,-6.04863561397551e-05,8.86871484793161e-05,6.89988140747388e-05,-0.00145135898827498,9.72821574087845e-05,-0.000393819245613436,0.00292035502580479,-3.14270971824016e-05,-0.00082978500666897,-0.00158585702199776,-0.00399154979130589,-0.00141278462138761,6.28595990415093e-05,7.99304194361028e-05,-0.000964373432712051,-0.000106941529295135,5.2369633404048e-05,4.78776078409737e-05,-0.00268713842742141,0,-0.00186448940067363,-0.00184961776716719,-0.000747279952824975,-0.00570522953705765,-0.00428490672367143,-0.000347735424313989,0,-0.00124220875861081,0.000164788089916712,-0.0014727615667196,-0.00264582379375922,-0.000374716914479656,-0.00152169090408805,-0.000352259744466288,5.23696334031598e-05,-5.83132491280836e-05,-0.0012081823242438,-0.0021759153690617,-0.000316227807974911,-0.00118377941701464,5.07122851303166e-05,-4.66037535300501e-05,-0.000347735424313989,0.000531180917254126,0.000116587472984264,-5.92611841163659e-05,-0.00966357795666628,-0.00359194644778515,-4.36333919022758e-05,-0.00516934353177145,-0.00165222732774328,-0.000279478944890776,4.89458180004121e-05,-0.000852130621958658,-0.00340189873772712,0.000353229692573898,0.00151681296581607,-0.000132831406342682,-1.86751243402838e-05,-0.00428490672367143,3.18518552067104e-06,0.00077736781372284,-3.4528449323723e-05,-0.000641740131593238,9.65756827842057e-06,-0.00182289716156614,-0.000190608059348563,0.000108360719651479,-0.00243206986586397,-0.0017166517982945,-0.00513422583257306,-0.00399154979130589,4.89458180004121e-05,-0.000331770284637045,-0.0011038927153515,-0.00131308011741282,-0.00510860536366131,-0.00127872870023182,-0.00367820627602367,-4.66037535300501e-05,-0.000170131861270129,8.617560314228e-06,-0.000963124806980353,-0.000980993490419024,4.89458180004121e-05,-0.00173502789035496,0.000307191202643331,-4.85486732948459e-05,0.00010462936856559,-0.00238605629382249,-0.00130438893988227,0.000115941914544671,-0.00079466046741139,1.9629380378916e-05,7.68273832294497e-05,-0.00124530445700888,5.18747947806375e-05,-0.00136910485901076,-0.00225119256951789,-0.000520148647498608,0.000100936710620836,-0.00408521823747421,-0.000635632480674442,-0.00139146453712868,-0.000400974445664559,-0.00119197500841128,0,-0.00214714540815386,-0.00316619323465517,-8.87534014051283e-05,-0.00128187514042555,0.000353229692573898,0,-0.0026280062413786,-4.06310655165498e-05,-0.00331501340167062,-0.00296218257800174,0,-0.00222664246088033,-0.00159479717414301,0.000340009529025131,9.65756827842057e-06,0.00240853839287514,-0.00051318772458453,-0.00228913052658353,-0.00021651031808112,-0.00150933584874569,-0.00373204797404103,-0.00450805124591014
"3:69222898:T:A",-0.00335877387644956,-3.14270971824016e-05,0.159865942360054,-0.00354105210195588,2.45707210924095e-05,4.05496186051124e-06,-0.0025554604601048,-1.18990821107445e-05,-2.85644279873765e-06,-5.6101275642817e-06,1.35163238939029e-05,-0.00476169663077908,-0.00207512265571363,8.47667797554408e-06,2.77695615977791e-05,-0.000904800136966699,8.53578565429558e-06,-0.00260348896601581,-4.75364921737054e-05,3.82753524315049e-05,-0.00232030032385921,-0.00243138513147834,-0.00369391931877239,-0.00162082297495036,5.84534231773404e-06,-0.00300852249495165,-5.37405752858433e-05,-0.00256658302517998,4.7504808611265e-06,-0.00240265773368353,-0.00242874347392696,0,-0.00646181728617723,-1.56481660464891e-05,1.31536987799663e-05,-0.00256912556256772,-0.00104884356559953,-0.00916047503335893,0,-0.00140322221890532,1.42462328822646e-05,-3.21620847199e-06,-0.00864745927832189,-0.0026349667436163,-0.00028262501456755,5.3266306894173e-06,4.75048086023833e-06,-0.000302618007873789,-7.76990024853319e-06,-1.04852012121626e-05,-0.00054324153136065,-0.000169229218037081,1.14817782757015e-05,-4.28001780239384e-06,-0.00916047503335893,-2.68576934461251e-05,1.12146062924978e-05,-4.49173809347059e-06,-0.00624818948793049,-2.20847297480731e-05,-3.92797764270369e-06,-0.00518014921871401,-0.00197361685108444,1.24331999629135e-05,4.38989509099486e-06,-1.29291249972852e-05,1.08359244004319e-05,-0.00123530123181137,-1.80045872806289e-05,-1.22452725630495e-05,-1.01808925379032e-06,-0.00393998288337993,3.56530902578811e-07,-4.00587688078602e-05,-2.85644279873765e-06,-0.00025250276119948,1.07676773186682e-06,-0.0018163389024739,-0.000536527912934126,9.62629451795038e-06,-1.01808925379032e-06,-2.63981948300795e-07,2.60508969418538e-06,-0.00369391931877239,4.38989509099486e-06,-5.6101275642817e-06,-0.00260187886219931,-0.00307955230362289,6.09369060899922e-06,8.89737239795352e-06,-0.00342697433292116,-4.28001780239384e-06,3.47231555108962e-05,-0.00179761764040443,-0.00214768736861171,-2.27236364533923e-05,4.38989509099486e-06,-0.000523304448918793,-0.0013269106328675,-0.00207883031096667,9.26087733343905e-06,-0.00254912039123134,-0.000168454494056114,-0.00261462673003354,-2.8679165039236e-05,2.17523128132058e-06,-0.001789329491932,-0.00115246092899035,-6.69785695528446e-06,-0.00130435629508519,-0.000385544061742848,3.59307615465099e-05,8.89737239795352e-06,-0.000197195194203026,-0.000613572166075826,-0.00148295178004609,2.57631423314919e-05,-0.00290103139352649,0,-1.73459986978486e-05,-0.00157300260382165,-8.12016132645255e-06,-0.00146794193837962,-0.00123530123181137,0,-0.00150204015234578,-3.57338067225044e-06,-0.000140526525047591,-0.00165076825346766,0,-0.00316988671528673,-0.000239354921622414,-0.000249028427457887,1.07676773186682e-06,-2.8679165039236e-05,-0.000551973482952661,-0.000682958609663942,-3.22667090912887e-05,-0.00472826117436487,-0.0012659295055677,-0.0016143020977113
"3:69223362:A:T",0.00038359775881025,0.000429893983776353,-0.00354105210195588,0.156539562228394,-0.000890400243567235,-0.0003160429671345,-0.00118135290938604,-0.00236298590043837,-0.00287227968615511,-0.00141922671537831,-0.0048824347148626,-0.0015848126369189,-0.00293995655223345,-0.00348032065261616,-0.000315883280004314,-0.000547829444051295,-0.000168606812882111,-0.00134036076777022,0.000648867402845532,-0.00354105210195588,-0.00224061464746939,-0.000197845372378325,-0.0020386856674417,-0.00267077753093137,-0.000122167406986229,-0.00355404817621885,0.000708848932799988,1.3302981028751e-05,-9.30859128809303e-05,-0.000134967424266108,-0.007611540640033,0,-0.00333860637006023,0.000229468263030164,-0.000276488053034818,-0.00293886689425893,-0.00242353101656434,0.000508121129206174,0,-0.00236298590043837,-0.000309930575991046,4.87178883483708e-05,-0.000754165930467732,-0.000393311794700146,-0.0199947517889885,-0.000172638511196865,-9.30859128818184e-05,0.000154970491200501,0.000124052599777436,0.000151533565808215,0.000335793558893016,7.1067289951543e-05,-0.000253016652340676,7.40934066305599e-05,0.000508121129206174,-0.00268537190018847,-0.000733859533799119,-0.000165889978115175,-0.00341986432088737,0.00032826258077634,6.57434908832855e-05,-0.00103059998755128,-0.00127050017005548,-0.000254918450142583,-8.36411184330643e-05,0.000206721119226039,-0.00245567049218387,0.00289311729809238,0.000281071280773482,-0.00207043208544722,-0.00276462464459293,-0.00183910467857551,-8.83605305723734e-06,-0.000851278319482951,4.00379560234754e-05,-0.00045796765205397,-2.68530237246267e-05,0.00145622154217495,0.000288065137401539,-0.000199217275254959,-5.1230542084113e-06,-0.00296504230549566,-0.00182955546713615,-0.0020386856674417,-8.36411184330643e-05,7.33339460392557e-05,-0.000150327143210394,-0.00110498485703214,0.00122782559599255,-0.000178677502747249,-0.00226746603983763,7.40934066305599e-05,-0.00181448705530052,-0.0033053741558966,-0.00151593920676873,0.000341890688799751,-8.36411184330643e-05,-0.0100686976921702,0.00202707283809467,-0.00158717518773166,-0.000188880125291391,-0.0020587052061396,-0.00171867031563089,-0.00400155778300881,0.00042289377440774,-5.47747901382678e-05,0.000259880623639575,0.000335121434968499,-0.00335049923281439,-0.000811056818920797,-0.0058020600448998,0.000471799027738307,-0.000178677502747249,-0.000826742753897491,-0.00362314948671205,-0.00118732858070381,-0.000627539909352492,-0.00110524960584701,0,0.000266809299943382,0.00010759157048934,0.000132123683959762,0.000175812059520553,0.00218548364659288,0,-0.00183528722716852,5.72856833080948e-05,-0.000555304457710015,-0.000636960833526601,0,-0.00428832963100545,-0.00141283529244873,-0.00303436962333947,-2.68530237246267e-05,0.00042289377440774,-0.000413320103882064,7.76197987555349e-05,-0.00184069796766018,-0.000692793024750227,-0.00214475494853339,-5.52286562651716e-05
"3:69224770:G:A",-0.00362912939474969,3.09267033546945e-05,2.45707210924095e-05,-0.000890400243567235,0.340688400887362,-7.58233264503971e-05,0.000177993205690896,-0.00241909504891957,-0.00885703314592945,-0.00194089549148924,-0.000209254804321546,-0.00023617070754689,-0.0101204805075898,-0.00541124589567854,-0.000423853451219536,-0.00108260709464592,-0.000121457354124388,0.000155364345336473,-0.00127769919723697,2.45707210924095e-05,-0.00463772194951151,-0.000715701300911142,-0.000220440428819302,-0.00211844597359612,-0.0029622746332878,-0.00034406352851768,-0.00191333046277364,-0.00189931358868911,-6.59102182405391e-05,-0.000395189342383695,-0.000509507048468194,0,-0.00146582280782193,-7.80130208903884e-05,-0.000866962275992478,-0.00136004536379897,-0.00118643916189765,-0.000339356950026293,0,0.000129244126949146,-0.00349456517090019,-0.00207281533990589,-0.00912182293691233,-0.0095183616797847,-0.00479989976785999,-0.00777536539676138,-6.59102182405391e-05,-0.000434392468164013,-0.00267893007248698,-4.05070751439141e-05,3.68357760462956e-05,-0.00632574043676115,-0.000989454649946708,5.19530084650555e-05,-0.000339356950026293,-0.000127783203231147,-0.000238191398192811,-0.00591421152688199,-0.00179647552784967,-0.00138038141376562,-0.000328605907193413,-0.000716572691167983,-0.00172792653999121,0.000731018078624857,-5.9528276328713e-05,-0.00124329999847994,-0.00932525833492726,0.000186204011329849,-0.0040530969204875,-0.00351340214422624,-0.00224097713277782,-0.00030998830969331,-5.78381059401778e-06,-0.000413555246936426,-0.00468501908742081,-0.0106230485067345,-1.76338184161295e-05,-0.000174262881492027,0.000195839093544592,-0.00362535960241139,-0.00183915339945617,-0.000225162484787766,-0.00923580735642471,-0.0028471397183365,-5.9528276328713e-05,2.25775619488999e-05,-0.0121981060045844,-0.00820584839773542,-4.94164164583921e-05,-0.00550600939972501,-0.00263335146828325,5.19530084650555e-05,0.00107220494852811,-0.00221199004542783,-0.0112346145238682,-0.00150360051243137,-5.9528276328713e-05,-0.00963184450408994,-0.00109504979983832,-0.00100959943337742,-0.000135599576898571,-0.00113635497460951,-0.00379207217898436,4.09027543808449e-05,-0.00154017753952385,-0.00524670470264965,-0.0104372724125206,0.00022809968354931,-0.00356833525270517,-0.00203517348951365,-0.00740094010843162,-0.000130134900337531,-0.000725938491240363,8.11455863818367e-05,-0.00840812505674204,-0.00340110020574347,-0.0037084735579711,-0.000600579435428905,0,-0.00136038279134532,-0.00188449925410694,-0.00153960002734266,-0.00227548503639863,-0.00150320497276546,0,-0.00609263133492455,-0.00198543041224575,-0.00171118473841858,-0.00310630276343105,0,-0.00612527590993439,-0.00275552134178492,-0.000520450002204242,-0.00261491208501852,-0.00026295106888341,-0.00146453561364757,-0.0168401550721815,-0.0016830337186784,-0.00600696078764651,-0.00330353196562427,-0.00112985526358766
"3:69226700:C:G",-0.00346472259941466,3.69896964436123e-05,4.05496186051124e-06,-0.0003160429671345,-7.58233264503971e-05,0.228800639964302,3.31857230779775e-05,1.76536467906274e-05,4.67947329152452e-06,8.81302827338004e-06,-2.95620014840736e-05,-0.00268498068555356,-0.00346264903371996,-1.74009018092391e-05,-9.59374533193724e-05,-6.15953618936516e-05,0.000247754527348931,3.31857230779775e-05,4.71963493771099e-05,4.05496186051124e-06,-0.000381068041611421,-0.00533552185742447,2.4144527724701e-05,1.05332579023454e-05,-0.00158608302660745,-5.00346809468866e-05,-0.00103609866043541,-0.00451691771273222,-0.00326655921646335,-1.04421228694918e-05,1.46341111362247e-05,0,-0.0031443097620043,2.20920893045928e-05,-2.8546673222607e-05,-6.47382331742108e-07,2.96930062280154e-05,-0.00059297775782774,0,1.76536467906274e-05,-0.00701599341875347,5.29300079588069e-06,-0.00887380519884173,-0.0064989368653654,-0.0170027348264377,-0.00220571895834176,-0.00507981852289685,-0.000189795817744809,1.21630058140809e-05,1.56995001585614e-05,-0.00316553439600398,-0.000139996576905332,-3.4538452189814e-05,7.070205234605e-06,-0.00059297775782774,-0.00160779777796716,-2.42713286882079e-05,6.99548830063179e-06,-0.00566355274335084,-0.000262765684745148,0.000187589881504913,-3.01407250535846e-06,-0.000140218236265532,-2.6568903161106e-05,0.000189464723153954,-0.00132435101008266,-0.00245492304586481,-7.87722000143987e-05,2.49151404583259e-05,-0.00288432896097124,-0.00430315458797192,2.96930062280154e-05,-6.62594185740772e-07,-0.00125927364630574,4.67947329152452e-06,-0.00103686416024829,-2.02291903050877e-06,-9.10774970002137e-05,2.52903257838e-05,-1.97406018536128e-05,1.44167663940209e-06,-0.000551212611213714,-0.00196566417359811,2.4144527724701e-05,-8.24225665851941e-06,8.81302827338004e-06,-0.00175467613508573,0.000188240562536635,-0.0018355000370649,-1.79614442004095e-05,1.81205191349676e-05,7.070205234605e-06,-0.00037807572855808,-0.000520069736449358,-0.000835795904766012,2.96930062280154e-05,0.000189464723153954,-0.0145518121849237,-6.59355294203579e-05,-0.000344918818442785,-1.88431960541635e-05,-0.0013411967062984,-0.0019750454351346,-0.00299856284177213,3.50221776441728e-05,-0.00186843161251637,-0.00366447069209919,-0.000300462223481013,-0.00216874353578422,-0.000383705995053774,-0.0115147382413947,-0.000147433003814257,-1.79614442004095e-05,-0.00331076585929768,-0.00688210245485577,-0.00280253937983943,-7.24178022473154e-05,3.6730606581159e-05,0,2.4144527724701e-05,1.10862410895862e-05,-0.00348262305373748,-0.000426417103259524,-7.87722000143987e-05,0,-0.0157762359683025,-0.00292014656156425,-0.00688052159661101,-0.0022072210485371,0,-0.000101068262988502,-0.00401724460251573,-0.00450238234281652,-2.02291903050877e-06,3.50221776441728e-05,-0.01821906024588,-0.00124226639698932,5.52613679705161e-06,-0.000556515676572111,-0.0034888332534857,-0.00214058435861375
"3:69227379:A:G",-0.00821456344511118,-0.00038679046575929,-0.0025554604601048,-0.00118135290938604,0.000177993205690896,3.31857230779775e-05,0.253043406196618,0.000476511807596225,-3.00137281872281e-05,-0.0034954100047706,-0.00120644632125355,-0.00106727027121511,-0.0196619568332244,-0.000495244766714364,0.000201997992477665,-0.00492703695916497,8.32804560424449e-05,0.00387840342689749,-0.000433969152390468,-0.0025554604601048,-0.00977589108632859,-0.00189989345026387,-0.000166179407129263,-6.81496727557018e-05,5.46363138429484e-05,0.000143978899653341,-0.00483329703376523,-0.001541648604797,4.53927557346745e-05,-0.00371976013636122,0.0030831596160068,0,-0.00122459166536881,-0.000270943838581061,-0.00394915360139869,-6.46389357683574e-06,-0.000764694508149866,-0.000324122112004943,0,-0.000116417664663082,0.000139330950366556,-3.28253145216451e-05,-0.00661731762030904,0.000175909985120626,0.000152382035237597,-0.00404015097279142,4.53927557346745e-05,-0.000282144378148885,-0.00332698175944302,-0.00018262635450661,-0.00344603882040495,-0.00438379991333804,0.000109341770657245,-4.10937468293682e-05,-0.000324122112004943,-0.000467869780817587,-0.00418585946796401,-0.00597737449237545,-0.000557693800400383,-0.000211312351775739,-3.83649321546997e-05,-0.00192591832860689,3.15515419817558e-05,0.000122706705558251,4.23683668868691e-05,-0.0010386482785556,-0.00169090869083721,-0.00502502852208053,-0.000170641919678083,-0.000397491278104845,-0.000330443374852329,-0.000215396197630113,2.87269807408563e-06,-0.00093191998804798,-3.00137281872281e-05,-0.00498688582605444,-0.00235728029498006,-0.00372700690456274,-0.000611735411721881,-0.0011522261183865,-3.61732072571286e-05,-0.000472100724372204,-0.00128074994752314,-0.000166179407129263,4.23683668868691e-05,-0.000103468120309813,-0.00340651149579374,-0.00255402442346764,-0.0064523622391377,8.64369566215828e-05,-0.000118899449231158,-4.10937468293682e-05,-0.00583649209962989,-3.72583085352929e-05,8.63255105838512e-05,-0.00851224514016202,4.23683668868691e-05,-0.0054107446355558,-0.00378698331216309,-0.00134031559045589,-0.00131023089679605,-0.00248510594141571,-0.00631629259817235,-0.000215328160564354,-0.0105028865987267,-0.000190566041765372,-0.000184146909041338,-0.000213365759695883,-6.98439724731159e-05,0.000307952118969723,-0.00891692447417824,0.000147003931588507,8.64369566215828e-05,-0.00226282304208159,-0.0048230671827203,0.000146169040632138,-0.000164655784064216,-0.0036355412288307,0,0.000250753564770001,-0.00155996819528426,-0.00392176102062081,-0.000113909134709544,-0.00343777655570587,0,-0.0054569880881421,-0.00330820101871421,-0.00519960772988259,4.7250053477832e-05,0,-0.00418623854264899,-0.00885322110651821,-0.000590579859384377,-0.00235728029498006,-0.00182222051308223,-0.00071289843000244,-0.00221400321935228,-0.00304382834392225,-0.000734036332650234,-0.00133273398868905,-1.5932125323026e-05
"3:69227497:A:G",-0.00155708782113262,-0.00124220875861081,-1.18990821107445e-05,-0.00236298590043837,-0.00241909504891957,1.76536467906274e-05,0.000476511807596225,0.126376183958403,-1.33980358771879e-05,-2.61897591249394e-05,-0.00194627869532749,-0.000289099709395835,-0.00156055435482028,-0.00157890821684159,-0.00234535246381551,0.000123915698480026,4.07384542366884e-05,0.000537125513242032,-0.000186115492695649,-1.18990821107445e-05,-0.00143311913686262,-6.88082698587777e-05,-7.45522085381367e-05,-3.05491772314426e-05,2.70479430177772e-05,-0.00320028648540571,-0.000207766041887325,-0.00160313481532626,2.20877740915171e-05,-0.00145702888033661,-0.000231287215818554,0,-0.00105343652049594,-0.00114500280656937,6.44395097708639e-05,-9.43637105343953e-07,-9.57595880279882e-05,-0.000142017575109676,0,-5.24504298091699e-05,7.0027412275131e-05,-1.48812358506945e-05,-0.00735778731848846,0.000103346200663879,0.000173292891002319,-0.00142230324428194,2.20877740915171e-05,-0.000987789263923844,-3.4769546203961e-05,-0.00123150576279585,-0.000307140422836305,-0.00117604060893228,5.49598900079218e-05,-1.92387352653256e-05,-0.000142017575109676,-0.00100669274590981,5.23907082152775e-05,-0.00147998577578168,-0.00038114349322349,-9.35418642269426e-05,-1.78013482541317e-05,-0.000177591614610506,-0.00156021971384757,6.08072769630041e-05,2.0467961396875e-05,-5.63383461535949e-05,-0.00580684159683909,-0.00161522893568655,-7.69303471299665e-05,-5.37604202204278e-05,-0.00145277017304846,-9.57595880279882e-05,1.52241571704792e-06,-0.000716646348352334,-1.33980358771879e-05,-0.0037543343912283,4.61469325063746e-06,-6.67407573793355e-05,-0.00020112055697119,4.59351775035088e-05,-0.00145277017304846,-0.00159044156026233,-0.00558956253981169,-7.45522085381367e-05,2.0467961396875e-05,-0.00133291143033709,-0.00228041298996695,0.000134669375786878,-4.17788903206429e-05,4.24531527150052e-05,-5.37604202204278e-05,-1.92387352653256e-05,0.000220039275980355,-0.00139606467949704,-0.000799310625341221,-9.57595880279882e-05,2.0467961396875e-05,-0.00373566740653253,-0.00172364392275792,0.000192858563793585,4.41853060593189e-05,-0.00203447157338665,-5.11261164799492e-05,4.94891537092812e-05,-0.000118369978755695,9.37543464019086e-06,-0.00236857205031882,-9.46568925623836e-05,-9.9492248521571e-05,-0.00385209041588119,-0.00331599181338893,-0.00153617754827895,4.24531527150052e-05,-0.00127668947122395,-0.001764800706896,-0.00347640042628594,0.000141127245244732,-0.000129229042460821,0,-7.45522085381367e-05,-3.1971087394389e-05,-3.61465709701747e-05,-5.11261164799492e-05,-0.00161522893568655,0,-0.00515250795823174,-1.63489267341888e-05,-0.000956346416445264,-0.0031867580358993,0,-0.00316021003470635,-0.00708629030120189,-0.00160780063198018,4.61469325063746e-06,-0.000508177359842321,-0.000250074740307582,-0.00135846176048027,-0.00505932265747866,-0.000417132594343173,-7.33435193742693e-05,-0.000604079696880255
"3:69233139:T:C",-0.00416164646526873,-0.00151467804103689,-2.85644279873765e-06,-0.00287227968615511,-0.00885703314592945,4.67947329152452e-06,-3.00137281872281e-05,-1.33980358771879e-05,0.176114042543221,-6.38792387253062e-06,1.60028430382653e-05,-0.00215244804686776,-0.00172742901852185,9.89423145814072e-06,-0.00869525024207185,2.84817992080022e-05,9.97833832716566e-06,-3.00137281854518e-05,-0.000427333849772005,-2.85644279873765e-06,-0.000162410571267202,3.64109386925549e-05,-1.93782380772944e-05,-7.6121570797838e-06,6.78625804262367e-06,-0.00188867911518109,-0.000765911770788996,-2.02434457818867e-06,5.50463292636749e-06,6.03006268917738e-06,-1.14015295613612e-05,0,-0.00513688809648194,-1.75279577963039e-05,1.55588045096522e-05,1.19144409893579e-07,-2.52104141740261e-05,-3.84485318205563e-05,0,-1.33980358771879e-05,1.6899969423001e-05,-3.67455191074839e-06,-0.00205258092985794,-0.00564399736912957,-0.00307514618749583,-0.0041406729535014,-0.00528003664475118,-4.90333515132946e-05,-8.80425685600983e-06,-1.18365816517141e-05,-8.86611923061054e-05,-0.0032715243113639,1.35120340694073e-05,-4.87614766786493e-06,-3.84485318205563e-05,-0.00299412050785985,1.3174489839507e-05,-0.000329665456989758,-0.00293943769076144,-2.45230237867489e-05,-4.47897512412254e-06,-0.00245578384729939,6.03006269006556e-06,1.46797007145594e-05,5.08393166676058e-06,-1.45320244060443e-05,-0.0119489891289621,3.37114179780329e-05,-2.00940815213713e-05,-1.37794909722544e-05,-1.17794829890272e-06,-2.52104141740261e-05,4.084350075928e-07,-0.00232183693250043,-3.26722690680015e-06,-0.00595591698380549,1.23522016881594e-06,3.69063668239633e-05,-2.04469865048296e-05,1.12795477162919e-05,-1.17794829890272e-06,-3.16939459565901e-07,-0.0115747105438286,-1.93782380772944e-05,5.08393166676058e-06,-6.38792387253062e-06,-0.018806566125031,3.07519393896172e-05,3.10989601874923e-05,1.04089365695614e-05,-1.37794909722544e-05,-4.87614766786493e-06,4.60489679188214e-05,2.35698524875261e-06,-0.00234999733903063,-0.000603660756572921,5.08393166676058e-06,-0.00267645132133953,2.98373359557402e-05,-2.93204471732977e-05,1.08426654872318e-05,3.30754028254887e-05,-1.30130628201997e-05,1.21628615339375e-05,-0.00107100775466762,2.50068447016361e-06,4.73007592658448e-05,-0.00112618222864036,-0.00114438403005224,-0.00127921073232162,-0.00261956815060138,4.84984129967003e-05,1.04089365695614e-05,-0.00631940484740223,-0.000160506751195832,-2.12546851319217e-05,3.19239104458191e-05,-0.00237799175081221,0,-1.93782380772944e-05,-0.0030789201853656,-9.19467847904087e-06,-0.00144056992410668,3.37114179780329e-05,0,-0.00221981476456978,-4.07845553240804e-06,-0.0065784034734131,-8.53279879109436e-06,0,-0.00154896009757621,-0.0112886065193267,5.54761834150597e-05,1.23522016881594e-06,-0.000788342003954057,-0.0045239525780012,2.96779000761305e-05,-4.50041756039354e-06,-0.00178932402026799,-1.90152092685025e-05,-1.80857207618956e-05
"3:69233296:C:G",-0.00419914287717349,-0.00284890395162485,-5.6101275642817e-06,-0.00141922671537831,-0.00194089549148924,8.81302827338004e-06,-0.0034954100047706,-2.61897591249394e-05,-6.38792387253062e-06,0.227695384037488,3.03410641135926e-05,-0.00410196758584025,-0.00199089336092673,-0.00211350380771691,-0.00188188879747297,5.32349020110345e-05,1.90494550658116e-05,-0.00340957107175921,-0.000102096978959132,-5.6101275642817e-06,-2.4091781227753e-06,6.71121304467448e-05,-3.79557266443342e-05,-1.48800155725937e-05,1.29383732057065e-05,-0.00489904415216547,-0.000765401920946651,-4.03535237936126e-06,1.05363070046494e-05,-0.00178032191212907,-0.00368394692555452,0,-0.000683008821772191,-3.44243961123425e-05,2.95221756481112e-05,-0.00541903518319042,-0.000990561868563056,-7.59052294325713e-05,0,-2.61897591249394e-05,3.19934320227588e-05,-0.00163539840221727,-3.56293924017592e-05,-0.00146644696509757,-0.0101335159155571,1.13677881525831e-05,1.05363070046494e-05,-9.76733850768241e-05,-1.71458392408397e-05,-2.32149194969722e-05,-0.00104300269330082,-0.00141459690148071,-0.00456858567724261,9.52381576961869e-05,-7.59052294325713e-05,-0.00681721145023495,-0.0014023012024813,-0.00240619253550012,-0.00522599210779262,-0.00420578764830637,-8.68369192374985e-06,-0.00180481921845121,1.13486646391436e-05,2.78989799697982e-05,9.74702235634339e-06,-2.83513882273212e-05,-0.0104626050392618,6.24933539938866e-05,-3.93223684698185e-05,-0.00124643117094525,-0.00176076037699247,-4.95226169565655e-05,7.70812197181669e-07,-0.00845811754081982,-6.38792387253062e-06,-0.00123064886860735,2.33025730711489e-06,6.80035465761009e-05,-3.99961944870242e-05,-0.00297706681228505,-2.43458346371739e-06,-0.0019001379909902,-0.010137163959528,-3.79557266443342e-05,9.74702235634339e-06,-1.25547656555369e-05,-0.000557520388165145,5.72571671986211e-05,-0.00180463098823047,1.9851576788632e-05,-2.69167875597276e-05,9.52381576961869e-05,8.31391622835298e-05,-3.28300104728285e-05,-0.0137611865697824,-4.95226169565655e-05,9.74702235634339e-06,-0.00555788626966836,-0.00124923258691378,-0.00447655268324532,-0.00150369327013067,6.13356924024089e-05,-0.00302973968023235,-0.00182535505514814,-6.22271180024114e-05,4.71473462049232e-06,-0.000167472626658061,-4.88696551546042e-05,-0.00109981454099106,-0.00264069599849215,-0.00242429557688384,8.69195717303484e-05,1.9851576788632e-05,-0.00200428164042954,-0.00990593149837782,-0.00142050911655733,5.93715245216231e-05,-0.00605316820361601,0,-0.00110376329865769,-0.0029267865076319,-1.78882452344098e-05,-2.54561393457919e-05,-0.00115330768984201,0,-0.00204784391192314,-7.92464440024787e-06,-0.00318418036928847,-8.16681162127963e-05,0,-0.00752910654707506,-0.00511925646483169,9.64675360544121e-05,2.33025730711489e-06,-0.00465863367680175,-0.0051160045855676,-0.00283115854224114,-0.00236235332948898,-0.000974871354182394,-3.72627440379247e-05,-0.0032488522234555
"3:69233391:A:C",-0.00725686748561838,-0.00148076106219364,1.35163238939029e-05,-0.0048824347148626,-0.000209254804321546,-2.95620014840736e-05,-0.00120644632125355,-0.00194627869532749,1.60028430382653e-05,3.03410641135926e-05,0.168011608117762,-0.00417556778204631,-0.000259393812669373,-0.0038403160063698,-0.000247110267495465,-0.000183780008791601,-5.71441367256398e-05,-0.00125447482716456,0.000226833076177435,1.35163238939029e-05,-9.41920239805327e-05,-0.00437138671600046,9.45868640158665e-05,-0.00161955750922349,-3.94381423136636e-05,-0.00377322128691926,0.000249289617309856,8.44982146830375e-06,-3.10912649359452e-05,-3.83640214796088e-05,4.93875508054131e-05,0,-0.0104945487205432,-0.00166907336829425,-9.25672100295927e-05,-4.78977261320068e-06,-0.00261289624498495,0.000177119981079166,0,-0.00194627869532749,-0.000102249560550938,1.84589672036495e-05,-0.00041082659435876,-0.000645281740372816,-0.00470465648059282,-4.35853845557332e-05,-3.10912649359452e-05,-0.00188848273191233,4.45399261010948e-05,-0.00155489673999742,-0.00219630595928422,-0.00164190465980329,-8.14637223047754e-05,2.56504295226279e-05,0.000177119981079166,0.000138164199111834,-0.000103631377470492,2.28286075509843e-05,-0.00120480818711144,-0.00212426291258527,2.32822276027278e-05,-1.64636700157317e-05,-0.00114937130101911,-8.63097434855575e-05,-2.83762147370581e-05,7.26791276983718e-05,-0.00033358878680545,-0.000227384797016228,-0.0036079762764647,-0.00216270326263945,-0.00349273835834474,0.00012068080181038,-2.5251342048449e-06,0.000195927161406928,1.60028430382653e-05,-0.000783194358102257,-7.66804448382175e-06,-0.000258134592659331,0.000100426494248573,-6.59816364070309e-05,-0.00130615487172392,-0.00363945608934735,-0.000210744989449729,9.45868640158665e-05,-2.83762147370581e-05,-0.00143415786196233,-0.000974433676036668,-0.000203452517425262,-0.0013059981626995,-6.00539304391745e-05,6.84414173433012e-05,2.56504295226279e-05,-0.000351543300123325,-0.000451311943976407,-0.00197011927051349,0.00012068080181038,-2.83762147370581e-05,-0.000444752977554863,-0.000195431698057469,-0.00415330938775771,-6.29995425933672e-05,-0.000224449489945044,-0.00180045745197965,-0.000781968126371879,0.000148370304104084,-1.56226456891062e-05,-0.000367707977846798,-0.00232388582907905,-0.000280108917245059,-0.000432281176703242,-0.00606225461205501,-0.00038120398620034,-6.00539304391745e-05,-0.000161676489415896,-0.0121712975342509,-0.000420016410107138,-0.0106519834456291,0.000155036885649551,0,9.45868640158665e-05,3.99240642607879e-05,4.68058097844448e-05,-0.00180045745197965,-0.000227384797016228,0,-0.00861358798359912,2.08852489622657e-05,-0.00011540119387643,-0.00042236273054197,0,-0.00380986696664998,-0.00430090659619076,-0.000696234333800838,-7.66804448382175e-06,0.000148370304104084,-0.00650187576139505,-0.000949725932255063,1.38799282645152e-05,-0.00135925023070982,9.25922002572577e-05,-0.00638320038224549
"3:69234904:C:G",0.000787764624539999,-0.000124924457995057,-0.00476169663077908,-0.0015848126369189,-0.00023617070754689,-0.00268498068555356,-0.00106727027121511,-0.000289099709395835,-0.00215244804686776,-0.00410196758584025,-0.00417556778204631,0.210405726994807,-0.00132501597471446,-0.00322967832347398,-0.000322769226583475,-0.000801962336426598,-0.000172550679968353,-0.00126918862156611,-0.00115168488108175,-0.00476169663077908,-0.000321509080107418,-0.00131165893762741,0.000265196688594038,-0.00425165273589023,-0.000124900510582115,-0.00615650147339064,-0.00048366965498392,-0.000795266127100014,-9.48364438366767e-05,-0.000140145008048265,-0.00435448283989359,0,-0.00189112080616916,-0.00202212338847296,-0.000914688375578621,0.0008437319327399,-0.00690131202842714,0.000495760681323176,0,-0.00370136332249071,-0.000320765247494137,4.90764765732621e-05,-9.47608486048246e-05,0.000985145572664159,0.000394210123188632,-0.000228024957941386,-9.48364438366767e-05,0.000193324807758799,0.000124466295567949,-0.0019564226895854,-0.00542511001274715,0.000150821998415207,0.00223730976296466,7.45713478531584e-05,0.000495760681323176,-0.0012021512362228,5.06021363850806e-05,-0.000260996500328403,-0.0115822100667011,0.000325011381627327,6.61981348804019e-05,-0.0028593099062606,-0.00111146008804131,-0.000262361071797557,-8.51109355171076e-05,-0.000631462495270796,-0.00429885852586853,-0.000293123147281804,0.000278970641297782,-0.00599077155663519,-0.000651738862082141,0.000338012730739301,-8.97298244151301e-06,-0.000835746567393159,4.03224889300446e-05,-0.00448195850850919,-2.73218129649422e-05,-0.00154178401713434,-0.0018444239922486,-0.000204561132969516,-0.00180785992887333,-0.000828246155152534,-0.00348021601182857,0.000265196688594038,-8.51109355171076e-05,-0.00188524300706039,-0.00189441153773684,0.00106000928637595,-0.00757827341858963,-0.000183060784561206,0.000191294589758861,7.45713478531584e-05,-0.000526922463468971,-0.00183829938326863,-0.00717667529699106,-0.00112022047140048,-8.51109355171076e-05,-0.0027560154133921,-0.000175773825086267,0.000202174604133631,-0.00019372975301124,-0.000614242658789621,4.16197132704355e-05,1.10626289480109e-05,-0.000800624792401727,-0.00254147271529526,0.000682040402542938,0.000331560821651422,-0.00290528541966673,8.10888382902775e-05,-0.00429229734056769,-0.000229289922359044,-0.000183060784561206,-0.00706887685075852,-0.000714274108729818,-7.53073794754755e-05,-0.00989403520073484,-0.000376151154525495,0,-0.00272791943653417,-0.00305561974379653,-0.00153852182019065,0.000175887772416061,-0.000293123147281804,0,-0.00512605696484014,-0.00200720682245947,-0.00873765108239155,-0.000339019193622114,0,-8.16577504241245e-05,-0.00597416796194672,-0.00637072156341389,-2.73218129649422e-05,-0.00217922428656703,-0.00272489551874555,-0.00316076337153692,1.30528257846763e-05,-0.000465090620152875,-0.000159239119532195,-0.0014802976288415
"3:69235205:A:G",-0.00802416571313413,-6.04863561397551e-05,-0.00207512265571363,-0.00293995655223345,-0.0101204805075898,-0.00346264903371996,-0.0196619568332244,-0.00156055435482028,-0.00172742901852185,-0.00199089336092673,-0.000259393812669373,-0.00132501597471446,0.36207292674891,-0.00175220168760504,-0.00973590525665546,0.000801031925091955,-0.000150989264763091,-0.0192553746400215,-0.00102891479396661,-0.00207512265571363,-0.00547104005572407,-0.00633936660590795,0.000232331764687288,-0.00185766045705815,-0.00160387850478116,-0.000486868833290188,-0.00165269441669924,7.56267319168558e-06,-8.2653885814743e-05,-0.00155311621395793,-0.0178864433140253,0,-0.00332432815417727,-0.00214770597974479,0.000188721447585749,-0.00210986921089429,0.000295442158900094,-0.000177833064337385,0,-0.00156055435482028,-0.00140018746278248,-0.00237560922208946,-0.00965202189265035,-0.00117935293777194,0.000321427656970297,-0.00643401797555754,-0.00572951673936828,-0.00268189307246747,-0.000126522994810863,-0.00207202133360074,0.000326862046835963,-0.00242429654031584,-0.000226739873051329,6.52552257349726e-05,-0.000177833064337385,-0.00498196818178087,-0.00209187939961186,-0.00288615012457516,-0.0106715792477763,1.0010445574693e-06,5.81956226222147e-05,-0.0118972844871914,-0.00243557377549575,6.61311866130276e-05,-7.4387206201898e-05,0.000180595022948538,-0.00295241012776426,-0.00029988970154271,0.000243779302255831,-0.00266019995832334,-0.00190359739590651,-0.00105939675405509,-7.59663751548345e-06,-0.00551828553281908,-0.00348351976080252,-0.00204448599637752,-0.00196659994106252,-0.00818429335270565,-0.00705337379458015,-0.00017830451247125,-0.00190359739590651,-0.00174664516346734,-0.00374935849522195,-0.00124786727443738,-7.4387206201898e-05,-0.00199089336092673,-0.00361152345404525,-0.00251077700574953,-0.00732983644826124,-0.000819870665774047,-0.00146638187113091,6.52552257349726e-05,-0.00528960731539829,-7.0884302189711e-05,-0.00695437428215495,-0.000236811236860923,-7.4387206201898e-05,-0.0052532115048467,-0.00128969700568771,0.000165064787388758,-0.00114568081727384,-0.00010208981191262,0.000155225114881752,-0.000197225591607619,-0.000631653570029478,-0.00339403971694541,-0.000648363512103067,-8.85694133874182e-05,-8.41592262270652e-05,-0.0029060063211519,-0.00925742654355588,-0.000939764632117424,0.000617422778040222,-0.0059938754129254,-0.00197904969213569,-0.00194928472652212,-0.000707230297654959,-0.00703715253563786,0,0.000232331764687288,-0.00394963941345239,0.000116338148873574,2.94676493579615e-05,-0.00129131648417413,0,-0.00440262640111744,5.10303273939527e-05,-0.00488631160949371,-0.00134668277673278,0,-0.00617702605255577,-0.00787415632788235,-0.000562902619780203,-0.00196659994106252,-0.000750611042285243,-0.00183567356700465,-0.00328923094275924,-0.00103485610754461,-0.00208693990865738,-7.57315615853571e-05,-0.00178999733079621
"3:69235287:C:T",-0.00216334700334331,8.86871484793161e-05,8.47667797554408e-06,-0.00348032065261616,-0.00541124589567854,-1.74009018092391e-05,-0.000495244766714364,-0.00157890821684159,9.89423145814072e-06,-0.00211350380771691,-0.0038403160063698,-0.00322967832347398,-0.00175220168760504,0.180466177410588,-0.00554989568012143,-0.000119983377000032,-3.54184280633163e-05,-0.000552017535476068,0.000122014385540936,8.47667797554408e-06,-0.00186426140668772,-0.00161356021228798,5.49930634612394e-05,2.27757960340469e-05,-0.00365726272562217,-0.000952432054284635,0.000132434016942184,-0.00071751418604471,-1.89864775759219e-05,-0.00472505818964652,-0.00186872645097225,0,-0.00362498428162361,4.96843197232977e-05,-5.81469676470547e-05,-0.00208928788634566,6.91388251228275e-05,9.8056960829318e-05,0,3.92434759577398e-05,-0.00276700487483605,1.12909518650284e-05,-0.0138554322664364,-0.000631291227898068,-0.00176411169835955,-0.00461209791310857,-1.89864775759219e-05,0.000116956347851804,2.66275818336936e-05,3.44488099450757e-05,0.000174041622061694,-0.000452180230300137,-0.00259870850491151,1.53604416412989e-05,9.8056960829318e-05,-0.00155166854389588,-0.0029671193340004,1.4530462159712e-05,-0.00190046649842035,6.73026786115472e-05,1.40236360062218e-05,-0.00182952343643894,-0.00180087575787269,-5.41824299880034e-05,-1.73616043488423e-05,4.26575978931254e-05,-0.000216549812535938,-0.000150828859720065,5.70096779810569e-05,4.03982249759238e-05,-0.00218061874277886,6.91388251228275e-05,-1.4669584222915e-06,-0.000441872006071264,9.89423145814072e-06,-0.002117019404559,-4.46593639846782e-06,-0.00136029323536313,5.79963496942781e-05,-4.08742713258192e-05,2.58892066362648e-06,-0.00232503750761737,-0.000124800200965502,5.49930634612394e-05,-1.73616043488423e-05,1.87474014481381e-05,-0.00578908889776075,-0.00358051243766688,-0.00177625992667352,-3.72100475827253e-05,4.03982249759238e-05,1.53604416412989e-05,-0.00253215719139277,-1.94892345843911e-05,-0.0107452340653551,-0.00129629866500292,-1.73616043488423e-05,-0.000950989867621654,-0.000959431931238264,7.78632113469513e-05,-3.90284691880183e-05,-0.00306734720560531,-0.00249446204046855,-4.46504128399638e-05,-0.00104083154737644,-8.14780153923778e-06,-0.000478562535626281,-0.00140128021630925,-0.00203760506737805,-0.00150187061037244,-0.00129739521665506,-0.000719069516664561,-3.72100475827253e-05,-6.61828926507013e-06,-0.00279815896877711,-0.000378946891033571,-0.000139324226108073,8.78883263908392e-05,0,5.49930634612394e-05,2.40787871002013e-05,-0.00154942986575435,-0.00175825767224502,-0.000892898206243053,0,-0.0063318785776354,1.26672778106851e-05,-0.000145757927350054,-5.63505331916403e-05,0,-0.00120549994883179,-0.00146284840710198,-0.000355812045805592,-4.46593639846782e-06,-0.00104083154737644,-0.00563263445264228,-0.00337374907174492,-0.000413515302910561,-0.00928573307407143,-0.0063787224356302,5.464288697965e-06
"3:69236410:T:C",-0.00508133282237422,6.89988140747388e-05,2.77695615977791e-05,-0.000315883280004314,-0.000423853451219536,-9.59374533193724e-05,0.000201997992477665,-0.00234535246381551,-0.00869525024207185,-0.00188188879747297,-0.000247110267495465,-0.000322769226583475,-0.00973590525665546,-0.00554989568012143,0.333144318032154,-0.00104941722879204,-0.000143395423784831,0.00017936913212413,-0.00130226206957129,2.77695615977791e-05,-0.00432382420291866,-0.000831311730886242,-0.000191281330280901,-0.00205582203188026,-0.00303363885963748,-0.000711736443022915,-0.00193033156118005,-0.00184793346832635,-7.82098073512927e-05,-0.000367284275713864,-0.000570082582662224,0,-0.00120664305292228,-5.98628378973842e-05,-0.000852383364097875,-0.00126744623044317,-0.00119711905521225,-0.000327253407949257,0,0.000152375204861777,-0.00359063194763554,-0.00212171498488178,-0.00858126409280624,-0.00957775751884338,-0.00496955879887473,-0.00792527661952036,-7.82098073512927e-05,-0.000373422000912171,-0.00261284586030808,-3.25230290263434e-05,9.87883785290578e-05,-0.00592793335146435,-0.000921877352442202,6.15252448996628e-05,-0.000327253407949257,-0.000147458150510538,0.000261753421373356,-0.00575093666624937,-0.00188257153115323,-0.00139327526909749,-0.000374839955957107,-0.000803354646742527,-0.00169647015089502,0.000855349756614388,-7.04379547542544e-05,-0.00127141202274039,-0.00947645067838909,0.000198203862208146,-0.00396637907279462,-0.00359948718026093,-0.0022983583526397,-0.000270916324322634,-7.08824474138225e-06,-0.000410027819434333,-0.00471007230639664,-0.0103127679775055,-2.16038487774739e-05,-0.000175676407315528,0.00023329031941266,-0.00370653200156568,-0.00179035008107853,-0.000182709071241405,-0.00934143619597183,-0.00276240150182971,-7.04379547542544e-05,2.57146491904336e-05,-0.0116441614499649,-0.00826670209427949,-0.000103810597601672,-0.00537210548529998,-0.00255852613860874,6.15252448996628e-05,0.0013103652355877,-0.00234589497053861,-0.0107214377481806,-0.00159643625485018,-7.04379547542544e-05,-0.00931083195615301,-0.00113099120101889,-0.0009144334359803,-0.00016051352880897,-0.00106606495497186,-0.000386731052781641,5.87717283853095e-05,-0.0016221192303334,-0.00516130573310392,-0.010623675786877,0.000271306656179249,-0.00343769410142736,-0.0019313420561291,-0.0068218394818329,-0.00017375038229428,-0.000698745216546115,7.35733630881086e-05,-0.0078603047760426,-0.00327778098870279,-0.00338767069822055,-0.000499443277721667,0,-0.0013810109748098,-0.0019262300282179,-0.00157745163550604,-0.00220284123379422,-0.00155086199762877,0,-0.00616736283808139,-0.00203298766834159,-0.00188981432238222,-0.00300670829314686,0,-0.0054540423277798,-0.00300096150481544,-0.00069951780475197,-0.00267355131389824,-0.000269309489127068,-0.00128385321402247,-0.0170201446476201,-0.00165948580286113,-0.00617698922070753,-0.00338098068072235,-0.00123777256321667
"3:69238181:T:C",-0.00379283803246722,-0.00145135898827498,-0.000904800136966699,-0.000547829444051295,-0.00108260709464592,-6.15953618936516e-05,-0.00492703695916497,0.000123915698480026,2.84817992080022e-05,5.32349020110345e-05,-0.000183780008791601,-0.000801962336426598,0.000801031925091955,-0.000119983377000032,-0.00104941722879204,0.14224377090502,-0.000109099423322156,-0.00488519454202052,0.00043570944158855,-0.000904800136966699,-0.00197468445807836,-0.000554119571695821,0.000178664699247655,6.85670529598781e-05,-7.7145383598598e-05,-0.000347048850894538,-0.00225000728677394,-0.000785696323039708,-5.98803740050613e-05,-0.000718501307621189,-0.00518899402914386,0,-0.00211002024976104,-0.0016204318341293,-1.4004538312129e-05,-1.51870744549143e-05,0.000228851150020581,0.000339401075826196,0,0.000123915698480026,-0.000197015166502723,3.36453839233641e-05,-0.00345844865812595,-0.00101026515723213,-0.00359169135510218,-0.000718297070728902,-5.98803740050613e-05,0.000406797209734577,8.33463007854363e-05,-0.00163161332262618,0.000672696654172356,-0.00400311001784281,-0.005810603237423,4.87706044438596e-05,0.000339401075826196,0.000260051464449518,-0.00051245050346882,3.7318244989315e-05,-0.00166388555205543,0.000220761489574173,4.37887024906658e-05,-0.00171672378884136,-0.000607209918096707,-0.000164521403758222,-5.42617537089285e-05,0.000137624515597068,-0.00127108707003121,-0.000432618888685177,-0.00408068864456723,0.00012854061255485,1.69883024181416e-06,0.000228851150020581,-0.00242590799951614,0.000373526441511451,2.84817992080022e-05,-0.005994212550684,-1.59923408853402e-05,-0.00049364305783417,0.000191324947732774,-0.000127247221725746,-0.00167799959081361,-9.48742772255429e-06,-0.00123420741644864,0.000178664699247655,0.00139464635659969,-0.00164988936946919,-0.00549451318766891,-0.000122798442964367,-0.000416940889190975,-0.000115076212447107,0.00012854061255485,4.87706044438596e-05,-0.000374415312232479,-0.000742167934201454,-0.00486836575944594,-0.00192291558788682,-5.42617537089285e-05,-0.00339119448871195,-0.000372736712124677,-0.00109612128377368,-0.000121125042088721,0.00108205395443495,0.00011923412131587,-0.00013971702947746,0.000282771112938285,-0.00166125881245272,-0.000411452350701502,-0.00435081587419273,-8.19877321456275e-05,-0.00475606604657663,-0.00250502161800981,-0.000217992780993548,0.000397520532823492,0.000549923738441649,-0.000269064280020714,-0.00390796932686932,0.000756897937988832,-0.00146939578134386,0,0.000178664699247655,7.35534083435851e-05,8.81549855398234e-05,-0.00478238132102593,-0.000432618888685177,0,-0.0023348732097368,3.87473193592669e-05,0.000683975665362269,-0.00322130460186809,0,-0.0017086783655138,-0.00343570454781972,-0.000299342622376741,-1.59923408853402e-05,0.000282771112938285,-0.00915814678760629,-0.000809227302942084,-0.00236184950057616,-0.00498693976578135,0.000174341752138041,-0.000759985684666731
"3:69241723:T:A",-0.000276691890806369,9.72821574087845e-05,8.53578565429558e-06,-0.000168606812882111,-0.000121457354124388,0.000247754527348931,8.32804560424449e-05,4.07384542366884e-05,9.97833832716566e-06,1.90494550658116e-05,-5.71441367256398e-05,-0.000172550679968353,-0.000150989264763091,-3.54184280633163e-05,-0.000143395423784831,-0.000109099423322156,-0.00667908228586533,8.32804560433331e-05,0.000140521960627638,8.53578565429558e-06,-5.31668764853777e-05,-0.000149964698951344,5.80739983631062e-05,2.32475340036231e-05,-2.3481808076653e-05,-9.81443809937588e-05,0.000154936672332795,5.59905194119636e-06,-0.00120277115958967,-2.21629584284955e-05,3.18405633841223e-05,0,3.47118095875842e-05,5.21121455347995e-05,-5.53164421326358e-05,-2.0587637905578e-06,7.41986006405071e-05,0.000109169612405147,0,4.07384542366884e-05,0.0011009179121011,1.14040826559858e-05,0.000253855897768496,0.000404439074722873,0.000438738267073191,-2.43640511126131e-05,-0.00120277115958967,0.000133414119529718,2.72986605045489e-05,3.55562729028591e-05,0.00021978869463446,-9.74984586790129e-05,-4.83142698630701e-05,1.5583353294879e-05,0.000109169612405147,8.53722275380164e-05,-4.84254560202402e-05,1.46962787272997e-05,0.000205321621556287,7.20453333400428e-05,0.00206951699847391,-7.94570155093766e-06,6.93460282965574e-05,-5.1724587669888e-05,0.00205388993281996,4.44670642600897e-05,0.000170291375674481,-0.000134315348737424,6.03616421086528e-05,4.19959320572261e-05,-0.000103647917810257,7.41986006405071e-05,-1.46471590767305e-06,0.000121274343683808,9.97833832716566e-06,0.000136988575402341,-4.44527560539143e-06,-0.000151595966215723,6.1485620089563e-05,-3.94218642831845e-05,2.5914021897222e-06,6.53278177979999e-05,0.000147436507583976,5.80739983631062e-05,-1.7091781562506e-05,1.90494550658116e-05,0.000508958729356301,0.000763604031370768,-0.00012441936903862,-3.60093574531817e-05,4.19959320572261e-05,1.5583353294879e-05,-0.000205379959937524,-1.0202349255195e-05,0.000406036200260473,7.41986006405071e-05,-1.7091781562506e-05,-7.82610722431798e-05,-0.000115700156446685,8.43359753366357e-05,-3.77056539893061e-05,-0.000132074809886085,-0.000621316365100988,-4.29154458370107e-05,9.13343767479091e-05,-9.04847668792286e-06,0.000685686217146042,7.31283497383828e-05,-7.17389846691674e-05,0.000116298750712396,-1.7328788040949e-05,-0.000222339022804441,-3.60093574531817e-05,-9.69312077518936e-05,-9.21214876701271e-05,6.16839119160772e-05,-0.000125085218884102,9.62868091942681e-05,0,5.80739983631062e-05,2.46138519592876e-05,2.86177059987125e-05,3.9466021089396e-05,-0.000134315348737424,0,0.000198609874855649,1.28133107599737e-05,-0.00017055602283822,2.44005480221077e-05,0,-7.9697714562954e-05,0.000283430651432326,0.000709115049712494,-4.44527560539143e-06,9.13343767479091e-05,-4.33294828887654e-05,9.10914716598654e-05,1.04103308746772e-05,-9.25627500096837e-05,5.69098626526099e-05,-0.000234364349612548
"3:69242258:C:T",-0.00902730101002769,-0.000393819245613436,-0.00260348896601581,-0.00134036076777022,0.000155364345336473,3.31857230779775e-05,0.00387840342689749,0.000537125513242032,-3.00137281854518e-05,-0.00340957107175921,-0.00125447482716456,-0.00126918862156611,-0.0192553746400215,-0.000552017535476068,0.00017936913212413,-0.00488519454202052,8.32804560433331e-05,0.263202739500631,-0.000433969152390468,-0.00260348896601581,-0.00942502291414726,-0.00214327988216834,-0.000166179407129263,-6.81496727557018e-05,5.46363138438366e-05,0.000112661536285863,-0.00488132553967624,-0.00146977513465263,4.53927557355627e-05,-0.00363392120335071,0.00135873335362913,0,-0.00156836744300515,-0.000277972618433431,-0.00390731118425514,-6.46389357772392e-06,-0.000771723288002235,-0.000324122112004055,0,-0.000116417664662194,0.000139330950365668,-3.28253145216451e-05,-0.00718843604608654,-2.60083652303678e-05,0.000229455097184861,-0.00386008515029346,4.53927557355627e-05,-0.000246049434048601,-0.00337501026535403,-0.000189655134359867,-0.00350281158916665,-0.00520863472424526,0.000109341770657245,-4.109374682848e-05,-0.000324122112004055,-0.000474898560670844,-0.0041000205349544,-0.00579635292598901,-0.00051801480197522,-0.000211312351774851,-3.83649321529234e-05,-0.00208056276153723,2.45227621276101e-05,0.000122706705559139,4.23683668868691e-05,-0.000996805861412042,-0.00181607249018967,-0.00522232073776063,-0.000170641919678083,-0.000404520057956326,-0.000294348430750269,-0.000215396197628337,2.87269807497381e-06,-0.000938948767899461,-3.00137281854518e-05,-0.00567296542217965,-0.00240530880089196,-0.00393857477458948,-0.000569892994579213,-0.00287665238076329,-4.32019871103861e-05,-0.00043600578027192,-0.00140591374687471,-0.000166179407129263,4.23683668868691e-05,-0.000110496900162182,-0.00403341023791626,-0.00265092412637635,-0.00673496876967761,8.64369566215828e-05,-0.000118899449229382,-4.109374682848e-05,-0.00575065316661938,-5.18118882997243e-05,-0.000378863677660934,-0.00860914484306985,4.23683668868691e-05,-0.00502772828879516,-0.00393362700398114,-0.00139708835921759,-0.00135825940270884,-0.0024082309524287,-0.00641319230107928,-0.000272100929326946,-0.0105997863016363,-0.00191499230414216,-0.000271178293429486,-0.000213365759694994,4.35824444480204e-05,-0.000469961403599228,-0.00888240056263845,3.95826389611997e-05,8.64369566215828e-05,-0.00185273025384092,-0.00490877568029946,-0.000631744481936813,-0.000212684289975229,-0.00327158471365063,0,0.000243724784917632,-0.00151812577813981,-0.00396978952653271,-0.000113909134709544,-0.00358442024752215,0,-0.00578856497128966,-0.00335622952462522,-0.00487607803058587,-2.68430255934149e-05,0,-0.00442794450274064,-0.00656245359185581,-0.000749587717769451,-0.00240530880089196,-0.00173638158007172,-0.00157160314125537,-0.00257023285932423,-0.00280905691651601,-0.000420449392812827,-0.00129089157154549,-7.49800788835131e-06
"3:69242581:C:T",-0.0026849353439129,0.00292035502580479,-4.75364921737054e-05,0.000648867402845532,-0.00127769919723697,4.71963493771099e-05,-0.000433969152390468,-0.000186115492695649,-0.000427333849772005,-0.000102096978959132,0.000226833076177435,-0.00115168488108175,-0.00102891479396661,0.000122014385540936,-0.00130226206957129,0.00043570944158855,0.000140521960627638,-0.000433969152390468,0.153682301151425,-4.75364921737054e-05,-0.000947810162037932,0.000558802455564056,-0.00759682244019988,-0.000112945478894844,8.83015500301454e-05,-0.000931765694327069,-0.000693877404320808,-3.96639552739941e-05,7.46579005266312e-05,6.11489162896106e-05,-0.000198128605126691,0,-0.00576827828095094,-0.000575450428003776,0.000221473555608753,-0.00625273090084466,-0.00032982923864644,-0.000477668902241213,0,-0.000186115492695649,0.000237735637649727,-5.52310396466638e-05,-0.000173751907167841,-0.00395850429625266,-0.00676585690551068,-0.00166336576393977,7.46579005257431e-05,-0.00319472490436379,-0.000142009588546266,-0.000369151754801678,-0.00164872063166399,-0.00165350458670765,0.000180843262278962,-6.64521152220487e-05,-0.000477668902241213,-0.000745065878077433,0.000158630843142937,-9.08590278632104e-05,-0.0057615531920554,-0.000325170132618346,-6.27535666604118e-05,-3.25932525475636e-05,6.11489162896106e-05,0.000210932944139763,7.02107751369141e-05,0.000193591759405365,-0.00527841791920558,0.000528549834058367,0.000294068982483076,-0.000189224040287428,-3.1607180575044e-05,-0.0079082138491593,4.05184950125204e-06,0.00182216666676993,-5.14056351663683e-05,-0.00519167791170805,1.22923376384421e-05,-0.000520116226982559,-0.000267137953061436,0.000155216232697875,-0.000490632658662449,-2.33596237704248e-05,-0.00716360295826668,-0.00759682244019988,7.02107751369141e-05,-0.000420516729692899,-0.00465806482302167,0.000469399259059422,-0.000780825915203565,0.000145365439935041,-0.00726497947472549,-6.64521152220487e-05,-0.000867256894885315,2.59800296120716e-06,-0.00399258428517157,2.73374992989517e-05,7.02107751369141e-05,-0.00378437489676653,0.000455692056870127,-0.000389413804589012,0.000150263224503178,0.000505096732659638,-0.000182970878479516,0.000165291698134951,0.000194815394289449,2.50067858020842e-05,-0.000788837566042311,-0.000327513229527732,-0.000395988644766199,-0.000537259575298599,-0.00493980225842527,-0.00121871622116476,0.000145365439935041,-0.00629277883668777,-0.00116979639424208,-0.000302780529929159,0.00050040264054374,-0.00053631863359449,0,-2.69535113481822e-05,-0.000116478580067358,-0.000126838535552842,-0.000182970878479516,0.000528549834058367,0,-0.0049132831220815,-5.90134431330824e-05,-0.00715482768270359,-0.000145807946877241,0,-0.00129905849641965,-0.00576650426252989,-0.000653258013893598,1.22923376384421e-05,0.00112771381547905,-0.00410802907459651,0.000258182509504934,-0.000619029479598687,-0.000729084114460932,-0.00733708804182864,-0.000796321720243576
"3:69245102:C:A",-0.00335877387644956,-3.14270971824016e-05,3.82753524315049e-05,-0.00354105210195588,2.45707210924095e-05,4.05496186051124e-06,-0.0025554604601048,-1.18990821107445e-05,-2.85644279873765e-06,-5.6101275642817e-06,1.35163238939029e-05,-0.00476169663077908,-0.00207512265571363,8.47667797554408e-06,2.77695615977791e-05,-0.000904800136966699,8.53578565429558e-06,-0.00260348896601581,-4.75364921737054e-05,0.159865942360054,-0.00232030032385921,-0.00243138513147834,-0.00369391931877239,-0.00162082297495036,5.84534231773404e-06,-0.00300852249495165,-5.37405752858433e-05,-0.00256658302517998,4.7504808611265e-06,-0.00240265773368353,-0.00242874347392696,0,-0.00646181728617723,-1.56481660464891e-05,1.31536987799663e-05,-0.00256912556256772,-0.00104884356559953,-0.00916047503335893,0,-0.00140322221890532,1.42462328822646e-05,-3.21620847199e-06,-0.00864745927832189,-0.0026349667436163,-0.00028262501456755,5.3266306894173e-06,4.75048086023833e-06,-0.000302618007873789,-7.76990024853319e-06,-1.04852012121626e-05,-0.00054324153136065,-0.000169229218037081,1.14817782757015e-05,-4.28001780239384e-06,-0.00916047503335893,-2.68576934461251e-05,1.12146062924978e-05,-4.49173809347059e-06,-0.00624818948793049,-2.20847297480731e-05,-3.92797764270369e-06,-0.00518014921871401,-0.00197361685108444,1.24331999629135e-05,4.38989509099486e-06,-1.29291249972852e-05,1.08359244004319e-05,-0.00123530123181137,-1.80045872806289e-05,-1.22452725630495e-05,-1.01808925379032e-06,-0.00393998288337993,3.56530902578811e-07,-4.00587688078602e-05,-2.85644279873765e-06,-0.00025250276119948,1.07676773186682e-06,-0.0018163389024739,-0.000536527912934126,9.62629451795038e-06,-1.01808925379032e-06,-2.63981948300795e-07,2.60508969418538e-06,-0.00369391931877239,4.38989509099486e-06,-5.6101275642817e-06,-0.00260187886219931,-0.00307955230362289,6.09369060899922e-06,8.89737239795352e-06,-0.00342697433292116,-4.28001780239384e-06,3.47231555108962e-05,-0.00179761764040443,-0.00214768736861171,-2.27236364533923e-05,4.38989509099486e-06,-0.000523304448918793,-0.0013269106328675,-0.00207883031096667,9.26087733343905e-06,-0.00254912039123134,-0.000168454494056114,-0.00261462673003354,-2.8679165039236e-05,2.17523128132058e-06,-0.001789329491932,-0.00115246092899035,-6.69785695528446e-06,-0.00130435629508519,-0.000385544061742848,3.59307615465099e-05,8.89737239795352e-06,-0.000197195194203026,-0.000613572166075826,-0.00148295178004609,2.57631423314919e-05,-0.00290103139352649,0,-1.73459986978486e-05,-0.00157300260382165,-8.12016132645255e-06,-0.00146794193837962,-0.00123530123181137,0,-0.00150204015234578,-3.57338067225044e-06,-0.000140526525047591,-0.00165076825346766,0,-0.00316988671528673,-0.000239354921622414,-0.000249028427457887,1.07676773186682e-06,-2.8679165039236e-05,-0.000551973482952661,-0.000682958609663942,-3.22667090912887e-05,-0.00472826117436487,-0.0012659295055677,-0.0016143020977113
"3:69245623:A:G",-0.0093745924597024,-0.00082978500666897,-0.00232030032385921,-0.00224061464746939,-0.00463772194951151,-0.000381068041611421,-0.00977589108632859,-0.00143311913686262,-0.000162410571267202,-2.4091781227753e-06,-9.41920239805327e-05,-0.000321509080107418,-0.00547104005572407,-0.00186426140668772,-0.00432382420291866,-0.00197468445807836,-5.31668764853777e-05,-0.00942502291414726,-0.000947810162037932,-0.00232030032385921,0.404768342823981,-0.0018865648733879,6.81186042292836e-05,-3.33444205757871e-05,-0.00175772113018091,-0.000472719016782364,-0.00581175821853286,-2.48841597283445e-06,-2.77992837043328e-05,-0.00370091333941946,-0.00860185266876545,0,-0.00431146489201684,-3.88611486421553e-05,-0.00439839997617852,-0.00184831302283595,8.21697115060971e-05,-0.0107176304707979,0,-0.00012805332661614,-0.00144766199044621,-0.00703134260891858,-0.00900206851854035,-0.00201111010991184,-0.00378283144400537,-0.00227137985136228,-0.00624511773209324,9.41691409277468e-05,-0.000204173309359845,-1.59670902943887e-05,-9.68198584843094e-05,-0.014213255448118,-0.0023885972329305,2.09471379299941e-05,-0.0107176304707979,-0.00622786418434984,-0.00179461665427016,-0.00183748853219967,-0.0102238155410062,-0.000587563116029699,-5.54097948661791e-05,-0.00840047396612142,-0.000317780306610338,-1.21711900780141e-05,-2.52785550252099e-05,5.45894955523707e-05,-0.0174123119500247,-0.000162985111310299,7.02289613574436e-05,-0.0030052367876312,-8.84235853426674e-07,-0.00103239984891701,-0.00382447391778395,-0.00477545224762732,-0.00396806370483116,-0.00426820855235466,-0.000910706925149718,-0.00366108324173275,-0.00746012248796646,-0.00314619278113426,-8.84235853426674e-07,3.48038938735584e-06,-0.018270742442863,-0.00117280325253954,2.39039048466338e-05,-2.4091781227753e-06,-0.00415086672317289,-0.000108611388281332,-0.0031164264519834,-0.000941140828629727,-0.0013442247087152,2.09471379299941e-05,-0.00665642319916149,-0.000121862223272373,-0.00209960556837263,-0.00451470651640928,-2.52785550252099e-05,-0.00354856861539332,-0.00118958355887333,-0.00157959426796239,-0.00290277641772629,-0.00140032449461103,-0.00149989469564815,-6.85753543043788e-05,-0.00258261380636782,-0.00279448347760791,-0.000325432147620042,-0.000300082664430157,-0.00880468495382258,-0.000234775411697363,-0.00372300683053339,-0.000595069903168266,-0.000590097201879303,-0.00502367143260418,-0.00354069122331735,-0.00253599279008387,-0.000803285153025968,-0.0021597671353959,0,-0.0003292175211973,-0.00532198017124941,-0.00361179451020099,-7.98933283201464e-05,-0.00215697224118028,0,-0.00885878728457712,-0.00306043105190934,-0.0083539173832321,-0.00216573131594533,0,-0.00288805696040617,-0.0126604358450209,-0.000196855983720212,-0.000910706925149718,-0.000777096776633179,-0.00583349915106579,-0.00198928517176489,-0.00189098222033035,-0.00245897504997172,8.05404228021445e-06,-0.00871122824160153
"3:69245949:G:C",-0.0036759717934336,-0.00158585702199776,-0.00243138513147834,-0.000197845372378325,-0.000715701300911142,-0.00533552185742447,-0.00189989345026387,-6.88082698587777e-05,3.64109386925549e-05,6.71121304467448e-05,-0.00437138671600046,-0.00131165893762741,-0.00633936660590795,-0.00161356021228798,-0.000831311730886242,-0.000554119571695821,-0.000149964698951344,-0.00214327988216834,0.000558802455564056,-0.00243138513147834,-0.0018865648733879,0.292121163954928,0.000234791972592241,8.90713516925601e-05,-0.00133419652624323,-0.000982939706793751,-0.000797185021578883,-0.000332657003637493,-0.00752582262415569,-0.00267165815134263,-0.00361335029182808,0,0.000239937398944345,-0.00187477850814233,-0.000706664741076501,-2.68691673559474e-05,-0.00276203558008792,-0.000512217345611354,0,0.000162813507682102,-0.00670613766471817,4.38231334687345e-05,-0.00295648010159999,-0.00625099135325868,-0.00243528694841721,-0.00822626953226635,-8.23276669299489e-05,-0.000174158579813621,0.000110110701944777,-0.00180060078228728,-0.00516726131287371,-0.0033126936652228,-0.000278812724374689,6.5449877314272e-05,-0.000512217345611354,-0.000395767961182791,-0.00148685596316511,-0.00153279371425707,-0.00467321200353865,-5.14445905945848e-05,5.83405231058265e-05,-0.00256734041051132,-0.000214397895435425,-0.000227524852173921,-7.41328187832124e-05,-0.00148224957442178,-0.00513799457266551,-0.00100932990413316,0.000246589809187014,-0.00567613754356522,-0.00352350355732334,0.00029957370058753,-7.59263774430252e-06,-0.000223991966862513,3.64109386925549e-05,-0.00762871528521858,-2.30974284676222e-05,-0.00407527800819363,0.000252367249803598,-0.000176800994024617,-0.00163382169971005,-0.000666406728726088,-0.00464258881137436,0.000234791972592241,-7.41328187832124e-05,-0.00172052037421011,-0.0026118604595653,-0.00359001652458968,-0.0111094859991487,-0.000158784362676023,0.000169327983321033,6.5449877314272e-05,-0.00159859900422799,-0.000268673787637397,-0.00254979736526462,-0.00139830621326542,0.000469644052472518,-0.0144704318144719,-0.00101122788391539,-0.00165315420756329,-0.000167728917682908,-0.000151700813173505,-0.00354615148056237,-0.00122538333510303,-0.0010876376619855,-9.42020594720816e-05,-0.00146164744520849,-0.000407527418872178,-0.00576065106596868,-0.0024179951087957,-0.0101659354452597,-0.00721642509629472,-0.000158784362676023,1.19505528690667e-05,-0.0064122927899759,-0.00309986310886412,-0.0100355291469354,-0.000338106994746568,0,-0.00258522848108012,9.61838146382732e-05,-0.000443929116559438,-0.000659032169969542,-0.00100932990413316,0,-0.00251547268240904,-0.000190480329570697,2.33915527099171e-05,-0.00192990323945708,0,-0.00153819813712097,-0.00618602997236062,-0.00615747091478092,-2.30974284676222e-05,0.000368653424865251,-0.00844917433893322,-0.00626557580384191,-4.99547997527827e-05,-0.00610303074435103,-0.00385321123849458,-0.00642231668181203
"3:69246331:G:A",-0.00198847687835801,-0.00399154979130589,-0.00369391931877239,-0.0020386856674417,-0.000220440428819302,2.4144527724701e-05,-0.000166179407129263,-7.45522085381367e-05,-1.93782380772944e-05,-3.79557266443342e-05,9.45868640158665e-05,0.000265196688594038,0.000232331764687288,5.49930634612394e-05,-0.000191281330280901,0.000178664699247655,5.80739983631062e-05,-0.000166179407129263,-0.00759682244019988,-0.00369391931877239,6.81186042292836e-05,0.000234791972592241,0.187109168939221,-4.3821231192176e-05,3.81568990626135e-05,-0.00598038664266376,-0.000288956770130078,-1.32136331041366e-05,3.13258785569204e-05,-0.000368554268066923,-6.97185784437337e-05,0,-0.00168289618226058,-9.72541774411084e-05,9.20065186944541e-05,-0.000621442455202015,-0.000134950525002786,-0.0103062724095366,0,-7.45522085381367e-05,9.98313144950913e-05,-2.13883399391435e-05,-0.00426271289011293,-0.00374199347733928,-0.00828587307265316,-0.00335374998923932,3.13258785569204e-05,-0.00132215365688459,-4.94935215620274e-05,-6.73753731428306e-05,0.00147099436393727,-0.00360857509089207,-0.00149297972472606,-2.72893687878195e-05,-0.0103062724095366,-0.00434496649633953,-0.00143231385675779,-3.18869930229226e-05,-0.00310922528570856,-0.000132060472639139,-2.53435580557237e-05,-0.00332860703142579,3.12587378612506e-05,8.69273958103989e-05,2.90971600120926e-05,-0.000436778227934198,-0.0064981444244685,-0.00282040485391288,-0.000108536336870024,-7.62964950533629e-05,-8.9882121567797e-06,0.000430479779271131,-0.00321173814019549,-0.00512363132711702,-1.93782380772944e-05,-0.00373589050304979,6.30029309345304e-06,-0.00376048566891907,-0.0001100769457274,6.52853151565935e-05,-8.9882121567797e-06,-4.66656779263275e-06,-0.00679648160209911,-0.00153384528409628,2.90971600120926e-05,-3.79557266443342e-05,-0.00157489723863113,0.000194102806517549,-0.00263365994484843,6.04522241385297e-05,-0.00351964679221517,-2.72893687878195e-05,0.000321977882053126,8.90961010391322e-06,-0.00228127254895139,-0.000134950525002786,2.90971600120926e-05,-0.00193806815079434,-0.00266682575055466,-0.000157066494879565,6.28558606665663e-05,0.00021039828640923,-0.0020166554364911,7.0223350518539e-05,-0.00016620599180861,-0.00334766702412903,0.000333806866597897,-0.000133513713809208,-0.000408217480319273,-0.00439537213496433,-0.00297431651960167,-0.0024755903161866,6.04522241385297e-05,-0.000818299645453102,-0.00074917119565665,-0.0039923805040889,0.000204141882239384,-0.000182448409314695,0,-0.00010540326682662,-4.57329874361534e-05,-5.13429855102387e-05,-7.27882895139587e-05,-0.00282040485391288,0,-0.00136385076476131,-2.33766629396115e-05,-0.000928538331563367,-0.00368409071604514,0,-0.000251636497631047,-0.00169658212125601,-0.00480042381691348,6.30029309345304e-06,-0.00578884832422943,-0.00215645322741587,-0.000571807743021679,-0.0040844879298243,-0.00027933616436826,-0.000103810221548706,-0.000104539553851701
"3:69247161:G:A",7.37899260316865e-05,-0.00141278462138761,-0.00162082297495036,-0.00267077753093137,-0.00211844597359612,1.05332579023454e-05,-6.81496727557018e-05,-3.05491772314426e-05,-7.6121570797838e-06,-1.48800155725937e-05,-0.00161955750922349,-0.00425165273589023,-0.00185766045705815,2.27757960340469e-05,-0.00205582203188026,6.85670529598781e-05,2.32475340036231e-05,-6.81496727557018e-05,-0.000112945478894844,-0.00162082297495036,-3.33444205757871e-05,8.90713516925601e-05,-4.3821231192176e-05,0.15423144128565,1.56391736005901e-05,-0.00371143196460988,-0.00476873533409172,-4.85710285147434e-06,1.27179012849865e-05,1.3601988493761e-05,-2.67760310945775e-05,0,0.000208365943839439,-0.00133960445615688,3.65239225184055e-05,-8.30025737030837e-08,-0.000910053783937492,-8.52755689191298e-05,0,-0.00182486800310588,3.96985523414273e-05,-0.00316353569214289,-0.000565104904059588,0.000173444569165682,-0.00271863403010553,-0.00190671779055851,1.27179012840983e-05,-0.00172774623480265,-2.0160145389525e-05,-0.00143467824227805,-0.00197650095051038,-0.0106148183785475,3.14644301209199e-05,-1.11647665104186e-05,-8.52755689191298e-05,-0.00118407321212377,-0.00223436666485899,-1.21189817727796e-05,-0.00287673099213936,-5.52288808863821e-05,-1.0289206679559e-05,-0.00171610791655308,-0.00507376718243258,-0.0004102100675345,1.17616158847866e-05,-3.29851721811991e-05,-0.000790973494314784,8.21182879739979e-05,-0.000696324250917257,-0.00116296221684831,-2.97544875937916e-06,-5.6663687237446e-05,9.13509867750406e-07,-9.65535378325555e-05,-7.6121570797838e-06,-0.00729617665332638,-0.00202500660290816,-0.00222252966499603,-0.000391777166849572,2.62607718592989e-05,-7.49896609111289e-05,-1.0566542405499e-06,-0.000922357988276445,-4.3821231192176e-05,1.17616158847866e-05,-0.000109961472116282,-0.00716486813898642,7.43217936562957e-05,-0.00372185122060209,-0.00137507693159034,-3.13693215634459e-05,-1.11647665104186e-05,-0.000250978068517149,-0.000347229986434883,-0.00376597951614599,-0.000910053783937492,1.17616158847866e-05,-0.00432508025617429,7.19932840853588e-05,-0.000297206494012769,-0.00347577832755075,-0.001847730989045,-0.0013135335467771,2.83144501054267e-05,-0.000683179325974059,5.61031513512944e-06,0.000120348623305233,-0.00101323569262757,-0.00116524358703085,-0.00118570592500156,-0.00235806248771731,-0.0031629992280422,2.42431183865577e-05,-0.000137060240179565,-9.83815674575617e-05,-0.00133908047611264,-0.000678991972612231,-0.00292136669536447,0,-4.3821231192176e-05,-0.0014119461557236,-0.00108644329580621,-0.0013135335467771,8.21182879739979e-05,0,-0.00104597091935066,-0.0014681074533458,-0.000631419342334461,-0.0014902602607334,0,-0.000446801862356239,1.98399545507932e-05,-0.00605302608095748,2.76604118898405e-06,-7.05498431639029e-05,-0.00206642440684757,-0.00186865862884122,-0.00255646031756829,-0.00322347511014964,-0.0011193145865338,-0.000148871532957173
"3:69247379:T:A",-0.000409884257715376,6.28595990415093e-05,5.84534231773404e-06,-0.000122167406986229,-0.0029622746332878,-0.00158608302660745,5.46363138429484e-05,2.70479430177772e-05,6.78625804262367e-06,1.29383732057065e-05,-3.94381423136636e-05,-0.000124900510582115,-0.00160387850478116,-0.00365726272562217,-0.00303363885963748,-7.7145383598598e-05,-2.3481808076653e-05,5.46363138438366e-05,8.83015500301454e-05,5.84534231773404e-06,-0.00175772113018091,-0.00133419652624323,3.81568990626135e-05,1.56391736005901e-05,0.128035933099669,-6.81521515124572e-05,9.66743344195109e-05,3.92553746397795e-06,-1.26504072346378e-05,-1.47733572033459e-05,2.17675981470933e-05,0,-0.00456056946589456,3.44734741393182e-05,-3.81626973471327e-05,-1.10763065119812e-06,4.83335198318002e-05,6.97338887336585e-05,0,2.70479430177772e-05,-0.000338647618321808,7.71484301065328e-06,-0.0023133606286283,-0.000397201415898607,-0.00805640912347272,-1.59906245071895e-05,-1.26504072346378e-05,8.44137770412701e-05,1.8234182858734e-05,2.37793715509582e-05,-0.00151291801556486,-0.00340980535967628,-0.00157621501230309,1.04289585758366e-05,6.97338887336585e-05,5.5408990236927e-05,-3.29505959237864e-05,1.0125270780037e-05,-0.00979184912165199,4.70333858029193e-05,9.53596467834217e-06,-0.00173827356297362,-0.00146650344048727,-3.56624600730271e-05,-1.15959004727273e-05,2.93884296915792e-05,-0.000139061354706094,-9.59772230384459e-05,3.95638309891311e-05,-0.00196708390007849,-4.55688562031042e-05,4.83335198318002e-05,-9.66290887305377e-07,7.70957625135793e-05,6.78625804262367e-06,-0.00252896653434842,-2.9370039582588e-06,-0.000109009340061306,4.02537818580129e-05,-2.6966789422822e-05,1.95340102671082e-06,-0.00171597598320616,-8.45209458768537e-05,3.81568990626135e-05,-1.15959004727273e-05,1.29383732057065e-05,-0.00447495968860512,-8.53435577168327e-05,-0.0027254064273512,-2.46281179734353e-05,2.78383291414386e-05,1.04289585758366e-05,-0.000151172535516331,-0.000429226102122371,-0.00181771181055979,4.83335198318002e-05,0.000278188693553894,-0.00715619016813207,-0.000602870961253998,5.47938370010215e-05,-2.57896781246103e-05,-9.4145430019843e-05,2.62470647260926e-05,-2.93689086134918e-05,5.89338638787851e-05,-4.4357008246898e-05,-0.000158289515531429,4.7687705543531e-05,-0.00267925540868674,-0.00251181801474409,-0.0043300294782922,-0.000164824424728316,-2.46281179734353e-05,-0.000535701414677625,-0.000702148746758446,-0.00150799732790663,-8.9092938058144e-05,6.227953719673e-05,0,3.81568990626135e-05,1.65156242726283e-05,-0.00338322291038473,2.62470647260926e-05,-0.000722120168580531,0,-0.00194857193826614,-0.0028247165229498,-0.00239299205368759,-0.00169218302304763,0,-0.00279397513692903,-0.00961942790678272,-0.00401497193617839,-2.9370039582588e-06,5.89338638787851e-05,-0.000147839382111492,-0.00104480926249373,7.66084498771136e-06,-0.00525222185763941,-0.00277594271085224,-0.00225666756923282
"3:69248355:G:A",-0.00753836433090393,7.99304194361028e-05,-0.00300852249495165,-0.00355404817621885,-0.00034406352851768,-5.00346809468866e-05,0.000143978899653341,-0.00320028648540571,-0.00188867911518109,-0.00489904415216547,-0.00377322128691926,-0.00615650147339064,-0.000486868833290188,-0.000952432054284635,-0.000711736443022915,-0.000347048850894538,-9.81443809937588e-05,0.000112661536285863,-0.000931765694327069,-0.00300852249495165,-0.000472719016782364,-0.000982939706793751,-0.00598038664266376,-0.00371143196460988,-6.81521515124572e-05,0.355238591565604,-0.00153401956557087,-0.0019672821087644,-5.26282854860227e-05,-5.74647058897426e-05,-0.00237568530962218,0,-0.00502156410601629,0.000126541769836841,-0.00016419463095918,-0.00212410388336259,-0.000355001836133795,-0.00846570714515682,0,-0.00320028648540571,-0.000184046989599729,-0.00183881045782286,-0.00809825850870727,-0.000722807159459826,-0.00873883829089195,-0.00864244981209517,-5.26282854869109e-05,-0.00620662513123627,6.93439981267474e-05,8.7333870979478e-05,-0.00571870730953172,-0.00648343300891918,0.0005870472528402,-9.23543087196776e-05,-0.00846570714515682,-0.00247379081777588,-0.00550994828939988,-0.00182100635295601,-0.00287298085319643,-0.004387151430155,3.69982162098381e-05,-0.0022011255710721,-5.91405398759903e-05,-0.000151565727004588,-4.76410197673971e-05,-7.94451471453073e-05,-0.0136177624852927,-0.00872477952805362,0.000147250245467134,-0.000154979258228494,-0.000869110863582101,-0.00698727999620186,-0.00400932028904677,-0.00325054299335648,2.46979531661751e-05,-0.00420542464006601,-1.34893318843865e-05,-0.00805980097615233,-0.00136759633355332,-0.0033583760853082,2.60497846227281e-06,-0.00131640725235638,-0.0091058184701911,-0.00710291550400566,-4.76410197673971e-05,4.60070803889323e-05,-0.00318594769594283,-0.000666730031846363,-0.007019490315888,-0.000103744954083496,-0.00732456518390467,-9.23543087196776e-05,-0.00550688299955571,-0.00119380930145319,-0.00258039766694029,0.000176562032250693,-4.76410197673971e-05,-0.00712586319097452,-0.0105607924477447,-0.00056594936085741,-0.00124447678536743,-0.00654535765999142,-0.00020244542906056,-0.000145889318591053,0.000211526541381346,-0.00197361256513684,-0.00165381238042439,0.00017406307668022,-0.0084772707562375,-0.0007050429801847,-0.00768209685046273,-0.000811590010720842,-0.000103744954083496,-0.00656718235211784,-0.00177361560276568,-0.0012159271542389,-0.000404913285008135,-0.00230260494576573,0,-0.00115982204383691,-0.000452922919139453,7.29860923627257e-05,9.78983966488656e-05,-0.0101459711974581,0,-0.0068402112339716,3.2973054413965e-05,-0.00772293737560137,-0.00319016038738074,0,-0.000841237934288586,-0.00180490561348323,-0.000538033958816797,-1.34893318843865e-05,-0.00245933942833076,-0.00615679294314653,0.000550856126792176,-0.0023668598310147,-0.00112336474222197,-0.000525660372792558,-0.000371833081665329
"3:69248821:C:T",-0.000599955610810721,-0.000964373432712051,-5.37405752858433e-05,0.000708848932799988,-0.00191333046277364,-0.00103609866043541,-0.00483329703376523,-0.000207766041887325,-0.000765911770788996,-0.000765401920946651,0.000249289617309856,-0.00048366965498392,-0.00165269441669924,0.000132434016942184,-0.00193033156118005,-0.00225000728677394,0.000154936672332795,-0.00488132553967624,-0.000693877404320808,-5.37405752858433e-05,-0.00581175821853286,-0.000797185021578883,-0.000288956770130078,-0.00476873533409172,9.66743344195109e-05,-0.00153401956557087,0.310118586535655,-4.54506799849597e-05,8.22011283370117e-05,-0.00414763922831085,-0.00445585766580248,0,-0.0113704200773732,-0.000693670405369495,-0.0028793477338338,-2.38620241699294e-05,-0.000367850775994327,-0.0025880307619941,0,-0.00520495085269612,0.000260899518703006,-0.00523199257050511,-0.000307026731267701,0.00144760787772036,-0.00105070397606255,-0.00164410270489501,-0.00418487697398096,-0.00578385015572813,-0.000137567594407528,-0.00072181810546823,-0.00114095025126293,-0.0116319494169899,-0.000959053619706829,-7.36590085370636e-05,-0.0025880307619941,-0.000673701947040861,-0.000917194589277415,-0.00188227378608286,-0.00226290345242042,-0.00155788203225526,0.000998507074759125,-0.00419558175668655,-0.00389205680839577,0.000232356407098955,7.74834640164812e-05,-0.000217343353257071,-0.0162893362799768,0.000578968429820748,-0.000294442625973446,-0.00021099512401257,-0.000827964683658422,-0.000367850775994327,-0.0059790459839828,-0.000608405270070556,-5.78148398435729e-05,-0.0160911530037144,-0.000893610385440446,0.00063494832347466,-0.00029713893512362,-0.00336005507123271,-0.000827964683658422,-0.000959451007212841,-0.0155574474239364,-0.000288956770130078,-0.00203606201488693,-0.000765401920946651,-0.00900461952322518,-0.00154172365009231,0.000483204805178161,0.000160086607982279,-0.00021099512401257,-7.36590085370636e-05,0.000863387790493775,-0.00239284312405985,-0.00611232606528533,-0.00693434104832313,7.74834640164812e-05,-0.00946932303884251,0.000499524835820608,-0.00546008164777501,-0.00320375421323504,-0.00271282699596842,-0.000609352654582729,0.00018127231062337,-0.00235314563698896,-0.000972232932371142,-0.00104907788639608,-0.000365509495128258,-0.00553655115571239,-0.00296207178766927,-0.00289248013650134,0.000934904641599843,0.000160086607982279,-0.00047272816827082,-0.00337651509126102,-0.00276339590907426,0.000548934397562206,-0.000922644789512539,0,-0.00159514142443484,-0.000130295371739031,-0.00594808589370466,-0.000204499463644758,0.000578968429820748,0,-0.00541730370163584,-0.00530355208143263,-0.00819602665172781,-0.0023246125089651,0,-0.00378647532223253,-0.0103538544408228,-1.35912086527412e-05,-0.000893610385440446,-0.00044955011623582,-0.00575513934151139,-7.50566649276863e-06,-0.00178872831152255,-0.00908119158965537,-0.000286166142351441,-0.00250319405966515
"3:69256693:G:A",-0.00116902453036127,-0.000106941529295135,-0.00256658302517998,1.3302981028751e-05,-0.00189931358868911,-0.00451691771273222,-0.001541648604797,-0.00160313481532626,-2.02434457818867e-06,-4.03535237936126e-06,8.44982146830375e-06,-0.000795266127100014,7.56267319168558e-06,-0.00071751418604471,-0.00184793346832635,-0.000785696323039708,5.59905194119636e-06,-0.00146977513465263,-3.96639552739941e-05,-0.00256658302517998,-2.48841597283445e-06,-0.000332657003637493,-1.32136331041366e-05,-4.85710285147434e-06,3.92553746397795e-06,-0.0019672821087644,-4.54506799849597e-05,0.122786181056886,3.21421246596287e-06,-0.00227507670826288,-7.39574648545016e-06,0,-0.00107263445246186,-0.000126664638679053,8.25441374896485e-06,1.00838080996368e-07,-1.76659700761306e-05,-2.84189951935687e-05,0,-8.85290870833444e-06,8.83619548819325e-06,-2.2864285620372e-06,-0.00504766093069797,-0.00328958927805711,-0.00125568513470409,3.62555147681576e-06,3.21421246596287e-06,-0.000280933321157306,-5.66792108003256e-06,-8.24045691052433e-05,-7.50464269323459e-05,-0.000557235605182171,7.33773477090693e-06,-3.06732684940414e-06,-2.84189951935687e-05,-0.00134649159745415,7.19920141634134e-06,-0.00189255843813196,-0.00391076726815953,-1.71266982178508e-05,-2.80794073148627e-06,7.99619822799968e-07,-5.35080892927198e-06,7.8596023262989e-06,2.9770411638097e-06,-9.66942585378661e-06,-8.59782303042067e-06,-0.00111896139048362,-1.37546089939988e-05,-9.12664691909981e-06,-7.01615461728977e-07,-1.76659700761306e-05,2.49982571531859e-07,-0.00101977452554003,-2.02434457818867e-06,-0.00357708629533793,7.51447662317162e-07,-0.00170185968355607,-0.000567069433135892,6.256899316881e-06,-1.92275433494871e-05,-1.67306051679361e-07,-6.83867125506055e-06,-1.32136331041366e-05,2.9770411638097e-06,-4.56809458029284e-05,-0.00353738534594505,-0.00135981504616112,-0.00213863282241089,5.81894965989704e-06,-9.12664691909981e-06,-3.06732684940414e-06,1.16221192643096e-05,-0.00233727810305062,-0.00256158796952333,-1.76659700761306e-05,2.9770411638097e-06,-0.0043621773563447,-0.00120845678996062,-0.000413546035737511,6.03825401057634e-06,-8.01031718502543e-05,-8.57760672268171e-06,6.69193568292314e-06,-2.27475968621604e-05,1.50688048705661e-06,-0.00301713518577262,-0.00351542189895415,-0.000730706842425377,-3.13813250150119e-05,-0.00483752577748708,-0.00259130481313541,5.81894965989704e-06,-0.00201458729076354,-0.00304324650016241,-1.45969450464634e-05,1.32161018040478e-05,-2.48514503073949e-05,0,-1.32136331041366e-05,-5.12860881229926e-06,-5.93570354823214e-06,-0.00292831475672806,-0.00111896139048362,0,-0.00297908000943803,-2.54763451312812e-06,-0.00180946331510068,-5.44742017360988e-06,0,-0.00250823606161799,-0.00812416564080509,-0.0028377731679825,7.51447662317162e-07,-0.000842876917618085,-0.00500987613339987,-0.00159380724776526,-0.000410976199532342,-0.00125544131085586,-1.2940412259077e-05,-0.000128772775281227
"3:69257659:G:T",-0.0055449917626742,5.2369633404048e-05,4.7504808611265e-06,-9.30859128809303e-05,-6.59102182405391e-05,-0.00326655921646335,4.53927557346745e-05,2.20877740915171e-05,5.50463292636749e-06,1.05363070046494e-05,-3.10912649359452e-05,-9.48364438366767e-05,-8.2653885814743e-05,-1.89864775759219e-05,-7.82098073512927e-05,-5.98803740050613e-05,-0.00120277115958967,4.53927557355627e-05,7.46579005266312e-05,4.7504808611265e-06,-2.77992837043328e-05,-0.00752582262415569,3.13258785569204e-05,1.27179012849865e-05,-1.26504072346378e-05,-5.26282854860227e-05,8.22011283370117e-05,3.21421246596287e-06,0.0782455626510519,-1.16803532748122e-05,1.78744570975553e-05,0,-0.00555127738618921,2.82781034428581e-05,-3.01106211599844e-05,-7.97884676551064e-07,3.98988757019936e-05,5.82694575390619e-05,0,2.20877740915171e-05,0.000540803476740237,6.24968793694336e-06,0.000153154227377605,-0.00173152085411044,-0.00153612902271405,-1.25343470065431e-05,-0.00652898253121403,7.12270127047887e-05,1.48205897207987e-05,1.94160442212876e-05,0.000115538365031753,-0.00136052500500039,-2.61208558027803e-05,8.43188385601934e-06,5.82694575390619e-05,4.59467055353713e-05,-2.59149059758101e-05,8.27129049252306e-06,-0.00129129972818642,3.88084961748802e-05,0.000597639427753371,-3.55577541277796e-06,-0.00138615371229545,-2.81848659255957e-05,0.000596374212026518,2.40075632973458e-05,-0.00121142978485267,-7.39123564814648e-05,3.24939056257634e-05,2.27354625454979e-05,-0.00157035672774786,3.98988757019936e-05,-7.69652941379206e-07,6.47337474406484e-05,5.50463292636749e-06,-0.00129638568520551,-2.33682540695668e-06,-8.3447844319906e-05,3.3067493097505e-05,-2.13733578773301e-05,1.63949465292745e-06,-0.00140001314822147,-0.00126503805125378,3.13258785569204e-05,-9.26729003491999e-06,1.05363070046494e-05,0.000261475885483087,-0.000647915474703886,-6.7799330389029e-05,-1.95546078778364e-05,2.27354625454979e-05,8.43188385601934e-06,-0.000114032183185842,-5.0741806107979e-06,-0.00105828886743975,3.98988757019936e-05,-9.26729003491999e-06,-0.00184057937854476,-6.34898681193263e-05,4.54263832239121e-05,-2.04584590468571e-05,-7.24712269111194e-05,-0.00156370181895937,-2.32371161770217e-05,4.89372121492693e-05,-4.75981272707315e-06,-0.000685247482745233,3.93570070569282e-05,-0.00550380820295704,6.22946749961883e-05,-0.00164645371510375,-0.000123772196391592,-1.95546078778364e-05,-0.00165346019839951,-0.0013537641322392,3.35517021756715e-05,-6.8836689457008e-05,5.18746522049085e-05,0,3.13258785569204e-05,1.34273512033545e-05,1.5504685250356e-05,2.14321368217085e-05,-7.39123564814648e-05,0,-0.00510779427363328,6.98580913827129e-06,-0.00174863586720875,1.3650719682623e-05,0,-0.00148246130060592,-0.0012378194767324,-0.00187323342943646,-2.33682540695668e-06,4.89372121492693e-05,-0.00507050161905021,-0.00124133769436874,6.39387302747707e-06,-0.00140550257136329,3.07311851406311e-05,-0.00172408203761698
"3:69257716:G:C",-0.000281979200345894,4.78776078409737e-05,-0.00240265773368353,-0.000134967424266108,-0.000395189342383695,-1.04421228694918e-05,-0.00371976013636122,-0.00145702888033661,6.03006268917738e-06,-0.00178032191212907,-3.83640214796088e-05,-0.000140145008048265,-0.00155311621395793,-0.00472505818964652,-0.000367284275713864,-0.000718501307621189,-2.21629584284955e-05,-0.00363392120335071,6.11489162896106e-05,-0.00240265773368353,-0.00370091333941946,-0.00267165815134263,-0.000368554268066923,1.3601988493761e-05,-1.47733572033459e-05,-5.74647058897426e-05,-0.00414763922831085,-0.00227507670826288,-1.16803532748122e-05,0.188148417642931,-0.00396919475491231,0,-0.00132402423005651,2.85702627884632e-05,-3.70350851968126e-05,-0.00089110687585503,3.84513402051923e-05,5.17584690742368e-05,0,2.28390716383586e-05,-4.10946205500196e-05,6.83307470872307e-06,-0.000405672763162723,-0.000442955912810739,-0.000657272767507155,-0.00186305501893003,-1.16803532757004e-05,-0.00123272351835357,1.57356331023095e-05,2.02793458878858e-05,-0.000361386523095142,-0.00236557991790676,-0.00189290100062056,9.15836505921419e-06,5.17584690742368e-05,-0.00133530380745572,-3.16885242215292e-05,-0.00193493102221964,-0.00164233462383478,3.75792132043529e-05,8.39689866705129e-06,-0.0015606134130195,-0.00208318934060525,-3.44471029967153e-05,-1.06852740273666e-05,2.46403960151298e-05,-0.00485691989639303,-0.000102249035810686,3.22675144044382e-05,2.3450344649234e-05,-0.00193038561085501,-0.000498788878708467,-0.00393885739685906,-0.000983526744477992,6.03006268917738e-06,-0.000454530347171911,-0.00224980599307933,-0.000169493004025689,3.27585246511219e-05,-0.000264767679238886,1.78999699684823e-06,-0.00203537771986539,-0.00459201519526697,-0.000368554268066923,-1.06852740273666e-05,1.13486646391436e-05,0.00018150056001387,-8.95543147816369e-05,-8.53782203193987e-05,-2.3296551458607e-05,-0.000242459756464974,9.15836505921419e-06,-0.000357092592141228,-5.87030076903972e-06,-0.00411119249200365,-0.00107543272402744,-1.06852740273666e-05,-0.00238497392777237,-8.55883383010791e-05,-0.00279297431429004,-0.00130712583762094,0.000206889191580295,-0.00152283121320806,-2.80378559445182e-05,-0.000827392672795746,-0.00209650773048509,-0.000182727682258133,-0.00117990191701178,-0.00382790424785018,-0.00606288952473033,-0.00235627632709345,-0.0011663292256392,-0.00638227475208453,-0.00639096809724293,-0.00389380755993862,-0.00544070744596858,-0.000918786874214206,4.75376029855923e-05,0,3.12587378621387e-05,1.43260739600137e-05,-0.00130987496764146,-0.00152283121320806,-0.000102249035810686,0,-0.0122843889097384,7.62190934544549e-06,-0.00923259977500646,-0.000963613945624608,0,-0.00626665185181841,-0.0070181973518646,-0.00263025296816544,-0.00224980599307933,4.53636637418597e-05,-0.00398661590478966,-0.000673041714515321,-0.000519447978352794,-0.00198616224475145,3.07405370358893e-05,-6.42656119378415e-05
"3:69257796:A:T",-0.0104928539952174,-0.00268713842742141,-0.00242874347392696,-0.007611540640033,-0.000509507048468194,1.46341111362247e-05,0.0030831596160068,-0.000231287215818554,-1.14015295613612e-05,-0.00368394692555452,4.93875508054131e-05,-0.00435448283989359,-0.0178864433140253,-0.00186872645097225,-0.000570082582662224,-0.00518899402914386,3.18405633841223e-05,0.00135873335362913,-0.000198128605126691,-0.00242874347392696,-0.00860185266876545,-0.00361335029182808,-6.97185784437337e-05,-2.67760310945775e-05,2.17675981470933e-05,-0.00237568530962218,-0.00445585766580248,-7.39574648545016e-06,1.78744570975553e-05,-0.00396919475491231,0.261787319702104,0,-0.00210908114119679,-0.00273006443136747,-0.0041352257746059,-5.40707642215921e-07,-0.00114498071216573,-0.000144181153959089,0,-4.75595407252172e-05,5.18355603080778e-05,-1.27190271594912e-05,-0.00836669855390415,-7.84568955127796e-05,0.000198562796076551,-0.00456606505241375,1.78744570975553e-05,-0.000424908333346075,-0.00317196917427687,-0.00256652729814011,-0.000801445162742276,-0.00470812654590791,4.2039046276976e-05,-1.66186139169966e-05,-0.000144181153959089,-0.000110342519912265,-0.00447260352598988,-0.00410805830341499,-0.000245069027233757,-8.97071008933992e-05,-1.53275379890516e-05,-0.00293929658324288,-0.00200144403617841,4.57289091446711e-05,1.65889544740949e-05,-0.00107335322995095,-0.00367643046088162,-0.00482191637498808,-7.21602036133362e-05,-0.00138210313277387,-1.46271809571275e-05,-9.2064260827307e-05,1.2925688359644e-06,-0.000166446600599279,-1.14015295613612e-05,-0.00492240363072627,-0.00225309112659833,-0.00536859201897322,-7.33647963153672e-05,-0.00123333162567896,-0.00222350700313889,-0.000563533305730779,-0.0033772913488832,-6.97185784437337e-05,1.65889544740949e-05,-0.00239791751789653,-0.00317164109181833,-0.00251323103898926,-0.00982520024204092,3.31012071974612e-05,-4.88435230669992e-05,-1.66186139169966e-05,-0.00186433781338113,-0.000761326492288106,-0.00255855731382093,-0.00817356594423391,1.65889544740949e-05,-0.00260330840669143,-0.00364558255942349,-0.00296031362732663,-0.00125690215597807,-0.00116194720842167,-0.00282200195876658,-0.000154193799363433,-0.0101359792327171,-0.000225264249261059,0.000138208873735834,-9.08913191590699e-05,-0.000788106462460192,-0.00243723795807949,-0.0035627753352343,6.73548874354779e-05,3.31012071974612e-05,-0.00113025689876345,-0.00203777240570346,0.000128803801664468,-0.000237370259857705,-0.00461997524749158,0,-0.001717314534738,-0.00162434827128877,-0.00376559690906397,-4.62648588968051e-05,-0.00332257172219297,0,-0.00190935221725841,-0.00317751271028399,-0.00419017898562757,-0.000154890285859466,0,-0.000828204851013759,-0.002390174716286,-3.32025770157784e-05,-0.00225309112659833,-0.000928065082164586,-0.00298559744949767,3.61511275563942e-05,-0.00107932960877299,-0.000303871109183174,-0.00134535453100426,-0.000134112120216301
"3:69258213:C:T",0,0,0,0,0,0,0,0,0,0,0,0,0,0,0,0,0,0,0,0,0,0,0,0,0,0,0,0,0,0,0,0,0,0,0,0,0,0,0,0,0,0,0,0,0,0,0,0,0,0,0,0,0,0,0,0,0,0,0,0,0,0,0,0,0,0,0,0,0,0,0,0,0,0,0,0,0,0,0,0,0,0,0,0,0,0,0,0,0,0,0,0,0,0,0,0,0,0,0,0,0,0,0,0,0,0,0,0,0,0,0,0,0,0,0,0,0,0,0,0,0,0,0,0,0,0,0,0,0,0,0,0,0,0,0,0,0,0,0,0,0
"3:69259117:A:G",-0.0105043863059611,-0.00186448940067363,-0.00646181728617723,-0.00333860637006023,-0.00146582280782193,-0.0031443097620043,-0.00122459166536881,-0.00105343652049594,-0.00513688809648194,-0.000683008821772191,-0.0104945487205432,-0.00189112080616916,-0.00332432815417727,-0.00362498428162361,-0.00120664305292228,-0.00211002024976104,3.47118095875842e-05,-0.00156836744300515,-0.00576827828095094,-0.00646181728617723,-0.00431146489201684,0.000239937398944345,-0.00168289618226058,0.000208365943839439,-0.00456056946589456,-0.00502156410601629,-0.0113704200773732,-0.00107263445246186,-0.00555127738618921,-0.00132402423005651,-0.00210908114119679,0,0.439783470045366,3.43577369124048e-05,-0.00141957120376457,-0.00379462975322831,-0.000243564289001519,-0.00779252649118334,0,0.000514506411658289,-0.00197114190695569,0.000102122204807209,-0.0226249343043832,0.00112007985254436,-0.00169500383102461,-0.000591988644226937,-0.00117506499026554,-0.00278910223882001,0.000355921620355026,-0.000261888674200961,-0.000764846970183086,-0.00611982368137154,-0.00135135379392004,-0.000359435773964911,-0.00779252649118334,-0.00172713571664396,-0.00166117105667896,-1.32906979297687e-05,-0.004358863331833,-0.000559677338682896,0.000200999589806905,-0.0149885368182261,-0.00583640681178021,-0.000951986019188666,0.000332488091344452,-0.00134250630131039,-0.00333481123064239,-0.002388766950423,0.000892215740029734,-5.57024141096818e-05,-0.00407696617642905,-0.00248192616552867,-0.00453504589323828,-0.00467128558741248,-0.00217999642331002,-0.0107161153394038,-0.000155672021496578,0.000442201721573721,-0.00152441739855114,-0.00440963939589789,-0.000158169689896681,-0.00251868594788807,-0.00254498281221593,-0.00246278941661515,-0.000306285158712782,-0.000598532848284705,-0.00481676325100722,0.000326734102655379,0.000832846725836944,-0.0076004022799685,-0.00186069726880955,-0.000359435773964911,-0.00187339078694171,-0.00106853566239762,-0.00919396924738525,-0.0066037614658967,0.000168053303650773,-0.00946287253941724,-0.00675570751789056,-0.00135090576604568,-0.0015039663089027,-0.00108497571646859,-0.00172412918270037,-0.00025171646636668,-0.0051917207749721,-0.00219306806403541,0.000699111466498259,-0.00205420405831269,-0.00504550943627313,-0.00332413592379854,-0.00804547462064908,0.000380553052231392,-0.000965958544677292,-0.0100233263379619,-0.00225257775830734,-0.0044776497818324,-0.00727518606882782,-0.00702323276015049,0,-0.00247087629362319,-0.00136834219674942,-0.00781571254988123,-0.000424679315313092,-0.00513299398252531,0,-0.0059471350863558,-0.00614726496743678,-0.0071858914464169,-0.0031200222320753,0,-0.000662441555026927,-0.00435860917832409,-0.00127050457555145,-0.000155672021496578,-0.00736304498139706,-0.00606557819569398,-0.0054290802462833,0.000140619582108759,-0.0111343502377927,-0.00250074651644994,-0.00523491221177563
"3:69262069:T:C",-0.00110307647457875,-0.00184961776716719,-1.56481660464891e-05,0.000229468263030164,-7.80130208903884e-05,2.20920893045928e-05,-0.000270943838581061,-0.00114500280656937,-1.75279577963039e-05,-3.44243961123425e-05,-0.00166907336829425,-0.00202212338847296,-0.00214770597974479,4.96843197232977e-05,-5.98628378973842e-05,-0.0016204318341293,5.21121455347995e-05,-0.000277972618433431,-0.000575450428003776,-1.56481660464891e-05,-3.88611486421553e-05,-0.00187477850814233,-9.72541774411084e-05,-0.00133960445615688,3.44734741393182e-05,0.000126541769836841,-0.000693670405369495,-0.000126664638679053,2.82781034428581e-05,2.85702627884632e-05,-0.00273006443136747,0,3.43577369124048e-05,0.115554387829201,-0.000850609695275395,-1.92008026900226e-06,-0.0042877071660028,-0.000186236537435214,0,-0.00114500280656937,8.90016241221758e-05,-0.00141800161600614,-0.000489540786416498,4.76466021419597e-05,0.000432609488423719,-0.00134849173524021,2.82781034428581e-05,-0.00217227686159394,-4.51934665512965e-05,-0.00119186499283952,-0.00104196203425122,-0.000713965582905374,-0.00182374027501897,-2.48559086575284e-05,-0.000186236537435214,-0.0022819659999147,6.60463130515154e-05,-2.87733064876505e-05,-0.00191557566602274,-0.00348261236063419,-2.30520266431e-05,-0.00258888662246815,-0.00163579055966956,-0.000463184466277689,2.62538401933909e-05,-7.32554509159655e-05,-0.00186863385565683,0.000188493739796236,0.000625621230341267,-7.00178076460389e-05,-7.92877859723262e-06,-0.000125165845339836,1.90738877492436e-06,-0.00267021307841109,-1.75279577963039e-05,-0.00236675723876756,5.78034733766941e-06,0.000208181003207741,-0.000101705843190913,5.85839230620167e-05,-0.00277342756520582,-0.00167291223377841,-0.00165378316622444,-9.72541774411084e-05,2.62538401933909e-05,-0.00204445801599284,-0.00227999792340361,-0.00157632580528144,-0.00146227591505621,-0.00144135573970416,-7.00178076460389e-05,-2.48559086575284e-05,-0.000370407046308863,8.5391205812968e-06,-0.00167149903251707,-0.000125165845339836,2.62538401933909e-05,-0.00243438148625419,0.000164312914525233,7.59110669621421e-05,5.64053936367159e-05,-0.00291788473550714,-0.00120829617005302,6.30063339954745e-05,-0.000154985715203004,1.17396438117368e-05,-0.000360407065604917,-0.00121733196766449,-0.00243992680860661,-0.00115352173433614,-0.00142725382932429,-0.00121898910785045,5.42482353678153e-05,-0.000860775464087027,-0.000558215700353859,-0.00125621609413873,-0.000674316698070498,-0.00264182707512095,0,-0.000932917622564311,-4.16798684215181e-05,-4.6922759080914e-05,-0.00121187464537531,0.000188493739796236,0,-0.00210814203037435,-2.12295968884391e-05,-0.000180846149909542,-0.00287691957605762,0,-0.00109816847505995,-0.00169509447580118,0.000355285187788823,5.78034733766941e-06,-0.00129800918380152,-0.00314582183705436,-0.00424101375275221,-0.00200836809297478,-0.00235541502324654,-9.57378593691161e-05,-0.00137629871706491
"3:69262348:T:C",-0.00701805996966076,-0.000747279952824975,1.31536987799663e-05,-0.000276488053034818,-0.000866962275992478,-2.8546673222607e-05,-0.00394915360139869,6.44395097708639e-05,1.55588045096522e-05,2.95221756481112e-05,-9.25672100295927e-05,-0.000914688375578621,0.000188721447585749,-5.81469676470547e-05,-0.000852383364097875,-1.4004538312129e-05,-5.53164421326358e-05,-0.00390731118425514,0.000221473555608753,1.31536987799663e-05,-0.00439839997617852,-0.000706664741076501,9.20065186944541e-05,3.65239225184055e-05,-3.81626973471327e-05,-0.00016419463095918,-0.0028793477338338,8.25441374896485e-06,-3.01106211599844e-05,-3.70350851968126e-05,-0.0041352257746059,0,-0.00141957120376457,-0.000850609695275395,0.150765097119813,-4.53982825909804e-06,0.000117469280361604,0.000172667937412108,0,6.44395097708639e-05,-9.88113202815555e-05,1.79349334645806e-05,-0.00143831854205967,-0.000853514992118498,-0.0027450920066725,-0.00106327277097318,-3.01106211608726e-05,0.000209493281039919,4.32725699948122e-05,-0.000836544629320812,0.000342745350961238,-0.00261935272514346,-0.00464669552828667,2.48945964180791e-05,0.000172667937412108,0.000134582789251603,-7.99950549925654e-05,2.22528392113119e-05,-0.00109432846460766,0.000113882618909322,2.2602327941712e-05,-0.00427229501908677,-0.000961507797480721,-8.34828896900675e-05,-2.74904783212904e-05,7.06453039134303e-05,-0.000968939363361621,-0.000219069930968985,-0.00308912884261403,6.65331888098919e-05,3.232658328578e-06,0.000117469280361604,-0.00281784435981258,0.000191135585732027,1.55588045096522e-05,-0.00581937620169359,-7.41033550344383e-06,-0.000248416085468328,9.76820644975618e-05,-6.38300164697014e-05,-0.000832665466845128,-1.91621067102687e-06,-0.000946134643804442,9.20065186944541e-05,0.00102658600432903,-0.000829650166704887,-0.00474826635630787,-0.000327575268183722,-0.000205200096979219,-5.81201300686729e-05,6.65331888098919e-05,2.48945964180791e-05,-0.000445101209483489,-0.00111323886974812,-0.00570591603140969,-0.00242921937580842,-2.74904783212904e-05,-0.00441363787716487,-0.000188433161122603,0.000132852301126363,-6.09577816099716e-05,0.000898053316631398,6.23201347886848e-05,-6.96807911948483e-05,0.000144527677286455,-0.00258304928243636,-0.00035294652641138,-0.00337655010350701,-0.000946383207756085,-0.00667947017719328,-0.00270853843671404,-0.000365853001367711,5.92299333979085e-05,0.000292240297624424,-0.000909965924845935,-0.00574796752454443,0.000557043528861101,-0.00368271320976898,0,9.20065186944541e-05,3.88009087393115e-05,4.54682296977538e-05,-0.00375588543782968,-0.000219069930968985,0,-0.0039200821945844,2.02826054538363e-05,0.000359035141506148,-0.00500434387375659,0,-0.0025946408859685,-0.0058927195965266,-0.000489669070296905,-7.41033550344383e-06,0.000144527677286455,-0.0123275281178836,-0.000156487223178736,-0.00233595911154261,-0.00240325665395336,9.00685091869136e-05,-0.00122225249839314
"3:69263132:T:C",0.000217272766543708,-0.00570522953705765,-0.00256912556256772,-0.00293886689425893,-0.00136004536379897,-6.47382331742108e-07,-6.46389357683574e-06,-9.43637105343953e-07,1.19144409893579e-07,-0.00541903518319042,-4.78977261320068e-06,0.0008437319327399,-0.00210986921089429,-0.00208928788634566,-0.00126744623044317,-1.51870744549143e-05,-2.0587637905578e-06,-6.46389357772392e-06,-0.00625273090084466,-0.00256912556256772,-0.00184831302283595,-2.68691673559474e-05,-0.000621442455202015,-8.30025737030837e-08,-1.10763065119812e-06,-0.00212410388336259,-2.38620241699294e-05,1.00838080996368e-07,-7.97884676551064e-07,-0.00089110687585503,-5.40707642215921e-07,0,-0.00379462975322831,-1.92008026900226e-06,-4.53982825909804e-06,0.227118142942505,-4.50843434496306e-06,-0.00901396502631169,0,-9.43637105343953e-07,-5.31887084420646e-06,1.17205333438619e-07,-0.00572545611486364,-0.00560670259305684,-0.0102020285992253,-0.010625816865967,-7.97884676551064e-07,-0.00361016145997084,-2.10452888893542e-07,-6.42291594132871e-07,-0.00109402235956324,-0.000565045394930408,0.0014381352530588,8.91898910282407e-08,-0.00901396502631169,-0.00308650164994351,-5.53932240601185e-05,-0.00181377605097044,-0.00246150115634869,-4.23486217648872e-06,1.02097748921892e-07,-0.00221612473971255,-9.4775136361136e-07,-4.06772319649917e-06,-7.06742207867705e-07,-0.000952804187986267,-0.00403765393761635,-0.00365737331290017,-2.69627083238078e-06,-1.02427589698806e-06,6.7040514473149e-08,-0.00139226279196958,-0.00380865236501737,-0.00380804615949337,1.19144409893579e-07,-0.00525870772543868,-1.1414191813941e-07,-0.00519330854752198,-2.81159455894908e-06,-2.55256731573894e-06,6.7040514473149e-08,1.44729570550339e-08,-0.00420743769621623,-0.000621442455202015,-7.06742207867705e-07,1.64093938437304e-08,-0.00154151218971732,-1.80431573992834e-05,-0.00401362159937335,-2.21586866810952e-06,-0.000171570056505921,8.91898910282407e-08,-0.00297746997881987,-2.70296430571193e-07,-0.00166116483488832,-4.50843434496306e-06,-7.06742207867705e-07,-0.00130768902473699,-0.00346907032716093,-6.22262014626784e-06,-2.380392664314e-06,-0.00356924261098257,-0.00310100504982103,-0.00177100307094502,-7.30887313959983e-06,-0.00225286869385588,-0.00140902284942346,-4.37143308307242e-06,-0.00403533537912626,-0.00308352021044467,-0.00209702841607839,-0.00347979323361347,-2.21586866810952e-06,-0.000626636621190002,-0.0019483445854509,-0.00276914882918167,-1.9533161223606e-05,-0.00143581824779115,0,-2.46863242203688e-06,-0.00097344512498676,-2.58622961268884e-07,-8.65025372220884e-07,-0.00365737331290017,0,-0.00130241261159858,1.11478902553586e-07,-0.00112654251541677,-0.00252294940190634,0,-0.00143186933997574,-0.00208802720728407,-0.00649204087207789,-1.1414191813941e-07,-0.00452468554691698,-0.0119769968237082,-7.49210323229832e-05,-0.0011045208728202,-0.00427132473714797,-2.35644069590535e-06,-0.00155941447815255
"3:69264687:C:T",-0.00152332475077266,-0.00428490672367143,-0.00104884356559953,-0.00242353101656434,-0.00118643916189765,2.96930062280154e-05,-0.000764694508149866,-9.57595880279882e-05,-2.52104141740261e-05,-0.000990561868563056,-0.00261289624498495,-0.00690131202842714,0.000295442158900094,6.91388251228275e-05,-0.00119711905521225,0.000228851150020581,7.41986006405071e-05,-0.000771723288002235,-0.00032982923864644,-0.00104884356559953,8.21697115060971e-05,-0.00276203558008792,-0.000134950525002786,-0.000910053783937492,4.83335198318002e-05,-0.000355001836133795,-0.000367850775994327,-1.76659700761306e-05,3.98988757019936e-05,3.84513402051923e-05,-0.00114498071216573,0,-0.000243564289001519,-0.0042877071660028,0.000117469280361604,-4.50843434496306e-06,0.185844161930369,-0.000253063174988633,0,-0.000726302538248014,0.000127209873172163,-2.76697720478225e-05,-0.00620971822689853,-0.00561502211397169,-0.0014662640775458,-0.00104324754497931,3.98988757011054e-05,-0.000762633075922281,-6.35668792678956e-05,-0.00410835428538014,0.00208998527795234,-0.000912677668286399,9.87054540164678e-05,-3.48877800577796e-05,-0.000253063174988633,-0.0100089686201059,-0.0012888242364113,-4.21311774729816e-05,-0.00308920770191179,-0.000169104834569112,-3.25080193226412e-05,-0.0011304038756732,-0.00117862355753751,0.000111149437747926,3.71477935336983e-05,-0.000102017693598633,-0.000179062169912925,0.000277863114424903,-0.000138711028865757,0.000726406395338941,-1.24929649762962e-05,-0.000172543383225587,2.55320306141726e-06,-0.00542645447741386,-2.52104141740261e-05,-0.000341991025984534,7.7434740806126e-06,-0.00141625229549902,-0.000140559878633262,8.31380713437468e-05,-0.00373069906054813,-7.20063827053252e-06,-0.000319292810597283,-0.000134950525002786,3.71477935336983e-05,-0.00392292095104896,-0.000562045310275483,0.000248274032666806,-0.000398493734327765,-0.00543263520580162,-9.78690805615301e-05,-3.48877800577796e-05,-0.00186737860192299,9.43494256322452e-06,-0.00212542566144425,-0.000172543383225587,3.71477935336983e-05,-0.00471780127016341,0.000240377554505677,-0.000771622585194365,8.0125918404228e-05,-0.00273789982716099,-0.00436591973524703,-0.00302830308841173,-0.000212138728717726,1.57455285112462e-05,-0.00228484822429742,-0.000170833964871164,-0.0055984128370703,-0.000782050338486329,-0.0065483901179304,-0.000544892267648756,7.71462687083613e-05,-0.00832878753086863,-0.000716508375725233,-0.000853238262371825,0.000261800155197278,-0.000234281752786281,0,-0.000524757906090301,-5.89905894887721e-05,-6.58171215510706e-05,-9.36261052180143e-05,0.000277863114424903,0,-0.00694072504405252,-3.01021602879814e-05,-0.00591198744037857,-0.000639530537815958,0,-0.00954077710549406,-0.00115784533676555,-0.0017925058780186,7.7434740806126e-06,-0.000212138728717726,-0.00328151184766767,-0.00280122053088672,-0.000583427121757296,-0.0145178417061365,-0.000133038156326926,-0.000969449219788032
"3:69268309:C:T",-0.00126996049041317,-0.000347735424313989,-0.00916047503335893,0.000508121129206174,-0.000339356950026293,-0.00059297775782774,-0.000324122112004943,-0.000142017575109676,-3.84485318205563e-05,-7.59052294325713e-05,0.000177119981079166,0.000495760681323176,-0.000177833064337385,9.8056960829318e-05,-0.000327253407949257,0.000339401075826196,0.000109169612405147,-0.000324122112004055,-0.000477668902241213,-0.00916047503335893,-0.0107176304707979,-0.000512217345611354,-0.0103062724095366,-8.52755689191298e-05,6.97338887336585e-05,-0.00846570714515682,-0.0025880307619941,-2.84189951935687e-05,5.82694575390619e-05,5.17584690742368e-05,-0.000144181153959089,0,-0.00779252649118334,-0.000186236537435214,0.000172667937412108,-0.00901396502631169,-0.000253063174988633,0.192686861948268,0,-0.000142017575109676,0.000186176091638401,-4.17163654207187e-05,-0.00164093407675914,0.00105355893720915,-0.0013269344021305,-0.000291646132929202,5.82694575390619e-05,-0.0101911064496694,-9.43277225564643e-05,-0.000130802347548808,-0.0109397493651295,-0.00115941970168798,-0.00055999149096575,-5.13025971331516e-05,0.00801339994212391,-0.000298746856377541,0.000128811363475201,-0.000414817870570516,-0.00218851977601986,-0.000248800026618312,-4.81427928145095e-05,-1.58970226511457e-05,5.17584690751249e-05,0.000163911667442562,5.45323920029261e-05,-0.000150096182756521,-0.00263964937821459,0.000412573256074467,-0.000203411230513595,-0.000144741234711532,-2.15376836445458e-05,-0.0106013273958547,3.43044587935992e-06,-0.000417127186850053,-3.84485318205563e-05,-0.00224610547604609,1.0406786616457e-05,0.000455541079669608,-0.000205753958597121,0.000121440558363162,-2.15376836445458e-05,-1.44939674697753e-05,-0.00214563176482141,-0.0103062724095366,5.45323920029261e-05,-7.59052294325713e-05,-0.00208338846690381,0.000367061545656355,0.000353346908651631,0.000113214453833166,-0.00999057308876328,-5.13025971331516e-05,0.000619002081220899,-0.000716034568685409,-0.0035058617667012,0.000224738277968761,5.45323920029261e-05,-0.010031224994262,0.000355807877007841,-0.000296829051150915,0.00011730451497538,-0.000673963510593012,-0.000139262412827357,0.000129853728652485,0.000408648378518173,-0.000523801237917176,0.000641306075236159,-0.000250943964517525,-0.000286745209258754,-4.28964831105105e-05,-0.00938908078993972,0.000670321608909674,0.000113214453833166,-0.00387285155990647,-0.000945440980636647,-0.000483573151184302,0.00038952901562439,-0.000346054378144167,0,0.000154401734803855,-8.83274979210924e-05,-9.72771846381448e-05,-0.000139262412827357,0.000412573256074467,0,-0.00931087954135368,-4.4947581735677e-05,-0.00395061084051562,-0.000504193550477261,0,-0.00358892280164369,-0.00865727870835009,0.000839296150800806,1.0406786616457e-05,-0.000309789946492778,-0.00110478062856334,-0.000595953585724729,-0.00496331777753323,-0.00196959726175727,-0.00019622068666969,-0.000489846412063066
"3:69271400:T:C",0,0,0,0,0,0,0,0,0,0,0,0,0,0,0,0,0,0,0,0,0,0,0,0,0,0,0,0,0,0,0,0,0,0,0,0,0,0,0,0,0,0,0,0,0,0,0,0,0,0,0,0,0,0,0,0,0,0,0,0,0,0,0,0,0,0,0,0,0,0,0,0,0,0,0,0,0,0,0,0,0,0,0,0,0,0,0,0,0,0,0,0,0,0,0,0,0,0,0,0,0,0,0,0,0,0,0,0,0,0,0,0,0,0,0,0,0,0,0,0,0,0,0,0,0,0,0,0,0,0,0,0,0,0,0,0,0,0,0,0,0
"3:69271579:T:C",-0.00044473596967709,-0.00124220875861081,-0.00140322221890532,-0.00236298590043837,0.000129244126949146,1.76536467906274e-05,-0.000116417664663082,-5.24504298091699e-05,-1.33980358771879e-05,-2.61897591249394e-05,-0.00194627869532749,-0.00370136332249071,-0.00156055435482028,3.92434759577398e-05,0.000152375204861777,0.000123915698480026,4.07384542366884e-05,-0.000116417664662194,-0.000186115492695649,-0.00140322221890532,-0.00012805332661614,0.000162813507682102,-7.45522085381367e-05,-0.00182486800310588,2.70479430177772e-05,-0.00320028648540571,-0.00520495085269612,-8.85290870833444e-06,2.20877740915171e-05,2.28390716383586e-05,-4.75595407252172e-05,0,0.000514506411658289,-0.00114500280656937,6.44395097708639e-05,-9.43637105343953e-07,-0.000726302538248014,-0.000142017575109676,0,0.126521510841705,7.0027412275131e-05,-0.00352506758659388,-5.47873198213367e-05,0.000356884215463538,-0.00373967787069773,2.18152747306632e-05,2.20877740915171e-05,-0.000206921415509598,-3.4769546203961e-05,-0.00123150576279585,-0.00162776560354416,-0.00915201322671333,5.49598900079218e-05,-1.92387352653256e-05,-0.000142017575109676,-0.00100669274590981,-0.00256857256128384,-2.1684365851371e-05,-0.000514740048743079,-9.35418642269426e-05,-1.78013482541317e-05,-0.00149254403919397,-0.00347448915670423,6.08072769630041e-05,2.0467961396875e-05,-5.63383461535949e-05,-0.00127993818731387,0.000149933366756727,-0.000505195201854214,-0.000962556109017854,-5.74065339087326e-06,-9.57595880279882e-05,1.52241571704792e-06,-0.000160421906760355,-1.33980358771879e-05,-0.00490790934959939,-0.00180048302388069,-0.00192355297111391,-0.00020112055697119,4.59351775035088e-05,-0.000192373881681362,-2.56016556932082e-06,-0.00144723929319124,-7.45522085381367e-05,2.0467961396875e-05,-0.000235838130800303,-0.0048783304096367,0.000134669375786878,-0.00319626312720711,4.24531527150052e-05,-5.37604202204278e-05,-1.92387352653256e-05,0.000220039275980355,-3.60050888801311e-05,-0.00481596515054639,-0.000726302538248014,2.0467961396875e-05,-0.00333247272545112,0.000130303796564313,-0.00045695883473762,-0.00323416559027834,-0.00213833324004664,-0.00111204124675446,4.94891537092812e-05,-0.000508177359842321,9.37543464019086e-06,0.000227942377143187,-0.000829044841242244,-0.0020762580661664,-0.00102472560626232,-0.00173470098074358,-0.00282747123843219,4.24531527150052e-05,-9.44926883352792e-05,-0.000453550922815182,-0.00115017872244927,0.000141127245244732,-0.00250902590759328,0,-7.45522085381367e-05,-0.0012026603831341,-0.000878904671544056,-0.00111204124675446,0.000149933366756727,0,-0.000540707638142734,-0.00125240015074812,-0.000321111559650866,-0.00128228321641632,0,-0.000627721745799281,-0.000242743162856662,-0.00544513424949233,4.61469325063746e-06,-0.000118369978755695,-0.00118444221739722,-0.00149377745721857,-0.0029230693030895,-0.00284016768434636,-0.000926733616074316,-0.000294150696933393
"3:69272761:G:A",-0.00352238229349133,0.000164788089916712,1.42462328822646e-05,-0.000309930575991046,-0.00349456517090019,-0.00701599341875347,0.000139330950366556,7.0027412275131e-05,1.6899969423001e-05,3.19934320227588e-05,-0.000102249560550938,-0.000320765247494137,-0.00140018746278248,-0.00276700487483605,-0.00359063194763554,-0.000197015166502723,0.0011009179121011,0.000139330950365668,0.000237735637649727,1.42462328822646e-05,-0.00144766199044621,-0.00670613766471817,9.98313144950913e-05,3.96985523414273e-05,-0.000338647618321808,-0.000184046989599729,0.000260899518703006,8.83619548819325e-06,0.000540803476740237,-4.10946205500196e-05,5.18355603080778e-05,0,-0.00197114190695569,8.90016241221758e-05,-9.88113202815555e-05,-5.31887084420646e-06,0.000127209873172163,0.000186176091638401,0,7.0027412275131e-05,0.146836739106423,1.95203723549753e-05,-0.00264927460962827,-2.65115041067077e-05,-0.00394762495169143,-4.69434763008536e-05,-0.00420653762917844,0.000224971676127339,4.71137141913047e-05,6.0566784783056e-05,-0.00167113897983828,-0.00517109470574173,-0.00125883629477297,2.71877142008492e-05,0.000186176091638401,0.000145441771532973,-8.87854547713118e-05,2.39810930606765e-05,-0.00970385548481456,0.000123319456338145,0.000668325951017401,-0.00137830226825031,6.01022061736955e-05,-9.20648950701874e-05,0.000629654391058665,7.68136754674131e-05,-0.0014018529827613,-0.000244332249785373,0.000103974665134565,-0.00231110447898253,-0.000183054316631015,0.000127209873172163,-2.69841823197225e-06,0.000205671380532735,1.6899969423001e-05,-0.00460206470444646,-8.19707849952778e-06,-0.000277968565603359,0.000106007932092922,-7.03675302933249e-05,3.28496754242735e-06,-0.00301463340901797,-0.00136321841759734,9.98313144950913e-05,-3.01793220174318e-05,3.19934320227588e-05,-0.00608933048985394,-0.000742942180187889,-0.00325838516293331,-6.39925698520116e-05,7.23180239035059e-05,2.71877142008492e-05,-0.000379979610739767,-0.000163762038138948,0.00041398714129981,0.000127209873172163,0.000629654391058665,-0.00967911602794747,-0.000864482162008073,0.000143569543113564,-6.71598430441733e-05,-0.000241348811275799,-0.000239377037575927,-7.69072598281184e-05,0.000156184737543086,-0.000189786295096361,-0.000903354094444531,0.000125276970298849,-0.00670227451720518,-0.00201885512989719,-0.005483099384747,-0.000412513578181617,-6.39925698520116e-05,-0.00242255436977867,-0.00171771180961899,-0.00157930848377585,-0.000226489448299283,0.00016298788535174,0,9.98313144950913e-05,4.22016757815058e-05,-0.00298288597651997,6.77075512598435e-05,-0.00100423653459014,0,-0.0040453761628747,-0.00244125521912242,-0.00487037568358595,-0.00180358019268301,0,-0.00220079355335479,-0.00578608767070499,-0.00151424146705104,-8.19707849952778e-06,0.000156184737543086,-0.000697723022255126,-0.00111591332859362,1.41841980418889e-05,-0.00366780750785267,-0.00234560066000533,-0.000132084374352637
"3:69274018:A:T",-0.0017687246270448,-0.0014727615667196,-3.21620847199e-06,4.87178883483708e-05,-0.00207281533990589,5.29300079588069e-06,-3.28253145216451e-05,-1.48812358506945e-05,-3.67455191074839e-06,-0.00163539840221727,1.84589672036495e-05,4.90764765732621e-05,-0.00237560922208946,1.12909518650284e-05,-0.00212171498488178,3.36453839233641e-05,1.14040826559858e-05,-3.28253145216451e-05,-5.52310396466638e-05,-3.21620847199e-06,-0.00703134260891858,4.38231334687345e-05,-2.13883399391435e-05,-0.00316353569214289,7.71484301065328e-06,-0.00183881045782286,-0.00523199257050511,-2.2864285620372e-06,6.24968793694336e-06,6.83307470872307e-06,-1.27190271594912e-05,0,0.000102122204807209,-0.00141800161600614,1.79349334645806e-05,1.17205333438619e-07,-2.76697720478225e-05,-4.17163654207187e-05,0,-0.00352506758659388,1.95203723549753e-05,0.130610478890511,-0.00190479845611513,8.50986072871152e-05,6.24672679609972e-05,6.94723931715657e-06,6.24968793694336e-06,-0.0036547503428741,-0.00133605721528962,-0.00151936424277643,-0.000972234685604256,-0.0033298366205301,1.55151784619889e-05,-5.46561927272649e-06,-4.17163654207187e-05,-3.24227301442548e-05,-0.00205335727607991,-5.76526205442462e-06,-0.00252165888887035,-0.00193738386113029,-5.02408655478348e-06,-0.00265453626856615,-0.00260403190106917,1.68999637466527e-05,5.7699000644007e-06,-1.61173503041567e-05,5.2572790979255e-05,-0.00355755784823675,-2.21604360906014e-05,-1.52973346603247e-05,-1.3387950446031e-06,-2.76697720478225e-05,4.59453442402946e-07,-4.71378130324496e-05,-3.67455191074839e-06,-0.00617739253788496,1.39095311180171e-06,-0.00236541579953453,-2.25407361229557e-05,1.29123543040066e-05,-0.00176965802106732,-3.72818695026922e-07,3.46610249328805e-05,-2.13883399391435e-05,5.7699000644007e-06,-0.00163539840221727,-0.00652467632358533,3.65053452178188e-05,-0.00424982345641567,1.19025076772417e-05,-1.52973346603247e-05,-5.46561927272649e-06,5.72288265319187e-05,-0.0027795293095858,-0.000340694597018576,-2.76697720478225e-05,5.7699000644007e-06,-0.00340760401289852,-0.00338002085957712,9.15745184739691e-05,1.24052480936498e-05,-0.00246128778856569,-0.00139689391639308,1.39398687064585e-05,-3.44783442711716e-05,2.82050184186033e-06,5.90828936104515e-05,-2.73041637930405e-05,-5.41825989097688e-05,-4.54128260498621e-05,-0.00362417257076686,-0.00152381746044394,1.19025076772417e-05,-0.00156494108731753,-0.00124745040249685,-2.34292549183834e-05,3.80113010463035e-05,-3.72541814011029e-05,0,-2.13883399391435e-05,-8.95550171886583e-06,-1.02576407519095e-05,-1.44609981518329e-05,-0.00355755784823675,0,-0.00164870138155493,-4.5784345807931e-06,-0.00148929668101605,-9.54722635260197e-06,0,-0.00167232862267586,-0.00697001106522332,-0.000267759173255833,1.39095311180171e-06,-3.44783442711716e-05,-0.00201376076615212,-0.00204313784021437,-0.00176494225291446,-0.00160524548348207,-2.09964302131382e-05,-0.00154417101901672
"3:69274314:T:C",-0.00556746470654801,-0.00264582379375922,-0.00864745927832189,-0.000754165930467732,-0.00912182293691233,-0.00887380519884173,-0.00661731762030904,-0.00735778731848846,-0.00205258092985794,-3.56293924017592e-05,-0.00041082659435876,-9.47608486048246e-05,-0.00965202189265035,-0.0138554322664364,-0.00858126409280624,-0.00345844865812595,0.000253855897768496,-0.00718843604608654,-0.000173751907167841,-0.00864745927832189,-0.00900206851854035,-0.00295648010159999,-0.00426271289011293,-0.000565104904059588,-0.0023133606286283,-0.00809825850870727,-0.000307026731267701,-0.00504766093069797,0.000153154227377605,-0.000405672763162723,-0.00836669855390415,0,-0.0226249343043832,-0.000489540786416498,-0.00143831854205967,-0.00572545611486364,-0.00620971822689853,-0.00164093407675914,0,-5.47873198213367e-05,-0.00264927460962827,-0.00190479845611513,0.544708507399949,0.0012043122730101,-0.00703380298084122,-0.00128789730897427,-0.00516698432184359,-0.00119759068613856,-0.00941296485382725,-0.000987172342409082,-0.00402614690078407,-0.00589923847569507,-0.00361584447696561,-8.61969641325899e-05,-0.00164093407675914,-0.00339837303929835,-0.0017727798309326,-0.00102851294219386,-0.00723030084163589,-0.00171993906623502,-4.93294459715798e-05,-0.0168686207769784,-0.00234307497115926,-0.000679997384465558,0.000147553440622339,-0.00511153038381806,-0.00690495880652486,-0.00449735468791701,-0.00176958660463811,-0.000988042274042478,-0.0111375707126431,-0.00362112427191263,-2.81104521429043e-05,0.000216156265049339,-0.00304273961798973,-0.010516380916894,-0.00250311513993751,-0.00259710576561956,-0.00297134426453383,-0.00362554636338075,-0.000238308389517883,-0.00757735956862549,-0.00598494800812022,-0.00426271289011293,-0.000207686812158769,-0.000472229702347171,-0.0080990028509218,-0.000312117076565865,-0.00619390835658562,-0.00715448870115054,-0.00297194442461191,-8.61969641325899e-05,-0.00180305862595986,-0.000374921482758861,-0.0148566803959933,-0.00388550299212209,0.000147553440622339,-0.00596472093246003,-0.0036327190939911,-0.0158370705280171,-0.00137064020014499,-0.00103280989969834,-0.00753372352860371,-0.00185996260644306,-0.00229975962777562,-0.00358772779140537,-0.000812011924445244,-0.00325000622646954,-0.00597469052958166,0.000126013535622249,-0.00743910461005903,-0.000307118672865148,-0.00109565070054884,-0.00545439324378494,-0.00802900690648922,-0.00115331838691723,-0.0017931721140183,-0.00542952696115861,0,-0.000250512464751829,-0.00386161280950592,-0.00729033366727627,-0.00281389092961248,-0.00309150912890654,0,-0.00821792635155649,-0.0059130001558545,-0.00990137228499099,-0.00169836483362129,0,-0.00396894709284235,-0.0034980602550192,0.000763612047731677,-0.00250311513993751,0.000445426481757494,-0.00733870749474841,-0.0076939969180656,-0.000734591937810336,-0.00587279482126579,-0.000609906175721875,-0.00201002321413224
"3:69274469:C:G",-0.00434811982701477,-0.000374716914479656,-0.0026349667436163,-0.000393311794700146,-0.0095183616797847,-0.0064989368653654,0.000175909985120626,0.000103346200663879,-0.00564399736912957,-0.00146644696509757,-0.000645281740372816,0.000985145572664159,-0.00117935293777194,-0.000631291227898068,-0.00957775751884338,-0.00101026515723213,0.000404439074722873,-2.60083652303678e-05,-0.00395850429625266,-0.0026349667436163,-0.00201111010991184,-0.00625099135325868,-0.00374199347733928,0.000173444569165682,-0.000397201415898607,-0.000722807159459826,0.00144760787772036,-0.00328958927805711,-0.00173152085411044,-0.000442955912810739,-7.84568955127796e-05,0,0.00112007985254436,4.76466021419597e-05,-0.000853514992118498,-0.00560670259305684,-0.00561502211397169,0.00105355893720915,0,0.000356884215463538,-2.65115041067077e-05,8.50986072871152e-05,0.0012043122730101,0.320723894756163,-0.00507712275970773,-0.000874720593881051,-0.000903364738364942,-0.0031235636112239,0.0002433238560684,-2.50917388822103e-05,-0.00279684191089302,-0.00342557961977308,-0.000751825558632291,0.000155487088195905,0.00105355893720915,-0.000281258467839329,-0.00402670331710198,4.93428249708217e-05,-0.00185771288685199,-0.000796237002366418,0.000132371778122753,-0.00375047442663412,-0.00142403130156676,-0.000556366738271308,0.000577747611222534,-0.00367357309813876,-0.00797110775755172,-0.00169570656990903,0.000577245260426906,-0.00424945617723615,-0.00217941930020604,-0.00330601695759292,-2.43029316244758e-05,0.000499098949390486,6.09250729475264e-05,-0.00205130078455795,-0.00315692093306996,-0.00340358330453672,-0.000799146747350932,-0.000451032543399954,-0.000225606439193449,-0.00215904795771671,-0.00631019367542152,-0.00374199347733928,-0.000181817413455576,-0.000114076691554388,-0.000692510575389882,0.00159749367034667,-0.000939549152925601,-0.00754800250945209,-0.00180754410446049,0.000155487088195905,-0.00325078204513929,-0.000173780350265496,-0.00220725142355604,-0.00330601695759292,-0.000181817413455576,-0.0180743112523567,-0.00157409221999494,-0.00148649837633297,-0.000997118902281713,-9.31615094863503e-05,-0.00200679675463,-0.00131618827146518,-0.00262589364400068,-0.00308651734783005,0.0017251588556908,-0.00203840848518855,-0.00772069675876486,-0.000303224201955388,-0.0156998032582951,-0.00476081904808368,-0.000394758756686819,-0.00716409506191162,-0.000862595874610683,-0.000874392394983659,-0.000899192889181499,-0.00223020465463009,0,6.30685245113227e-05,-0.000187860226048109,-0.00442419289380869,-0.000795677652332571,-0.00169570656990903,0,-0.0160847666678534,-0.00573673147637344,-0.0026325648871337,-0.000424760394489354,0,-0.00102386770789131,-0.013733274499558,-0.00276885726433918,-0.00315692093306996,-0.00270801935113063,-0.00882726369760078,-0.00492613539721898,-0.00310818283371539,-0.00587657467801828,-0.00166342151511589,-0.0040050139627974
"3:69274609:A:G",-0.00179134420534988,-0.00152169090408805,-0.00028262501456755,-0.0199947517889885,-0.00479989976785999,-0.0170027348264377,0.000152382035237597,0.000173292891002319,-0.00307514618749583,-0.0101335159155571,-0.00470465648059282,0.000394210123188632,0.000321427656970297,-0.00176411169835955,-0.00496955879887473,-0.00359169135510218,0.000438738267073191,0.000229455097184861,-0.00676585690551068,-0.00028262501456755,-0.00378283144400537,-0.00243528694841721,-0.00828587307265316,-0.00271863403010553,-0.00805640912347272,-0.00873883829089195,-0.00105070397606255,-0.00125568513470409,-0.00153612902271405,-0.000657272767507155,0.000198562796076551,0,-0.00169500383102461,0.000432609488423719,-0.0027450920066725,-0.0102020285992253,-0.0014662640775458,-0.0013269344021305,0,-0.00373967787069773,-0.00394762495169143,6.24672679609972e-05,-0.00703380298084122,-0.00507712275970773,0.526330061188022,-0.00261992027046043,-0.00153612902271405,-0.0100016885671139,0.000130019856690922,0.00015499896014326,-0.00758697294418376,-0.0169580760496832,-0.00405453965308356,1.91272634024742e-05,-0.0013269344021305,0.000716919949667716,-0.00527164971067418,-0.00437196241959015,-0.00325231942068882,-0.000154000059108927,0.000405154232531402,-0.00772468572752327,-0.000251248243865909,-0.00061863820149366,0.00046166580955731,-0.00402390615402037,-0.00570595022239662,-0.00201562730614002,0.000804026990744333,-0.00164897321516833,-0.00795646568479214,-0.0100960820763554,-0.00470091379953619,-0.00485952753622643,-0.00978971150519925,-0.00683296078745554,-9.64260273246254e-05,-0.00120169697673989,-0.00151020385668321,-0.000422357887468472,-0.000452323665509624,-0.00363205050991544,-0.00540470355750777,-0.0112212410933568,-0.000291661685674072,7.62527941846614e-05,-0.00513368533352709,-0.0020858913359314,-0.00272836081912375,-0.00300920498774904,-0.0127857496357047,1.91272634024742e-05,-0.00378006387749297,-0.0019718964279809,-0.00828546741805569,-0.000234912232700779,0.00046166580955731,-0.00477330184468583,-0.00591095854819867,-0.000468635347489865,-0.000369457392909389,-0.00145462278484443,-0.0039334434457734,-0.00349431020201418,0.000525727594908432,-0.00157883382793589,-0.00341688012605212,-0.000183856490422407,-0.0109668310540392,0.000383702404794573,-0.00396399895947219,-0.0123252144800481,-0.000545291183506436,-0.00408927897264144,-0.00205467753979161,-0.000875699934045127,-0.00207418129479997,-0.00464103216080947,0,-0.000227114330498601,-0.00422312884340581,-0.00365998378071186,-0.000803689643271266,-0.00466571047144049,0,-0.00148753822681558,-0.00335218301321927,-0.0038474534586177,-0.00163671324174341,0,-0.00318410869826025,-0.012690889271127,-0.00335660651964576,-9.64260273246254e-05,-0.0174455853368736,-0.00959425197478669,-0.0119358184494924,-0.00847865615602306,-0.0183608320345736,-0.0101936324749894,-0.00249256373695195
"3:69274643:G:A",-0.000281279599019246,-0.000352259744466288,5.3266306894173e-06,-0.000172638511196865,-0.00777536539676138,-0.00220571895834176,-0.00404015097279142,-0.00142230324428194,-0.0041406729535014,1.13677881525831e-05,-4.35853845557332e-05,-0.000228024957941386,-0.00643401797555754,-0.00461209791310857,-0.00792527661952036,-0.000718297070728902,-2.43640511126131e-05,-0.00386008515029346,-0.00166336576393977,5.3266306894173e-06,-0.00227137985136228,-0.00822626953226635,-0.00335374998923932,-0.00190671779055851,-1.59906245071895e-05,-0.00864244981209517,-0.00164410270489501,3.62555147681576e-06,-1.25343470065431e-05,-0.00186305501893003,-0.00456606505241375,0,-0.000591988644226937,-0.00134849173524021,-0.00106327277097318,-0.010625816865967,-0.00104324754497931,-0.000291646132929202,0,2.18152747306632e-05,-4.69434763008536e-05,6.94723931715657e-06,-0.00128789730897427,-0.000874720593881051,-0.00261992027046043,0.356898315933977,-1.25343470056549e-05,-0.00199180505588448,-0.00310352570541816,-0.00115879182756462,-0.00251739767633818,-0.00662180553481617,-0.00637817485378367,9.23669410557437e-06,-0.000291646132929202,-0.0062475361600578,-0.00223845036418346,-0.00449136118981297,-0.00864615032467286,3.30138560364901e-05,-2.54929650358449e-05,-0.00228802842799603,-0.00201057038929431,0.000499257491334504,-1.14336313421504e-05,2.33242623224328e-05,-0.00701935194203518,-0.00386291814805961,-0.00456642588946021,-0.00133440656981243,1.83935940789581e-06,-0.00359057120054374,-9.0436055355525e-07,-0.00644734101401845,-0.00607358336447916,-0.0074093808917195,-2.77721089947391e-06,-0.00546636558451397,2.96724958941397e-05,-0.00316776984453426,-0.00219356928621028,-0.00202322583080061,-0.00639160841896924,-0.00335374998923932,-1.14336313421504e-05,-0.00234035316778058,-0.00777086953183215,-7.12847273032224e-05,-0.00184242983223104,-0.00578048630137484,-0.00309703891355539,9.23669410557437e-06,-0.00770401648114305,-0.000402335547270205,-0.0064170754558468,-0.00599090386503853,-1.14336313421504e-05,-0.0110055023922606,-0.00365663239557179,-0.00159197276630074,-2.7027811997371e-05,-0.00138920881815086,-0.00321292866853273,-0.000122660717617684,-0.00479139583241039,-4.61024933517962e-06,-0.000477581691542994,3.32926823611857e-05,-3.82972505441614e-05,-0.00038042972585739,-0.0109905600638829,-0.000254710042841388,-2.56810955425735e-05,-0.000785609837050671,-0.00152007337710147,-0.000174714105422247,-0.00538121370919065,-0.00121316977885311,0,2.85779667894559e-05,1.41857598947581e-05,-0.00301682271874704,-0.00273158913779969,-0.00386291814805961,0,-0.014677790851886,-0.00167736580290256,-0.000871905167343812,-7.18734225335638e-05,0,-0.00599948629636682,-0.00309610784469649,-0.00143516573288593,-0.00225794270057289,-0.00297954533527456,-0.00312969274961405,-0.00054691317814104,-0.00183951626579582,-0.00326306272765553,-0.00127254309359426,-0.00728606125503894
"3:69277001:T:C",-0.000141660501071783,5.23696334031598e-05,4.75048086023833e-06,-9.30859128818184e-05,-6.59102182405391e-05,-0.00507981852289685,4.53927557346745e-05,2.20877740915171e-05,-0.00528003664475118,1.05363070046494e-05,-3.10912649359452e-05,-9.48364438366767e-05,-0.00572951673936828,-1.89864775759219e-05,-7.82098073512927e-05,-5.98803740050613e-05,-0.00120277115958967,4.53927557355627e-05,7.46579005257431e-05,4.75048086023833e-06,-0.00624511773209324,-8.23276669299489e-05,3.13258785569204e-05,1.27179012840983e-05,-1.26504072346378e-05,-5.26282854869109e-05,-0.00418487697398096,3.21421246596287e-06,-0.00652898253121403,-1.16803532757004e-05,1.78744570975553e-05,0,-0.00117506499026554,2.82781034428581e-05,-3.01106211608726e-05,-7.97884676551064e-07,3.98988757011054e-05,5.82694575390619e-05,0,2.20877740915171e-05,-0.00420653762917844,6.24968793694336e-06,-0.00516698432184359,-0.000903364738364942,-0.00153612902271405,-1.25343470056549e-05,0.106522556242836,7.12270127047887e-05,1.48205897207987e-05,1.94160442203994e-05,0.000115538365032641,-0.00571925481162872,-2.61208558036685e-05,8.43188385601934e-06,5.82694575390619e-05,4.59467055353713e-05,-2.59149059766983e-05,-0.00537466438377621,-0.00129129972818642,3.88084961739921e-05,0.000597639427753371,-3.55577541366614e-06,-0.00138615371229545,-2.81848659255957e-05,0.000596374212026518,2.40075632964576e-05,-0.00155377366835463,-7.39123564814648e-05,3.24939056257634e-05,2.27354625454979e-05,-0.00157035672774786,3.98988757011054e-05,-7.69652941379206e-07,6.47337474397602e-05,5.50463292636749e-06,-0.00129638568520551,-2.33682540695668e-06,-8.34478443207942e-05,3.3067493097505e-05,-2.13733578782183e-05,1.63949465203928e-06,-0.00140001314822058,-0.00151331591895243,3.13258785569204e-05,-9.26729003491999e-06,1.05363070046494e-05,-0.0047958012130076,-0.000647915474702998,-6.7799330389029e-05,-1.95546078778364e-05,2.27354625454979e-05,8.43188385601934e-06,-0.000114032183184953,-5.07418060990972e-06,-0.00105828886743886,3.98988757011054e-05,-9.26729003491999e-06,-0.00123456823024082,-6.34898681193263e-05,4.54263832248003e-05,-2.04584590468571e-05,-7.24712269120076e-05,-0.00210501076340641,-2.32371161770217e-05,4.89372121492693e-05,-4.75981272707315e-06,-0.000685247482745233,3.93570070569282e-05,-3.72886907733516e-05,-0.00473406146562017,-0.0013137954738367,-0.00012377219639248,-1.95546078778364e-05,-0.00165346019839951,-0.0013537641322392,3.35517021765597e-05,-6.8836689457008e-05,-0.0049477592777345,0,3.13258785569204e-05,1.34273512033545e-05,1.5504685250356e-05,2.14321368208203e-05,-7.39123564814648e-05,0,-0.00510779427363328,6.98580913827129e-06,-0.00174863586720875,1.3650719682623e-05,0,-0.00148246130060503,-0.0012378194767324,-0.000632796030601845,-2.33682540695668e-06,4.89372121492693e-05,-1.99132528049262e-05,-0.00124133769436874,6.39387302747707e-06,-0.00140550257136329,3.07311851397429e-05,-0.00172408203761609
"3:69281338:G:A",-0.00136805409908103,-5.83132491280836e-05,-0.000302618007873789,0.000154970491200501,-0.000434392468164013,-0.000189795817744809,-0.000282144378148885,-0.000987789263923844,-4.90333515132946e-05,-9.76733850768241e-05,-0.00188848273191233,0.000193324807758799,-0.00268189307246747,0.000116956347851804,-0.000373422000912171,0.000406797209734577,0.000133414119529718,-0.000246049434048601,-0.00319472490436379,-0.000302618007873789,9.41691409277468e-05,-0.000174158579813621,-0.00132215365688459,-0.00172774623480265,8.44137770412701e-05,-0.00620662513123627,-0.00578385015572813,-0.000280933321157306,7.12270127047887e-05,-0.00123272351835357,-0.000424908333346075,0,-0.00278910223882001,-0.00217227686159394,0.000209493281039919,-0.00361016145997084,-0.000762633075922281,-0.0101911064496694,0,-0.000206921415509598,0.000224971676127339,-0.0036547503428741,-0.00119759068613856,-0.0031235636112239,-0.0100016885671139,-0.00199180505588448,7.12270127047887e-05,0.21848780708936,-0.000118679559909296,-0.00116252799096994,0.000518989515312818,-0.00296639884810634,-0.00145452575132676,-6.37718665821296e-05,-0.0101911064496694,-0.000809059736893936,-8.50496065512019e-05,-0.00135605949180828,-0.000945822957005849,-0.00031655245589679,-6.01482298705491e-05,-0.00275141877893148,-0.00154576840649856,0.000199451719092636,6.69267462267698e-05,-0.000599413039848784,-0.00289627511633306,-0.00260532648107059,-0.000497157501882839,-0.000903994468798963,-0.00658043725557711,-0.0012180751246671,-0.0032658428466501,-0.00131138290334221,-4.90333515132946e-05,-0.00490824938525147,-0.00160817141198066,-0.00584039178928641,-0.000194790512606957,0.000147516963412642,-0.00128946879237635,-0.00618253969715532,-0.00334236904438612,-0.00132215365688459,6.69267462267698e-05,-0.00121636255045221,-6.92497486878274e-05,-0.00165838447474886,-0.00104491330286383,0.000138064020957174,-0.00148533932403794,-6.37718665821296e-05,-0.00134962809630412,-0.0038647816724291,-0.00780503382073228,-0.000762633075922281,6.69267462267698e-05,-0.00133473366126147,-0.00248788309164549,-0.00435169638044108,-0.0029518731062721,0.000471071916356536,-0.00346725135224979,0.000157179727812817,-0.00059435672589192,2.43351906501488e-05,0.000748226138608921,-0.000863880963692942,-0.000114342147123914,-0.00343618915556654,-0.000616094155228009,9.22914904508687e-05,0.000138064020957174,-0.000416271220544218,-0.00354589567210706,-0.00277107140679167,0.000465193437613642,-0.00472768619111896,0,-0.000251344143990195,-0.00109554468320017,-0.00077857872910414,-0.000537692202011719,-0.00260532648107059,0,-0.0047157548123975,-0.00110706605783495,-0.000156663812655999,-0.00229787984573449,0,-0.00424599851604368,-0.00394318260857629,-0.00475041818767785,1.19657104207249e-05,-0.00162037197352838,-0.00180399433898293,0.000172259526463492,-0.000235238677767313,-0.000373805447963615,-0.00177388338094886,-0.00268842914267875
"3:69282620:T:G",-0.00162392570608372,-0.0012081823242438,-7.76990024853319e-06,0.000124052599777436,-0.00267893007248698,1.21630058140809e-05,-0.00332698175944302,-3.4769546203961e-05,-8.80425685600983e-06,-1.71458392408397e-05,4.45399261010948e-05,0.000124466295567949,-0.000126522994810863,2.66275818336936e-05,-0.00261284586030808,8.33463007854363e-05,2.72986605045489e-05,-0.00337501026535403,-0.000142009588546266,-7.76990024853319e-06,-0.000204173309359845,0.000110110701944777,-4.94935215620274e-05,-2.0160145389525e-05,1.8234182858734e-05,6.93439981267474e-05,-0.000137567594407528,-5.66792108003256e-06,1.48205897207987e-05,1.57356331023095e-05,-0.00317196917427687,0,0.000355921620355026,-4.51934665512965e-05,4.32725699948122e-05,-2.10452888893542e-07,-6.35668792678956e-05,-9.43277225564643e-05,0,-3.4769546203961e-05,4.71137141913047e-05,-0.00133605721528962,-0.00941296485382725,0.0002433238560684,0.000130019856690922,-0.00310352570541816,1.48205897207987e-05,-0.000118679559909296,0.111183253566407,-3.10354654544653e-05,0.000277315640909492,-0.000545331554572925,3.70787844907738e-05,-1.28347736954026e-05,-9.43277225564643e-05,-7.43317787241793e-05,3.56767809330805e-05,-1.40308167111414e-05,-0.000607225934423639,-0.000887377496209929,-1.1842850468291e-05,-0.00306251321688045,1.57356331023095e-05,4.07759717742096e-05,1.37058518845379e-05,-0.000644225513759977,-0.00164980486226085,0.000101015309113883,-5.11486468717237e-05,-3.56779031864818e-05,-3.52039672613103e-06,-6.35668792678956e-05,1.04892504904086e-06,-0.000106281813608611,-8.80425685600983e-06,-0.000197480770186331,3.17945616767901e-06,0.000112216261031861,-5.1962896908897e-05,3.08722657784699e-05,-3.52039672613103e-06,-1.32584484990872e-06,-0.00160440401081274,-4.94935215620274e-05,1.37058518845379e-05,-1.71458392408397e-05,-0.003122243182891,9.07413107924526e-05,-0.000207959467220853,2.84777748458254e-05,-3.56779031864818e-05,-1.28347736954026e-05,-0.00205453478108808,5.55578400440737e-06,-0.0012725461577876,-6.35668792678956e-05,1.37058518845379e-05,-0.00399588697206799,8.77388500128973e-05,-0.00235328107830224,2.96689158689745e-05,9.85198068841342e-05,-0.00110401603905608,3.33163392731706e-05,-7.85923227599739e-05,-0.00165554513556376,-0.00205622903807168,-6.27957874677065e-05,-0.00149861798885009,-0.000102850123480103,-0.00357402585643563,0.000159885562646345,2.84777748458254e-05,-0.00472582241278818,-0.00913652572485635,-0.00113176396798487,-0.0012370167267548,-8.5251055462976e-05,0,-0.000814032426220024,-2.11433663155347e-05,-2.40307567445086e-05,-3.38512875357466e-05,0.000101015309113883,0,-0.00212218692057498,-1.08405650447452e-05,-0.0054720709027718,-0.00127941766012807,0,-0.00260103157860847,-0.00394787815074249,-0.00252418134988019,3.17945616767901e-06,-7.85923227599739e-05,-0.00755954727448849,-0.00251578271245734,-1.31290336300438e-05,-0.00136070069097105,-4.86523558240748e-05,-0.00125821174370433
"3:69284369:T:C",-0.000610355459636835,-0.0021759153690617,-1.04852012121626e-05,0.000151533565808215,-4.05070751439141e-05,1.56995001585614e-05,-0.00018262635450661,-0.00123150576279585,-1.18365816517141e-05,-2.32149194969722e-05,-0.00155489673999742,-0.0019564226895854,-0.00207202133360074,3.44488099450757e-05,-3.25230290263434e-05,-0.00163161332262618,3.55562729028591e-05,-0.000189655134359867,-0.000369151754801678,-1.04852012121626e-05,-1.59670902943887e-05,-0.00180060078228728,-6.73753731428306e-05,-0.00143467824227805,2.37793715509582e-05,8.7333870979478e-05,-0.00072181810546823,-8.24045691052433e-05,1.94160442212876e-05,2.02793458878858e-05,-0.00256652729814011,0,-0.000261888674200961,-0.00119186499283952,-0.000836544629320812,-6.42291594132871e-07,-0.00410835428538014,-0.000130802347548808,0,-0.00123150576279585,6.0566784783056e-05,-0.00151936424277643,-0.000987172342409082,-2.50917388822103e-05,0.00015499896014326,-0.00115879182756462,1.94160442203994e-05,-0.00116252799096994,-3.10354654544653e-05,0.113237693547859,-0.000293894914940473,-0.000506039689389226,-0.00195336355897346,-1.71127480177447e-05,-0.000130802347548808,-0.00118494319826024,4.58547046040536e-05,-1.91220181786633e-05,-0.00190359141782981,-0.0038161921874087,-1.58127515739181e-05,-0.0024448628311653,-0.00175209930472153,-0.000347046576850474,1.79882039672563e-05,-5.06564813846921e-05,-0.00103876775471612,0.000125509402626456,9.87526859210774e-05,-4.82742965637328e-05,-4.94476017198764e-06,-8.70775566710336e-05,1.36031300712602e-06,-0.0018265023335049,-1.18365816517141e-05,-0.00275839270479672,4.11964895352668e-06,0.000138262108380971,-7.0691406716783e-05,4.00667893014628e-05,-0.00221706128344756,-0.00177900675131237,-0.000893562204052678,-6.73753731428306e-05,1.79882039672563e-05,-0.00199909471521931,-0.00267935186193924,-0.00149099018558374,-0.001625683350575,-0.00131752403686658,-4.82742965637328e-05,-1.71127480177447e-05,-0.000268858881507406,6.82531039863932e-06,-0.0012237565854698,-8.70775566710336e-05,1.79882039672563e-05,-0.00337979869157845,0.000110006209212088,8.51057249029452e-05,3.85497474999497e-05,-0.00228891586247215,-0.00129528740719298,4.31423245528251e-05,-0.000108326596638619,8.35806972609987e-06,-0.000262256064281097,-0.00172418743582359,-0.00231651704124669,-0.00120048958982988,-0.00222300918739959,-0.00118003848693871,3.70462974590424e-05,-0.000603459380505988,-0.00101058031643708,-0.00133058270642383,-0.000592436351817049,-0.00137865546179849,0,-0.00101087603986816,-2.84808962618399e-05,-3.22938013397334e-05,-0.001552328905988,0.000125509402626456,0,-0.00286883532426785,-1.45001761984176e-05,-8.57923926993465e-05,-0.00309258008241997,0,-0.00262115984403843,-0.00116033981726238,0.000226021864813575,4.11964895352668e-06,-0.000686045557868553,-0.00257460220896277,-0.00474117236846272,-0.0015497854722728,-0.00318438457225856,-6.62468538568106e-05,-0.00145440085631776
"3:69285021:C:T",-0.00288342599687708,-0.000316227807974911,-0.00054324153136065,0.000335793558893016,3.68357760462956e-05,-0.00316553439600398,-0.00344603882040495,-0.000307140422836305,-8.86611923061054e-05,-0.00104300269330082,-0.00219630595928422,-0.00542511001274715,0.000326862046835963,0.000174041622061694,9.87883785290578e-05,0.000672696654172356,0.00021978869463446,-0.00350281158916665,-0.00164872063166399,-0.00054324153136065,-9.68198584843094e-05,-0.00516726131287371,0.00147099436393727,-0.00197650095051038,-0.00151291801556486,-0.00571870730953172,-0.00114095025126293,-7.50464269323459e-05,0.000115538365031753,-0.000361386523095142,-0.000801445162742276,0,-0.000764846970183086,-0.00104196203425122,0.000342745350961238,-0.00109402235956324,0.00208998527795234,-0.0109397493651295,0,-0.00162776560354416,-0.00167113897983828,-0.000972234685604256,-0.00402614690078407,-0.00279684191089302,-0.00758697294418376,-0.00251739767633818,0.000115538365032641,0.000518989515312818,0.000277315640909492,-0.000293894914940473,0.226246516210162,-0.00266060713399163,-0.00110274935492605,-0.00010610376310094,-0.0109397493651295,-0.00824580038603084,-0.00252598253861258,-0.00118043852978644,-0.00112242199946744,-0.000905846031884039,-0.000101816671501886,-0.0025776372907087,-0.00236361098577564,0.00032921529566643,0.000110047073953901,-0.00091428311516939,-0.00464032266014947,-0.0020344401479937,-0.000428658500807089,0.00063212535645274,-6.57027369097563e-05,0.00226972863804686,-0.00301331309614383,-0.00305425646059199,-8.86611923061054e-05,-0.00582913486325731,1.47673411525773e-05,-0.00468957545572746,-0.000431125801243937,0.00023833068023027,-6.57027369097563e-05,-5.61363869442388e-05,-0.00359211308719143,0.00147099436393727,0.000110047073953901,-0.000178945819191867,-0.00623577008058618,0.000717416020241224,-0.00221872340410201,-0.00521380040068653,0.00063212535645274,-0.00010610376310094,0.000517124822821735,-0.000983499127795717,-0.00690229701397449,-0.000538579507490589,0.000110047073953901,-0.00649557613115892,-0.00518643329691493,-0.00248343057574996,0.000232080241389987,0.00076480213622343,0.000299318155558836,-0.00267997877177262,-0.000656354138547144,-0.000400710372807644,-0.00405537287791979,-0.000536711149430324,-0.00429719040312726,-0.00151761434168396,-0.00668921825855406,0.000406371281571616,0.000225899971113108,-0.00378026802097775,-0.00216739521360054,-0.000134338478638973,-0.000871199625781749,-0.00211242656689947,0,6.59217165130954e-05,-0.00019484501882161,-0.000206296596251043,-0.000303886577800228,-0.0054535980791881,0,-0.00303730745706865,-9.74811004716969e-05,-0.00173060363908117,-0.00126002311091078,0,-0.000791936053282871,-0.00558837902265008,-0.00864979229288299,1.47673411525773e-05,-0.00208280181884213,-0.0012058332342697,-0.00216489673247899,-0.000368387917689894,-0.00155845030756518,-0.000831552788547185,-0.000205887638763613
"3:69289312:T:C",-0.00438002588952946,-0.00118377941701464,-0.000169229218037081,7.1067289951543e-05,-0.00632574043676115,-0.000139996576905332,-0.00438379991333804,-0.00117604060893228,-0.0032715243113639,-0.00141459690148071,-0.00164190465980329,0.000150821998415207,-0.00242429654031584,-0.000452180230300137,-0.00592793335146435,-0.00400311001784281,-9.74984586790129e-05,-0.00520863472424526,-0.00165350458670765,-0.000169229218037081,-0.014213255448118,-0.0033126936652228,-0.00360857509089207,-0.0106148183785475,-0.00340980535967628,-0.00648343300891918,-0.0116319494169899,-0.000557235605182171,-0.00136052500500039,-0.00236557991790676,-0.00470812654590791,0,-0.00611982368137154,-0.000713965582905374,-0.00261935272514346,-0.000565045394930408,-0.000912677668286399,-0.00115941970168798,0,-0.00915201322671333,-0.00517109470574173,-0.0033298366205301,-0.00589923847569507,-0.00342557961977308,-0.0169580760496832,-0.00662180553481617,-0.00571925481162872,-0.00296639884810634,-0.000545331554572925,-0.000506039689389226,-0.00266060713399163,0.419392402537433,-0.000333260246920375,0.000190728515895522,-0.00115941970168798,-0.000337516380735536,-0.00405563288083588,-0.00357003144686807,-0.00662663500943061,-8.20752110088918e-05,0.000194936792603073,-0.0039533999940522,-0.00188290934097246,3.52632275832931e-05,-0.00023649430029149,-0.00203132215266333,-0.00617395302997714,-0.00185705227939259,-0.0017542985939567,-0.00238358823732998,-0.000249042235280328,-0.0045130442994612,-3.42025516903988e-05,-0.00137451749950479,-0.00201650577920454,-0.00448721813629316,-2.44063839929254e-05,-5.77887796371357e-06,-0.00428435898624802,-0.000819707418775018,-0.000142797228063429,-0.000291918965724669,-0.00731169988139646,-0.00360857509089207,-0.00023649430029149,-0.000314816284583408,-0.00223828597890252,-0.00618598836798956,-0.000816483265071888,-0.00218210055007262,-0.00407849310809194,0.000190728515895522,0.000464221804485909,-0.00187847234085936,-0.00443691581579575,-0.000872422158775699,-0.00023649430029149,-0.00996025488965824,-0.000578603423155855,-0.00463512617297379,-0.00028272424747211,-0.00187831285859286,0.000114924548330286,-0.000216000721708909,-0.000177422678801165,-0.00122747443293481,-0.00134169477458723,-6.12210160699789e-05,-0.0133059356235923,-0.00344801198218558,-0.0139175339114668,-0.00605706061359346,-0.00289186995992452,-0.00230006061966348,-0.00945271797434932,-0.00104427502383331,-0.00399574126574542,-0.00280983351686626,0,-0.00374038542481792,-1.60386066827556e-06,-0.00604182334355663,-0.00251252515842904,-0.00146464711210204,0,-0.00140794477418948,-0.00461994869573612,-0.00568430064687764,-0.00113786048977582,0,-0.000734450643679718,-0.00754426916624951,-0.00189007824237164,-2.44063839929254e-05,-0.000751277313383092,-0.0148330918274837,-0.00731685398372672,-0.00415574643690508,-0.00252147788621793,-0.0024934410527182,-0.00193417494110948
"3:69290814:G:A",5.37995793123969e-05,5.07122851303166e-05,1.14817782757015e-05,-0.000253016652340676,-0.000989454649946708,-3.4538452189814e-05,0.000109341770657245,5.49598900079218e-05,1.35120340694073e-05,-0.00456858567724261,-8.14637223047754e-05,0.00223730976296466,-0.000226739873051329,-0.00259870850491151,-0.000921877352442202,-0.005810603237423,-4.83142698630701e-05,0.000109341770657245,0.000180843262278962,1.14817782757015e-05,-0.0023885972329305,-0.000278812724374689,-0.00149297972472606,3.14644301209199e-05,-0.00157621501230309,0.0005870472528402,-0.000959053619706829,7.33773477090693e-06,-2.61208558027803e-05,-0.00189290100062056,4.2039046276976e-05,0,-0.00135135379392004,-0.00182374027501897,-0.00464669552828667,0.0014381352530588,9.87054540164678e-05,-0.00055999149096575,0,5.49598900079218e-05,-0.00125883629477297,1.55151784619889e-05,-0.00361584447696561,-0.000751825558632291,-0.00405453965308356,-0.00637817485378367,-2.61208558036685e-05,-0.00145452575132676,3.70787844907738e-05,-0.00195336355897346,-0.00110274935492605,-0.000333260246920375,0.141173726348374,2.13671921560632e-05,-0.00055999149096575,0.00011277901932516,-8.01482656562769e-05,1.95207440460976e-05,-0.00297715092096684,9.58614695312221e-05,1.94422460957355e-05,-1.27129134810389e-05,-3.1825493081783e-05,-7.33811468931478e-05,-2.38572010555771e-05,-0.00135259439276503,-0.000295739637819814,-0.000198174785630556,-0.00116248318181267,5.66751623942707e-05,3.07850387049058e-06,-0.00134757978728306,-2.07808413676958e-06,0.000157547121372836,1.35120340694073e-05,-0.00173952771135211,-6.31780140203375e-06,-0.000226005068314272,-0.000855491851091017,-5.57851329991976e-05,-0.00226047016496356,-1.30070765003154e-06,-0.000279834123736222,-0.00149297972472606,-2.38572010555771e-05,-0.00209775646130783,-0.00209095982622109,-0.000176510470022428,-0.000184750500268116,-5.07710427504193e-05,-0.00166761008623606,2.13671921560632e-05,-0.00241812946040554,-1.52102653290243e-05,0.000542162831798088,-0.00134757978728306,0.000205092076185132,-0.00250037313268425,-0.000169358856899393,0.000111424899952972,-0.0010779866055346,-0.0029189560703653,5.32213978674534e-05,-0.00140913849143409,-0.00108489204648965,-1.28946781705608e-05,-0.00126355920356414,-0.00145309309234065,-0.00294238863639418,0.000151282519745166,-0.00719961974047223,-0.000340751614711365,-5.07710427504193e-05,-0.00334568095145826,-0.00547559220685079,8.20576254527694e-05,-0.000183495085711805,-0.0021979662434628,0,7.78347306589211e-05,-0.00176804993975388,-0.000477490351872056,-0.00182369182763331,-0.000198174785630556,0,-0.00640073700465038,-0.000179984822723078,-0.00419725320710729,3.24218866447623e-05,0,-0.00742276285034293,-0.00211129151082279,-0.000445754366446671,-6.31780140203375e-06,0.00012053087941144,-0.00446890034919623,-5.26238211460139e-05,-0.00038113078645452,-0.00392486122649949,-0.000209200226042761,-0.0019536612955422
"3:69290866:A:T",6.63433836125549e-05,-4.66037535300501e-05,-4.28001780239384e-06,7.40934066305599e-05,5.19530084650555e-05,7.070205234605e-06,-4.10937468293682e-05,-1.92387352653256e-05,-4.87614766786493e-06,9.52381576961869e-05,2.56504295226279e-05,7.45713478531584e-05,6.52552257349726e-05,1.53604416412989e-05,6.15252448996628e-05,4.87706044438596e-05,1.5583353294879e-05,-4.109374682848e-05,-6.64521152220487e-05,-4.28001780239384e-06,2.09471379299941e-05,6.5449877314272e-05,-2.72893687878195e-05,-1.11647665104186e-05,1.04289585758366e-05,-9.23543087196776e-05,-7.36590085370636e-05,-3.06732684940414e-06,8.43188385601934e-06,9.15836505921419e-06,-1.66186139169966e-05,0,-0.000359435773964911,-2.48559086575284e-05,2.48945964180791e-05,8.91898910282407e-08,-3.48877800577796e-05,-5.13025971331516e-05,0,-1.92387352653256e-05,2.71877142008492e-05,-5.46561927272649e-06,-8.61969641325899e-05,0.000155487088195905,1.91272634024742e-05,9.23669410557437e-06,8.43188385601934e-06,-6.37718665821296e-05,-1.28347736954026e-05,-1.71127480177447e-05,-0.00010610376310094,0.000190728515895522,2.13671921560632e-05,-0.00439505058654888,-5.13025971331516e-05,-4.05469708395501e-05,2.07115219401643e-05,-7.64722095603076e-06,7.98486209463434e-05,0.000560691009501291,-6.62502903825413e-06,1.61724700742383e-06,9.15836505921419e-06,2.34078448224651e-05,7.78077916763209e-06,-2.0770725516428e-05,8.0664366683969e-05,5.96249632858203e-05,-2.82244393945419e-05,-1.97551825218412e-05,-1.82660711889326e-06,-3.48877800577796e-05,6.07392329321499e-07,-5.74640607844401e-05,-4.87614766786493e-06,2.35298657287331e-05,1.84244523282473e-06,6.66685275163559e-05,-2.86841319576681e-05,1.7691803494202e-05,-1.82660711889326e-06,-5.56875384916111e-07,4.99520166474809e-05,-2.72893687878195e-05,7.78077916763209e-06,-9.43661260155437e-06,2.98833131155973e-05,5.33383864045334e-05,5.38473595188549e-05,1.62784162611729e-05,-1.97551825218412e-05,0.00182032951166811,8.99202833819501e-05,3.43693912085996e-06,-7.42094136452209e-06,-3.48877800577796e-05,7.78077916763209e-06,-2.35222756543862e-05,5.14801700397527e-05,0.000433288209300109,1.69811899768391e-05,5.81760896025685e-05,-1.87163716427463e-05,1.91370806783553e-05,-4.29384135793853e-05,3.7474149809924e-06,9.35146915956864e-05,-3.4453830054737e-05,2.73409011404269e-05,-5.55360912386504e-05,6.11309210984956e-06,9.71911168416995e-05,1.62784162611729e-05,0.000153689882607999,-0.000156025852976249,-2.98234392639429e-05,5.58460871609157e-05,-4.62111850927371e-05,0,-2.72893687878195e-05,-1.17277497375667e-05,-1.33790257148547e-05,-1.87163716427463e-05,5.96249632858203e-05,0,2.82391069941212e-05,-6.04854356645035e-06,0.000228820150663722,-1.25488564446385e-05,0,7.20142920407341e-07,0.0001305657795454,0.000122345073140906,1.84244523282473e-06,-4.29384135793853e-05,0.000307471119318059,0.000129014998237587,-6.84981862786316e-06,0.00012251600805957,-2.68138113037608e-05,0.000182934633679466
"3:69291808:C:T",-0.00126996049041317,-0.000347735424313989,-0.00916047503335893,0.000508121129206174,-0.000339356950026293,-0.00059297775782774,-0.000324122112004943,-0.000142017575109676,-3.84485318205563e-05,-7.59052294325713e-05,0.000177119981079166,0.000495760681323176,-0.000177833064337385,9.8056960829318e-05,-0.000327253407949257,0.000339401075826196,0.000109169612405147,-0.000324122112004055,-0.000477668902241213,-0.00916047503335893,-0.0107176304707979,-0.000512217345611354,-0.0103062724095366,-8.52755689191298e-05,6.97338887336585e-05,-0.00846570714515682,-0.0025880307619941,-2.84189951935687e-05,5.82694575390619e-05,5.17584690742368e-05,-0.000144181153959089,0,-0.00779252649118334,-0.000186236537435214,0.000172667937412108,-0.00901396502631169,-0.000253063174988633,0.00801339994212391,0,-0.000142017575109676,0.000186176091638401,-4.17163654207187e-05,-0.00164093407675914,0.00105355893720915,-0.0013269344021305,-0.000291646132929202,5.82694575390619e-05,-0.0101911064496694,-9.43277225564643e-05,-0.000130802347548808,-0.0109397493651295,-0.00115941970168798,-0.00055999149096575,-5.13025971331516e-05,0.192686861948268,-0.000298746856377541,0.000128811363475201,-0.000414817870570516,-0.00218851977601986,-0.000248800026618312,-4.81427928145095e-05,-1.58970226511457e-05,5.17584690751249e-05,0.000163911667442562,5.45323920029261e-05,-0.000150096182756521,-0.00263964937821459,0.000412573256074467,-0.000203411230513595,-0.000144741234711532,-2.15376836445458e-05,-0.0106013273958547,3.43044587935992e-06,-0.000417127186850053,-3.84485318205563e-05,-0.00224610547604609,1.0406786616457e-05,0.000455541079669608,-0.000205753958597121,0.000121440558363162,-2.15376836445458e-05,-1.44939674697753e-05,-0.00214563176482141,-0.0103062724095366,5.45323920029261e-05,-7.59052294325713e-05,-0.00208338846690381,0.000367061545656355,0.000353346908651631,0.000113214453833166,-0.00999057308876328,-5.13025971331516e-05,0.000619002081220899,-0.000716034568685409,-0.0035058617667012,0.000224738277968761,5.45323920029261e-05,-0.010031224994262,0.000355807877007841,-0.000296829051150915,0.00011730451497538,-0.000673963510593012,-0.000139262412827357,0.000129853728652485,0.000408648378518173,-0.000523801237917176,0.000641306075236159,-0.000250943964517525,-0.000286745209258754,-4.28964831105105e-05,-0.00938908078993972,0.000670321608909674,0.000113214453833166,-0.00387285155990647,-0.000945440980636647,-0.000483573151184302,0.00038952901562439,-0.000346054378144167,0,0.000154401734803855,-8.83274979210924e-05,-9.72771846381448e-05,-0.000139262412827357,0.000412573256074467,0,-0.00931087954135368,-4.4947581735677e-05,-0.00395061084051562,-0.000504193550477261,0,-0.00358892280164369,-0.00865727870835009,0.000839296150800806,1.0406786616457e-05,-0.000309789946492778,-0.00110478062856334,-0.000595953585724729,-0.00496331777753323,-0.00196959726175727,-0.00019622068666969,-0.000489846412063066
"3:69292393:C:T",-0.00160443500408736,0.000531180917254126,-2.68576934461251e-05,-0.00268537190018847,-0.000127783203231147,-0.00160779777796716,-0.000467869780817587,-0.00100669274590981,-0.00299412050785985,-0.00681721145023495,0.000138164199111834,-0.0012021512362228,-0.00498196818178087,-0.00155166854389588,-0.000147458150510538,0.000260051464449518,8.53722275380164e-05,-0.000474898560670844,-0.000745065878077433,-2.68576934461251e-05,-0.00622786418434984,-0.000395767961182791,-0.00434496649633953,-0.00118407321212377,5.5408990236927e-05,-0.00247379081777588,-0.000673701947040861,-0.00134649159745415,4.59467055353713e-05,-0.00133530380745572,-0.000110342519912265,0,-0.00172713571664396,-0.0022819659999147,0.000134582789251603,-0.00308650164994351,-0.0100089686201059,-0.000298746856377541,0,-0.00100669274590981,0.000145441771532973,-3.24227301442548e-05,-0.00339837303929835,-0.000281258467839329,0.000716919949667716,-0.0062475361600578,4.59467055353713e-05,-0.000809059736893936,-7.43317787241793e-05,-0.00118494319826024,-0.00824580038603084,-0.000337516380735536,0.00011277901932516,-4.05469708395501e-05,-0.000298746856377541,0.190616163092649,-0.00136543529686239,-0.00140651779878098,-0.00571449834658555,-0.000199136139296563,-3.78680284267574e-05,-7.28733106392099e-06,4.31844214290322e-05,0.000127531774435141,4.28590600547452e-05,-0.000119352825953101,-0.00227632589679416,-0.00145604332628846,-0.0004893071762746,-0.00886772069558628,-3.47110651315319e-05,-0.00463054354067705,2.87118873476544e-06,0.0014851041170747,-2.9655423302799e-05,-0.00158307527165347,8.7062746061406e-06,-0.00200820930575496,-0.00016471081161562,9.53765065840884e-05,-0.00136116678855736,-0.00018489224872198,-0.00540615926734667,-0.00434496649633953,4.28590600547452e-05,-0.00126362061332586,-0.00107270993699293,-0.00232937908147157,-0.00906474147706859,8.8671879978186e-05,-0.00403906000430343,-4.05469708395501e-05,-0.004927965314379,2.91047462317451e-05,-0.00631577056935573,-0.000731265891169564,4.28590600547452e-05,-0.00135677500824505,-0.00158662518757957,-0.000238101812993108,9.20064557625722e-05,-0.00177722248480983,-0.000437314569363245,0.000102225298033609,-0.000537287353743032,1.76982294650685e-05,5.56635327875199e-05,-0.000201066806666539,-0.00169135967309142,-0.00072112108132405,-0.000240381261249922,-0.000154803896485589,8.8671879978186e-05,-0.00269918529852298,-0.000610854540353589,-0.000470668722051037,0.000296760811451691,-0.00236009910771262,0,-0.000158418066839694,-6.91814291728932e-05,-7.6864745901517e-05,-0.000109916849197589,-0.00145604332628846,0,-0.00235988506476392,-3.51601049954908e-05,-0.00298239952524337,-0.000591848364130065,0,-0.00122334066281038,-0.00180800861524233,-0.00129042149952507,8.7062746061406e-06,-0.000484997251812835,-0.00499861314716465,-0.00157448409995187,-0.00143309609367126,-0.000181387457534932,-0.00408563435425169,-0.000162549854722194
"3:69292632:A:G",-0.000926172505649969,0.000116587472984264,1.12146062924978e-05,-0.000733859533799119,-0.000238191398192811,-2.42713286882079e-05,-0.00418585946796401,5.23907082152775e-05,1.3174489839507e-05,-0.0014023012024813,-0.000103631377470492,5.06021363850806e-05,-0.00209187939961186,-0.0029671193340004,0.000261753421373356,-0.00051245050346882,-4.84254560202402e-05,-0.0041000205349544,0.000158630843142937,1.12146062924978e-05,-0.00179461665427016,-0.00148685596316511,-0.00143231385675779,-0.00223436666485899,-3.29505959237864e-05,-0.00550994828939988,-0.000917194589277415,7.19920141634134e-06,-2.59149059758101e-05,-3.16885242215292e-05,-0.00447260352598988,0,-0.00166117105667896,6.60463130515154e-05,-7.99950549925654e-05,-5.53932240601185e-05,-0.0012888242364113,0.000128811363475201,0,-0.00256857256128384,-8.87854547713118e-05,-0.00205335727607991,-0.0017727798309326,-0.00402670331710198,-0.00527164971067418,-0.00223845036418346,-2.59149059766983e-05,-8.50496065512019e-05,3.56767809330805e-05,4.58547046040536e-05,-0.00252598253861258,-0.00405563288083588,-8.01482656562769e-05,2.07115219401643e-05,0.000128811363475201,-0.00136543529686239,0.210532235764061,-0.00184357183578499,-0.000112763206582045,-0.000243575988617017,1.88713024193987e-05,-0.00226509606099778,-0.00174841427045003,-7.43674770893321e-05,-2.36430369726648e-05,-0.00129073186456896,-0.0108411841644545,-0.000210942055540286,7.59198860418309e-05,-0.00160551791373287,-0.00741028075126948,-0.0012888242364113,-2.03466234527383e-06,-0.00704654758926804,-0.00221940084947025,-0.000299519882621002,-6.20091991265781e-06,-0.000243194410114,7.72437533491654e-05,-5.61196062340841e-05,3.05131000111203e-06,-0.002592867754867,-0.011317640172642,7.32096021529571e-05,-2.36430369726648e-05,2.48511965539322e-05,-0.000593377137128925,-0.00110522653110579,-0.00250757827272263,-5.09493813218853e-05,5.39603509839282e-05,2.07115219401643e-05,-0.00375280916780696,-0.000558953541171192,-0.0109146031647502,9.16771398236094e-05,-2.36430369726648e-05,-0.0027209516988953,-0.000946234690572645,-0.00345035923578241,-5.35137908386218e-05,-0.000207985589733894,-0.00347014889098141,-0.00298854827001716,0.000110381705968443,-1.27037642698724e-05,1.36735094296014e-05,9.04631620990415e-05,-0.00384984839258529,-0.00522006693197152,-0.00184061293011428,-0.000832787584665873,-0.000725010451505526,-0.00292071180867115,-0.000935812765408883,-0.00589638363110456,-0.000194172461661424,-0.00217980157799236,0,-0.00143231385675779,-0.00188983020358524,3.73825771555758e-05,5.07959092592714e-05,-0.000888865371956982,0,-0.00101510346513267,1.70021599243952e-05,-0.0043102012066738,-0.00178204632835932,0,-0.00491038330487781,-0.000306165707097072,-2.11411309374299e-05,-6.20091991265781e-06,-0.00395679862125142,-0.00547335488036094,-0.0043224631398342,-0.00376465599403097,-0.00212621244721234,7.18222407876112e-05,-0.00103083840691376
"3:69293121:C:T",-0.00306694797487106,-5.92611841163659e-05,-4.49173809347059e-06,-0.000165889978115175,-0.00591421152688199,6.99548830063179e-06,-0.00597737449237545,-0.00147998577578168,-0.000329665456989758,-0.00240619253550012,2.28286075509843e-05,-0.000260996500328403,-0.00288615012457516,1.4530462159712e-05,-0.00575093666624937,3.7318244989315e-05,1.46962787272997e-05,-0.00579635292598901,-9.08590278632104e-05,-4.49173809347059e-06,-0.00183748853219967,-0.00153279371425707,-3.18869930229226e-05,-1.21189817727796e-05,1.0125270780037e-05,-0.00182100635295601,-0.00188227378608286,-0.00189255843813196,8.27129049252306e-06,-0.00193493102221964,-0.00410805830341499,0,-1.32906979297687e-05,-2.87733064876505e-05,2.22528392113119e-05,-0.00181377605097044,-4.21311774729816e-05,-0.000414817870570516,0,-2.1684365851371e-05,2.39810930606765e-05,-5.76526205442462e-06,-0.00102851294219386,4.93428249708217e-05,-0.00437196241959015,-0.00449136118981297,-0.00537466438377621,-0.00135605949180828,-1.40308167111414e-05,-1.91220181786633e-05,-0.00118043852978644,-0.00357003144686807,1.95207440460976e-05,-7.64722095603076e-06,-0.000414817870570516,-0.00140651779878098,-0.00184357183578499,0.194210803320248,-0.00380326741956249,-4.09483057941529e-05,-7.02367483551569e-06,-0.000494695013881774,8.96653205018083e-06,2.11027862633273e-05,7.65818123582562e-06,-2.3556186239837e-05,-0.00410950490302753,-0.00219584692820884,-3.309718090172e-05,-2.23130048340181e-05,-1.89938761607777e-06,-0.00113444869966273,6.2030018721515e-07,-0.00109340901976118,-5.13038951677203e-06,5.95351428387403e-05,1.87046067434693e-06,-0.00013409424920674,-0.00766738228120012,1.64949829510874e-05,-1.89938761607777e-06,-5.80648285897212e-07,-0.00381912965667208,-0.00124911508065217,7.65818123582562e-06,-1.01680940867155e-05,-0.00566366562877185,-0.00120684842965257,-0.000733624361703988,1.5294274936295e-05,-0.00139338753805607,-7.64722095603076e-06,-0.00117303341398678,3.46457476130269e-06,-0.00204341362153215,-4.21311774729816e-05,7.65818123582562e-06,-0.00465683619904933,-0.00105622461577415,-4.96337413080639e-05,1.58938660526076e-05,-0.00148259503710335,-2.10509817062388e-05,1.77014974038769e-05,-5.36092481242534e-05,3.76933088919174e-06,-0.000177292896710313,-0.00341628363968294,-0.00215734404347501,-0.00140377748134668,-0.000552321099459796,-0.000946117482722997,-0.00238782158369943,-0.00765608046042932,-0.0041529535180107,-3.53577248937142e-05,4.05698228158613e-05,-0.000394086416849682,0,-3.18869930229226e-05,-0.0060149176803197,-1.46594991008442e-05,-0.00281694327116977,-0.000963494607410631,0,5.02573765470693e-05,-6.39635641697112e-06,-0.0079670002838057,-1.37611807664584e-05,0,-0.00562460497980988,-0.0181917997079051,-0.000258456468910317,1.87046067434693e-06,-5.36092481242534e-05,-0.00179565731221443,-0.00195900118492887,-0.000447771789417573,8.83191884697432e-05,-0.00319814877802838,-7.47147243300716e-05
"3:69295951:G:A",-0.00500871881043219,-0.00966357795666628,-0.00624818948793049,-0.00341986432088737,-0.00179647552784967,-0.00566355274335084,-0.000557693800400383,-0.00038114349322349,-0.00293943769076144,-0.00522599210779262,-0.00120480818711144,-0.0115822100667011,-0.0106715792477763,-0.00190046649842035,-0.00188257153115323,-0.00166388555205543,0.000205321621556287,-0.00051801480197522,-0.0057615531920554,-0.00624818948793049,-0.0102238155410062,-0.00467321200353865,-0.00310922528570856,-0.00287673099213936,-0.00979184912165199,-0.00287298085319643,-0.00226290345242042,-0.00391076726815953,-0.00129129972818642,-0.00164233462383478,-0.000245069027233757,0,-0.004358863331833,-0.00191557566602274,-0.00109432846460766,-0.00246150115634869,-0.00308920770191179,-0.00218851977601986,0,-0.000514740048743079,-0.00970385548481456,-0.00252165888887035,-0.00723030084163589,-0.00185771288685199,-0.00325231942068882,-0.00864615032467286,-0.00129129972818642,-0.000945822957005849,-0.000607225934423639,-0.00190359141782981,-0.00112242199946744,-0.00662663500943061,-0.00297715092096684,7.98486209463434e-05,-0.00218851977601986,-0.00571449834658555,-0.000112763206582045,-0.00380326741956249,0.534651326546662,0.000286231835185724,0.000297785967719122,-0.000521966905682181,-0.000663965970597591,-3.64775468870704e-05,3.38964106791906e-05,-0.00670196230588704,-0.026411784358686,-0.000162420626717008,-5.34809176322426e-05,-0.000858070104604813,-0.00285709013503865,-0.00361670959532301,-0.00401028143047988,-0.0138437115341459,-0.00110763768177868,-0.0193448522294717,-5.23696779364258e-06,-0.00146705152787563,-0.00308791704612776,-0.00147662187211584,-0.000495884471332531,-0.000292187652298992,-0.0241235492521001,-0.00310922528570856,-0.000101425397400767,-0.000826138974965751,-0.0248281292788617,-0.00890185448243752,-0.00180700414905743,-0.00636498910622407,-0.00258343526472959,7.98486209463434e-05,-0.00215293992253152,-0.00180148052488693,-0.0113549844620984,-0.0065848195410716,0.000162916333920293,-0.0120890913329954,-0.000505081655479245,-0.00605981497308772,-0.00312338266857282,-0.00219914028594603,-0.00203371943372854,-0.000954032456695231,-0.00559304020698814,-0.00202535957927186,-0.00838033726247156,-0.00285132269631827,-0.00700094684532226,-0.00288624000618709,-0.00919244247606787,-0.000318789600301184,-0.0010025263266451,-0.00529541034739633,-0.00436882834955421,-0.00349350107312896,-0.00131573220221259,-0.00375784686220237,0,-0.00413704292595973,-0.000387431897104662,-0.00161014933685344,-0.0031066206150161,-0.000745816551752654,0,-0.00432853186894677,-0.00156657577521369,-0.00849592608039851,-0.00487029563107955,0,-0.00717884124101742,-0.00857195333244753,-0.0015619273718368,-0.000846866716152306,-0.00485843875341985,-0.00361123520027018,-0.00137148920938435,-0.0017747191760229,-0.00157189815804015,-0.00739202971111652,-0.000441470131827604
"3:69296721:T:G",-0.0012632824458052,-0.00359194644778515,-2.20847297480731e-05,0.00032826258077634,-0.00138038141376562,-0.000262765684745148,-0.000211312351775739,-9.35418642269426e-05,-2.45230237867489e-05,-0.00420578764830637,-0.00212426291258527,0.000325011381627327,1.0010445574693e-06,6.73026786115472e-05,-0.00139327526909749,0.000220761489574173,7.20453333400428e-05,-0.000211312351774851,-0.000325170132618346,-2.20847297480731e-05,-0.000587563116029699,-5.14445905945848e-05,-0.000132060472639139,-5.52288808863821e-05,4.70333858029193e-05,-0.004387151430155,-0.00155788203225526,-1.71266982178508e-05,3.88084961748802e-05,3.75792132043529e-05,-8.97071008933992e-05,0,-0.000559677338682896,-0.00348261236063419,0.000113882618909322,-4.23486217648872e-06,-0.000169104834569112,-0.000248800026618312,0,-9.35418642269426e-05,0.000123319456338145,-0.00193738386113029,-0.00171993906623502,-0.000796237002366418,-0.000154000059108927,3.30138560364901e-05,3.88084961739921e-05,-0.00031655245589679,-0.000887377496209929,-0.0038161921874087,-0.000905846031884039,-8.20752110088918e-05,9.58614695312221e-05,0.000560691009501291,-0.000248800026618312,-0.000199136139296563,-0.000243575988617017,-4.09483057941529e-05,0.000286231835185724,0.165323077915468,-3.16802639792613e-05,-0.00308135453612035,3.75792132043529e-05,0.000107756424235994,3.6124896215739e-05,-0.00531321436401999,-0.00403014088517484,-0.00283173934187531,-0.00090653219803194,-9.56215022540619e-05,-1.2057031455015e-05,-0.000169104834569112,2.49792924744696e-06,-0.00028182937150234,-0.00120732616139918,-0.000318745703486556,7.5746926953002e-06,-0.003787897101315,-0.000137605775420546,8.07373336959571e-05,-0.00466669145751641,-6.87193244885975e-06,-0.00435522159708857,-0.000132060472639139,3.6124896215739e-05,-0.00420578764830637,-0.000539585747378002,-0.00199537971234687,-0.00440584278477463,7.49119668119747e-05,-9.56215022540619e-05,0.000560691009501291,0.000395701432897688,9.41658764208597e-06,-0.00533983095489621,-0.000169104834569112,3.6124896215739e-05,-0.0015077835753039,-0.00268466696453196,-0.0136222471673033,7.78091379007861e-05,-0.00174191101213328,-0.000509323110478022,8.66887996506804e-05,-0.000208237544947032,1.53987265116839e-05,-0.00447432755182842,-0.00149914171687815,-0.00541434733760582,-0.000754692588688322,-0.000921622338415418,-0.000316344013049807,7.49119668119747e-05,-0.00383818782160539,-0.0109710893863699,-0.00052984759993624,0.00025214466653356,-0.000230103831341033,0,-0.000132060472639139,-5.75164294938091e-05,-6.42290649439659e-05,-0.000972123910813139,-0.00283173934187531,0,-0.00450318191049703,-2.93203655603591e-05,-0.00365230414920603,-0.000389338664413152,0,-0.00709652910906788,-0.00226983260239688,-0.00160822062033006,7.5746926953002e-06,-0.000208237544947032,-0.00138089369887417,-0.00478822449145611,-0.00129822572893978,-0.00301389925305529,-0.000130170234728055,7.02377849020053e-05
"3:69296874:A:G",7.79474895082899e-05,-4.36333919022758e-05,-3.92797764270369e-06,6.57434908832855e-05,-0.000328605907193413,0.000187589881504913,-3.83649321546997e-05,-1.78013482541317e-05,-4.47897512412254e-06,-8.68369192374985e-06,2.32822276027278e-05,6.61981348804019e-05,5.81956226222147e-05,1.40236360062218e-05,-0.000374839955957107,4.37887024906658e-05,0.00206951699847391,-3.83649321529234e-05,-6.27535666604118e-05,-3.92797764270369e-06,-5.54097948661791e-05,5.83405231058265e-05,-2.53435580557237e-05,-1.0289206679559e-05,9.53596467834217e-06,3.69982162098381e-05,0.000998507074759125,-2.80794073148627e-06,0.000597639427753371,8.39689866705129e-06,-1.53275379890516e-05,0,0.000200999589806905,-2.30520266431e-05,2.2602327941712e-05,1.02097748921892e-07,-3.25080193226412e-05,-4.81427928145095e-05,0,-1.78013482541317e-05,0.000668325951017401,-5.02408655478348e-06,-4.93294459715798e-05,0.000132371778122753,0.000405154232531402,-2.54929650358449e-05,0.000597639427753371,-6.01482298705491e-05,-1.1842850468291e-05,-1.58127515739181e-05,-0.000101816671501886,0.000194936792603073,1.94422460957355e-05,-6.62502903825413e-06,-4.81427928145095e-05,-3.78680284267574e-05,1.88713024193987e-05,-7.02367483551569e-06,0.000297785967719122,-3.16802639792613e-05,-0.00657767514169372,1.53185350626472e-06,-0.000163512107811847,2.12635944105699e-05,7.11818869802983e-06,-1.92364231388353e-05,7.14646719099932e-05,5.32652378515408e-05,-2.62252455280887e-05,-1.82849292729159e-05,-1.66318725014492e-06,-3.25080193226412e-05,5.58912898185326e-07,-5.40600916218992e-05,4.4429315082084e-05,0.000187082315830089,-0.000391657312620808,5.93727625783913e-05,-2.66589286948005e-05,1.61181202766869e-05,-1.66318725014492e-06,-4.92893789783011e-07,4.49521908869599e-05,-2.53435580557237e-05,7.11818869802983e-06,-8.68369192374985e-06,0.000298053270975096,4.77972433410301e-05,4.82866898714462e-05,1.48369395658321e-05,-1.82849292729159e-05,-6.62502903825413e-06,7.91617937760947e-05,3.1800247874969e-06,0.000359910008992159,-3.25080193226412e-05,7.11818869802983e-06,0.000218574221622525,4.61686464383604e-05,-3.74723808320709e-05,1.54741757905086e-05,5.20234891023819e-05,0.000268735121035313,1.74265591850187e-05,-4.01495150139652e-05,3.44374315197626e-06,8.21868940974468e-05,-3.20964504521015e-05,2.49374001048963e-05,0.00048728552263988,0.000156557075689179,8.52486573199585e-05,1.48369395658321e-05,-9.00239378864853e-05,0.000508367711334223,-2.77133190191847e-05,4.99711317845097e-05,-4.32573381381474e-05,0,-2.53435580557237e-05,-1.08127263507285e-05,-1.23496354866859e-05,-1.73124295548277e-05,5.32652378515408e-05,0,0.000387284626180318,-5.56340535684541e-06,-0.000111660472752462,-1.15552213229009e-05,0,6.63474591773294e-05,0.000299002471101595,-0.000154076955366733,-0.00168893255672398,-4.01495150139652e-05,0.000305630793143941,0.000111530303333218,-6.26075381759961e-06,-0.000343538400343846,-2.48953956196729e-05,0.00018426463956267
"3:69299185:C:A",-0.0130967908956166,-0.00516934353177145,-0.00518014921871401,-0.00103059998755128,-0.000716572691167983,-3.01407250535846e-06,-0.00192591832860689,-0.000177591614610506,-0.00245578384729939,-0.00180481921845121,-1.64636700157317e-05,-0.0028593099062606,-0.0118972844871914,-0.00182952343643894,-0.000803354646742527,-0.00171672378884136,-7.94570155093766e-06,-0.00208056276153723,-3.25932525475636e-05,-0.00518014921871401,-0.00840047396612142,-0.00256734041051132,-0.00332860703142579,-0.00171610791655308,-0.00173827356297362,-0.0022011255710721,-0.00419558175668655,7.99619822799968e-07,-3.55577541277796e-06,-0.0015606134130195,-0.00293929658324288,0,-0.0149885368182261,-0.00258888662246815,-0.00427229501908677,-0.00221612473971255,-0.0011304038756732,-1.58970226511457e-05,0,-0.00149254403919397,-0.00137830226825031,-0.00265453626856615,-0.0168686207769784,-0.00375047442663412,-0.00772468572752327,-0.00228802842799603,-3.55577541366614e-06,-0.00275141877893148,-0.00306251321688045,-0.0024448628311653,-0.0025776372907087,-0.0039533999940522,-1.27129134810389e-05,1.61724700742383e-06,-1.58970226511457e-05,-7.28733106392099e-06,-0.00226509606099778,-0.000494695013881774,-0.000521966905682181,-0.00308135453612035,1.53185350626472e-06,0.329610081340546,-0.00209043257150832,-1.42559380069684e-05,-3.20343580195726e-06,-0.00109394880694325,-0.00149277090503563,-0.000647382187325185,-8.9193788532782e-07,-0.00140529628488295,-4.51054577954579e-06,-0.00357387384408092,-2.04072093445973e-07,-2.20444725549385e-05,1.21506434780372e-06,-0.00669059855258158,-6.50498431120639e-07,2.53940746599568e-05,-0.000620503145903228,-0.00319954702555325,-0.00214066536356139,-0.000632851805113965,-0.00174178591222063,-0.00332860703142579,-3.20343580195726e-06,-0.00229569828275533,-0.00344384855812097,-0.00249391035681334,-0.00114483275531096,-8.46692587685993e-06,-0.00306359579545923,1.61724700742383e-06,-0.00217416785628277,-1.50109274548171e-05,-0.00569526450614966,-0.00793104208562312,-3.20343580195726e-06,-0.00318136339623765,-0.00103953360577513,-0.00278061661886841,-9.00816913862457e-06,4.93824555398703e-05,-0.00269704272414195,-9.91594406176688e-05,-0.00987401873563165,2.81944010360746e-06,-1.69958940556825e-05,-3.67159159875285e-06,-0.00326678212136144,-0.000588287553449973,-0.00422784105711438,-0.000299999011718732,-8.46692587685993e-06,-0.00360212991502618,-0.0128402118619979,-0.000902308718560008,-0.000304748824694556,-0.00283533960762927,0,-0.00323367207456293,-0.00260264679182587,-0.00365499180705076,1.58280802686761e-06,-0.000963523799384802,0,-0.00496395074430023,-0.00308538540653647,-0.00553434953134335,-0.00122975077283627,0,-0.00638456861282988,-0.00301481328364606,-0.000577872069415619,-6.50498431120639e-07,-0.00089358194999356,-0.00374824791630912,-0.00331068699205428,-0.00233371267891513,-0.00587959789134418,-0.00135089199174754,-0.00218214733926114
"3:69300337:T:G",-0.000268562566277719,-0.00165222732774328,-0.00197361685108444,-0.00127050017005548,-0.00172792653999121,-0.000140218236265532,3.15515419817558e-05,-0.00156021971384757,6.03006269006556e-06,1.13486646391436e-05,-0.00114937130101911,-0.00111146008804131,-0.00243557377549575,-0.00180087575787269,-0.00169647015089502,-0.000607209918096707,6.93460282965574e-05,2.45227621276101e-05,6.11489162896106e-05,-0.00197361685108444,-0.000317780306610338,-0.000214397895435425,3.12587378612506e-05,-0.00507376718243258,-0.00146650344048727,-5.91405398759903e-05,-0.00389205680839577,-5.35080892927198e-06,-0.00138615371229545,-0.00208318934060525,-0.00200144403617841,0,-0.00583640681178021,-0.00163579055966956,-0.000961507797480721,-9.4775136361136e-07,-0.00117862355753751,5.17584690751249e-05,0,-0.00347448915670423,6.01022061736955e-05,-0.00260403190106917,-0.00234307497115926,-0.00142403130156676,-0.000251248243865909,-0.00201057038929431,-0.00138615371229545,-0.00154576840649856,1.57356331023095e-05,-0.00175209930472153,-0.00236361098577564,-0.00188290934097246,-3.1825493081783e-05,9.15836505921419e-06,5.17584690751249e-05,4.31844214290322e-05,-0.00174841427045003,8.96653205018083e-06,-0.000663965970597591,3.75792132043529e-05,-0.000163512107811847,-0.00209043257150832,0.181419448452359,-3.44471029967153e-05,7.15224253680091e-05,2.46403960151298e-05,-0.00884147068012364,-0.000102249035810686,-0.000982348425376145,-0.00147227309178977,-6.70631736721106e-06,3.84513402060804e-05,-0.00378864417013247,5.5781614371142e-05,6.03006269006556e-06,-0.00409772035510469,-0.00580309245217681,-0.00280034424761411,-0.000676426111985151,-0.00135799026126104,-0.00203357644436597,-0.00411557642184679,-0.00794419774530741,3.12587378612506e-05,7.15224253680091e-05,-0.00188351274564003,-0.00408332434796987,-0.00249888110053487,-0.00455731980541785,-2.32965514594952e-05,2.3450344649234e-05,9.15836505921419e-06,-0.00124774228889368,-6.26617330805601e-05,-0.00279202078488838,-0.000494659123461361,-1.06852740273666e-05,-0.000150471223792081,-0.00103546967774903,-0.00187093093462032,-0.0038906414579305,-0.00147827955075908,-0.00354361394133917,-0.00284660897229116,-0.000930583506305815,-5.43801946228939e-06,-0.00126361232353389,-0.000341589431317679,-0.000434339639548753,-0.000769029395091714,-2.44309266084208e-05,-0.000191513645853902,-2.32965514594952e-05,-0.000627555100823685,-0.00113601608761282,-5.73429753556454e-05,-9.39279562679474e-05,-0.00345353919442459,0,3.12587378612506e-05,-0.00174368073551268,-0.0014130658011533,-0.000105434800620863,-0.00202382639930754,0,-0.000109679898279147,-0.00181534147097828,-0.000895168957670833,-1.74929289276093e-05,0,-0.00223817807968318,-0.00498403860850383,-0.00293512322038225,-0.00239503230541072,4.53636637418597e-05,-0.00150836869649229,-0.00121436977282485,6.92394961987475e-06,-0.0015694479135111,-0.000133376133749863,-0.00015018976021608
"3:69300391:G:A",-0.000342314474191419,-0.000279478944890776,1.24331999629135e-05,-0.000254918450142583,0.000731018078624857,-2.6568903161106e-05,0.000122706705558251,6.08072769630041e-05,1.46797007145594e-05,2.78989799697982e-05,-8.63097434855575e-05,-0.000262361071797557,6.61311866130276e-05,-5.41824299880034e-05,0.000855349756614388,-0.000164521403758222,-5.1724587669888e-05,0.000122706705559139,0.000210932944139763,1.24331999629135e-05,-1.21711900780141e-05,-0.000227524852173921,8.69273958103989e-05,-0.0004102100675345,-3.56624600730271e-05,-0.000151565727004588,0.000232356407098955,7.8596023262989e-06,-2.81848659255957e-05,-3.44471029967153e-05,4.57289091446711e-05,0,-0.000951986019188666,-0.000463184466277689,-8.34828896900675e-05,-4.06772319649917e-06,0.000111149437747926,0.000163911667442562,0,6.08072769630041e-05,-9.20648950701874e-05,1.68999637466527e-05,-0.000679997384465558,-0.000556366738271308,-0.00061863820149366,0.000499257491334504,-2.81848659255957e-05,0.000199451719092636,4.07759717742096e-05,-0.000347046576850474,0.00032921529566643,3.52632275832931e-05,-7.33811468931478e-05,2.34078448224651e-05,0.000163911667442562,0.000127531774435141,-7.43674770893321e-05,2.11027862633273e-05,-3.64775468870704e-05,0.000107756424235994,2.12635944105699e-05,-1.42559380069684e-05,-3.44471029967153e-05,-0.00443821344220652,-2.57497253919325e-05,6.664277748758e-05,-0.000292905228783447,-0.000202748138315556,-0.00240310491351359,6.27753607496118e-05,3.17529086490964e-06,0.000111149437747926,-2.27612733194604e-06,0.000181709123684648,-0.000398561630054139,0.000101198436297523,-6.90802054403861e-06,-0.000229363064555343,9.22832535357188e-05,-5.96068816625106e-05,-9.40037621033341e-05,-1.62380461166123e-06,-0.000186337978302475,8.69273958103989e-05,-2.57497253919325e-05,-0.000224219538991655,0.000183299708628404,-0.000181686735911235,-0.000189580953009916,-7.83021850141452e-05,6.27753607496118e-05,2.34078448224651e-05,0.00360803867410198,-1.67536046653538e-05,0.000404636012811821,0.000111149437747926,-2.57497253919325e-05,0.000592780401119875,-0.000174695688450299,0.0001258915241511,-5.69487131931723e-05,-0.00019993919097594,5.88157297185532e-05,-6.50181757837487e-05,0.000136968088461309,-1.4062048389718e-05,-0.000324007900832868,0.000109463013133748,2.89272435933796e-05,0.000173739067118817,0.000315924512221955,-0.000335739308511052,-5.43214606523179e-05,0.000279993923676614,-0.000334103754143555,9.14266575522404e-05,0.004972447032495,0.000143411936229576,0,8.69273958103989e-05,3.65852350245888e-05,4.2834793198665e-05,5.88157297185532e-05,-0.000202748138315556,0,0.000280011752205489,1.90944461397891e-05,0.000345408284883497,3.52316740110936e-05,0,-0.000150307701971997,-3.97223822021786e-05,-0.000428245584175535,-6.90802054403861e-06,0.000136968088461309,0.000352361620955755,-0.00047209713620866,1.33236719372931e-05,0.000193840639348686,8.5099732803684e-05,7.52691362420066e-05
"3:69301875:A:C",-0.000123604946732137,4.89458180004121e-05,4.38989509099486e-06,-8.36411184330643e-05,-5.9528276328713e-05,0.000189464723153954,4.23683668868691e-05,2.0467961396875e-05,5.08393166676058e-06,9.74702235634339e-06,-2.83762147370581e-05,-8.51109355171076e-05,-7.4387206201898e-05,-1.73616043488423e-05,-7.04379547542544e-05,-5.42617537089285e-05,0.00205388993281996,4.23683668868691e-05,7.02107751369141e-05,4.38989509099486e-06,-2.52785550252099e-05,-7.41328187832124e-05,2.90971600120926e-05,1.17616158847866e-05,-1.15959004727273e-05,-4.76410197673971e-05,7.74834640164812e-05,2.9770411638097e-06,0.000596374212026518,-1.06852740273666e-05,1.65889544740949e-05,0,0.000332488091344452,2.62538401933909e-05,-2.74904783212904e-05,-7.06742207867705e-07,3.71477935336983e-05,5.45323920029261e-05,0,2.0467961396875e-05,0.000629654391058665,5.7699000644007e-06,0.000147553440622339,0.000577747611222534,0.00046166580955731,-1.14336313421504e-05,0.000596374212026518,6.69267462267698e-05,1.37058518845379e-05,1.79882039672563e-05,0.000110047073953901,-0.00023649430029149,-2.38572010555771e-05,7.78077916763209e-06,5.45323920029261e-05,4.28590600547452e-05,-2.36430369726648e-05,7.65818123582562e-06,3.38964106791906e-05,3.6124896215739e-05,7.11818869802983e-06,-3.20343580195726e-06,7.15224253680091e-05,-2.57497253919325e-05,-0.00618482921117014,2.22523354205251e-05,0.000255400543128559,-6.67369121263306e-05,3.01882872415504e-05,2.10697272287064e-05,-0.000113686945852898,3.71477935336983e-05,-7.06302828668015e-07,6.07031497503741e-05,5.08393166676058e-06,-3.46869167628938e-05,-2.14350637772753e-06,-7.51486805192769e-05,3.0724407713123e-05,-1.95545265011532e-05,1.53015108850241e-06,5.67709610947986e-05,0.000197364775340603,2.90971600120926e-05,-8.50887695591496e-06,9.74702235634339e-06,0.000262080304432644,0.000814772892781868,-6.12373373236608e-05,-1.7903192986779e-05,2.10697272287064e-05,7.78077916763209e-06,-0.00010196700931786,-4.62361874653539e-06,-7.1637568499483e-07,3.71477935336983e-05,-8.50887695591496e-06,-0.00037597414286239,-5.74721212744933e-05,4.2369213972826e-05,-1.87240526248189e-05,-6.54350063227227e-05,1.98590555458011e-05,-2.12450007737175e-05,4.5677706259184e-05,-4.36298639083788e-06,0.000783509320555709,3.66393698119083e-05,-3.3778882640334e-05,5.83822073041418e-05,-0.000193250085501084,-0.000110433634270102,-1.7903192986779e-05,-0.000201376562832145,-0.000238724384168165,3.12035622345164e-05,-6.22431838852577e-05,4.84781450538208e-05,0,2.90971600120926e-05,1.24173278743811e-05,1.43389289801732e-05,1.98590555458011e-05,-6.67369121263306e-05,0,-0.000164331394051587,6.44794018178629e-06,-0.000296720933171457,1.2650964072769e-05,0,-6.90768684190601e-05,0.000214999992259379,-0.000140609375292478,-2.14350637772753e-06,4.5677706259184e-05,-1.78678215831951e-05,0.000234280564073153,5.95946006498593e-06,7.14543442779103e-05,2.85419301508938e-05,-0.000269210017864729
"3:69303091:G:A",-0.000662541028948027,-0.000852130621958658,-1.29291249972852e-05,0.000206721119226039,-0.00124329999847994,-0.00132435101008266,-0.0010386482785556,-5.63383461535949e-05,-1.45320244060443e-05,-2.83513882273212e-05,7.26791276983718e-05,-0.000631462495270796,0.000180595022948538,4.26575978931254e-05,-0.00127141202274039,0.000137624515597068,4.44670642600897e-05,-0.000996805861412042,0.000193591759405365,-1.29291249972852e-05,5.45894955523707e-05,-0.00148224957442178,-0.000436778227934198,-3.29851721811991e-05,2.93884296915792e-05,-7.94451471453073e-05,-0.000217343353257071,-9.66942585378661e-06,2.40075632973458e-05,2.46403960151298e-05,-0.00107335322995095,0,-0.00134250630131039,-7.32554509159655e-05,7.06453039134303e-05,-0.000952804187986267,-0.000102017693598633,-0.000150096182756521,0,-5.63383461535949e-05,7.68136754674131e-05,-1.61173503041567e-05,-0.00511153038381806,-0.00367357309813876,-0.00402390615402037,2.33242623224328e-05,2.40075632964576e-05,-0.000599413039848784,-0.000644225513759977,-5.06564813846921e-05,-0.00091428311516939,-0.00203132215266333,-0.00135259439276503,-2.0770725516428e-05,-0.000150096182756521,-0.000119352825953101,-0.00129073186456896,-2.3556186239837e-05,-0.00670196230588704,-0.00531321436401999,-1.92364231388353e-05,-0.00109394880694325,2.46403960151298e-05,6.664277748758e-05,2.22523354205251e-05,0.133540305585573,-0.0108706695600214,0.000167463306707916,-8.22155134025948e-05,-5.77191423190015e-05,-6.3358266402247e-06,-0.000334546181061768,1.63678255571398e-06,-0.000169072617691945,-1.45320244060443e-05,-0.00361334806348701,4.96383019310542e-06,0.000186207148625606,-8.34389012682735e-05,5.01475600342971e-05,-6.3358266402247e-06,-2.92579029448348e-06,-0.00378618716551049,-0.000436778227934198,2.22523354205251e-05,-2.83513882273212e-05,-0.00328481256227242,-0.00314305243681723,-0.000999514232503884,4.63402151753556e-05,-0.000568235358247904,-2.0770725516428e-05,0.000249997244856637,7.79011202212132e-06,-0.00569757501048773,-0.000102017693598633,2.22523354205251e-05,-0.00112234855106141,0.000144871869558472,-0.000118267502443814,4.82336041596199e-05,0.000162741070163896,-5.49419505544435e-05,5.40385236051932e-05,-0.000125606580088089,1.00925400818852e-05,0.000259446526004403,-0.000100871405251723,-0.00620117448150292,-0.000164200570279327,-0.00384847914929409,0.000269775004392514,4.63402151753556e-05,0.000150978588322026,-0.00567823434886527,-8.86475624026772e-05,0.000157380098416482,-0.000811369931705386,0,-0.000436778227934198,-0.00477849098653671,-3.89262148576819e-05,-5.49419505544435e-05,0.000167463306707916,0,-0.00323420038257982,-1.76853896363127e-05,-0.00480301380220638,-3.84715327896856e-05,0,-0.00236644680170883,-0.00456816207094057,0.000336559903567846,4.96383019310542e-06,-0.000125606580088089,-0.0123644540919514,-0.00104384373524891,-0.0010612279555211,-0.00254033524286967,-7.84623373810689e-05,-0.000952841371246294
"3:69303230:C:A",-0.00330909750915742,-0.00340189873772712,1.08359244004319e-05,-0.00245567049218387,-0.00932525833492726,-0.00245492304586481,-0.00169090869083721,-0.00580684159683909,-0.0119489891289621,-0.0104626050392618,-0.00033358878680545,-0.00429885852586853,-0.00295241012776426,-0.000216549812535938,-0.00947645067838909,-0.00127108707003121,0.000170291375674481,-0.00181607249018967,-0.00527841791920558,1.08359244004319e-05,-0.0174123119500247,-0.00513799457266551,-0.0064981444244685,-0.000790973494314784,-0.000139061354706094,-0.0136177624852927,-0.0162893362799768,-8.59782303042067e-06,-0.00121142978485267,-0.00485691989639303,-0.00367643046088162,0,-0.00333481123064239,-0.00186863385565683,-0.000968939363361621,-0.00403765393761635,-0.000179062169912925,-0.00263964937821459,0,-0.00127993818731387,-0.0014018529827613,5.2572790979255e-05,-0.00690495880652486,-0.00797110775755172,-0.00570595022239662,-0.00701935194203518,-0.00155377366835463,-0.00289627511633306,-0.00164980486226085,-0.00103876775471612,-0.00464032266014947,-0.00617395302997714,-0.000295739637819814,8.0664366683969e-05,-0.00263964937821459,-0.00227632589679416,-0.0108411841644545,-0.00410950490302753,-0.026411784358686,-0.00403014088517484,7.14646719099932e-05,-0.00149277090503563,-0.00884147068012364,-0.000292905228783447,0.000255400543128559,-0.0108706695600214,0.536228491753257,-0.00389515403121798,-0.000906039957576432,-0.00602050176080926,-0.00332542669650415,-0.00693163583139,-1.00209100173387e-05,-0.00305347406378242,-0.00210058298625526,-0.00102289306865977,-2.34542708561492e-05,-0.00804675389520249,-0.000592929561321398,-0.000228361411532596,-2.28913714268586e-05,-0.00253721951079555,-0.00639137139593426,-0.0064981444244685,-9.36180444099932e-05,-2.75813479797549e-05,-0.00438282191289563,-0.00154309904511152,-0.00572579583628929,-0.000203383649875377,-0.00602050176080926,8.0664366683969e-05,-0.00661506460009953,-0.000216850158469839,-0.00526901187471562,-0.00436898679237885,-9.36180444099932e-05,-0.00493566034262782,-0.00311594026031425,9.82280359895782e-06,0.000161034239769542,-0.0024149451083586,-0.00101928146256292,-0.000254262984903164,-0.0034924103537044,-0.0052901308706037,-0.00609077645236944,-0.0061459335270877,-0.0181479603996038,-0.0012580419021484,-0.00172891024945088,-0.00080422768961963,-0.000203383649875377,-0.00648444678725024,-0.0073182455924683,-0.0033245676361302,-0.000760595507834694,9.63474781565665e-05,0,-0.00186823050760765,-0.000982111759390669,-0.00147779141480164,-0.00499532993316087,-0.00291728952594195,0,-0.00541366325411774,-0.00195301799377212,-0.00408743430444014,-0.000742917555474953,0,-0.0160362623990737,-0.00492212698707561,-0.00969834845088791,-2.34542708561492e-05,-0.00349275284901474,-0.00895612533023638,-0.0157750180002161,-0.0022291181018872,-0.00662066378530479,-0.00514831131206783,-0.00142600647413449
"3:69303530:G:T",-0.000437205671983243,0.000353229692573898,-0.00123530123181137,0.00289311729809238,0.000186204011329849,-7.87722000143987e-05,-0.00502502852208053,-0.00161522893568655,3.37114179780329e-05,6.24933539938866e-05,-0.000227384797016228,-0.000293123147281804,-0.00029988970154271,-0.000150828859720065,0.000198203862208146,-0.000432618888685177,-0.000134315348737424,-0.00522232073776063,0.000528549834058367,-0.00123530123181137,-0.000162985111310299,-0.00100932990413316,-0.00282040485391288,8.21182879739979e-05,-9.59772230384459e-05,-0.00872477952805362,0.000578968429820748,-0.00111896139048362,-7.39123564814648e-05,-0.000102249035810686,-0.00482191637498808,0,-0.002388766950423,0.000188493739796236,-0.000219069930968985,-0.00365737331290017,0.000277863114424903,0.000412573256074467,0,0.000149933366756727,-0.000244332249785373,-0.00355755784823675,-0.00449735468791701,-0.00169570656990903,-0.00201562730614002,-0.00386291814805961,-7.39123564814648e-05,-0.00260532648107059,0.000101015309113883,0.000125509402626456,-0.0020344401479937,-0.00185705227939259,-0.000198174785630556,5.96249632858203e-05,0.000412573256074467,-0.00145604332628846,-0.000210942055540286,-0.00219584692820884,-0.000162420626717008,-0.00283173934187531,5.32652378515408e-05,-0.000647382187325185,-0.000102249035810686,-0.000202748138315556,-6.67369121263306e-05,0.000167463306707916,-0.00389515403121798,0.104719495362606,0.000227736334071693,0.000155849399113173,-5.51662676429032e-07,-0.00263514080599681,-6.72404967261286e-06,-0.00203270346685169,3.37114179780329e-05,0.000565861053130501,-2.04214467842689e-05,0.0035606501539629,0.000233068398546976,-0.000157514103284129,-5.51662676429032e-07,-1.4880587818844e-05,-0.00400078511204693,-0.00282040485391288,-6.67369121263306e-05,6.24933539938866e-05,0.000860103527001943,-0.000483124242226296,0.00367076177088688,-0.000141952766317566,-0.00303464719666469,5.96249632858203e-05,-0.000870095198560961,-6.01934254857994e-05,0.00181001342067244,0.000277863114424903,-6.67369121263306e-05,-0.00291041729057984,0.00338454896474882,0.000309273903903673,-0.000149685092471152,-0.00138448178890638,0.000143942785135742,-0.00468482845703733,0.000343527382040243,-4.16142845427458e-05,-0.000915939383956399,0.000272711602423925,-0.000946717709652489,0.000427081155907061,-0.00326932267619728,-0.000812918973412735,-0.000141952766317566,3.96385446848058e-05,-0.00175382625417653,-0.00123641294839327,-0.000495403192475763,-0.000323024853744691,0,0.000216873077850899,8.84961523661687e-05,0.000107159504189269,0.000143942785135742,0.00330516624728361,0,-0.00261651058895707,4.68273754332671e-05,-6.43601869496635e-05,-0.00113731251884097,0,-0.00370706851352942,-0.00122166648248001,-0.00140085550030733,-2.04214467842689e-05,0.000343527382040243,-0.00109456960084398,0.000230284997537744,-0.00319310889284896,-0.00349730017475736,-0.00292461337364891,-0.000150937223378556
"3:69305815:A:G",-0.00100046583505264,0.00151681296581607,-1.80045872806289e-05,0.000281071280773482,-0.0040530969204875,2.49151404583259e-05,-0.000170641919678083,-7.69303471299665e-05,-2.00940815213713e-05,-3.93223684698185e-05,-0.0036079762764647,0.000278970641297782,0.000243779302255831,5.70096779810569e-05,-0.00396637907279462,-0.00408068864456723,6.03616421086528e-05,-0.000170641919678083,0.000294068982483076,-1.80045872806289e-05,7.02289613574436e-05,0.000246589809187014,-0.000108536336870024,-0.000696324250917257,3.95638309891311e-05,0.000147250245467134,-0.000294442625973446,-1.37546089939988e-05,3.24939056257634e-05,3.22675144044382e-05,-7.21602036133362e-05,0,0.000892215740029734,0.000625621230341267,-0.00308912884261403,-2.69627083238078e-06,-0.000138711028865757,-0.000203411230513595,0,-0.000505195201854214,0.000103974665134565,-2.21604360906014e-05,-0.00176958660463811,0.000577245260426906,0.000804026990744333,-0.00456642588946021,3.24939056257634e-05,-0.000497157501882839,-5.11486468717237e-05,9.87526859210774e-05,-0.000428658500807089,-0.0017542985939567,-0.00116248318181267,-2.82244393945419e-05,-0.000203411230513595,-0.0004893071762746,7.59198860418309e-05,-3.309718090172e-05,-5.34809176322426e-05,-0.00090653219803194,-2.62252455280887e-05,-8.9193788532782e-07,-0.000982348425376145,-0.00240310491351359,3.01882872415504e-05,-8.22155134025948e-05,-0.000906039957576432,0.000227736334071693,0.0744060374707249,-7.87119216285603e-05,-9.40726982978646e-06,-0.000138711028865757,2.14169470780234e-06,-0.000218328748634811,-2.00940815213713e-05,-0.00158092162134338,6.49582044420782e-06,0.000252849463295846,-0.000113293414223392,6.78509587022091e-05,-0.00147370568403815,-0.00102466607595897,-0.000927893605254582,-0.000108536336870024,3.01882872415504e-05,-0.000580357820787469,-0.00135356856575797,0.000203460397737665,-0.000777738823046548,-0.00338530988133101,-7.87119216285603e-05,-2.82244393945419e-05,-0.00333874216475927,9.02574205596807e-06,-0.00342547395695547,-0.000138711028865757,3.01882872415504e-05,-0.00497153617370216,0.000196829913466701,-2.97906314745688e-05,6.53272134591987e-05,0.000220705752977501,-0.00056831407043223,7.2982642002728e-05,-0.000170516786623942,1.32097817280297e-05,0.000353404754448228,0.000676562761166011,-0.00438503198208817,-0.000223527409680457,-0.00332693139806572,0.000367959087214764,6.28309228893897e-05,-0.000393640360666581,4.72923041279216e-05,-0.000121695738826588,-0.00259244285784366,-0.000691322242791337,0,-0.000108536336870024,-4.72953703747336e-05,-5.30432693999217e-05,0.000294518125051546,0.000227736334071693,0,-0.000841367095646639,-2.42040329068161e-05,-0.000482808587920047,-0.000732159045538694,0,0.000110609897470582,-0.00176787683095458,0.000459755964902442,6.49582044420782e-06,7.03412801605907e-06,-0.00040933492295725,-0.000748519361756017,-3.4224074537903e-05,-0.004531687398873,-0.000106914491039056,-0.000107817896703111
"3:69307585:A:G",-0.00476914658137684,-0.000132831406342682,-1.22452725630495e-05,-0.00207043208544722,-0.00351340214422624,-0.00288432896097124,-0.000397491278104845,-5.37604202204278e-05,-1.37794909722544e-05,-0.00124643117094525,-0.00216270326263945,-0.00599077155663519,-0.00266019995832334,4.03982249759238e-05,-0.00359948718026093,0.00012854061255485,4.19959320572261e-05,-0.000404520057956326,-0.000189224040287428,-1.22452725630495e-05,-0.0030052367876312,-0.00567613754356522,-7.62964950533629e-05,-0.00116296221684831,-0.00196708390007849,-0.000154979258228494,-0.00021099512401257,-9.12664691909981e-06,2.27354625454979e-05,2.3450344649234e-05,-0.00138210313277387,0,-5.57024141096818e-05,-7.00178076460389e-05,6.65331888098919e-05,-1.02427589698806e-06,0.000726406395338941,-0.000144741234711532,0,-0.000962556109017854,-0.00231110447898253,-1.52973346603247e-05,-0.000988042274042478,-0.00424945617723615,-0.00164897321516833,-0.00133440656981243,2.27354625454979e-05,-0.000903994468798963,-3.56779031864818e-05,-4.82742965637328e-05,0.00063212535645274,-0.00238358823732998,5.66751623942707e-05,-1.97551825218412e-05,-0.000144741234711532,-0.00886772069558628,-0.00160551791373287,-2.23130048340181e-05,-0.000858070104604813,-9.56215022540619e-05,-1.82849292729159e-05,-0.00140529628488295,-0.00147227309178977,6.27753607496118e-05,2.10697272287064e-05,-5.77191423190015e-05,-0.00602050176080926,0.000155849399113173,-7.87119216285603e-05,0.185942539036274,-5.9392705162864e-06,-9.78690805615301e-05,1.56119832261936e-06,-0.00480048063398009,-1.37794909722544e-05,-0.00147649573726483,4.7330999572992e-06,-0.00182909730088365,-7.98999450868365e-05,4.73567397545338e-05,-5.9392705162864e-06,-2.68086003085699e-06,-0.00628668268655996,-7.62964950533629e-05,2.10697272287064e-05,-2.69167875597276e-05,-0.00148383963254428,0.000139789227636022,-0.00147728141213488,-0.00574343227964125,-5.50944346278115e-05,-1.97551825218412e-05,-0.00232860787727596,7.54496427468609e-06,-0.000517689033403101,-9.78690805615301e-05,2.10697272287064e-05,-0.00720220186831266,-0.0028726779742323,-0.000963032125792296,4.55512091175336e-05,0.000151638212968486,-0.00382197592078093,-0.00256396054174157,-0.000120809563911806,9.61867254112292e-06,-0.00197114720277014,-9.67515927667861e-05,-0.00500744527265962,-0.000158529262476392,-0.0117687589181115,-0.00174407663866738,4.37643684652045e-05,-0.00512300352617956,0.000114012720997536,-8.48466094156564e-05,0.000146609932360597,-0.000131837586469175,0,-0.000744406256997898,-3.28211634164077e-05,-3.70833018958905e-05,-5.24116472035985e-05,-0.00303464719666469,0,-0.0143564236192777,-1.67990628288095e-05,-0.00229084316146633,-0.00340609365465472,0,-0.000470649883601126,-0.00287338910006696,0.0003060445843861,4.7330999572992e-06,-0.000120809563911806,-0.00363264145047459,-0.00239077025715062,-0.00137129020740367,-0.00328099082045608,-7.50686557946523e-05,-0.00118778224057881
"3:69307713:A:T",-0.00252651690498418,-1.86751243402838e-05,-1.01808925379032e-06,-0.00276462464459293,-0.00224097713277782,-0.00430315458797192,-0.000330443374852329,-0.00145277017304846,-1.17794829890272e-06,-0.00176076037699247,-0.00349273835834474,-0.000651738862082141,-0.00190359739590651,-0.00218061874277886,-0.0022983583526397,1.69883024181416e-06,-0.000103647917810257,-0.000294348430750269,-3.1607180575044e-05,-1.01808925379032e-06,-8.84235853426674e-07,-0.00352350355732334,-8.9882121567797e-06,-2.97544875937916e-06,-4.55688562031042e-05,-0.000869110863582101,-0.000827964683658422,-7.01615461728977e-07,-0.00157035672774786,-0.00193038561085501,-1.46271809571275e-05,0,-0.00407696617642905,-7.92877859723262e-06,3.232658328578e-06,6.7040514473149e-08,-1.24929649762962e-05,-2.15376836445458e-05,0,-5.74065339087326e-06,-0.000183054316631015,-1.3387950446031e-06,-0.0111375707126431,-0.00217941930020604,-0.00795646568479214,1.83935940789581e-06,-0.00157035672774786,-0.00658043725557711,-3.52039672613103e-06,-4.94476017198764e-06,-6.57027369097563e-05,-0.000249042235280328,3.07850387049058e-06,-1.82660711889326e-06,-2.15376836445458e-05,-3.47110651315319e-05,-0.00741028075126948,-1.89938761607777e-06,-0.00285709013503865,-1.2057031455015e-05,-1.66318725014492e-06,-4.51054577954579e-06,-6.70631736721106e-06,3.17529086490964e-06,-0.000113686945852898,-6.3358266402247e-06,-0.00332542669650415,-5.51662676429032e-07,-9.40726982978646e-06,-5.9392705162864e-06,0.134559134234665,-1.24929649762962e-05,1.39636071594396e-07,-2.54086091366901e-05,-1.17794829890272e-06,-0.000194916988985216,4.14460297193386e-07,-2.5860677110856e-06,-9.61570945356982e-06,2.80097211113883e-06,-3.89965993718988e-07,-0.00400858436692531,-0.00176805030700677,-8.9882121567797e-06,1.53015108850241e-06,-2.43458346371739e-06,-0.0018426760840704,-0.00130021121233526,1.78225723068692e-06,2.66452802843986e-06,-5.9392705162864e-06,-1.82660711889326e-06,-0.00128891083090021,-0.000362933353799555,-0.00473477916678711,-1.24929649762962e-05,1.53015108850241e-06,-0.000287013931277613,1.21972672761927e-06,-1.51262982344136e-05,2.73442768783383e-06,-0.00157905890423837,-5.54185618195646e-06,2.92345498653646e-06,-1.66790572695419e-05,-0.00217665633263842,-6.57030402315684e-05,-1.22755398530572e-05,-0.00570664801232468,-0.00283696296987923,-0.000936270412564166,-0.00108186751403849,2.66452802843986e-06,-0.000618318398398543,-0.00163791758840537,-0.000875045300027466,3.59104160629897e-07,-1.84431450778177e-05,0,-0.00121512960345616,-3.15671688078112e-06,-3.70270795357897e-06,-5.54185618195646e-06,-5.51662676429032e-07,0,-6.02369248907664e-05,-1.50056272207877e-06,-0.00047876109435574,-0.00055937067007239,0,-0.000594940395128418,-0.0049019841919824,-3.28935137003938e-05,4.14460297193386e-07,-1.66790572695419e-05,-0.00344749640500108,-0.00313841718519559,-1.60085131017951e-06,-0.003624645046997,-8.77763097850703e-06,-2.10659414197067e-05
"3:69308491:G:C",-0.00120443282130456,-0.00428490672367143,-0.00393998288337993,-0.00183910467857551,-0.00030998830969331,2.96930062280154e-05,-0.000215396197630113,-9.57595880279882e-05,-2.52104141740261e-05,-4.95226169565655e-05,0.00012068080181038,0.000338012730739301,-0.00105939675405509,6.91388251228275e-05,-0.000270916324322634,0.000228851150020581,7.41986006405071e-05,-0.000215396197628337,-0.0079082138491593,-0.00393998288337993,-0.00103239984891701,0.00029957370058753,0.000430479779271131,-5.6663687237446e-05,4.83335198318002e-05,-0.00698727999620186,-0.000367850775994327,-1.76659700761306e-05,3.98988757019936e-05,-0.000498788878708467,-9.2064260827307e-05,0,-0.00248192616552867,-0.000125165845339836,0.000117469280361604,-0.00139226279196958,-0.000172543383225587,-0.0106013273958547,0,-9.57595880279882e-05,0.000127209873172163,-2.76697720478225e-05,-0.00362112427191263,-0.00330601695759292,-0.0100960820763554,-0.00359057120054374,3.98988757011054e-05,-0.0012180751246671,-6.35668792678956e-05,-8.70775566710336e-05,0.00226972863804686,-0.0045130442994612,-0.00134757978728306,-3.48877800577796e-05,-0.0106013273958547,-0.00463054354067705,-0.0012888242364113,-0.00113444869966273,-0.00361670959532301,-0.000169104834569112,-3.25080193226412e-05,-0.00357387384408092,3.84513402060804e-05,0.000111149437747926,3.71477935336983e-05,-0.000334546181061768,-0.00693163583139,-0.00263514080599681,-0.000138711028865757,-9.78690805615301e-05,-1.24929649762962e-05,0.192504114096244,-0.00308698132376062,-0.00542645447741386,-2.52104141740261e-05,-0.00443660003394797,7.7434740806126e-06,-0.0034151878661266,-0.000140559878633262,8.31380713437468e-05,-1.24929649762962e-05,-7.20063827053252e-06,-0.00726233439122215,0.000430479779271131,3.71477935336983e-05,-4.95226169565655e-05,-0.00177186326480072,0.000248274032666806,-0.00230254429103294,7.71462687083613e-05,-0.00140960491491793,-3.48877800577796e-05,0.000413639817156586,9.43494256322452e-06,-0.00192190662688629,-0.000172543383225587,3.71477935336983e-05,-0.0012701154770145,-0.00248997716958055,-0.000201384792340775,8.0125918404228e-05,0.000268799843126999,-0.00175915016301431,8.92620305092962e-05,-0.000212138728717726,-0.00358544035232988,0.000428741079640638,-0.000170833964871164,-0.000231676392689728,-0.00469771253446449,-0.00212836702641006,-0.00225190090980654,7.71462687083613e-05,-0.00106661072216241,-0.000712441618908599,-0.00426810747495132,0.000261800155197278,-0.000939695540377983,0,-0.000134950525002786,-5.89905894887721e-05,-6.58171215510706e-05,-9.36261052180143e-05,-0.00263514080599681,0,-0.00109425311813105,-3.01021602879814e-05,-0.00120010212160704,-0.00394193308156776,0,-0.000528795063030607,-0.00220132662143513,-0.00439784616963834,7.7434740806126e-06,-0.00607549173504029,-0.00278191059884492,-0.000290003237269687,-0.00368685696305526,-0.000150500886341831,-0.000133038156326926,-0.000136327679133075
"3:69308958:A:T",-0.00386509696947179,3.18518552067104e-06,3.56530902578811e-07,-8.83605305723734e-06,-5.78381059401778e-06,-6.62594185740772e-07,2.87269807408563e-06,1.52241571704792e-06,4.084350075928e-07,7.70812197181669e-07,-2.5251342048449e-06,-8.97298244151301e-06,-7.59663751548345e-06,-1.4669584222915e-06,-7.08824474138225e-06,-0.00242590799951614,-1.46471590767305e-06,2.87269807497381e-06,4.05184950125204e-06,3.56530902578811e-07,-0.00382447391778395,-7.59263774430252e-06,-0.00321173814019549,9.13509867750406e-07,-9.66290887305377e-07,-0.00400932028904677,-0.0059790459839828,2.49982571531859e-07,-7.69652941379206e-07,-0.00393885739685906,1.2925688359644e-06,0,-0.00453504589323828,1.90738877492436e-06,-0.00281784435981258,-0.00380865236501737,2.55320306141726e-06,3.43044587935992e-06,0,1.52241571704792e-06,-2.69841823197225e-06,4.59453442402946e-07,-2.81104521429043e-05,-2.43029316244758e-05,-0.00470091379953619,-9.0436055355525e-07,-7.69652941379206e-07,-0.0032658428466501,1.04892504904086e-06,1.36031300712602e-06,-0.00301331309614383,-3.42025516903988e-05,-2.07808413676958e-06,6.07392329321499e-07,3.43044587935992e-06,2.87118873476544e-06,-2.03466234527383e-06,6.2030018721515e-07,-0.00401028143047988,2.49792924744696e-06,5.58912898185326e-07,-2.04072093445973e-07,-0.00378864417013247,-2.27612733194604e-06,-7.06302828668015e-07,1.63678255571398e-06,-1.00209100173387e-05,-6.72404967261286e-06,2.14169470780234e-06,1.56119832261936e-06,1.39636071594396e-07,-0.00308698132376062,0.114934293108965,3.69949140832659e-06,4.084350075928e-07,-0.00368262847962075,-1.68433871294837e-07,-7.7425234179529e-06,2.17290302906292e-06,-1.6848761470456e-06,1.39636071594396e-07,2.53086493984256e-08,-5.59340862960056e-06,-0.00321173814019549,-0.0018076542485721,7.70812197181669e-07,-3.50734552068133e-06,-5.87894952008838e-06,-6.0078611046066e-06,-1.53685808168547e-06,-0.00336548238690781,6.07392329321499e-07,-1.13350671906431e-05,-0.00395918964642483,2.76851536362699e-07,-0.0054049781589649,-7.06302828668015e-07,-0.00360364304255256,-5.62793715630505e-06,2.84672904715677e-06,-1.61023537437188e-06,-6.54725797311073e-06,1.48295216018113e-06,-1.83806574138856e-06,3.00914703288413e-06,-3.4571705587183e-07,-1.1947385336164e-05,2.52580801429758e-06,-0.00400052980600663,3.60987582048722e-06,-9.32956372601268e-07,-1.25566716446812e-05,-1.53685808168547e-06,4.72578239740784e-06,-0.00402045017323083,2.22324402088248e-06,-6.19644571564493e-06,3.16381265008658e-06,0,2.07764557913492e-06,9.59432490788004e-07,1.09253053892644e-06,1.48295216018113e-06,-6.72404967261286e-06,0,-0.00338480170659494,5.09606246090755e-07,4.89448392837488e-06,9.98960316245245e-07,0,-0.00405561997616566,-0.00367883739879638,-0.00290576433936884,-1.68433871294837e-07,3.00914703288413e-06,-1.23293384568512e-06,-0.00350602939825073,-0.00389689725183295,4.19992829936433e-06,2.04477934051539e-06,1.93739821163774e-06
"3:69309790:C:T",-0.00327116766685975,0.00077736781372284,-4.00587688078602e-05,-0.000851278319482951,-0.000413555246936426,-0.00125927364630574,-0.00093191998804798,-0.000716646348352334,-0.00232183693250043,-0.00845811754081982,0.000195927161406928,-0.000835746567393159,-0.00551828553281908,-0.000441872006071264,-0.000410027819434333,0.000373526441511451,0.000121274343683808,-0.000938948767899461,0.00182216666676993,-4.00587688078602e-05,-0.00477545224762732,-0.000223991966862513,-0.00512363132711702,-9.65535378325555e-05,7.70957625135793e-05,-0.00325054299335648,-0.000608405270070556,-0.00101977452554003,6.47337474406484e-05,-0.000983526744477992,-0.000166446600599279,0,-0.00467128558741248,-0.00267021307841109,0.000191135585732027,-0.00380804615949337,-0.00542645447741386,-0.000417127186850053,0,-0.000160421906760355,0.000205671380532735,-4.71378130324496e-05,0.000216156265049339,0.000499098949390486,-0.00485952753622643,-0.00644734101401845,6.47337474397602e-05,-0.00131138290334221,-0.000106281813608611,-0.0018265023335049,-0.00305425646059199,-0.00137451749950479,0.000157547121372836,-5.74640607844401e-05,-0.000417127186850053,0.0014851041170747,-0.00704654758926804,-0.00109340901976118,-0.0138437115341459,-0.00028182937150234,-5.40600916218992e-05,-2.20444725549385e-05,5.5781614371142e-05,0.000181709123684648,6.07031497503741e-05,-0.000169072617691945,-0.00305347406378242,-0.00203270346685169,-0.000218328748634811,-0.00480048063398009,-2.54086091366901e-05,-0.00542645447741386,3.69949140832659e-06,0.204618027101325,-4.36182172904864e-05,-0.00114382443684935,1.122193576375e-05,-0.00257276996889022,-0.000231986185176503,0.000134499283555911,-0.00103263058228187,-1.78259697527494e-05,-0.00287376364881808,-0.00512363132711702,6.07031497503741e-05,-0.000952978661324266,-0.00142256766905913,-0.00186869415781299,-0.00247511845479931,0.000125634272320596,-0.00480048063398009,-5.74640607844401e-05,-0.00684640550331661,6.0271972213144e-06,-0.00108806101269376,-0.00047656759174064,6.07031497503741e-05,0.00107063601180757,-0.00218289355622403,-0.000337454619865341,0.000130042319136159,-0.00130716119808216,-0.00405515677590707,0.00014356325222753,-0.000300263674537504,2.28247187523678e-05,-0.0014614642870221,-0.000284091246990137,-0.00735191503671828,-0.000467645100179936,-0.00880102039387154,0.000727701536253456,0.000125634272320596,-0.000344129307699781,-0.00138705377445092,-0.00026021919536845,0.000427968142929558,-0.00178803646506154,0,-0.000224417986790293,-9.98332509949407e-05,-0.000109451904484636,-0.000157471822391564,-0.00203270346685169,0,-0.00633772351892237,-5.06182210413542e-05,-0.000348353073122531,-0.00340526446917533,0,-0.000409199542576566,-0.00103774680626545,-0.00137137022373857,1.122193576375e-05,0.00182647042606998,-0.00401027040474755,-0.010102580347171,-0.000640071313253721,-0.00290242958159137,-0.00104599870492361,-0.000994182987921199
"3:69310908:C:T",-0.00525722986711497,-3.4528449323723e-05,-2.85644279873765e-06,4.00379560234754e-05,-0.00468501908742081,4.67947329152452e-06,-3.00137281872281e-05,-1.33980358771879e-05,-3.26722690680015e-06,-6.38792387253062e-06,1.60028430382653e-05,4.03224889300446e-05,-0.00348351976080252,9.89423145814072e-06,-0.00471007230639664,2.84817992080022e-05,9.97833832716566e-06,-3.00137281854518e-05,-5.14056351663683e-05,-2.85644279873765e-06,-0.00396806370483116,3.64109386925549e-05,-1.93782380772944e-05,-7.6121570797838e-06,6.78625804262367e-06,2.46979531661751e-05,-5.78148398435729e-05,-2.02434457818867e-06,5.50463292636749e-06,6.03006268917738e-06,-1.14015295613612e-05,0,-0.00217999642331002,-1.75279577963039e-05,1.55588045096522e-05,1.19144409893579e-07,-2.52104141740261e-05,-3.84485318205563e-05,0,-1.33980358771879e-05,1.6899969423001e-05,-3.67455191074839e-06,-0.00304273961798973,6.09250729475264e-05,-0.00978971150519925,-0.00607358336447916,5.50463292636749e-06,-4.90333515132946e-05,-8.80425685600983e-06,-1.18365816517141e-05,-8.86611923061054e-05,-0.00201650577920454,1.35120340694073e-05,-4.87614766786493e-06,-3.84485318205563e-05,-2.9655423302799e-05,-0.00221940084947025,-5.13038951677203e-06,-0.00110763768177868,-0.00120732616139918,4.4429315082084e-05,1.21506434780372e-06,6.03006269006556e-06,-0.000398561630054139,5.08393166676058e-06,-1.45320244060443e-05,-0.00210058298625526,3.37114179780329e-05,-2.00940815213713e-05,-1.37794909722544e-05,-1.17794829890272e-06,-2.52104141740261e-05,4.084350075928e-07,-4.36182172904864e-05,0.10737248580109,-0.000152774403892053,1.23522016881594e-06,3.69063668239633e-05,-2.04469865048296e-05,1.12795477162919e-05,-1.17794829890272e-06,-3.16939459565901e-07,-0.00201913444701507,-1.93782380772944e-05,5.08393166676058e-06,-6.38792387253062e-06,-0.000206584081979599,3.07519393896172e-05,3.10989601874923e-05,-0.00135737256678947,-1.37794909722544e-05,-4.87614766786493e-06,-0.00154981619024852,2.35698524875261e-06,-4.42714358390717e-05,-0.00102259426529105,5.08393166676058e-06,-0.00676480004431035,2.98373359557402e-05,-0.00133331275471793,1.08426654872318e-05,3.30754028254887e-05,-0.00144056992410668,1.21628615339375e-05,-0.000788342003954057,-0.00201682270971837,4.73007592658448e-05,-2.48684045063285e-05,-0.0053829369297711,-0.00127921073232162,-0.00223891154688438,4.84984129967003e-05,1.04089365695614e-05,-0.000173222839706,-0.00204594641133138,-0.00145634757371482,-0.000693482384827249,-3.42038476945916e-05,0,-0.00114123588736348,-8.01303759523364e-06,-9.19467847904087e-06,-1.30130628201997e-05,3.37114179780329e-05,0,-0.000217177763032872,-4.07845553240804e-06,-0.000116731034282225,-0.0016228754116101,0,-0.00373412377141502,-0.00433475356252,-0.00145491133656517,-0.00216974435805461,-3.15950248923613e-05,-0.00520437340818525,5.7099193429444e-05,-4.9198512925841e-05,-0.000215973067559716,-0.0012391469196471,-0.00158738907405809
"3:69311862:T:C",-0.0107768820056684,-0.000641740131593238,-0.00025250276119948,-0.00045796765205397,-0.0106230485067345,-0.00103686416024829,-0.00498688582605444,-0.0037543343912283,-0.00595591698380549,-0.00123064886860735,-0.000783194358102257,-0.00448195850850919,-0.00204448599637752,-0.002117019404559,-0.0103127679775055,-0.005994212550684,0.000136988575402341,-0.00567296542217965,-0.00519167791170805,-0.00025250276119948,-0.00426820855235466,-0.00762871528521858,-0.00373589050304979,-0.00729617665332638,-0.00252896653434842,-0.00420542464006601,-0.0160911530037144,-0.00357708629533793,-0.00129638568520551,-0.000454530347171911,-0.00492240363072627,0,-0.0107161153394038,-0.00236675723876756,-0.00581937620169359,-0.00525870772543868,-0.000341991025984534,-0.00224610547604609,0,-0.00490790934959939,-0.00460206470444646,-0.00617739253788496,-0.010516380916894,-0.00205130078455795,-0.00683296078745554,-0.0074093808917195,-0.00129638568520551,-0.00490824938525147,-0.000197480770186331,-0.00275839270479672,-0.00582913486325731,-0.00448721813629316,-0.00173952771135211,2.35298657287331e-05,-0.00224610547604609,-0.00158307527165347,-0.000299519882621002,5.95351428387403e-05,-0.0193448522294717,-0.000318745703486556,0.000187082315830089,-0.00669059855258158,-0.00409772035510469,0.000101198436297523,-3.46869167628938e-05,-0.00361334806348701,-0.00102289306865977,0.000565861053130501,-0.00158092162134338,-0.00147649573726483,-0.000194916988985216,-0.00443660003394797,-0.00368262847962075,-0.00114382443684935,-0.000152774403892053,0.427695494936685,-2.79149871786899e-05,-0.00161198106258054,-0.00277032510344366,-0.00315935811619461,-0.00133151182909286,-0.000169702464196675,-0.000953086713864959,-0.00373589050304712,0.000163166615210208,-0.000978396572924201,-0.00189034237190633,-0.00390757918544038,-8.33507827082691e-05,-0.000812707678727875,-0.00299406248946976,2.35298657287331e-05,0.000745859532359283,-0.00155213428892598,-0.00234980341789059,-0.0056287277336784,0.000163166615210208,-0.00160284096666796,-0.00184155719999923,-0.00335185219448597,-0.00134458853765107,-0.000641075789530543,-0.00146373414728718,-0.00055355236133714,-0.00756497486780372,-5.03243898579697e-05,-0.00615201066426785,-0.00311405354974914,-0.000783786584455548,-4.62855605509738e-05,-0.00569749809758946,-0.000195845627998459,-0.00118557481321702,-0.00713529440847394,-0.00698632761888884,-0.000738344328202079,-0.00255693049660621,-0.00207675206194935,0,-0.00142480759908548,-0.00413688181363625,-0.00162762091722612,-0.00232274812467104,-0.00301689881919742,0,-0.00218585877812272,-0.00164654041814316,-0.00805274859492267,-0.00139618674213704,0,-0.00603160844785178,-0.00372997688659726,-0.00117019089193882,-0.00238161746960408,-0.00152952738558554,-0.0119852746016109,-0.00907885517972451,-0.000297995092672032,-0.00241258555821977,-0.00143428474504459,-8.0685540391201e-06
"3:69316565:C:G",-0.00231474204201643,9.65756827842057e-06,1.07676773186682e-06,-2.68530237246267e-05,-1.76338184161295e-05,-2.02291903050877e-06,-0.00235728029498006,4.61469325063746e-06,1.23522016881594e-06,2.33025730711489e-06,-7.66804448382175e-06,-2.73218129649422e-05,-0.00196659994106252,-4.46593639846782e-06,-2.16038487774739e-05,-1.59923408853402e-05,-4.44527560539143e-06,-0.00240530880089196,1.22923376384421e-05,1.07676773186682e-06,-0.000910706925149718,-2.30974284676222e-05,6.30029309345304e-06,-0.00202500660290816,-2.9370039582588e-06,-1.34893318843865e-05,-0.000893610385440446,7.51447662317162e-07,-2.33682540695668e-06,-0.00224980599307933,-0.00225309112659833,0,-0.000155672021496578,5.78034733766941e-06,-7.41033550344383e-06,-1.1414191813941e-07,7.7434740806126e-06,1.0406786616457e-05,0,-0.00180048302388069,-8.19707849952778e-06,1.39095311180171e-06,-0.00250311513993751,-0.00315692093306996,-9.64260273246254e-05,-2.77721089947391e-06,-2.33682540695668e-06,-0.00160817141198066,3.17945616767901e-06,4.11964895352668e-06,1.47673411525773e-05,-2.44063839929254e-05,-6.31780140203375e-06,1.84244523282473e-06,1.0406786616457e-05,8.7062746061406e-06,-6.20091991265781e-06,1.87046067434693e-06,-5.23696779364258e-06,7.5746926953002e-06,-0.000391657312620808,-6.50498431120639e-07,-0.00580309245217681,-6.90802054403861e-06,-2.14350637772753e-06,4.96383019310542e-06,-2.34542708561492e-05,-2.04214467842689e-05,6.49582044420782e-06,4.7330999572992e-06,4.14460297193386e-07,7.7434740806126e-06,-1.68433871294837e-07,1.122193576375e-05,1.23522016881594e-06,-2.79149871786899e-05,0.0935984047811624,-2.35330730511407e-05,6.591077895024e-06,-0.00157584328164262,4.14460297193386e-07,6.52407949885969e-08,-9.25255403672054e-06,6.30029309345304e-06,-2.14350637772753e-06,2.33025730711489e-06,-5.82489396494523e-05,-0.00353496845811119,-1.82954785037381e-05,-4.6654358438758e-06,4.7330999572992e-06,1.84244523282473e-06,-3.44434198318311e-05,-0.00221454390424292,-0.000207322046672509,-0.00143242549294165,-2.14350637772753e-06,-4.62460505179507e-06,-1.70926860239007e-05,8.63154573682579e-06,-0.00305319659443093,-1.99012127399811e-05,-0.00186570148465925,-5.58487821855636e-06,-0.00119047699245201,-1.05520028981232e-06,-0.00136343901391633,7.65982632344731e-06,-0.00248476674573261,-0.00166976864666069,1.77074233231878e-06,-3.81518912337953e-05,-4.6654358438758e-06,1.43358472941557e-05,-0.00446073186813667,6.73541494666807e-06,-1.88104825822322e-05,9.59222916119273e-06,0,6.30029309345304e-06,2.90625456322857e-06,-0.001647987172678,4.4941950987365e-06,-2.04214467842689e-05,0,-0.0024057287769903,-0.00204277592377977,-0.00186264713283446,3.01537775015959e-06,0,-0.00201320724082432,-3.56302737340997e-05,-0.00813108523246076,-0.00401484807898278,9.12760578763994e-06,-0.000731805928576357,-0.00188965634688731,1.55631564435765e-06,-0.00592789178727937,6.1999446465677e-06,-0.00461124005807445
"3:69318432:A:C",-0.000168701123833603,-0.00182289716156614,-0.0018163389024739,0.00145622154217495,-0.000174262881492027,-9.10774970002137e-05,-0.00372700690456274,-6.67407573793355e-05,3.69063668239633e-05,6.80035465761009e-05,-0.000258134592659331,-0.00154178401713434,-0.00818429335270565,-0.00136029323536313,-0.000175676407315528,-0.00049364305783417,-0.000151595966215723,-0.00393857477458948,-0.000520116226982559,-0.0018163389024739,-0.00366108324173275,-0.00407527800819363,-0.00376048566891907,-0.00222252966499603,-0.000109009340061306,-0.00805980097615233,0.00063494832347466,-0.00170185968355607,-8.3447844319906e-05,-0.000169493004025689,-0.00536859201897322,0,0.000442201721573721,0.000208181003207741,-0.000248416085468328,-0.00519330854752198,-0.00141625229549902,0.000455541079669608,0,-0.00192355297111391,-0.000277968565603359,-0.00236541579953453,-0.00259710576561956,-0.00340358330453672,-0.00120169697673989,-0.00546636558451397,-8.34478443207942e-05,-0.00584039178928641,0.000112216261031861,0.000138262108380971,-0.00468957545572746,-5.77887796371357e-06,-0.000226005068314272,6.66685275163559e-05,0.000455541079669608,-0.00200820930575496,-0.000243194410114,-0.00013409424920674,-0.00146705152787563,-0.003787897101315,5.93727625783913e-05,2.53940746599568e-05,-0.00280034424761411,-0.000229363064555343,-7.51486805192769e-05,0.000186207148625606,-0.00804675389520249,0.0035606501539629,0.000252849463295846,-0.00182909730088365,-2.5860677110856e-06,-0.0034151878661266,-7.7425234179529e-06,-0.00257276996889022,3.69063668239633e-05,-0.00161198106258054,-2.35330730511407e-05,0.165547108425794,0.000258900484198854,-0.000178569010123475,-2.5860677110856e-06,-1.9149389734352e-05,-0.00821303110661464,-0.00376048566891907,-7.51486805192769e-05,6.80035465761009e-05,0.000969639207825779,-0.000553564553421815,0.0046009534031608,-0.00016046860429153,-0.00417667450341597,6.66685275163559e-05,-0.00157837498796098,-7.17121637601181e-05,0.00192051404109028,0.000307724406711785,-7.51486805192769e-05,-0.001656711302914,0.00235042261686313,-0.00169223999878287,-0.000169458840327152,-0.00262654655585681,0.000159359780959711,-0.00352175441262137,0.000379912555708017,-4.8013195097063e-05,-0.00239346743280855,-0.00247857572714771,-0.00173581350592755,0.000469699178143657,-0.00344665050155646,0.0029375812065453,-0.00016046860429153,-0.00116172499898326,3.0600794898028e-05,-0.0017986378125574,-0.000566076763520051,-0.000489708402345634,0,-0.00258993020532472,9.78707301744208e-05,0.000119248686881512,-0.00204140578087575,0.00226205954926151,0,-0.00224158262492935,5.19817337636397e-05,0.00013584175222725,-0.00171516730100318,0,-0.00154236606558111,-0.000861782128647182,0.00100161222142159,-2.35330730511407e-05,0.000379912555708017,-0.00414721982681643,-0.00249451141037671,-0.00304321805189911,-0.00809326225386986,-0.00171308762884426,-0.000280984623433511
"3:69318832:G:C",0.000220216608076029,-0.000190608059348563,-0.000536527912934126,0.000288065137401539,0.000195839093544592,2.52903257838e-05,-0.000611735411721881,-0.00020112055697119,-2.04469865048296e-05,-3.99961944870242e-05,0.000100426494248573,-0.0018444239922486,-0.00705337379458015,5.79963496942781e-05,0.00023329031941266,0.000191324947732774,6.1485620089563e-05,-0.000569892994579213,-0.000267137953061436,-0.000536527912934126,-0.00746012248796646,0.000252367249803598,-0.0001100769457274,-0.000391777166849572,4.02537818580129e-05,-0.00136759633355332,-0.00029713893512362,-0.000567069433135892,3.3067493097505e-05,3.27585246511219e-05,-7.33647963153672e-05,0,-0.00152441739855114,-0.000101705843190913,9.76820644975618e-05,-2.81159455894908e-06,-0.000140559878633262,-0.000205753958597121,0,-0.00020112055697119,0.000106007932092922,-2.25407361229557e-05,-0.00297134426453383,-0.000799146747350932,-0.00151020385668321,2.96724958941397e-05,3.3067493097505e-05,-0.000194790512606957,-5.1962896908897e-05,-7.0691406716783e-05,-0.000431125801243937,-0.00428435898624802,-0.000855491851091017,-2.86841319576681e-05,-0.000205753958597121,-0.00016471081161562,7.72437533491654e-05,-0.00766738228120012,-0.00308791704612776,-0.000137605775420546,-2.66589286948005e-05,-0.000620503145903228,-0.000676426111985151,9.22832535357188e-05,3.0724407713123e-05,-8.34389012682735e-05,-0.000592929561321398,0.000233068398546976,-0.000113293414223392,-7.98999450868365e-05,-9.61570945356982e-06,-0.000140559878633262,2.17290302906292e-06,-0.000231986185176503,-2.04469865048296e-05,-0.00277032510344366,6.591077895024e-06,0.000258900484198854,0.100668511822628,6.91103518626335e-05,-9.61570945356982e-06,-5.10611826776142e-06,-0.000618578955283056,-0.0001100769457274,3.0724407713123e-05,-3.99961944870242e-05,-0.00308451508468632,0.000208051910702167,0.000205372173683216,6.3999261046277e-05,-7.98999450868365e-05,-2.86841319576681e-05,0.000349788519201866,-0.000520408869081557,-0.0036445898936579,0.000101530451541265,3.0724407713123e-05,-0.00315153657572864,0.000201248118028907,-0.000163334886133626,6.65406839992499e-05,0.000225759197451936,-7.62798598179515e-05,7.43363259152474e-05,0.000310018805627976,1.34053876266194e-05,-0.00135778703470368,-0.000139091328898111,8.94948178906674e-05,-0.000226004156744786,-0.00345951425890689,0.000378190178955684,6.3999261046277e-05,-0.000237638118968597,-0.00118671334449605,-0.000123419225241506,0.000219201577976058,-0.000189342314337537,0,-0.0001100769457274,-0.00100402441110692,-2.38092732249839e-05,-7.62798598179515e-05,0.000233068398546976,0,-0.00370764875795349,-0.000387733193910833,-0.000382214764054645,-5.47861811996952e-05,0,-0.00204921652698165,-0.00458170769982935,-0.0061190546203056,6.591077895024e-06,-0.000172635893329165,-0.00816975456781943,0.000486663801387621,-0.000597098416598385,-0.00818590798507834,-0.000447510634051795,-0.000109432430362766
"3:69319552:T:C",-0.000283597668745195,0.000108360719651479,9.62629451795038e-06,-0.000199217275254959,-0.00362535960241139,-1.97406018536128e-05,-0.0011522261183865,4.59351775035088e-05,1.12795477162919e-05,-0.00297706681228505,-6.59816364070309e-05,-0.000204561132969516,-0.00017830451247125,-4.08742713258192e-05,-0.00370653200156568,-0.000127247221725746,-3.94218642831845e-05,-0.00287665238076329,0.000155216232697875,9.62629451795038e-06,-0.00314619278113426,-0.000176800994024617,6.52853151565935e-05,2.62607718592989e-05,-2.6966789422822e-05,-0.0033583760853082,-0.00336005507123271,6.256899316881e-06,-2.13733578773301e-05,-0.000264767679238886,-0.00123333162567896,0,-0.00440963939589789,5.85839230620167e-05,-6.38300164697014e-05,-2.55256731573894e-06,8.31380713437468e-05,0.000121440558363162,0,4.59351775035088e-05,-7.03675302933249e-05,1.29123543040066e-05,-0.00362554636338075,-0.000451032543399954,-0.000422357887468472,-0.00316776984453426,-2.13733578782183e-05,0.000147516963412642,3.08722657784699e-05,4.00667893014628e-05,0.00023833068023027,-0.000819707418775018,-5.57851329991976e-05,1.7691803494202e-05,0.000121440558363162,9.53765065840884e-05,-5.61196062340841e-05,1.64949829510874e-05,-0.00147662187211584,8.07373336959571e-05,1.61181202766869e-05,-0.00319954702555325,-0.00135799026126104,-5.96068816625106e-05,-1.95545265011532e-05,5.01475600342971e-05,-0.000228361411532596,-0.000157514103284129,6.78509587022091e-05,4.73567397545338e-05,2.80097211113883e-06,8.31380713437468e-05,-1.6848761470456e-06,0.000134499283555911,1.12795477162919e-05,-0.00315935811619461,-0.00157584328164262,-0.000178569010123475,6.91103518626335e-05,0.102962732193278,2.80097211113883e-06,-7.44848640543694e-07,-0.000142329117197804,6.52853151565935e-05,-1.95545265011532e-05,2.1471811639806e-05,-0.00106725779656003,-0.000140664444217897,-0.000146175961152295,-4.13785014012902e-05,4.73567397545338e-05,1.7691803494202e-05,-0.000244323738075813,-1.19579935624614e-05,-0.000768415250798959,8.31380713437468e-05,-1.95545265011532e-05,0.00026552416541481,-0.000135192316892407,9.42265307779522e-05,-0.000650587926933177,-0.00015500035053595,4.44957436052107e-05,-0.000980332648532922,0.00010197959699898,-0.0033541524337668,-0.000255496049687665,8.19451812885674e-05,-0.00237233376175716,-0.00243475811298666,-0.000785857886570263,-0.000265306792297082,-4.13785014012902e-05,-0.00150540129700616,-0.00235532772213443,-0.00269243880965497,-0.000146331204093464,-0.00179769009655217,0,-0.00264830308798469,2.7817163615218e-05,3.23716817813846e-05,4.44957436052107e-05,-0.000456489507382862,0,-0.00113325861848246,1.45250897141125e-05,-0.000262390443902305,-0.00291339765185139,0,-0.00291305843093603,-0.00123338272572315,-0.000770705582994857,-0.00157584328164262,0.00010197959699898,-0.00182188086833435,-0.000596101990131714,1.13629944467064e-05,-0.0118425593632541,6.39784817764166e-05,-0.0037531710204215
"3:69319563:T:C",-0.00134337210100099,-0.00243206986586397,-1.01808925379032e-06,-5.1230542084113e-06,-0.00183915339945617,1.44167663940209e-06,-3.61732072571286e-05,-0.00145277017304846,-1.17794829890272e-06,-2.43458346371739e-06,-0.00130615487172392,-0.00180785992887333,-0.00190359739590651,2.58892066362648e-06,-0.00179035008107853,-0.00167799959081361,2.5914021897222e-06,-4.32019871103861e-05,-0.000490632658662449,-1.01808925379032e-06,-8.84235853426674e-07,-0.00163382169971005,-8.9882121567797e-06,-7.49896609111289e-05,1.95340102671082e-06,2.60497846227281e-06,-0.000827964683658422,-1.92275433494871e-05,1.63949465292745e-06,1.78999699684823e-06,-0.00222350700313889,0,-0.000158169689896681,-0.00277342756520582,-0.000832665466845128,6.7040514473149e-08,-0.00373069906054813,-2.15376836445458e-05,0,-0.000192373881681362,3.28496754242735e-06,-0.00176965802106732,-0.000238308389517883,-0.000225606439193449,-0.000452323665509624,-0.00219356928621028,1.63949465203928e-06,-0.00128946879237635,-3.52039672613103e-06,-0.00221706128344756,-6.57027369097563e-05,-0.000142797228063429,-0.00226047016496356,-1.82660711889326e-06,-2.15376836445458e-05,-0.00136116678855736,3.05131000111203e-06,-1.89938761607777e-06,-0.000495884471332531,-0.00466669145751641,-1.66318725014492e-06,-0.00214066536356139,-0.00203357644436597,-9.40037621033341e-05,1.53015108850241e-06,-6.3358266402247e-06,-2.28913714268586e-05,-5.51662676429032e-07,-0.00147370568403815,-5.9392705162864e-06,-3.89965993718988e-07,-1.24929649762962e-05,1.39636071594396e-07,-0.00103263058228187,-1.17794829890272e-06,-0.00133151182909286,4.14460297193386e-07,-2.5860677110856e-06,-9.61570945356982e-06,2.80097211113883e-06,0.13387457158453,-0.00203985316446431,-1.0814987488672e-05,-8.9882121567797e-06,1.53015108850241e-06,-0.00172179599192646,-0.00115531083126363,-0.00130021121233526,-0.00200265398143618,-0.00104929290097466,-5.9392705162864e-06,-1.82660711889326e-06,-0.00128891083090021,7.94662297742832e-07,-0.00140926779461115,-1.24929649762962e-05,1.53015108850241e-06,-0.00370726339988758,1.21972672761927e-06,-0.000719011207313436,2.73442768783383e-06,-0.00231478147807618,-0.00151766715233315,2.92345498653646e-06,-1.66790572695419e-05,8.14335017196299e-07,-0.00283290852235396,-0.00311917829495556,-0.00435820333198667,-0.00134491138407622,-0.00261468628502692,-0.00108186751403849,2.66452802843986e-06,-0.000137200050030373,-0.00403929699798322,-0.00152953397754363,-0.00040773072859146,-0.00154283308821768,0,-0.00121512960345616,-3.15671688078112e-06,-3.70270795357897e-06,-0.00248347954468109,-5.51662676429032e-07,0,-0.00534535364068711,-1.50056272207877e-06,-0.000200761796478766,-0.00363285429094162,0,-0.00986846985092793,-0.00171854193771059,-3.33676932271487e-05,4.14460297193386e-07,-0.000857236139851558,-0.00151212189225536,-0.00233919011938255,-0.00210389677905454,-0.0034257552679624,-8.77763097850703e-06,-0.00166218247494587
"3:69319951:G:A",-0.00226208788645543,-0.0017166517982945,-2.63981948300795e-07,-0.00296504230549566,-0.000225162484787766,-0.000551212611213714,-0.000472100724372204,-0.00159044156026233,-3.16939459565901e-07,-0.0019001379909902,-0.00363945608934735,-0.000828246155152534,-0.00174664516346734,-0.00232503750761737,-0.000182709071241405,-9.48742772255429e-06,6.53278177979999e-05,-0.00043600578027192,-2.33596237704248e-05,-2.63981948300795e-07,3.48038938735584e-06,-0.000666406728726088,-4.66656779263275e-06,-1.0566542405499e-06,-0.00171597598320616,-0.00131640725235638,-0.000959451007212841,-1.67306051679361e-07,-0.00140001314822147,-0.00203537771986539,-0.000563533305730779,0,-0.00251868594788807,-0.00167291223377841,-1.91621067102687e-06,1.44729570550339e-08,-7.20063827053252e-06,-1.44939674697753e-05,0,-2.56016556932082e-06,-0.00301463340901797,-3.72818695026922e-07,-0.00757735956862549,-0.00215904795771671,-0.00363205050991544,-0.00202322583080061,-0.00140001314822058,-0.00618253969715532,-1.32584484990872e-06,-0.00177900675131237,-5.61363869442388e-05,-0.000291918965724669,-1.30070765003154e-06,-5.56875384916111e-07,-1.44939674697753e-05,-0.00018489224872198,-0.002592867754867,-5.80648285897212e-07,-0.000292187652298992,-6.87193244885975e-06,-4.92893789783011e-07,-0.000632851805113965,-0.00411557642184679,-1.62380461166123e-06,5.67709610947986e-05,-2.92579029448348e-06,-0.00253721951079555,-1.4880587818844e-05,-0.00102466607595897,-2.68086003085699e-06,-0.00400858436692531,-7.20063827053252e-06,2.53086493984256e-08,-1.78259697527494e-05,-3.16939459565901e-07,-0.000169702464196675,6.52407949885969e-08,-1.9149389734352e-05,-5.10611826776142e-06,-7.44848640543694e-07,-0.00203985316446431,0.136964978281047,-0.00131635422597931,-4.66656779263275e-06,4.79797490626765e-08,-0.0019001379909902,-0.00189277193495574,-0.0011399862629986,-2.12624478557188e-06,-5.68739232598148e-07,-2.68086003174517e-06,-5.56875384916111e-07,-0.00246084034974725,3.72922831362033e-05,-0.00158379807213649,-7.20063827053252e-06,4.79797490626765e-08,-0.00132893921859312,-1.07486667699774e-05,-9.22404557091028e-06,-6.5370193702563e-07,-0.00142013872438884,-0.00165543215372654,-9.46513840638374e-07,-1.04687500108724e-05,-0.00200544431838345,0.000114519092822896,-0.00251539784614785,-0.00180294442773743,-0.00470377728790616,-0.00232505709471109,-0.000935336533815168,-5.68739232598148e-07,-0.00092479896044928,-0.00424857730311068,-0.00175570349512988,-0.000248207823822177,-1.18907398771739e-05,0,-0.00135155498888295,-1.14430818154432e-06,-1.41954562593583e-06,-0.0036193819678525,-1.4880587818844e-05,0,-0.00119105265463038,-4.31506500753187e-07,-0.000784488346844192,-0.00025383837662396,0,-0.000328865489917618,-0.00113020178523149,-0.00229601904055254,6.52407949885969e-08,-1.04687500108724e-05,-0.00280642919737151,-0.00300821152275255,-4.58107487943948e-07,-0.00385004055143323,-4.5209693508852e-06,-0.000795043996496325
"3:69319962:G:A",-0.00222035654589536,-0.00513422583257306,2.60508969418538e-06,-0.00182955546713615,-0.00923580735642471,-0.00196566417359811,-0.00128074994752314,-0.00558956253981169,-0.0115747105438286,-0.010137163959528,-0.000210744989449729,-0.00348021601182857,-0.00374935849522195,-0.000124800200965502,-0.00934143619597183,-0.00123420741644864,0.000147436507583976,-0.00140591374687471,-0.00716360295826668,2.60508969418538e-06,-0.018270742442863,-0.00464258881137436,-0.00679648160209911,-0.000922357988276445,-8.45209458768537e-05,-0.0091058184701911,-0.0155574474239364,-6.83867125506055e-06,-0.00126503805125378,-0.00459201519526697,-0.0033772913488832,0,-0.00254498281221593,-0.00165378316622444,-0.000946134643804442,-0.00420743769621623,-0.000319292810597283,-0.00214563176482141,0,-0.00144723929319124,-0.00136321841759734,3.46610249328805e-05,-0.00598494800812022,-0.00631019367542152,-0.00540470355750777,-0.00639160841896924,-0.00151331591895243,-0.00334236904438612,-0.00160440401081274,-0.000893562204052678,-0.00359211308719143,-0.00731169988139646,-0.000279834123736222,4.99520166474809e-05,-0.00214563176482141,-0.00540615926734667,-0.011317640172642,-0.00381912965667208,-0.0241235492521001,-0.00435522159708857,4.49521908869599e-05,-0.00174178591222063,-0.00794419774530741,-0.000186337978302475,0.000197364775340603,-0.00378618716551049,-0.00639137139593426,-0.00400078511204693,-0.000927893605254582,-0.00628668268655996,-0.00176805030700677,-0.00726233439122215,-5.59340862960056e-06,-0.00287376364881808,-0.00201913444701507,-0.000953086713864959,-9.25255403672054e-06,-0.00821303110661464,-0.000618578955283056,-0.000142329117197804,-1.0814987488672e-05,-0.00131635422597931,0.509622246093863,-0.0067964816021,-5.8437144712542e-05,-4.78395017378119e-05,-0.0043425983373182,-0.00130504025549794,-0.00370461702625224,-0.000127652848867399,-0.00628668268655908,4.99520166474809e-05,-0.00597063142062115,-5.90032706551114e-05,-0.00236582152865372,-0.00421990981379494,-5.8437144712542e-05,-0.00732975714430362,-0.00315966590500594,-4.422171456131e-05,0.00014694686911465,0.000162770257301936,-0.001182910638164,-0.000157592651949479,-0.00337929402575909,-0.00507072476538806,-0.0052012436657316,-0.00647376740513028,-0.0166292901656937,-0.00230199391941355,-0.00361140980810326,-0.000734060310697338,-0.000127652848867399,-0.00978266584728082,-0.00628024105306269,-0.00491800647404617,-0.000500341856978892,3.34466559364088e-05,0,-0.00168180596082479,-1.4196364658936e-05,-0.00143672494772407,-0.00525472224708778,-0.00292316155958616,0,-0.00209550313287998,-0.00188078050916474,-0.00774681577976999,-0.00129344967665634,0,-0.0160956469186218,-0.00524257064370381,-0.00276820646684151,-9.25255403672054e-06,-0.00537522270542024,-0.0096456443048174,-0.0157618904754373,-0.00186990762359684,-0.00362775941344129,-0.00777820818748598,-0.000584889291466162
"3:69322062:T:C",-0.00198847687835801,-0.00399154979130589,-0.00369391931877239,-0.0020386856674417,-0.0028471397183365,2.4144527724701e-05,-0.000166179407129263,-7.45522085381367e-05,-1.93782380772944e-05,-3.79557266443342e-05,9.45868640158665e-05,0.000265196688594038,-0.00124786727443738,5.49930634612394e-05,-0.00276240150182971,0.000178664699247655,5.80739983631062e-05,-0.000166179407129263,-0.00759682244019988,-0.00369391931877239,-0.00117280325253954,0.000234791972592241,-0.00153384528409628,-4.3821231192176e-05,3.81568990626135e-05,-0.00710291550400566,-0.000288956770130078,-1.32136331041366e-05,3.13258785569204e-05,-0.000368554268066923,-6.97185784437337e-05,0,-0.00246278941661515,-9.72541774411084e-05,9.20065186944541e-05,-0.000621442455202015,-0.000134950525002786,-0.0103062724095366,0,-7.45522085381367e-05,9.98313144950913e-05,-2.13883399391435e-05,-0.00426271289011293,-0.00374199347733928,-0.0112212410933568,-0.00335374998923932,3.13258785569204e-05,-0.00132215365688459,-4.94935215620274e-05,-6.73753731428306e-05,0.00147099436393727,-0.00360857509089207,-0.00149297972472606,-2.72893687878195e-05,-0.0103062724095366,-0.00434496649633953,7.32096021529571e-05,-0.00124911508065217,-0.00310922528570856,-0.000132060472639139,-2.53435580557237e-05,-0.00332860703142579,3.12587378612506e-05,8.69273958103989e-05,2.90971600120926e-05,-0.000436778227934198,-0.0064981444244685,-0.00282040485391288,-0.000108536336870024,-7.62964950533629e-05,-8.9882121567797e-06,0.000430479779271131,-0.00321173814019549,-0.00512363132711702,-1.93782380772944e-05,-0.00373589050304712,6.30029309345304e-06,-0.00376048566891907,-0.0001100769457274,6.52853151565935e-05,-8.9882121567797e-06,-4.66656779263275e-06,-0.0067964816021,0.185286978958923,2.90971600120926e-05,-3.79557266443342e-05,-0.00157489723863113,0.000194102806517549,-0.00263365994484843,6.04522241385297e-05,-0.0003344712465152,-2.72893687878195e-05,0.000321977882053126,8.90961010391322e-06,-0.00228127254895139,-0.000134950525002786,2.90971600120926e-05,9.82466383385727e-05,-0.00266682575055466,-0.000157066494879565,6.28558606665663e-05,0.00021039828640923,-0.000892917610269883,7.0223350518539e-05,-0.00016620599180861,-0.00334766702412903,0.000333806866597897,-0.000133513713809208,-6.38012238596275e-06,-0.00439537213496433,-0.000894544518982521,-0.0024755903161866,6.04522241385297e-05,-0.000818299645453102,-0.000541744050666537,-0.0039923805040889,0.000204141882239384,-0.00101332508671081,0,-0.00010540326682662,-4.57329874361534e-05,-5.13429855102387e-05,-7.27882895139587e-05,-0.00282040485391288,0,0.000364951886113296,-2.33766629396115e-05,-0.000928538331563367,-0.00368409071604514,0,-0.000788862561019954,-0.00169658212125601,-0.00204161755046162,6.30029309345304e-06,-0.00578884832422943,-0.00215645322741587,9.5539881786344e-05,-0.00261498131339621,-0.00027933616436826,-0.000103810221548706,-0.000104539553851701
"3:69326354:C:A",-8.27143649466677e-05,4.89458180004121e-05,4.38989509099486e-06,-8.36411184330643e-05,-5.9528276328713e-05,-8.24225665851941e-06,4.23683668868691e-05,2.0467961396875e-05,5.08393166676058e-06,9.74702235634339e-06,-2.83762147370581e-05,-8.51109355171076e-05,-7.4387206201898e-05,-1.73616043488423e-05,-7.04379547542544e-05,0.00139464635659969,-1.7091781562506e-05,4.23683668868691e-05,7.02107751369141e-05,4.38989509099486e-06,2.39039048466338e-05,-7.41328187832124e-05,2.90971600120926e-05,1.17616158847866e-05,-1.15959004727273e-05,-4.76410197673971e-05,-0.00203606201488693,2.9770411638097e-06,-9.26729003491999e-06,-1.06852740273666e-05,1.65889544740949e-05,0,-0.000306285158712782,2.62538401933909e-05,0.00102658600432903,-7.06742207867705e-07,3.71477935336983e-05,5.45323920029261e-05,0,2.0467961396875e-05,-3.01793220174318e-05,5.7699000644007e-06,-0.000207686812158769,-0.000181817413455576,-0.000291661685674072,-1.14336313421504e-05,-9.26729003491999e-06,6.69267462267698e-05,1.37058518845379e-05,1.79882039672563e-05,0.000110047073953901,-0.00023649430029149,-2.38572010555771e-05,7.78077916763209e-06,5.45323920029261e-05,4.28590600547452e-05,-2.36430369726648e-05,7.65818123582562e-06,-0.000101425397400767,3.6124896215739e-05,7.11818869802983e-06,-3.20343580195726e-06,7.15224253680091e-05,-2.57497253919325e-05,-8.50887695591496e-06,2.22523354205251e-05,-9.36180444099932e-05,-6.67369121263306e-05,3.01882872415504e-05,2.10697272287064e-05,1.53015108850241e-06,3.71477935336983e-05,-0.0018076542485721,6.07031497503741e-05,5.08393166676058e-06,0.000163166615210208,-2.14350637772753e-06,-7.51486805192769e-05,3.0724407713123e-05,-1.95545265011532e-05,1.53015108850241e-06,4.79797490626765e-08,-5.8437144712542e-05,2.90971600120926e-05,0.00234591226928238,9.74702235634339e-06,-4.25948342348548e-05,-5.96777383670144e-05,-6.12373373236608e-05,-1.7903192986779e-05,2.10697272287064e-05,7.78077916763209e-06,-0.00010196700931786,-9.33016249859975e-05,-7.1637568499483e-07,-0.00150076541834654,-8.50887695591496e-06,0.000289204193662407,-5.74721212744933e-05,4.2369213972826e-05,-1.87240526248189e-05,-6.54350063227227e-05,1.98590555458011e-05,-2.12450007737175e-05,4.5677706259184e-05,-4.36298639083788e-06,-0.000106331980365582,3.66393698119083e-05,-3.3778882640334e-05,5.83822073041418e-05,-1.51825863419219e-05,-0.000110433634270102,-1.7903192986779e-05,9.59364781243366e-05,0.000138094019541235,3.12035622345164e-05,-6.22431838852577e-05,4.84781450538208e-05,0,2.90971600120926e-05,1.24173278743811e-05,1.43389289801732e-05,1.98590555458011e-05,-6.67369121263306e-05,0,0.000354432391950432,6.44794018178629e-06,0.000117656033378211,1.2650964072769e-05,0,-1.91297230998089e-05,5.99217822170317e-05,0.000841215548049057,-2.14350637772753e-06,4.5677706259184e-05,-1.78678215831951e-05,0.000234280564073153,5.95946006498593e-06,7.14543442779103e-05,2.85419301508938e-05,2.63367912953782e-05
"3:69331361:C:T",-0.000889601950741614,-0.000331770284637045,-5.6101275642817e-06,7.33339460392557e-05,2.25775619488999e-05,8.81302827338004e-06,-0.000103468120309813,-0.00133291143033709,-6.38792387253062e-06,-1.25547656555369e-05,-0.00143415786196233,-0.00188524300706039,-0.00199089336092673,1.87474014481381e-05,2.57146491904336e-05,-0.00164988936946919,1.90494550658116e-05,-0.000110496900162182,-0.000420516729692899,-5.6101275642817e-06,-2.4091781227753e-06,-0.00172052037421011,-3.79557266443342e-05,-0.000109961472116282,1.29383732057065e-05,4.60070803889323e-05,-0.000765401920946651,-4.56809458029284e-05,1.05363070046494e-05,1.13486646391436e-05,-0.00239791751789653,0,-0.000598532848284705,-0.00204445801599284,-0.000829650166704887,1.64093938437304e-08,-0.00392292095104896,-7.59052294325713e-05,0,-0.000235838130800303,3.19934320227588e-05,-0.00163539840221727,-0.000472229702347171,-0.000114076691554388,7.62527941846614e-05,-0.00234035316778058,1.05363070046494e-05,-0.00121636255045221,-1.71458392408397e-05,-0.00199909471521931,-0.000178945819191867,-0.000314816284583408,-0.00209775646130783,-9.43661260155437e-06,-7.59052294325713e-05,-0.00126362061332586,2.48511965539322e-05,-1.01680940867155e-05,-0.000826138974965751,-0.00420578764830637,-8.68369192374985e-06,-0.00229569828275533,-0.00188351274564003,-0.000224219538991655,9.74702235634339e-06,-2.83513882273212e-05,-2.75813479797549e-05,6.24933539938866e-05,-0.000580357820787469,-2.69167875597276e-05,-2.43458346371739e-06,-4.95226169565655e-05,7.70812197181669e-07,-0.000952978661324266,-6.38792387253062e-06,-0.000978396572924201,2.33025730711489e-06,6.80035465761009e-05,-3.99961944870242e-05,2.1471811639806e-05,-0.00172179599192646,-0.0019001379909902,-4.78395017378119e-05,-3.79557266443342e-05,9.74702235634339e-06,0.115133425920583,-0.000793730329115228,-0.00139918684583051,-0.00180463098823047,-0.00118706991838735,-2.69167875597276e-05,-9.43661260155437e-06,-0.00134933289502825,4.23851642405992e-06,-0.00194559526032512,-4.95226169565655e-05,9.74702235634339e-06,-0.00257516928616131,5.56408431799937e-05,-0.000446906676706327,2.06590215627855e-05,-0.00326025976035726,-0.00139722789730534,2.31135107142677e-05,-6.22271180024114e-05,4.71473462049232e-06,-0.000163431373492173,-0.00234504030857963,-0.00465534765493469,-0.00126310678318831,-0.00162739943556378,-0.00113456640236542,1.9851576788632e-05,-0.000290586217993827,-0.00228900435941792,-0.00142050911655733,-0.000503807604938622,-0.00145111072337745,0,-0.00110376329865769,-1.56417960095467e-05,-1.78882452344098e-05,-0.00196819178907681,6.24933539938866e-05,0,-0.00406786634783174,-7.92464440024787e-06,-0.000377313295954806,-0.00334175546602911,0,-0.00463578175845614,-0.000936365288621399,9.64675360544121e-05,2.33025730711489e-06,-0.000762352270410993,-0.000707735501763729,-0.00531905790377785,-0.0027998103072715,-0.00434534153849686,-3.72627440379247e-05,-0.00154851894460339
"3:69332261:G:A",-0.00993323020696835,-0.0011038927153515,-0.00260187886219931,-0.000150327143210394,-0.0121981060045844,-0.00175467613508573,-0.00340651149579374,-0.00228041298996695,-0.018806566125031,-0.000557520388165145,-0.000974433676036668,-0.00189441153773684,-0.00361152345404525,-0.00578908889776075,-0.0116441614499649,-0.00549451318766891,0.000508958729356301,-0.00403341023791626,-0.00465806482302167,-0.00260187886219931,-0.00415086672317289,-0.0026118604595653,-0.00157489723863113,-0.00716486813898642,-0.00447495968860512,-0.00318594769594283,-0.00900461952322518,-0.00353738534594505,0.000261475885483087,0.00018150056001387,-0.00317164109181833,0,-0.00481676325100722,-0.00227999792340361,-0.00474826635630787,-0.00154151218971732,-0.000562045310275483,-0.00208338846690381,0,-0.0048783304096367,-0.00608933048985394,-0.00652467632358533,-0.0080990028509218,-0.000692510575389882,-0.00513368533352709,-0.00777086953183215,-0.0047958012130076,-6.92497486878274e-05,-0.003122243182891,-0.00267935186193924,-0.00623577008058618,-0.00223828597890252,-0.00209095982622109,2.98833131155973e-05,-0.00208338846690381,-0.00107270993699293,-0.000593377137128925,-0.00566366562877185,-0.0248281292788617,-0.000539585747378002,0.000298053270975096,-0.00344384855812097,-0.00408332434796987,0.000183299708628404,0.000262080304432644,-0.00328481256227242,-0.00438282191289563,0.000860103527001943,-0.00135356856575797,-0.00148383963254428,-0.0018426760840704,-0.00177186326480072,-3.50734552068133e-06,-0.00142256766905913,-0.000206584081979599,-0.00189034237190633,-5.82489396494523e-05,0.000969639207825779,-0.00308451508468632,-0.00106725779656003,-0.00115531083126363,-0.00189277193495574,-0.0043425983373182,-0.00157489723863113,-4.25948342348548e-05,-0.000793730329115228,0.406089921770393,-0.000932125113556559,-0.000841247335691353,-0.000722663449873373,-0.000643853523614624,2.98833131155973e-05,0.00147662362273016,-0.000437107572645701,-0.00040197824134891,-0.00315825907518708,0.000262080304432644,-0.00285230621720567,-0.00088068609558789,-0.0037163676638845,-0.00128332129103637,-0.000526105082691686,-0.00154967586358579,-0.000596853500764549,-0.00583217258674296,-0.0037585678657921,-0.00444854363866165,-0.00317908763729235,-0.00252023284762526,-0.000824168138499726,-0.0062215412434159,-0.000582068882199138,-0.00135900129149391,-0.00338513874443702,-0.00924702543258027,-0.00194437057965891,-0.0026556315422015,-0.00196082289650557,0,-0.00158237906434699,-0.00462031268926077,-0.00176543420073383,-0.00226191631630401,-0.00219111112504056,0,-0.00164402360364857,-0.00167668669521426,-0.00633392950329981,-0.00396776493789375,0,-0.00559260883739876,-0.00097587513507813,-0.00228902341543247,-0.00250998086044252,-0.00112159258432154,-0.00760264201578131,-0.00879427063232852,0.000135991852304951,-0.00575241017644501,-0.00145296653256377,-0.000167410767947018
"3:69333711:C:G",-0.00434912817438748,-0.00131308011741282,-0.00307955230362289,-0.00110498485703214,-0.00820584839773542,0.000188240562536635,-0.00255402442346764,0.000134669375786878,3.07519393896172e-05,5.72571671986211e-05,-0.000203452517425262,0.00106000928637595,-0.00251077700574953,-0.00358051243766688,-0.00826670209427949,-0.000122798442964367,0.000763604031370768,-0.00265092412637635,0.000469399259059422,-0.00307955230362289,-0.000108611388281332,-0.00359001652458968,0.000194102806517549,7.43217936562957e-05,-8.53435577168327e-05,-0.000666730031846363,-0.00154172365009231,-0.00135981504616112,-0.000647915474703886,-8.95543147816369e-05,-0.00251323103898926,0,0.000326734102655379,-0.00157632580528144,-0.000327575268183722,-1.80431573992834e-05,0.000248274032666806,0.000367061545656355,0,0.000134669375786878,-0.000742942180187889,3.65053452178188e-05,-0.000312117076565865,0.00159749367034667,-0.0020858913359314,-7.12847273032224e-05,-0.000647915474702998,-0.00165838447474886,9.07413107924526e-05,-0.00149099018558374,0.000717416020241224,-0.00618598836798956,-0.000176510470022428,5.33383864045334e-05,0.000367061545656355,-0.00232937908147157,-0.00110522653110579,-0.00120684842965257,-0.00890185448243752,-0.00199537971234687,4.77972433410301e-05,-0.00249391035681334,-0.00249888110053487,-0.000181686735911235,0.000814772892781868,-0.00314305243681723,-0.00154309904511152,-0.000483124242226296,0.000203460397737665,0.000139789227636022,-0.00130021121233526,0.000248274032666806,-5.87894952008838e-06,-0.00186869415781299,3.07519393896172e-05,-0.00390757918544038,-0.00353496845811119,-0.000553564553421815,0.000208051910702167,-0.000140664444217897,-0.00130021121233526,-0.0011399862629986,-0.00130504025549794,0.000194102806517549,-5.96777383670144e-05,-0.00139918684583051,-0.000932125113556559,0.171119587823755,-0.00154571343227516,-0.000126959140086313,0.000139789227636022,5.33383864045334e-05,-0.000750622827466074,-0.00132246104054978,-0.00284915122298246,-0.0020960600006461,-5.96777383670144e-05,-0.00313752227627839,-0.000415443190461495,-0.00165084131410076,-0.00512404219526719,-0.00106373200048626,0.000129483786344586,-0.000154724531983952,-0.00179710311572379,-3.64073910175122e-05,0.00080590290219007,0.000243855888691691,-0.0090889893713797,-9.91549919913126e-05,-0.00347086678211905,-0.0014646626817596,-0.000126959140086313,0.000309257499193194,-0.00162982439857551,-0.000183233169154029,-0.000445755468271081,0.000312442542726998,0,0.000194102806517549,7.98648209343611e-05,-0.00245878155635637,0.000129483786344586,-0.000483124242226296,0,-0.00502113806744786,-0.00290570478520635,-4.01009271238095e-05,-0.000252636345559054,0,-0.00572526577792853,-0.00619152248260413,-0.00203082262698029,-0.00353496845811119,0.000306316818391217,-0.00283433729472371,0.000602929061883195,-0.00118597812701804,-0.00105685509232245,0.000189334507334493,-0.000804721365119221
"3:69334387:T:C",0.000595339646258353,-0.00510860536366131,6.09369060899922e-06,0.00122782559599255,-4.94164164583921e-05,-0.0018355000370649,-0.0064523622391377,-4.17788903206429e-05,3.10989601874923e-05,-0.00180463098823047,-0.0013059981626995,-0.00757827341858963,-0.00732983644826124,-0.00177625992667352,-0.000103810597601672,-0.000416940889190975,-0.00012441936903862,-0.00673496876967761,-0.000780825915203565,6.09369060899922e-06,-0.0031164264519834,-0.0111094859991487,-0.00263365994484843,-0.00372185122060209,-0.0027254064273512,-0.007019490315888,0.000483204805178161,-0.00213863282241089,-6.7799330389029e-05,-8.53782203193987e-05,-0.00982520024204092,0,0.000832846725836944,-0.00146227591505621,-0.000205200096979219,-0.00401362159937335,-0.000398493734327765,0.000353346908651631,0,-0.00319626312720711,-0.00325838516293331,-0.00424982345641567,-0.00619390835658562,-0.000939549152925601,-0.00272836081912375,-0.00184242983223104,-6.7799330389029e-05,-0.00104491330286383,-0.000207959467220853,-0.001625683350575,-0.00221872340410201,-0.000816483265071888,-0.000184750500268116,5.38473595188549e-05,0.000353346908651631,-0.00906474147706859,-0.00250757827272263,-0.000733624361703988,-0.00180700414905743,-0.00440584278477463,4.82866898714462e-05,-0.00114483275531096,-0.00455731980541785,-0.000189580953009916,-6.12373373236608e-05,-0.000999514232503884,-0.00572579583628929,0.00367076177088688,-0.000777738823046548,-0.00147728141213488,1.78225723068692e-06,-0.00230254429103294,-6.0078611046066e-06,-0.00247511845479931,3.10989601874923e-05,-8.33507827082691e-05,-1.82954785037381e-05,0.0046009534031608,0.000205372173683216,-0.000146175961152295,-0.00200265398143618,-2.12624478557188e-06,-0.00370461702625224,-0.00263365994484843,-6.12373373236608e-05,-0.00180463098823047,-0.000841247335691353,-0.00154571343227516,0.261790465658684,-0.00656057841976576,-0.00303635723841378,5.38473595188549e-05,-0.000614067085023429,-5.25153852235505e-05,-0.00300383962584805,0.000243756487515512,-6.12373373236608e-05,-0.00691763138919876,-0.0003554655893101,-0.00658900431809961,-0.00013881321408693,-0.00337686693260775,5.01039123701474e-06,-0.000242658762481973,0.000297944593896204,-0.00224574946146294,-0.00743405066544067,-0.00013749406281871,-0.0126116350537311,0.000178731932427567,-0.010188482768005,0.00184250709824152,-0.000131561828369264,-0.0031694730897005,-0.000612833093807996,6.88619821520575e-06,-0.000667483606856756,-0.000709774202047875,0,-0.00243080170839249,8.03527387791547e-05,9.64276502122274e-05,5.01039123701474e-06,-0.00138630671224593,0,-0.00455063045984394,4.26429606852352e-05,-0.0014509725720524,-0.000635571332240126,0,-0.00115474433429252,-0.000426019906444974,0.000551995005884542,-1.82954785037381e-05,0.000297944593896204,-0.00721738199806365,-0.00499630700617271,-0.0032451795715005,-0.00891288446651428,-0.00282462714628462,-0.000266473183819116
"3:69334653:T:C",-0.00687917860495535,-0.00127872870023182,8.89737239795352e-06,-0.000178677502747249,-0.00550600939972501,-1.79614442004095e-05,8.64369566215828e-05,4.24531527150052e-05,1.04089365695614e-05,1.9851576788632e-05,-6.00539304391745e-05,-0.000183060784561206,-0.000819870665774047,-3.72100475827253e-05,-0.00537210548529998,-0.000115076212447107,-3.60093574531817e-05,8.64369566215828e-05,0.000145365439935041,8.89737239795352e-06,-0.000941140828629727,-0.000158784362676023,6.04522241385297e-05,-0.00137507693159034,-2.46281179734353e-05,-0.000103744954083496,0.000160086607982279,5.81894965989704e-06,-1.95546078778364e-05,-2.3296551458607e-05,3.31012071974612e-05,0,-0.0076004022799685,-0.00144135573970416,-5.81201300686729e-05,-2.21586866810952e-06,-0.00543263520580162,0.000113214453833166,0,4.24531527150052e-05,-6.39925698520116e-05,1.19025076772417e-05,-0.00715448870115054,-0.00754800250945209,-0.00300920498774904,-0.00578048630137484,-1.95546078778364e-05,0.000138064020957174,2.84777748458254e-05,-0.00131752403686658,-0.00521380040068653,-0.00218210055007262,-5.07710427504193e-05,1.62784162611729e-05,0.000113214453833166,8.8671879978186e-05,-5.09493813218853e-05,1.5294274936295e-05,-0.00636498910622407,7.49119668119747e-05,1.48369395658321e-05,-8.46692587685993e-06,-2.32965514594952e-05,-7.83021850141452e-05,-1.7903192986779e-05,4.63402151753556e-05,-0.000203383649875377,-0.000141952766317566,-0.00338530988133101,-0.00574343227964125,2.66452802843986e-06,7.71462687083613e-05,-1.53685808168547e-06,0.000125634272320596,-0.00135737256678947,-0.000812707678727875,-4.6654358438758e-06,-0.00016046860429153,6.3999261046277e-05,-4.13785014012902e-05,-0.00104929290097466,-5.68739232598148e-07,-0.000127652848867399,6.04522241385297e-05,-1.7903192986779e-05,-0.00118706991838735,-0.000722663449873373,-0.000126959140086313,-0.00656057841976576,0.119114013875619,4.37643684652045e-05,1.62784162611729e-05,-0.00259102152933099,-1.0772295693684e-05,-0.000540220909305944,7.71462687083613e-05,-1.7903192986779e-05,-0.00184207684566662,-0.000122117187721926,8.75984089470094e-05,-3.95673837489952e-05,-0.000139615560607709,4.11260322605855e-05,-4.50668979885549e-05,9.48438719969857e-05,-9.5004362927753e-06,-0.00022786799005825,7.60358572629016e-05,-0.00246965618840811,0.00012050778303152,-0.00208948138406218,-0.000236478564874965,-3.77777961624304e-05,-0.00585529668053031,-0.0010766505922275,6.41475881399955e-05,-0.0012606873671599,9.9907324962345e-05,0,6.04522241385297e-05,2.56716824020842e-05,2.98559069520365e-05,4.11260322605855e-05,-0.000141952766317566,0,-0.000628007396783481,1.33784048106378e-05,0.000238996264504188,2.53893913928493e-05,0,-0.00103360314243162,-0.00103247080554869,-0.000302694927220237,-4.6654358438758e-06,9.48438719969857e-05,-0.00205065901756107,-0.000331377928573851,1.07369433095528e-05,0.000140514043501128,5.92413570075223e-05,5.34785384278536e-05
"3:69342076:C:T",-0.00140233368685916,-0.00367820627602367,-0.00342697433292116,-0.00226746603983763,-0.00263335146828325,1.81205191349676e-05,-0.000118899449231158,-5.37604202204278e-05,-1.37794909722544e-05,-2.69167875597276e-05,6.84414173433012e-05,0.000191294589758861,-0.00146638187113091,4.03982249759238e-05,-0.00255852613860874,0.00012854061255485,4.19959320572261e-05,-0.000118899449229382,-0.00726497947472549,-0.00342697433292116,-0.0013442247087152,0.000169327983321033,-0.00351964679221517,-3.13693215634459e-05,2.78383291414386e-05,-0.00732456518390467,-0.00021099512401257,-9.12664691909981e-06,2.27354625454979e-05,-0.000242459756464974,-4.88435230669992e-05,0,-0.00186069726880955,-7.00178076460389e-05,6.65331888098919e-05,-0.000171570056505921,-9.78690805615301e-05,-0.00999057308876328,0,-5.37604202204278e-05,7.23180239035059e-05,-1.52973346603247e-05,-0.00297194442461191,-0.00180754410446049,-0.0127857496357047,-0.00309703891355539,2.27354625454979e-05,-0.00148533932403794,-3.56779031864818e-05,-4.82742965637328e-05,0.00063212535645274,-0.00407849310809194,-0.00166761008623606,-1.97551825218412e-05,-0.00999057308876328,-0.00403906000430343,5.39603509839282e-05,-0.00139338753805607,-0.00258343526472959,-9.56215022540619e-05,-1.82849292729159e-05,-0.00306359579545923,2.3450344649234e-05,6.27753607496118e-05,2.10697272287064e-05,-0.000568235358247904,-0.00602050176080926,-0.00303464719666469,-7.87119216285603e-05,-5.50944346278115e-05,-5.9392705162864e-06,-0.00140960491491793,-0.00336548238690781,-0.00480048063398009,-1.37794909722544e-05,-0.00299406248946976,4.7330999572992e-06,-0.00417667450341597,-7.98999450868365e-05,4.73567397545338e-05,-5.9392705162864e-06,-2.68086003174517e-06,-0.00628668268655908,-0.0003344712465152,2.10697272287064e-05,-2.69167875597276e-05,-0.000643853523614624,0.000139789227636022,-0.00303635723841378,4.37643684652045e-05,0.188642888122249,-1.97551825218412e-05,0.000230154827009166,7.54496427468609e-06,-0.00147662832011264,-9.78690805615301e-05,2.10697272287064e-05,-0.000445465666262912,-0.0028726779742323,-0.000113625537541573,4.55512091175336e-05,0.000151638212968486,-0.00102618251456832,5.10250433825021e-05,-0.000120809563911806,-0.00308898767450483,0.000238583181893404,-9.67515927667861e-05,-5.86808408380435e-05,-0.0040730187593212,-0.00161625364299489,-0.00272831378619198,4.37643684652045e-05,-0.00369077079606317,-0.000502413384611877,-0.00369655606858288,0.000146609932360597,-0.00111710438296075,0,-7.62964950533629e-05,-3.28211634164077e-05,-3.70833018958905e-05,-5.24116472035985e-05,-0.00303464719666469,0,0.000219594608661389,-1.67990628288095e-05,-0.0038758343041696,-0.00340609365465472,0,-0.00132504265213385,-0.00252314153411515,-0.00231995482855929,4.7330999572992e-06,-0.00548158303643831,-0.0015153276223776,6.54911183080031e-05,-0.00142749770676609,-0.000103434523793133,-7.50686557946523e-05,-7.42539558418187e-05
"3:69344910:T:C",6.63433836125549e-05,-4.66037535300501e-05,-4.28001780239384e-06,7.40934066305599e-05,5.19530084650555e-05,7.070205234605e-06,-4.10937468293682e-05,-1.92387352653256e-05,-4.87614766786493e-06,9.52381576961869e-05,2.56504295226279e-05,7.45713478531584e-05,6.52552257349726e-05,1.53604416412989e-05,6.15252448996628e-05,4.87706044438596e-05,1.5583353294879e-05,-4.109374682848e-05,-6.64521152220487e-05,-4.28001780239384e-06,2.09471379299941e-05,6.5449877314272e-05,-2.72893687878195e-05,-1.11647665104186e-05,1.04289585758366e-05,-9.23543087196776e-05,-7.36590085370636e-05,-3.06732684940414e-06,8.43188385601934e-06,9.15836505921419e-06,-1.66186139169966e-05,0,-0.000359435773964911,-2.48559086575284e-05,2.48945964180791e-05,8.91898910282407e-08,-3.48877800577796e-05,-5.13025971331516e-05,0,-1.92387352653256e-05,2.71877142008492e-05,-5.46561927272649e-06,-8.61969641325899e-05,0.000155487088195905,1.91272634024742e-05,9.23669410557437e-06,8.43188385601934e-06,-6.37718665821296e-05,-1.28347736954026e-05,-1.71127480177447e-05,-0.00010610376310094,0.000190728515895522,2.13671921560632e-05,0.00182032951166811,-5.13025971331516e-05,-4.05469708395501e-05,2.07115219401643e-05,-7.64722095603076e-06,7.98486209463434e-05,0.000560691009501291,-6.62502903825413e-06,1.61724700742383e-06,9.15836505921419e-06,2.34078448224651e-05,7.78077916763209e-06,-2.0770725516428e-05,8.0664366683969e-05,5.96249632858203e-05,-2.82244393945419e-05,-1.97551825218412e-05,-1.82660711889326e-06,-3.48877800577796e-05,6.07392329321499e-07,-5.74640607844401e-05,-4.87614766786493e-06,2.35298657287331e-05,1.84244523282473e-06,6.66685275163559e-05,-2.86841319576681e-05,1.7691803494202e-05,-1.82660711889326e-06,-5.56875384916111e-07,4.99520166474809e-05,-2.72893687878195e-05,7.78077916763209e-06,-9.43661260155437e-06,2.98833131155973e-05,5.33383864045334e-05,5.38473595188549e-05,1.62784162611729e-05,-1.97551825218412e-05,-0.00439505058654888,8.99202833819501e-05,3.43693912085996e-06,-7.42094136452209e-06,-3.48877800577796e-05,7.78077916763209e-06,-2.35222756543862e-05,5.14801700397527e-05,0.000433288209300109,1.69811899768391e-05,5.81760896025685e-05,-1.87163716427463e-05,1.91370806783553e-05,-4.29384135793853e-05,3.7474149809924e-06,9.35146915956864e-05,-3.4453830054737e-05,2.73409011404269e-05,-5.55360912386504e-05,6.11309210984956e-06,9.71911168416995e-05,1.62784162611729e-05,0.000153689882607999,-0.000156025852976249,-2.98234392639429e-05,5.58460871609157e-05,-4.62111850927371e-05,0,-2.72893687878195e-05,-1.17277497375667e-05,-1.33790257148547e-05,-1.87163716427463e-05,5.96249632858203e-05,0,2.82391069941212e-05,-6.04854356645035e-06,0.000228820150663722,-1.25488564446385e-05,0,7.20142920407341e-07,0.0001305657795454,0.000122345073140906,1.84244523282473e-06,-4.29384135793853e-05,0.000307471119318059,0.000129014998237587,-6.84981862786316e-06,0.00012251600805957,-2.68138113037608e-05,0.000182934633679466
"3:69345029:G:A",-0.00317029282264603,-0.000170131861270129,3.47231555108962e-05,-0.00181448705530052,0.00107220494852811,-0.00037807572855808,-0.00583649209962989,0.000220039275980355,4.60489679188214e-05,8.31391622835298e-05,-0.000351543300123325,-0.000526922463468971,-0.00528960731539829,-0.00253215719139277,0.0013103652355877,-0.000374415312232479,-0.000205379959937524,-0.00575065316661938,-0.000867256894885315,3.47231555108962e-05,-0.00665642319916149,-0.00159859900422799,0.000321977882053126,-0.000250978068517149,-0.000151172535516331,-0.00550688299955571,0.000863387790493775,1.16221192643096e-05,-0.000114032183185842,-0.000357092592141228,-0.00186433781338113,0,-0.00187339078694171,-0.000370407046308863,-0.000445101209483489,-0.00297746997881987,-0.00186737860192299,0.000619002081220899,0,0.000220039275980355,-0.000379979610739767,5.72288265319187e-05,-0.00180305862595986,-0.00325078204513929,-0.00378006387749297,-0.00770401648114305,-0.000114032183184953,-0.00134962809630412,-0.00205453478108808,-0.000268858881507406,0.000517124822821735,0.000464221804485909,-0.00241812946040554,8.99202833819501e-05,0.000619002081220899,-0.004927965314379,-0.00375280916780696,-0.00117303341398678,-0.00215293992253152,0.000395701432897688,7.91617937760947e-05,-0.00217416785628277,-0.00124774228889368,0.00360803867410198,-0.00010196700931786,0.000249997244856637,-0.00661506460009953,-0.000870095198560961,-0.00333874216475927,-0.00232860787727596,-0.00128891083090021,0.000413639817156586,-1.13350671906431e-05,-0.00684640550331661,-0.00154981619024852,0.000745859532359283,-3.44434198318311e-05,-0.00157837498796098,0.000349788519201866,-0.000244323738075813,-0.00128891083090021,-0.00246084034974725,-0.00597063142062115,0.000321977882053126,-0.00010196700931786,-0.00134933289502825,0.00147662362273016,-0.000750622827466074,-0.000614067085023429,-0.00259102152933099,0.000230154827009166,8.99202833819501e-05,0.187257317081122,-0.00277492469081597,-0.00557223743154678,-0.00186737860192299,-0.00010196700931786,-0.00297281243343894,-0.000844946589563911,-0.000442009001598187,-0.000231174192305339,-0.000697802672654291,-0.00250250264862206,-0.000271144311481564,-0.00152649782267833,-0.00277315258120314,-0.00161452559885689,0.000404729202789333,-0.00296976692837081,-0.00166872715138844,-0.000805592416071921,-0.00140001905200915,-0.000218194012746586,0.000352157231852779,-0.00129718964704351,-0.00443183471745101,0.00199777923082234,0.000176728652701463,0,0.000321977882053126,0.000127456524568359,-0.0023318963721799,0.000209790765237194,-0.000870095198560072,0,-0.00107933943788829,6.82655268944288e-05,-0.000396213802135392,-0.0013367006115601,0,-0.00231864617587485,-0.00749967547351682,-0.00196796704125379,-3.44434198318311e-05,-0.00152649782267833,-0.00454367813621648,-0.00162262527467405,-0.00383941507702801,-0.00448597535011785,-0.00219185006455369,-0.00264451409473843
"3:69345493:T:C",-0.0012925086894402,8.617560314228e-06,-0.00179761764040443,-0.0033053741558966,-0.00221199004542783,-0.000520069736449358,-3.72583085352929e-05,-0.00139606467949704,2.35698524875261e-06,-3.28300104728285e-05,-0.000451311943976407,-0.00183829938326863,-7.0884302189711e-05,-1.94892345843911e-05,-0.00234589497053861,-0.000742167934201454,-1.0202349255195e-05,-5.18118882997243e-05,2.59800296120716e-06,-0.00179761764040443,-0.000121862223272373,-0.000268673787637397,8.90961010391322e-06,-0.000347229986434883,-0.000429226102122371,-0.00119380930145319,-0.00239284312405985,-0.00233727810305062,-5.0741806107979e-06,-5.87030076903972e-06,-0.000761326492288106,0,-0.00106853566239762,8.5391205812968e-06,-0.00111323886974812,-2.70296430571193e-07,9.43494256322452e-06,-0.000716034568685409,0,-3.60050888801311e-05,-0.000163762038138948,-0.0027795293095858,-0.000374921482758861,-0.000173780350265496,-0.0019718964279809,-0.000402335547270205,-5.07418060990972e-06,-0.0038647816724291,5.55578400440737e-06,6.82531039863932e-06,-0.000983499127795717,-0.00187847234085936,-1.52102653290243e-05,3.43693912085996e-06,-0.000716034568685409,2.91047462317451e-05,-0.000558953541171192,3.46457476130269e-06,-0.00180148052488693,9.41658764208597e-06,3.1800247874969e-06,-1.50109274548171e-05,-6.26617330805601e-05,-1.67536046653538e-05,-4.62361874653539e-06,7.79011202212132e-06,-0.000216850158469839,-6.01934254857994e-05,9.02574205596807e-06,7.54496427468609e-06,-0.000362933353799555,9.43494256322452e-06,-0.00395918964642483,6.0271972213144e-06,2.35698524875261e-06,-0.00155213428892598,-0.00221454390424292,-7.17121637601181e-05,-0.000520408869081557,-1.19579935624614e-05,7.94662297742832e-07,3.72922831362033e-05,-5.90032706551114e-05,8.90961010391322e-06,-9.33016249859975e-05,4.23851642405992e-06,-0.000437107572645701,-0.00132246104054978,-5.25153852235505e-05,-1.0772295693684e-05,7.54496427468609e-06,3.43693912085996e-06,-0.00277492469081597,0.101345686003935,-0.000385308754721869,-0.00135658955379636,-4.62361874653539e-06,-0.000116315479795848,-0.00249331892128613,-0.00183315804606377,-0.0036990348322341,-0.00160684678028389,-0.00146135813501047,-1.32076667078707e-05,-0.000142499437826515,-6.90390310698064e-06,-0.000349849605580488,9.42737605491573e-06,-0.000176473715873371,-0.00136528095287058,-0.000340700941818373,-0.00116122012434516,-1.0772295693684e-05,-0.000505088210262628,-0.00108177719963054,-0.000771001690946349,-5.44101119643869e-05,-0.00147104437459245,0,-0.000397482113693393,-0.00157349628772607,-0.000511569825967229,7.27618992790724e-06,-0.00231186875341027,0,-0.000451912568322665,-0.000195561626471275,-0.00573112340925963,-0.000930577105359376,0,-0.00172600521631905,-0.00041750527782547,-0.000225176926448079,-1.0619938350942e-06,9.06421805435542e-06,-0.00163077521581512,-0.0029195838079108,2.88433554640477e-06,-0.003489586202571,2.54566644759535e-05,-0.000458099264644574
"3:69347542:T:C",-0.00791546081187455,-0.000963124806980353,-0.00214768736861171,-0.00151593920676873,-0.0112346145238682,-0.000835795904766012,8.63255105838512e-05,-0.000799310625341221,-0.00234999733903063,-0.0137611865697824,-0.00197011927051349,-0.00717667529699106,-0.00695437428215495,-0.0107452340653551,-0.0107214377481806,-0.00486836575944594,0.000406036200260473,-0.000378863677660934,-0.00399258428517157,-0.00214768736861171,-0.00209960556837263,-0.00254979736526462,-0.00228127254895139,-0.00376597951614599,-0.00181771181055979,-0.00258039766694029,-0.00611232606528533,-0.00256158796952333,-0.00105828886743975,-0.00411119249200365,-0.00255855731382093,0,-0.00919396924738525,-0.00167149903251707,-0.00570591603140969,-0.00166116483488832,-0.00212542566144425,-0.0035058617667012,0,-0.00481596515054639,0.00041398714129981,-0.000340694597018576,-0.0148566803959933,-0.00220725142355604,-0.00828546741805569,-0.0064170754558468,-0.00105828886743886,-0.00780503382073228,-0.0012725461577876,-0.0012237565854698,-0.00690229701397449,-0.00443691581579575,0.000542162831798088,-7.42094136452209e-06,-0.0035058617667012,-0.00631577056935573,-0.0109146031647502,-0.00204341362153215,-0.0113549844620984,-0.00533983095489621,0.000359910008992159,-0.00569526450614966,-0.00279202078488838,0.000404636012811821,-7.1637568499483e-07,-0.00569757501048773,-0.00526901187471562,0.00181001342067244,-0.00342547395695547,-0.000517689033403101,-0.00473477916678711,-0.00192190662688629,2.76851536362699e-07,-0.00108806101269376,-4.42714358390717e-05,-0.00234980341789059,-0.000207322046672509,0.00192051404109028,-0.0036445898936579,-0.000768415250798959,-0.00140926779461115,-0.00158379807213649,-0.00236582152865372,-0.00228127254895139,-7.1637568499483e-07,-0.00194559526032512,-0.00040197824134891,-0.00284915122298246,-0.00300383962584805,-0.000540220909305944,-0.00147662832011264,-7.42094136452209e-06,-0.00557223743154678,-0.000385308754721869,0.47216461121252,-0.000188048938936092,0.000398243698988665,-0.00951242126846141,0.00139600879796209,-0.00339178979589683,-0.0027137590993016,-0.0033843580125299,-0.00178683040356864,-0.0056852646048009,-0.00362174510928348,-0.00350550826064477,-0.00723323810694954,-0.00198689142935793,-0.00931281556171148,-0.00151363551986972,-0.0152254121569602,0.000443466715351004,-0.00154487305758444,-0.00674730694635173,-0.0113794718130436,-0.00333398480851299,-0.00152919880385838,-0.00286742868114853,0,-0.00429287825938474,-0.00668189334946589,-0.00467810927741041,-0.00185117362843013,0.00111269728529972,0,-0.00428563525342618,-0.0033969349855596,-0.00843863285002167,-0.00352973023053504,0,-0.00721297160370016,-0.00978527168408405,-0.00205417299690502,-0.00156770258964833,0.000236187135914889,-0.00478654099320286,-0.00567973525130627,-0.00240935274964427,-0.00064450673159655,-0.00250994459016018,-0.00450287918804637
"3:69351068:G:C",-0.00120443282130456,-0.000980993490419024,-2.27236364533923e-05,0.000341890688799751,-0.00150360051243137,2.96930062280154e-05,-0.00851224514016202,-9.57595880279882e-05,-0.000603660756572921,-4.95226169565655e-05,0.00012068080181038,-0.00112022047140048,-0.000236811236860923,-0.00129629866500292,-0.00159643625485018,-0.00192291558788682,7.41986006405071e-05,-0.00860914484306985,2.73374992989517e-05,-2.27236364533923e-05,-0.00451470651640928,-0.00139830621326542,-0.000134950525002786,-0.000910053783937492,4.83335198318002e-05,0.000176562032250693,-0.00693434104832313,-1.76659700761306e-05,3.98988757019936e-05,-0.00107543272402744,-0.00817356594423391,0,-0.0066037614658967,-0.000125165845339836,-0.00242921937580842,-4.50843434496306e-06,-0.000172543383225587,0.000224738277968761,0,-0.000726302538248014,0.000127209873172163,-2.76697720478225e-05,-0.00388550299212209,-0.00330601695759292,-0.000234912232700779,-0.00599090386503853,3.98988757011054e-05,-0.000762633075922281,-6.35668792678956e-05,-8.70775566710336e-05,-0.000538579507490589,-0.000872422158775699,-0.00134757978728306,-3.48877800577796e-05,0.000224738277968761,-0.000731265891169564,9.16771398236094e-05,-4.21311774729816e-05,-0.0065848195410716,-0.000169104834569112,-3.25080193226412e-05,-0.00793104208562312,-0.000494659123461361,0.000111149437747926,3.71477935336983e-05,-0.000102017693598633,-0.00436898679237885,0.000277863114424903,-0.000138711028865757,-9.78690805615301e-05,-1.24929649762962e-05,-0.000172543383225587,-0.0054049781589649,-0.00047656759174064,-0.00102259426529105,-0.0056287277336784,-0.00143242549294165,0.000307724406711785,0.000101530451541265,8.31380713437468e-05,-1.24929649762962e-05,-7.20063827053252e-06,-0.00421990981379494,-0.000134950525002786,-0.00150076541834654,-4.95226169565655e-05,-0.00315825907518708,-0.0020960600006461,0.000243756487515512,7.71462687083613e-05,-9.78690805615301e-05,-3.48877800577796e-05,-0.00186737860192299,-0.00135658955379636,-0.000188048938936092,0.172999992845467,3.71477935336983e-05,-0.00278068878565207,0.000240377554505677,-0.000201384792340775,-0.00283338564616109,-0.00154586577181171,-9.36261052180143e-05,8.92620305092962e-05,0.000269886433166278,1.57455285112462e-05,-0.00180189116019669,-0.000170833964871164,-0.00105947671748918,-0.000279590866441914,-0.000532416465837127,0.000446458367681757,7.71462687083613e-05,-0.00399526551488805,-0.00597483466801751,-0.000152596327736454,-0.00157155924362229,-0.000234281752786281,0,-0.00503490877713553,-0.000864383064118179,-0.00191606726092353,-9.36261052180143e-05,0.000277863114424903,0,-0.000751633065305235,-0.00196674407689112,-0.000973200390211204,-6.84497487268843e-05,0,-0.0039950368343753,-0.000755110745796372,-0.000245068350344546,7.7434740806126e-06,-0.000236458757714608,-0.00399015464105812,4.12084212921826e-05,-0.0023595383185997,-0.0017794997082019,-0.000620940900935452,-0.000713481345647082
"3:69353566:C:A",-8.27143649466677e-05,4.89458180004121e-05,4.38989509099486e-06,-8.36411184330643e-05,-5.9528276328713e-05,0.000189464723153954,4.23683668868691e-05,2.0467961396875e-05,5.08393166676058e-06,9.74702235634339e-06,-2.83762147370581e-05,-8.51109355171076e-05,-7.4387206201898e-05,-1.73616043488423e-05,-7.04379547542544e-05,-5.42617537089285e-05,-1.7091781562506e-05,4.23683668868691e-05,7.02107751369141e-05,4.38989509099486e-06,-2.52785550252099e-05,0.000469644052472518,2.90971600120926e-05,1.17616158847866e-05,0.000278188693553894,-4.76410197673971e-05,7.74834640164812e-05,2.9770411638097e-06,-9.26729003491999e-06,-1.06852740273666e-05,1.65889544740949e-05,0,0.000168053303650773,2.62538401933909e-05,-2.74904783212904e-05,-7.06742207867705e-07,3.71477935336983e-05,5.45323920029261e-05,0,2.0467961396875e-05,0.000629654391058665,5.7699000644007e-06,0.000147553440622339,-0.000181817413455576,0.00046166580955731,-1.14336313421504e-05,-9.26729003491999e-06,6.69267462267698e-05,1.37058518845379e-05,1.79882039672563e-05,0.000110047073953901,-0.00023649430029149,0.000205092076185132,7.78077916763209e-06,5.45323920029261e-05,4.28590600547452e-05,-2.36430369726648e-05,7.65818123582562e-06,0.000162916333920293,3.6124896215739e-05,7.11818869802983e-06,-3.20343580195726e-06,-1.06852740273666e-05,-2.57497253919325e-05,-8.50887695591496e-06,2.22523354205251e-05,-9.36180444099932e-05,-6.67369121263306e-05,3.01882872415504e-05,2.10697272287064e-05,1.53015108850241e-06,3.71477935336983e-05,-7.06302828668015e-07,6.07031497503741e-05,5.08393166676058e-06,0.000163166615210208,-2.14350637772753e-06,-7.51486805192769e-05,3.0724407713123e-05,-1.95545265011532e-05,1.53015108850241e-06,4.79797490626765e-08,-5.8437144712542e-05,2.90971600120926e-05,-8.50887695591496e-06,9.74702235634339e-06,0.000262080304432644,-5.96777383670144e-05,-6.12373373236608e-05,-1.7903192986779e-05,2.10697272287064e-05,7.78077916763209e-06,-0.00010196700931786,-4.62361874653539e-06,0.000398243698988665,3.71477935336983e-05,-0.000556970853721417,0.000289204193662407,-5.74721212744933e-05,4.2369213972826e-05,-1.87240526248189e-05,-6.54350063227227e-05,1.98590555458011e-05,-2.12450007737175e-05,4.5677706259184e-05,-4.36298639083788e-06,-0.000106331980365582,3.66393698119083e-05,-3.3778882640334e-05,5.83822073041418e-05,-1.51825863419219e-05,-0.000110433634270102,-1.7903192986779e-05,9.59364781243366e-05,0.000138094019541235,3.12035622345164e-05,-6.22431838852577e-05,4.84781450538208e-05,0,2.90971600120926e-05,1.24173278743811e-05,-0.00161483678606,1.98590555458011e-05,-6.67369121263306e-05,0,-4.05444496456298e-05,-0.00105395897127725,-0.000296720933171457,1.2650964072769e-05,0,-1.91297230998089e-05,5.99217822170317e-05,-0.000140609375292478,-2.14350637772753e-06,4.5677706259184e-05,-1.78678215831951e-05,0.000234280564073153,5.95946006498593e-06,7.14543442779103e-05,2.85419301508938e-05,2.63367912953782e-05
"3:69353858:C:G",-0.00185263592683382,-0.00173502789035496,-0.000523304448918793,-0.0100686976921702,-0.00963184450408994,-0.0145518121849237,-0.0054107446355558,-0.00373566740653253,-0.00267645132133953,-0.00555788626966836,-0.000444752977554863,-0.0027560154133921,-0.0052532115048467,-0.000950989867621654,-0.00931083195615301,-0.00339119448871195,-7.82610722431798e-05,-0.00502772828879516,-0.00378437489676653,-0.000523304448918793,-0.00354856861539332,-0.0144704318144719,-0.00193806815079434,-0.00432508025617429,-0.00715619016813207,-0.00712586319097452,-0.00946932303884251,-0.0043621773563447,-0.00184057937854476,-0.00238497392777237,-0.00260330840669143,0,-0.00946287253941724,-0.00243438148625419,-0.00441363787716487,-0.00130768902473699,-0.00471780127016341,-0.010031224994262,0,-0.00333247272545112,-0.00967911602794747,-0.00340760401289852,-0.00596472093246003,-0.0180743112523567,-0.00477330184468583,-0.0110055023922606,-0.00123456823024082,-0.00133473366126147,-0.00399588697206799,-0.00337979869157845,-0.00649557613115892,-0.00996025488965824,-0.00250037313268425,-2.35222756543862e-05,-0.010031224994262,-0.00135677500824505,-0.0027209516988953,-0.00465683619904933,-0.0120890913329954,-0.0015077835753039,0.000218574221622525,-0.00318136339623765,-0.000150471223792081,0.000592780401119875,-0.00037597414286239,-0.00112234855106141,-0.00493566034262782,-0.00291041729057984,-0.00497153617370216,-0.00720220186831266,-0.000287013931277613,-0.0012701154770145,-0.00360364304255256,0.00107063601180757,-0.00676480004431035,-0.00160284096666796,-4.62460505179507e-06,-0.001656711302914,-0.00315153657572864,0.00026552416541481,-0.00370726339988758,-0.00132893921859312,-0.00732975714430362,9.82466383385727e-05,0.000289204193662407,-0.00257516928616131,-0.00285230621720567,-0.00313752227627839,-0.00691763138919876,-0.00184207684566662,-0.000445465666262912,-2.35222756543862e-05,-0.00297281243343894,-0.000116315479795848,-0.00951242126846141,-0.00278068878565207,0.000289204193662407,0.477345749003269,-0.00138708164325907,-0.00124441159271926,-0.000492470281559854,-0.00259754753841435,-0.00301263485983361,-0.00669469908132569,0.000530440078110317,-0.00294523300721128,-0.0031172177608445,-0.00228213893373574,-0.00076188403589228,0.000766324861189549,-0.00814615050265743,-0.000592139863365038,-0.00318625894394486,-0.00277013127118853,-0.00420386110512894,8.56047608381871e-05,-0.00183678661363817,-0.00226755601669648,0,-4.59690218637121e-05,7.10280003097807e-05,-0.00360869345577619,-0.000803729565976852,-0.00131972522125956,0,-0.00426667500418398,-0.00356943211106131,0.00131319732405855,-0.000489700157438655,0,-0.00550936412388969,-0.0102243092518224,-0.00200557136453972,-4.62460505179507e-06,0.000530440078110317,-0.00211335651010813,-0.0099104134307062,-0.0016048398210029,-0.00344358600768224,-0.00174529512320065,-0.000149000810638178
"3:69356626:G:C",-0.00174689189915034,0.000307191202643331,-0.0013269106328675,0.00202707283809467,-0.00109504979983832,-6.59355294203579e-05,-0.00378698331216309,-0.00172364392275792,2.98373359557402e-05,-0.00124923258691378,-0.000195431698057469,-0.000175773825086267,-0.00128969700568771,-0.000959431931238264,-0.00113099120101889,-0.000372736712124677,-0.000115700156446685,-0.00393362700398114,0.000455692056870127,-0.0013269106328675,-0.00118958355887333,-0.00101122788391539,-0.00266682575055466,7.19932840853588e-05,-0.000602870961253998,-0.0105607924477447,0.000499524835820608,-0.00120845678996062,-6.34898681193263e-05,-8.55883383010791e-05,-0.00364558255942349,0,-0.00675570751789056,0.000164312914525233,-0.000188433161122603,-0.00346907032716093,0.000240377554505677,0.000355807877007841,0,0.000130303796564313,-0.000864482162008073,-0.00338002085957712,-0.0036327190939911,-0.00157409221999494,-0.00591095854819867,-0.00365663239557179,-6.34898681193263e-05,-0.00248788309164549,8.77388500128973e-05,0.000110006209212088,-0.00518643329691493,-0.000578603423155855,-0.000169358856899393,5.14801700397527e-05,0.000355807877007841,-0.00158662518757957,-0.000946234690572645,-0.00105622461577415,-0.000505081655479245,-0.00268466696453196,4.61686464383604e-05,-0.00103953360577513,-0.00103546967774903,-0.000174695688450299,-5.74721212744933e-05,0.000144871869558472,-0.00311594026031425,0.00338454896474882,0.000196829913466701,-0.0028726779742323,1.21972672761927e-06,-0.00248997716958055,-5.62793715630505e-06,-0.00218289355622403,2.98373359557402e-05,-0.00184155719999923,-1.70926860239007e-05,0.00235042261686313,0.000201248118028907,-0.000135192316892407,1.21972672761927e-06,-1.07486667699774e-05,-0.00315966590500594,-0.00266682575055466,-5.74721212744933e-05,5.56408431799937e-05,-0.00088068609558789,-0.000415443190461495,-0.0003554655893101,-0.000122117187721926,-0.0028726779742323,5.14801700397527e-05,-0.000844946589563911,-0.00249331892128613,0.00139600879796209,0.000240377554505677,-5.74721212744933e-05,-0.00138708164325907,0.130314726553777,0.000268556922283558,-0.000128614075944888,-0.000892390194169757,0.000125325343334204,-0.00447733428376207,0.000296740534793116,-3.48316950438132e-05,-0.000884926727457547,0.000236122969368147,-0.000776825423783656,0.000370316317433783,-0.00146019990041957,-0.000762174908207847,-0.000122117187721926,0.000288456510859625,-9.19556154510559e-06,-0.00135277793711452,-0.000427156092470682,0.000303101656569105,0,0.00018782848636878,7.73075506108611e-05,9.28583034465191e-05,0.000125325343334204,0.00312422018607084,0,-0.00178778371203503,4.07918109157634e-05,0.000284055272828709,-0.00123350513620757,0,-0.00273935103302625,-0.00109698830297233,-0.00121740501983147,-1.70926860239007e-05,0.000296740534793116,0.000287134547798829,-0.00238816387501206,-0.00353582260476504,-0.00557736159570421,-0.00189362771117718,-0.000372848372808932
"3:69359093:G:A",-0.00092869158008968,-4.85486732948459e-05,-0.00207883031096667,-0.00158717518773166,-0.00100959943337742,-0.000344918818442785,-0.00134031559045589,0.000192858563793585,-2.93204471732977e-05,-0.00447655268324532,-0.00415330938775771,0.000202174604133631,0.000165064787388758,7.78632113469513e-05,-0.0009144334359803,-0.00109612128377368,8.43359753366357e-05,-0.00139708835921759,-0.000389413804589012,-0.00207883031096667,-0.00157959426796239,-0.00165315420756329,-0.000157066494879565,-0.000297206494012769,5.47938370010215e-05,-0.00056594936085741,-0.00546008164777501,-0.000413546035737511,4.54263832239121e-05,-0.00279297431429004,-0.00296031362732663,0,-0.00135090576604568,7.59110669621421e-05,0.000132852301126363,-6.22262014626784e-06,-0.000771622585194365,-0.000296829051150915,0,-0.00045695883473762,0.000143569543113564,9.15745184739691e-05,-0.0158370705280171,-0.00148649837633297,-0.000468635347489865,-0.00159197276630074,4.54263832248003e-05,-0.00435169638044108,-0.00235328107830224,8.51057249029452e-05,-0.00248343057574996,-0.00463512617297379,0.000111424899952972,0.000433288209300109,-0.000296829051150915,-0.000238101812993108,-0.00345035923578241,-4.96337413080639e-05,-0.00605981497308772,-0.0136222471673033,-3.74723808320709e-05,-0.00278061661886841,-0.00187093093462032,0.0001258915241511,4.2369213972826e-05,-0.000118267502443814,9.82280359895782e-06,0.000309273903903673,-2.97906314745688e-05,-0.000963032125792296,-1.51262982344136e-05,-0.000201384792340775,2.84672904715677e-06,-0.000337454619865341,-0.00133331275471793,-0.00335185219448597,8.63154573682579e-06,-0.00169223999878287,-0.000163334886133626,9.42265307779522e-05,-0.000719011207313436,-9.22404557091028e-06,-4.422171456131e-05,-0.000157066494879565,4.2369213972826e-05,-0.000446906676706327,-0.0037163676638845,-0.00165084131410076,-0.00658900431809961,8.75984089470094e-05,-0.000113625537541573,0.000433288209300109,-0.000442009001598187,-0.00183315804606377,-0.00339178979589683,-0.000201384792340775,4.2369213972826e-05,-0.00124441159271926,0.000268556922283558,0.171841614347108,9.0895082474951e-05,-0.00182458369986982,-0.00234417516311147,0.000100995946410443,-0.000248235080260173,1.75445533034946e-05,0.000469292364742913,0.000182024624852062,-0.000482478495511529,-0.000687938782903963,-0.000729385213356526,-0.002521471412118,8.75984089470094e-05,-0.000908769138837862,-0.00288193693694616,-0.00043794824876997,0.000292024681805891,-0.000276303578723436,0,-0.000157066494879565,-6.84748639505628e-05,-7.61104369200183e-05,-0.000405075499682717,0.000309273903903673,0,-0.00281532152654362,-3.47843126320413e-05,-0.00274416796695665,-0.000281792161824335,0,-0.00355072058429817,-0.00575552761872222,-0.00804935526991901,8.63154573682579e-06,-0.000248235080260173,-0.0031612914330581,-0.00111020643999371,-0.00142919585016354,-0.00134840568548222,-0.000948354569087151,-0.000267388381604228
"3:69360577:C:T",-0.00438801127632704,0.00010462936856559,9.26087733343905e-06,-0.000188880125291391,-0.000135599576898571,-1.88431960541635e-05,-0.00131023089679605,4.41853060593189e-05,1.08426654872318e-05,-0.00150369327013067,-6.29995425933672e-05,-0.00019372975301124,-0.00114568081727384,-3.90284691880183e-05,-0.00016051352880897,-0.000121125042088721,-3.77056539893061e-05,-0.00135825940270884,0.000150263224503178,9.26087733343905e-06,-0.00290277641772629,-0.000167728917682908,6.28558606665663e-05,-0.00347577832755075,-2.57896781246103e-05,-0.00124447678536743,-0.00320375421323504,6.03825401057634e-06,-2.04584590468571e-05,-0.00130712583762094,-0.00125690215597807,0,-0.0015039663089027,5.64053936367159e-05,-6.09577816099716e-05,-2.380392664314e-06,8.0125918404228e-05,0.00011730451497538,0,-0.00323416559027834,-6.71598430441733e-05,1.24052480936498e-05,-0.00137064020014499,-0.000997118902281713,-0.000369457392909389,-2.7027811997371e-05,-2.04584590468571e-05,-0.0029518731062721,2.96689158689745e-05,3.85497474999497e-05,0.000232080241389987,-0.00028272424747211,-0.0010779866055346,1.69811899768391e-05,0.00011730451497538,9.20064557625722e-05,-5.35137908386218e-05,1.58938660526076e-05,-0.00312338266857282,7.78091379007861e-05,1.54741757905086e-05,-9.00816913862457e-06,-0.0038906414579305,-5.69487131931723e-05,-1.87240526248189e-05,4.82336041596199e-05,0.000161034239769542,-0.000149685092471152,6.53272134591987e-05,4.55512091175336e-05,2.73442768783383e-06,8.0125918404228e-05,-1.61023537437188e-06,0.000130042319136159,1.08426654872318e-05,-0.00134458853765107,-0.00305319659443093,-0.000169458840327152,6.65406839992499e-05,-0.000650587926933177,2.73442768783383e-06,-6.5370193702563e-07,0.00014694686911465,6.28558606665663e-05,-1.87240526248189e-05,2.06590215627855e-05,-0.00128332129103637,-0.00512404219526719,-0.00013881321408693,-3.95673837489952e-05,4.55512091175336e-05,1.69811899768391e-05,-0.000231174192305339,-0.0036990348322341,-0.0027137590993016,-0.00283338564616109,-1.87240526248189e-05,-0.000492470281559854,-0.000128614075944888,9.0895082474951e-05,0.10033259645727,-0.000147256740322455,4.28025264112009e-05,-4.72461941249946e-05,-0.00257455513128857,-9.9602489340711e-06,-0.000603122390313793,7.89746329079577e-05,-0.000544983208048855,0.000124762153686397,-0.00165340023333549,-0.000250799980734406,-3.95673837489952e-05,0.00020069568985015,-0.00277001742818062,6.66343715307605e-05,-0.000139164654733293,-0.00164003324752926,0,6.28558606665663e-05,2.6739408958143e-05,-0.00309309794991997,4.28025264112009e-05,-0.000149685092471152,0,-0.000405791226177676,-0.00350319180726544,-0.00311186959292176,2.63823313391143e-05,0,0.00026592015515714,-0.00140879230083701,-0.0053171623784074,-0.00411007497713012,9.8392064494135e-05,-0.00136216548298762,-0.00121353667731761,1.10546346627771e-05,-0.00445009981500366,6.15974342048631e-05,0.000285600282046161
"3:69365265:C:T",-0.00298955743837004,-0.00238605629382249,-0.00254912039123134,-0.0020587052061396,-0.00113635497460951,-0.0013411967062984,-0.00248510594141571,-0.00203447157338665,3.30754028254887e-05,6.13356924024089e-05,-0.000224449489945044,-0.000614242658789621,-0.00010208981191262,-0.00306734720560531,-0.00106606495497186,0.00108205395443495,-0.000132074809886085,-0.0024082309524287,0.000505096732659638,-0.00254912039123134,-0.00140032449461103,-0.000151700813173505,0.00021039828640923,-0.001847730989045,-9.4145430019843e-05,-0.00654535765999142,-0.00271282699596842,-8.01031718502543e-05,-7.24712269111194e-05,0.000206889191580295,-0.00116194720842167,0,-0.00108497571646859,-0.00291788473550714,0.000898053316631398,-0.00356924261098257,-0.00273789982716099,-0.000673963510593012,0,-0.00213833324004664,-0.000241348811275799,-0.00246128778856569,-0.00103280989969834,-9.31615094863503e-05,-0.00145462278484443,-0.00138920881815086,-7.24712269120076e-05,0.000471071916356536,9.85198068841342e-05,-0.00228891586247215,0.00076480213622343,-0.00187831285859286,-0.0029189560703653,5.81760896025685e-05,-0.000673963510593012,-0.00177722248480983,-0.000207985589733894,-0.00148259503710335,-0.00219914028594603,-0.00174191101213328,5.20234891023819e-05,4.93824555398703e-05,-0.00147827955075908,-0.00019993919097594,-6.54350063227227e-05,0.000162741070163896,-0.0024149451083586,-0.00138448178890638,0.000220705752977501,0.000151638212968486,-0.00157905890423837,0.000268799843126999,-6.54725797311073e-06,-0.00130716119808216,3.30754028254887e-05,-0.000641075789530543,-1.99012127399811e-05,-0.00262654655585681,0.000225759197451936,-0.00015500035053595,-0.00231478147807618,-0.00142013872438884,0.000162770257301936,0.00021039828640923,-6.54350063227227e-05,-0.00326025976035726,-0.000526105082691686,-0.00106373200048626,-0.00337686693260775,-0.000139615560607709,0.000151638212968486,5.81760896025685e-05,-0.000697802672654291,-0.00160684678028389,-0.0033843580125299,-0.00154586577181171,-6.54350063227227e-05,-0.00259754753841435,-0.000892390194169757,-0.00182458369986982,-0.000147256740322455,0.159280309234777,-0.0021057033291596,-0.000170803136020581,-0.00124225010630319,-4.06067553564426e-05,-0.0029656074379627,-0.00165507344352367,-0.000272693783981204,0.000133681645383632,-0.00128549392806887,-0.00172663045950028,-0.000139615560607709,-0.000441238032443891,-6.09988237072479e-05,3.56828438192736e-05,-0.000494363409604404,0.000169450912566482,0,-0.0017288662144308,8.64559772413287e-05,-0.0019212792351988,-0.0021057033291596,-0.000878443049072253,0,-0.00153703360660717,4.57902381203468e-05,-0.00156646323736886,-0.00106013296261054,0,-0.000236928366065925,-0.00482320200788244,-0.00222802721773885,-1.99012127399811e-05,0.000331232689040561,-0.00787943426340609,-0.00307598768875117,-0.00309222624817806,-0.00377860505398475,0.00020514160685714,-0.00483661118714362
"3:69367724:G:A",-0.00104711441576244,-0.00130438893988227,-0.000168454494056114,-0.00171867031563089,-0.00379207217898436,-0.0019750454351346,-0.00631629259817235,-5.11261164799492e-05,-1.30130628201997e-05,-0.00302973968023235,-0.00180045745197965,4.16197132704355e-05,0.000155225114881752,-0.00249446204046855,-0.000386731052781641,0.00011923412131587,-0.000621316365100988,-0.00641319230107928,-0.000182970878479516,-0.000168454494056114,-0.00149989469564815,-0.00354615148056237,-0.0020166554364911,-0.0013135335467771,2.62470647260926e-05,-0.00020244542906056,-0.000609352654582729,-8.57760672268171e-06,-0.00156370181895937,-0.00152283121320806,-0.00282200195876658,0,-0.00172412918270037,-0.00120829617005302,6.23201347886848e-05,-0.00310100504982103,-0.00436591973524703,-0.000139262412827357,0,-0.00111204124675446,-0.000239377037575927,-0.00139689391639308,-0.00753372352860371,-0.00200679675463,-0.0039334434457734,-0.00321292866853273,-0.00210501076340641,-0.00346725135224979,-0.00110401603905608,-0.00129528740719298,0.000299318155558836,0.000114924548330286,5.32213978674534e-05,-1.87163716427463e-05,-0.000139262412827357,-0.000437314569363245,-0.00347014889098141,-2.10509817062388e-05,-0.00203371943372854,-0.000509323110478022,0.000268735121035313,-0.00269704272414195,-0.00354361394133917,5.88157297185532e-05,1.98590555458011e-05,-5.49419505544435e-05,-0.00101928146256292,0.000143942785135742,-0.00056831407043223,-0.00382197592078093,-5.54185618195646e-06,-0.00175915016301431,1.48295216018113e-06,-0.00405515677590707,-0.00144056992410668,-0.00146373414728718,-0.00186570148465925,0.000159359780959711,-7.62798598179515e-05,4.44957436052107e-05,-0.00151766715233315,-0.00165543215372654,-0.001182910638164,-0.000892917610269883,1.98590555458011e-05,-0.00139722789730534,-0.00154967586358579,0.000129483786344586,5.01039123701474e-06,4.11260322605855e-05,-0.00102618251456832,-1.87163716427463e-05,-0.00250250264862206,-0.00146135813501047,-0.00178683040356864,-9.36261052180143e-05,1.98590555458011e-05,-0.00301263485983361,0.000125325343334204,-0.00234417516311147,4.28025264112009e-05,-0.0021057033291596,0.181424494200513,4.79333299514551e-05,-0.000115902380217747,9.12786068951732e-06,0.000217158411367713,-0.000891815684808783,-0.000501229664712,-0.00108657519417221,-0.00183724392290951,0.000224951458519307,4.11260322605855e-05,-0.000274157452512469,-0.00188778632160247,-8.09644374504259e-05,0.000135577906631212,-0.00335289072009637,0,-7.27882895139587e-05,-3.11121604594788e-05,-3.51994313838588e-05,-0.00117572806022626,0.000143942785135742,0,-0.00346156411048959,-1.58940453225398e-05,-0.000342032321807295,-0.000420518346196275,0,-0.00164318105662487,-0.000349841447211396,-0.00284319932480415,-0.00479011203476709,-0.000115902380217747,-0.0041461193168395,-0.00517452819433473,-0.00323365543105947,-0.0101882964103508,-7.15990987636417e-05,2.56889145378025e-05
"3:69368333:A:T",-0.00254375316646982,0.000115941914544671,-0.00261462673003354,-0.00400155778300881,4.09027543808449e-05,-0.00299856284177213,-0.000215328160564354,4.94891537092812e-05,1.21628615339375e-05,-0.00182535505514814,-0.000781968126371879,1.10626289480109e-05,-0.000197225591607619,-4.46504128399638e-05,5.87717283853095e-05,-0.00013971702947746,-4.29154458370107e-05,-0.000272100929326946,0.000165291698134951,-0.00261462673003354,-6.85753543043788e-05,-0.00122538333510303,7.0223350518539e-05,2.83144501054267e-05,-2.93689086134918e-05,-0.000145889318591053,0.00018127231062337,6.69193568292314e-06,-2.32371161770217e-05,-2.80378559445182e-05,-0.000154193799363433,0,-0.00025171646636668,6.30063339954745e-05,-6.96807911948483e-05,-0.00177100307094502,-0.00302830308841173,0.000129853728652485,0,4.94891537092812e-05,-7.69072598281184e-05,1.39398687064585e-05,-0.00185996260644306,-0.00131618827146518,-0.00349431020201418,-0.000122660717617684,-2.32371161770217e-05,0.000157179727812817,3.33163392731706e-05,4.31423245528251e-05,-0.00267997877177262,-0.000216000721708909,-0.00140913849143409,1.91370806783553e-05,0.000129853728652485,0.000102225298033609,-0.00298854827001716,1.77014974038769e-05,-0.000954032456695231,8.66887996506804e-05,1.74265591850187e-05,-9.91594406176688e-05,-0.00284660897229116,-6.50181757837487e-05,-2.12450007737175e-05,5.40385236051932e-05,-0.000254262984903164,-0.00468482845703733,7.2982642002728e-05,-0.00256396054174157,2.92345498653646e-06,8.92620305092962e-05,-1.83806574138856e-06,0.00014356325222753,1.21628615339375e-05,-0.00055355236133714,-5.58487821855636e-06,-0.00352175441262137,7.43363259152474e-05,-0.000980332648532922,2.92345498653646e-06,-9.46513840638374e-07,-0.000157592651949479,7.0223350518539e-05,-2.12450007737175e-05,2.31135107142677e-05,-0.000596853500764549,-0.000154724531983952,-0.000242658762481973,-4.50668979885549e-05,5.10250433825021e-05,1.91370806783553e-05,-0.000271144311481564,-1.32076667078707e-05,-0.0056852646048009,8.92620305092962e-05,-2.12450007737175e-05,-0.00669469908132569,-0.00447733428376207,0.000100995946410443,-4.72461941249946e-05,-0.000170803136020581,4.79333299514551e-05,0.107591486953921,0.000109275324927438,-1.13886629806714e-05,-0.00096695155765758,8.79836692151414e-05,-0.000844456315780562,-0.0019685421796849,-0.00723132727893017,-0.000294891149771104,-4.50668979885549e-05,-0.00218641592494428,-0.00341122080249967,7.42364195671641e-05,-0.000160925675046997,0.000114769744463672,0,7.0223350518539e-05,3.00032959028584e-05,3.49413505285057e-05,4.79333299514551e-05,-0.00468482845703733,0,-0.00445742463242915,1.5694293143298e-05,-0.00204306581648783,2.93850367105719e-05,0,-0.00305630206296748,-0.000428609316282191,-0.000382754661792717,-5.58487821855636e-06,0.000109275324927438,-0.000912925126988817,-0.000604464255205883,-0.00266434663926862,-0.000114385374302195,6.8817078865635e-05,6.18044998770273e-05
"3:69368885:A:G",-0.00513216835126418,-0.00079466046741139,-2.8679165039236e-05,0.00042289377440774,-0.00154017753952385,3.50221776441728e-05,-0.0105028865987267,-0.000118369978755695,-0.00107100775466762,-6.22271180024114e-05,0.000148370304104084,-0.000800624792401727,-0.000631653570029478,-0.00104083154737644,-0.0016221192303334,0.000282771112938285,9.13343767479091e-05,-0.0105997863016363,0.000194815394289449,-2.8679165039236e-05,-0.00258261380636782,-0.0010876376619855,-0.00016620599180861,-0.000683179325974059,5.89338638787851e-05,0.000211526541381346,-0.00235314563698896,-2.27475968621604e-05,4.89372121492693e-05,-0.000827392672795746,-0.0101359792327171,0,-0.0051917207749721,-0.000154985715203004,0.000144527677286455,-7.30887313959983e-06,-0.000212138728717726,0.000408648378518173,0,-0.000508177359842321,0.000156184737543086,-3.44783442711716e-05,-0.00229975962777562,-0.00262589364400068,0.000525727594908432,-0.00479139583241039,4.89372121492693e-05,-0.00059435672589192,-7.85923227599739e-05,-0.000108326596638619,-0.000656354138547144,-0.000177422678801165,-0.00108489204648965,-4.29384135793853e-05,0.000408648378518173,-0.000537287353743032,0.000110381705968443,-5.36092481242534e-05,-0.00559304020698814,-0.000208237544947032,-4.01495150139652e-05,-0.00987401873563165,-0.000930583506305815,0.000136968088461309,4.5677706259184e-05,-0.000125606580088089,-0.0034924103537044,0.000343527382040243,-0.000170516786623942,-0.000120809563911806,-1.66790572695419e-05,-0.000212138728717726,3.00914703288413e-06,-0.000300263674537504,-0.000788342003954057,-0.00756497486780372,-0.00119047699245201,0.000379912555708017,0.000310018805627976,0.00010197959699898,-1.66790572695419e-05,-1.04687500108724e-05,-0.00337929402575909,-0.00016620599180861,4.5677706259184e-05,-6.22271180024114e-05,-0.00583217258674296,-0.00179710311572379,0.000297944593896204,9.48438719969857e-05,-0.000120809563911806,-4.29384135793853e-05,-0.00152649782267833,-0.000142499437826515,-0.00362174510928348,0.000269886433166278,4.5677706259184e-05,0.000530440078110317,0.000296740534793116,-0.000248235080260173,-0.00257455513128857,-0.00124225010630319,-0.000115902380217747,0.000109275324927438,0.156542963210977,1.85641747165732e-05,-0.00145730438048197,-0.00021019939811584,-0.000802116207115233,-0.000343710206855974,-5.54108845776113e-05,0.000554943456480217,9.48438719969857e-05,-0.0057617274219055,-0.00467643876634138,-0.000189499055243125,-0.00223255096086827,-0.000289126685503405,0,-0.00578884832422943,-0.000637942902256938,-0.00142981454624191,-0.000115902380217747,0.000343527382040243,0,-0.000712882203202092,-0.00182959323556808,-0.00166993644500657,-8.67626784470943e-05,0,-0.00260757570561232,-0.000372727818371388,-0.00141382308335292,9.12760578763994e-06,-4.38855650015668e-05,-0.00259491071325968,-0.000479606482107542,-0.00186913776943332,-0.00206137646005011,-0.000411155601216961,-0.00120900005615354
"3:69371215:C:T",-0.00570693092346186,1.9629380378916e-05,2.17523128132058e-06,-5.47747901382678e-05,-0.00524670470264965,-0.00186843161251637,-0.000190566041765372,9.37543464019086e-06,2.50068447016361e-06,4.71473462049232e-06,-1.56226456891062e-05,-0.00254147271529526,-0.00339403971694541,-8.14780153923778e-06,-0.00516130573310392,-0.00166125881245272,-9.04847668792286e-06,-0.00191499230414216,2.50067858020842e-05,2.17523128132058e-06,-0.00279448347760791,-9.42020594720816e-05,-0.00334766702412903,5.61031513512944e-06,-4.4357008246898e-05,-0.00197361256513684,-0.000972232932371142,1.50688048705661e-06,-4.75981272707315e-06,-0.00209650773048509,-0.000225264249261059,0,-0.00219306806403541,1.17396438117368e-05,-0.00258304928243636,-0.00225286869385588,1.57455285112462e-05,-0.000523801237917176,0,9.37543464019086e-06,-0.000189786295096361,2.82050184186033e-06,-0.00358772779140537,-0.00308651734783005,-0.00157883382793589,-4.61024933517962e-06,-4.75981272707315e-06,2.43351906501488e-05,-0.00165554513556376,8.35806972609987e-06,-0.000400710372807644,-0.00122747443293481,-1.28946781705608e-05,3.7474149809924e-06,-0.000523801237917176,1.76982294650685e-05,-1.27037642698724e-05,3.76933088919174e-06,-0.00202535957927186,1.53987265116839e-05,3.44374315197626e-06,2.81944010360746e-06,-5.43801946228939e-06,-1.4062048389718e-05,-4.36298639083788e-06,1.00925400818852e-05,-0.0052901308706037,-4.16142845427458e-05,1.32097817280297e-05,9.61867254112292e-06,-0.00217665633263842,-0.00358544035232988,-3.4571705587183e-07,2.28247187523678e-05,-0.00201682270971837,-5.03243898579697e-05,-1.05520028981232e-06,-4.8013195097063e-05,1.34053876266194e-05,-0.0033541524337668,8.14335017196299e-07,-0.00200544431838345,-0.00507072476538806,-0.00334766702412903,-4.36298639083788e-06,4.71473462049232e-06,-0.0037585678657921,-3.64073910175122e-05,-0.00224574946146294,-9.5004362927753e-06,-0.00308898767450483,3.7474149809924e-06,-0.00277315258120314,-6.90390310698064e-06,-0.00350550826064477,1.57455285112462e-05,-4.36298639083788e-06,-0.00294523300721128,-3.48316950438132e-05,1.75445533034946e-05,-9.9602489340711e-06,-4.06067553564426e-05,9.12786068951732e-06,-1.13886629806714e-05,1.85641747165732e-05,0.1278137126539,-7.40967759824684e-05,1.55736681035634e-05,-0.000779356000771614,-0.00444461549960096,-0.00241783425431485,-7.77964352964844e-05,-0.000945676732118983,-1.69691863671773e-06,-9.83396038165552e-05,-0.00014016197963862,-0.000331400095736178,1.94948823706298e-05,0,1.28081828121296e-05,5.89837369968649e-06,6.73282541807652e-06,9.12786068951732e-06,-4.16142845427458e-05,0,-0.000878735023642996,3.1348128253228e-06,-2.13457485376267e-05,2.11049962146603e-05,0,-2.28021324319982e-05,-0.000751852885773729,-0.00010674525260157,-1.05520028981232e-06,1.85641747165732e-05,-0.0018601280686541,-0.00178940467371902,-0.00453190135542769,-0.00228774939591325,1.26020255066805e-05,1.18717299528726e-05
"3:69374281:G:A",-0.00870637533169472,7.68273832294497e-05,-0.001789329491932,0.000259880623639575,-0.0104372724125206,-0.00366447069209919,-0.000184146909041338,-0.00236857205031882,4.73007592658448e-05,-0.000167472626658061,-0.000367707977846798,0.000682040402542938,-0.000648363512103067,-0.000478562535626281,-0.010623675786877,-0.000411452350701502,0.000685686217146042,-0.000271178293429486,-0.000788837566042311,-0.001789329491932,-0.000325432147620042,-0.00146164744520849,0.000333806866597897,0.000120348623305233,-0.000158289515531429,-0.00165381238042439,-0.00104907788639608,-0.00301713518577262,-0.000685247482745233,-0.000182727682258133,0.000138208873735834,0,0.000699111466498259,-0.000360407065604917,-0.00035294652641138,-0.00140902284942346,-0.00228484822429742,0.000641306075236159,0,0.000227942377143187,-0.000903354094444531,5.90828936104515e-05,-0.000812011924445244,0.0017251588556908,-0.00341688012605212,-0.000477581691542994,-0.000685247482745233,0.000748226138608921,-0.00205622903807168,-0.000262256064281097,-0.00405537287791979,-0.00134169477458723,-0.00126355920356414,9.35146915956864e-05,0.000641306075236159,5.56635327875199e-05,1.36735094296014e-05,-0.000177292896710313,-0.00838033726247156,-0.00447432755182842,8.21868940974468e-05,-1.69958940556825e-05,-0.00126361232353389,-0.000324007900832868,0.000783509320555709,0.000259446526004403,-0.00609077645236944,-0.000915939383956399,0.000353404754448228,-0.00197114720277014,-6.57030402315684e-05,0.000428741079640638,-1.1947385336164e-05,-0.0014614642870221,4.73007592658448e-05,-0.00615201066426785,-0.00136343901391633,-0.00239346743280855,-0.00135778703470368,-0.000255496049687665,-0.00283290852235396,0.000114519092822896,-0.0052012436657316,0.000333806866597897,-0.000106331980365582,-0.000163431373492173,-0.00444854363866165,0.00080590290219007,-0.00743405066544067,-0.00022786799005825,0.000238583181893404,9.35146915956864e-05,-0.00161452559885689,-0.000349849605580488,-0.00723323810694954,-0.00180189116019669,-0.000106331980365582,-0.0031172177608445,-0.000884926727457547,0.000469292364742913,-0.000603122390313793,-0.0029656074379627,0.000217158411367713,-0.00096695155765758,-0.00145730438048197,-7.40967759824684e-05,0.174833833723088,0.00041938832400934,-0.000596876755200704,0.000229097010672419,-0.00256228792885649,-0.00191821857868923,-0.00022786799005825,0.000648014608600533,-0.00107545572816781,7.18506838026656e-07,-0.000798117158157474,0.000212905203338387,0,0.000333806866597897,-0.0026393478813489,-0.00227579283809654,0.000217158411367713,-0.000915939383956399,0,-0.0053110722683849,-0.00276345981749149,0.000234059825729993,-0.000169461559211825,0,-0.00197803386292117,-0.000706509103852948,-0.00313579838609002,-0.00136343901391633,-0.00145730438048197,0.00091632677243858,0.000104449451364452,-0.0039090622298259,-0.0046375538491743,-0.00213028850621022,0.000122398098952203
"3:69374793:T:C",-0.00187320783521017,-0.00124530445700888,-0.00115246092899035,0.000335121434968499,0.00022809968354931,-0.000300462223481013,-0.000213365759695883,-9.46568925623836e-05,-0.00112618222864036,-4.88696551546042e-05,-0.00232388582907905,0.000331560821651422,-8.85694133874182e-05,-0.00140128021630925,0.000271306656179249,-0.00435081587419273,7.31283497383828e-05,-0.000213365759694994,-0.000327513229527732,-0.00115246092899035,-0.000300082664430157,-0.000407527418872178,-0.000133513713809208,-0.00101323569262757,4.7687705543531e-05,0.00017406307668022,-0.000365509495128258,-0.00351542189895415,3.93570070569282e-05,-0.00117990191701178,-9.08913191590699e-05,0,-0.00205420405831269,-0.00121733196766449,-0.00337655010350701,-4.37143308307242e-06,-0.000170833964871164,-0.000250943964517525,0,-0.000829044841242244,0.000125276970298849,-2.73041637930405e-05,-0.00325000622646954,-0.00203840848518855,-0.000183856490422407,3.32926823611857e-05,3.93570070569282e-05,-0.000863880963692942,-6.27957874677065e-05,-0.00172418743582359,-0.000536711149430324,-6.12210160699789e-05,-0.00145309309234065,-3.4453830054737e-05,-0.000250943964517525,-0.000201066806666539,9.04631620990415e-05,-0.00341628363968294,-0.00285132269631827,-0.00149914171687815,-3.20964504521015e-05,-3.67159159875285e-06,-0.000341589431317679,0.000109463013133748,3.66393698119083e-05,-0.000100871405251723,-0.0061459335270877,0.000272711602423925,0.000676562761166011,-9.67515927667861e-05,-1.22755398530572e-05,-0.000170833964871164,2.52580801429758e-06,-0.000284091246990137,-2.48684045063285e-05,-0.00311405354974914,7.65982632344731e-06,-0.00247857572714771,-0.000139091328898111,8.19451812885674e-05,-0.00311917829495556,-0.00251539784614785,-0.00647376740513028,-0.000133513713809208,3.66393698119083e-05,-0.00234504030857963,-0.00317908763729235,0.000243855888691691,-0.00013749406281871,7.60358572629016e-05,-9.67515927667861e-05,-3.4453830054737e-05,0.000404729202789333,9.42737605491573e-06,-0.00198689142935793,-0.000170833964871164,3.66393698119083e-05,-0.00228213893373574,0.000236122969368147,0.000182024624852062,7.89746329079577e-05,-0.00165507344352367,-0.000891815684808783,8.79836692151414e-05,-0.00021019939811584,1.55736681035634e-05,0.00041938832400934,0.153712330494633,-0.00416524302494459,-0.000277363319535873,-0.00296176552057137,-0.00176730170040784,7.60358572629016e-05,-0.0132710349814591,-0.00818332426085533,-0.000150979788466898,0.000257001650603605,-0.001041296514253,0,-0.000133513713809208,-5.82574578080752e-05,-6.50275517903864e-05,-0.00264456222552933,0.000272711602423925,0,-0.000866949635629943,-2.9713368863149e-05,-0.0137460599971613,-0.00105157151294488,0,-0.00925344565831399,-0.000482320205633879,-0.00467120455407866,7.65982632344731e-06,-0.00021019939811584,-0.000612965571693103,-0.000975219082357981,-0.00121742969302296,4.03180156665073e-05,-0.000131612310203089,-0.00374852901529632
"3:69375057:T:C",-0.00032808092640435,5.18747947806375e-05,-6.69785695528446e-06,-0.00335049923281439,-0.00356833525270517,-0.00216874353578422,-6.98439724731159e-05,-9.9492248521571e-05,-0.00114438403005224,-0.00109981454099106,-0.000280108917245059,-0.00290528541966673,-8.41592262270652e-05,-0.00203760506737805,-0.00343769410142736,-8.19877321456275e-05,-7.17389846691674e-05,4.35824444480204e-05,-0.000395988644766199,-6.69785695528446e-06,-0.00880468495382258,-0.00576065106596868,-0.000408217480319273,-0.00116524358703085,-0.00267925540868674,-0.0084772707562375,-0.00553655115571239,-0.000730706842425377,-0.00550380820295704,-0.00382790424785018,-0.000788106462460192,0,-0.00504550943627313,-0.00243992680860661,-0.000946383207756085,-0.00403533537912626,-0.0055984128370703,-0.000286745209258754,0,-0.0020762580661664,-0.00670227451720518,-5.41825989097688e-05,-0.00597469052958166,-0.00772069675876486,-0.0109668310540392,-3.82972505441614e-05,-3.72886907733516e-05,-0.000114342147123914,-0.00149861798885009,-0.00231651704124669,-0.00429719040312726,-0.0133059356235923,-0.00294238863639418,2.73409011404269e-05,-0.000286745209258754,-0.00169135967309142,-0.00384984839258529,-0.00215734404347501,-0.00700094684532226,-0.00541434733760582,2.49374001048963e-05,-0.00326678212136144,-0.000434339639548753,2.89272435933796e-05,-3.3778882640334e-05,-0.00620117448150292,-0.0181479603996038,-0.000946717709652489,-0.00438503198208817,-0.00500744527265962,-0.00570664801232468,-0.000231676392689728,-0.00400052980600663,-0.00735191503671828,-0.0053829369297711,-0.000783786584455548,-0.00248476674573261,-0.00173581350592755,8.94948178906674e-05,-0.00237233376175716,-0.00435820333198667,-0.00180294442773743,-0.0166292901656937,-6.38012238596275e-06,-3.3778882640334e-05,-0.00465534765493469,-0.00252023284762526,-0.0090889893713797,-0.0126116350537311,-0.00246965618840811,-5.86808408380435e-05,2.73409011404269e-05,-0.00296976692837081,-0.000176473715873371,-0.00931281556171148,-0.00105947671748918,-3.3778882640334e-05,-0.00076188403589228,-0.000776825423783656,-0.000482478495511529,-0.000544983208048855,-0.000272693783981204,-0.000501229664712,-0.000844456315780562,-0.000802116207115233,-0.000779356000771614,-0.000596876755200704,-0.00416524302494459,0.376160694236896,-0.00132416572675087,-0.00240503344602372,-0.00402876535166552,-0.00246965618840811,5.33940448841363e-05,-0.00425420315534142,-0.00113513441321889,-0.000729283066129405,-0.00660874372021336,0,-0.0031736045554176,-4.73221574566196e-05,-0.00133360402245675,-0.000930318022041909,-0.000185085963630094,0,-0.0015891181574843,-0.00175484485685029,-0.00032766462653111,-0.000500955834710659,0,-0.00016240964573333,-0.00118897968390197,-0.00106704334081353,-0.00774213783267896,-0.00411541873199806,-0.00238602519949183,-0.0082542804750223,-0.000176148857873315,-0.00626398555198282,-0.00286269880878454,-0.0010837511222368
"3:69378312:A:G",-0.000684663525507556,-0.00136910485901076,-0.00130435629508519,-0.000811056818920797,-0.00203517348951365,-0.000383705995053774,0.000307952118969723,-0.00385209041588119,-0.00127921073232162,-0.00264069599849215,-0.000432281176703242,8.10888382902775e-05,-0.0029060063211519,-0.00150187061037244,-0.0019313420561291,-0.00475606604657663,0.000116298750712396,-0.000469961403599228,-0.000537259575298599,-0.00130435629508519,-0.000234775411697363,-0.0024179951087957,-0.00439537213496433,-0.00118570592500156,-0.00251181801474409,-0.0007050429801847,-0.00296207178766927,-3.13813250150119e-05,6.22946749961883e-05,-0.00606288952473033,-0.00243723795807949,0,-0.00332413592379854,-0.00115352173433614,-0.00667947017719328,-0.00308352021044467,-0.000782050338486329,-4.28964831105105e-05,0,-0.00102472560626232,-0.00201885512989719,-4.54128260498621e-05,0.000126013535622249,-0.000303224201955388,0.000383702404794573,-0.00038042972585739,-0.00473406146562017,-0.00343618915556654,-0.000102850123480103,-0.00120048958982988,-0.00151761434168396,-0.00344801198218558,0.000151282519745166,-5.55360912386504e-05,-4.28964831105105e-05,-0.00072112108132405,-0.00522006693197152,-0.00140377748134668,-0.00288624000618709,-0.000754692588688322,0.00048728552263988,-0.000588287553449973,-0.000769029395091714,0.000173739067118817,5.83822073041418e-05,-0.000164200570279327,-0.0012580419021484,0.000427081155907061,-0.000223527409680457,-0.000158529262476392,-0.00283696296987923,-0.00469771253446449,3.60987582048722e-06,-0.000467645100179936,-0.00127921073232162,-4.62855605509738e-05,-0.00166976864666069,0.000469699178143657,-0.000226004156744786,-0.00243475811298666,-0.00134491138407622,-0.00470377728790616,-0.00230199391941355,-0.00439537213496433,5.83822073041418e-05,-0.00126310678318831,-0.000824168138499726,-9.91549919913126e-05,0.000178731932427567,0.00012050778303152,-0.0040730187593212,-5.55360912386504e-05,-0.00166872715138844,-0.00136528095287058,-0.00151363551986972,-0.000279590866441914,5.83822073041418e-05,0.000766324861189549,0.000370316317433783,-0.000687938782903963,0.000124762153686397,0.000133681645383632,-0.00108657519417221,-0.0019685421796849,-0.000343710206855974,-0.00444461549960096,0.000229097010672419,-0.000277363319535873,-0.00132416572675087,0.191871179341755,0.000459040391505461,-0.00108936075097255,-0.00162862004495956,-0.00546541682907797,-0.000103357294696238,-0.00531328134635967,-0.00202974778792697,-0.00239321815091564,0,-0.000846330892120939,-0.00114104768900347,-0.00010597192974604,-0.000152728076586506,0.000427081155907061,0,0.000349681491333076,-4.88243334526572e-05,-0.00524964920923754,-0.00897858127733642,0,-0.000475088083098818,-0.00218320546849204,-0.000102200410992737,-0.00166976864666069,-0.000343710206855974,0.000172067625934691,-0.00332545939236262,-0.00180592501057486,-0.00637922465200447,-0.000941739298108146,-4.87789305916309e-05
"3:69385650:G:A",-0.00275028607661731,-0.00225119256951789,-0.000385544061742848,-0.0058020600448998,-0.00740094010843162,-0.0115147382413947,-0.00891692447417824,-0.00331599181338893,-0.00261956815060138,-0.00242429557688384,-0.00606225461205501,-0.00429229734056769,-0.00925742654355588,-0.00129739521665506,-0.0068218394818329,-0.00250502161800981,-1.7328788040949e-05,-0.00888240056263845,-0.00493980225842527,-0.000385544061742848,-0.00372300683053339,-0.0101659354452597,-0.00297431651960167,-0.00235806248771731,-0.0043300294782922,-0.00768209685046273,-0.00289248013650134,-0.00483752577748708,-0.00164645371510375,-0.00235627632709345,-0.0035627753352343,0,-0.00804547462064908,-0.00142725382932429,-0.00270853843671404,-0.00209702841607839,-0.0065483901179304,-0.00938908078993972,0,-0.00173470098074358,-0.005483099384747,-0.00362417257076686,-0.00743910461005903,-0.0156998032582951,-0.00396399895947219,-0.0109905600638829,-0.0013137954738367,-0.000616094155228009,-0.00357402585643563,-0.00222300918739959,-0.00668921825855406,-0.0139175339114668,-0.00719961974047223,6.11309210984956e-06,-0.00938908078993972,-0.000240381261249922,-0.00184061293011428,-0.000552321099459796,-0.00919244247606787,-0.000921622338415418,0.000156557075689179,-0.00422784105711438,-2.44309266084208e-05,0.000315924512221955,-0.000193250085501084,-0.00384847914929409,-0.00172891024945088,-0.00326932267619728,-0.00332693139806572,-0.0117687589181115,-0.000936270412564166,-0.00212836702641006,-9.32956372601268e-07,-0.00880102039387154,-0.00223891154688438,-0.00569749809758946,1.77074233231878e-06,-0.00344665050155646,-0.00345951425890689,-0.000785857886570263,-0.00261468628502692,-0.00232505709471109,-0.00361140980810326,-0.000894544518982521,-1.51825863419219e-05,-0.00162739943556378,-0.0062215412434159,-0.00347086678211905,-0.010188482768005,-0.00208948138406218,-0.00161625364299489,6.11309210984956e-06,-0.000805592416071921,-0.000340700941818373,-0.0152254121569602,-0.000532416465837127,-1.51825863419219e-05,-0.00814615050265743,-0.00146019990041957,-0.000729385213356526,-0.00165340023333549,-0.00128549392806887,-0.00183724392290951,-0.00723132727893017,-5.54108845776113e-05,-0.00241783425431485,-0.00256228792885649,-0.00296176552057137,-0.00240503344602372,0.000459040391505461,0.485627922100314,-0.00148197184584031,-0.00282126502882196,0.000756928921081368,-0.00510491126596158,0.000153652130229442,-0.00120380069511761,-0.00187722880935759,0,-0.00058161022863068,-0.000246130001959166,-0.000257103002173409,-0.00123696620090108,-0.00125118851512163,0,-0.00907938116591689,-6.87004574562167e-05,-0.00152912824104723,-0.000773310933718019,0,-0.00827631609166435,-0.00299717552221246,-0.00703629162548491,1.77074233231878e-06,-0.00035426863419552,-0.00524644361899185,-0.0067745137444164,-0.000856169030271303,-0.00679019839033268,-0.00444113119450851,-0.00178512386266805
"3:69386080:G:T",0.000403687628395932,-0.000520148647498608,3.59307615465099e-05,0.000471799027738307,-0.000130134900337531,-0.000147433003814257,0.000147003931588507,-0.00153617754827895,4.84984129967003e-05,8.69195717303484e-05,-0.00038120398620034,-0.000229289922359044,-0.000939764632117424,-0.000719069516664561,-0.00017375038229428,-0.000217992780993548,-0.000222339022804441,3.95826389611997e-05,-0.00121871622116476,3.59307615465099e-05,-0.000595069903168266,-0.00721642509629472,-0.0024755903161866,-0.0031629992280422,-0.000164824424728316,-0.000811590010720842,0.000934904641599843,-0.00259130481313541,-0.000123772196391592,-0.0011663292256392,6.73548874354779e-05,0,0.000380553052231392,-0.00121898910785045,-0.000365853001367711,-0.00347979323361347,-0.000544892267648756,0.000670321608909674,0,-0.00282747123843219,-0.000412513578181617,-0.00152381746044394,-0.000307118672865148,-0.00476081904808368,-0.0123252144800481,-0.000254710042841388,-0.00012377219639248,9.22914904508687e-05,0.000159885562646345,-0.00118003848693871,0.000406371281571616,-0.00605706061359346,-0.000340751614711365,9.71911168416995e-05,0.000670321608909674,-0.000154803896485589,-0.000832787584665873,-0.000946117482722997,-0.000318789600301184,-0.000316344013049807,8.52486573199585e-05,-0.000299999011718732,-0.000191513645853902,-0.000335739308511052,-0.000110433634270102,0.000269775004392514,-0.00080422768961963,-0.000812918973412735,0.000367959087214764,-0.00174407663866738,-0.00108186751403849,-0.00225190090980654,-1.25566716446812e-05,0.000727701536253456,4.84984129967003e-05,-0.000195845627998459,-3.81518912337953e-05,0.0029375812065453,0.000378190178955684,-0.000265306792297082,-0.00108186751403849,-0.000935336533815168,-0.000734060310697338,-0.0024755903161866,-0.000110433634270102,-0.00113456640236542,-0.000582068882199138,-0.0014646626817596,0.00184250709824152,-0.000236478564874965,-0.00272831378619198,9.71911168416995e-05,-0.00140001905200915,-0.00116122012434516,0.000443466715351004,0.000446458367681757,-0.000110433634270102,-0.000592139863365038,-0.000762174908207847,-0.002521471412118,-0.000250799980734406,-0.00172663045950028,0.000224951458519307,-0.000294891149771104,0.000554943456480217,-7.77964352964844e-05,-0.00191821857868923,-0.00176730170040784,-0.00402876535166552,-0.00108936075097255,-0.00148197184584031,0.132469585444144,-0.000236478564874965,-0.00299956718447891,-0.00571917988246184,-0.00112938802219897,-0.000823216219891343,-0.00450055661506177,0,-0.00190693826220389,0.00013619429015499,0.000171505187300802,-0.00139899363945784,-0.000692242224705986,0,0.000308516883227306,7.31543386498501e-05,-0.00310016717620432,-0.00112433345002572,0,-0.00412263604222751,-0.00732826831694933,0.00561395782405594,-3.81518912337953e-05,0.000554943456480217,-0.00440176483338028,-0.00498947216055967,6.13023818774039e-05,-0.000975218832171887,0.000336469128085604,-0.00556538031604514
"3:69387352:G:A",-0.00116162031579137,0.000100936710620836,8.89737239795352e-06,-0.000178677502747249,-0.000725938491240363,-1.79614442004095e-05,8.64369566215828e-05,4.24531527150052e-05,1.04089365695614e-05,1.9851576788632e-05,-6.00539304391745e-05,-0.000183060784561206,0.000617422778040222,-3.72100475827253e-05,-0.000698745216546115,0.000397520532823492,-3.60093574531817e-05,8.64369566215828e-05,0.000145365439935041,8.89737239795352e-06,-0.000590097201879303,-0.000158784362676023,6.04522241385297e-05,2.42431183865577e-05,-2.46281179734353e-05,-0.000103744954083496,0.000160086607982279,5.81894965989704e-06,-1.95546078778364e-05,-0.00638227475208453,3.31012071974612e-05,0,-0.000965958544677292,5.42482353678153e-05,5.92299333979085e-05,-2.21586866810952e-06,7.71462687083613e-05,0.000113214453833166,0,4.24531527150052e-05,-6.39925698520116e-05,1.19025076772417e-05,-0.00109565070054884,-0.000394758756686819,-0.000545291183506436,-2.56810955425735e-05,-1.95546078778364e-05,0.000138064020957174,2.84777748458254e-05,3.70462974590424e-05,0.000225899971113108,-0.00289186995992452,-5.07710427504193e-05,1.62784162611729e-05,0.000113214453833166,8.8671879978186e-05,-0.000725010451505526,-0.00238782158369943,-0.0010025263266451,7.49119668119747e-05,1.48369395658321e-05,-8.46692587685993e-06,-2.32965514594952e-05,-5.43214606523179e-05,-1.7903192986779e-05,4.63402151753556e-05,-0.000203383649875377,-0.000141952766317566,6.28309228893897e-05,4.37643684652045e-05,2.66452802843986e-06,7.71462687083613e-05,-1.53685808168547e-06,0.000125634272320596,1.04089365695614e-05,-0.00118557481321702,-4.6654358438758e-06,-0.00016046860429153,6.3999261046277e-05,-4.13785014012902e-05,2.66452802843986e-06,-5.68739232598148e-07,-0.000127652848867399,6.04522241385297e-05,-1.7903192986779e-05,1.9851576788632e-05,-0.00135900129149391,-0.000126959140086313,-0.000131561828369264,-3.77777961624304e-05,4.37643684652045e-05,1.62784162611729e-05,-0.000218194012746586,-1.0772295693684e-05,-0.00154487305758444,7.71462687083613e-05,-1.7903192986779e-05,-0.00318625894394486,-0.000122117187721926,8.75984089470094e-05,-3.95673837489952e-05,-0.000139615560607709,4.11260322605855e-05,-4.50668979885549e-05,9.48438719969857e-05,-0.000945676732118983,-0.00022786799005825,7.60358572629016e-05,-0.00246965618840811,-0.00162862004495956,-0.00282126502882196,-0.000236478564874965,0.0497293987861411,0.000194960726676463,0.000505034788198522,-0.00138196910987887,-0.000132083161419771,-0.00132604696605831,0,6.04522241385297e-05,2.56716824020842e-05,2.98559069520365e-05,4.11260322605855e-05,-0.000141952766317566,0,-0.00116633316601078,1.33784048106378e-05,0.000238996264504188,-0.00117843207578527,0,-0.00085903303691115,-0.000903316126906084,-0.000302694927220237,-4.6654358438758e-06,9.48438719969857e-05,-0.000772844213548396,-0.00196785056170512,-0.000945299229498708,-0.00597262383940578,5.92413570075223e-05,5.34785384278536e-05
"3:69388129:A:C",-0.00120660766045688,-0.00408521823747421,-0.000197195194203026,-0.000826742753897491,8.11455863818367e-05,-0.00331076585929768,-0.00226282304208159,-0.00127668947122395,-0.00631940484740223,-0.00200428164042954,-0.000161676489415896,-0.00706887685075852,-0.0059938754129254,-6.61828926507013e-06,7.35733630881086e-05,0.000549923738441649,-9.69312077518936e-05,-0.00185273025384092,-0.00629277883668777,-0.000197195194203026,-0.00502367143260418,1.19505528690667e-05,-0.000818299645453102,-0.000137060240179565,-0.000535701414677625,-0.00656718235211784,-0.00047272816827082,-0.00201458729076354,-0.00165346019839951,-0.00639096809724293,-0.00113025689876345,0,-0.0100233263379619,-0.000860775464087027,0.000292240297624424,-0.000626636621190002,-0.00832878753086863,-0.00387285155990647,0,-9.44926883352792e-05,-0.00242255436977867,-0.00156494108731753,-0.00545439324378494,-0.00716409506191162,-0.00408927897264144,-0.000785609837050671,-0.00165346019839951,-0.000416271220544218,-0.00472582241278818,-0.000603459380505988,-0.00378026802097775,-0.00230006061966348,-0.00334568095145826,0.000153689882607999,-0.00387285155990647,-0.00269918529852298,-0.00292071180867115,-0.00765608046042932,-0.00529541034739633,-0.00383818782160539,-9.00239378864853e-05,-0.00360212991502618,-0.000627555100823685,0.000279993923676614,-0.000201376562832145,0.000150978588322026,-0.00648444678725024,3.96385446848058e-05,-0.000393640360666581,-0.00512300352617956,-0.000618318398398543,-0.00106661072216241,4.72578239740784e-06,-0.000344129307699781,-0.000173222839706,-0.00713529440847394,1.43358472941557e-05,-0.00116172499898326,-0.000237638118968597,-0.00150540129700616,-0.000137200050030373,-0.00092479896044928,-0.00978266584728082,-0.000818299645453102,9.59364781243366e-05,-0.000290586217993827,-0.00338513874443702,0.000309257499193194,-0.0031694730897005,-0.00585529668053031,-0.00369077079606317,0.000153689882607999,0.000352157231852779,-0.000505088210262628,-0.00674730694635173,-0.00399526551488805,9.59364781243366e-05,-0.00277013127118853,0.000288456510859625,-0.000908769138837862,0.00020069568985015,-0.000441238032443891,-0.000274157452512469,-0.00218641592494428,-0.0057617274219055,-1.69691863671773e-06,0.000648014608600533,-0.0132710349814591,5.33940448841363e-05,-0.00546541682907797,0.000756928921081368,-0.00299956718447891,0.000194960726676463,0.290200591156077,-0.000471460877674801,-0.00230286228355503,-0.0042884462536481,-0.00079702312226626,0,-0.000896339777843203,-0.000435143031056739,-0.000726663762476321,-0.0107683707528716,0.000355671263172042,0,-0.00116861215414854,-0.000309546017285278,0.000988508002135013,-0.00165960040176305,0,-0.00133367916742211,-0.00217810009253672,-0.00132020343901118,1.43358472941557e-05,-0.00164369901051042,-3.89413930035332e-05,-0.0042736141825257,-0.000994413187566323,-0.00279001268649237,0.000213553091669816,0.000268530050546723
"3:69394062:G:A",-0.0026069492658567,-0.000635632480674442,-0.000613572166075826,-0.00362314948671205,-0.00840812505674204,-0.00688210245485577,-0.0048230671827203,-0.001764800706896,-0.000160506751195832,-0.00990593149837782,-0.0121712975342509,-0.000714274108729818,-0.00197904969213569,-0.00279815896877711,-0.0078603047760426,-0.000269064280020714,-9.21214876701271e-05,-0.00490877568029946,-0.00116979639424208,-0.000613572166075826,-0.00354069122331735,-0.0064122927899759,-0.00074917119565665,-9.83815674575617e-05,-0.000702148746758446,-0.00177361560276568,-0.00337651509126102,-0.00304324650016241,-0.0013537641322392,-0.00389380755993862,-0.00203777240570346,0,-0.00225257775830734,-0.000558215700353859,-0.000909965924845935,-0.0019483445854509,-0.000716508375725233,-0.000945440980636647,0,-0.000453550922815182,-0.00171771180961899,-0.00124745040249685,-0.00802900690648922,-0.000862595874610683,-0.00205467753979161,-0.00152007337710147,-0.0013537641322392,-0.00354589567210706,-0.00913652572485635,-0.00101058031643708,-0.00216739521360054,-0.00945271797434932,-0.00547559220685079,-0.000156025852976249,-0.000945440980636647,-0.000610854540353589,-0.000935812765408883,-0.0041529535180107,-0.00436882834955421,-0.0109710893863699,0.000508367711334223,-0.0128402118619979,-0.00113601608761282,-0.000334103754143555,-0.000238724384168165,-0.00567823434886527,-0.0073182455924683,-0.00175382625417653,4.72923041279216e-05,0.000114012720997536,-0.00163791758840537,-0.000712441618908599,-0.00402045017323083,-0.00138705377445092,-0.00204594641133138,-0.00698632761888884,-0.00446073186813667,3.0600794898028e-05,-0.00118671334449605,-0.00235532772213443,-0.00403929699798322,-0.00424857730311068,-0.00628024105306269,-0.000541744050666537,0.000138094019541235,-0.00228900435941792,-0.00924702543258027,-0.00162982439857551,-0.000612833093807996,-0.0010766505922275,-0.000502413384611877,-0.000156025852976249,-0.00129718964704351,-0.00108177719963054,-0.0113794718130436,-0.00597483466801751,0.000138094019541235,-0.00420386110512894,-9.19556154510559e-06,-0.00288193693694616,-0.00277001742818062,-6.09988237072479e-05,-0.00188778632160247,-0.00341122080249967,-0.00467643876634138,-9.83396038165552e-05,-0.00107545572816781,-0.00818332426085533,-0.00425420315534142,-0.000103357294696238,-0.00510491126596158,-0.00571917988246184,0.000505034788198522,-0.000471460877674801,0.397532724225031,7.78959209832841e-05,-0.0034427145457272,-0.00256747702553151,0,-0.00507099490087448,-2.61777331544977e-05,-0.00463007561018891,-0.00429479843700387,-6.90731902195374e-05,0,-0.00419508582605399,-0.00354165836153975,-0.0023091869956402,-0.000286669998891487,0,-0.00221866410013583,-0.00574019644194523,-0.0015476958071563,-0.00446073186813667,-0.00080273759895455,-0.00581124833213753,-0.00883572405857347,-0.00181930551348675,-0.00888032411368256,-0.001454183454074,-0.00124526678086401
"3:69399082:A:C",-0.00265000524633363,-0.00139146453712868,-0.00148295178004609,-0.00118732858070381,-0.00340110020574347,-0.00280253937983943,0.000146169040632138,-0.00347640042628594,-2.12546851319217e-05,-0.00142050911655733,-0.000420016410107138,-7.53073794754755e-05,-0.00194928472652212,-0.000378946891033571,-0.00327778098870279,-0.00390796932686932,6.16839119160772e-05,-0.000631744481936813,-0.000302780529929159,-0.00148295178004609,-0.00253599279008387,-0.00309986310886412,-0.0039923805040889,-0.00133908047611264,-0.00150799732790663,-0.0012159271542389,-0.00276339590907426,-1.45969450464634e-05,3.35517021756715e-05,-0.00544070744596858,0.000128803801664468,0,-0.0044776497818324,-0.00125621609413873,-0.00574796752454443,-0.00276914882918167,-0.000853238262371825,-0.000483573151184302,0,-0.00115017872244927,-0.00157930848377585,-2.34292549183834e-05,-0.00115331838691723,-0.000874392394983659,-0.000875699934045127,-0.000174714105422247,3.35517021765597e-05,-0.00277107140679167,-0.00113176396798487,-0.00133058270642383,-0.000134338478638973,-0.00104427502383331,8.20576254527694e-05,-2.98234392639429e-05,-0.000483573151184302,-0.000470668722051037,-0.00589638363110456,-3.53577248937142e-05,-0.00349350107312896,-0.00052984759993624,-2.77133190191847e-05,-0.000902308718560008,-5.73429753556454e-05,9.14266575522404e-05,3.12035622345164e-05,-8.86475624026772e-05,-0.0033245676361302,-0.00123641294839327,-0.000121695738826588,-8.48466094156564e-05,-0.000875045300027466,-0.00426810747495132,2.22324402088248e-06,-0.00026021919536845,-0.00145634757371482,-0.000738344328202079,6.73541494666807e-06,-0.0017986378125574,-0.000123419225241506,-0.00269243880965497,-0.00152953397754363,-0.00175570349512988,-0.00491800647404617,-0.0039923805040889,3.12035622345164e-05,-0.00142050911655733,-0.00194437057965891,-0.000183233169154029,6.88619821520575e-06,6.41475881399955e-05,-0.00369655606858288,-2.98234392639429e-05,-0.00443183471745101,-0.000771001690946349,-0.00333398480851299,-0.000152596327736454,3.12035622345164e-05,8.56047608381871e-05,-0.00135277793711452,-0.00043794824876997,6.66343715307605e-05,3.56828438192736e-05,-8.09644374504259e-05,7.42364195671641e-05,-0.000189499055243125,-0.00014016197963862,7.18506838026656e-07,-0.000150979788466898,-0.00113513441321889,-0.00531328134635967,0.000153652130229442,-0.00112938802219897,-0.00138196910987887,-0.00230286228355503,7.78959209832841e-05,0.171180705415774,-0.00158612859932994,-0.00135023942713453,0,-0.000944132244642404,-0.0012931142338255,-5.66152052368096e-05,-8.09644374504259e-05,-0.00123641294839327,0,-7.58179871640507e-05,-2.55820275940621e-05,-0.00202827948599804,-0.000781792715390139,0,-4.92267956837544e-05,-0.000143282865596728,-0.00295062894489195,6.73541494666807e-06,-0.000189499055243125,-0.00216212507632463,-0.00261656601605953,-0.00132178121812654,-0.00178299071283305,-0.00104049395728634,5.38567992478534e-05
"3:69399246:A:G",-0.0101298665124245,-0.000400974445664559,2.57631423314919e-05,-0.000627539909352492,-0.0037084735579711,-7.24178022473154e-05,-0.000164655784064216,0.000141127245244732,3.19239104458191e-05,5.93715245216231e-05,-0.0106519834456291,-0.00989403520073484,-0.000707230297654959,-0.000139324226108073,-0.00338767069822055,0.000756897937988832,-0.000125085218884102,-0.000212684289975229,0.00050040264054374,2.57631423314919e-05,-0.000803285153025968,-0.0100355291469354,0.000204141882239384,-0.000678991972612231,-8.9092938058144e-05,-0.000404913285008135,0.000548934397562206,1.32161018040478e-05,-6.8836689457008e-05,-0.000918786874214206,-0.000237370259857705,0,-0.00727518606882782,-0.000674316698070498,0.000557043528861101,-1.9533161223606e-05,0.000261800155197278,0.00038952901562439,0,0.000141127245244732,-0.000226489448299283,3.80113010463035e-05,-0.0017931721140183,-0.000899192889181499,-0.00207418129479997,-0.00538121370919065,-6.8836689457008e-05,0.000465193437613642,-0.0012370167267548,-0.000592436351817049,-0.000871199625781749,-0.00399574126574542,-0.000183495085711805,5.58460871609157e-05,0.00038952901562439,0.000296760811451691,-0.000194172461661424,4.05698228158613e-05,-0.00131573220221259,0.00025214466653356,4.99711317845097e-05,-0.000304748824694556,-9.39279562679474e-05,0.004972447032495,-6.22431838852577e-05,0.000157380098416482,-0.000760595507834694,-0.000495403192475763,-0.00259244285784366,0.000146609932360597,3.59104160629897e-07,0.000261800155197278,-6.19644571564493e-06,0.000427968142929558,-0.000693482384827249,-0.00255693049660621,-1.88104825822322e-05,-0.000566076763520051,0.000219201577976058,-0.000146331204093464,-0.00040773072859146,-0.000248207823822177,-0.000500341856978892,0.000204141882239384,-6.22431838852577e-05,-0.000503807604938622,-0.0026556315422015,-0.000445755468271081,-0.000667483606856756,-0.0012606873671599,0.000146609932360597,5.58460871609157e-05,0.00199777923082234,-5.44101119643869e-05,-0.00152919880385838,-0.00157155924362229,-6.22431838852577e-05,-0.00183678661363817,-0.000427156092470682,0.000292024681805891,-0.000139164654733293,-0.000494363409604404,0.000135577906631212,-0.000160925675046997,-0.00223255096086827,-0.000331400095736178,-0.000798117158157474,0.000257001650603605,-0.000729283066129405,-0.00202974778792697,-0.00120380069511761,-0.000823216219891343,-0.000132083161419771,-0.0042884462536481,-0.0034427145457272,-0.00158612859932994,0.126256016237571,0.000329385421142803,0,0.000204141882239384,8.33815465419718e-05,0.000100641950085745,0.000135577906631212,-0.000495403192475763,0,-0.000301843200173124,4.40266173233894e-05,-0.00415512006203578,-0.00121187527809319,0,-0.0015554678089682,-0.00347368740413856,-0.00105543439334532,-1.88104825822322e-05,0.000323985754342004,-0.000724754021566021,-0.00108921508390125,8.46350205740976e-06,-0.000489364723511798,0.000199000520908044,-0.00845042293050113
"3:69399391:C:A",-0.00395239569475558,-0.00119197500841128,-0.00290103139352649,-0.00110524960584701,-0.000600579435428905,3.6730606581159e-05,-0.0036355412288307,-0.000129229042460821,-0.00237799175081221,-0.00605316820361601,0.000155036885649551,-0.000376151154525495,-0.00703715253563786,8.78883263908392e-05,-0.000499443277721667,-0.00146939578134386,9.62868091942681e-05,-0.00327158471365063,-0.00053631863359449,-0.00290103139352649,-0.0021597671353959,-0.000338106994746568,-0.000182448409314695,-0.00292136669536447,6.227953719673e-05,-0.00230260494576573,-0.000922644789512539,-2.48514503073949e-05,5.18746522049085e-05,4.75376029855923e-05,-0.00461997524749158,0,-0.00702323276015049,-0.00264182707512095,-0.00368271320976898,-0.00143581824779115,-0.000234281752786281,-0.000346054378144167,0,-0.00250902590759328,0.00016298788535174,-3.72541814011029e-05,-0.00542952696115861,-0.00223020465463009,-0.00464103216080947,-0.00121316977885311,-0.0049477592777345,-0.00472768619111896,-8.5251055462976e-05,-0.00137865546179849,-0.00211242656689947,-0.00280983351686626,-0.0021979662434628,-4.62111850927371e-05,-0.000346054378144167,-0.00236009910771262,-0.00217980157799236,-0.000394086416849682,-0.00375784686220237,-0.000230103831341033,-4.32573381381474e-05,-0.00283533960762927,-0.00345353919442459,0.000143411936229576,4.84781450538208e-05,-0.000811369931705386,9.63474781565665e-05,-0.000323024853744691,-0.000691322242791337,-0.000131837586469175,-1.84431450778177e-05,-0.000939695540377983,3.16381265008658e-06,-0.00178803646506154,-3.42038476945916e-05,-0.00207675206194935,9.59222916119273e-06,-0.000489708402345634,-0.000189342314337537,-0.00179769009655217,-0.00154283308821768,-1.18907398771739e-05,3.34466559364088e-05,-0.00101332508671081,4.84781450538208e-05,-0.00145111072337745,-0.00196082289650557,0.000312442542726998,-0.000709774202047875,9.9907324962345e-05,-0.00111710438296075,-4.62111850927371e-05,0.000176728652701463,-0.00147104437459245,-0.00286742868114853,-0.000234281752786281,4.84781450538208e-05,-0.00226755601669648,0.000303101656569105,-0.000276303578723436,-0.00164003324752926,0.000169450912566482,-0.00335289072009637,0.000114769744463672,-0.000289126685503405,1.94948823706298e-05,0.000212905203338387,-0.001041296514253,-0.00660874372021336,-0.00239321815091564,-0.00187722880935759,-0.00450055661506177,-0.00132604696605831,-0.00079702312226626,-0.00256747702553151,-0.00135023942713453,0.000329385421142803,0.197954456052795,0,-0.00101332508671081,-0.00321202269941168,-8.80421974818191e-05,-0.00126368061033144,0.00034823748856283,0,7.51210061697982e-05,-4.02718391052659e-05,-0.00146895027126615,-0.00141666160016918,0,-0.00775537561186734,-0.00317322021199695,-7.74180248361844e-05,9.59222916119273e-06,-0.00075315923377417,-0.00114055169185034,-0.00275078689981711,-5.28959654779726e-05,-0.00563486938051216,-0.00110900903008115,-0.00146231401225894
"3:69399895:T:A",0,0,0,0,0,0,0,0,0,0,0,0,0,0,0,0,0,0,0,0,0,0,0,0,0,0,0,0,0,0,0,0,0,0,0,0,0,0,0,0,0,0,0,0,0,0,0,0,0,0,0,0,0,0,0,0,0,0,0,0,0,0,0,0,0,0,0,0,0,0,0,0,0,0,0,0,0,0,0,0,0,0,0,0,0,0,0,0,0,0,0,0,0,0,0,0,0,0,0,0,0,0,0,0,0,0,0,0,0,0,0,0,0,0,0,0,0,0,0,0,0,0,0,0,0,0,0,0,0,0,0,0,0,0,0,0,0,0,0,0,0
"3:69399960:C:T",-0.000370748299993728,-0.00214714540815386,-1.73459986978486e-05,0.000266809299943382,-0.00136038279134532,2.4144527724701e-05,0.000250753564770001,-7.45522085381367e-05,-1.93782380772944e-05,-0.00110376329865769,9.45868640158665e-05,-0.00272791943653417,0.000232331764687288,5.49930634612394e-05,-0.0013810109748098,0.000178664699247655,5.80739983631062e-05,0.000243724784917632,-2.69535113481822e-05,-1.73459986978486e-05,-0.0003292175211973,-0.00258522848108012,-0.00010540326682662,-4.3821231192176e-05,3.81568990626135e-05,-0.00115982204383691,-0.00159514142443484,-1.32136331041366e-05,3.13258785569204e-05,3.12587378621387e-05,-0.001717314534738,0,-0.00247087629362319,-0.000932917622564311,9.20065186944541e-05,-2.46863242203688e-06,-0.000524757906090301,0.000154401734803855,0,-7.45522085381367e-05,9.98313144950913e-05,-2.13883399391435e-05,-0.000250512464751829,6.30685245113227e-05,-0.000227114330498601,2.85779667894559e-05,3.13258785569204e-05,-0.000251344143990195,-0.000814032426220024,-0.00101087603986816,6.59217165130954e-05,-0.00374038542481792,7.78347306589211e-05,-2.72893687878195e-05,0.000154401734803855,-0.000158418066839694,-0.00143231385675779,-3.18869930229226e-05,-0.00413704292595973,-0.000132060472639139,-2.53435580557237e-05,-0.00323367207456293,3.12587378612506e-05,8.69273958103989e-05,2.90971600120926e-05,-0.000436778227934198,-0.00186823050760765,0.000216873077850899,-0.000108536336870024,-0.000744406256997898,-0.00121512960345616,-0.000134950525002786,2.07764557913492e-06,-0.000224417986790293,-0.00114123588736348,-0.00142480759908548,6.30029309345304e-06,-0.00258993020532472,-0.0001100769457274,-0.00264830308798469,-0.00121512960345616,-0.00135155498888295,-0.00168180596082479,-0.00010540326682662,2.90971600120926e-05,-0.00110376329865769,-0.00158237906434699,0.000194102806517549,-0.00243080170839249,6.04522241385297e-05,-7.62964950533629e-05,-2.72893687878195e-05,0.000321977882053126,-0.000397482113693393,-0.00429287825938474,-0.00503490877713553,2.90971600120926e-05,-4.59690218637121e-05,0.00018782848636878,-0.000157066494879565,6.28558606665663e-05,-0.0017288662144308,-7.27882895139587e-05,7.0223350518539e-05,-0.00578884832422943,1.28081828121296e-05,0.000333806866597897,-0.000133513713809208,-0.0031736045554176,-0.000846330892120939,-0.00058161022863068,-0.00190693826220389,6.04522241385297e-05,-0.000896339777843203,-0.00507099490087448,-0.000944132244642404,0.000204141882239384,-0.00101332508671081,0,0.104242248604257,-4.57329874361534e-05,-0.00504134464277239,-7.27882895139587e-05,0.000216873077850899,0,-0.000600219737197705,-0.00444435571217472,-0.00316031066245692,-0.00105734819689385,0,-0.000156714750655595,-0.000998992428221435,0.000430915887650762,6.30029309345304e-06,-0.00016620599180861,0.000301403676017387,5.65450293139591e-05,-0.00122753144577814,-0.000365070646088483,-0.000716439704358862,-0.00081101843757736
"3:69400493:A:T",-0.00552838890465779,-0.00316619323465517,-0.00157300260382165,0.00010759157048934,-0.00188449925410694,1.10862410895862e-05,-0.00155996819528426,-3.1971087394389e-05,-0.0030789201853656,-0.0029267865076319,3.99240642607879e-05,-0.00305561974379653,-0.00394963941345239,2.40787871002013e-05,-0.0019262300282179,7.35534083435851e-05,2.46138519592876e-05,-0.00151812577813981,-0.000116478580067358,-0.00157300260382165,-0.00532198017124941,9.61838146382732e-05,-4.57329874361534e-05,-0.0014119461557236,1.65156242726283e-05,-0.000452922919139453,-0.000130295371739031,-5.12860881229926e-06,1.34273512033545e-05,1.43260739600137e-05,-0.00162434827128877,0,-0.00136834219674942,-4.16798684215181e-05,3.88009087393115e-05,-0.00097344512498676,-5.89905894887721e-05,-8.83274979210924e-05,0,-0.0012026603831341,4.22016757815058e-05,-8.95550171886583e-06,-0.00386161280950592,-0.000187860226048109,-0.00422312884340581,1.41857598947581e-05,1.34273512033545e-05,-0.00109554468320017,-2.11433663155347e-05,-2.84808962618399e-05,-0.00019484501882161,-1.60386066827556e-06,-0.00176804993975388,-1.17277497375667e-05,-8.83274979210924e-05,-6.91814291728932e-05,-0.00188983020358524,-0.0060149176803197,-0.000387431897104662,-5.75164294938091e-05,-1.08127263507285e-05,-0.00260264679182587,-0.00174368073551268,3.65852350245888e-05,1.24173278743811e-05,-0.00477849098653671,-0.000982111759390669,8.84961523661687e-05,-4.72953703747336e-05,-3.28211634164077e-05,-3.15671688078112e-06,-5.89905894887721e-05,9.59432490788004e-07,-9.98332509949407e-05,-8.01303759523364e-06,-0.00413688181363625,2.90625456322857e-06,9.78707301744208e-05,-0.00100402441110692,2.7817163615218e-05,-3.15671688078112e-06,-1.14430818154432e-06,-1.4196364658936e-05,-4.57329874361534e-05,1.24173278743811e-05,-1.56417960095467e-05,-0.00462031268926077,7.98648209343611e-05,8.03527387791547e-05,2.56716824020842e-05,-3.28211634164077e-05,-1.17277497375667e-05,0.000127456524568359,-0.00157349628772607,-0.00668189334946589,-0.000864383064118179,1.24173278743811e-05,7.10280003097807e-05,7.73075506108611e-05,-6.84748639505628e-05,2.6739408958143e-05,8.64559772413287e-05,-3.11121604594788e-05,3.00032959028584e-05,-0.000637942902256938,5.89837369968649e-06,-0.0026393478813489,-5.82574578080752e-05,-4.73221574566196e-05,-0.00114104768900347,-0.000246130001959166,0.00013619429015499,2.56716824020842e-05,-0.000435143031056739,-2.61777331544977e-05,-0.0012931142338255,8.33815465419718e-05,-0.00321202269941168,0,-4.57329874361534e-05,0.122903615843997,-0.0010393441788672,-3.11121604594788e-05,8.84961523661687e-05,0,-0.000273706915048244,-0.00142043232323896,-0.0029250385889048,-0.00144310333313413,0,3.64001074206755e-05,-0.00353017377781395,-0.00149224881201526,2.90625456322857e-06,-7.32611015283879e-05,-0.000392847141789332,-0.00402519486860076,-1.1842852379651e-05,-0.00431984511074202,0.000226885230870444,-0.000178105823325225
"3:69405915:C:A",-0.000404686608557192,-8.87534014051283e-05,-8.12016132645255e-06,0.000132123683959762,-0.00153960002734266,-0.00348262305373748,-0.00392176102062081,-3.61465709701747e-05,-9.19467847904087e-06,-1.78882452344098e-05,4.68058097844448e-05,-0.00153852182019065,0.000116338148873574,-0.00154942986575435,-0.00157745163550604,8.81549855398234e-05,2.86177059987125e-05,-0.00396978952653271,-0.000126838535552842,-8.12016132645255e-06,-0.00361179451020099,-0.000443929116559438,-5.13429855102387e-05,-0.00108644329580621,-0.00338322291038473,7.29860923627257e-05,-0.00594808589370466,-5.93570354823214e-06,1.5504685250356e-05,-0.00130987496764146,-0.00376559690906397,0,-0.00781571254988123,-4.6922759080914e-05,4.54682296977538e-05,-2.58622961268884e-07,-6.58171215510706e-05,-9.72771846381448e-05,0,-0.000878904671544056,-0.00298288597651997,-1.02576407519095e-05,-0.00729033366727627,-0.00442419289380869,-0.00365998378071186,-0.00301682271874704,1.5504685250356e-05,-0.00077857872910414,-2.40307567445086e-05,-3.22938013397334e-05,-0.000206296596251043,-0.00604182334355663,-0.000477490351872056,-1.33790257148547e-05,-9.72771846381448e-05,-7.6864745901517e-05,3.73825771555758e-05,-1.46594991008442e-05,-0.00161014933685344,-6.42290649439659e-05,-1.23496354866859e-05,-0.00365499180705076,-0.0014130658011533,4.2834793198665e-05,1.43389289801732e-05,-3.89262148576819e-05,-0.00147779141480164,0.000107159504189269,-5.30432693999217e-05,-3.70833018958905e-05,-3.70270795357897e-06,-6.58171215510706e-05,1.09253053892644e-06,-0.000109451904484636,-9.19467847904087e-06,-0.00162762091722612,-0.001647987172678,0.000119248686881512,-2.38092732249839e-05,3.23716817813846e-05,-3.70270795357897e-06,-1.41954562593583e-06,-0.00143672494772407,-5.13429855102387e-05,1.43389289801732e-05,-1.78882452344098e-05,-0.00176543420073383,-0.00245878155635637,9.64276502122274e-05,2.98559069520365e-05,-3.70833018958905e-05,-1.33790257148547e-05,-0.0023318963721799,-0.000511569825967229,-0.00467810927741041,-0.00191606726092353,-0.00161483678606,-0.00360869345577619,9.28583034465191e-05,-7.61104369200183e-05,-0.00309309794991997,-0.0019212792351988,-3.51994313838588e-05,3.49413505285057e-05,-0.00142981454624191,6.73282541807652e-06,-0.00227579283809654,-6.50275517903864e-05,-0.00133360402245675,-0.00010597192974604,-0.000257103002173409,0.000171505187300802,2.98559069520365e-05,-0.000726663762476321,-0.00463007561018891,-5.66152052368096e-05,0.000100641950085745,-8.80421974818191e-05,0,-0.00504134464277239,-0.0010393441788672,0.155878872959287,-3.51994313838588e-05,0.000107159504189269,0,-0.00338744935044932,-0.00108607926728954,-0.000610677503692258,-2.40412413869961e-05,0,-0.00566566857556694,-0.00472458708178447,-0.00234487092291591,3.31255421670562e-06,-8.1213304108374e-05,-0.00144851546736469,-0.000273743749044542,-0.00129785418085326,-0.00130295184098994,-0.000750892473754483,-0.00404024648171664
"3:69407240:G:T",-0.00302880142357242,-0.00128187514042555,-0.00146794193837962,0.000175812059520553,-0.00227548503639863,-0.000426417103259524,-0.000113909134709544,-5.11261164799492e-05,-0.00144056992410668,-2.54561393457919e-05,-0.00180045745197965,0.000175887772416061,2.94676493579615e-05,-0.00175825767224502,-0.00220284123379422,-0.00478238132102593,3.9466021089396e-05,-0.000113909134709544,-0.000182970878479516,-0.00146794193837962,-7.98933283201464e-05,-0.000659032169969542,-7.27882895139587e-05,-0.0013135335467771,2.62470647260926e-05,9.78983966488656e-05,-0.000204499463644758,-0.00292831475672806,2.14321368217085e-05,-0.00152283121320806,-4.62648588968051e-05,0,-0.000424679315313092,-0.00121187464537531,-0.00375588543782968,-8.65025372220884e-07,-9.36261052180143e-05,-0.000139262412827357,0,-0.00111204124675446,6.77075512598435e-05,-1.44609981518329e-05,-0.00281389092961248,-0.000795677652332571,-0.000803689643271266,-0.00273158913779969,2.14321368208203e-05,-0.000537692202011719,-3.38512875357466e-05,-0.001552328905988,-0.000303886577800228,-0.00251252515842904,-0.00182369182763331,-1.87163716427463e-05,-0.000139262412827357,-0.000109916849197589,5.07959092592714e-05,-0.00281694327116977,-0.0031066206150161,-0.000972123910813139,-1.73124295548277e-05,1.58280802686761e-06,-0.000105434800620863,5.88157297185532e-05,1.98590555458011e-05,-5.49419505544435e-05,-0.00499532993316087,0.000143942785135742,0.000294518125051546,-5.24116472035985e-05,-5.54185618195646e-06,-9.36261052180143e-05,1.48295216018113e-06,-0.000157471822391564,-1.30130628201997e-05,-0.00232274812467104,4.4941950987365e-06,-0.00204140578087575,-7.62798598179515e-05,4.44957436052107e-05,-0.00248347954468109,-0.0036193819678525,-0.00525472224708778,-7.27882895139587e-05,1.98590555458011e-05,-0.00196819178907681,-0.00226191631630401,0.000129483786344586,5.01039123701474e-06,4.11260322605855e-05,-5.24116472035985e-05,-1.87163716427463e-05,0.000209790765237194,7.27618992790724e-06,-0.00185117362843013,-9.36261052180143e-05,1.98590555458011e-05,-0.000803729565976852,0.000125325343334204,-0.000405075499682717,4.28025264112009e-05,-0.0021057033291596,-0.00117572806022626,4.79333299514551e-05,-0.000115902380217747,9.12786068951732e-06,0.000217158411367713,-0.00264456222552933,-0.000930318022041909,-0.000152728076586506,-0.00123696620090108,-0.00139899363945784,4.11260322605855e-05,-0.0107683707528716,-0.00429479843700387,-8.09644374504259e-05,0.000135577906631212,-0.00126368061033144,0,-7.27882895139587e-05,-3.11121604594788e-05,-3.51994313838588e-05,0.140667223124664,0.000143942785135742,0,-0.000423837491160484,-1.58940453225398e-05,-0.0111967749049624,-0.00134634532215738,0,-0.00534785220235801,-4.33348334940575e-05,-0.00363351344294571,4.4941950987365e-06,-0.000115902380217747,-0.00114680041268223,-0.00157662833477001,-0.00152231699625993,-0.00139630642416133,-7.15990987636417e-05,-0.00310420144150214
"3:69408716:T:C",-0.00220081774004655,0.000353229692573898,-0.00123530123181137,0.00218548364659288,-0.00150320497276546,-7.87722000143987e-05,-0.00343777655570587,-0.00161522893568655,3.37114179780329e-05,-0.00115330768984201,-0.000227384797016228,-0.000293123147281804,-0.00129131648417413,-0.000892898206243053,-0.00155086199762877,-0.000432618888685177,-0.000134315348737424,-0.00358442024752215,0.000528549834058367,-0.00123530123181137,-0.00215697224118028,-0.00100932990413316,-0.00282040485391288,8.21182879739979e-05,-0.000722120168580531,-0.0101459711974581,0.000578968429820748,-0.00111896139048362,-7.39123564814648e-05,-0.000102249035810686,-0.00332257172219297,0,-0.00513299398252531,0.000188493739796236,-0.000219069930968985,-0.00365737331290017,0.000277863114424903,0.000412573256074467,0,0.000149933366756727,-0.00100423653459014,-0.00355755784823675,-0.00309150912890654,-0.00169570656990903,-0.00466571047144049,-0.00386291814805961,-7.39123564814648e-05,-0.00260532648107059,0.000101015309113883,0.000125509402626456,-0.0054535980791881,-0.00146464711210204,-0.000198174785630556,5.96249632858203e-05,0.000412573256074467,-0.00145604332628846,-0.000888865371956982,-0.000963494607410631,-0.000745816551752654,-0.00283173934187531,5.32652378515408e-05,-0.000963523799384802,-0.00202382639930754,-0.000202748138315556,-6.67369121263306e-05,0.000167463306707916,-0.00291728952594195,0.00330516624728361,0.000227736334071693,-0.00303464719666469,-5.51662676429032e-07,-0.00263514080599681,-6.72404967261286e-06,-0.00203270346685169,3.37114179780329e-05,-0.00301689881919742,-2.04214467842689e-05,0.00226205954926151,0.000233068398546976,-0.000456489507382862,-5.51662676429032e-07,-1.4880587818844e-05,-0.00292316155958616,-0.00282040485391288,-6.67369121263306e-05,6.24933539938866e-05,-0.00219111112504056,-0.000483124242226296,-0.00138630671224593,-0.000141952766317566,-0.00303464719666469,5.96249632858203e-05,-0.000870095198560072,-0.00231186875341027,0.00111269728529972,0.000277863114424903,-6.67369121263306e-05,-0.00131972522125956,0.00312422018607084,0.000309273903903673,-0.000149685092471152,-0.000878443049072253,0.000143942785135742,-0.00468482845703733,0.000343527382040243,-4.16142845427458e-05,-0.000915939383956399,0.000272711602423925,-0.000185085963630094,0.000427081155907061,-0.00125118851512163,-0.000692242224705986,-0.000141952766317566,0.000355671263172042,-6.90731902195374e-05,-0.00123641294839327,-0.000495403192475763,0.00034823748856283,0,0.000216873077850899,8.84961523661687e-05,0.000107159504189269,0.000143942785135742,0.132925957794046,0,-0.00209652760148593,4.68273754332671e-05,-6.43601869496635e-05,-0.00113731251884097,0,-0.00329307275990853,-0.000598348576666297,-0.00140085550030733,-2.04214467842689e-05,0.000343527382040243,-0.00109456960084398,-0.00235771952586905,-0.00372438657682839,-0.00279928789828388,-0.00177677175566959,-0.000459901826978637
"3:69411273:T:C",0,0,0,0,0,0,0,0,0,0,0,0,0,0,0,0,0,0,0,0,0,0,0,0,0,0,0,0,0,0,0,0,0,0,0,0,0,0,0,0,0,0,0,0,0,0,0,0,0,0,0,0,0,0,0,0,0,0,0,0,0,0,0,0,0,0,0,0,0,0,0,0,0,0,0,0,0,0,0,0,0,0,0,0,0,0,0,0,0,0,0,0,0,0,0,0,0,0,0,0,0,0,0,0,0,0,0,0,0,0,0,0,0,0,0,0,0,0,0,0,0,0,0,0,0,0,0,0,0,0,0,0,0,0,0,0,0,0,0,0,0
"3:69412344:T:C",-0.000155357581054005,-0.0026280062413786,-0.00150204015234578,-0.00183528722716852,-0.00609263133492455,-0.0157762359683025,-0.0054569880881421,-0.00515250795823174,-0.00221981476456978,-0.00204784391192314,-0.00861358798359912,-0.00512605696484014,-0.00440262640111744,-0.0063318785776354,-0.00616736283808139,-0.0023348732097368,0.000198609874855649,-0.00578856497128966,-0.0049132831220815,-0.00150204015234578,-0.00885878728457712,-0.00251547268240904,-0.00136385076476131,-0.00104597091935066,-0.00194857193826614,-0.0068402112339716,-0.00541730370163584,-0.00297908000943803,-0.00510779427363328,-0.0122843889097384,-0.00190935221725841,0,-0.0059471350863558,-0.00210814203037435,-0.0039200821945844,-0.00130241261159858,-0.00694072504405252,-0.00931087954135368,0,-0.000540707638142734,-0.0040453761628747,-0.00164870138155493,-0.00821792635155649,-0.0160847666678534,-0.00148753822681558,-0.014677790851886,-0.00510779427363328,-0.0047157548123975,-0.00212218692057498,-0.00286883532426785,-0.00303730745706865,-0.00140794477418948,-0.00640073700465038,2.82391069941212e-05,-0.00931087954135368,-0.00235988506476392,-0.00101510346513267,5.02573765470693e-05,-0.00432853186894677,-0.00450318191049703,0.000387284626180318,-0.00496395074430023,-0.000109679898279147,0.000280011752205489,-0.000164331394051587,-0.00323420038257982,-0.00541366325411774,-0.00261651058895707,-0.000841367095646639,-0.0143564236192777,-6.02369248907664e-05,-0.00109425311813105,-0.00338480170659494,-0.00633772351892237,-0.000217177763032872,-0.00218585877812272,-0.0024057287769903,-0.00224158262492935,-0.00370764875795349,-0.00113325861848246,-0.00534535364068711,-0.00119105265463038,-0.00209550313287998,0.000364951886113296,0.000354432391950432,-0.00406786634783174,-0.00164402360364857,-0.00502113806744786,-0.00455063045984394,-0.000628007396783481,0.000219594608661389,2.82391069941212e-05,-0.00107933943788829,-0.000451912568322665,-0.00428563525342618,-0.000751633065305235,-4.05444496456298e-05,-0.00426667500418398,-0.00178778371203503,-0.00281532152654362,-0.000405791226177676,-0.00153703360660717,-0.00346156411048959,-0.00445742463242915,-0.000712882203202092,-0.000878735023642996,-0.0053110722683849,-0.000866949635629943,-0.0015891181574843,0.000349681491333076,-0.00907938116591689,0.000308516883227306,-0.00116633316601078,-0.00116861215414854,-0.00419508582605399,-7.58179871640507e-05,-0.000301843200173124,7.51210061697982e-05,0,-0.000600219737197705,-0.000273706915048244,-0.00338744935044932,-0.000423837491160484,-0.00209652760148593,0,0.435027610908231,-0.00292858775589622,0.00104710294068022,-0.000609168097749802,0,-0.00593149559185413,-0.00282504077771328,-0.00404424477913334,-0.00567908539546647,-0.000290508305026194,-0.0098772375884022,-0.0018671778555972,-0.000124293424891508,-0.00457893880192861,-0.000144388162109266,-0.00161118648886749
"3:69415398:A:G",-0.000146690173941977,-4.06310655165498e-05,-3.57338067225044e-06,5.72856833080948e-05,-0.00198543041224575,-0.00292014656156425,-0.00330820101871421,-1.63489267341888e-05,-4.07845553240804e-06,-7.92464440024787e-06,2.08852489622657e-05,-0.00200720682245947,5.10303273939527e-05,1.26672778106851e-05,-0.00203298766834159,3.87473193592669e-05,1.28133107599737e-05,-0.00335622952462522,-5.90134431330824e-05,-3.57338067225044e-06,-0.00306043105190934,-0.000190480329570697,-2.33766629396115e-05,-0.0014681074533458,-0.0028247165229498,3.2973054413965e-05,-0.00530355208143263,-2.54763451312812e-06,6.98580913827129e-06,7.62190934544549e-06,-0.00317751271028399,0,-0.00614726496743678,-2.12295968884391e-05,2.02826054538363e-05,1.11478902553586e-07,-3.01021602879814e-05,-4.4947581735677e-05,0,-0.00125240015074812,-0.00244125521912242,-4.5784345807931e-06,-0.0059130001558545,-0.00573673147637344,-0.00335218301321927,-0.00167736580290256,6.98580913827129e-06,-0.00110706605783495,-1.08405650447452e-05,-1.45001761984176e-05,-9.74811004716969e-05,-0.00461994869573612,-0.000179984822723078,-6.04854356645035e-06,-4.4947581735677e-05,-3.51601049954908e-05,1.70021599243952e-05,-6.39635641697112e-06,-0.00156657577521369,-2.93203655603591e-05,-5.56340535684541e-06,-0.00308538540653647,-0.00181534147097828,1.90944461397891e-05,6.44794018178629e-06,-1.76853896363127e-05,-0.00195301799377212,4.68273754332671e-05,-2.42040329068161e-05,-1.67990628288095e-05,-1.50056272207877e-06,-3.01021602879814e-05,5.09606246090755e-07,-5.06182210413542e-05,-4.07845553240804e-06,-0.00164654041814316,-0.00204277592377977,5.19817337636397e-05,-0.000387733193910833,1.45250897141125e-05,-1.50056272207877e-06,-4.31506500753187e-07,-0.00188078050916474,-2.33766629396115e-05,6.44794018178629e-06,-7.92464440024787e-06,-0.00167668669521426,-0.00290570478520635,4.26429606852352e-05,1.33784048106378e-05,-1.67990628288095e-05,-6.04854356645035e-06,6.82655268944288e-05,-0.000195561626471275,-0.0033969349855596,-0.00196674407689112,-0.00105395897127725,-0.00356943211106131,4.07918109157634e-05,-3.47843126320413e-05,-0.00350319180726544,4.57902381203468e-05,-1.58940453225398e-05,1.5694293143298e-05,-0.00182959323556808,3.1348128253228e-06,-0.00276345981749149,-2.9713368863149e-05,-0.00175484485685029,-4.88243334526572e-05,-6.87004574562167e-05,7.31543386498501e-05,1.33784048106378e-05,-0.000309546017285278,-0.00354165836153975,-2.55820275940621e-05,4.40266173233894e-05,-4.02718391052659e-05,0,-0.00444435571217472,-0.00142043232323896,-0.00108607926728954,-1.58940453225398e-05,4.68273754332671e-05,0,-0.00292858775589622,0.138671081576812,-0.000511185867472896,-1.05546894690889e-05,0,-0.0059205490512495,-0.00412085485345592,-0.00286176570743102,1.54402845442547e-06,-3.73296645106436e-05,-0.00185260482468763,-8.27132160630129e-05,-5.6727148001201e-06,-0.00162127436865411,-0.00111672975454535,-0.00344296914637976
"3:69415448:C:G",-0.00570945357648656,-0.00331501340167062,-0.000140526525047591,-0.000555304457710015,-0.00171118473841858,-0.00688052159661101,-0.00519960772988259,-0.000956346416445264,-0.0065784034734131,-0.00318418036928847,-0.00011540119387643,-0.00873765108239155,-0.00488631160949371,-0.000145757927350054,-0.00188981432238222,0.000683975665362269,-0.00017055602283822,-0.00487607803058587,-0.00715482768270359,-0.000140526525047591,-0.0083539173832321,2.33915527099171e-05,-0.000928538331563367,-0.000631419342334461,-0.00239299205368759,-0.00772293737560137,-0.00819602665172781,-0.00180946331510068,-0.00174863586720875,-0.00923259977500646,-0.00419017898562757,0,-0.0071858914464169,-0.000180846149909542,0.000359035141506148,-0.00112654251541677,-0.00591198744037857,-0.00395061084051562,0,-0.000321111559650866,-0.00487037568358595,-0.00148929668101605,-0.00990137228499099,-0.0026325648871337,-0.0038474534586177,-0.000871905167343812,-0.00174863586720875,-0.000156663812655999,-0.0054720709027718,-8.57923926993465e-05,-0.00173060363908117,-0.00568430064687764,-0.00419725320710729,0.000228820150663722,-0.00395061084051562,-0.00298239952524337,-0.0043102012066738,-0.0079670002838057,-0.00849592608039851,-0.00365230414920603,-0.000111660472752462,-0.00553434953134335,-0.000895168957670833,0.000345408284883497,-0.000296720933171457,-0.00480301380220638,-0.00408743430444014,-6.43601869496635e-05,-0.000482808587920047,-0.00229084316146633,-0.00047876109435574,-0.00120010212160704,4.89448392837488e-06,-0.000348353073122531,-0.000116731034282225,-0.00805274859492267,-0.00186264713283446,0.00013584175222725,-0.000382214764054645,-0.000262390443902305,-0.000200761796478766,-0.000784488346844192,-0.00774681577976999,-0.000928538331563367,0.000117656033378211,-0.000377313295954806,-0.00633392950329981,-4.01009271238095e-05,-0.0014509725720524,0.000238996264504188,-0.0038758343041696,0.000228820150663722,-0.000396213802135392,-0.00573112340925963,-0.00843863285002167,-0.000973200390211204,-0.000296720933171457,0.00131319732405855,0.000284055272828709,-0.00274416796695665,-0.00311186959292176,-0.00156646323736886,-0.000342032321807295,-0.00204306581648783,-0.00166993644500657,-2.13457485376267e-05,0.000234059825729993,-0.0137460599971613,-0.00032766462653111,-0.00524964920923754,-0.00152912824104723,-0.00310016717620432,0.000238996264504188,0.000988508002135013,-0.0023091869956402,-0.00202827948599804,-0.00415512006203578,-0.00146895027126615,0,-0.00316031066245692,-0.0029250385889048,-0.000610677503692258,-0.0111967749049624,-6.43601869496635e-05,0,0.00104710294068022,-0.000511185867472896,0.345378455104002,-0.00144226766338562,0,-0.00376454653671177,-0.0028529586938113,-0.000654674667024402,1.48499855407991e-05,-0.00179979109492034,0.000849094478009071,-0.00425406342861212,-0.000137356660874666,-0.0022730450074242,-0.00048948384644909,-0.00204268529844231
"3:69419614:C:A",-0.00166797540864483,-0.00296218257800174,-0.00165076825346766,-0.000636960833526601,-0.00310630276343105,-0.0022072210485371,4.7250053477832e-05,-0.0031867580358993,-8.53279879109436e-06,-8.16681162127963e-05,-0.00042236273054197,-0.000339019193622114,-0.00134668277673278,-5.63505331916403e-05,-0.00300670829314686,-0.00322130460186809,2.44005480221077e-05,-2.68430255934149e-05,-0.000145807946877241,-0.00165076825346766,-0.00216573131594533,-0.00192990323945708,-0.00368409071604514,-0.0014902602607334,-0.00169218302304763,-0.00319016038738074,-0.0023246125089651,-5.44742017360988e-06,1.3650719682623e-05,-0.000963613945624608,-0.000154890285859466,0,-0.0031200222320753,-0.00287691957605762,-0.00500434387375659,-0.00252294940190634,-0.000639530537815958,-0.000504193550477261,0,-0.00128228321641632,-0.00180358019268301,-9.54722635260197e-06,-0.00169836483362129,-0.000424760394489354,-0.00163671324174341,-7.18734225335638e-05,1.3650719682623e-05,-0.00229787984573449,-0.00127941766012807,-0.00309258008241997,-0.00126002311091078,-0.00113786048977582,3.24218866447623e-05,-1.25488564446385e-05,-0.000504193550477261,-0.000591848364130065,-0.00178204632835932,-1.37611807664584e-05,-0.00487029563107955,-0.000389338664413152,-1.15552213229009e-05,-0.00122975077283627,-1.74929289276093e-05,3.52316740110936e-05,1.2650964072769e-05,-3.84715327896856e-05,-0.000742917555474953,-0.00113731251884097,-0.000732159045538694,-0.00340609365465472,-0.00055937067007239,-0.00394193308156776,9.98960316245245e-07,-0.00340526446917533,-0.0016228754116101,-0.00139618674213704,3.01537775015959e-06,-0.00171516730100318,-5.47861811996952e-05,-0.00291339765185139,-0.00363285429094162,-0.00025383837662396,-0.00129344967665634,-0.00368409071604514,1.2650964072769e-05,-0.00334175546602911,-0.00396776493789375,-0.000252636345559054,-0.000635571332240126,2.53893913928493e-05,-0.00340609365465472,-1.25488564446385e-05,-0.0013367006115601,-0.000930577105359376,-0.00352973023053504,-6.84497487268843e-05,1.2650964072769e-05,-0.000489700157438655,-0.00123350513620757,-0.000281792161824335,2.63823313391143e-05,-0.00106013296261054,-0.000420518346196275,2.93850367105719e-05,-8.67626784470943e-05,2.11049962146603e-05,-0.000169461559211825,-0.00105157151294488,-0.000500955834710659,-0.00897858127733642,-0.000773310933718019,-0.00112433345002572,-0.00117843207578527,-0.00165960040176305,-0.000286669998891487,-0.000781792715390139,-0.00121187527809319,-0.00141666160016918,0,-0.00105734819689385,-0.00144310333313413,-2.40412413869961e-05,-0.00134634532215738,-0.00113731251884097,0,-0.000609168097749802,-1.05546894690889e-05,-0.00144226766338562,0.177472040978985,0,-0.000116950084498413,-0.000191040244830187,-0.00273942703790553,3.01537775015959e-06,-8.67626784470943e-05,-0.00232729462809012,-0.00905544825886917,-9.28031772744475e-05,-0.000866751468105775,-0.00115465624604205,4.38238712741068e-05
"3:69420890:C:T",0,0,0,0,0,0,0,0,0,0,0,0,0,0,0,0,0,0,0,0,0,0,0,0,0,0,0,0,0,0,0,0,0,0,0,0,0,0,0,0,0,0,0,0,0,0,0,0,0,0,0,0,0,0,0,0,0,0,0,0,0,0,0,0,0,0,0,0,0,0,0,0,0,0,0,0,0,0,0,0,0,0,0,0,0,0,0,0,0,0,0,0,0,0,0,0,0,0,0,0,0,0,0,0,0,0,0,0,0,0,0,0,0,0,0,0,0,0,0,0,0,0,0,0,0,0,0,0,0,0,0,0,0,0,0,0,0,0,0,0,0
"3:69421741:G:C",-0.00422645229810792,-0.00222664246088033,-0.00316988671528673,-0.00428832963100545,-0.00612527590993439,-0.000101068262988502,-0.00418623854264899,-0.00316021003470635,-0.00154896009757621,-0.00752910654707506,-0.00380986696664998,-8.16577504241245e-05,-0.00617702605255577,-0.00120549994883179,-0.0054540423277798,-0.0017086783655138,-7.9697714562954e-05,-0.00442794450274064,-0.00129905849641965,-0.00316988671528673,-0.00288805696040617,-0.00153819813712097,-0.000251636497631047,-0.000446801862356239,-0.00279397513692903,-0.000841237934288586,-0.00378647532223253,-0.00250823606161799,-0.00148246130060592,-0.00626665185181841,-0.000828204851013759,0,-0.000662441555026927,-0.00109816847505995,-0.0025946408859685,-0.00143186933997574,-0.00954077710549406,-0.00358892280164369,0,-0.000627721745799281,-0.00220079355335479,-0.00167232862267586,-0.00396894709284235,-0.00102386770789131,-0.00318410869826025,-0.00599948629636682,-0.00148246130060503,-0.00424599851604368,-0.00260103157860847,-0.00262115984403843,-0.000791936053282871,-0.000734450643679718,-0.00742276285034293,7.20142920407341e-07,-0.00358892280164369,-0.00122334066281038,-0.00491038330487781,-0.00562460497980988,-0.00717884124101742,-0.00709652910906788,6.63474591773294e-05,-0.00638456861282988,-0.00223817807968318,-0.000150307701971997,-6.90768684190601e-05,-0.00236644680170883,-0.0160362623990737,-0.00370706851352942,0.000110609897470582,-0.000470649883601126,-0.000594940395128418,-0.000528795063030607,-0.00405561997616566,-0.000409199542576566,-0.00373412377141502,-0.00603160844785178,-0.00201320724082432,-0.00154236606558111,-0.00204921652698165,-0.00291305843093603,-0.00986846985092793,-0.000328865489917618,-0.0160956469186218,-0.000788862561019954,-1.91297230998089e-05,-0.00463578175845614,-0.00559260883739876,-0.00572526577792853,-0.00115474433429252,-0.00103360314243162,-0.00132504265213385,7.20142920407341e-07,-0.00231864617587485,-0.00172600521631905,-0.00721297160370016,-0.0039950368343753,-1.91297230998089e-05,-0.00550936412388969,-0.00273935103302625,-0.00355072058429817,0.00026592015515714,-0.000236928366065925,-0.00164318105662487,-0.00305630206296748,-0.00260757570561232,-2.28021324319982e-05,-0.00197803386292117,-0.00925344565831399,-0.00016240964573333,-0.000475088083098818,-0.00827631609166435,-0.00412263604222751,-0.00085903303691115,-0.00133367916742211,-0.00221866410013583,-4.92267956837544e-05,-0.0015554678089682,-0.00775537561186734,0,-0.000156714750655595,3.64001074206755e-05,-0.00566566857556694,-0.00534785220235801,-0.00329307275990853,0,-0.00593149559185413,-0.0059205490512495,-0.00376454653671177,-0.000116950084498413,0,0.42793223536612,-0.00383467226628564,-0.00871758214972873,-0.00499050570609594,-0.00136295796022434,-0.00391314579288471,-0.012471960008698,-0.000552698804182405,-0.0119409215334323,-0.000549743358637222,-0.000617848224260698
"3:69422051:C:T",-0.00172814782124098,-0.00159479717414301,-0.000239354921622414,-0.00141283529244873,-0.00275552134178492,-0.00401724460251573,-0.00885322110651821,-0.00708629030120189,-0.0112886065193267,-0.00511925646483169,-0.00430090659619076,-0.00597416796194672,-0.00787415632788235,-0.00146284840710198,-0.00300096150481544,-0.00343570454781972,0.000283430651432326,-0.00656245359185581,-0.00576650426252989,-0.000239354921622414,-0.0126604358450209,-0.00618602997236062,-0.00169658212125601,1.98399545507932e-05,-0.00961942790678272,-0.00180490561348323,-0.0103538544408228,-0.00812416564080509,-0.0012378194767324,-0.0070181973518646,-0.002390174716286,0,-0.00435860917832409,-0.00169509447580118,-0.0058927195965266,-0.00208802720728407,-0.00115784533676555,-0.00865727870835009,0,-0.000242743162856662,-0.00578608767070499,-0.00697001106522332,-0.0034980602550192,-0.013733274499558,-0.012690889271127,-0.00309610784469649,-0.0012378194767324,-0.00394318260857629,-0.00394787815074249,-0.00116033981726238,-0.00558837902265008,-0.00754426916624951,-0.00211129151082279,0.0001305657795454,-0.00865727870835009,-0.00180800861524233,-0.000306165707097072,-0.0181917997079051,-0.00857195333244753,-0.00226983260239688,0.000299002471101595,-0.00301481328364606,-0.00498403860850383,-3.97223822021786e-05,0.000214999992259379,-0.00456816207094057,-0.00492212698707561,-0.00122166648248001,-0.00176787683095458,-0.00287338910006696,-0.0049019841919824,-0.00220132662143513,-0.00367883739879638,-0.00103774680626545,-0.00433475356252,-0.00372997688659726,-3.56302737340997e-05,-0.000861782128647182,-0.00458170769982935,-0.00123338272572315,-0.00171854193771059,-0.00113020178523149,-0.00524257064370381,-0.00169658212125601,5.99217822170317e-05,-0.000936365288621399,-0.00097587513507813,-0.00619152248260413,-0.000426019906444974,-0.00103247080554869,-0.00252314153411515,0.0001305657795454,-0.00749967547351682,-0.00041750527782547,-0.00978527168408405,-0.000755110745796372,5.99217822170317e-05,-0.0102243092518224,-0.00109698830297233,-0.00575552761872222,-0.00140879230083701,-0.00482320200788244,-0.000349841447211396,-0.000428609316282191,-0.000372727818371388,-0.000751852885773729,-0.000706509103852948,-0.000482320205633879,-0.00118897968390197,-0.00218320546849204,-0.00299717552221246,-0.00732826831694933,-0.000903316126906084,-0.00217810009253672,-0.00574019644194523,-0.000143282865596728,-0.00347368740413856,-0.00317322021199695,0,-0.000998992428221435,-0.00353017377781395,-0.00472458708178447,-4.33348334940575e-05,-0.000598348576666297,0,-0.00282504077771328,-0.00412085485345592,-0.0028529586938113,-0.000191040244830187,0,-0.00383467226628564,0.484654020188283,-0.00476656953781518,-3.56302737340997e-05,-0.0065382137293728,-0.00408394784554211,-0.00776291258325923,-0.00372538391524113,-0.00577132255952906,-0.00197399981739732,-0.00243551987668367
"3:69422984:A:T",-0.00673543433107815,0.000340009529025131,-0.000249028427457887,-0.00303436962333947,-0.000520450002204242,-0.00450238234281652,-0.000590579859384377,-0.00160780063198018,5.54761834150597e-05,9.64675360544121e-05,-0.000696234333800838,-0.00637072156341389,-0.000562902619780203,-0.000355812045805592,-0.00069951780475197,-0.000299342622376741,0.000709115049712494,-0.000749587717769451,-0.000653258013893598,-0.000249028427457887,-0.000196855983720212,-0.00615747091478092,-0.00480042381691348,-0.00605302608095748,-0.00401497193617839,-0.000538033958816797,-1.35912086527412e-05,-0.0028377731679825,-0.00187323342943646,-0.00263025296816544,-3.32025770157784e-05,0,-0.00127050457555145,0.000355285187788823,-0.000489669070296905,-0.00649204087207789,-0.0017925058780186,0.000839296150800806,0,-0.00544513424949233,-0.00151424146705104,-0.000267759173255833,0.000763612047731677,-0.00276885726433918,-0.00335660651964576,-0.00143516573288593,-0.000632796030601845,-0.00475041818767785,-0.00252418134988019,0.000226021864813575,-0.00864979229288299,-0.00189007824237164,-0.000445754366446671,0.000122345073140906,0.000839296150800806,-0.00129042149952507,-2.11411309374299e-05,-0.000258456468910317,-0.0015619273718368,-0.00160822062033006,-0.000154076955366733,-0.000577872069415619,-0.00293512322038225,-0.000428245584175535,-0.000140609375292478,0.000336559903567846,-0.00969834845088791,-0.00140085550030733,0.000459755964902442,0.0003060445843861,-3.28935137003938e-05,-0.00439784616963834,-0.00290576433936884,-0.00137137022373857,-0.00145491133656517,-0.00117019089193882,-0.00813108523246076,0.00100161222142159,-0.0061190546203056,-0.000770705582994857,-3.33676932271487e-05,-0.00229601904055254,-0.00276820646684151,-0.00204161755046162,0.000841215548049057,9.64675360544121e-05,-0.00228902341543247,-0.00203082262698029,0.000551995005884542,-0.000302694927220237,-0.00231995482855929,0.000122345073140906,-0.00196796704125379,-0.000225176926448079,-0.00205417299690502,-0.000245068350344546,-0.000140609375292478,-0.00200557136453972,-0.00121740501983147,-0.00804935526991901,-0.0053171623784074,-0.00222802721773885,-0.00284319932480415,-0.000382754661792717,-0.00141382308335292,-0.00010674525260157,-0.00313579838609002,-0.00467120455407866,-0.00106704334081353,-0.000102200410992737,-0.00703629162548491,0.00561395782405594,-0.000302694927220237,-0.00132020343901118,-0.0015476958071563,-0.00295062894489195,-0.00105543439334532,-7.74180248361844e-05,0,0.000430915887650762,-0.00149224881201526,-0.00234487092291591,-0.00363351344294571,-0.00140085550030733,0,-0.00404424477913334,-0.00286176570743102,-0.000654674667024402,-0.00273942703790553,0,-0.00871758214972873,-0.00476656953781518,0.254327613807067,-0.00357325521414342,0.000692623526635572,-0.00389354716824197,-0.00853233615004179,5.62718366028392e-05,-0.00630070020333307,-0.000125883011820704,-0.00137755868098566
"3:69423744:G:A",-0.00231474204201643,9.65756827842057e-06,1.07676773186682e-06,-2.68530237246267e-05,-0.00261491208501852,-2.02291903050877e-06,-0.00235728029498006,4.61469325063746e-06,1.23522016881594e-06,2.33025730711489e-06,-7.66804448382175e-06,-2.73218129649422e-05,-0.00196659994106252,-4.46593639846782e-06,-0.00267355131389824,-1.59923408853402e-05,-4.44527560539143e-06,-0.00240530880089196,1.22923376384421e-05,1.07676773186682e-06,-0.000910706925149718,-2.30974284676222e-05,6.30029309345304e-06,2.76604118898405e-06,-2.9370039582588e-06,-1.34893318843865e-05,-0.000893610385440446,7.51447662317162e-07,-2.33682540695668e-06,-0.00224980599307933,-0.00225309112659833,0,-0.000155672021496578,5.78034733766941e-06,-7.41033550344383e-06,-1.1414191813941e-07,7.7434740806126e-06,1.0406786616457e-05,0,4.61469325063746e-06,-8.19707849952778e-06,1.39095311180171e-06,-0.00250311513993751,-0.00315692093306996,-9.64260273246254e-05,-0.00225794270057289,-2.33682540695668e-06,1.19657104207249e-05,3.17945616767901e-06,4.11964895352668e-06,1.47673411525773e-05,-2.44063839929254e-05,-6.31780140203375e-06,1.84244523282473e-06,1.0406786616457e-05,8.7062746061406e-06,-6.20091991265781e-06,1.87046067434693e-06,-0.000846866716152306,7.5746926953002e-06,-0.00168893255672398,-6.50498431120639e-07,-0.00239503230541072,-6.90802054403861e-06,-2.14350637772753e-06,4.96383019310542e-06,-2.34542708561492e-05,-2.04214467842689e-05,6.49582044420782e-06,4.7330999572992e-06,4.14460297193386e-07,7.7434740806126e-06,-1.68433871294837e-07,1.122193576375e-05,-0.00216974435805461,-0.00238161746960408,-0.00401484807898278,-2.35330730511407e-05,6.591077895024e-06,-0.00157584328164262,4.14460297193386e-07,6.52407949885969e-08,-9.25255403672054e-06,6.30029309345304e-06,-2.14350637772753e-06,2.33025730711489e-06,-0.00250998086044252,-0.00353496845811119,-1.82954785037381e-05,-4.6654358438758e-06,4.7330999572992e-06,1.84244523282473e-06,-3.44434198318311e-05,-1.0619938350942e-06,-0.00156770258964833,7.7434740806126e-06,-2.14350637772753e-06,-4.62460505179507e-06,-1.70926860239007e-05,8.63154573682579e-06,-0.00411007497713012,-1.99012127399811e-05,-0.00479011203476709,-5.58487821855636e-06,9.12760578763994e-06,-1.05520028981232e-06,-0.00136343901391633,7.65982632344731e-06,-0.00774213783267896,-0.00166976864666069,1.77074233231878e-06,-3.81518912337953e-05,-4.6654358438758e-06,1.43358472941557e-05,-0.00446073186813667,6.73541494666807e-06,-1.88104825822322e-05,9.59222916119273e-06,0,6.30029309345304e-06,2.90625456322857e-06,3.31255421670562e-06,4.4941950987365e-06,-2.04214467842689e-05,0,-0.00567908539546647,1.54402845442547e-06,1.48499855407991e-05,3.01537775015959e-06,0,-0.00499050570609594,-3.56302737340997e-05,-0.00357325521414342,0.100530362143102,9.12760578763994e-06,-0.000731805928576357,-0.00188965634688731,1.55631564435765e-06,-0.00592789178727937,6.1999446465677e-06,-0.00191906150012411
"3:69424667:C:T",-0.00174960925399059,0.00240853839287514,-2.8679165039236e-05,0.00042289377440774,-0.00026295106888341,3.50221776441728e-05,-0.00182222051308223,-0.000508177359842321,-0.000788342003954057,-0.00465863367680175,0.000148370304104084,-0.00217922428656703,-0.000750611042285243,-0.00104083154737644,-0.000269309489127068,0.000282771112938285,9.13343767479091e-05,-0.00173638158007172,0.00112771381547905,-2.8679165039236e-05,-0.000777096776633179,0.000368653424865251,-0.00578884832422943,-7.05498431639029e-05,5.89338638787851e-05,-0.00245933942833076,-0.00044955011623582,-0.000842876917618085,4.89372121492693e-05,4.53636637418597e-05,-0.000928065082164586,0,-0.00736304498139706,-0.00129800918380152,0.000144527677286455,-0.00452468554691698,-0.000212138728717726,-0.000309789946492778,0,-0.000118369978755695,0.000156184737543086,-3.44783442711716e-05,0.000445426481757494,-0.00270801935113063,-0.0174455853368736,-0.00297954533527456,4.89372121492693e-05,-0.00162037197352838,-7.85923227599739e-05,-0.000686045557868553,-0.00208280181884213,-0.000751277313383092,0.00012053087941144,-4.29384135793853e-05,-0.000309789946492778,-0.000484997251812835,-0.00395679862125142,-5.36092481242534e-05,-0.00485843875341985,-0.000208237544947032,-4.01495150139652e-05,-0.00089358194999356,4.53636637418597e-05,0.000136968088461309,4.5677706259184e-05,-0.000125606580088089,-0.00349275284901474,0.000343527382040243,7.03412801605907e-06,-0.000120809563911806,-1.66790572695419e-05,-0.00607549173504029,3.00914703288413e-06,0.00182647042606998,-3.15950248923613e-05,-0.00152952738558554,9.12760578763994e-06,0.000379912555708017,-0.000172635893329165,0.00010197959699898,-0.000857236139851558,-1.04687500108724e-05,-0.00537522270542024,-0.00578884832422943,4.5677706259184e-05,-0.000762352270410993,-0.00112159258432154,0.000306316818391217,0.000297944593896204,9.48438719969857e-05,-0.00548158303643831,-4.29384135793853e-05,-0.00152649782267833,9.06421805435542e-06,0.000236187135914889,-0.000236458757714608,4.5677706259184e-05,0.000530440078110317,0.000296740534793116,-0.000248235080260173,9.8392064494135e-05,0.000331232689040561,-0.000115902380217747,0.000109275324927438,-4.38855650015668e-05,1.85641747165732e-05,-0.00145730438048197,-0.00021019939811584,-0.00411541873199806,-0.000343710206855974,-0.00035426863419552,0.000554943456480217,9.48438719969857e-05,-0.00164369901051042,-0.00080273759895455,-0.000189499055243125,0.000323985754342004,-0.00075315923377417,0,-0.00016620599180861,-7.32611015283879e-05,-8.1213304108374e-05,-0.000115902380217747,0.000343527382040243,0,-0.000290508305026194,-3.73296645106436e-05,-0.00179979109492034,-8.67626784470943e-05,0,-0.00136295796022434,-0.0065382137293728,0.000692623526635572,9.12760578763994e-06,0.133498632198741,-0.00137764993624323,-0.00326235055676705,-0.000241703072187072,-0.0018179907995437,-0.00552948612066295,-0.000762333649923619
"3:69426367:G:T",-0.00548689819503778,-0.00051318772458453,-0.000551973482952661,-0.000413320103882064,-0.00146453561364757,-0.01821906024588,-0.00071289843000244,-0.000250074740307582,-0.0045239525780012,-0.0051160045855676,-0.00650187576139505,-0.00272489551874555,-0.00183567356700465,-0.00563263445264228,-0.00128385321402247,-0.00915814678760629,-4.33294828887654e-05,-0.00157160314125537,-0.00410802907459651,-0.000551973482952661,-0.00583349915106579,-0.00844917433893322,-0.00215645322741587,-0.00206642440684757,-0.000147839382111492,-0.00615679294314653,-0.00575513934151139,-0.00500987613339987,-0.00507050161905021,-0.00398661590478966,-0.00298559744949767,0,-0.00606557819569398,-0.00314582183705436,-0.0123275281178836,-0.0119769968237082,-0.00328151184766767,-0.00110478062856334,0,-0.00118444221739722,-0.000697723022255126,-0.00201376076615212,-0.00733870749474841,-0.00882726369760078,-0.00959425197478669,-0.00312969274961405,-1.99132528049262e-05,-0.00180399433898293,-0.00755954727448849,-0.00257460220896277,-0.0012058332342697,-0.0148330918274837,-0.00446890034919623,0.000307471119318059,-0.00110478062856334,-0.00499861314716465,-0.00547335488036094,-0.00179565731221443,-0.00361123520027018,-0.00138089369887417,0.000305630793143941,-0.00374824791630912,-0.00150836869649229,0.000352361620955755,-1.78678215831951e-05,-0.0123644540919514,-0.00895612533023638,-0.00109456960084398,-0.00040933492295725,-0.00363264145047459,-0.00344749640500108,-0.00278191059884492,-1.23293384568512e-06,-0.00401027040474755,-0.00520437340818525,-0.0119852746016109,-0.000731805928576357,-0.00414721982681643,-0.00816975456781943,-0.00182188086833435,-0.00151212189225536,-0.00280642919737151,-0.0096456443048174,-0.00215645322741587,-1.78678215831951e-05,-0.000707735501763729,-0.00760264201578131,-0.00283433729472371,-0.00721738199806365,-0.00205065901756107,-0.0015153276223776,0.000307471119318059,-0.00454367813621648,-0.00163077521581512,-0.00478654099320286,-0.00399015464105812,-1.78678215831951e-05,-0.00211335651010813,0.000287134547798829,-0.0031612914330581,-0.00136216548298762,-0.00787943426340609,-0.0041461193168395,-0.000912925126988817,-0.00259491071325968,-0.0018601280686541,0.00091632677243858,-0.000612965571693103,-0.00238602519949183,0.000172067625934691,-0.00524644361899185,-0.00440176483338028,-0.000772844213548396,-3.89413930035332e-05,-0.00581124833213753,-0.00216212507632463,-0.000724754021566021,-0.00114055169185034,0,0.000301403676017387,-0.000392847141789332,-0.00144851546736469,-0.00114680041268223,-0.00109456960084398,0,-0.0098772375884022,-0.00185260482468763,0.000849094478009071,-0.00232729462809012,0,-0.00391314579288471,-0.00408394784554211,-0.00389354716824197,-0.000731805928576357,-0.00137764993624323,0.456345444370909,-0.00706240244080103,-0.00426168145069328,-0.00174889371686193,0.000259859583120914,-0.0009945700122449
"3:69430610:G:T",-0.0124668265903587,-0.00228913052658353,-0.000682958609663942,7.76197987555349e-05,-0.0168401550721815,-0.00124226639698932,-0.00221400321935228,-0.00135846176048027,2.96779000761305e-05,-0.00283115854224114,-0.000949725932255063,-0.00316076337153692,-0.00328923094275924,-0.00337374907174492,-0.0170201446476201,-0.000809227302942084,9.10914716598654e-05,-0.00257023285932423,0.000258182509504934,-0.000682958609663942,-0.00198928517176489,-0.00626557580384191,-0.000571807743021679,-0.00186865862884122,-0.00104480926249373,0.000550856126792176,-7.50566649276863e-06,-0.00159380724776526,-0.00124133769436874,-0.000673041714515321,3.61511275563942e-05,0,-0.0054290802462833,-0.00424101375275221,-0.000156487223178736,-7.49210323229832e-05,-0.00280122053088672,-0.000595953585724729,0,-0.00149377745721857,-0.00111591332859362,-0.00204313784021437,-0.0076939969180656,-0.00492613539721898,-0.0119358184494924,-0.00054691317814104,-0.00124133769436874,0.000172259526463492,-0.00251578271245734,-0.00474117236846272,-0.00216489673247899,-0.00731685398372672,-5.26238211460139e-05,0.000129014998237587,-0.000595953585724729,-0.00157448409995187,-0.0043224631398342,-0.00195900118492887,-0.00137148920938435,-0.00478822449145611,0.000111530303333218,-0.00331068699205428,-0.00121436977282485,-0.00047209713620866,0.000234280564073153,-0.00104384373524891,-0.0157750180002161,0.000230284997537744,-0.000748519361756017,-0.00239077025715062,-0.00313841718519559,-0.000290003237269687,-0.00350602939825073,-0.010102580347171,5.7099193429444e-05,-0.00907885517972451,-0.00188965634688731,-0.00249451141037671,0.000486663801387621,-0.000596101990131714,-0.00233919011938255,-0.00300821152275255,-0.0157618904754373,9.5539881786344e-05,0.000234280564073153,-0.00531905790377785,-0.00879427063232852,0.000602929061883195,-0.00499630700617271,-0.000331377928573851,6.54911183080031e-05,0.000129014998237587,-0.00162262527467405,-0.0029195838079108,-0.00567973525130627,4.12084212921826e-05,0.000234280564073153,-0.0099104134307062,-0.00238816387501206,-0.00111020643999371,-0.00121353667731761,-0.00307598768875117,-0.00517452819433473,-0.000604464255205883,-0.000479606482107542,-0.00178940467371902,0.000104449451364452,-0.000975219082357981,-0.0082542804750223,-0.00332545939236262,-0.0067745137444164,-0.00498947216055967,-0.00196785056170512,-0.0042736141825257,-0.00883572405857347,-0.00261656601605953,-0.00108921508390125,-0.00275078689981711,0,5.65450293139591e-05,-0.00402519486860076,-0.000273743749044542,-0.00157662833477001,-0.00235771952586905,0,-0.0018671778555972,-8.27132160630129e-05,-0.00425406342861212,-0.00905544825886917,0,-0.012471960008698,-0.00776291258325923,-0.00853233615004179,-0.00188965634688731,-0.00326235055676705,-0.00706240244080103,0.409338328853821,3.464750256299e-05,-0.00344482454184991,6.60515474111278e-05,-0.00439014944715499
"3:69430669:C:T",-0.0011481217014242,-0.00021651031808112,-3.22667090912887e-05,-0.00184069796766018,-0.0016830337186784,5.52613679705161e-06,-0.00304382834392225,-0.00505932265747866,-4.50041756039354e-06,-0.00236235332948898,1.38799282645152e-05,1.30528257846763e-05,-0.00103485610754461,-0.000413515302910561,-0.00165948580286113,-0.00236184950057616,1.04103308746772e-05,-0.00280905691651601,-0.000619029479598687,-3.22667090912887e-05,-0.00189098222033035,-4.99547997527827e-05,-0.0040844879298243,-0.00255646031756829,7.66084498771136e-06,-0.0023668598310147,-0.00178872831152255,-0.000410976199532342,6.39387302747707e-06,-0.000519447978352794,-0.00107932960877299,0,0.000140619582108759,-0.00200836809297478,-0.00233595911154261,-0.0011045208728202,-0.000583427121757296,-0.00496331777753323,0,-0.0029230693030895,1.41841980418889e-05,-0.00176494225291446,-0.000734591937810336,-0.00310818283371539,-0.00847865615602306,-0.00183951626579582,6.39387302747707e-06,-0.000235238677767313,-1.31290336300438e-05,-0.0015497854722728,-0.000368387917689894,-0.00415574643690508,-0.00038113078645452,-6.84981862786316e-06,-0.00496331777753323,-0.00143309609367126,-0.00376465599403097,-0.000447771789417573,-0.0017747191760229,-0.00129822572893978,-6.26075381759961e-06,-0.00233371267891513,6.92394961987475e-06,1.33236719372931e-05,5.95946006498593e-06,-0.0010612279555211,-0.0022291181018872,-0.00319310889284896,-3.4224074537903e-05,-0.00137129020740367,-1.60085131017951e-06,-0.00368685696305526,-0.00389689725183295,-0.000640071313253721,-4.9198512925841e-05,-0.000297995092672032,1.55631564435765e-06,-0.00304321805189911,-0.000597098416598385,1.13629944467064e-05,-0.00210389677905454,-4.58107487943948e-07,-0.00186990762359684,-0.00261498131339621,5.95946006498593e-06,-0.0027998103072715,0.000135991852304951,-0.00118597812701804,-0.0032451795715005,1.07369433095528e-05,-0.00142749770676609,-6.84981862786316e-06,-0.00383941507702801,2.88433554640477e-06,-0.00240935274964427,-0.0023595383185997,5.95946006498593e-06,-0.0016048398210029,-0.00353582260476504,-0.00142919585016354,1.10546346627771e-05,-0.00309222624817806,-0.00323365543105947,-0.00266434663926862,-0.00186913776943332,-0.00453190135542769,-0.0039090622298259,-0.00121742969302296,-0.000176148857873315,-0.00180592501057486,-0.000856169030271303,6.13023818774039e-05,-0.000945299229498708,-0.000994413187566323,-0.00181930551348675,-0.00132178121812654,8.46350205740976e-06,-5.28959654779726e-05,0,-0.00122753144577814,-1.1842852379651e-05,-0.00129785418085326,-0.00152231699625993,-0.00372438657682839,0,-0.000124293424891508,-5.6727148001201e-06,-0.000137356660874666,-9.28031772744475e-05,0,-0.000552698804182405,-0.00372538391524113,5.62718366028392e-05,1.55631564435765e-06,-0.000241703072187072,-0.00426168145069328,3.464750256299e-05,0.190097620924492,-0.0007360038658204,-0.00132513814978896,-0.00103420096437645
"3:69432986:C:G",-0.00847097184922063,-0.00150933584874569,-0.00472826117436487,-0.000692793024750227,-0.00600696078764651,-0.000556515676572111,-0.000734036332650234,-0.000417132594343173,-0.00178932402026799,-0.000974871354182394,-0.00135925023070982,-0.000465090620152875,-0.00208693990865738,-0.00928573307407143,-0.00617698922070753,-0.00498693976578135,-9.25627500096837e-05,-0.000420449392812827,-0.000729084114460932,-0.00472826117436487,-0.00245897504997172,-0.00610303074435103,-0.00027933616436826,-0.00322347511014964,-0.00525222185763941,-0.00112336474222197,-0.00908119158965537,-0.00125544131085586,-0.00140550257136329,-0.00198616224475145,-0.000303871109183174,0,-0.0111343502377927,-0.00235541502324654,-0.00240325665395336,-0.00427132473714797,-0.0145178417061365,-0.00196959726175727,0,-0.00284016768434636,-0.00366780750785267,-0.00160524548348207,-0.00587279482126579,-0.00587657467801828,-0.0183608320345736,-0.00326306272765553,-0.00140550257136329,-0.000373805447963615,-0.00136070069097105,-0.00318438457225856,-0.00155845030756518,-0.00252147788621793,-0.00392486122649949,0.00012251600805957,-0.00196959726175727,-0.000181387457534932,-0.00212621244721234,8.83191884697432e-05,-0.00157189815804015,-0.00301389925305529,-0.000343538400343846,-0.00587959789134418,-0.0015694479135111,0.000193840639348686,7.14543442779103e-05,-0.00254033524286967,-0.00662066378530479,-0.00349730017475736,-0.004531687398873,-0.00328099082045608,-0.003624645046997,-0.000150500886341831,4.19992829936433e-06,-0.00290242958159137,-0.000215973067559716,-0.00241258555821977,-0.00592789178727937,-0.00809326225386986,-0.00818590798507834,-0.0118425593632541,-0.0034257552679624,-0.00385004055143323,-0.00362775941344129,-0.00027933616436826,7.14543442779103e-05,-0.00434534153849686,-0.00575241017644501,-0.00105685509232245,-0.00891288446651428,0.000140514043501128,-0.000103434523793133,0.00012251600805957,-0.00448597535011785,-0.003489586202571,-0.00064450673159655,-0.0017794997082019,7.14543442779103e-05,-0.00344358600768224,-0.00557736159570421,-0.00134840568548222,-0.00445009981500366,-0.00377860505398475,-0.0101882964103508,-0.000114385374302195,-0.00206137646005011,-0.00228774939591325,-0.0046375538491743,4.03180156665073e-05,-0.00626398555198282,-0.00637922465200447,-0.00679019839033268,-0.000975218832171887,-0.00597262383940578,-0.00279001268649237,-0.00888032411368256,-0.00178299071283305,-0.000489364723511798,-0.00563486938051216,0,-0.000365070646088483,-0.00431984511074202,-0.00130295184098994,-0.00139630642416133,-0.00279928789828388,0,-0.00457893880192861,-0.00162127436865411,-0.0022730450074242,-0.000866751468105775,0,-0.0119409215334323,-0.00577132255952906,-0.00630070020333307,-0.00592789178727937,-0.0018179907995437,-0.00174889371686193,-0.00344482454184991,-0.0007360038658204,0.448395941036211,-0.0037112246982014,-0.00116582450607527
"3:69433755:G:T",-0.00951007399976866,-0.00373204797404103,-0.0012659295055677,-0.00214475494853339,-0.00330353196562427,-0.0034888332534857,-0.00133273398868905,-7.33435193742693e-05,-1.90152092685025e-05,-3.72627440379247e-05,9.25922002572577e-05,-0.000159239119532195,-7.57315615853571e-05,-0.0063787224356302,-0.00338098068072235,0.000174341752138041,5.69098626526099e-05,-0.00129089157154549,-0.00733708804182864,-0.0012659295055677,8.05404228021445e-06,-0.00385321123849458,-0.000103810221548706,-0.0011193145865338,-0.00277594271085224,-0.000525660372792558,-0.000286166142351441,-1.2940412259077e-05,3.07311851406311e-05,3.07405370358893e-05,-0.00134535453100426,0,-0.00250074651644994,-9.57378593691161e-05,9.00685091869136e-05,-2.35644069590535e-06,-0.000133038156326926,-0.00019622068666969,0,-0.000926733616074316,-0.00234560066000533,-2.09964302131382e-05,-0.000609906175721875,-0.00166342151511589,-0.0101936324749894,-0.00127254309359426,3.07311851397429e-05,-0.00177388338094886,-4.86523558240748e-05,-6.62468538568106e-05,-0.000831552788547185,-0.0024934410527182,-0.000209200226042761,-2.68138113037608e-05,-0.00019622068666969,-0.00408563435425169,7.18222407876112e-05,-0.00319814877802838,-0.00739202971111652,-0.000130170234728055,-2.48953956196729e-05,-0.00135089199174754,-0.000133376133749863,8.5099732803684e-05,2.85419301508938e-05,-7.84623373810689e-05,-0.00514831131206783,-0.00292461337364891,-0.000106914491039056,-7.50686557946523e-05,-8.77763097850703e-06,-0.000133038156326926,2.04477934051539e-06,-0.00104599870492361,-0.0012391469196471,-0.00143428474504459,6.1999446465677e-06,-0.00171308762884426,-0.000447510634051795,6.39784817764166e-05,-8.77763097850703e-06,-4.5209693508852e-06,-0.00777820818748598,-0.000103810221548706,2.85419301508938e-05,-3.72627440379247e-05,-0.00145296653256377,0.000189334507334493,-0.00282462714628462,5.92413570075223e-05,-7.50686557946523e-05,-2.68138113037608e-05,-0.00219185006455369,2.54566644759535e-05,-0.00250994459016018,-0.000620940900935452,2.85419301508938e-05,-0.00174529512320065,-0.00189362771117718,-0.000948354569087151,6.15974342048631e-05,0.00020514160685714,-7.15990987636417e-05,6.8817078865635e-05,-0.000411155601216961,1.26020255066805e-05,-0.00213028850621022,-0.000131612310203089,-0.00286269880878454,-0.000941739298108146,-0.00444113119450851,0.000336469128085604,5.92413570075223e-05,0.000213553091669816,-0.001454183454074,-0.00104049395728634,0.000199000520908044,-0.00110900903008115,0,-0.000716439704358862,0.000226885230870444,-0.000750892473754483,-7.15990987636417e-05,-0.00177677175566959,0,-0.000144388162109266,-0.00111672975454535,-0.00048948384644909,-0.00115465624604205,0,-0.000549743358637222,-0.00197399981739732,-0.000125883011820704,6.1999446465677e-06,-0.00552948612066295,0.000259859583120914,6.60515474111278e-05,-0.00132513814978896,-0.0037112246982014,0.16463271646812,-0.000102875263064739
"3:69434867:T:G",-0.00106460398110153,-0.00450805124591014,-0.0016143020977113,-5.52286562651716e-05,-0.00112985526358766,-0.00214058435861375,-1.5932125323026e-05,-0.000604079696880255,-1.80857207618956e-05,-0.0032488522234555,-0.00638320038224549,-0.0014802976288415,-0.00178999733079621,5.464288697965e-06,-0.00123777256321667,-0.000759985684666731,-0.000234364349612548,-7.49800788835131e-06,-0.000796321720243576,-0.0016143020977113,-0.00871122824160153,-0.00642231668181203,-0.000104539553851701,-0.000148871532957173,-0.00225666756923282,-0.000371833081665329,-0.00250319405966515,-0.000128772775281227,-0.00172408203761698,-6.42656119378415e-05,-0.000134112120216301,0,-0.00523491221177563,-0.00137629871706491,-0.00122225249839314,-0.00155941447815255,-0.000969449219788032,-0.000489846412063066,0,-0.000294150696933393,-0.000132084374352637,-0.00154417101901672,-0.00201002321413224,-0.0040050139627974,-0.00249256373695195,-0.00728606125503894,-0.00172408203761609,-0.00268842914267875,-0.00125821174370433,-0.00145440085631776,-0.000205887638763613,-0.00193417494110948,-0.0019536612955422,0.000182934633679466,-0.000489846412063066,-0.000162549854722194,-0.00103083840691376,-7.47147243300716e-05,-0.000441470131827604,7.02377849020053e-05,0.00018426463956267,-0.00218214733926114,-0.00015018976021608,7.52691362420066e-05,-0.000269210017864729,-0.000952841371246294,-0.00142600647413449,-0.000150937223378556,-0.000107817896703111,-0.00118778224057881,-2.10659414197067e-05,-0.000136327679133075,1.93739821163774e-06,-0.000994182987921199,-0.00158738907405809,-8.0685540391201e-06,-0.00461124005807445,-0.000280984623433511,-0.000109432430362766,-0.0037531710204215,-0.00166218247494587,-0.000795043996496325,-0.000584889291466162,-0.000104539553851701,2.63367912953782e-05,-0.00154851894460339,-0.000167410767947018,-0.000804721365119221,-0.000266473183819116,5.34785384278536e-05,-7.42539558418187e-05,0.000182934633679466,-0.00264451409473843,-0.000458099264644574,-0.00450287918804637,-0.000713481345647082,2.63367912953782e-05,-0.000149000810638178,-0.000372848372808932,-0.000267388381604228,0.000285600282046161,-0.00483661118714362,2.56889145378025e-05,6.18044998770273e-05,-0.00120900005615354,1.18717299528726e-05,0.000122398098952203,-0.00374852901529632,-0.0010837511222368,-4.87789305916309e-05,-0.00178512386266805,-0.00556538031604514,5.34785384278536e-05,0.000268530050546723,-0.00124526678086401,5.38567992478534e-05,-0.00845042293050113,-0.00146231401225894,0,-0.00081101843757736,-0.000178105823325225,-0.00404024648171664,-0.00310420144150214,-0.000459901826978637,0,-0.00161118648886749,-0.00344296914637976,-0.00204268529844231,4.38238712741068e-05,0,-0.000617848224260698,-0.00243551987668367,-0.00137755868098566,-0.00191906150012411,-0.000762333649923619,-0.0009945700122449,-0.00439014944715499,-0.00103420096437645,-0.00116582450607527,-0.000102875263064739,0.184541934929772
