"","20:16252915:T:C","20:16259524:C:T","20:16260056:T:C","20:16262948:G:T","20:16263297:G:A","20:16263317:G:A","20:16263615:C:A","20:16263873:C:T","20:16271810:C:T","20:16273933:C:T","20:16274820:T:A","20:16276056:T:C","20:16276215:A:C","20:16277739:C:G","20:16277785:C:G","20:16285087:G:A","20:16288441:C:T","20:16292095:T:C","20:16293897:C:T","20:16295263:C:T","20:16295437:C:T","20:16296444:A:G","20:16297949:T:C","20:16298417:G:A","20:16300401:G:A","20:16302834:A:G","20:16303116:C:T","20:16307639:T:C","20:16310484:A:T","20:16312851:A:G","20:16314058:T:C","20:16314978:T:C","20:16318603:A:T","20:16322738:C:T","20:16324849:T:C","20:16329563:C:T","20:16331254:C:T","20:16332675:T:C","20:16335111:A:C","20:16335250:C:T","20:16336847:C:T","20:16339915:T:C","20:16341549:T:A","20:16347590:T:C","20:16348172:C:T","20:16352668:C:G","20:16353039:C:A","20:16353563:G:A","20:16353598:C:G","20:16353946:G:A","20:16354103:G:A","20:16354241:T:G","20:16354391:G:A","20:16358031:C:T","20:16362235:G:A","20:16365671:G:A","20:16366555:C:A","20:16367651:T:A","20:16369058:T:C","20:16369638:G:A","20:16370113:C:T","20:16370980:A:C","20:16376869:G:A","20:16377170:T:C","20:16377293:C:G","20:16379508:G:A","20:16379756:T:C","20:16379845:A:C","20:16380289:G:A","20:16382247:A:G","20:16386387:G:A","20:16387917:A:G","20:16388535:T:C","20:16391001:G:T","20:16396583:A:G","20:16397151:G:A","20:16397236:G:A","20:16397370:T:A","20:16397874:T:C","20:16398608:A:G","20:16400379:T:C","20:16402655:G:A","20:16403226:T:C","20:16404871:T:C","20:16407232:C:A","20:16407508:C:T","20:16408272:A:G","20:16410060:G:A","20:16410855:C:T","20:16412756:T:C","20:16413391:A:C","20:16414648:T:C","20:16418628:A:T","20:16419537:C:T","20:16421278:C:T","20:16422141:T:C","20:16422219:A:G","20:16422995:A:G","20:16423618:T:C","20:16424087:T:G","20:16424245:A:T","20:16425368:C:T","20:16431797:A:G","20:16433159:C:T","20:16434332:C:T","20:16436683:C:T","20:16439457:C:T","20:16440444:A:G","20:16441141:G:A","20:16441678:A:T","20:16441987:A:T","20:16444777:T:C","20:16446215:A:C","20:16447367:C:T","20:16449678:G:A","20:16451320:T:C","20:16452047:T:C","20:16453147:G:A","20:16454004:C:T","20:16456283:C:T","20:16459061:G:A","20:16459441:A:G","20:16459976:T:G","20:16466311:G:A","20:16468665:C:A","20:16470481:T:C","20:16471989:G:A","20:16472499:G:A","20:16472825:G:A","20:16475205:C:T","20:16483210:C:G","20:16483232:A:T","20:16485354:G:A","20:16485885:T:C","20:16486124:A:G","20:16487648:G:A","20:16488290:T:C","20:16490434:T:G","20:16491140:T:C","20:16491168:G:C","20:16493031:C:T","20:16493818:T:G","20:16502320:C:T","20:16504137:C:T","20:16504551:C:T","20:16505204:C:T","20:16505629:A:C","20:16506016:C:T","20:16507506:G:A","20:16508080:A:T","20:16508404:A:C","20:16508484:A:G","20:16509921:G:C","20:16513113:T:C","20:16513400:A:C","20:16517045:T:G","20:16517334:G:A","20:16517854:T:C","20:16519238:G:T","20:16520359:T:C","20:16522553:T:G","20:16523707:C:T","20:16524697:G:A","20:16526929:A:G","20:16528296:T:C","20:16531219:C:T","20:16532751:T:C","20:16533040:G:A","20:16533380:C:A","20:16536321:A:C","20:16537006:A:C","20:16537679:T:C","20:16538631:A:G","20:16539250:C:T","20:16541520:G:A","20:16541973:T:G","20:16542429:G:A","20:16543830:C:T","20:16544848:C:T","20:16545041:C:A","20:16545042:G:A","20:16545303:T:A","20:16546192:G:A","20:16547433:T:C","20:16548465:C:A"
"20:16252915:T:C",0.154160215572124,-0.00164867851414474,-0.000203361990426032,-1.90055262017097e-05,-0.00834627979411362,-0.00249697808909843,-2.77429617057123e-07,-0.00155792335643046,-1.61799185738332e-05,-0.000830915594206338,1.85311111460251e-05,1.31985138205337e-05,-0.000469945732447741,-1.48312311774035e-05,-4.11864598488521e-05,1.38450079747443e-05,8.56379868618973e-05,-0.000119490102630238,-3.93704052008559e-05,-1.62030124863932e-05,-5.27802521430587e-05,0.000162765724060598,-0.00203446541770891,-0.000665700196539554,2.61118429829565e-05,-1.48312311774035e-05,-0.00140459581520069,-0.00130116697037241,2.52456331955031e-05,4.87619149494023e-05,-7.14564053305722e-05,-0.000266086403861721,1.31985138205337e-05,-0.00014746384784825,-0.0011911860293834,-7.73934799003229e-06,-3.63320399694445e-05,-4.11864598488521e-05,-0.00022650244199518,-1.90055262017097e-05,-3.47605806902962e-05,-0.0042772377480258,-0.00190686117344541,-9.74530888369074e-05,-1.90055262017097e-05,-1.90055262017097e-05,3.27853739801043e-05,-1.90055262017097e-05,-7.73934799003229e-06,5.02186470674459e-05,2.50739339620054e-05,2.18719624331953e-05,-1.48312311774035e-05,-0.00345577864442159,-0.00597641916833513,1.50424179361508e-05,-0.00120485826981476,-5.27802521430587e-05,-3.47605806902962e-05,-5.08595278070345e-06,3.87347564272389e-05,-0.00195338224848118,-0.0018649893282463,-0.00140459581520069,6.08043497924982e-05,-3.63320399694445e-05,-1.18663469566016e-05,-4.76990809428202e-05,-6.79187387451208e-05,1.50424179361508e-05,3.77957443467025e-05,-0.000142863460217413,-0.00160458669720409,-5.80900561599762e-05,-0.00388512041753941,-0.00083677704838081,-0.00215796450828343,-0.000302969076289017,-0.00348445643786377,-8.5340926262667e-05,-3.47605806902962e-05,-3.01795552770656e-05,7.34748088300208e-05,2.33488015854988e-06,-0.000570912761134856,-0.00170830226283858,-0.00178762758705453,3.61248201308229e-06,-0.000427827735551389,3.28992564293529e-05,-0.00326528681485705,-0.00140459581520069,-4.28529628520025e-05,-3.63320399694445e-05,-3.47605806902962e-05,-3.32116546175598e-05,-0.000874171157347448,8.47096361229482e-05,-0.00199332765158022,-0.00168555340566989,-0.00391101924817239,-1.48312311774035e-05,-0.000193406492349446,-0.00176824433076472,-0.00348445643786377,-3.32116546175598e-05,4.84968515186424e-05,1.22843127696726e-05,-0.00182562096928951,6.11257052351988e-06,8.56379868618973e-05,1.26297159113165e-05,-0.00199332765158022,-0.00197711156569458,1.31985138205337e-05,-5.10618376736716e-05,0.000113698809156126,1.31985138205337e-05,-0.00157347927056595,-6.40312877386862e-06,-0.00166616407384979,-7.73934799003229e-06,-0.00131613808230036,-0.000138572022015282,-0.000161337022420049,-0.00263280738738736,-2.04370803995602e-05,-6.40312877386862e-06,0.000244101557265619,-3.79265100649562e-05,-0.00173927656182915,-1.90055262017097e-05,0.00104921226059052,-0.000862459034268959,-0.0028118269067301,1.31985138205337e-05,-0.00469926944731647,-0.000843839384729428,0.00025369024226185,-7.73934799003229e-06,8.54170143149702e-06,-8.22801404485318e-05,-0.000704100213914316,0.000319633986960888,-0.00349733971415223,-3.78742822970679e-06,-4.09313690958868e-05,-4.54123739181966e-05,4.76178435695473e-05,0.000117448562949818,-2.50717377969778e-06,-1.64714385242348e-07,-5.08595278070345e-06,-1.18663469574898e-05,-0.000141098756155422,3.58782591094453e-05,-0.000969981066506698,-0.000300999766394305,-0.00263035700116099,-0.00231311762479613,2.54265773884654e-05,-0.000584484291247467,-0.00122933592385444,-0.000969981066506698,-0.000162800626879012,-0.0033444847940336,-0.00228812044575744,-0.00533627268613834,-0.00238393928421843,0,-1.24481818897237e-06,6.08043497924982e-05,-5.10618376736716e-05,-0.000969981066506698,-0.00312456538337935,-0.000245860703782519,-0.00232991968052687,-0.00556818480118437,-0.00183208789182743,-0.00576320550461951,-0.00448309283624138,0,-1.18663469574898e-05,4.93637044600703e-05,-5.80900561599762e-05
"20:16259524:C:T",-0.00164867851414474,0.387174535030802,0.000282438483020009,5.46969559618304e-05,-0.0105520131660599,-0.00297424301015825,-8.41393005401869e-05,-0.00114758742993981,-4.07377762714489e-05,-0.00616132549277193,-6.90456897585179e-05,0.000282438483020009,-0.000901975926321352,-0.000401903779922996,-0.00447555332842331,-0.00159772208433839,-0.000333675871443617,-0.00024230700964889,-0.00360463426039193,4.8221768169654e-05,-0.002635423844632,-0.00103316392785668,-0.00172672207909574,-0.00297224114552552,-8.81175806570766e-05,-0.000401903779922996,9.91379970338713e-05,-0.00854958350707502,-0.000216914876209451,-0.0029626517041752,-0.00403368828788775,-0.00394729936767746,-4.33219312707678e-05,-0.00129988672538328,-0.00333157182117594,-0.00172493076656277,-0.000747738587731916,-9.04648390065432e-06,-0.000124528928110657,-9.89085992628702e-05,-0.00656977058027675,-0.00353042927001113,-0.00159684643711966,-0.000936131265531159,-0.00212178639132521,-0.00231647032276872,-0.0030734490442903,-9.89085992628702e-05,-0.00382711789372525,-0.00038915016751595,-8.54788362696368e-05,-0.00126947918669096,-0.000401903779922996,-0.00252531885539486,-0.00173782456452454,0.000269972473187607,-0.0104212946364939,-0.002635423844632,-7.44381725787946e-05,1.21927837373192e-05,-0.000134411873559337,-4.73805853671294e-05,-0.00135150628966674,9.91379970338713e-05,-0.000225648356892094,-0.000747738587731916,2.81497085747873e-05,-0.00304423322173886,-0.000358353985959958,0.000269972473187607,-0.000492943555370218,0.000907003444807764,-0.00329954178950942,-0.00481074494430622,-0.00276617394516698,-0.0040725489100466,-0.00359403301835304,-0.0158614237827353,-0.00122815907253138,-0.00111843763952724,9.91379970338713e-05,-0.000348363237629989,-0.000568718049229311,-0.00329541348158724,-0.00017554101091477,-0.000114683389838,-0.000301028916997126,-1.98459559621611e-05,-0.00459306104600454,-0.00261630276280211,-0.00126177309125364,9.91379970338713e-05,-0.000649832332264566,-0.000747738587731916,9.91379970338713e-05,-0.00378383149209327,-0.00117242301531917,-0.00541153296167085,-0.0026886075087198,-0.00303622834058714,0.000229163278953948,4.50316653370919e-05,-0.00238634382695224,-0.000720452921344261,-0.00122815907253138,-0.00378383149209327,-0.00017554101091477,-0.0168482196546482,-0.000133504454836064,-2.59003896676546e-05,-0.00231506926563263,-0.00473875972848603,-0.0026886075087198,-0.00468402037953064,-4.33219312707678e-05,-0.0014980346808704,-0.000602022401107405,-4.33219312707678e-05,-0.00111831530888562,1.53189635687667e-05,-0.0123446433733037,-0.000134729071016082,-0.0101642356370295,-0.00427737416753349,-0.00457618605044008,-0.00303491683198409,-0.000957643608670011,-0.00252465934374868,-0.000412708529357264,-0.00196281790105424,-0.00371061280518692,-0.00212178639132521,-0.00503638939693474,-0.0125393751800553,-0.00419687979785177,-4.33219312707678e-05,-0.0016012948473243,-0.00126505467411242,-0.00166142070305852,-6.55540053564607e-05,-3.18286900329312e-05,-0.00131624521120166,-0.0135000981529316,-0.00163674216254162,-0.000223620147266956,9.09825420780663e-06,5.72644200529382e-05,-0.00124698850319405,-0.000173261782290268,-0.0011863565226875,6.03491405382073e-06,-0.0129977884859072,-0.00257284022171334,-0.000664080846760839,-0.00124003116868998,0.00015635673621972,-0.000824397559442858,-0.00139773457766612,-0.00394214350739475,-0.00135254822363073,-0.000100638624692451,-0.000414616592149031,-0.00182048998975137,-0.000824397559442858,0.000500547085967362,-0.000616373495950562,-0.00531796812806462,-0.00110840048476657,-0.00341443256265528,0,3.00231075023305e-06,-0.000803604207814779,0.000142397383915416,-0.000824397559442858,-0.00336318217166509,-0.00759866280799493,-0.00360058945459052,-0.00496325408302045,-0.000278246449564534,-0.00180400803821534,-0.00361303081508879,0,2.81497085747873e-05,-0.000692035975792038,-0.00215499817019804
"20:16260056:T:C",-0.000203361990426032,0.000282438483020009,-0.00151470767879047,9.75585167406479e-06,4.20204275677349e-05,0.000122750813876138,-5.56875384916111e-07,-1.65656722508345e-05,7.75810806885602e-06,2.20304091360646e-05,-1.05953242170997e-05,-7.19518179792544e-06,0.000229764042411595,7.78077916763209e-06,2.06153396238307e-05,-8.25068879706237e-06,-5.13025971331516e-05,5.62071039782452e-05,1.91367401578546e-05,8.43188385601934e-06,2.64147541377824e-05,0.000228353157370798,-0.000323113349605997,0.00014207013050882,-1.4449520564952e-05,7.78077916763209e-06,1.7691803494202e-05,8.97196614335627e-05,-9.54307445102387e-05,-2.88288036918161e-05,3.45583963605733e-05,8.39187322441148e-05,-7.19518179792544e-06,6.77226783256657e-05,-0.00028434867220728,3.7474149809924e-06,1.8410388753054e-05,2.06153396238307e-05,-1.97551825218412e-05,9.75585167406479e-06,1.7691803494202e-05,8.59943877067337e-05,-0.000221400759702561,-8.79640735638176e-05,9.75585167406479e-06,9.75585167406479e-06,-1.95350954816931e-05,9.75585167406479e-06,3.7474149809924e-06,-2.86841319576681e-05,-1.39172413762267e-05,-1.22843831880104e-05,7.78077916763209e-06,5.33383864045334e-05,-9.33417597464015e-05,-8.8471117924982e-06,0.000220235663907609,2.64147541377824e-05,1.7691803494202e-05,2.47033254652251e-06,-2.17637737822685e-05,1.99193744778725e-05,-1.72167867926731e-05,1.7691803494202e-05,-3.53168015703176e-05,1.8410388753054e-05,5.71814736449738e-06,2.41471140718374e-05,3.36318596998453e-05,-8.8471117924982e-06,-2.12700145123534e-05,0.00182032951166811,-1.60121443997241e-05,2.87601328707865e-05,-1.76534838702835e-05,0.000122261397928369,8.47961752192816e-06,-0.00058703015535233,-9.77168286402375e-05,4.16362250845737e-05,1.7691803494202e-05,1.5583353294879e-05,-4.33211669559341e-05,-1.82660711889326e-06,-2.77595479065695e-05,9.73524258816028e-05,2.08211161947247e-05,-2.45053097280845e-06,1.2859127548559e-05,-1.87163716427463e-05,-8.91984198858609e-05,1.7691803494202e-05,2.13671921578396e-05,1.8410388753054e-05,1.7691803494202e-05,1.69811899768391e-05,-3.5740978083787e-05,0.000198171858698082,7.75810806796784e-06,-4.96350511713928e-05,4.24928204427744e-05,7.78077916763209e-06,8.6450424102047e-05,2.52596993499665e-05,-9.77168286402375e-05,1.69811899768391e-05,-2.77595479065695e-05,9.18411933987784e-05,3.90048909180152e-05,-3.67711621596101e-06,-5.13025971331516e-05,-7.64722095603076e-06,7.75810806796784e-06,9.71646741021459e-06,-7.19518179792544e-06,2.56504295226279e-05,-7.18468224594204e-05,-7.19518179792544e-06,6.22570678849854e-05,3.10528250935249e-06,0.000226244759494065,3.7474149809924e-06,0.000165148628179956,6.48024026128624e-05,3.77767673551688e-05,-7.80831442224184e-05,1.04289585758366e-05,3.10528250935249e-06,-0.00047549047261608,1.91370806774671e-05,-5.12261188170271e-05,9.75585167406479e-06,0.000415663471672545,-5.80229653319719e-05,-8.78180121661742e-05,-7.19518179792544e-06,0.00116108593544784,-5.77723016927933e-05,-0.000475490472617857,3.7474149809924e-06,-4.87614766786493e-06,7.85467240103088e-05,-3.01121428973872e-05,-3.95310725194165e-05,-3.48877800577796e-05,1.84244523282473e-06,1.82487613953342e-05,-0.000268053265888746,-2.72893687878195e-05,-0.000149088218969418,1.22150336778759e-06,-3.04749997903642e-05,2.47033254652251e-06,5.71814736360921e-06,6.57882601453608e-05,-2.02658133652278e-05,-4.92228791753035e-05,-1.82660711978144e-06,9.04409173587695e-05,-9.14790097885643e-05,-1.4885270381626e-05,0.000108969256817026,4.58715891529238e-05,-4.92228791753035e-05,0.00182032951166811,5.25945093352576e-05,-3.87125371519303e-05,-0.000134113030442862,0.000536555367682823,0,6.07392329321499e-07,-3.53168015703176e-05,2.56504295226279e-05,-4.92228791753035e-05,4.59969585895337e-05,-6.82052908658193e-05,6.60703577537447e-05,-0.0034987303905174,2.34331792992037e-06,4.49287534287635e-05,0.000157224953585278,0,5.71814736360921e-06,-2.82244393945419e-05,2.87601328707865e-05
"20:16262948:G:T",-1.90055262017097e-05,5.46969559618304e-05,9.75585167406479e-06,0.0911841855894373,-6.46369543391145e-05,-0.0022817427229489,-3.55584193201253e-08,2.15194366877114e-05,-1.1603474572297e-05,-0.000315268316756878,1.38260418767189e-05,9.75585167406479e-06,-0.000138741347634586,-1.08106461826907e-05,-0.000152604058029304,1.03923276615348e-05,6.58694949446925e-05,-0.00108119432928611,-2.81251217364442e-05,-1.17892195010683e-05,-3.78126299640513e-05,9.1707914454453e-05,-3.31125771797502e-05,-0.00373209700829324,1.94213660176246e-05,-1.08106461826907e-05,-2.50790646072474e-05,-0.00253168368714896,-0.00224132155624091,-0.00249272959398361,-5.06503605066655e-05,-0.00119757249949881,9.75585167406479e-06,-0.00118182226359043,-0.000859818747293239,-5.57424675395879e-06,-2.61815351327854e-05,-2.95775049687919e-05,2.61194881687743e-05,-1.37843575265251e-05,-2.50790646072474e-05,-0.00391204925246047,-4.46420897901589e-05,0.000106887085522978,-1.37843575265251e-05,-1.37843575265251e-05,2.47184404802425e-05,-1.37843575265251e-05,-0.00173370753551971,3.78317442848441e-05,1.86522559362245e-05,1.62856359535724e-05,-1.08106461826907e-05,-7.88049126843049e-05,-0.00195016343016619,1.12679391515158e-05,-0.00243398951218587,-3.78126299640513e-05,-2.50790646072474e-05,-3.66819194308476e-06,2.89947389155998e-05,-2.93378344524697e-05,2.13394185681892e-05,-2.50790646072474e-05,4.60940729460901e-05,-2.61815351327854e-05,-8.52861492539603e-06,-3.428595459809e-05,-4.84160678535517e-05,1.12679391515158e-05,2.82894795091693e-05,3.84741295098578e-05,2.07168089429999e-05,-4.14821646712582e-05,2.30930730182877e-05,-0.00684801792661194,-1.36556646115338e-05,-0.00370318541434678,0.000118046440144681,-6.04665969401452e-05,-2.50790646072474e-05,-2.18562957279289e-05,5.60975201766567e-05,-8.19533861591282e-05,-0.000663886397305191,-0.00307389869215768,-3.17001148193441e-05,2.77593303543711e-06,-0.00736106705947304,-0.00237417096811399,0.000108804954821906,-2.50790646072474e-05,-3.07399956929189e-05,-2.61815351327854e-05,-2.50790646072474e-05,-2.39908817487589e-05,4.66893247255129e-05,0.000129496172376342,-1.1603474572297e-05,6.19309397018597e-05,-6.1844420421231e-05,-1.08106461826907e-05,-0.000693049572796589,-3.67953544202493e-05,0.000118046440144681,-2.39908817487589e-05,3.65225144252079e-05,-7.21378238921488e-06,-0.00151472864767044,4.58918955903442e-06,6.58694949446925e-05,9.50487731365968e-06,-1.1603474572297e-05,-0.00410171471176302,9.75585167406479e-06,-3.66216099534356e-05,8.92360907833734e-05,9.75585167406479e-06,-9.36650403184913e-05,-4.61503013227116e-06,-0.000304848188418916,-5.57424675395879e-06,-0.000335624365229492,-9.65368811964851e-05,-0.00126542459573376,9.55521974583817e-05,-1.48014111820416e-05,-4.61503013227116e-06,-0.000478629770054084,-2.72985728972941e-05,6.41893465687104e-05,-1.37843575265251e-05,8.63910331379003e-05,-0.000578865797306705,0.000106659403416032,9.75585167406479e-06,5.60975201766567e-05,-0.00107207702645873,-0.000466928266407152,-5.57424675395879e-06,6.35576771124136e-06,-0.00012005178801644,-0.00041266253929706,-0.000288511673592673,4.54912445579936e-05,-2.73349665125266e-06,-0.000106976764778999,-3.69908625126314e-05,3.58553596404576e-05,-0.00218116465680573,-1.81071460403359e-06,3.61049721204765e-05,-3.66819194308476e-06,-8.52861492628421e-06,-9.81975096498999e-05,2.68520252788562e-05,6.29854876228464e-05,1.85122446705321e-06,-0.000211062939232676,-0.00158564138916351,1.90788705465295e-05,-0.00240409857840618,-0.00327803323739584,6.29854876228464e-05,2.89947389155998e-05,-0.00345543785288616,4.81131135829926e-05,0.000154113286440882,7.99697432531943e-05,0,-8.99621857897159e-07,4.60940729460901e-05,-0.000897582401757191,6.29854876228464e-05,-0.00799455038991237,-4.72552564438899e-05,-0.000170814543809072,-1.17892195010683e-05,0.000274196305840135,-0.00329694895153221,-0.00165495872304255,0,-8.52861492628421e-06,3.71812569728291e-05,-0.00122249207348801
"20:16263297:G:A",-0.00834627979411362,-0.0105520131660599,4.20204275677349e-05,-6.46369543391145e-05,0.35096614183048,-0.000843038075921676,-0.00163935096776147,8.56784912031117e-05,-0.00321879508999956,-0.00452796650048848,-5.68797424538303e-06,4.20204275677349e-05,-0.00346321780954417,-4.89197692852272e-05,-0.00142352158158232,-0.00173137334258211,-0.0046477907363256,-0.00277161847331797,-0.000174997508387342,-0.00151971964141673,-0.00111764917195156,-0.00251531169245256,-0.00558406617126028,-0.000662066329604638,8.21546031044562e-05,-4.89197692852272e-05,-0.000118452316524298,-0.00619602639455685,-0.000440365600212544,-0.000422265317132187,-0.000382716058640931,-0.00102024480129792,4.20204275677349e-05,-0.000680547494456896,-0.00331285537185888,-0.00251272796984026,-0.000175334761821411,-0.00393757604735256,-0.000330658303586695,-0.000153248267043438,-0.000118452316524298,-0.00221258538325664,-0.00112776592130892,-0.000425478095898768,-6.46369543391145e-05,-0.00141881317998305,-0.00041080390722481,-0.000153248267043438,-2.86091662360377e-05,-0.000790871301129314,-0.00584454070928242,-0.00237662226015622,-4.89197692852272e-05,-0.00212441360954774,-0.0078487964612397,-0.00160857199501852,-0.00262703157364097,-0.00111764917195156,-0.00731552932089929,-1.8716186259482e-05,-0.000271839024050813,-0.00182425854875046,-0.00423724700593731,-0.000118452316524298,0.000183556976800503,-0.000175334761821411,-0.000241325505114354,-0.00046841440216383,-0.000861826780365504,-0.00160857199501852,-0.000979810040079521,0.000156614223699059,-0.00228813724057364,-0.00666522899997446,2.62540076079176e-06,-0.00387196132749024,-0.00359488206429237,-0.00897410446210589,-0.00205002706843693,-0.00237381209913501,-0.000118452316524298,-0.000100794850960817,0.000218972123117389,-0.00384743766689777,-0.000288678813791243,-0.00158928624159671,-0.00269324328749132,-0.000427678940799758,-0.00401110190644749,0.000100341266722204,-0.00239188190379824,-0.000118452316524298,-0.000864959853106306,-0.000175334761821411,-0.000118452316524298,-0.000989889936546362,-0.00438500957187404,-0.0039436980642189,-0.00408119898871373,-0.000825380952021781,-0.000956011407104995,-4.89197692852272e-05,-0.00308360283699827,-0.000111226345685722,-0.00205002706843693,-0.000989889936546362,0.000148131137591712,-0.00178623156504232,-0.00281229188349119,-1.30137821363618e-05,0.000251501144946431,-0.00341622441781997,-0.00408119898871373,-0.0108778666673546,4.20204275677349e-05,-0.000989646679387057,-0.000802582461163048,4.20204275677349e-05,7.90956437954904e-05,-2.36161642614974e-05,-0.00115979668322064,-0.00249664878724154,-0.00474090434587637,-0.000571184569578165,-0.00197359264352315,-0.000468031714112804,-7.00737622647551e-05,-0.00146571284151076,-0.00167569904117038,-0.00154313159644559,-0.0017304695215401,-0.00317551802109506,-0.00461818820997895,-0.000153913758616397,-0.00153280700479819,4.20204275677349e-05,0.000634466343261586,-0.00208403698387372,-0.00140516631277698,-0.00946524059712406,-0.00216533090579052,0.000213312764376639,-0.000104102701333986,-0.00278280104312989,-0.00289581379618653,-0.00264804505554572,-0.00226699738029623,-0.000246676099813214,-0.0014332628080318,-0.00109565441656656,-0.00704875859201692,-0.00223048592068098,-0.00257325576313683,-1.27895026356128e-05,-0.00109660829563119,-0.000312980383213812,-0.00545126127444018,-0.00206598526518231,-0.00343881883744235,-0.00243286942959697,-0.00562409177862655,-0.00103644253229351,-0.000426351892091503,-0.00545126127444018,0.000120365242414877,-0.00670877269423098,-0.00332294701579627,-0.00112193219283352,-0.0023327980609773,0,-4.5509519441822e-06,0.000183556976800503,0.000224208867340536,-0.00545126127444018,-0.006378657669595,-0.00255617158946109,-0.00813926125765763,-5.40624708706972e-05,5.92255611806536e-05,-0.000140126393457507,-0.00244348208482892,0,-0.00283969612617785,-0.00109945854677385,-0.000307600411690423
"20:16263317:G:A",-0.00249697808909843,-0.00297424301015825,0.000122750813876138,-0.0022817427229489,-0.000843038075921676,0.510202703484409,-0.00627630552155178,7.52445206670949e-05,-0.00516000606247768,-0.0077891818499638,-0.000151920610882872,-9.71780198328887e-05,-0.00614432881095395,8.28114967657001e-05,-0.000716168740934275,-0.00710457133897657,-0.000575250015010909,-0.000290320109406661,2.39868788645126e-05,-0.00160084115807457,-0.000357588170793122,-0.0101235339807895,-5.6203843796343e-05,-0.00472560170616232,0.000239417958616706,8.28114967657001e-05,0.000347351320087341,-0.00683731646653651,-0.00437979134974942,-0.00828878200809813,4.93269941284069e-05,-0.00512942501735392,0.000122750813876138,-1.67656335818833e-05,-0.00869656341715253,-6.85231573935852e-05,-0.00151643382277555,-0.00341035466782991,-0.000368709900738118,-0.00217003144763073,-0.0094063252101364,-0.00158409833721551,-0.000234638688642708,-0.000252659452872894,-5.9849590385852e-06,-0.00231125604487126,-0.00251751943232881,-0.00217003144763073,-0.00278528863895655,-0.00204580105560481,-0.00216115113541626,-0.000238199395735883,8.28114967657001e-05,-0.0018849103242089,-0.00655759693547653,-0.014834800057514,-0.00462167260077706,-0.000357588170793122,-0.00278388695992149,-3.03998919557458e-05,-0.000157089100899732,-0.000265346463368399,-0.00165371121328439,0.000347351320087341,-0.000894999094727567,-0.00151643382277555,-6.24313562709311e-05,-0.00357893969419543,2.48858871216839e-05,-0.014834800057514,-0.00160217033962606,0.000274430317421803,-0.00150443505250752,-0.00429913158726603,-0.000815686556087325,-0.00705633044542919,-0.00105647728380598,-0.00686393268264762,4.02608080265487e-05,-0.000599847088988525,-0.000141807336319744,-0.00030791081646786,-0.000140059838799722,-0.00409708526758834,-0.00306374532108222,-0.00542471751201834,-0.00711938422889036,-0.000321162631273353,-0.00761142785921587,-0.00553128839294992,-0.000220948140350785,0.000347351320087341,-0.0015526855264909,-0.00151643382277555,-0.000141807336319744,-0.00136208493685697,-0.00310370395704407,-0.00316263558543728,-0.00205497186021786,-0.0057192064999172,-0.00150293956407754,-0.000148668651765327,-0.00194112346103337,-0.000221018481957103,-0.00333539799928273,-0.00136208493685697,-0.0011124147680075,-0.000711247599653131,-0.00812828163460599,-0.0021690693319325,-0.00831917431785456,-0.00984592968150011,-0.0018304731104215,-0.00861891492390399,0.000122750813876138,-0.00251260355533489,-0.000352135821870547,0.000122750813876138,-0.000845390641219357,-4.56597684568294e-05,-0.00149753728600688,-0.00193495324091408,-0.00999295909813691,-0.00405167416545016,-0.00207010602477276,-0.018215270659673,-0.00217800025664605,-0.00205714096031606,-0.00601453437470401,-0.00043975039340971,-0.000409792023874367,-0.00022109311961227,-0.00258645558225101,-0.00529105897497306,-0.0185779539886131,0.000122750813876138,-0.00384695722058837,-0.01014156325459,-0.00589054228595565,-0.00405780291567215,-0.000886545963398433,-0.000130566538012467,-0.00528488125403959,-0.00162337396351386,2.43991388959586e-05,-3.16465005845146e-05,-0.00181858803236024,-0.000648840377897031,-0.00644735908566396,-0.0105648577360209,-1.32690488490184e-05,-0.00620160875455156,-0.00256910753259465,-0.00107144123116987,-0.0017176651110935,-0.000169718006588049,-0.00216884807478124,-0.00189223532380556,-0.00467517482973889,-0.00140649185474695,-0.000634210956824255,-0.00485439000355337,-0.0034213030472019,-0.00216884807478124,-7.67472140887904e-05,-0.000327508239391427,-0.00210930936050246,-0.000877727462472055,-0.00268362965758051,0,-1.79611586448303e-05,-0.00168802556167424,-0.00272343074839387,-0.00216884807478124,-0.00469781067362529,-0.00245487939094069,-0.00533353689762928,-0.00016917902072322,-0.0032531046804678,-0.00316751091257395,-0.0045133870584535,0,-5.34219108017098e-05,-0.000194076212290284,-0.00668382272030943
"20:16263615:C:A",-2.77429617057123e-07,-8.41393005401869e-05,-5.56875384916111e-07,-3.55584193201253e-08,-0.00163935096776147,-0.00627630552155178,0.293413620054615,-0.00277611382900655,9.85707959699766e-08,-0.00437377858363197,-9.71203790278707e-07,-5.56875384916111e-07,-0.00516868624761946,4.79797490626765e-08,-0.00263034100045001,0.00145339118158549,-1.44939674697753e-05,-0.00128585689586558,-0.00481535130971888,2.48692693105568e-08,-0.0032831362233301,-0.00315768758616697,-1.57402505696069e-06,-0.000919152854155669,-0.000170151153644937,4.79797490626765e-08,-7.44848640543694e-07,-0.00218881844941343,-0.000162747198107382,0.00115229986700349,-0.00252224768668974,-0.00290976204929905,-0.000176789460057059,-0.00137409497894492,-0.00280768495033135,-0.00224557654150548,-8.42382520183094e-07,-1.17544708633233e-06,-2.68086003174517e-06,-0.00287206146376739,-7.44848640543694e-07,-0.00165257052263446,-3.23440341176706e-06,-0.00618542063357808,-0.00167214466372112,-3.55584193201253e-08,-0.00168767302969464,-0.00287206146376739,9.64123127999983e-08,-5.10611826776142e-06,-1.51508570578329e-06,-0.00169719537919377,4.79797490626765e-08,-1.16604374449381e-05,-8.19598756107709e-05,0.00146600226304106,-0.00840679527378763,-0.0032831362233301,-7.44848640543694e-07,7.96006025538532e-08,-0.000163952321875271,-0.0021800759071926,-5.88576685291997e-05,-7.44848640543694e-07,-0.00401519531155881,-8.42382520183094e-07,8.9618769294475e-08,-1.76628721604288e-06,-4.03386634051373e-06,0.00146600226304106,-3.04989396404665e-06,-5.25340114254647e-06,-1.86539763635807e-06,-0.00156204418609374,-0.00249155079704799,-0.00260902206793379,-0.00414187705990354,-0.00293115497208873,-0.00770413125394409,-6.63668813238871e-06,-0.00135905331704933,-4.89764190980679e-07,-0.00384789087375115,-0.00438927840103354,-4.81265688989652e-06,-0.00317864299179771,-0.00172102298011634,-1.23835841137065e-07,-0.00366343974633354,-2.4407441747698e-06,-0.0072017412730947,-7.44848640543694e-07,-1.30070764914336e-06,-8.42382520183094e-07,-0.00135905331704933,-0.00119789572509621,-7.52887115140766e-06,-0.00601267179633069,4.05205025089117e-08,-0.00347237372178366,-6.96335129113379e-06,4.79797490626765e-08,-0.000867279261845155,-0.00510230432858005,-0.00770413125394409,-0.00119789572509621,-0.00372508094875812,-0.00240525596931906,-0.00173931556103124,-2.14063548220622e-07,-1.44939674697753e-05,0.000424152648194287,4.05205025089117e-08,-0.0094868027631394,-0.000176789460057059,-2.07381035810528e-06,-0.00145214366223723,-0.000176789460057059,-7.83673073474489e-05,-0.00203447285215752,-0.00418178969278404,-0.00224557654150548,-0.00765265917814695,-0.000425790174290341,-5.34520898298751e-06,-0.00515827045119899,-0.00267474779495558,-0.00203447285215752,-0.00349517892351381,-9.46513841526553e-07,-0.00487885716211522,-0.00287206146376739,-0.00270822454430686,-0.0058719484968206,-0.00326204574118982,-0.000176789460057059,-0.000807820929344949,-1.80088473085149e-05,-0.0034205494063726,9.64123127999983e-08,-3.16939458677723e-07,-0.00123328348869567,-0.00399208964881659,-0.00191159637505578,-0.00355403084634265,-0.00239709358240958,-0.00422074717878651,-6.05613070803201e-08,-4.66656779263275e-06,-0.00524669375917064,-0.00258922493524327,-0.000343302178992921,-0.00486236726323064,8.96187675181181e-08,-1.84223378054682e-05,-0.00138010395569488,-0.0010231486564054,-0.00188502261054957,-0.00318500220403806,-0.00132527023093498,-0.00482235249951568,-0.00100327422879021,-3.11027368233852e-05,-0.0010231486564054,-3.17500621793698e-06,-6.92939091013756e-05,-5.58007098367952e-05,-0.000570374335289614,0.000384277973079605,0,-0.00404606644086947,-0.00208511063069849,-2.07381035810528e-06,-0.0010231486564054,-0.0012165242132709,-0.00241500903078151,-0.00108869096083364,2.48692693105568e-08,-0.00376184964648019,-3.47198498937829e-05,-0.000579756769763851,0,-0.00195835712657111,-4.95918893861358e-06,-2.7859691229537e-06
"20:16263873:C:T",-0.00155792335643046,-0.00114758742993981,-1.65656722508345e-05,2.15194366877114e-05,8.56784912031117e-05,7.52445206670949e-05,-0.00277611382900655,0.207614027662764,-0.00262102009740328,-0.000357480093114315,-2.50450348016074e-05,-1.65656722508345e-05,-0.00188734181269989,1.73494283863818e-05,-0.00238212197105092,-0.00292950488421528,2.89156962285375e-05,0.000113082579052737,-0.00259964026551174,1.87271051403926e-05,-0.00202593718340438,-0.00167541431758789,-0.00166756444451988,-0.00104822578298869,-3.37225135389474e-05,1.73494283863818e-05,3.85524022314954e-05,-0.0026909028066342,-0.00105019560609332,-0.00316819779991029,-0.00236088172242788,-0.000847397890339607,-1.65656722508345e-05,-0.00206352423060352,-0.00729294752050436,8.09208269814121e-06,4.00212019551205e-05,4.45048693524797e-05,-0.000912230310516904,-0.00247378709588641,-0.00214306578771151,-0.00658866080035203,-0.00155873161976228,-0.000577435460204612,2.15194366877114e-05,2.15194366877114e-05,-0.000243262640338138,-0.00247378709588641,-0.00282087210349591,-6.87848833953453e-05,-0.000513310671141021,-2.88366443967902e-05,1.73494283863818e-05,-0.000356752452923104,-0.00843720417923688,-0.0028117205355267,-0.00120549907716017,-0.00202593718340438,3.85524022314954e-05,5.34493958515014e-06,-5.14800851263431e-05,4.25453794443698e-05,5.81458673565294e-05,3.85524022314954e-05,-0.00491677477209862,4.00212019551205e-05,1.23097888042878e-05,-0.00139906117877509,7.10905655116889e-05,-0.0028117205355267,-5.03431803577925e-05,-6.98481361753878e-05,0.00308159128115548,-0.00490656018679836,-0.000298807659033784,-0.00322133197394603,-0.000106178070445218,-0.00415449815832236,-0.000680971102233308,-0.0035221659247302,3.85524022314954e-05,3.42212685451315e-05,-0.00612493628923971,-0.00295055600213878,-6.66257397492487e-05,-0.00866428705962097,-0.0025166424874481,-6.10977791648537e-06,-0.0027146562527216,-0.000354214031694333,-0.000754060089406039,3.85524022314954e-05,4.60256675385295e-05,4.00212019551205e-05,3.85524022314954e-05,3.70962409208531e-05,-0.000346005060771759,-0.00130972821371156,0.0029867628925917,-0.00517378940055391,-0.00171305323991167,1.73494283863818e-05,0.000162362451836984,5.38331949888615e-05,-0.000680971102233308,3.70962409208531e-05,-0.00460998057716022,-0.00116127212018613,-0.00351045962436469,-8.79893940908261e-06,-0.000127915546338286,-0.0027951695157169,0.0029867628925917,-0.00192352590209843,-1.65656722508345e-05,5.50794302407454e-05,-0.000975091442832365,-1.65656722508345e-05,-0.00212988242433632,6.71215514991275e-06,-0.00146120212078893,8.09208269814121e-06,-0.00312817625610773,0.00012813361741415,-0.00202691366196017,-0.00217489680337302,2.2934391220808e-05,6.71215514991275e-06,-0.00189275653294807,-0.00189280128596536,-0.00127070051001699,2.15194366877114e-05,0.000153587973119151,3.50414402916499e-05,-0.00197069581314047,-1.65656722508345e-05,-0.000106656146938278,-0.000146060634907741,-0.0019529166601564,8.09208269814121e-06,-1.14370792099194e-05,-0.00225358993363045,-1.12957262938806e-05,-0.00229081326989489,-8.48439060279205e-05,3.9902743971254e-06,3.77681208494351e-05,-0.00344617758308807,-0.00419456418302744,-0.00232139333640013,-0.0019518546233801,0.000675892103298104,5.34493958515014e-06,1.23097888033996e-05,-0.00126886418903194,-4.80352940135376e-05,0.00104715048821014,-4.7456284288927e-06,-0.00286497176400591,-0.00200245109535224,-0.00268229548761934,-0.00107305745197017,9.40580929684742e-05,0.00104715048821014,0.000422605622961036,-0.000133863653264399,-0.000450350695782475,-0.00104537681907946,-0.000573466068008344,0,1.31796042257548e-06,-0.00107772560405817,5.50794302407454e-05,0.00104715048821014,-0.00660584673533027,-0.00246536598336178,-0.00247424399434504,1.87271051403926e-05,-0.00315134024622044,9.23305175488665e-05,-0.000489730515800701,0,-0.00155534316795869,-6.7710805325305e-05,-0.00211560967036561
"20:16271810:C:T",-1.61799185738332e-05,-4.07377762714489e-05,7.75810806885602e-06,-1.1603474572297e-05,-0.00321879508999956,-0.00516000606247768,9.85707959699766e-08,-0.00262102009740328,0.288487987562109,-0.00360955736355573,1.09262729992565e-05,7.75810806885602e-06,-0.00479249822311356,-9.04662089595831e-06,-0.00279033824499297,0.00104831878683775,4.38402600879684e-05,-0.00121654094758927,-0.005116509070759,-9.88400901658082e-06,-0.00344972179260417,-0.000937067854474005,-2.91133180567726e-05,-0.00073979934359869,-0.000288494138981576,-9.04662089595831e-06,-2.1676316607433e-05,-0.00181896111793911,-6.17931987321185e-05,0.000248584317435352,-0.00269984453915217,-0.00271717108127056,-0.000303447428849246,-0.00131891321266675,-0.00201736690473453,-0.0023855033919471,-2.26820940651962e-05,-2.5809973292823e-05,1.98774392980994e-05,-0.00301875397366302,-2.1676316607433e-05,-0.00143516060749072,-0.00171464720897418,-0.00579395905092195,-0.00154751629436323,-1.1603474572297e-05,-0.00197595673412998,-0.00301875397366302,-4.57518618102171e-06,2.77506376713532e-05,1.4485234856032e-05,-0.00181841041747344,-9.04662089595831e-06,-7.57349266420348e-05,1.64873782964037e-05,0.000858983445080064,-0.00715768932531047,-0.00344972179260417,-2.1676316607433e-05,-2.99587763663567e-06,-0.000273955428526484,-0.00234043958311236,-5.14622542251431e-05,-2.1676316607433e-05,-0.00383891497015831,-2.26820940651962e-05,-0.00182901306994587,-3.02417967557034e-05,-4.39614668223953e-05,0.000858983445080064,2.13658935406258e-05,2.81565035162856e-05,1.60742138559655e-05,-0.00174916805675895,-0.00233524113173722,-0.00191237642750197,-0.00385887533102203,-0.00282893908170401,-0.0073032801693973,-5.61995708299179e-05,-0.00124370057850509,-1.87635659214536e-05,-0.00473030001874886,-0.00466453262084254,2.69170683111497e-05,-0.00300271189532619,-0.00120814796401447,-0.00201437992979248,-0.00270846101491173,1.88398720073479e-05,-0.00680999329321352,-2.1676316607433e-05,-2.68909562004538e-05,-2.26820940651962e-05,-0.00124370057850509,-0.0026645852723588,3.32862766319053e-05,-0.00226619807969053,-9.67139838259357e-06,-0.00445742135542204,-5.7630941500797e-05,-9.04662089595831e-06,-0.00083505852168031,-0.00541027521697757,-0.0073032801693973,-0.0026645852723588,-0.00355734514628026,-0.00255963560281458,-0.00164937718596114,3.7382381758988e-06,4.38402600879684e-05,0.000855786547065307,-9.67139838259357e-06,-0.0115312062881952,-0.000303447428849246,-3.24580608266345e-05,-0.00150719096468865,-0.000303447428849246,3.30597063733507e-05,-0.00190210926694867,-0.00380086426243942,-0.0023855033919471,-0.00949532175862622,-0.000366758293177227,-5.05985055090363e-05,-0.00641638273546263,-0.00282233723171377,-0.00190210926694867,-0.00302833914699852,-2.37060012713286e-05,-0.00452743575753711,-0.00301875397366302,-0.00249271920885974,-0.0016102060493397,-0.00403332946338875,-0.000303447428849246,-0.000893663750354712,4.74392434979265e-05,-0.00298727086738415,-4.57518618102171e-06,5.12599105384481e-06,-0.00119152174926374,-0.000580788644333197,-0.00151688506835823,-0.0033782123533932,-0.00253448480497642,-0.00394825943179367,-3.55052791434218e-05,2.64890146937091e-05,-0.00597447694384634,-1.5528385999275e-06,-8.38405095944239e-05,-0.00457378504282069,-7.05337361317504e-06,-9.74567412779237e-05,-0.00149209514696036,-0.00110281554882086,-0.00201882357172423,-0.00365272692447594,-0.00154304460455368,-0.00451316816648095,-0.000600381142655149,-9.14143229389097e-05,-0.00110281554882086,2.18447793685073e-05,-0.00013761276832458,-1.8025068484917e-05,-0.000434999745783315,0.000441664914602846,0,-0.00418181901030401,-0.00276908964316114,-3.24580608266345e-05,-0.00110281554882086,-0.000680606785461446,-0.00220103237626379,-0.00152933461201421,-9.88400901658082e-06,-0.00404544516753713,-9.38151315974523e-05,-0.000212272368557365,0,-0.00182901306994765,2.7337550091211e-05,-3.71357142494588e-05
"20:16273933:C:T",-0.000830915594206338,-0.00616132549277193,2.20304091360646e-05,-0.000315268316756878,-0.00452796650048848,-0.0077891818499638,-0.00437377858363197,-0.000357480093114315,-0.00360955736355573,0.641669618322361,-0.000419531804929374,-0.000336783824476328,-0.0059649009854934,0.000295413540863265,-0.00185522788299863,-0.00549979643020837,-0.000711728245555321,-0.00151454004127016,-0.0022282844232846,-0.00149899255796271,-0.00172608870739754,-0.00214288561155751,-0.000621038990844536,-7.30990474195892e-06,0.000262581142862039,0.000295413540863265,-0.0035791111556831,-0.00572765108379913,-0.00184549613433305,-0.00433056361049111,-0.00119623107222866,-0.00496112413020811,0.000138090594619555,-0.00110550975398338,-0.00812133745582022,-5.57097732087897e-05,-0.00215766129937744,-0.00838460378713757,7.37012568290396e-05,-0.0141599267606916,-0.0159347614527796,0.00052236570840547,-0.00223971407278567,-0.00528731412773942,-0.000328119999198684,-0.000328119999198684,-0.00196344745039623,-0.0141599267606916,-0.00796757938234638,-0.000938371612508426,-0.00594988424437659,-0.000161154278464082,0.000295413540863265,-0.00149626442292838,-0.0150164542954401,-0.00323326193357643,-0.00491928969645894,-0.00172608870739754,-0.00621831556484764,-0.00208860520553156,-5.97531610493363e-05,-0.00703149427815308,-0.00297118841327482,-0.0035791111556831,-0.00262680675771065,-0.00215766129937744,-0.00178000613383578,-0.00752647429857056,0.00077545609493157,-0.00323326193357643,-0.00135405055843396,-0.000271337349119882,-0.00237508836908473,-0.00481819897781666,-0.000549828103721062,-0.00697617144100526,-0.00250505352242447,-0.00145922326120695,-0.0106287083637682,-0.00545242429087089,-0.00393889417686033,-7.51058809411731e-05,-0.000863877448432859,-0.000260336399047212,-0.000275064329144037,-0.00196222085934528,-0.00234704716769141,-0.00503023629632837,-0.00700970242532994,-0.00506579439302257,-0.0138477328953601,-0.0035791111556831,0.000244265504790064,-0.00215766129937744,-0.00393889417686033,-0.00147237918483345,-0.00339369106076415,-0.0168501517661719,-0.00107091041511742,-0.00278627972471091,-0.00245496312028326,-3.28265068416655e-05,-0.00313314690250444,-0.00370615588255374,-0.0134290396667911,-0.00147237918483345,-0.00292734948673967,-0.00110911900852928,-0.00429985590048254,-0.00313830364636392,-0.00551511896546586,-0.00285948780153555,-0.00107091041511742,-0.011984922767259,0.000138090594619555,-0.00321450765767661,8.21818591876244e-05,0.000138090594619555,-0.00375187356255902,-0.00367741689724443,-0.00260398637217385,-0.00350185317798246,-0.00180150605420293,-0.00943548526947513,-0.00483093100219145,-0.0118351954644793,-0.00269498099590049,-0.00026246904022198,-0.00761689369825103,-0.00279392041176774,-0.0089038999813007,-0.00355620520062327,-0.000318526644641715,-0.00595286130620298,-0.00878035810742839,0.000138090594619555,-0.00469800638016782,-0.0044163724956725,-0.00681116918988245,-0.00642756279861345,-0.00440081579735541,-0.000336445514743655,-0.00522447163711615,-0.00674129864757678,-0.00864220272318761,-0.00344096525377591,-0.0031508397578679,-0.000688830187186351,-0.0111065198094078,-0.00430876488331888,-0.00357393314450327,-0.00341533672028893,-0.000974398391314857,-0.00221358814371975,-0.00974077357430847,-0.00124413929705636,-0.000415613470015508,-0.000576092900454572,-0.00635522656213539,-0.00635683008052501,-0.000460332601290858,-0.00297633504791994,-0.0011137627624711,-0.000415613470015508,-0.000285680181538517,-0.00610630338907203,-0.00101947932176838,-0.0013685507789436,-0.004668902526761,0,-0.0037640608727818,-0.00462978602805375,-0.00060986631129456,-0.000415613470015508,-0.000987422724144427,-0.00275547345098337,-0.00454351831690536,-3.65486939424287e-05,-0.00183456810326499,-0.00233769088463687,-0.00475091500435365,0,-0.000934277092689673,-0.00434891503520163,-0.00544542461915931
"20:16274820:T:A",1.85311111460251e-05,-6.90456897585179e-05,-1.05953242170997e-05,1.38260418767189e-05,-5.68797424538303e-06,-0.000151920610882872,-9.71203790278707e-07,-2.50450348016074e-05,1.09262729992565e-05,-0.000419531804929374,0.135741593367824,-1.05953242170997e-05,-0.000159335773266989,1.10980885885681e-05,-0.00226705625565238,-0.00172487276249988,-8.21882953072617e-05,-0.00164012413558723,-2.11468200301823e-05,1.19996866798644e-05,3.61740166692215e-05,-0.000134871183130159,3.15416641214483e-05,7.37617446553429e-05,-2.15881318039735e-05,1.10980885885681e-05,2.46846678084722e-05,-0.000215293812220629,-0.000166720643605345,-0.00154761508515566,-2.86816172074822e-05,-2.97589287470146e-05,-1.05953242170997e-05,-0.00171002896217409,5.04661130364958e-05,5.31710545548236e-06,2.56401306479859e-05,2.8554249533741e-05,-2.99014887765736e-05,1.38260418767189e-05,2.46846678084722e-05,4.24325250758528e-06,-0.000697592933548208,-0.000150947548978486,-0.00252514139221915,1.38260418767189e-05,-9.50307413329909e-05,1.38260418767189e-05,5.31710545548236e-06,-4.40765983862335e-05,-2.07883797642694e-05,-1.83437032577061e-05,1.10980885885681e-05,6.8707111006816e-05,-0.000252193160855008,-0.00185906087394194,-2.05664773655911e-05,3.61740166692215e-05,2.46846678084722e-05,3.51331481862616e-06,-3.29847990396814e-05,2.75319266211937e-05,-0.0015426317111924,2.46846678084722e-05,-5.49970715848502e-05,2.56401306479859e-05,-0.00404830467642991,3.32526949335943e-05,4.53429661666505e-05,-0.00185906087394194,-3.22250680149239e-05,-4.47918261547997e-05,-2.42071953611145e-05,3.91651944919857e-05,-2.66958855572597e-05,3.59922404902235e-05,-0.00175018602939137,-0.000877517566832964,-0.000169775540274308,-0.000799807011501841,-0.00292186844011155,2.18648926120224e-05,-0.000533439535334246,-0.00170932958149095,-4.26247946601066e-05,-0.000493176012692054,-0.00417997455929964,-0.000632935383603872,-0.000259456172653216,-2.83144040347239e-05,-0.000152905505820478,2.46846678084722e-05,2.95418017808302e-05,2.56401306479859e-05,-0.00292186844011155,-0.00351388125508656,-5.56768201311897e-05,-0.00633219928813133,1.09262729992565e-05,-0.00306605062779131,5.61481350063175e-05,1.10980885885681e-05,-0.00117162418217909,3.46045863102162e-05,-0.000169775540274308,-0.00351388125508656,-4.26247946601066e-05,-0.00528833013369656,2.11017035312011e-06,-0.00291607357808843,-8.21882953072617e-05,-0.0039838271145376,1.09262729992565e-05,-0.000118623891014025,-1.05953242170997e-05,3.51925734145553e-05,-0.00252818153182055,-1.05953242170997e-05,-0.00229909882317969,-0.00193578104538528,-0.00371256035946121,5.31710545548236e-06,-0.000140221546536701,8.1195480295726e-05,-0.00187437048420058,-0.00261537766966136,1.47509723840145e-05,-0.00193578104538528,-0.00191837721036681,2.66034949403249e-05,-0.000171027679723323,1.38260418767189e-05,-0.000116414475101578,-0.000299161761715183,-0.00241044550784508,-1.05953242170997e-05,-6.84325903241856e-05,-9.37535358112029e-05,-0.00196522778056263,5.31710545548236e-06,-0.0021235725628248,-0.000121913598539969,-0.00019621760236177,-0.00311137379243265,-5.43103607748563e-05,2.62334352019167e-06,-0.00204269730939988,-1.55667651169367e-05,-4.18880120127696e-05,-0.00181567130708427,1.74119570406361e-06,-5.83856101723512e-05,3.51331481862616e-06,8.08385875128437e-06,8.22282770656102e-05,-3.06835158720986e-05,-7.873948868653e-05,-8.81482092554009e-05,-0.0057906743418874,-0.000138982273252708,-0.00272563254266966,-0.00124576993368031,-0.00195987494119532,-7.873948868653e-05,-3.29847990396814e-05,-0.0019847445957728,-7.10408335420354e-05,-0.00238359328124282,-0.000104836612494275,0,8.66778448127548e-07,-0.000807386591647585,-0.00153968123686532,-7.873948868653e-05,-0.00102937050828222,-0.000215231813563754,-0.00582463831001512,1.19996866798644e-05,-0.00144370642167679,-0.00214773870589546,-0.000116750721248948,0,8.08385875128437e-06,-4.33542886852933e-05,-0.00185622288650755
"20:16276056:T:C",1.31985138205337e-05,0.000282438483020009,-7.19518179792544e-06,9.75585167406479e-06,4.20204275677349e-05,-9.71780198328887e-05,-5.56875384916111e-07,-1.65656722508345e-05,7.75810806885602e-06,-0.000336783824476328,-1.05953242170997e-05,-0.00559311023170928,0.000229764042411595,7.78077916763209e-06,2.06153396238307e-05,-8.25068879706237e-06,-5.13025971331516e-05,5.62071039782452e-05,1.91367401578546e-05,8.43188385601934e-06,2.64147541377824e-05,-0.000185510829870061,2.28970819859953e-05,0.00014207013050882,-1.4449520564952e-05,7.78077916763209e-06,1.7691803494202e-05,-0.000377570218326184,-9.54307445102387e-05,-2.88288036918161e-05,3.45583963605733e-05,8.39187322441148e-05,-7.19518179792544e-06,6.77226783256657e-05,-0.000158105904760397,3.7474149809924e-06,1.8410388753054e-05,2.06153396238307e-05,-1.97551825218412e-05,9.75585167406479e-06,1.7691803494202e-05,8.59943877067337e-05,3.02453943428205e-05,-8.79640735638176e-05,9.75585167406479e-06,9.75585167406479e-06,-1.95350954816931e-05,9.75585167406479e-06,3.7474149809924e-06,-2.86841319576681e-05,-1.39172413762267e-05,-1.22843831880104e-05,7.78077916763209e-06,5.33383864045334e-05,-9.33417597464015e-05,-8.8471117924982e-06,0.000220235663907609,2.64147541377824e-05,1.7691803494202e-05,2.47033254652251e-06,-2.17637737822685e-05,1.99193744778725e-05,-1.72167867926731e-05,1.7691803494202e-05,-3.53168015703176e-05,1.8410388753054e-05,5.71814736449738e-06,2.41471140718374e-05,3.36318596998453e-05,-8.8471117924982e-06,-2.12700145123534e-05,0.00182032951166811,-1.60121443997241e-05,2.87601328707865e-05,-1.76534838702835e-05,0.000122261397928369,8.47961752192816e-06,-0.00058703015535233,-9.77168286402375e-05,4.16362250845737e-05,1.7691803494202e-05,1.5583353294879e-05,-4.33211669559341e-05,-1.82660711889326e-06,-2.77595479065695e-05,9.73524258816028e-05,2.08211161947247e-05,-2.45053097280845e-06,1.2859127548559e-05,-1.87163716427463e-05,-8.91984198858609e-05,1.7691803494202e-05,2.13671921578396e-05,1.8410388753054e-05,1.7691803494202e-05,1.69811899768391e-05,-3.5740978083787e-05,0.000198171858698082,7.75810806796784e-06,-4.96350511713928e-05,4.24928204427744e-05,7.78077916763209e-06,8.6450424102047e-05,2.52596993499665e-05,-9.77168286402375e-05,1.69811899768391e-05,-2.77595479065695e-05,9.18411933987784e-05,3.90048909180152e-05,-3.67711621596101e-06,0.00147122763831042,-7.64722095603076e-06,7.75810806796784e-06,9.71646741021459e-06,-7.19518179792544e-06,2.56504295226279e-05,0.000502887914206163,-7.19518179792544e-06,6.22570678849854e-05,3.10528250935249e-06,0.000226244759494065,3.7474149809924e-06,0.000165148628179956,6.48024026128624e-05,3.77767673551688e-05,-7.80831442224184e-05,1.04289585758366e-05,3.10528250935249e-06,0.000104782146798321,1.91370806774671e-05,-5.12261188170271e-05,9.75585167406479e-06,-6.98468209119341e-05,0.000191473113028806,-8.78180121661742e-05,-7.19518179792544e-06,-4.33211669559341e-05,-5.77723016927933e-05,9.1540150032543e-05,3.7474149809924e-06,-4.87614766786493e-06,7.85467240103088e-05,7.7346522761701e-05,0.000211088654083369,-3.48877800577796e-05,1.84244523282473e-06,1.82487613953342e-05,-0.000268053265888746,-2.72893687878195e-05,-0.000149088218969418,1.22150336778759e-06,-3.04749997903642e-05,2.47033254652251e-06,5.71814736360921e-06,6.57882601453608e-05,-2.02658133652278e-05,-4.92228791753035e-05,-1.82660711978144e-06,9.04409173587695e-05,-9.14790097885643e-05,-1.4885270381626e-05,4.21184043037925e-05,4.58715891529238e-05,-4.92228791753035e-05,0.00182032951166811,5.25945093352576e-05,-3.87125371519303e-05,-0.000134113030442862,-6.37718665821296e-05,0,6.07392329321499e-07,-3.53168015703176e-05,2.56504295226279e-05,-4.92228791753035e-05,-1.93891442252792e-05,-6.82052908658193e-05,6.60703577537447e-05,8.43188385601934e-06,2.34331792992037e-06,4.49287534287635e-05,-0.0001817587910935,0,5.71814736360921e-06,-2.82244393945419e-05,2.87601328707865e-05
"20:16276215:A:C",-0.000469945732447741,-0.000901975926321352,0.000229764042411595,-0.000138741347634586,-0.00346321780954417,-0.00614432881095395,-0.00516868624761946,-0.00188734181269989,-0.00479249822311356,-0.0059649009854934,-0.000159335773266989,0.000229764042411595,0.494789998943483,-0.000283938408038864,-8.99545743129337e-05,-0.00239944874132503,-0.00157737723553542,-0.0013989765442437,-0.000192186748762868,-0.00127988069234064,5.43926857243804e-06,-0.0047499066705643,0.000144361724117026,-0.00401105063034635,-0.000490202425358355,-0.000283938408038864,-0.00364666090136367,-0.00239660478338299,-0.00124083889280113,-0.00168756210304144,-0.000217805357523471,-0.0056580677397986,-0.000236323649542847,-0.000801159543831531,-0.0104578836105889,-0.00114425418981678,-0.000270972659504487,-0.00159735532130867,-0.00800165089362892,-0.00163557588904784,-0.00364666090136367,-0.00995053415455294,0.000314513704892772,0.000331838848326438,-0.00477806413640369,-0.00938299601224024,-0.000304895911757086,-0.00163557588904784,-0.00134602936561734,-0.0027652539343519,-0.000988213226329471,-0.000484174706911311,-0.000283938408038864,-0.00393849814100289,-0.00743404143853121,-0.00221215973807931,-0.00217103959671894,5.43926857243804e-06,-0.00627863484296398,-0.000346738318246054,-0.000245988862380919,-0.000563143556357115,-0.00343388691947677,-0.00364666090136367,-0.00225925925530923,-0.000270972659504487,-0.000137173484000996,-0.00155056463847281,-0.000391613605912333,-0.00221215973807931,-0.00193919038606438,0.000883146144312619,0.000319280910876518,-0.00089150077859701,-0.000202207257793852,-0.00808585703952192,-0.00351730148087803,-0.00372080458172253,-0.00244122247788292,-0.00393699132742054,0.000154659998392148,-5.34276750476792e-05,0.000252576146548833,-2.71259017687875e-05,0.000194828820353266,-0.00238656649194979,-0.00330755011244133,-5.58657094842374e-05,-0.00608838534827383,-0.0044337637381755,-0.00303425890017017,-0.00364666090136367,-0.00907104863427444,-0.000270972659504487,0.000154659998392148,-0.00595935629790301,0.000137159680647869,-0.00761918926868299,-0.000888599570977533,-0.00663168224249988,-0.00213581336754753,0.00022200185603527,-0.0010871684029321,-0.00974352147204316,-0.00244122247788292,-0.00595935629790301,-0.0017497375822586,-0.0113126645981967,-0.00299573858595137,-0.000180080651573711,-0.00377110625349797,-0.00164795574150167,-0.000308602903353439,-0.008216107737407,0.000229764042411595,-0.00855604757097872,-0.00318935522911579,-0.000236323649542847,-0.00968265422359682,-4.39962919713821e-05,-0.0071755816929322,-0.00919459234960573,-0.00549411083509765,-0.00414909961508148,-0.00442322009413321,-0.00373051977771377,-0.0065488293490672,-0.00355424616986877,-0.000346035153005797,-0.00338428082810083,-0.000558085082651871,-0.000138741347634586,-0.000399643034561414,-0.00727206088941479,-0.00501787015616717,0.000229764042411595,-0.00286572111074879,-0.0109070745736894,-0.00016702570969418,-0.00683997190377728,-0.00154755720591471,-0.000306446887817113,-0.00732578769915948,-0.00400539720407744,-0.00442179125785724,-0.000541572754615416,-0.00137823928349068,-0.00122316863026706,-0.000583660862155,-0.004848082623782,-9.13362427246156e-05,-0.0034001562225372,-0.00452857000675433,-0.00469496661638047,-0.00529835347489449,0.000170771617917787,0.000415811093515739,-0.000121328834699952,-0.00182664860164783,-0.00877737117690547,-0.00259382025639887,-0.00527665940958277,-0.00223055482311096,0.000415811093515739,0.000671503166790544,-0.0015712838175701,-0.00160494702323133,-0.00233616629740885,-0.00473874444807665,0,-0.00438958701814052,-0.00358674411790183,-0.0007169680208996,0.000415811093515739,-0.00232586088593534,-0.000397792948308329,-0.00168021275327224,-0.00127988069234064,-0.0026431670825815,-0.00214439642310493,-0.00344124450161454,0,-0.00292330001179542,-0.00595676432421932,-0.00302702598849258
"20:16277739:C:G",-1.48312311774035e-05,-0.000401903779922996,7.78077916763209e-06,-1.08106461826907e-05,-4.89197692852272e-05,8.28114967657001e-05,4.79797490626765e-08,1.73494283863818e-05,-9.04662089595831e-06,0.000295413540863265,1.10980885885681e-05,7.78077916763209e-06,-0.000283938408038864,-0.00320350577343653,-2.29760244234711e-05,8.36296320283481e-06,5.45323920029261e-05,-6.30891055353189e-05,-2.17917317986149e-05,-9.26729003491999e-06,-2.92724335579919e-05,-0.00028295705748782,-2.56518407555362e-05,6.79347473067082e-05,1.55833532957672e-05,0.00205388993281996,-1.95545265011532e-05,-0.000116302888140574,9.79047549272138e-05,3.00333454745783e-05,-3.88546794720668e-05,0.000563168889422982,7.78077916763209e-06,-7.64116237315093e-05,0.000138767133885942,-4.36298639083788e-06,-2.03947845598407e-05,-2.29760244234711e-05,2.10697272287064e-05,-1.08106461826907e-05,-1.95545265011532e-05,-7.39758164947091e-07,-3.4301765380107e-05,9.13311552874774e-05,0.000322765560832217,-1.08106461826907e-05,2.00180074036993e-05,-1.08106461826907e-05,-4.36298639083788e-06,3.0724407713123e-05,1.49647211040715e-05,1.30653618430898e-05,0.00205388993281996,-5.96777383670144e-05,9.43652631058001e-05,9.05919197968785e-06,0.000325984784635303,-2.92724335579919e-05,-1.95545265011532e-05,-2.87469436344168e-06,2.34078448224651e-05,-2.27115076825157e-05,1.72928944959239e-05,-1.95545265011532e-05,3.76502734749096e-05,-2.03947845598407e-05,-6.66255284098582e-06,-2.66150414232058e-05,-3.72767989436085e-05,9.05919197968785e-06,2.28334189147361e-05,3.12543772285068e-05,1.67028418900372e-05,-3.20258793911066e-05,1.86193093325571e-05,-0.000156305638336462,-1.05429265984114e-05,0.000499410183008919,0.000101769479501357,-4.62573883242001e-05,-1.95545265011532e-05,-1.7091781562506e-05,4.61283434463056e-05,1.53015108850241e-06,2.9645908089293e-05,-0.000111859210981891,-2.44035066332415e-05,2.25792706753936e-06,-3.00629784018014e-05,1.98590555458011e-05,9.30932400411422e-05,-1.95545265011532e-05,-2.38572010546889e-05,-2.03947845598407e-05,-1.95545265011532e-05,-1.87240526248189e-05,3.81469132699763e-05,-0.00024127072321356,-9.04662089595831e-06,5.12561977306092e-05,-4.7268480264151e-05,-8.50887695591496e-06,-9.77650989204548e-05,-2.84275297932624e-05,0.000101769479501357,-1.87240526248189e-05,2.9645908089293e-05,-0.000110727886763584,-4.41125084993388e-05,3.68764713076786e-06,5.45323920029261e-05,7.65818123582562e-06,-9.04662089595831e-06,-1.60297877247473e-05,7.78077916763209e-06,-2.83762147370581e-05,7.51996797223597e-05,7.78077916763209e-06,-7.03087918694223e-05,-3.61447029373352e-06,0.000142197310924352,-4.36298639083788e-06,9.23191095063558e-05,-7.25137619985716e-05,-4.21586585925837e-05,8.09437143516334e-05,-1.15959004727273e-05,-3.61447029373352e-06,-0.000216465011911637,-2.12450007754938e-05,5.31808478232421e-05,-1.08106461826907e-05,7.26752608830594e-05,5.98588358826646e-05,9.11225170527885e-05,7.78077916763209e-06,4.61283434463056e-05,6.10738888164875e-05,-0.000246742948579737,-4.36298639083788e-06,5.08393166676058e-06,-8.90036659093596e-05,3.04979981828879e-05,-0.00026740225667865,3.71477935336983e-05,-2.14350637772753e-06,-2.20770504606449e-05,-2.84851318106405e-05,2.90971600120926e-05,-0.000224955895403056,-1.42075762887828e-06,-0.000295979967208204,-2.87469436344168e-06,-6.66255284098582e-06,-7.36906083602662e-05,2.16644779129638e-05,5.20623169775192e-05,1.53015108672605e-06,-0.000103887460073615,-0.000230913253929543,1.53856559119703e-05,-5.41788416050792e-05,-5.17385521749958e-05,5.20623169775192e-05,2.34078448224651e-05,-5.92435106794298e-05,-0.00029285793620204,0.000137217813347412,6.69267462267698e-05,0,-7.06302828668015e-07,3.76502734749096e-05,-2.83762147370581e-05,5.20623169775192e-05,1.1496493893759e-05,7.06002096020342e-05,-7.65166306333498e-05,-9.26729003491999e-06,-4.05800614622365e-06,-5.06196104606005e-05,-0.00019097139352553,0,-6.66255284098582e-06,3.01882872415504e-05,-3.20258793911066e-05
"20:16277785:C:G",-4.11864598488521e-05,-0.00447555332842331,2.06153396238307e-05,-0.000152604058029304,-0.00142352158158232,-0.000716168740934275,-0.00263034100045001,-0.00238212197105092,-0.00279033824499297,-0.00185522788299863,-0.00226705625565238,2.06153396238307e-05,-8.99545743129337e-05,-2.29760244234711e-05,0.211954361914668,-0.00247347431657197,0.000138460418637187,-0.00110584218774967,-0.00278661419923587,-2.51475689490022e-05,-8.0935258819359e-05,-0.00181076396983215,-7.1517942159538e-05,-0.00354318675814458,4.1009035243178e-05,-2.29760244234711e-05,-5.36475429102623e-05,-0.000934999350053367,-0.00736265355612975,-2.4225433019609e-06,-0.00307508081447505,-0.00127589527197269,2.06153396238307e-05,-0.00122756787250289,-0.000719577422920725,-1.23837077170563e-05,-5.60969275715806e-05,-6.3647925338195e-05,-0.00264226722913907,-2.95775049687919e-05,-0.00106606592060832,-0.0018529051845535,-0.00280465183958523,-0.00236465433090505,-2.95775049687919e-05,-2.95775049687919e-05,-0.00504458799808205,-2.95775049687919e-05,-0.00381050650677928,7.9681098484663e-05,3.92990094368884e-05,-0.000153479106816512,-2.29760244234711e-05,-0.000169153295154878,-0.00641893347257483,2.28491500102734e-05,-0.00294201622186296,-8.0935258819359e-05,-5.36475429102623e-05,-8.14603825105564e-06,6.11767031717392e-05,-6.42274532092202e-05,-0.00184610534368623,-5.36475429102623e-05,-0.00356408949923903,-5.60969275715806e-05,-0.00266978872626922,-7.31016902824067e-05,-0.000103510503097759,2.28491500102734e-05,5.9606514962951e-05,8.1113869833338e-05,-0.00229339633618331,-0.000228948844420707,4.80197549821426e-05,-0.00445702495663802,-0.00164329176194311,-0.0112896404907739,0.000246377713343904,-0.0048191185769646,-5.36475429102623e-05,-4.64930268586627e-05,0.000117932317162506,-0.00287953794062634,7.6759412099392e-05,-0.000401673267844238,-7.07963857955463e-05,5.09108147905835e-06,-0.00489587714359452,-0.00514372097522386,0.00022718866760929,-5.36475429102623e-05,-6.62348494051557e-05,-5.60969275715806e-05,-5.36475429102623e-05,-5.12308553899388e-05,9.82034834784429e-05,-0.00195322733187364,-0.00189805974608248,-0.00190654051531336,-0.000132386566956022,-2.29760244234711e-05,-0.000772885953879587,-7.97272702364182e-05,0.000246377713343904,-5.12308553899388e-05,-0.00329681925113778,-0.00175736947714356,-0.000125449891717366,9.1285766519178e-06,-0.00479280007919947,1.89131818704169e-05,-0.00189805974608248,-0.00275617547407148,2.06153396238307e-05,-7.82886785835046e-05,-6.49943321651136e-05,2.06153396238307e-05,-0.000202330006068507,-1.02506993497897e-05,-0.0017515280724103,-1.23837077170563e-05,-0.00197984652057581,-0.000206706830796932,-0.00125804382565686,0.000198540913340928,-3.1837044558003e-05,-1.02506993497897e-05,-0.00434557512409439,-5.85796666570104e-05,0.000132927265691585,-2.95775049687919e-05,-0.00178794109475344,-0.000447019411221383,0.000221990255962368,2.06153396238307e-05,0.000117932317162506,-0.00368696972199523,-0.00226189542525734,-1.23837077170563e-05,1.30590542983811e-05,-0.000470661158483487,-0.00031770031113254,-0.00227416633861388,9.55225519803093e-05,-6.06917058920686e-06,-0.00255376854473255,-0.000126804445070405,-0.00288373789106089,-0.00349993337829879,-4.0195567185819e-06,-0.000526166465599331,-8.14603825105564e-06,-1.89585773862078e-05,-0.000210403699909989,-0.00176883455155252,-0.00132746162525343,3.03084530361986e-06,-0.000862237746713568,-0.00983050224252313,-0.0022756146915075,-0.000780197505663605,-0.000217155407404412,-0.00132746162525343,6.11767031717392e-05,-0.00128148870027012,2.50950523916771e-06,-0.00351013346305074,0.000167059339621467,0,-1.99667072120491e-06,9.68717390499307e-05,-7.82886785835046e-05,-0.00132746162525343,-0.000554438123309353,0.000174222293757964,-0.000933897818290674,-2.51475689490022e-05,0.000628934178780405,-0.00021777229754516,-0.00875213587582113,0,-0.00266978872627011,7.82297328809634e-05,-0.00334812679522756
"20:16285087:G:A",1.38450079747443e-05,-0.00159772208433839,-8.25068879706237e-06,1.03923276615348e-05,-0.00173137334258211,-0.00710457133897657,0.00145339118158549,-0.00292950488421528,0.00104831878683775,-0.00549979643020837,-0.00172487276249988,-8.25068879706237e-06,-0.00239944874132503,8.36296320283481e-06,-0.00247347431657197,0.286954552358271,-6.94731833208451e-05,-0.00136119515939903,-0.00450500397920539,9.03585799161277e-06,2.60251156820601e-05,-0.0027310244695351,2.29616497495755e-05,-0.00535526179388057,-5.09243123580916e-05,8.36296320283481e-06,1.81754753540986e-05,-0.000953418024311148,-0.000272986704930922,0.00159819365161695,-0.00235005565056667,-0.00309860069489076,-8.25068879706237e-06,-0.00143718581696373,-0.00336042758877531,-0.00210677692010197,1.88512330252522e-05,2.0894785393466e-05,-2.38648749286696e-05,1.03923276615348e-05,1.81754753540986e-05,-0.00144360849675529,-0.00209427660475825,-0.00655951089203555,-0.00179684137138381,1.03923276615348e-05,-0.00139453733844519,1.03923276615348e-05,4.09022682035243e-06,-3.58199919956448e-05,-1.64102599544691e-05,-0.00157551112660759,8.36296320283481e-06,4.55033946229477e-05,-0.00263618236434926,0.00181258890134472,-0.00926734719630185,2.60251156820601e-05,1.81754753540986e-05,2.7102684727609e-06,-2.64602995390106e-05,-0.0020234015201579,-0.00089353279716331,1.81754753540986e-05,-0.00418828795728032,1.88512330252522e-05,-0.00206196863596375,2.40502875215043e-05,3.19494053284686e-05,0.00181258890134472,-2.58192573943106e-05,-3.64382315147793e-05,-1.9115902240685e-05,-0.00139038266485958,-0.00264597411508749,-0.0054570052898324,-0.00207960640435445,-0.00140102003392251,-0.00808703812262213,3.79174134321758e-05,-0.00147528339975889,1.61650979517702e-05,-0.0032379592275058,-0.00410191141919825,-3.45675016824032e-05,-0.00335329302815079,0.000127879132135078,-0.00189823362245178,-0.00699310848051349,-2.2535407642188e-05,-0.00757554513432623,1.81754753540986e-05,2.15812265187409e-05,1.88512330252522e-05,-0.00147528339975889,1.75025069442114e-05,-4.58282548647659e-05,-0.00488740684835243,8.32945641260352e-06,-0.00871641089839503,3.85222775225458e-05,8.36296320283481e-06,-0.0009101599699326,-0.00224820654333158,-0.00808703812262213,1.75025069442114e-05,-0.00389003830126455,-0.00451798502720369,-0.00183345580914906,-0.00187305697270101,-6.94731833208451e-05,-0.000430091335808847,8.32945641260352e-06,-0.00721051351163293,-4.98688053598428e-05,2.53649223891372e-05,-0.00139370845375364,-8.25068879706237e-06,5.03839014847074e-05,-0.00216636722306074,-0.00225199489585215,4.09022682035243e-06,-0.00147047596572492,5.15406783483385e-05,3.51387909454104e-05,-0.00244554267201824,-0.00252890681626461,-0.00216636722306074,-0.00342179632771744,1.95297360221502e-05,-0.00521367897938685,-0.00272698460018894,-0.00292040205084998,-0.00546132632892515,-0.00274032508329114,-4.98688053598428e-05,-0.000719199658362868,-8.00580030135833e-05,-0.00336119693889625,4.09022682035243e-06,-5.55334156970844e-06,-0.00283902742173403,-0.0058630039494556,-0.00157783842653814,-0.00372673569327819,-0.00226045768726824,-0.000699447376939055,-0.000439150951780931,-3.39331316716596e-05,-0.0058139674739035,-0.00245329329182642,-0.00164877397671503,-0.00513604738907691,6.19123866929527e-06,5.2003629734898e-05,-0.00126693811186041,-0.000940675091652743,-0.00175200033595235,-0.00263494495149708,-0.00539449630548816,-0.00511588322154743,-0.00144125159723307,-0.000254951323724661,-0.000940675091652743,-2.64602995390106e-05,-1.96081977712481e-05,-0.00166280361216309,-0.000728512642682588,0.000318317927637146,0,6.71373927119134e-07,-0.00284354097068995,2.53649223891372e-05,-0.000940675091652743,-0.00201282942401981,-9.85798337094224e-05,-0.000683060597980401,9.03585799161277e-06,-0.00346801303593569,-0.000245803933291988,-0.00257932582035636,0,-0.00208767297203849,-3.51964351592571e-05,2.80163006074474e-05
"20:16288441:C:T",8.56379868618973e-05,-0.000333675871443617,-5.13025971331516e-05,6.58694949446925e-05,-0.0046477907363256,-0.000575250015010909,-1.44939674697753e-05,2.89156962285375e-05,4.38402600879684e-05,-0.000711728245555321,-8.21882953072617e-05,-5.13025971331516e-05,-0.00157737723553542,5.45323920029261e-05,0.000138460418637187,-6.94731833208451e-05,0.104284108857637,0.000384438014065402,-0.000452367325518566,5.82694575390619e-05,0.00018162241241626,-0.00152470498579405,0.000151748164420873,-0.00314852914979102,-0.000103077627083614,5.45323920029261e-05,0.000121440558363162,-0.000757960835094273,-0.000428074935333811,-0.000223452422729586,-0.000583561643905384,-0.0011333253131367,-5.13025971331516e-05,0.000461973373488966,-0.00269403160432269,2.11697997212212e-05,0.000125623363756766,0.000138460418637187,-0.000710228235309529,6.58694949446925e-05,0.000121440558363162,-0.000335882900132312,0.000194566069483315,-5.40244061353334e-05,6.58694949446925e-05,6.58694949446925e-05,-0.00135135380440765,6.58694949446925e-05,2.11697997212212e-05,-0.000205753958597121,-0.00010019363576852,-9.13446858463729e-05,5.45323920029261e-05,0.000367061545656355,-0.00143607284839486,-7.27081581404221e-05,-0.00389595220042516,0.00018162241241626,0.000121440558363162,1.39539838892588e-05,-0.000155331411295201,0.000124257227644975,-0.000290702395117748,0.000121440558363162,0.00100107385698678,0.000125623363756766,3.23076482100504e-05,0.000168265440352755,-0.00202202142008634,-7.27081581404221e-05,-0.00015272850961523,-0.000208070386256587,-1.33152597632247e-05,0.000195440733588015,-0.000133655368300012,-0.00218354573562962,-0.000353437456196204,0.00104182381796658,-6.35870056013843e-05,0.000288803864261666,0.000121440558363162,0.000109169612405147,-0.00031155671109051,-2.15376836445458e-05,-0.000201041751505926,-0.000231215743573543,-0.000496144505859775,-2.49982869098275e-05,-0.00319662754203165,-0.000139262412827357,-0.0001017645519239,0.000121440558363162,0.000142838432011239,0.000125623363756766,0.000121440558363162,-0.00205338075429218,-0.000257229105439016,-0.00347011561675092,4.38402600870802e-05,-0.000399612262938831,0.000293949186084497,5.45323920029261e-05,0.000597473830270978,0.000165510758217025,-6.35870056013843e-05,-0.00205338075429218,0.000543053147408656,-0.00341760057487939,-0.000377271125149292,-3.18004944350747e-05,-0.000367841021646775,-0.00053111681624074,-0.000189616190739983,-0.00312921654618936,-5.13025971331516e-05,0.000177119981079166,-0.000528393918997061,-5.13025971331516e-05,-0.000584975630934181,1.75414253309469e-05,-0.00616785541036347,2.11697997212212e-05,-0.00296088952359863,0.000451091901338074,-0.000780831300540186,-0.000350997308425249,6.97338887336585e-05,1.75414253309469e-05,-0.0025887055827214,0.000129853728650708,-0.000640212791885197,6.58694949446925e-05,-0.000332686670943438,-0.000629565106751606,-0.000305538837945818,-5.13025971331516e-05,-0.00031155671109051,-0.000418308158891989,-0.00244151097188272,2.11697997212212e-05,-3.84485318196681e-05,-0.000797270599147026,-0.000720418120283561,-0.00366046199194248,-0.000253063174988633,1.0406786616457e-05,9.00057582144953e-05,-0.000440116804559132,0.000190270648173119,-0.00198411628403239,6.89916010365721e-06,-0.00688462556845071,1.39539838892588e-05,3.23076482091622e-05,0.000457141816301743,-0.000147433928888496,0.000332114721241616,-2.1537683645434e-05,-0.00428181849446752,-0.00181814521684398,-0.000119046351588104,-0.00582945135946122,-0.000508972739229563,0.000332114721241616,-0.000155331411295201,0.000354655190794695,-0.000482719994647773,-0.000267652142522223,-0.000469037970246333,0,3.43044587935992e-06,-0.000255158083406037,0.000177119981079166,0.000332114721241616,-0.00519363124478112,-0.000624793093580323,-0.0044646168541238,5.82694575390619e-05,-0.000260423940220633,-0.000535438958746859,-0.00196236294042151,0,3.23076482091622e-05,-0.000203411230513595,-0.000914514651112697
"20:16292095:T:C",-0.000119490102630238,-0.00024230700964889,5.62071039782452e-05,-0.00108119432928611,-0.00277161847331797,-0.000290320109406661,-0.00128585689586558,0.000113082579052737,-0.00121654094758927,-0.00151454004127016,-0.00164012413558723,5.62071039782452e-05,-0.0013989765442437,-6.30891055353189e-05,-0.00110584218774967,-0.00136119515939903,0.000384438014065402,0.17680050638992,-0.000182326950793232,-6.98210695952994e-05,-0.000806956248946555,-2.84483928933987e-05,-0.0013156236630385,0.000526370940251653,0.000112172632078966,-6.30891055353189e-05,-0.000149149837064932,-7.1361034565065e-05,-0.000601098918383336,4.40079532015858e-06,-0.000310189504956426,-0.000784882429832656,5.62071039782452e-05,0.00289278273955951,0.000722498799593296,-3.8880585901957e-05,-0.00015664299871343,-0.00110584218774967,0.000146823602138468,-8.3548859517002e-05,-0.000832488948788956,0.00151337282434927,-0.00269930866492807,-0.00398931821528503,-8.3548859517002e-05,-0.00108119432928611,0.000120288831321425,-8.3548859517002e-05,-0.00136917717386087,0.000218553197939286,0.000106640252951706,8.96104655216945e-05,-6.30891055353189e-05,-0.000462356932543706,0.000229014284974127,-0.00123635337596362,0.000112121253281749,-0.000806956248946555,-0.000832488948788956,-2.55820328645129e-05,0.000167890648858915,-0.00439598322600165,-0.00244115405858558,-0.000149149837064932,0.000265066052405061,-0.00015664299871343,-0.00134137229837794,-0.000200193336279852,-0.00057919752901725,-0.00123635337596362,0.00016272478706636,0.00022335509042648,0.000107190714066618,-0.000498166745517281,0.000124630166872031,-0.00158121248945564,-0.00189262076579411,-0.00371295798199345,-0.00570103431154756,-0.000517903950809639,-0.000149149837064932,-0.000127250406293022,0.000325282003315941,-0.00144531404297688,0.000208763229803566,0.000784652600996694,-0.0052595405652438,-0.00147024752315961,-0.00150345556595788,-0.00186655060557417,-0.00606573813834554,-0.000149149837064932,-0.0011404148628964,-0.00015664299871343,-0.000149149837064932,-0.000141754605810007,0.00026962165075517,-0.000187631659853693,-0.00162247925389369,-0.000431645302214179,-0.000361889087730383,-6.30891055353189e-05,-0.000315435872665581,-0.00246246751276313,-0.00570103431154756,-0.000141754605810007,0.000208763229803566,-0.00259774076008012,-0.000358129478207125,-0.00155174084325793,-0.000907145667188303,-0.00123400936173557,-0.00162247925389369,-0.000347909398992208,5.62071039782452e-05,-0.000215883360569435,-0.00173101333042247,5.62071039782452e-05,-0.00219080337417399,-3.2187633825842e-05,-0.00349591804680927,-0.00136917717386087,-0.00268267995914595,-0.000556572810983091,-0.000327574663963937,0.000217834761800262,-9.05481323378865e-05,-3.2187633825842e-05,-0.0031266769068532,-0.00354632038492753,-0.00307891601411203,-0.0037675326241553,0.000186531204600549,-0.00219270029542784,0.000217147494122827,5.62071039782452e-05,0.000325282003315941,-0.00324673443093992,-0.00197481596732008,-0.00136917717386087,-0.00173101834084299,-0.000707226828028595,-0.00254463634735469,-0.00152805507273834,-0.00177523127423385,-0.00322810133630558,-0.0005434029051683,-0.000243492585919824,0.00020377274195571,-0.00503565241547665,-1.26261717738885e-05,-0.000387804826028848,-2.55820328645129e-05,-0.00134137229837883,-0.000463668188716682,-0.00203778780400832,-0.00060377630406272,2.30616425511698e-07,-0.00212020201337193,-0.00735397897922674,-9.28576437306816e-05,-0.000674844323797608,-0.000414539100034972,-0.00060377630406272,0.000167890648858915,-0.00590286874009305,-0.000494222333498051,0.00051071684551296,-0.00176036970533922,0,-6.27266164965334e-06,0.000265066052405061,-0.00251511636229562,-0.00060377630406272,-0.00543365044974564,2.7611675297301e-05,-0.00160235062888603,-6.98210695952994e-05,-0.00173354685704297,-0.000404312902368531,-0.000937461333676115,0,-0.000212707912502275,-0.00161861802267449,-0.000248544416283636
"20:16293897:C:T",-3.93704052008559e-05,-0.00360463426039193,1.91367401578546e-05,-2.81251217364442e-05,-0.000174997508387342,2.39868788645126e-05,-0.00481535130971888,-0.00259964026551174,-0.005116509070759,-0.0022282844232846,-2.11468200301823e-05,1.91367401578546e-05,-0.000192186748762868,-2.17917317986149e-05,-0.00278661419923587,-0.00450500397920539,-0.000452367325518566,-0.000182326950793232,0.235434084399918,-2.38701457657697e-05,-7.88431646023824e-05,-3.99138254323361e-05,-6.9378901051742e-05,-0.00598121607425206,3.76540132789316e-05,-2.17917317986149e-05,0.00010873665006006,-3.97111871111022e-05,-0.0023173235860412,-0.00397536746176197,-0.0033132969460139,-0.000485219809926996,1.91367401578546e-05,-0.000226824224431432,-0.004875378389952,-1.16358135793249e-05,-0.00162635518864995,-6.15184895575993e-05,-0.00154519105385198,-2.81251217364442e-05,-5.16162409320842e-05,-0.00600493725332552,-8.95436756005452e-05,-0.00262518741911055,-2.81251217364442e-05,-2.81251217364442e-05,-0.00515311560694087,-2.81251217364442e-05,-1.16358135793249e-05,7.15799166055575e-05,3.61329096119078e-05,-0.00175921577280569,-2.17917317986149e-05,8.3605149340471e-05,-4.09968622330226e-05,-0.00480586927694038,-0.000465904783684135,-7.88431646023824e-05,-5.16162409320842e-05,-0.00104834562694744,-0.00198911113588096,-0.0037869595042288,3.96003953548885e-05,0.00010873665006006,8.61545915809003e-05,-0.00162635518864995,-1.35016862383708e-05,-7.09623101800005e-05,-0.000101818261582842,-0.00480586927694038,5.41811266812076e-05,-0.000174041693550286,-0.000106625883325329,-0.00357973365957953,-0.002312084834589,-0.00041681218043621,-2.99867025841394e-05,-0.000230307765913373,0.000195479672748355,-0.000128567972090821,-5.16162409320842e-05,-4.45916456808249e-05,-0.000787604430019684,-2.18288704534331e-06,6.9115202546044e-05,-0.000358431911470447,-7.3635834928254e-05,-2.66046103458706e-06,-0.000166721837123962,4.70627838788928e-05,0.000183521005619802,0.00010873665006006,-0.0015590904922691,-0.00162635518864995,-5.16162409320842e-05,-4.92378350998024e-05,8.72441084132092e-05,-0.000136766935326715,-4.51964152548001e-05,-0.00368027517805647,-0.00203517879785231,-2.17917317986149e-05,-0.000299594105477752,-0.00341700540427858,0.000195479672748355,-4.92378350998024e-05,6.9115202546044e-05,-0.000271658402937636,-0.00172028988659534,-0.00210451177916227,0.000119758263504188,-0.0047563644437929,-4.51964152548001e-05,-8.81931589740148e-05,1.91367401578546e-05,-7.61742229311579e-05,-0.000100295101622905,1.91367401578546e-05,-0.0029467377264325,-0.00237792099450651,-0.000775779518970232,-1.16358135793249e-05,-0.000359019579221798,-0.000211564149729782,-0.000116989743297324,-0.00439358662005773,-0.00280017566748647,-0.00191065442297322,-0.00680782305495953,-0.00165605495271937,-0.00384430374728328,-0.00299520207716686,-0.000311531796601372,-0.00013645162289766,-0.00287877110282686,1.91367401578546e-05,0.000103449991013527,0.000131696013565552,-0.00687664610340066,-1.16358135793249e-05,-0.00229215421930817,-0.000260740878132992,-0.000262814696805336,-0.00595108705124758,8.50483470653529e-05,-0.00249762817383381,-0.000475461852449399,-0.00108660005720473,6.78542918670644e-05,-0.00551036125915516,-3.75875492686362e-06,-0.00216303282115327,-7.63557906591217e-06,-0.00184209551782821,-0.00021565385219624,5.13995298980774e-05,-0.0037418847835049,-0.00243741160514066,-0.00361769018664937,-0.00651183162487179,-2.96079892647683e-05,-0.00491998091842927,-0.000798768692026997,-0.0037418847835049,5.55404729638553e-05,-0.000170975896701897,-0.000212029192113938,-0.00537214101910699,-0.00583373459275016,0,-1.86494091103384e-06,-0.00109273241767305,-7.61742229311579e-05,-0.0037418847835049,-0.00629562763995661,-0.00411185373314638,-0.00126813496369671,-2.38701457657697e-05,-0.000698956735143419,5.27562727095088e-05,-0.00232520317950735,0,-1.35016862383708e-05,7.03569388864622e-05,-8.71136429339003e-05
"20:16295263:C:T",-1.62030124863932e-05,4.8221768169654e-05,8.43188385601934e-06,-1.17892195010683e-05,-0.00151971964141673,-0.00160084115807457,2.48692693105568e-08,1.87271051403926e-05,-9.88400901658082e-06,-0.00149899255796271,1.19996866798644e-05,8.43188385601934e-06,-0.00127988069234064,-9.26729003491999e-06,-2.51475689490022e-05,9.03585799161277e-06,5.82694575390619e-05,-6.98210695952994e-05,-2.38701457657697e-05,0.0821648803229929,-3.20840449958837e-05,-0.00129185875588256,-2.81046993739764e-05,7.19558964235034e-05,1.68485690217324e-05,-9.26729003491999e-06,-2.13733578782183e-05,-0.00143225312445416,0.00010317641639368,3.22990930534672e-05,-4.27319714315644e-05,-0.000107217139078131,8.43188385601934e-06,-8.48833587001607e-05,0.000269563047531562,-4.75981272707315e-06,-2.2299507535628e-05,-2.51475689490022e-05,2.27354625454979e-05,-1.17892195010683e-05,-2.13733578782183e-05,-1.8410480517872e-06,-3.7696730149861e-05,9.64590192378267e-05,-1.17892195010683e-05,-1.17892195010683e-05,2.15733459514311e-05,-1.17892195010683e-05,-4.75981272707315e-06,3.3067493097505e-05,1.61806301779421e-05,1.41281955743366e-05,-9.26729003491999e-06,-6.59735287271701e-05,-0.00139562112115499,9.79080345597794e-06,-0.00174007242075902,-3.20840449958837e-05,-2.13733578782183e-05,-3.13468242207904e-06,2.5249546020234e-05,-2.48857462992191e-05,-0.00166782901231777,-2.13733578782183e-05,4.0434221880048e-05,-2.2299507535628e-05,-7.27380374332398e-06,-2.91418932123477e-05,-4.09450057379246e-05,9.79080345597794e-06,2.46322522814424e-05,3.36342940885359e-05,1.80294449059204e-05,-3.5137490288939e-05,2.00964243592949e-05,1.90678794353971e-05,-0.00142219218135065,-0.00169801407927128,0.000107134362238526,-5.09366870593553e-05,-2.13733578782183e-05,-1.86616060666722e-05,4.94147717944315e-05,1.63949465203928e-06,3.19134092405804e-05,-0.000125535424865042,-2.67905819821834e-05,2.43174917891054e-06,-9.27063433575626e-05,2.14321368208203e-05,9.82720429565376e-05,-2.13733578782183e-05,-2.61208558018922e-05,-2.2299507535628e-05,-2.13733578782183e-05,-2.04584590468571e-05,4.09631624984641e-05,-0.00169539726166423,-9.884009017469e-06,-0.00177611890790796,-5.20678874664782e-05,0.000596374212026518,-0.000109197458195709,-3.11772644776553e-05,0.000107134362238526,-2.04584590468571e-05,3.19134092405804e-05,-0.00137590600716919,-4.86002815476283e-05,3.98706449278308e-06,5.82694575390619e-05,8.27129049252306e-06,-9.884009017469e-06,-0.00147902034581548,8.43188385601934e-06,-3.10912649359452e-05,7.98270961999137e-05,8.43188385601934e-06,-7.79883298935857e-05,-3.94228513034278e-06,-0.0017484323861261,-0.00146082660464142,-0.00022955234783506,-8.04258105651101e-05,-4.63861064989857e-05,-0.00679941611359069,-0.0011795870152973,-3.94228513034278e-06,-0.00014373889731889,-2.32371161787981e-05,-0.00505739532112415,-0.00113494347898957,7.71978531890483e-05,6.38135454025246e-05,-0.00228471545046194,8.43188385601934e-06,4.94147717944315e-05,6.51229644654805e-05,-0.000125770230241962,-4.75981272707315e-06,5.50463292636749e-06,-0.000760218448111694,3.27616390416452e-05,-0.00172161831878448,3.98988757011054e-05,-0.00161429891710441,-2.42577625302332e-05,-0.00124598478244753,3.13258785569204e-05,-0.00134273988205091,-1.5485391680059e-06,3.17670171092743e-05,-3.13468242207904e-06,-7.27380374332398e-06,-8.17610902661414e-05,2.33753456129193e-05,-0.00334287330822391,1.63949465026292e-06,-0.00123250921116735,-0.00168306051753309,1.66072914176141e-05,-0.00534256496647867,-5.71086948912836e-05,-0.00334287330822391,2.5249546020234e-05,-6.55157614959379e-05,4.23579417372366e-05,-0.00154787052422645,-0.00466467376826785,0,-7.69652941379206e-07,4.0434221880048e-05,-3.10912649359452e-05,-0.00334287330822391,-0.00145132153983329,7.50326571603566e-05,-0.00143054757466921,-0.000861204858879638,-4.48980679124134e-06,-5.58532029444336e-05,-0.00484265438935605,0,-7.27380374332398e-06,3.24939056257634e-05,-3.5137490288939e-05
"20:16295437:C:T",-5.27802521430587e-05,-0.002635423844632,2.64147541377824e-05,-3.78126299640513e-05,-0.00111764917195156,-0.000357588170793122,-0.0032831362233301,-0.00202593718340438,-0.00344972179260417,-0.00172608870739754,3.61740166692215e-05,2.64147541377824e-05,5.43926857243804e-06,-2.92724335579919e-05,-8.0935258819359e-05,2.60251156820601e-05,0.00018162241241626,-0.000806956248946555,-7.88431646023824e-05,-3.20840449958837e-05,0.171442051964987,-0.000169773512465277,-9.0957146930748e-05,-0.000598723457144956,-0.00121474158962709,-2.92724335579919e-05,-6.81606334760332e-05,-0.000175028785322162,-6.78426499876039e-05,-0.00148166299050523,-0.000138382433875428,-0.000998000040261182,-0.00124835152556368,-0.000937169342051902,-0.000323271955120497,-0.00133173752134397,-7.1293679952511e-05,-8.0935258819359e-05,7.03695922839032e-05,-0.00400803656491178,-6.81606334760332e-05,-0.00301294408822983,-0.00012354242392032,0.000296434230516951,-3.78126299640513e-05,-3.78126299640513e-05,6.34543547128885e-05,-0.00400803656491178,-0.00336070869563887,0.000103201611024062,5.0466342360167e-05,4.34537633378085e-05,-2.92724335579919e-05,-0.000210895622390517,-0.00173883777797279,2.86115940202336e-05,-0.00158911143414109,0.00157822504934213,-0.00444584868417497,-1.06396704335765e-05,-0.00118115498838556,-0.0012926390200132,-0.00290051417935011,-6.81606334760332e-05,-0.00319106265189451,-7.1293679952511e-05,-2.47102697468193e-05,-9.23997935426968e-05,-0.000130283160465261,2.86115940202336e-05,7.68778759372424e-05,0.000105155212001939,5.4195178956995e-05,-0.000112658220857931,6.13040619805716e-05,-0.000819172429670445,-4.18897101734927e-05,-0.00096773323252286,0.000331273276876765,-0.000162072879784425,-6.81606334760332e-05,-5.89935121428908e-05,0.000153926201015508,3.27225067664472e-06,9.92219446205311e-05,-0.00118737457932205,0.000189019107225796,5.97518711131784e-06,-0.000677489528258413,-0.00626554615116426,0.000303786997078781,-6.81606334760332e-05,-8.42325404830646e-05,-7.1293679952511e-05,-6.81606334760332e-05,-6.50667375765579e-05,0.000127621835532388,-0.00219964981369447,-3.35961003443686e-05,0.000164983917089856,-0.000165886846481555,-2.92724335579919e-05,-0.000494759164774372,0.000203615828056058,0.000331273276876765,-6.50667375765579e-05,-0.0029303679355932,-0.00452253736147856,-0.000158307925759438,1.1278676173454e-05,0.00018162241241626,2.3404729601495e-05,-3.35961003443686e-05,-0.000776167866694877,2.64147541377824e-05,-0.000547096263881386,0.000246209502532402,-0.00124835152556368,0.000355342056121088,-1.33831130524342e-05,-0.00560388869581985,-0.00336070869563887,-0.000424727777623701,2.41795106603604e-05,-0.000148658142324898,-0.000160517377036484,-4.07309218344309e-05,-1.33831130524342e-05,-0.00863805202464718,-7.44666210978906e-05,0.000172318205643229,-3.78126299640513e-05,0.000236380107756951,-0.00266724639139948,-0.00194548581662879,2.64147541377824e-05,0.000153926201015508,-0.00452876988238771,-0.00862251357601984,-0.00336070869563887,1.64498931063406e-05,-0.000319351314472804,-0.0013739421451282,-0.00936121232443998,0.000123927473442365,-7.93025695156047e-06,-8.56047021517981e-05,-0.000104086077978849,-0.00251779060508373,-5.05496332570132e-05,-5.25424589614687e-06,-0.0110751890666636,-1.06396704335765e-05,-0.0033270766162854,-0.00014680854751159,7.25658671054674e-05,0.00017241369699672,3.27225067486836e-06,-0.000629795666529098,-0.00134825402373018,4.92997068537449e-05,-0.00958401059939362,-0.000184970331724266,0.00017241369699672,7.8994585680725e-05,-0.00244124901728782,-0.00533871265673636,-0.0044133176042207,0.000219755526646992,0,-0.000260781385548192,0.000125786061535571,-9.89816368361929e-05,0.00017241369699672,-0.000186959195232816,0.000228265369011993,-0.000151810052483548,-3.20840449958837e-05,-0.0016544010807662,-0.000180711678892997,-0.00041823406278052,0,-2.47102697477075e-05,-0.00372731760457334,-0.000112658220857931
"20:16296444:A:G",0.000162765724060598,-0.00103316392785668,0.000228353157370798,9.1707914454453e-05,-0.00251531169245256,-0.0101235339807895,-0.00315768758616697,-0.00167541431758789,-0.000937067854474005,-0.00214288561155751,-0.000134871183130159,-0.000185510829870061,-0.0047499066705643,-0.00028295705748782,-0.00181076396983215,-0.0027310244695351,-0.00152470498579405,-2.84483928933987e-05,-3.99138254323361e-05,-0.00129185875588256,-0.000169773512465277,0.529192293850957,0.000187594398418867,0.000556976071513837,-0.000454358234499352,-0.00028295705748782,-0.00137820471258454,-0.00200465597953503,0.00030013924122585,-0.000196385816203737,-8.22697198064049e-05,-0.0030960893237304,-0.000220102473156736,7.70788222714813e-06,-0.00749304785489047,-0.00105489568307959,-0.00220964001487278,-0.00399988984254573,-0.00571351528280761,-0.00162323793305585,-0.00137820471258454,-0.00796017726451259,0.000169071836040313,-0.00367450689155779,-0.0047576127141653,-0.000601825430304181,-0.000802307621193155,-0.00162323793305585,-0.000178193716446451,-0.00468268314364639,-0.000972925502919608,-0.00457485339460018,-0.00028295705748782,0.000198383625573229,-0.00333209699960157,-0.000826665670774052,-0.00604302758141362,-0.000169773512465277,-0.000582091323650502,-0.000358525234714691,-0.000211555556563603,-0.00581090724108746,-1.1108480691302e-05,-0.00137820471258454,-0.00213222151827974,-0.00220964001487278,-2.30146668882547e-05,-0.00154550291667199,-0.00041953860176136,-0.000826665670774052,-0.00385749390906032,0.000501707865642409,-0.00296172503080028,-0.000578599281778391,-0.000200125413693186,-0.0124529523607899,-8.43543198003616e-05,-0.00482312934104634,-0.00225985420077857,-0.00573575683762861,0.000133734720754397,-6.47428006690376e-05,-0.000958120643360871,-2.09574322318495e-05,-0.0012193899592754,-0.00602565134795707,-0.0034191833509527,-0.000863136722723645,-0.0095574799410203,-0.00156121960944855,-0.00284864148270003,-0.00137820471258454,-0.00257543819915007,-0.00220964001487278,0.000133734720754397,-0.00348999240535797,-0.00322900152087779,-0.00854510141411247,0.000283090263912378,-0.00688912802963282,-0.00216325606594125,0.00020970537986198,-0.00118355686274718,-0.0154118125672036,-0.00225985420077857,-0.00348999240535797,-0.00165561098978539,-0.00500991222253333,-0.00291744835028274,-0.000175090611515216,-0.00415421927771042,-0.00347024637226934,-0.000255667973680929,-0.00787994175876827,0.000228353157370798,-0.0148832708689621,-0.00726069546588759,-0.000220102473156736,-0.0106148911093595,-3.90536444738743e-05,-0.00463738395281732,-0.00847605179921995,-0.00928691063020004,-0.00444824888971507,-0.00397383601317847,-0.013007491502409,-0.00289222285516733,-0.00113657824752522,-0.00345539853830701,-0.00203791965025335,-6.13938479392395e-05,-0.00014974400693557,-0.000313248279048217,-0.00668922522383708,-0.015512862223142,0.000228353157370798,-0.00278505167423937,-0.0101111103757789,-0.00317468120304243,-0.00159727292921197,-0.00154434385608848,-0.00597779109714525,-0.00571417414470643,-0.00260555028284282,-0.0052047512024771,-0.000554097814233323,-0.000211113040557986,-0.00457134914575308,-0.000516246534774112,-0.0042161266604599,-0.00201437658842973,-0.00580768190956205,-0.00967066003962902,-0.00143877857032848,-0.00539874112220051,-0.000270942645141048,4.86504119030506e-05,-0.00138679923672491,-0.0032340155973225,-0.00593945413241137,-0.00392747143972239,-0.00596987833010454,-0.00730117562636812,4.86504119030506e-05,0.000279171565214398,-0.00159637585501615,-0.00406587913572709,-0.00145592448318155,-0.00484095429512177,0,-0.00437238449120336,-0.00480973738398394,-0.00216454401048427,4.86504119030506e-05,-0.00456258487147121,-0.00403474133402781,-0.00179083432584148,-0.00129185875588256,-0.000911843750390773,-0.00722508408715461,-0.00526611886119621,0,-0.00364869898422526,-0.00883294262157452,-0.00257842052298507
"20:16297949:T:C",-0.00203446541770891,-0.00172672207909574,-0.000323113349605997,-3.31125771797502e-05,-0.00558406617126028,-5.6203843796343e-05,-1.57402505696069e-06,-0.00166756444451988,-2.91133180567726e-05,-0.000621038990844536,3.15416641214483e-05,2.28970819859953e-05,0.000144361724117026,-2.56518407555362e-05,-7.1517942159538e-05,2.29616497495755e-05,0.000151748164420873,-0.0013156236630385,-6.9378901051742e-05,-2.81046993739764e-05,-9.0957146930748e-05,0.000187594398418867,0.207678941777191,-0.00101942383368847,4.54527054252196e-05,-2.56518407555362e-05,-0.00125943657374972,-0.00151108113794152,0.000131518587641821,-0.00202755748371253,-0.000123695161102333,-0.00286632412943799,2.28970819859953e-05,-0.00144321865125541,-0.0014077994483328,-1.39446070850369e-05,-6.29277718342536e-05,-7.1517942159538e-05,-0.00282416317880507,-3.31125771797502e-05,-6.01444820791386e-05,-0.00108367865490777,0.00228822508097348,2.84584826015788e-06,-3.31125771797502e-05,-3.31125771797502e-05,5.53211703184786e-05,-3.31125771797502e-05,-1.39446070850369e-05,8.79300143719064e-05,4.35457470286948e-05,3.76674611111127e-05,-2.56518407555362e-05,-0.000191519907617455,-0.00611887451359561,-0.00178155139035852,-0.000516691574953931,-9.0957146930748e-05,-6.01444820791386e-05,-9.16776106674178e-06,6.76603340590276e-05,-6.96095100654048e-05,1.51184386618652e-05,-0.00125943657374972,0.000106665313775345,-6.29277718342536e-05,-2.13663031107814e-05,-8.20231156453133e-05,-0.000116503426635717,-0.00178155139035852,6.59171017414195e-05,-0.000233689241764701,-0.00171522141460922,-0.000100280469910174,-0.00186206950428058,-0.000299696257465065,-3.56739749909352e-05,-0.000369137954233878,-0.0031961877598965,-0.000145856899458785,-6.01444820791386e-05,-5.20236479246705e-05,0.000129560491195058,-0.00475239440076347,-0.00347672711618863,-0.00318114441619777,-0.000187812185824754,5.47817041507415e-06,-0.000230378185408942,5.68376445295726e-05,-0.00298656394253882,-0.00125943657374972,-7.4464264082863e-05,-6.29277718342536e-05,-6.01444820791386e-05,-5.73998834179079e-05,-0.000956960815592822,-0.000241896403371022,-0.00213662782970392,-0.00069547358102362,-0.000149381284513694,-2.56518407555362e-05,-0.000325286873300357,-0.000101712566292989,-0.0031961877598965,-5.73998834179079e-05,8.46990433656103e-05,-0.000129905541860875,-0.0035028637528054,1.00155479865194e-05,0.000151748164420873,-0.00177147837478842,-0.00213662782970392,-0.00225313807550442,2.28970819859953e-05,-8.79370729638396e-05,0.000202791794737145,2.28970819859953e-05,-0.00029488100356545,-1.1539555048401e-05,-0.00407352258503524,-1.39446070850369e-05,-0.00150317815248258,-0.000234479973560298,-0.00497886861283181,-0.00234763892713818,-3.56689928340259e-05,-1.1539555048401e-05,-2.4161459200478e-05,-6.5750557033617e-05,-0.00180789770674927,-3.31125771797502e-05,0.000771703506400989,-0.00700481740839098,-0.00209010723265912,2.28970819859953e-05,-0.00480731822071423,-0.000899758862934696,-1.11803594768922e-05,-1.39446070850369e-05,1.4427864835298e-05,-1.37552484726911e-05,-0.00655988805270891,0.000242434030023997,-0.00753338657109293,-6.82855376421543e-06,-0.00228700182248609,-9.79954223137014e-05,8.30504894828721e-05,-0.00608660169959663,-4.52127944683411e-06,-0.00213063097557686,-9.16776106674178e-06,-2.13663031116695e-05,-0.000238777949152613,-0.00318043258126366,0.00014465970800881,-0.000288942812218806,-0.00349518484971778,-0.0011097937805058,-0.00206234619167045,-0.00548849682411312,4.81151948310554e-05,0.00014465970800881,-0.000263211123616713,-0.00300593798138316,-0.00707462773131962,-0.00282077618355991,-0.002821951475803,0,-2.24530153136726e-06,0.000106665313775345,-8.79370729638396e-05,0.00014465970800881,-0.00551088416657119,0.00013288739878714,-0.0141710759080951,-0.00570978025301194,-0.00658798224199053,-0.00506404615965916,-0.00264249258903382,0,-0.00182006135825752,8.63254053955487e-05,-0.00139773334835702
"20:16298417:G:A",-0.000665700196539554,-0.00297224114552552,0.00014207013050882,-0.00373209700829324,-0.000662066329604638,-0.00472560170616232,-0.000919152854155669,-0.00104822578298869,-0.00073979934359869,-7.30990474195892e-06,7.37617446553429e-05,0.00014207013050882,-0.00401105063034635,6.79347473067082e-05,-0.00354318675814458,-0.00535526179388057,-0.00314852914979102,0.000526370940251653,-0.00598121607425206,7.19558964235034e-05,-0.000598723457144956,0.000556976071513837,-0.00101942383368847,0.497294039576891,7.13814722423933e-05,6.79347473067082e-05,-0.000428870434356021,-0.00110319087635524,-0.00181175223022301,-0.00385026033940505,-0.00513158815519166,-0.00205639393819812,-7.78838400661286e-05,0.000785014383389182,-0.00207502008673455,-8.09978112989995e-05,-0.00497494381600649,-0.00130436693486491,-0.00253307813720038,-0.00681353876948965,-0.000637998709073884,0.00302325894266531,-0.000792892002706047,-0.00277390124660082,-0.000736412176102874,-0.000736412176102874,-0.00398809460810856,-0.00681353876948965,-0.000109144308267695,-0.00114508921306289,-0.000166447589383445,8.42408573591413e-05,6.79347473067082e-05,-0.00102497319416717,-0.00553167417852718,-0.00217551908451785,-0.00498715205642064,-0.000598723457144956,-0.000185284779072425,-0.00198745462905148,-1.36448771463904e-05,-0.00142248822173219,-0.00137576191861832,-0.000428870434356021,-0.010751801005755,-0.00497494381600649,-0.000153485242089246,-0.00265340632305211,0.00140958157856108,-0.00217551908451785,-0.000506005542840526,0.000543357319218174,-0.00263749551563652,-0.00055116942673461,-0.00090471821920346,-0.00859121603531587,-0.000727964479921184,-0.00348296041257079,-0.00820308868620234,-0.00266411428751478,-0.00230893162171952,0.000854742598723313,-6.01591604674212e-05,-0.000545760939464124,0.000497314060813991,0.00225195845171067,-0.000545165405711145,-0.000409128612222531,-0.00816030421367575,0.000198058805092494,-0.00344611346686463,-0.000428870434356021,-0.00173523921377505,-0.00497494381600649,-0.00230893162171952,-0.00210130953869214,-0.00714978381643405,-0.00892190429928208,-0.00250316378380955,-0.0019842685529845,-0.00168731875403427,6.79347473067082e-05,-0.000442131290583347,-0.00990614219806041,-0.0031291799074058,-0.00210130953869214,-0.011496136825011,-0.00500445932384253,-0.00161191841117425,-0.000334779344321134,-0.000876882499468046,-0.00368838737890709,-0.00250316378380955,-0.00272062732929035,0.00014207013050882,-0.00432975385343415,-0.0039755243462043,-7.78838400661286e-05,-0.015154408573224,-0.00253821026829026,-0.00587333896339182,-0.00728453816127139,-0.00330027131827482,-0.00211259234169425,0.000344624779932801,-0.00447278696380904,-0.00623905691965732,-0.00424725224539202,-0.0206465130713513,0.00033744307484973,0.000531197689485285,-0.00295292394962754,0.000217587379224504,-0.00601244228732245,-0.00227716298826186,0.00014207013050882,-6.01591604674212e-05,-8.75463893166284e-05,-0.0181065440991879,-5.34548366850629e-05,-1.6282816933888e-05,-0.00262635779275611,-0.00560573510690521,-0.0114183658164828,-0.00422000258847621,-0.00294040452055722,-0.00572175549324871,-0.00194000855837206,-0.0172568920944363,-0.00173093289377535,-1.74873319576108e-05,-0.00475122515452542,-0.00246151683601337,-0.000165703984309928,-0.00246908088038644,-0.00434118577861664,-0.00314787967499175,-0.00236925991501202,-0.00642504831330593,-0.00282034295856093,-0.000957388479084997,-0.00426316248302294,-0.00403116270256465,-0.00314787967499175,0.0002166180538552,-0.00131282116338749,-0.00543420258367178,-0.0016655807987016,-0.00192390901046036,0,-0.00411683216178549,-0.00334318230649178,-0.00192234938327562,-0.00314787967499175,-0.00574215389436494,0.000680739939142416,-0.00916804392064163,-0.00507119094986841,-0.000414645314987361,-0.00257845278508473,-0.00562976607449617,0,-0.00164583388958661,-0.00179312419792499,-0.00078559646427756
"20:16300401:G:A",2.61118429829565e-05,-8.81175806570766e-05,-1.4449520564952e-05,1.94213660176246e-05,8.21546031044562e-05,0.000239417958616706,-0.000170151153644937,-3.37225135389474e-05,-0.000288494138981576,0.000262581142862039,-2.15881318039735e-05,-1.4449520564952e-05,-0.000490202425358355,1.55833532957672e-05,4.1009035243178e-05,-5.09243123580916e-05,-0.000103077627083614,0.000112172632078966,3.76540132789316e-05,1.68485690217324e-05,-0.00121474158962709,-0.000454358234499352,4.54527054252196e-05,7.13814722423933e-05,0.00105204259550629,1.55833532957672e-05,3.53159438661876e-05,-8.44836123015114e-05,-0.000193650124825417,-5.87153431030885e-05,6.86354355217134e-05,0.000166892423695053,0.00182032951166899,0.000135110034053199,0.0010876304630818,7.26548056384502e-06,3.67152184468367e-05,4.1009035243178e-05,-3.98493695099589e-05,-0.000840356566654599,3.53159438661876e-05,7.53557752082301e-05,5.97656349219378e-05,-0.000177660259782719,1.94213660176246e-05,1.94213660176246e-05,-4.01492307995355e-05,-0.000840356566654599,7.26548056384502e-06,-5.76493413735335e-05,-2.79920740915429e-05,-2.48443839110379e-05,1.55833532957672e-05,0.00010655151716854,9.68699032828368e-05,-1.82176022445191e-05,0.000435459936932503,-0.00121474158962709,3.53159438661876e-05,4.78936667658303e-06,0.00180576091968376,3.9175395614599e-05,0.000231259311997967,3.53159438661876e-05,-7.10600333526656e-05,3.67152184468367e-05,1.10867220426414e-05,4.83234858474901e-05,6.72417956355531e-05,-1.82176022445191e-05,-4.27589646720961e-05,-5.85186512802593e-05,-3.26591313077884e-05,5.7322506823887e-05,-3.58122316992393e-05,-5.68334731765319e-05,-6.63421806201825e-05,0.000308041577261164,-0.000196705021493493,8.32735938036677e-05,3.53159438661876e-05,3.12104189488238e-05,-8.70918315216684e-05,-4.06803792074584e-06,-5.58811676780735e-05,0.000193649288116049,-0.000267454486888141,-5.27466022415268e-06,0.000125846911213756,-3.78539724747995e-05,-0.000179642073817377,3.53159438661876e-05,4.24732252479743e-05,3.67152184468367e-05,3.53159438661876e-05,3.39322234479411e-05,-7.18669632417956e-05,-5.87400740608146e-05,1.50424797586979e-05,0.00018855341299151,8.4949685196456e-05,1.55833532957672e-05,0.000172874289639857,-0.000344065337670507,-0.000196705021493493,3.39322234479411e-05,-5.58811676780735e-05,3.89913345166804e-06,7.73122606476662e-05,-7.64670092845421e-06,-0.000103077627083614,-1.59040887908191e-05,1.50424797586979e-05,1.47130455854239e-05,-1.4449520564952e-05,5.12560000736073e-05,-0.000144936938765383,0.00182032951166899,-0.000571624262221349,6.02044650488409e-06,0.000172416099853301,-0.000226289293992821,7.20674355338957e-05,0.00012971187580213,7.53408533267219e-05,0.000380024984504956,2.07294228831145e-05,6.02044650488409e-06,0.000203517478630566,3.81303109779907e-05,-0.000104121367250798,1.94213660176246e-05,-0.000141366643833685,0.000355611801183819,-0.000177425724023905,-1.4449520564952e-05,-8.70918315216684e-05,-0.000116258051948037,0.000176820791567778,7.26548056384502e-06,-9.9653490570617e-06,0.000156703723239282,5.44295616631274e-05,-8.71567498998971e-05,-7.02438679764938e-05,3.57200775713551e-06,1.47839480524325e-05,4.87051174289377e-05,-5.49819670476737e-05,-0.00030689017396579,2.36814160015086e-06,0.000202964941503403,4.78936667658303e-06,1.10867220417532e-05,0.000131647670801982,-4.08301794738719e-05,-9.91798880773942e-05,-4.06803792252219e-06,0.000179694775512829,-0.000188366760896841,-3.0494212746035e-05,7.79838323721194e-05,9.11606742919346e-05,-9.91798880773942e-05,-4.3707304307361e-05,-0.000567623613880741,-7.94734745399595e-05,-0.00027066745742399,-0.000128659735852743,0,-0.00203341209559582,-7.10600333526656e-05,5.12560000736073e-05,-9.91798880773942e-05,-4.7472616743427e-05,-0.000138435713797236,0.000130152096129876,1.68485690217324e-05,3.36313941229349e-06,8.9317892524754e-05,-0.000377713729355023,0,1.10867220417532e-05,-5.67702356795152e-05,5.7322506823887e-05
"20:16302834:A:G",-1.48312311774035e-05,-0.000401903779922996,7.78077916763209e-06,-1.08106461826907e-05,-4.89197692852272e-05,8.28114967657001e-05,4.79797490626765e-08,1.73494283863818e-05,-9.04662089595831e-06,0.000295413540863265,1.10980885885681e-05,7.78077916763209e-06,-0.000283938408038864,0.00205388993281996,-2.29760244234711e-05,8.36296320283481e-06,5.45323920029261e-05,-6.30891055353189e-05,-2.17917317986149e-05,-9.26729003491999e-06,-2.92724335579919e-05,-0.00028295705748782,-2.56518407555362e-05,6.79347473067082e-05,1.55833532957672e-05,-0.00320350577343653,-1.95545265011532e-05,-0.000116302888140574,9.79047549272138e-05,3.00333454745783e-05,-3.88546794720668e-05,0.000563168889422982,7.78077916763209e-06,-7.64116237315093e-05,0.000138767133885942,-4.36298639083788e-06,-2.03947845598407e-05,-2.29760244234711e-05,2.10697272287064e-05,-1.08106461826907e-05,-1.95545265011532e-05,-7.39758164947091e-07,-3.4301765380107e-05,9.13311552874774e-05,0.000322765560832217,-1.08106461826907e-05,2.00180074036993e-05,-1.08106461826907e-05,-4.36298639083788e-06,3.0724407713123e-05,1.49647211040715e-05,1.30653618430898e-05,0.00205388993281996,-5.96777383670144e-05,9.43652631058001e-05,9.05919197968785e-06,0.000325984784635303,-2.92724335579919e-05,-1.95545265011532e-05,-2.87469436344168e-06,2.34078448224651e-05,-2.27115076825157e-05,1.72928944959239e-05,-1.95545265011532e-05,3.76502734749096e-05,-2.03947845598407e-05,-6.66255284098582e-06,-2.66150414232058e-05,-3.72767989436085e-05,9.05919197968785e-06,2.28334189147361e-05,3.12543772285068e-05,1.67028418900372e-05,-3.20258793911066e-05,1.86193093325571e-05,-0.000156305638336462,-1.05429265984114e-05,0.000499410183008919,0.000101769479501357,-4.62573883242001e-05,-1.95545265011532e-05,-1.7091781562506e-05,4.61283434463056e-05,1.53015108850241e-06,2.9645908089293e-05,-0.000111859210981891,-2.44035066332415e-05,2.25792706753936e-06,-3.00629784018014e-05,1.98590555458011e-05,9.30932400411422e-05,-1.95545265011532e-05,-2.38572010546889e-05,-2.03947845598407e-05,-1.95545265011532e-05,-1.87240526248189e-05,3.81469132699763e-05,-0.00024127072321356,-9.04662089595831e-06,5.12561977306092e-05,-4.7268480264151e-05,-8.50887695591496e-06,-9.77650989204548e-05,-2.84275297932624e-05,0.000101769479501357,-1.87240526248189e-05,2.9645908089293e-05,-0.000110727886763584,-4.41125084993388e-05,3.68764713076786e-06,5.45323920029261e-05,7.65818123582562e-06,-9.04662089595831e-06,-1.60297877247473e-05,7.78077916763209e-06,-2.83762147370581e-05,7.51996797223597e-05,7.78077916763209e-06,-7.03087918694223e-05,-3.61447029373352e-06,0.000142197310924352,-4.36298639083788e-06,9.23191095063558e-05,-7.25137619985716e-05,-4.21586585925837e-05,8.09437143516334e-05,-1.15959004727273e-05,-3.61447029373352e-06,-0.000216465011911637,-2.12450007754938e-05,5.31808478232421e-05,-1.08106461826907e-05,7.26752608830594e-05,5.98588358826646e-05,9.11225170527885e-05,7.78077916763209e-06,4.61283434463056e-05,6.10738888164875e-05,-0.000246742948579737,-4.36298639083788e-06,5.08393166676058e-06,-8.90036659093596e-05,3.04979981828879e-05,-0.00026740225667865,3.71477935336983e-05,-2.14350637772753e-06,-2.20770504606449e-05,-2.84851318106405e-05,2.90971600120926e-05,-0.000224955895403056,-1.42075762887828e-06,-0.000295979967208204,-2.87469436344168e-06,-6.66255284098582e-06,-7.36906083602662e-05,2.16644779129638e-05,5.20623169775192e-05,1.53015108672605e-06,-0.000103887460073615,-0.000230913253929543,1.53856559119703e-05,-5.41788416050792e-05,-5.17385521749958e-05,5.20623169775192e-05,2.34078448224651e-05,-5.92435106794298e-05,-0.00029285793620204,0.000137217813347412,6.69267462267698e-05,0,-7.06302828668015e-07,3.76502734749096e-05,-2.83762147370581e-05,5.20623169775192e-05,1.1496493893759e-05,7.06002096020342e-05,-7.65166306333498e-05,-9.26729003491999e-06,-4.05800614622365e-06,-5.06196104606005e-05,-0.00019097139352553,0,-6.66255284098582e-06,3.01882872415504e-05,-3.20258793911066e-05
"20:16303116:C:T",-0.00140459581520069,9.91379970338713e-05,1.7691803494202e-05,-2.50790646072474e-05,-0.000118452316524298,0.000347351320087341,-7.44848640543694e-07,3.85524022314954e-05,-2.1676316607433e-05,-0.0035791111556831,2.46846678084722e-05,1.7691803494202e-05,-0.00364666090136367,-1.95545265011532e-05,-5.36475429102623e-05,1.81754753540986e-05,0.000121440558363162,-0.000149149837064932,0.00010873665006006,-2.13733578782183e-05,-6.81606334760332e-05,-0.00137820471258454,-0.00125943657374972,-0.000428870434356021,3.53159438661876e-05,-1.95545265011532e-05,0.0830459359375277,-0.00392983514778322,-0.000588739283748474,6.63776525051674e-05,0.000261645894197748,-0.000231309408434299,1.7691803494202e-05,-0.000181743864107631,-0.000204041265227772,-0.000246147825940568,-4.73967683412013e-05,-0.00106606592060832,4.73567397545338e-05,-2.50790646072474e-05,-4.53654902701217e-05,-0.000248260106495479,-0.0013015973182986,0.000198923349722158,-2.50790646072474e-05,-2.50790646072474e-05,-0.000185637716634268,-2.50790646072474e-05,-1.04280976964688e-05,6.91103518626335e-05,3.38527972099101e-05,2.93542092038024e-05,-1.95545265011532e-05,-0.000140664444217897,0.000202443401212449,1.98342797430584e-05,-0.00441614984567451,-6.81606334760332e-05,-4.53654902701217e-05,-6.86545936190441e-06,5.28707469422685e-05,-0.00136421995126312,3.73156361233029e-05,0.000977860265847674,8.43162792971697e-05,-4.73967683412013e-05,-1.59437907258919e-05,-6.17052639553251e-05,-8.69327497001748e-05,1.98342797430584e-05,5.1517453566241e-05,7.03545029221431e-05,3.70183653872758e-05,-7.48671806620749e-05,4.15619004376921e-05,-0.00162555207027637,-2.62470364456036e-05,-0.00522405757227418,0.00022138508050773,-0.000108224184548256,-4.53654902701217e-05,-3.94218642831845e-05,0.000103033062575975,2.80097211113883e-06,6.65760424416462e-05,-0.000271357310342779,-0.00119954288114688,4.53995832305765e-06,-0.00154105112136715,4.44957436052107e-05,0.000203218383224346,0.000977860265847674,-5.57851329974213e-05,-4.73967683412013e-05,-4.53654902701217e-05,-4.33595575852763e-05,8.54800738778749e-05,-0.00416418247799477,-2.1676316607433e-05,0.000112258549331834,-0.000110711512604666,-1.95545265011532e-05,-0.000233607338655517,-0.00118192673427497,0.00022138508050773,-4.33595575852763e-05,6.65760424416462e-05,-0.000499259795333273,-0.000104520766675442,7.95220988525358e-06,0.000121440558363162,1.64949829528638e-05,-2.1676316607433e-05,-4.56868689076018e-05,1.7691803494202e-05,-0.000613343821340706,0.000165173682026065,1.7691803494202e-05,-0.0010052811533372,-8.63561512787214e-06,-0.0001194223650689,-1.04280976964688e-05,-0.000712764078940609,8.9680568038375e-06,-9.88940884463219e-05,0.000176600498228652,-2.6966789422822e-05,-8.63561512787214e-06,-0.00182950932429193,-4.94538724780114e-05,0.00011681374758421,-2.50790646072474e-05,-0.00441704382668551,0.000130816958027857,0.000198413763950356,1.7691803494202e-05,0.000103033062575975,0.000135366066396081,-0.00184275132105771,-1.04280976964688e-05,1.12795477171801e-05,-0.00121672490754232,6.61364011627086e-05,-0.00733374476451853,8.31380713437468e-05,-5.11721772245011e-06,-0.00319182263405171,-0.0025821970308213,6.52853151565935e-05,-0.00147798126503229,-3.39048759556704e-06,-0.00279228388609631,-6.86545936190441e-06,-1.59437907267801e-05,-0.000160552833524008,4.87607600483386e-05,0.000115669485154513,-0.000272413319818199,-0.00132185574940102,0.000194243014420614,-0.00163917349618359,-0.000276515940334399,-0.00210400195106519,0.000115669485154513,5.28707469422685e-05,-0.000140350363435182,8.60620923690547e-05,-0.000183004684824795,0.000147516963412642,0,-1.6848761470456e-06,8.43162792971697e-05,-6.59816364070309e-05,0.000115669485154513,-0.000918956596306586,0.000154264309505159,-0.00148465763080718,-2.13733578782183e-05,-1.16340583016239e-05,-0.0020752736370877,-0.00184935622561877,0,-0.00138317372658747,6.78509587022091e-05,-0.00398390514587454
"20:16307639:T:C",-0.00130116697037241,-0.00854958350707502,8.97196614335627e-05,-0.00253168368714896,-0.00619602639455685,-0.00683731646653651,-0.00218881844941343,-0.0026909028066342,-0.00181896111793911,-0.00572765108379913,-0.000215293812220629,-0.000377570218326184,-0.00239660478338299,-0.000116302888140574,-0.000934999350053367,-0.000953418024311148,-0.000757960835094273,-7.1361034565065e-05,-3.97111871111022e-05,-0.00143225312445416,-0.000175028785322162,-0.00200465597953503,-0.00151108113794152,-0.00110319087635524,-8.44836123015114e-05,-0.000116302888140574,-0.00392983514778322,0.544967421007597,-0.00170465116890428,-0.000447933586902316,-0.000262249170006612,-0.00586754044003657,-3.96004169660458e-05,-0.000107054577492605,-0.00884893347053906,-3.0232202036018e-05,-0.00183975441022532,-0.0131025132563831,-0.00271349241808405,-0.000257877713286447,-0.00229956777742402,-0.000596695462787178,-0.000758701156104102,-0.000264087254750134,-0.00183719503273583,4.46882610916077e-05,-8.79297206424212e-05,-0.000257877713286447,-0.000510841473389867,-0.00387392546126719,-0.00654004874896508,-0.000232689903700845,-0.000116302888140574,-5.66038900950971e-05,-0.0158134101112593,7.95255654093552e-05,-0.00453342862001316,-0.000175028785322162,-0.00524101667623356,1.08103229443657e-05,1.96855696970033e-05,-0.00646282842234669,-0.000468638000897581,-0.00392983514778322,-0.00100396161193217,-0.00183975441022532,-5.49925097015347e-06,-0.00169517038025369,-0.000693057188873247,7.95255654093552e-05,-0.00325675469011255,-0.000122534698697052,-0.000269236052492516,-0.00328109215746153,-0.00178747157736403,-0.0166049095889331,-0.000660891021656784,-0.00938044084137424,-0.000137136473335353,-0.00194375140158787,7.55559715903686e-05,-7.0807129948669e-05,-0.000781418014529578,-0.000122351714178848,-0.00412329370344278,-2.36454236679506e-06,-0.00485104358626876,-0.000296517340642843,-0.0115899537424653,-7.84701586633574e-05,-0.000185727237584921,-0.00392983514778322,-0.000791472944949412,-0.00183975441022532,7.55559715903686e-05,-0.00315689745036885,-0.0015342238119791,-0.00549755301254518,-0.00102641557144612,-0.0021582850779196,-0.00103212401993602,3.69868812359897e-05,-9.58321244723948e-05,-0.00372287149010386,-0.000378695240461191,-0.00315689745036885,-0.00107539459630424,-0.00492796143399277,-0.00106751934016458,-5.80621171453188e-05,-0.00343628169386712,-0.00437329763028149,-0.00102641557144612,-0.0196533131680141,-3.96004169660458e-05,-0.0106115685814245,-0.00538145529055445,-3.96004169660458e-05,-0.0034116926832688,1.354407812304e-05,-0.00604024349483456,-0.00243872305142379,-0.00656542146318406,-0.0115745554183819,-0.00814906526040282,-0.00548203713243289,-0.00233193785323405,-0.00212637549345107,-0.00541184882106949,-0.000893259532724677,-0.00597384506376208,-0.00253168368714896,-0.00164935117195331,-0.00458088887876995,-0.00593314571483905,-3.96004169660458e-05,-0.00462995411062472,-0.00475903904713704,-0.00509413438032125,-0.0069838107383422,-0.00167764158743378,-0.00435313139078986,-0.00402689416164437,-0.00690527568032451,-0.00340705715493339,-0.00208846516134731,-0.00124171811923413,-0.00554761710498308,-0.00241043209498581,-0.00415319638736777,-0.00256431276510849,-0.00999833398134964,-0.00228382505639235,-0.0039212173995713,-0.00327673262156658,-0.000382816377114459,-0.00366108418575983,-0.000219797238729669,-0.0021801887712285,-0.00959861279310692,-1.12337120468098e-05,-0.00495658587364645,-0.00455545361269749,-0.00366108418575983,-0.000305806271494902,-0.00332128364627327,-0.00766934064930513,-0.0024212867121558,-0.00313370102927113,0,-0.00402522826566631,-0.00100396161193217,-0.000341662248740882,-0.00366108418575983,-0.00658631582246594,-0.00407002700940184,-0.00209950319240493,-0.00517640763279559,-0.00229250205868015,-0.00466367446376115,-0.00881373770309546,0,-0.00180018819318839,-0.00763810568406686,-0.00465029587269861
"20:16310484:A:T",2.52456331955031e-05,-0.000216914876209451,-9.54307445102387e-05,-0.00224132155624091,-0.000440365600212544,-0.00437979134974942,-0.000162747198107382,-0.00105019560609332,-6.17931987321185e-05,-0.00184549613433305,-0.000166720643605345,-9.54307445102387e-05,-0.00124083889280113,9.79047549272138e-05,-0.00736265355612975,-0.000272986704930922,-0.000428074935333811,-0.000601098918383336,-0.0023173235860412,0.00010317641639368,-6.78426499876039e-05,0.00030013924122585,0.000131518587641821,-0.00181175223022301,-0.000193650124825417,9.79047549272138e-05,-0.000588739283748474,-0.00170465116890428,0.293413049956369,-0.000294220103486786,-0.0019132716783119,-0.00245416931886222,-9.54307445102387e-05,-0.00153545555287504,-0.00446986087591394,-0.000785432874994996,0.000217506235362208,-0.00367257208793426,-0.00217939216369256,-0.00224132155624091,-0.00157271068679421,-0.0042840839173337,0.000197584283158747,0.00234848540888422,0.000113896296280558,-0.00224132155624091,-0.000624324658536679,-0.00224132155624091,-0.00145469565828371,-0.000396113003014342,-0.00164915475427563,-0.00121333859749573,9.79047549272138e-05,-0.00119264478712644,-0.00480703274209748,-0.000271386544071994,-0.00351564185485254,-6.78426499876039e-05,-0.00241601267717773,-0.000368730844366283,-0.000294707767758418,-0.00260942555445087,-0.00246496888176573,-0.000588739283748474,-0.000499787624441694,0.000217506235362208,4.47317727445551e-05,-0.00101285405426044,0.000401143617485999,-0.000271386544071994,-0.000291560211457487,-0.000398654397701037,-0.000679944772920216,-0.004576009676315,-3.20504900122032e-05,-0.0015804474771417,-0.00129604567241604,-0.000175890780186982,0.00127605084735993,-0.00197792779516348,-0.00241601267717773,0.000194042011473883,-0.000740340962273045,-0.00594292398936869,-0.00167852719356176,-0.00875562845546973,-0.00126702084988928,-6.00371393719712e-05,-0.00126693341458051,-0.00265083737208904,0.00139873424027304,-0.000588739283748474,8.68392707769061e-05,0.000217506235362208,-0.00241601267717773,0.000205645080078476,-0.00110939388502018,-0.00502526516073276,-0.00161985612887072,-0.00270901830456349,-0.00115559989451697,9.79047549272138e-05,-0.00057404732926436,-0.000964041881447386,0.00134561191699234,0.000205645080078476,-0.000390944338750643,-0.00532283505995812,-0.00531651896275953,-6.91918566113614e-05,-0.000428074935333811,-0.00164761812706082,0.00109752641875893,-0.0107447030830241,-9.54307445102387e-05,-0.00269048775141822,-0.000106929400859102,-9.54307445102387e-05,-0.00123181585309595,-0.00159203732668889,-0.00472480896377325,-0.00137027904376197,-0.0010470692770248,-0.00488268153120153,-0.00045817220733646,-0.00128848912103585,-0.000959750253960223,-0.00159203732668889,-0.00624515258853631,-0.00169263124236529,-0.000415935072768825,-0.00514544683429108,-0.00016074793977694,-0.002815545385495,-0.00195321344835708,-9.54307445102387e-05,0.000179397821320038,-0.0043073109692191,-0.00641863570568901,-0.00155892477086716,-7.81377064944522e-05,-0.000259596246776184,-0.00316290721630619,-0.00664076688560522,-0.000207250745399179,-0.00283128930380006,-8.95671573175605e-05,-0.000622507679787887,-0.00438644617138273,-0.0062345455133026,-0.00192439583938508,-0.00449803266560389,-0.00274547284832138,-7.1997199744267e-05,-0.00250270749915771,-0.000999472709149352,-0.00217393104120056,-0.00127870290784049,-0.00387562724915291,-0.00241577819220584,-0.00202043825343878,-0.00361867168260899,-0.00159703387088683,-0.00217393104120056,0.000205687484417183,-0.00465794375363604,-0.00116459004752922,-0.00104956228325115,-0.000665836785229246,0,4.74926508076123e-06,-0.00148982557772381,-0.0026796680208685,-0.00217393104120056,-0.00429953896581914,-0.0039097746737875,-0.00507915631113054,-0.00197880876562984,-0.00183633729876309,-0.00158487793975581,-0.00223383362927398,0,-0.000975942230662774,-0.00039354314276796,0.000117561059820304
"20:16312851:A:G",4.87619149494023e-05,-0.0029626517041752,-2.88288036918161e-05,-0.00249272959398361,-0.000422265317132187,-0.00828878200809813,0.00115229986700349,-0.00316819779991029,0.000248584317435352,-0.00433056361049111,-0.00154761508515566,-2.88288036918161e-05,-0.00168756210304144,3.00333454745783e-05,-2.4225433019609e-06,0.00159819365161695,-0.000223452422729586,4.40079532015858e-06,-0.00397536746176197,3.22990930534672e-05,-0.00148166299050523,-0.000196385816203737,-0.00202755748371253,-0.00385026033940505,-5.87153431030885e-05,3.00333454745783e-05,6.63776525051674e-05,-0.000447933586902316,-0.000294220103486786,0.203042692805399,-0.00205105121322369,-0.000938865024906477,-2.88288036918161e-05,9.8700739336266e-05,0.000586199878422455,-0.00188917809367517,6.8806753034778e-05,-0.00184754600382231,-8.22939047351312e-05,3.68937807282421e-05,6.63776525051674e-05,-0.00146980454982248,7.84178909789546e-05,-0.00256655231621927,-0.00195575951077043,-0.00195575951077043,-0.000974274141562148,3.68937807282421e-05,1.32480984786909e-05,-0.000489549142518086,-5.67730417904144e-05,-0.00140265753269553,3.00333454745783e-05,-0.00126193873290337,-0.000622089988880248,-0.000827147854109533,-0.00833586136082465,-0.00148166299050523,6.63776525051674e-05,8.74739236067512e-06,-8.96772054161943e-05,-0.000322784322053238,-0.00313702206044475,6.63776525051674e-05,-0.000995199308060357,6.8806753034778e-05,-0.00183926450013416,8.99946366059723e-05,0.000122632045846061,-0.000827147854109533,-0.000608757820416805,-0.000121732333576041,-6.86062833210599e-05,-0.00112740780483556,-0.00288698789456721,-0.00490874433028265,-0.00736446839125371,0.000260460862340217,-0.00179067124449173,0.000149365918190369,-0.00161220280185148,5.92197162170294e-05,-0.000161491944622227,-0.000263945443180091,-0.000116638632624344,-0.000105055920628594,0.00174743305931457,-0.00169809658624676,-0.00513898008987423,-7.84858027031987e-05,-0.00146469040941177,6.63776525051674e-05,-0.00407837840143621,6.8806753034778e-05,-0.00161220280185148,6.39702842928358e-05,-0.00015182269734737,-0.00347932913130578,2.72865124930632e-05,-0.00399242792217613,0.000152020263246122,3.00333454745783e-05,-0.000325725169268765,-0.00197336019887562,-0.00179067124449173,6.39702842928358e-05,-0.000771402238713748,-0.000123217334500048,-0.00191812432521932,-0.00167611187218597,-0.000223452422729586,0.00168828920563424,2.72865124930632e-05,-0.000128120397042686,0.000137918423495087,9.49631139102181e-05,-0.000565358165119711,-2.88288036918161e-05,0.000211910536160431,-0.00234472171316025,-0.00256032009535989,-0.00231360893535282,-2.81270794135757e-05,0.000221021851237069,0.000135810241188139,-0.000938419835413207,-3.4660317343338e-05,-0.00234472171316025,-7.39280433852407e-05,7.12578468355929e-05,-0.000305146881571794,-0.00249272959398361,-0.000166330041755813,-0.000262809970021927,-0.00132735400575346,0.000137918423495087,-0.00125023354888754,-0.00025614564616383,-0.000407405149927431,1.32480984786909e-05,-2.04869765125792e-05,-0.00295332625535316,-0.000254449103022303,-0.00090069596446618,-0.00361139759592088,-0.00204779696041335,-0.00246183764408947,-0.000274368390670077,-0.00111646015003597,-0.00429509117849003,-0.00224224282790697,-0.000232902726862605,-0.00544850754587589,-0.00183926450013505,0.000223765468560622,-0.00111689978268981,-0.000877985319893249,-0.00330976086759538,-0.00324271335250614,-0.00284648180779445,-0.00548616899222587,-0.00213825013938429,3.56749757077779e-05,-0.000877985319893249,-8.96772054161943e-05,-0.00145942214765959,-0.00307669689556711,-0.0008833317398933,0.000263324335440629,0,2.15579986306835e-06,-0.000749035035782164,9.49631139102181e-05,-0.000877985319893249,4.51369198217755e-05,-0.00314624203835923,-0.000734682796960762,3.22990930534672e-05,-0.000614405187159051,2.40990594448931e-05,-0.00633192006025407,0,-0.00226012134217779,-0.0017018905791133,0.000105162557689553
"20:16314058:T:C",-7.14564053305722e-05,-0.00403368828788775,3.45583963605733e-05,-5.06503605066655e-05,-0.000382716058640931,4.93269941284069e-05,-0.00252224768668974,-0.00236088172242788,-0.00269984453915217,-0.00119623107222866,-2.86816172074822e-05,3.45583963605733e-05,-0.000217805357523471,-3.88546794720668e-05,-0.00307508081447505,-0.00235005565056667,-0.000583561643905384,-0.000310189504956426,-0.0033132969460139,-4.27319714315644e-05,-0.000138382433875428,-8.22697198064049e-05,-0.000123695161102333,-0.00513158815519166,6.86354355217134e-05,-3.88546794720668e-05,0.000261645894197748,-0.000262249170006612,-0.0019132716783119,-0.00205105121322369,0.198008178234379,-0.000255308505286322,3.45583963605733e-05,-0.000381640601024635,-0.00411637277706323,-2.21124153085839e-05,-0.00146180675676089,-0.000109529253625062,-0.00174508586043842,-5.06503605057773e-05,-9.15782664971942e-05,-0.00556703762292976,-0.000191017973563135,-0.00223347581361466,-5.06503605057773e-05,-5.06503605057773e-05,-0.00770860957373021,-5.06503605057773e-05,-2.21124153085839e-05,0.000132760419223388,6.5592949518134e-05,-0.00197502410007022,-3.88546794720668e-05,0.00015758155255341,-6.61783710338426e-05,-0.00247952862906775,-0.000810597115205702,-0.000138382433875428,-9.15782664971942e-05,-3.79651898141375e-05,-0.00195812971363729,-0.00341531503997494,6.64513683341639e-05,0.000261645894197748,0.000160865144891886,-0.00146180675676089,-5.67484628692938e-05,-0.000124319902039538,-0.000176818446697702,-0.00247952862906775,9.94295653731214e-05,-0.000352038598132154,-0.000104205080972974,-0.0038059722296353,-0.00207037798602006,-0.000550522956212607,-5.93777100910131e-05,-0.000156145534024432,0.000403055696936327,-0.000221170222968858,-9.15782664971942e-05,-7.87699621724869e-05,0.000195762610086803,-2.9297755875568e-05,0.000127560852470232,-0.000589423465442884,-6.43696925317627e-05,-2.80226323257082e-05,-0.000271953254017188,8.48777073105822e-05,0.000372244044276826,0.000261645894197748,-0.00140223748272383,-0.00146180675676089,-9.15782664971942e-05,-8.7248606559065e-05,0.000163236384063126,-0.000341942523200522,-9.41195601660283e-05,-0.00185636597533012,-0.00171020391130217,-3.88546794720668e-05,-0.000492787035917708,-0.00305621800915734,0.000403055696936327,-8.7248606559065e-05,0.000127560852470232,-0.000301960810058066,-0.00160611621586781,-0.00189238704257111,0.000229617508302304,-0.0024757045946906,-9.41195601660283e-05,-0.000348242530395559,3.45583963605733e-05,-0.000133627782321177,-0.000191986603090832,3.45583963605733e-05,-0.00266805994248909,-0.00262698970015496,-0.000532573562704197,-2.21124153085839e-05,-0.000634980797301843,-0.000354692171941728,-0.000203251698597917,-0.00279580768861987,-0.00306481582091411,-0.00171284561270113,-0.00560185163626636,-0.00149339483393529,-0.00417547404584706,-0.00325789097649043,-0.00058203611433516,7.24791112460821e-07,-0.00133549956944634,3.45583963605733e-05,0.000195762610086803,0.000254103549070628,-0.0056405499256833,-2.21124153085839e-05,-0.00207685387521206,-1.54455013783306e-05,-3.13747379490081e-05,-0.00513517488628024,0.00015846115261553,-0.00274298875869938,-0.000335530776790272,-0.000725639085890073,0.000124906987933215,-0.00523878768276997,-7.16662910971166e-06,-0.00162831182412138,-1.45346230278065e-05,-0.00165116839527268,-0.000361398471849128,9.37294768998953e-05,-0.00267453427544506,-0.00328092901099986,-0.00227439779444971,-0.0061758191979111,-6.26416549787123e-05,-0.00344146638172971,-0.00048250285251239,-0.00267453427544506,0.00010222169624452,-0.000293298822964694,-0.000489944676738574,-0.00466410111281412,-0.00551101020181122,0,-3.55865352652529e-06,0.000160865144891886,-0.000133627782321177,-0.00267453427544506,-0.00503601621213923,-0.00381693107700265,-0.00086188989499103,-4.27319714315644e-05,-0.000536576031159974,0.000126537159728102,-0.00254901321614343,0,-5.67484628692938e-05,0.000130178419713189,-0.000153066612211816
"20:16314978:T:C",-0.000266086403861721,-0.00394729936767746,8.39187322441148e-05,-0.00119757249949881,-0.00102024480129792,-0.00512942501735392,-0.00290976204929905,-0.000847397890339607,-0.00271717108127056,-0.00496112413020811,-2.97589287470146e-05,8.39187322441148e-05,-0.0056580677397986,0.000563168889422982,-0.00127589527197269,-0.00309860069489076,-0.0011333253131367,-0.000784882429832656,-0.000485219809926996,-0.000107217139078131,-0.000998000040261182,-0.0030960893237304,-0.00286632412943799,-0.00205639393819812,0.000166892423695053,0.000563168889422982,-0.000231309408434299,-0.00586754044003657,-0.00245416931886222,-0.000938865024906477,-0.000255308505286322,0.312769493440544,8.39187322441148e-05,-0.000968582274630592,0.000190732160274099,-0.0001422240485347,-0.00353493882733424,-0.000407044819377589,-0.00222910662253373,-0.000287387727730959,-0.00411815058415677,-0.00238664084777174,-0.000604699809271914,0.000197469124306515,-0.00198862333791272,-0.00119757249949881,-0.000804065124214937,-0.000287387727730959,-0.00291749032433497,0.000322082250546529,0.000157776411524146,0.000129612195857831,0.000563168889422982,-0.000122118972111451,-0.00403497701907618,9.24162806574813e-05,-0.00801167023063254,-0.000998000040261182,-0.000231309408434299,-0.00151884359914245,0.000248901035040383,-0.000385564728727417,-0.00535337925949708,-0.000231309408434299,-0.00283190778494635,-0.00353493882733424,-0.000176268007906266,-0.00348957376941161,0.000167637486315542,9.24162806574813e-05,0.000240427490988182,0.000329924086735822,-0.00034796216423949,-0.00123579676433128,-0.000477160196115101,-0.000163196171613311,-0.00402135502461753,-0.00463588022320494,-0.000670371058846264,-0.000779054093262843,-0.00282336414068496,0.000475729144971737,0.000475608523327509,-0.00152479447529608,0.000306051433367038,-0.0021785457853305,-0.000546524952219407,-8.75715186756665e-05,-0.00174757566712769,-0.00206227452836938,0.000363065578231847,-0.000231309408434299,-0.00252871943431465,-0.00353493882733424,-0.00282336414068496,-0.000810148186351611,0.000395392576561626,-0.000372645892482648,-0.000237359186592734,-0.00450105725420435,-0.00151732732769183,-9.59486214071603e-05,-0.00122513260313806,-0.00339033414029544,0.000314661666370952,-0.000810148186351611,-0.00217481405501907,-0.00592402073401388,-0.000870338283831984,-7.50787463843494e-05,0.000560853230394898,9.01654821161557e-05,-0.000237359186592734,-0.00273233999749944,8.39187322441148e-05,-0.0045805010635469,-0.00399285379831138,8.39187322441148e-05,-0.00297076699687349,-0.00164426129892359,-0.00303824533373875,-0.00146517911261679,-0.00358459303597769,-0.00066495530808286,-0.00118751707197617,-0.000364262243962798,-0.00125232192490721,-0.00148379090590911,-0.00570442075402156,-0.0040910000000256,9.9511441874256e-05,-0.00119757249949881,-0.00325402127013685,-0.0079037749108446,-0.000420533634828857,8.39187322441148e-05,0.000475608523327509,-0.00088264717258113,-0.00547899076792913,-0.00291749032433497,-7.9636410560191e-05,-0.00366626808140325,-0.00772423760959473,-0.00554871542095947,0.000380412980284461,-0.00159025298611226,-0.00361944667379177,-0.00197516877548232,-0.00506503009092185,-0.00810413244715624,-2.10175277519653e-05,-0.000604202468433179,-4.26642694266732e-05,-0.000176268007906266,-0.00647749132245412,-0.00653666462745228,0.000522856790090565,-0.00171906579474079,-0.00500697855697041,-0.000432468389010232,-0.00356446185345494,-0.0033290926826135,-0.00492949542722432,0.000522856790090565,0.000248901035040383,-0.00618462626646288,-0.000508878866019913,-0.00195593705173369,-0.00419577739121646,0,-1.04318111473489e-05,-0.00050888449224562,-0.000334952770185026,0.000522856790090565,-0.00189973404474175,0.000146004188255056,-0.00545983531060124,-0.000904072339690032,-0.00045715984522765,-0.00496889548333446,-0.00011005986348378,0,-6.67175978250611e-05,0.00031412553692256,-0.00313440214897653
"20:16318603:A:T",1.31985138205337e-05,-4.33219312707678e-05,-7.19518179792544e-06,9.75585167406479e-06,4.20204275677349e-05,0.000122750813876138,-0.000176789460057059,-1.65656722508345e-05,-0.000303447428849246,0.000138090594619555,-1.05953242170997e-05,-7.19518179792544e-06,-0.000236323649542847,7.78077916763209e-06,2.06153396238307e-05,-8.25068879706237e-06,-5.13025971331516e-05,5.62071039782452e-05,1.91367401578546e-05,8.43188385601934e-06,-0.00124835152556368,-0.000220102473156736,2.28970819859953e-05,-7.78838400661286e-05,0.00182032951166899,7.78077916763209e-06,1.7691803494202e-05,-3.96004169660458e-05,-9.54307445102387e-05,-2.88288036918161e-05,3.45583963605733e-05,8.39187322441148e-05,0.00210390363314339,6.77226783256657e-05,0.000548770465385928,3.7474149809924e-06,1.8410388753054e-05,2.06153396238307e-05,-1.97551825218412e-05,-0.000857307600126589,1.7691803494202e-05,8.59943877067337e-05,3.02453943428205e-05,-8.79640735638176e-05,9.75585167406479e-06,9.75585167406479e-06,-1.95350954816931e-05,-0.000857307600126589,3.7474149809924e-06,-2.86841319576681e-05,-1.39172413762267e-05,-1.22843831880104e-05,7.78077916763209e-06,5.33383864045334e-05,0.000183016481230425,-8.8471117924982e-06,0.000220235663907609,-0.00124835152556368,1.7691803494202e-05,2.47033254652251e-06,0.00182032951166811,1.99193744778725e-05,0.000136594998343398,1.7691803494202e-05,-3.53168015703176e-05,1.8410388753054e-05,5.71814736449738e-06,2.41471140718374e-05,3.36318596998453e-05,-8.8471117924982e-06,-2.12700145123534e-05,-2.91387123239062e-05,-1.60121443997241e-05,2.87601328707865e-05,-1.76534838702835e-05,-2.44975824550409e-05,8.47961752192816e-06,0.000154582241345125,-9.77168286402375e-05,4.16362250845737e-05,1.7691803494202e-05,1.5583353294879e-05,-4.33211669559341e-05,-1.82660711889326e-06,-2.77595479065695e-05,9.73524258816028e-05,-0.000295470784882568,-2.45053097280845e-06,6.63433836125549e-05,-1.87163716427463e-05,-8.91984198858609e-05,1.7691803494202e-05,2.13671921578396e-05,1.8410388753054e-05,1.7691803494202e-05,1.69811899768391e-05,-3.5740978083787e-05,-0.00026410711455771,7.75810806796784e-06,-4.96350511713928e-05,4.24928204427744e-05,7.78077916763209e-06,8.6450424102047e-05,-0.000376520218819287,-9.77168286402375e-05,1.69811899768391e-05,-2.77595479065695e-05,9.18411933987784e-05,3.90048909180152e-05,-3.67711621596101e-06,-5.13025971331516e-05,-7.64722095603076e-06,7.75810806796784e-06,9.71646741021459e-06,-7.19518179792544e-06,2.56504295226279e-05,-7.18468224594204e-05,0.00182032951166811,-0.000641076511906924,3.10528250935249e-06,-6.10238414404662e-05,-0.00023723189077085,0.000165148628179956,6.48024026128624e-05,3.77767673551688e-05,0.000450912946927673,1.04289585758366e-05,3.10528250935249e-06,0.000104782146798321,1.91370806774671e-05,-5.12261188170271e-05,9.75585167406479e-06,-6.98468209119341e-05,0.000191473113028806,-8.78180121661742e-05,-7.19518179792544e-06,-4.33211669559341e-05,-5.77723016927933e-05,9.1540150032543e-05,3.7474149809924e-06,-4.87614766786493e-06,7.85467240103088e-05,-3.01121428973872e-05,-3.95310725194165e-05,-3.48877800577796e-05,1.84244523282473e-06,1.82487613953342e-05,2.48212187692332e-05,-2.72893687878195e-05,-0.000149088218969418,1.22150336778759e-06,0.000226244759494953,2.47033254652251e-06,5.71814736360921e-06,6.57882601453608e-05,-2.02658133652278e-05,-4.92228791753035e-05,-1.82660711978144e-06,9.04409173587695e-05,-9.14790097885643e-05,-1.4885270381626e-05,4.21184043037925e-05,4.58715891529238e-05,-4.92228791753035e-05,-2.17637737822685e-05,-0.000627413305014812,-3.87125371519303e-05,-0.000134113030442862,-6.37718665821296e-05,0,-0.00204121466972396,-3.53168015703176e-05,2.56504295226279e-05,-4.92228791753035e-05,-1.93891442252792e-05,-6.82052908658193e-05,6.60703577537447e-05,8.43188385601934e-06,2.34331792992037e-06,4.49287534287635e-05,-0.0001817587910935,0,5.71814736360921e-06,-2.82244393945419e-05,2.87601328707865e-05
"20:16322738:C:T",-0.00014746384784825,-0.00129988672538328,6.77226783256657e-05,-0.00118182226359043,-0.000680547494456896,-1.67656335818833e-05,-0.00137409497894492,-0.00206352423060352,-0.00131891321266675,-0.00110550975398338,-0.00171002896217409,6.77226783256657e-05,-0.000801159543831531,-7.64116237315093e-05,-0.00122756787250289,-0.00143718581696373,0.000461973373488966,0.00289278273955951,-0.000226824224431432,-8.48833587001607e-05,-0.000937169342051902,7.70788222714813e-06,-0.00144321865125541,0.000785014383389182,0.000135110034053199,-7.64116237315093e-05,-0.000181743864107631,-0.000107054577492605,-0.00153545555287504,9.8700739336266e-05,-0.000381640601024635,-0.000968582274630592,6.77226783256657e-05,0.200984320127644,0.00139976660160457,-4.89967667034463e-05,-0.000191177091902084,-0.00122756787250289,0.000175509158331977,-0.000102166438502138,-0.000946785527691674,0.00265026436661486,-0.00291664920109724,-0.00147848694902386,-0.000102166438502138,-0.00118182226359043,0.00013793607892687,-0.000102166438502138,-0.00146125571982658,-0.00109881851508309,0.000128126608669454,0.000106617818462773,-7.64116237315093e-05,-0.000564195710497373,-0.000188696167510827,-0.00131078848349553,0.000120577954247025,-0.000937169342051902,-0.000946785527691674,-3.22284354963287e-05,0.00020215406395252,-0.0064995239827379,-0.00424322093796636,-0.000181743864107631,0.000318047055648307,-0.000191177091902084,-0.00143848287032089,-0.000243031279770989,-0.000721760311149566,-0.00131078848349553,-0.00131661059434052,0.000268846591163552,-0.000118175813833332,-0.000492280541042334,-0.00174837931678873,-0.00212987105443441,-0.00338811648122839,-0.00263712114078007,-0.00488430549663654,-0.000675075423661298,-0.000181743864107631,-0.000154190796783027,0.000390685841831662,-0.00153026856443272,0.000250360383199144,0.00142427946321266,-0.00725033697561539,-0.00155359656792076,-0.00201796111323338,-0.00192332283576668,-0.00526133984073063,-0.000181743864107631,-0.00126406760803199,-0.000191177091902084,-0.000181743864107631,-0.000172436722080782,-0.00396300556820606,-0.000478964189398745,-0.000396125375762502,-0.000928746325392638,-0.000440652493449711,-7.64116237315093e-05,0.000321187064069584,-0.00413519830356801,-0.00488430549663654,-0.000172436722080782,0.000250360383199144,-0.00403858279100922,-0.000442232214675542,-0.0016319489479395,-0.000664287559537513,-0.00131157914519076,-0.000396125375762502,-0.000922131826824213,6.77226783256657e-05,-0.000262767142785059,-0.00146695664662833,6.77226783256657e-05,-0.00356677738890543,-4.05562732481712e-05,-0.00426202404519582,-0.00325587980443665,0.000899568413379903,-0.000677070475040509,-0.000400408200947666,-0.00170457812180036,-0.00123388534986368,-4.05562732481712e-05,-0.000737038450144833,-0.00341894641675289,-0.00519425317046629,-0.000274998882130006,-0.000406647753916189,-0.00196273012200443,-0.000513454597496299,6.77226783256657e-05,0.000390685841831662,-0.00324588587219132,0.000431085394608122,-0.00146125571982658,-0.00180817556520818,-0.000866880093267852,-0.00235864139806186,-0.00021878558002264,-0.00155864391447658,-0.00306860275150278,-0.000801222091384446,-0.00326192224908528,0.000244034386028602,-0.00767272271191732,-1.5901885251246e-05,-0.00146993088436442,-3.22284354963287e-05,-0.00143848287032267,0.000816082723343214,-0.00184294031277155,-0.000619730816416642,-2.92858351347292e-06,-0.00209256213357811,-0.00677001169723646,-1.72843654464572e-05,-0.000537571897698985,-0.000510145841322363,-0.000619730816416642,-0.000605274446270343,-0.00548729358528366,-0.000223434494956543,-0.000196067134170974,-0.00376385396472223,0,-7.89889467878169e-06,0.000318047055648307,-0.00245967576040318,-0.000619730816416642,-0.00851233103822002,-0.000899842317736876,-0.00120722647478555,-8.48833587001607e-05,-0.0020323017895878,-0.000497223943328073,-0.000581648610820107,0,-0.000167330016526357,-0.00339001718256338,-0.000303888270515529
"20:16324849:T:C",-0.0011911860293834,-0.00333157182117594,-0.00028434867220728,-0.000859818747293239,-0.00331285537185888,-0.00869656341715253,-0.00280768495033135,-0.00729294752050436,-0.00201736690473453,-0.00812133745582022,5.04661130364958e-05,-0.000158105904760397,-0.0104578836105889,0.000138767133885942,-0.000719577422920725,-0.00336042758877531,-0.00269403160432269,0.000722498799593296,-0.004875378389952,0.000269563047531562,-0.000323271955120497,-0.00749304785489047,-0.0014077994483328,-0.00207502008673455,0.0010876304630818,0.000138767133885942,-0.000204041265227772,-0.00884893347053906,-0.00446986087591394,0.000586199878422455,-0.00411637277706323,0.000190732160274099,0.000548770465385928,0.00139976660160457,0.554431059776106,-0.000631233510869578,-0.00078425058625875,-0.00353414770610838,-0.00116221716501208,-0.00172181902292312,-0.00474390286766013,-0.00107992639749233,-0.00244197126517554,-0.00243600030178648,6.56464632662335e-05,6.56464632662335e-05,-0.000504998024075221,-0.00172181902292312,-0.000375531297878595,-0.000738901450145768,-0.00275178212532978,-0.000154439162242781,0.000138767133885942,-0.000224969678293885,-0.00409781505706208,-0.0006796516122205,-0.00912652641258127,-0.000323271955120497,-0.000204041265227772,-0.000442572345369818,0.000817731311439474,-0.0085623962734136,-0.00244741038048302,-0.000204041265227772,-0.00571430264351847,-0.00078425058625875,-0.00144620904132564,-0.000950104865607315,0.000625518737431996,-0.0006796516122205,-0.000840833855686007,-0.00102294558051508,-0.00147144094573415,-0.0037770015207963,-0.000513039724274744,-0.000953187877504647,-0.0024765794187096,0.0014822735501232,-0.00268742410293132,-0.00542329906411432,0.000372840312573786,0.000254384791704254,-0.00184225655859027,-0.000625114861612541,0.000193097451832713,-0.00192060612788847,-0.00379908991793432,-0.00368350132975381,-0.00138016260269191,-0.00142768700655971,-0.0032648038345422,-0.000204041265227772,-0.00189170708267739,-0.00078425058625875,0.000372840312573786,-0.0044485591531469,-0.00139795359243511,-0.00243705864941601,-0.00111541864138243,-0.00288338051009163,0.000805479748891003,0.000271599627154728,-0.00234009182947847,-0.00592091397939543,-0.00440760518343941,-0.0044485591531469,-0.00624414063264922,-0.00529269596349113,-0.00398260658890992,-0.00138356280000096,-0.0114699140167094,-0.00396837570850872,-0.0013184111739033,-0.00438379179806958,0.000548770465385928,-0.00439344829874511,-0.00232945062631762,0.000548770465385928,-0.00315900386401857,-4.33857687198724e-06,-0.00505062679341783,-0.00304642013253176,-0.012598224581077,-0.0056119785558133,-0.00351347332795893,-0.0177762752132384,-0.00156778432190308,-0.000161680438694134,-0.0145607902183773,-0.00284995673919841,-0.00952235207873953,-0.00743183134686642,-0.00153684851547542,-0.0053682292334889,-0.0109634391396658,0.000548770465385928,-0.0013564976352356,-0.00230888661127171,-0.0139314735847571,-0.00036914345002792,3.90368939662267e-06,-0.0024412000409435,-0.006810965322813,-0.021609581765913,-0.00118793673719075,-0.00577719211818373,-0.00507244622457925,-0.00224923147893596,-0.00985652700054995,-0.00269834175871431,-0.00396777902123979,-0.00277153822682941,-0.000351800513696432,-0.00463618264350663,-0.00125490240421389,-0.00115165115661942,-0.00507663224451749,-0.000740281434752355,-0.00863470722428472,-0.00579519143392693,-0.0058511593031203,-0.00327630360333631,-0.000133524303744803,-0.00507663224451749,-0.000612046781351516,-0.00450065212381601,-0.00477341623811078,-0.00437043020220695,0.000231985535807055,0,-0.00304895486801815,-0.00170845681396425,-0.00403631703697194,-0.00507663224451749,-0.0046116452738092,-0.00401338017716091,-0.0106285098319172,-0.00132247077400738,-0.00040590662589457,-0.000255507085393347,-0.00814669162543424,0,-0.00721398320752753,-0.00182183611069497,-0.0073099489041013
"20:16329563:C:T",-7.73934799003229e-06,-0.00172493076656277,3.7474149809924e-06,-5.57424675395879e-06,-0.00251272796984026,-6.85231573935852e-05,-0.00224557654150548,8.09208269814121e-06,-0.0023855033919471,-5.57097732087897e-05,5.31710545548236e-06,3.7474149809924e-06,-0.00114425418981678,-4.36298639083788e-06,-1.23837077170563e-05,-0.00210677692010197,2.11697997212212e-05,-3.8880585901957e-05,-1.16358135793249e-05,-4.75981272707315e-06,-0.00133173752134397,-0.00105489568307959,-1.39446070850369e-05,-8.09978112989995e-05,7.26548056384502e-06,-4.36298639083788e-06,-0.000246147825940568,-3.0232202036018e-05,-0.000785432874994996,-0.00188917809367517,-2.21124153085839e-05,-0.0001422240485347,3.7474149809924e-06,-4.89967667034463e-05,-0.000631233510869578,0.115893915365076,-1.09041710389945e-05,-0.00167154406510495,9.61867254112292e-06,-5.57424675395879e-06,-1.04280976964688e-05,-4.33881473478337e-05,-1.91792496186949e-05,2.85748868185109e-05,-5.57424675395879e-06,-0.00173370753551971,9.28466838612252e-06,-5.57424675395879e-06,-2.1666840606116e-06,1.34053876266194e-05,-0.00117367585838934,6.18140114383436e-06,-4.36298639083788e-06,-3.64073910175122e-05,-0.00036775190191296,-0.00223968684283538,-0.00408067023632341,-0.00133173752134397,-1.04280976964688e-05,-1.41924713403796e-06,1.05502346174902e-05,-0.0019702276519391,-0.00190800293762017,-0.000246147825940568,1.59143796869543e-05,-1.09041710389945e-05,-3.33852831513326e-06,-1.45732677303556e-05,-2.11639079354953e-05,-0.00223968684283538,1.03233624999532e-05,1.35976367579005e-05,7.82120870823633e-06,-1.78352130868475e-05,8.61928667905687e-06,-0.000829599384482904,-3.79518683146784e-07,-0.000184351619806122,2.95689809828303e-05,-2.705802952363e-05,-1.04280976964688e-05,-9.04847668792286e-06,-0.000844654197413419,8.14335017196299e-07,1.3010740437025e-05,-0.00133915228726789,-1.42221489500827e-05,1.16370434177782e-06,-0.000630230614129701,9.12786068951732e-06,2.87536275234146e-05,-0.000246147825940568,-0.00169918420832982,-1.09041710389945e-05,-1.04280976964688e-05,-9.9602489340711e-06,1.60802914956903e-05,-0.00325132927438965,-4.57518618102171e-06,-0.00247184864625183,-2.77351844371054e-05,-4.36298639083788e-06,-6.6602057515297e-05,-1.55929496372664e-05,2.95689809828303e-05,-9.9602489340711e-06,1.3010740437025e-05,-0.00162939668822837,-2.32749861712733e-05,1.84400902725201e-06,2.11697997212212e-05,-0.00222893939993885,-4.57518618102171e-06,-0.000617008931323326,3.7474149809924e-06,-1.56226456891062e-05,2.60540390453201e-05,3.7474149809924e-06,-4.42591397415981e-05,-1.78969144393193e-06,-0.0030003535296812,-0.00206344753586851,-0.000137418934971656,-4.60164934201757e-05,-9.36610280541927e-05,-0.00013106161413301,-0.00177791726165744,-1.78969144393193e-06,-0.00123239594188806,-1.13886629824478e-05,-0.00234982323242061,-0.00173370753551971,2.55997878788605e-05,-1.84900512758546e-05,-0.00139869314447871,3.7474149809924e-06,1.86997246940379e-05,2.2912732922542e-05,-0.00120927489050437,-2.1666840606116e-06,2.50068447016361e-06,-0.00139154990386103,-6.46836349815771e-07,-0.00323964388548603,1.57455285112462e-05,-0.00221819559506464,-0.00211280072409004,-0.00184825503882013,1.28081828121296e-05,-0.00031535888517098,-6.97404381355682e-07,-0.000412917744385233,-1.41924713403796e-06,-3.33852831513326e-06,-4.6920991482402e-05,9.85767509131819e-06,-0.00398482801855859,8.14335015419942e-07,-0.00532391693992285,-0.00236271923308973,7.26431411557371e-06,-0.00298610106750452,-5.30123260409354e-05,-0.00398482801855859,1.05502346174902e-05,-0.00155314109385873,-0.00101194732332122,-0.000866549749558132,2.43351906501488e-05,0,-3.4571705587183e-07,-0.00113472283025562,-1.56226456891062e-05,-0.00398482801855859,-0.000440718352669123,2.5208418974465e-05,-0.0047989950619316,-0.00146082660464142,-1.85052556922471e-06,-5.62593533697253e-05,-3.66526101220899e-05,0,-3.33852831513326e-06,1.32097817280297e-05,-0.00153173530668749
"20:16331254:C:T",-3.63320399694445e-05,-0.000747738587731916,1.8410388753054e-05,-2.61815351327854e-05,-0.000175334761821411,-0.00151643382277555,-8.42382520183094e-07,4.00212019551205e-05,-2.26820940651962e-05,-0.00215766129937744,2.56401306479859e-05,1.8410388753054e-05,-0.000270972659504487,-2.03947845598407e-05,-5.60969275715806e-05,1.88512330252522e-05,0.000125623363756766,-0.00015664299871343,-0.00162635518864995,-2.2299507535628e-05,-7.1293679952511e-05,-0.00220964001487278,-6.29277718342536e-05,-0.00497494381600649,3.67152184468367e-05,-2.03947845598407e-05,-4.73967683412013e-05,-0.00183975441022532,0.000217506235362208,6.8806753034778e-05,-0.00146180675676089,-0.00353493882733424,1.8410388753054e-05,-0.000191177091902084,-0.00078425058625875,-1.09041710389945e-05,0.0872025235832643,-5.60969275715806e-05,4.91812519713974e-05,-2.61815351327854e-05,-4.73967683412013e-05,-0.00165154999780093,-8.51700563311297e-05,0.00020472883945466,-2.61815351327854e-05,-2.61815351327854e-05,-0.0018804678847113,-2.61815351327854e-05,-1.09041710389945e-05,7.17087378783177e-05,3.51919562984193e-05,3.05066046335511e-05,-2.03947845598407e-05,-0.000147649288519069,-0.00070616732275397,-0.00266108273635801,-0.000170629735656291,-7.1293679952511e-05,-4.73967683412013e-05,-7.1772539369519e-06,5.49121539918929e-05,-0.00273732928841941,-0.00195376146542348,-4.73967683412013e-05,8.74030730093622e-05,0.00236646212455138,-1.66775245142858e-05,-6.45028580432694e-05,-9.10002066589755e-05,-0.00266108273635801,5.35060502127038e-05,7.29988115573121e-05,3.84240131419133e-05,-0.00129358836336824,4.31535830127672e-05,-0.00122986798645819,-0.00174340062534295,-0.000712097023609637,0.000227526432038161,-0.000113401146082381,-4.73967683412013e-05,-4.11583411619176e-05,0.000106695235853493,2.86402747384784e-06,6.90801377043471e-05,-0.000286756806905153,-0.00638142216676574,4.68114352081273e-06,-0.00146569218060844,4.62059284007665e-05,0.000209109012816455,-4.73967683412013e-05,-0.00312815452103798,0.00236646212455138,-4.73967683412013e-05,-4.52908494983362e-05,8.86077416391018e-05,-0.000656842635899046,-2.26820940651962e-05,1.88258408826414e-05,-0.000116028729646445,-2.03947845598407e-05,-0.000246201231225207,-0.00297965974309555,0.000227526432038161,-4.52908494983362e-05,6.90801377043471e-05,-0.000272457801221648,0.00230578966728867,8.24549596423196e-06,0.000125623363756766,-0.00265335985742965,-2.26820940651962e-05,0.000470556027340585,1.8410388753054e-05,-6.90008915338325e-05,-0.00176167401279415,1.8410388753054e-05,-0.00338854118373444,-9.0288231184843e-06,-8.52136801778869e-05,-1.09041710389945e-05,2.69386632947288e-05,-0.000347551073894614,-0.000103617920562904,-0.001797806318244,-2.81597606299755e-05,-9.0288231184843e-06,-0.001623675184387,-5.16904851250999e-05,0.000120781520589475,-2.61815351327854e-05,0.000164238099126912,0.000135137639414751,-0.001663225713739,1.8410388753054e-05,0.000106695235853493,0.000139897671590283,-0.00160004370748901,-0.00275802664874725,1.1719605673477e-05,-0.00118866477107726,6.84741702592362e-05,-0.000438317116791431,8.61832604970303e-05,-5.34901708704183e-06,-9.77753759059397e-05,-0.00159071393092258,6.7741003501709e-05,-0.00288740515751407,-3.54367719257453e-06,0.00094268684620058,-7.1772539369519e-06,-0.00272146904964199,-0.000517239014971693,5.06409314580125e-05,0.000626310356622639,2.86402747118331e-06,-0.00168323732389997,-0.000104579581023501,3.51655778665361e-05,-0.00338953947903331,-0.000908588860689008,0.000626310356622639,5.49121539918929e-05,-0.000147391582311585,-1.17342927818953e-06,2.16901042815465e-05,0.000152321685962242,0,-1.76080958969038e-06,8.74030730093622e-05,-6.90008915338325e-05,0.000626310356622639,-0.000344936702653342,-0.00198190591618008,-0.000225516205231813,-2.2299507535628e-05,-0.000238327265226879,-0.000885704161610157,-0.00573214162638003,0,-1.6677524515174e-05,7.04026132964941e-05,-7.83540189566168e-05
"20:16332675:T:C",-4.11864598488521e-05,-9.04648390065432e-06,2.06153396238307e-05,-2.95775049687919e-05,-0.00393757604735256,-0.00341035466782991,-1.17544708633233e-06,4.45048693524797e-05,-2.5809973292823e-05,-0.00838460378713757,2.8554249533741e-05,2.06153396238307e-05,-0.00159735532130867,-2.29760244234711e-05,-6.3647925338195e-05,2.0894785393466e-05,0.000138460418637187,-0.00110584218774967,-6.15184895575993e-05,-2.51475689490022e-05,-8.0935258819359e-05,-0.00399988984254573,-7.1517942159538e-05,-0.00130436693486491,4.1009035243178e-05,-2.29760244234711e-05,-0.00106606592060832,-0.0131025132563831,-0.00367257208793426,-0.00184754600382231,-0.000109529253625062,-0.000407044819377589,2.06153396238307e-05,-0.00122756787250289,-0.00353414770610838,-0.00167154406510495,-5.60969275715806e-05,0.184161108583462,5.47716852459246e-05,-2.95775049687919e-05,-5.36475429102623e-05,-0.00238540383774311,-9.72538849861593e-05,0.000222542833268946,-2.95775049687919e-05,0.000334142355971956,5.03218531759941e-05,-2.95775049687919e-05,-1.23837077170563e-05,7.9681098484663e-05,3.92990094368884e-05,3.40331887223044e-05,-2.29760244234711e-05,-0.000169153295154878,-0.00195793720839443,2.28491500102734e-05,-0.000955257321688663,-8.0935258819359e-05,-5.36475429102623e-05,-0.00277241059388977,6.11767031717392e-05,-9.32351780669194e-06,-0.00489802538970974,-0.00106606592060832,9.68717390499307e-05,-5.60969275715806e-05,-1.89585773862078e-05,-7.31016902824067e-05,-0.000103510503097759,2.28491500102734e-05,5.9606514962951e-05,8.1113869833338e-05,4.27110363947492e-05,-8.90960605701707e-05,4.80197549821426e-05,-0.00149856387904368,-0.00547151691662684,-0.00410593996585451,0.000246377713343904,-0.000129322809689469,-5.36475429102623e-05,-4.64930268586627e-05,0.000117932317162506,3.03084530539621e-06,-0.00158452621927108,-0.000387555430259923,-0.00176288611445141,5.09108147905835e-06,-0.000439407279372972,5.1440803569669e-05,0.00022718866760929,-0.00106606592060832,0.000299551730299719,-5.60969275715806e-05,-5.36475429102623e-05,-5.12308553899388e-05,9.82034834784429e-05,-0.00247309906651338,-2.5809973292823e-05,-0.00454958212215661,-0.000132386566956022,-2.29760244234711e-05,-0.00148737050802605,0.000115075273190435,0.000246377713343904,-5.12308553899388e-05,7.6759412099392e-05,-0.00116780048022935,-0.00017082065002505,9.1285766519178e-06,0.000138460418637187,1.89131818704169e-05,-2.5809973292823e-05,-0.000322579751800944,2.06153396238307e-05,-0.000595103226696203,-0.00169047211406959,2.06153396238307e-05,0.000477058530499619,-1.02506993497897e-05,-0.00364726706451357,-0.00168227051406156,-0.0132617321935218,-0.00277123202121121,-0.000118170116214067,-0.000247402759478099,0.000228986222767347,-1.02506993497897e-05,-0.00447224543132752,-5.85796666570104e-05,-0.00209806531514278,9.44997219747279e-05,0.000179697993753614,-0.000762349103069937,-0.00158994992858652,2.06153396238307e-05,0.000117932317162506,0.000153802133553427,-0.00447627082698787,-1.23837077170563e-05,1.30590542983811e-05,-0.00219983510688593,-0.000953680492497888,-0.00179264441522431,9.55225519803093e-05,-0.00056488337588867,-0.000280297949207586,-0.00314423811563813,7.52697658858992e-05,-0.000203505927053982,-4.0195567185819e-06,-0.00255876452994919,-8.14603825105564e-06,-0.00163061286626132,2.42797766700775e-05,-0.00176883455155252,-0.00347184802552825,3.03084530361986e-06,-0.000608862831203538,-0.000235246225233965,3.90480723568842e-05,-0.00177244388531506,-0.0028505016620004,-0.00347184802552825,6.11767031717392e-05,-0.00128148870027012,-0.00253028456627113,-0.00143658999749174,0.000167059339621467,0,-1.99667072120491e-06,-0.00356408949923903,-7.82886785835046e-05,-0.00347184802552825,-0.0028424530920903,-0.00448522395547979,-0.00129003999270783,-2.51475689490022e-05,-0.00422235536561821,-0.00282594321111329,-0.00309196944399837,0,-1.89585773862078e-05,7.82297328809634e-05,-8.90960605701707e-05
"20:16335111:A:C",-0.00022650244199518,-0.000124528928110657,-1.97551825218412e-05,2.61194881687743e-05,-0.000330658303586695,-0.000368709900738118,-2.68086003174517e-06,-0.000912230310516904,1.98774392980994e-05,7.37012568290396e-05,-2.99014887765736e-05,-1.97551825218412e-05,-0.00800165089362892,2.10697272287064e-05,-0.00264226722913907,-2.38648749286696e-05,-0.000710228235309529,0.000146823602138468,-0.00154519105385198,2.27354625454979e-05,7.03695922839032e-05,-0.00571351528280761,-0.00282416317880507,-0.00253307813720038,-3.98493695099589e-05,2.10697272287064e-05,4.73567397545338e-05,-0.00271349241808405,-0.00217939216369256,-8.22939047351312e-05,-0.00174508586043842,-0.00222910662253373,-1.97551825218412e-05,0.000175509158331977,-0.00116221716501208,9.61867254112292e-06,4.91812519713974e-05,5.47716852459246e-05,0.184992316461218,2.61194881687743e-05,4.73567397545338e-05,-0.00279487949215174,-0.00282927443067482,-0.0018465419575211,2.61194881687743e-05,2.61194881687743e-05,-0.0033545726908395,2.61194881687743e-05,9.61867254112292e-06,-7.98999450868365e-05,-3.84737115384226e-05,-3.42572729321589e-05,2.10697272287064e-05,0.000139789227636022,-0.00131798989195531,-2.53993730003899e-05,-0.00091054477711161,7.03695922839032e-05,4.73567397545338e-05,6.34432544455166e-06,-6.0287629005451e-05,5.19570715740159e-05,-5.03769958060118e-05,4.73567397545338e-05,-9.89741747838835e-05,4.91812519713974e-05,1.46641472280606e-05,6.46446026157932e-05,8.9370006224776e-05,-2.53993730003899e-05,-5.90103002169329e-05,-8.10751249389341e-05,-0.000956161743256523,7.62769302031785e-05,-4.96688388649247e-05,3.24658314001525e-05,2.04056563024579e-05,-0.0016929624591917,-0.000660672186926448,0.000110138912282842,4.73567397545338e-05,4.19959320572261e-05,-0.000121790162697977,-0.00322121198929093,-0.000611914284235127,-0.00232812335973787,-0.00158690188892852,-7.54169295813512e-06,6.15511998489637e-05,-5.24116472035985e-05,-0.000733588311934597,4.73567397545338e-05,5.66751623942707e-05,4.91812519713974e-05,4.73567397545338e-05,-0.00314545638391373,-0.000100067079997324,-0.00822827644003432,1.98774392980994e-05,-0.000143831327784838,0.000112268120373571,2.10697272287064e-05,0.000221980147375511,6.65072496088825e-05,-0.000660672186926448,-0.00314545638391373,-7.75108435160377e-05,-0.0109716874687331,-0.00272859840595885,-1.06944146915922e-05,-0.000144741234711532,-0.00150968648372807,-0.00123572971847885,-0.00276063301820617,-1.97551825218412e-05,6.84414173433012e-05,-0.000206777739005126,-1.97551825218412e-05,-0.00186781416952719,7.97275796582397e-06,-0.00689716536985507,9.61867254112292e-06,-0.00883049363140742,0.000169060515320396,-0.00283326387789451,-0.00101785376789287,2.78383291414386e-05,7.97275796582397e-06,0.000289958722930805,5.1025043381614e-05,-0.0012453259776013,2.61194881687743e-05,-0.00060592304383178,-0.00706503520167523,-0.000935029969676648,-1.97551825218412e-05,-0.000121790162697977,-0.000164107542734548,0.000319565706365488,9.61867254112292e-06,-1.37794909713662e-05,-0.00215384059599621,-0.00704965803566449,-0.000151015228397888,-9.78690805615301e-05,4.7330999572992e-06,4.51573031812202e-05,-0.00155284803404587,-7.62964950533629e-05,-0.00123567524197288,3.13881217905987e-06,-0.011867756040937,6.34432544455166e-06,1.46641472271725e-05,0.000171450355814784,-5.64139303884659e-05,-0.00105698148060629,-5.93927051717458e-06,-0.00169126191783509,-0.0046346548390428,-4.25356887179262e-05,-0.00221987200059903,-0.00171836102637712,-0.00105698148060629,-6.0287629005451e-05,0.000137225165055987,-0.00247513767177399,-0.00102166515314117,-0.00419307412992165,0,1.56119832261936e-06,-9.89741747838835e-05,6.84414173433012e-05,-0.00105698148060629,-0.0033140279162307,-0.00249510671428688,-0.00198948821965939,2.27354625454979e-05,3.26741478229309e-06,-0.00174132377637015,-0.00278223029086266,0,1.46641472271725e-05,-7.87119216285603e-05,-0.00247569954851734
"20:16335250:C:T",-1.90055262017097e-05,-9.89085992628702e-05,9.75585167406479e-06,-1.37843575265251e-05,-0.000153248267043438,-0.00217003144763073,-0.00287206146376739,-0.00247378709588641,-0.00301875397366302,-0.0141599267606916,1.38260418767189e-05,9.75585167406479e-06,-0.00163557588904784,-1.08106461826907e-05,-2.95775049687919e-05,1.03923276615348e-05,6.58694949446925e-05,-8.3548859517002e-05,-2.81251217364442e-05,-1.17892195010683e-05,-0.00400803656491178,-0.00162323793305585,-3.31125771797502e-05,-0.00681353876948965,-0.000840356566654599,-1.08106461826907e-05,-2.50790646072474e-05,-0.000257877713286447,-0.00224132155624091,3.68937807282421e-05,-5.06503605057773e-05,-0.000287387727730959,-0.000857307600126589,-0.000102166438502138,-0.00172181902292312,-5.57424675395879e-06,-2.61815351327854e-05,-2.95775049687919e-05,2.61194881687743e-05,0.190552837119439,-2.50790646072474e-05,-0.000204744788136146,-4.46420897901589e-05,-0.00254746696666519,-1.37843575265251e-05,-1.37843575265251e-05,2.47184404802425e-05,0.000339759052751631,-5.57424675395879e-06,3.78317442848441e-05,1.86522559362245e-05,-0.00246171027742648,-1.08106461826907e-05,-7.88049126843049e-05,-0.00327306882396261,1.12679391515158e-05,0.000185731002831702,-0.00400803656491178,-2.50790646072474e-05,-3.66819194308476e-06,-0.0026743042533024,-2.93378344524697e-05,-0.00611408374271249,-2.50790646072474e-05,4.60940729460901e-05,-2.61815351327854e-05,-8.52861492539603e-06,-0.0032597716665359,-4.84160678535517e-05,1.12679391515158e-05,2.82894795091693e-05,3.84741295098578e-05,-0.00238416868248681,-4.14821646712582e-05,2.30930730182877e-05,-0.00727488884033622,-1.36556646115338e-05,-0.00130310293781832,0.000118046440144681,-0.00180232434217231,-2.50790646072474e-05,0.000173953372519797,5.60975201766567e-05,1.85122446705321e-06,3.65225144252079e-05,-0.000254489641386968,-0.00304621129968297,2.77593303543711e-06,-0.0067993667761046,2.4625905441944e-05,0.000108804954821906,-2.50790646072474e-05,-3.07399956929189e-05,-2.61815351327854e-05,-2.50790646072474e-05,-0.00273994240782027,4.66893247255129e-05,-0.00400219219182674,-0.00456211592447975,6.19309397018597e-05,-6.1844420421231e-05,-1.08106461826907e-05,-0.000132496157261741,-0.00313494991121299,0.000118046440144681,-0.00273994240782027,3.65225144252079e-05,-0.00140478195395044,-0.00013555646298169,4.58918955903442e-06,6.58694949446925e-05,-0.00396037909953773,-0.00456211592447975,-0.000352132009052042,9.75585167406479e-06,-3.66216099534356e-05,8.92360907833734e-05,-0.000857307600126589,0.000336990927203296,-4.61503013227116e-06,-0.0024898157709865,-0.00294181044147734,-0.0121184184979866,-9.65368811964851e-05,-0.000204452279411349,-0.00362343808502175,-1.48014111820416e-05,-4.61503013227116e-06,-0.000475195776079573,-2.72985728972941e-05,-0.00240962986138271,-1.37843575265251e-05,8.63910331379003e-05,-0.00658639435674857,-0.00137341137749836,9.75585167406479e-06,5.60975201766567e-05,7.3356481473219e-05,-0.000470029642026581,-5.57424675395879e-06,6.35576771124136e-06,-0.00012005178801644,-5.70784191049611e-05,-0.000318428376628432,4.54912445579936e-05,-2.73349665125266e-06,-2.87632223106016e-05,-3.69908625126314e-05,3.58553596404576e-05,-0.00314120602515899,-1.81071460403359e-06,-0.00371747296593039,-3.66819194308476e-06,-8.52861492628421e-06,-0.00150507252746923,2.68520252788562e-05,6.29854876228464e-05,1.85122446705321e-06,-0.00335950548708475,-0.00232287432166789,1.90788705465295e-05,-0.000148876724670011,-6.80779642800999e-05,6.29854876228464e-05,2.89947389155998e-05,-0.00345543785288616,-0.000616601955661267,0.000154113286440882,7.99697432531943e-05,0,-0.00473744320686986,4.60940729460901e-05,-3.66216099534356e-05,6.29854876228464e-05,-0.00724772239691696,-0.00232503976425935,-0.0029860468787879,-1.17892195010683e-05,-5.40711180185838e-06,-6.6541506574147e-05,-0.00190777487188054,0,-8.52861492628421e-06,3.71812569728291e-05,-0.000213450858423059
"20:16336847:C:T",-3.47605806902962e-05,-0.00656977058027675,1.7691803494202e-05,-2.50790646072474e-05,-0.000118452316524298,-0.0094063252101364,-7.44848640543694e-07,-0.00214306578771151,-2.1676316607433e-05,-0.0159347614527796,2.46846678084722e-05,1.7691803494202e-05,-0.00364666090136367,-1.95545265011532e-05,-0.00106606592060832,1.81754753540986e-05,0.000121440558363162,-0.000832488948788956,-5.16162409320842e-05,-2.13733578782183e-05,-6.81606334760332e-05,-0.00137820471258454,-6.01444820791386e-05,-0.000637998709073884,3.53159438661876e-05,-1.95545265011532e-05,-4.53654902701217e-05,-0.00229956777742402,-0.00157271068679421,6.63776525051674e-05,-9.15782664971942e-05,-0.00411815058415677,1.7691803494202e-05,-0.000946785527691674,-0.00474390286766013,-1.04280976964688e-05,-4.73967683412013e-05,-5.36475429102623e-05,4.73567397545338e-05,-2.50790646072474e-05,0.135218735105802,-0.00155470325063067,-8.1265805382813e-05,-0.00214143439986358,-2.50790646072474e-05,-2.50790646072474e-05,4.38073527373462e-05,-2.50790646072474e-05,-0.0011834758984417,6.91103518626335e-05,3.38527972099101e-05,2.93542092038024e-05,-1.95545265011532e-05,-0.000140664444217897,-0.00208778631247686,1.98342797430584e-05,-4.74429208852101e-05,-6.81606334760332e-05,-0.00442226019964398,-0.00149598678825225,5.28707469422685e-05,-5.38525676185841e-05,3.73156361233029e-05,-4.53654902701217e-05,8.43162792971697e-05,-4.73967683412013e-05,-1.59437907258919e-05,-6.17052639553251e-05,-8.69327497001748e-05,1.98342797430584e-05,5.1517453566241e-05,7.03545029221431e-05,-0.0020541182729481,-0.001922472204682,4.15619004376921e-05,0.000176160337371556,-2.62470364456036e-05,-0.00430311276048734,0.00022138508050773,-0.000108224184548256,-4.53654902701217e-05,-3.94218642831845e-05,0.000103033062575975,2.80097211113883e-06,6.65760424416462e-05,-0.000532388603958545,-5.89466168747776e-05,4.53995832305765e-06,9.62819158836226e-05,-0.00440335107637058,0.000203218383224346,-4.53654902701217e-05,-5.57851329974213e-05,-4.73967683412013e-05,-4.53654902701217e-05,-4.33595575852763e-05,8.54800738778749e-05,-0.000819183666905587,-0.00164963888480862,0.000112258549331834,-0.000110711512604666,-1.95545265011532e-05,-0.0004796809298524,-6.6902328030416e-05,0.00022138508050773,-4.33595575852763e-05,6.65760424416462e-05,-3.0761739957974e-05,-0.00354193021802818,7.95220988525358e-06,-0.0014579315699077,1.64949829528638e-05,-0.00164963888480862,-0.00218392687140323,1.7691803494202e-05,-6.59816364070309e-05,-0.000278696328513739,1.7691803494202e-05,-0.000167195151258959,-8.63561512787214e-06,-0.0001194223650689,-1.04280976964688e-05,-0.000202039103527341,-0.000171250806153544,-9.88940884463219e-05,0.000176600498228652,-2.6966789422822e-05,-8.63561512787214e-06,-0.00350869575555546,-4.94538724780114e-05,0.00011681374758421,-2.50790646072474e-05,0.00015919616370752,-0.00213447563270019,0.000198413763950356,1.7691803494202e-05,0.000103033062575975,-0.00593202431095552,-0.00349728269363503,-0.0033541524337668,1.12795477171801e-05,-0.000212792501728565,-0.00231704687299938,-0.00322028846219879,8.31380713437468e-05,-5.11721772245011e-06,-0.00146760971515647,-6.79382667732042e-05,-0.00264830308798469,-0.00290093714669304,-3.39048759556704e-06,-0.000356854442600252,-6.86545936190441e-06,-0.00331730845681033,-0.000174195637494989,4.87607600483386e-05,0.000115669485154513,2.80097211113883e-06,-0.000477498884595029,-0.00020671666039096,3.38897982015141e-05,0.000138956285166358,-0.000122529053987463,0.000115669485154513,5.28707469422685e-05,-0.000140350363435182,-0.000202338227606624,-0.00208987240730085,0.000147516963412642,0,-1.6848761470456e-06,8.43162792971697e-05,-6.59816364070309e-05,0.000115669485154513,-0.000293861110240101,0.000154264309505159,-0.000552413700059873,-2.13733578782183e-05,-0.000438488340607002,-0.000119757369842155,-0.00289680371740442,0,-1.59437907267801e-05,6.78509587022091e-05,-7.48671806620749e-05
"20:16339915:T:C",-0.0042772377480258,-0.00353042927001113,8.59943877067337e-05,-0.00391204925246047,-0.00221258538325664,-0.00158409833721551,-0.00165257052263446,-0.00658866080035203,-0.00143516060749072,0.00052236570840547,4.24325250758528e-06,8.59943877067337e-05,-0.00995053415455294,-7.39758164947091e-07,-0.0018529051845535,-0.00144360849675529,-0.000335882900132312,0.00151337282434927,-0.00600493725332552,-1.8410480517872e-06,-0.00301294408822983,-0.00796017726451259,-0.00108367865490777,0.00302325894266531,7.53557752082301e-05,-7.39758164947091e-07,-0.000248260106495479,-0.000596695462787178,-0.0042840839173337,-0.00146980454982248,-0.00556703762292976,-0.00238664084777174,8.59943877067337e-05,0.00265026436661486,-0.00107992639749233,-4.33881473478337e-05,-0.00165154999780093,-0.00238540383774311,-0.00279487949215174,-0.000204744788136146,-0.00155470325063067,0.469357157820058,-0.000772886622503854,0.000269138905458099,-0.000572961315326026,-0.00224346202304204,-0.00663006528931653,-0.000204744788136146,-0.00202850579595282,-0.00113062531171693,-5.13637898906794e-05,-0.00598715211194634,-7.39758164947091e-07,-0.00144065537215354,-0.00097782471522434,-0.00115543220449865,-0.00224003110322268,-0.00301294408822983,-0.000474556983008689,-4.51118122617444e-05,0.000249184027667937,0.000634032999406564,-0.0088580920367729,-0.000248260106495479,-0.00474382348987756,-0.00165154999780093,-7.92819187180882e-05,-0.00342292808987388,-3.09790640873331e-05,-0.00115543220449865,-0.000547667968438859,0.000326251268874422,-0.000898565479632296,-0.000401277524423982,-0.000979412948588276,-0.00297243038983686,-0.00931085248177688,-0.00227164273077829,-0.00227789106409571,-0.00232630750678098,-0.000355548151528495,-9.30500902933673e-05,-0.000253996811684587,-7.6101937924733e-06,0.000304187211336071,0.000179857623064272,0.000842666632783651,-0.000284769353520176,-0.00275765232920566,-0.00244411361957653,-0.00240951908603293,-0.000248260106495479,-0.00318843028972893,-0.00165154999780093,-0.000355548151528495,-0.00138088113639334,-0.00754167803821204,-0.00361230050229233,-0.00539275937320305,-0.0100464336433506,-0.00193222653940683,-7.39758164947091e-07,-0.00124663094511046,-0.00482032880131111,-0.00227789106409571,-0.00138088113639334,-0.00565530995602082,-0.0133786967388252,-0.00368621433510885,-0.000234508966844515,-0.0003358829001332,-0.00243085868626292,-0.00369852014295979,-0.0033056209062563,8.59943877067337e-05,-0.000363873827426531,-0.00110075348221628,8.59943877067337e-05,-0.00573424625180241,-0.00117875431334546,-0.0133501264663849,-0.00963922818955343,-0.0027155819818665,-0.00133158754246576,-0.00108819520121717,-0.0054594555953682,-0.00348467852398038,-0.00204670775614524,-0.0162866107270387,-0.000316461279333602,0.000437140998230667,-0.00271213931393621,0.000459029293172541,-0.00905225294189371,-0.00191886203222769,8.59943877067337e-05,-0.000253996811684587,-0.00374922061504002,-0.0141010328494544,-4.33881473487219e-05,-5.92485642716412e-05,-0.00147253301771588,-0.00849645908448382,-0.00780465790101559,-0.00392095355835398,-0.00262765400935638,-0.00199620556583868,-0.000522782308379099,-0.00238277540676979,-0.00970382909600476,-1.02055612778429e-05,-0.00849079977227252,-0.00229618422811839,-0.000371923818893727,-0.00150849831316613,-0.00344214115059227,-0.00284273596223361,-0.00228121402520731,-0.00368595419632234,-0.00619174401261935,-0.00227177707037107,-0.00638485673705702,-0.00283912179358747,-0.00284273596223361,0.000165692533484751,-0.000826325561040342,-0.0142098177530214,-0.00738547764981146,-0.000573416098210267,0,-1.0950690721323e-05,-0.00244728665483951,-0.00339932565673617,-0.00284273596223361,-0.0101529337372357,0.000568595019099227,-0.00568581759245879,-0.00527142644238854,-0.0016754903598124,-0.00164891020814917,-0.00203573778947552,0,-0.00134753637979301,-0.00176917369291552,-0.00177948559406538
"20:16341549:T:A",-0.00190686117344541,-0.00159684643711966,-0.000221400759702561,-4.46420897901589e-05,-0.00112776592130892,-0.000234638688642708,-3.23440341176706e-06,-0.00155873161976228,-0.00171464720897418,-0.00223971407278567,-0.000697592933548208,3.02453943428205e-05,0.000314513704892772,-3.4301765380107e-05,-0.00280465183958523,-0.00209427660475825,0.000194566069483315,-0.00269930866492807,-8.95436756005452e-05,-3.7696730149861e-05,-0.00012354242392032,0.000169071836040313,0.00228822508097348,-0.000792892002706047,5.97656349219378e-05,-3.4301765380107e-05,-0.0013015973182986,-0.000758701156104102,0.000197584283158747,7.84178909789546e-05,-0.000191017973563135,-0.000604699809271914,3.02453943428205e-05,-0.00291664920109724,-0.00244197126517554,-1.91792496186949e-05,-8.51700563311297e-05,-9.72538849861593e-05,-0.00282927443067482,-4.46420897901589e-05,-8.1265805382813e-05,-0.000772886622503854,0.236087929475201,6.73866331499795e-05,-0.00299344020020254,-4.46420897901589e-05,5.76439506581039e-05,-4.46420897901589e-05,-1.91792496186949e-05,0.000114487798358986,5.71989812874207e-05,4.92661880331369e-05,-3.4301765380107e-05,-0.000264344693841956,-0.00242859314888921,3.74085013987724e-05,-0.00076183946337105,-0.00012354242392032,-8.1265805382813e-05,-1.25917679287824e-05,8.85470291525081e-05,-9.06626805408095e-05,-0.000434918372897108,-0.0013015973182986,0.000138171368644358,-8.51700563311297e-05,1.5487941615433e-05,-0.000110915152723656,-0.000158673571388768,3.74085013987724e-05,8.62239391912212e-05,-0.000111089956768673,-0.00160718715719366,-0.00013677563267489,-0.00175168578888307,-0.000414017365080177,-0.000769179850260926,-0.00105303108190036,-0.00316187669111301,-0.00100017610819325,-0.00343828730221496,-6.99053969235308e-05,-0.000704815687211813,-0.00712076261007333,-0.00347540187685791,-0.00176480817010383,-0.000112234187350069,-0.00180770874934399,-0.000258520064217116,7.40761009065949e-05,-0.00295426160716161,-0.0013015973182986,-0.000101410244719879,-8.51700563311297e-05,-0.00343828730221496,-0.000580137429716743,-0.000829204468498546,-0.00253145222752149,-0.00205497462599524,-7.3563246610675e-05,-0.00020458050028882,-3.4301765380107e-05,-0.00114436202738677,-0.000128683415611341,-0.00316187669111301,-0.000580137429716743,0.000110219023431668,-0.00210729681400057,-0.00111452506834731,-0.00178269877975978,0.000194566069483315,3.65861376803167e-05,-0.00205497462599524,-0.000421284290414548,3.02453943428205e-05,-0.000119268005555284,-0.00288795013725629,3.02453943428205e-05,-0.000445488295206076,-0.00236586743940936,-0.00402017977489999,-1.91792496186949e-05,-0.00147653054574937,-0.000324527525505047,-0.00693233359949019,-0.00446285810382019,-4.8194779004973e-05,-0.00236586743940936,-0.000448168095049883,-8.91352288547864e-05,-0.000247074595255192,-4.46420897901589e-05,0.000941810093500806,-0.00493764874148184,-0.00396267611538459,3.02453943428205e-05,-0.00461996376360219,-0.000756515506626698,-0.000513934375226288,-1.91792496186949e-05,-0.00173723308656282,-0.000102068233495345,-0.00422214887779582,-0.00162178528191603,-0.0074858223186256,-9.37251535404471e-06,-0.00275476610020942,-0.00011653219366714,0.00010803669379289,-0.00806538926033573,-0.00222488601611026,-0.00148309631402199,-0.00195569295430786,-2.94498583963687e-05,-0.000330846776877003,-0.00318502005600951,0.000185508775556897,-0.000375421208303806,-0.00620339701046646,-0.00132693845362031,-0.0044174572650082,-0.000270980033723944,-0.000336403597160917,0.000185508775556897,-0.000147185604215672,-0.00283869214376864,-0.00165432802971122,-0.00584258992483733,-0.00185197394775827,0,-3.07765362883572e-06,-0.0010216834161918,-0.00111770121214949,0.000185508775556897,-0.00345856229316821,0.000132508982892077,-0.016737266077838,-0.00562594941210648,-0.00832852215982172,-0.000821937931680949,-0.00227155787532141,0,-0.00184970496455961,0.00011236916258639,-0.00299114455121519
"20:16347590:T:C",-9.74530888369074e-05,-0.000936131265531159,-8.79640735638176e-05,0.000106887085522978,-0.000425478095898768,-0.000252659452872894,-0.00618542063357808,-0.000577435460204612,-0.00579395905092195,-0.00528731412773942,-0.000150947548978486,-8.79640735638176e-05,0.000331838848326438,9.13311552874774e-05,-0.00236465433090505,-0.00655951089203555,-5.40244061353334e-05,-0.00398931821528503,-0.00262518741911055,9.64590192378267e-05,0.000296434230516951,-0.00367450689155779,2.84584826015788e-06,-0.00277390124660082,-0.000177660259782719,9.13311552874774e-05,0.000198923349722158,-0.000264087254750134,0.00234848540888422,-0.00256655231621927,-0.00223347581361466,0.000197469124306515,-8.79640735638176e-05,-0.00147848694902386,-0.00243600030178648,2.85748868185109e-05,0.00020472883945466,0.000222542833268946,-0.0018465419575211,-0.00254746696666519,-0.00214143439986358,0.000269138905458099,6.73866331499795e-05,0.310004514092966,0.000106887085522978,0.000106887085522978,-0.000370754032141818,-0.00254746696666519,-0.00296112650214386,-0.000359701113464617,-0.000471015414316156,-0.000162658106249935,9.13311552874774e-05,-0.00152178182048335,-0.00239260119728879,-0.00633542257524944,-0.00140995934728227,0.000296434230516951,0.000198923349722158,-0.00148062107396374,-0.000269116640319034,-0.00116818237763461,-0.000842466407937614,0.000198923349722158,-0.000451008080227133,0.00020472883945466,4.36098257328155e-05,-0.00133094543857393,0.000380507221435344,-0.00633542257524944,-0.000265931980670153,-0.00036236187230454,-0.00566156700924392,-0.00482651600245099,5.03175101247422e-05,0.000471522680328906,-0.00046189262890195,0.000619357378112362,-0.000786487801040181,-0.000800730935135441,-0.00226525126766486,0.00018188919344464,-0.000551225879656947,-0.00315748876311428,-0.00074505910808309,-0.00692954016105851,-8.11972659144899e-05,-5.32533683363923e-05,0.000294493177931621,0.000105014518266167,-0.00101120547656564,0.000198923349722158,-0.00152218431711226,0.00020472883945466,-0.00226525126766486,0.000193182283251936,-0.000758011650025203,-0.00531436797671159,-0.00302595971106001,-0.00323109104205077,-0.00148215084479197,9.13311552874774e-05,-0.00554365369828513,-0.00132756964237046,-0.000757766632914603,0.000193182283251936,-0.000354288236123601,-0.00635978180313757,-0.00454536528870264,-6.2230804559249e-05,-0.000652170764584348,-0.00307256787426002,-0.0023373290700679,-0.00321980083232765,-8.79640735638176e-05,0.000290136522311357,-0.00015799216757717,-8.79640735638176e-05,0.000362618351436694,-0.00143141517447987,-0.00607873958849048,-0.00296112650214386,-0.0053460643184331,0.00072467486699157,-0.00150964031022216,-0.00160378064796429,-0.00258652461905928,-0.00143141517447987,-0.00845372908997843,-0.00154217361576325,-0.000501213482870355,-0.00254746696666519,-0.00491026692678798,-0.00176694785694842,-0.000815281383631294,-8.79640735638176e-05,0.000453993133118225,-0.00127578801407768,-0.00870237344633074,2.85748868185109e-05,-7.10038535265411e-05,-0.000523461668737291,-0.00131752116624373,-0.00774897750369652,-0.000378082970933669,1.40466646074699e-05,-0.000799218632932863,-0.000351632576763627,-0.000351535066130282,-0.000110890366979532,-0.00176333382362692,-0.00713659487705876,-0.000534503012847409,4.36098257328155e-05,-0.000822162487310152,-0.000259453409403143,-0.00431436975492439,-0.00111204544193733,-0.00368701997653798,-0.00692112226559427,-0.0056575620603958,-0.00849222068635713,-0.000932061660511074,-0.00431436975492439,0.000389456762373896,-0.00736485535224141,-0.00361614629506324,-0.00414258625143749,-0.000617551181214537,0,4.63019935725839e-06,-0.000712122414453731,-0.0025323941891795,-0.00431436975492439,-0.00404664426994472,-0.00144204277870585,-0.00504296369149504,9.64590192378267e-05,-0.0010085354713425,-0.000929469852220421,-0.00346288648041693,0,-0.00654016504755983,-0.000357010074658604,-0.00167954731952946
"20:16348172:C:T",-1.90055262017097e-05,-0.00212178639132521,9.75585167406479e-06,-1.37843575265251e-05,-6.46369543391145e-05,-5.9849590385852e-06,-0.00167214466372112,2.15194366877114e-05,-0.00154751629436323,-0.000328119999198684,-0.00252514139221915,9.75585167406479e-06,-0.00477806413640369,0.000322765560832217,-2.95775049687919e-05,-0.00179684137138381,6.58694949446925e-05,-8.3548859517002e-05,-2.81251217364442e-05,-1.17892195010683e-05,-3.78126299640513e-05,-0.0047576127141653,-3.31125771797502e-05,-0.000736412176102874,1.94213660176246e-05,0.000322765560832217,-2.50790646072474e-05,-0.00183719503273583,0.000113896296280558,-0.00195575951077043,-5.06503605057773e-05,-0.00198862333791272,9.75585167406479e-06,-0.000102166438502138,6.56464632662335e-05,-5.57424675395879e-06,-2.61815351327854e-05,-2.95775049687919e-05,2.61194881687743e-05,-1.37843575265251e-05,-2.50790646072474e-05,-0.000572961315326026,-0.00299344020020254,0.000106887085522978,0.141261473698162,-1.37843575265251e-05,2.47184404802425e-05,-1.37843575265251e-05,-5.57424675395879e-06,3.78317442848441e-05,1.86522559362245e-05,1.62856359535724e-05,0.000322765560832217,-0.00356942064570909,-0.0014001654120781,-0.00167702019307203,-0.0018457015762694,-3.78126299640513e-05,-2.50790646072474e-05,-3.66819194308476e-06,2.89947389155998e-05,-2.93378344524697e-05,-0.00193729636973305,-2.50790646072474e-05,4.60940729460901e-05,-2.61815351327854e-05,-0.00290225796490606,-3.428595459809e-05,-4.84160678535517e-05,-0.00167702019307203,2.82894795091693e-05,3.84741295098578e-05,2.07168089429999e-05,-4.14821646712582e-05,2.30930730182877e-05,-0.00393026719536316,-0.00169608219745765,-0.00130310293781832,0.000118046440144681,-6.04665969401452e-05,0.000283304858881728,-2.18562957279289e-05,5.60975201766567e-05,1.85122446705321e-06,3.65225144252079e-05,-0.00195382020413959,-0.00148738667643045,-0.00271868996536728,-0.00367255099177122,2.4625905441944e-05,0.000108804954821906,-2.50790646072474e-05,-3.07399956929189e-05,-2.61815351327854e-05,0.000283304858881728,-2.39908817487589e-05,4.66893247255129e-05,-0.00353950990181406,-1.1603474572297e-05,-0.00470247937206736,-0.00457266035176396,-1.08106461826907e-05,-0.000132496157261741,-3.67953544202493e-05,0.000118046440144681,-2.39908817487589e-05,3.65225144252079e-05,-0.000214521190030403,-0.00178285800099598,-0.00269016024104118,6.58694949446925e-05,-0.00166456633647716,-1.1603474572297e-05,-0.00174193099033992,9.75585167406479e-06,-3.66216099534356e-05,8.92360907833734e-05,9.75585167406479e-06,-9.36650403184913e-05,-0.00171774535036295,-0.00162541459565446,-5.57424675395879e-06,-0.00116823706188551,-9.65368811964851e-05,-5.5005748168746e-05,-0.000143147179848313,-1.48014111820416e-05,-4.61503013227116e-06,-0.00366770871637634,-0.00012859896998485,6.41893465687104e-05,-1.37843575265251e-05,-0.00212474639749605,-0.00237660609642365,-0.000205620894388581,9.75585167406479e-06,5.60975201766567e-05,7.3356481473219e-05,-0.00370679171554933,-5.57424675395879e-06,-0.00263914736388227,-0.00012005178801644,-0.00255345808198282,-0.00393705774595787,4.54912445579936e-05,-2.73349665125266e-06,-0.000624674052029484,-3.69908625126314e-05,3.58553596404576e-05,-0.000373453697132042,-1.81071460403359e-06,-0.00201834085825325,-3.66819194308476e-06,-8.52861492628421e-06,-9.81975096498999e-05,2.68520252788562e-05,6.29854876228464e-05,1.85122446705321e-06,-0.00575833266615167,-0.00053186776768932,-0.00246777554903321,-0.00239131896857003,-6.80779642800999e-05,6.29854876228464e-05,2.89947389155998e-05,-7.83195635554179e-05,-0.00201357655523893,-0.00184699057737081,-0.00201529824240065,0,-8.99621857897159e-07,4.60940729460901e-05,-3.66216099534356e-05,6.29854876228464e-05,-0.00790085722535405,8.40399926795854e-05,-0.00620405586495121,-1.17892195010683e-05,-0.000135162759927532,-6.6541506574147e-05,-0.00014563484602359,0,-8.52861492628421e-06,3.71812569728291e-05,-4.14821646712582e-05
"20:16352668:C:G",-1.90055262017097e-05,-0.00231647032276872,9.75585167406479e-06,-1.37843575265251e-05,-0.00141881317998305,-0.00231125604487126,-3.55584193201253e-08,2.15194366877114e-05,-1.1603474572297e-05,-0.000328119999198684,1.38260418767189e-05,9.75585167406479e-06,-0.00938299601224024,-1.08106461826907e-05,-2.95775049687919e-05,1.03923276615348e-05,6.58694949446925e-05,-0.00108119432928611,-2.81251217364442e-05,-1.17892195010683e-05,-3.78126299640513e-05,-0.000601825430304181,-3.31125771797502e-05,-0.000736412176102874,1.94213660176246e-05,-1.08106461826907e-05,-2.50790646072474e-05,4.46882610916077e-05,-0.00224132155624091,-0.00195575951077043,-5.06503605057773e-05,-0.00119757249949881,9.75585167406479e-06,-0.00118182226359043,6.56464632662335e-05,-0.00173370753551971,-2.61815351327854e-05,0.000334142355971956,2.61194881687743e-05,-1.37843575265251e-05,-2.50790646072474e-05,-0.00224346202304204,-4.46420897901589e-05,0.000106887085522978,-1.37843575265251e-05,0.154692981918873,2.47184404802425e-05,-1.37843575265251e-05,-5.57424675395879e-06,3.78317442848441e-05,1.86522559362245e-05,1.62856359535724e-05,-1.08106461826907e-05,-7.88049126843049e-05,0.000110052738596877,1.12679391515158e-05,-0.000294654847949438,-3.78126299640513e-05,-2.50790646072474e-05,-3.66819194308476e-06,2.89947389155998e-05,8.85159172883121e-05,-0.00611408374271249,-2.50790646072474e-05,4.60940729460901e-05,-2.61815351327854e-05,-8.52861492539603e-06,-3.428595459809e-05,-4.84160678535517e-05,1.12679391515158e-05,2.82894795091693e-05,3.84741295098578e-05,2.07168089429999e-05,-4.14821646712582e-05,2.30930730182877e-05,-0.000249348440351405,-0.00664695956568551,-0.000259618407404183,0.000118046440144681,-6.04665969401452e-05,-2.50790646072474e-05,-2.18562957279289e-05,5.60975201766567e-05,1.85122446705321e-06,3.65225144252079e-05,-0.00307389869215768,0.000252033534051677,2.77593303543711e-06,-0.000369361282552383,2.4625905441944e-05,0.000108804954821906,-2.50790646072474e-05,0.000323463725160344,-2.61815351327854e-05,-2.50790646072474e-05,-2.39908817487589e-05,4.66893247255129e-05,-0.00531978189079041,-1.1603474572297e-05,-0.00581056646568445,-6.1844420421231e-05,-1.08106461826907e-05,-0.000693049572796589,-3.67953544202493e-05,0.000118046440144681,-2.39908817487589e-05,3.65225144252079e-05,8.90886103324107e-05,-0.00151472864767044,4.58918955903442e-06,6.58694949446925e-05,9.50487731365968e-06,-1.1603474572297e-05,-0.00180166244630531,9.75585167406479e-06,-3.66216099534356e-05,8.92360907833734e-05,9.75585167406479e-06,-9.36650403184913e-05,-4.61503013227116e-06,-0.00351802747213981,-0.00171849386645917,-0.0138077424552474,-9.65368811964851e-05,-5.5005748168746e-05,-0.000507527749649128,0.000208530221975423,-4.61503013227116e-06,-0.00628695000295831,-2.72985728972941e-05,6.41893465687104e-05,5.44955209562659e-05,8.63910331379003e-05,-0.0019819658740321,-0.00194926788518934,9.75585167406479e-06,5.60975201766567e-05,7.3356481473219e-05,-0.00634185987888181,-5.57424675395879e-06,6.35576771124136e-06,-0.00012005178801644,-0.00184755087852473,-0.00683774246093893,4.54912445579936e-05,-0.000616937603739487,-0.000106976764778999,-3.69908625126314e-05,3.58553596404576e-05,-0.00221344225327957,-1.81071460403359e-06,-0.0024081195362049,-3.66819194308476e-06,-8.52861492628421e-06,-9.81975096498999e-05,2.68520252788562e-05,-0.00360828640253086,1.85122446705321e-06,-0.000211062939232676,-0.00803627894475678,1.90788705465295e-05,-0.0038178201910819,-6.80779642800999e-05,-0.00360828640253086,2.89947389155998e-05,-0.00126252844962949,-7.90773921925947e-05,-0.00184699057737081,7.99697432531943e-05,0,-8.99621857897159e-07,-0.00368245903947706,-3.66216099534356e-05,-0.00360828640253086,-0.00259500016980141,8.40399926795854e-05,-0.000170814543809072,-1.17892195010683e-05,-0.00467142282692734,-6.6541506574147e-05,-0.00808074021486416,0,-8.52861492628421e-06,3.71812569728291e-05,-4.14821646712582e-05
"20:16353039:C:A",3.27853739801043e-05,-0.0030734490442903,-1.95350954816931e-05,2.47184404802425e-05,-0.00041080390722481,-0.00251751943232881,-0.00168767302969464,-0.000243262640338138,-0.00197595673412998,-0.00196344745039623,-9.50307413329909e-05,-1.95350954816931e-05,-0.000304895911757086,2.00180074036993e-05,-0.00504458799808205,-0.00139453733844519,-0.00135135380440765,0.000120288831321425,-0.00515311560694087,2.15733459514311e-05,6.34543547128885e-05,-0.000802307621193155,5.53211703184786e-05,-0.00398809460810856,-4.01492307995355e-05,2.00180074036993e-05,-0.000185637716634268,-8.79297206424212e-05,-0.000624324658536679,-0.000974274141562148,-0.00770860957373021,-0.000804065124214937,-1.95350954816931e-05,0.00013793607892687,-0.000504998024075221,9.28466838612252e-06,-0.0018804678847113,5.03218531759941e-05,-0.0033545726908395,2.47184404802425e-05,4.38073527373462e-05,-0.00663006528931653,5.76439506581039e-05,-0.000370754032141818,2.47184404802425e-05,2.47184404802425e-05,0.310959677823082,2.47184404802425e-05,9.28466838612252e-06,-8.34000020812908e-05,-3.87216522144129e-05,-0.00322892830024113,2.00180074036993e-05,-2.20975460889505e-05,-9.90175798465387e-05,-0.00409796549833352,-0.00225527071637766,6.34543547128885e-05,4.38073527373462e-05,-0.000678132227335482,0.000337114080640966,-0.00438900290471445,-5.15549366184587e-05,-0.000185637716634268,-0.000105016772357303,-0.0018804678847113,4.14599070630572e-07,5.86206153583291e-05,7.87761644556184e-05,-0.00409796549833352,-6.04963961698957e-05,2.45099446081198e-05,-2.54001185675534e-05,-0.00514824213108422,-0.00276216179333044,-7.83398502077759e-05,1.96502394356202e-05,-0.00106747923165695,-0.00202848555089741,9.46136666728492e-05,4.38073527373462e-05,3.90339374876092e-05,-0.000665136153217283,-0.000331345069636946,-8.07854890787496e-05,0.000171885992764409,-0.000400647960049128,-3.26488253419299e-05,-0.000278377387658679,-5.34805803198424e-05,-0.00219472864815984,-0.000185637716634268,-0.00179765890920613,-0.0018804678847113,4.38073527373462e-05,-0.00356964629183576,-0.000106240480839404,-0.010491453278656,-1.99440860386702e-05,-0.00317940387894122,-0.00251199553123005,2.00180074036993e-05,0.00016135538780393,-0.00398873781421383,-0.00202848555089741,-0.00356964629183576,-8.07854890787496e-05,-0.0143915931519372,-0.00186461824062789,-0.00247792826184234,-0.000373467322755339,-0.00638630327401746,-0.000209543550639957,-0.000557187954177252,-1.95350954816931e-05,6.18335810615989e-05,-6.12462599276498e-05,-1.95350954816931e-05,-0.000136732423923647,-0.00200535662839396,-0.00982958864172767,9.28466838612252e-06,-0.00553152832938597,0.000133840269382013,8.69268851557692e-05,-0.00544516620082636,-0.00238879920776203,-0.00224714412790838,-0.0117524483695233,-0.00190635332949363,-0.00151181488040031,-0.00258780581420393,0.000351205411345923,-0.00127735724176148,-0.00391126698617406,-1.95350954816931e-05,-0.000131563689793168,-0.000814176147210688,-0.0117450229672453,9.28466838612252e-06,-0.00267172670541527,-0.00164186830237156,-0.00141272020251915,-0.00933096928383126,-0.000103780608397663,-0.00213255414177738,-0.000771342167944944,-0.00336645718837847,-7.94590171979692e-05,-0.00402998815985134,3.04614850765716e-06,-0.0131302467634358,6.14075768989863e-06,-0.00216502727848056,0.000135273913309142,-5.77293711723215e-05,-0.00399997900213744,-0.00323951738850337,-0.00227361515817393,-0.00698774399764845,-4.0681921050556e-05,-0.00798204855300755,-0.00278047544986748,-0.00399997900213744,-6.18607549327521e-05,0.000114095681611914,-0.00100024006160204,-0.00557500927968313,-0.00409096009950183,0,1.51706936435403e-06,-0.000926680243240163,6.18335810615989e-05,-0.00399997900213744,-0.00828606376483743,-0.00156234911785447,-0.000968341739982392,2.15733459514311e-05,6.29790056700941e-05,-0.000853859896826847,-0.00180402011680503,0,4.14599069742394e-07,-8.20990921628351e-05,6.83736578448446e-05
"20:16353563:G:A",-1.90055262017097e-05,-9.89085992628702e-05,9.75585167406479e-06,-1.37843575265251e-05,-0.000153248267043438,-0.00217003144763073,-0.00287206146376739,-0.00247378709588641,-0.00301875397366302,-0.0141599267606916,1.38260418767189e-05,9.75585167406479e-06,-0.00163557588904784,-1.08106461826907e-05,-2.95775049687919e-05,1.03923276615348e-05,6.58694949446925e-05,-8.3548859517002e-05,-2.81251217364442e-05,-1.17892195010683e-05,-0.00400803656491178,-0.00162323793305585,-3.31125771797502e-05,-0.00681353876948965,-0.000840356566654599,-1.08106461826907e-05,-2.50790646072474e-05,-0.000257877713286447,-0.00224132155624091,3.68937807282421e-05,-5.06503605057773e-05,-0.000287387727730959,-0.000857307600126589,-0.000102166438502138,-0.00172181902292312,-5.57424675395879e-06,-2.61815351327854e-05,-2.95775049687919e-05,2.61194881687743e-05,0.000339759052751631,-2.50790646072474e-05,-0.000204744788136146,-4.46420897901589e-05,-0.00254746696666519,-1.37843575265251e-05,-1.37843575265251e-05,2.47184404802425e-05,0.190552837119439,-5.57424675395879e-06,3.78317442848441e-05,1.86522559362245e-05,-0.00246171027742648,-1.08106461826907e-05,-7.88049126843049e-05,-0.00327306882396261,1.12679391515158e-05,0.000185731002831702,-0.00400803656491178,-2.50790646072474e-05,-3.66819194308476e-06,-0.0026743042533024,-2.93378344524697e-05,-0.00611408374271249,-2.50790646072474e-05,4.60940729460901e-05,-2.61815351327854e-05,-8.52861492539603e-06,-0.0032597716665359,-4.84160678535517e-05,1.12679391515158e-05,2.82894795091693e-05,3.84741295098578e-05,-0.00238416868248681,-4.14821646712582e-05,2.30930730182877e-05,-0.00727488884033622,-1.36556646115338e-05,-0.00130310293781832,0.000118046440144681,-0.00180232434217231,-2.50790646072474e-05,0.000173953372519797,5.60975201766567e-05,1.85122446705321e-06,3.65225144252079e-05,-0.000254489641386968,-0.00304621129968297,2.77593303543711e-06,-0.0067993667761046,2.4625905441944e-05,0.000108804954821906,-2.50790646072474e-05,-3.07399956929189e-05,-2.61815351327854e-05,-2.50790646072474e-05,-0.00273994240782027,4.66893247255129e-05,-0.00400219219182674,-0.00456211592447975,6.19309397018597e-05,-6.1844420421231e-05,-1.08106461826907e-05,-0.000132496157261741,-0.00313494991121299,0.000118046440144681,-0.00273994240782027,3.65225144252079e-05,-0.00140478195395044,-0.00013555646298169,4.58918955903442e-06,6.58694949446925e-05,-0.00396037909953773,-0.00456211592447975,-0.000352132009052042,9.75585167406479e-06,-3.66216099534356e-05,8.92360907833734e-05,-0.000857307600126589,0.000336990927203296,-4.61503013227116e-06,-0.0024898157709865,-0.00294181044147734,-0.0121184184979866,-9.65368811964851e-05,-0.000204452279411349,-0.00362343808502175,-1.48014111820416e-05,-4.61503013227116e-06,-0.000475195776079573,-2.72985728972941e-05,-0.00240962986138271,-1.37843575265251e-05,8.63910331379003e-05,-0.00658639435674857,-0.00137341137749836,9.75585167406479e-06,5.60975201766567e-05,7.3356481473219e-05,-0.000470029642026581,-5.57424675395879e-06,6.35576771124136e-06,-0.00012005178801644,-5.70784191049611e-05,-0.000318428376628432,4.54912445579936e-05,-2.73349665125266e-06,-2.87632223106016e-05,-3.69908625126314e-05,3.58553596404576e-05,-0.00314120602515899,-1.81071460403359e-06,-0.00371747296593039,-3.66819194308476e-06,-8.52861492628421e-06,-0.00150507252746923,2.68520252788562e-05,6.29854876228464e-05,1.85122446705321e-06,-0.00335950548708475,-0.00232287432166789,1.90788705465295e-05,-0.000148876724670011,-6.80779642800999e-05,6.29854876228464e-05,2.89947389155998e-05,-0.00345543785288616,-0.000616601955661267,0.000154113286440882,7.99697432531943e-05,0,-0.00473744320686986,4.60940729460901e-05,-3.66216099534356e-05,6.29854876228464e-05,-0.00724772239691696,-0.00232503976425935,-0.0029860468787879,-1.17892195010683e-05,-5.40711180185838e-06,-6.6541506574147e-05,-0.00190777487188054,0,-8.52861492628421e-06,3.71812569728291e-05,-0.000213450858423059
"20:16353598:C:G",-7.73934799003229e-06,-0.00382711789372525,3.7474149809924e-06,-0.00173370753551971,-2.86091662360377e-05,-0.00278528863895655,9.64123127999983e-08,-0.00282087210349591,-4.57518618102171e-06,-0.00796757938234638,5.31710545548236e-06,3.7474149809924e-06,-0.00134602936561734,-4.36298639083788e-06,-0.00381050650677928,4.09022682035243e-06,2.11697997212212e-05,-0.00136917717386087,-1.16358135793249e-05,-4.75981272707315e-06,-0.00336070869563887,-0.000178193716446451,-1.39446070850369e-05,-0.000109144308267695,7.26548056384502e-06,-4.36298639083788e-06,-1.04280976964688e-05,-0.000510841473389867,-0.00145469565828371,1.32480984786909e-05,-2.21124153085839e-05,-0.00291749032433497,3.7474149809924e-06,-0.00146125571982658,-0.000375531297878595,-2.1666840606116e-06,-1.09041710389945e-05,-1.23837077170563e-05,9.61867254112292e-06,-5.57424675395879e-06,-0.0011834758984417,-0.00202850579595282,-1.91792496186949e-05,-0.00296112650214386,-5.57424675395879e-06,-5.57424675395879e-06,9.28466838612252e-06,-5.57424675395879e-06,0.135443056073695,1.34053876266194e-05,7.00144534171443e-06,-0.0017548201859805,-4.36298639083788e-06,-3.64073910175122e-05,-0.00234503177349588,4.40531494128038e-06,-7.90442303841843e-05,-0.00336070869563887,-0.0033541524337668,-0.00213704067724763,1.05502346174902e-05,-1.21647405535441e-05,8.16372069500915e-06,-1.04280976964688e-05,1.59143796869543e-05,-1.09041710389945e-05,-3.33852831513326e-06,-1.45732677303556e-05,-2.11639079354953e-05,4.40531494128038e-06,1.03233624999532e-05,1.35976367579005e-05,-0.00273075802862532,-0.00337314200179151,8.61928667905687e-06,-0.000455439864061269,-5.28339052774385e-06,-0.00296978096649969,2.95689809828303e-05,-2.705802952363e-05,-1.04280976964688e-05,-9.04847668792286e-06,1.86997246940379e-05,-0.00217665633263842,-0.00126564741595292,-0.000100188496383602,-1.30710258137157e-05,1.16370434177782e-06,-0.000358054023995358,-0.00492078556219422,2.87536275234146e-05,-1.04280976964688e-05,-1.28946781687844e-05,-1.09041710389945e-05,-1.04280976964688e-05,-9.9602489340711e-06,1.60802914956903e-05,-0.000184156353412845,-0.00227975966038851,2.04016613389868e-05,-2.77351844371054e-05,-4.36298639083788e-06,-0.000959298506277406,-1.55929496372664e-05,2.95689809828303e-05,-9.9602489340711e-06,1.3010740437025e-05,-0.000439247265581422,-0.00242872699086938,1.84400902725201e-06,-0.00143405695650412,3.76933089007991e-06,-0.00227975966038851,-0.00338639189034851,3.7474149809924e-06,-1.56226456891062e-05,-0.000205546275740431,3.7474149809924e-06,-4.42591397415981e-05,-1.78969144393193e-06,2.35625521725069e-05,-2.1666840606116e-06,-0.000474750350809572,-4.60164934201757e-05,-2.43021369543683e-05,2.71186839286841e-05,-5.9921786270678e-06,-1.78969144393193e-06,-0.000154171553890414,-1.13886629824478e-05,2.09235102985872e-05,-5.57424675395879e-06,2.55997878788605e-05,-0.0017304304534802,2.85530226067365e-05,3.7474149809924e-06,1.86997246940379e-05,-0.00905171372030278,-0.000176231659235526,-0.00231232041891349,2.50068447016361e-06,-5.91598094326073e-05,-0.00200839179165424,-0.000165871954226127,1.57455285112462e-05,-1.05520028981232e-06,-0.00207489616022816,-1.5559690164757e-05,-0.00334766702412903,-0.00641207243887632,-6.97404381355682e-07,-0.00100724884364922,-1.41924713403796e-06,-0.00227091607734131,-4.6920991482402e-05,9.85767509131819e-06,2.05037763070237e-05,8.14335015419942e-07,-0.00174436223414087,-5.78114624119053e-05,7.26431411557371e-06,-0.000420903858592503,-3.07246004851436e-05,2.05037763070237e-05,1.05502346174902e-05,-0.00278756536620595,-0.000407226219694579,-0.00300382367129348,2.43351906501488e-05,0,-3.4571705587183e-07,1.59143796869543e-05,-1.56226456891062e-05,2.05037763070237e-05,-0.000811314836852706,-0.00175525588493031,-0.00186545757871137,-4.75981272707315e-06,-1.66559447007941e-05,-2.99564269887753e-05,-0.00400828030315559,0,-3.33852831513326e-06,1.32097817280297e-05,-1.78352130868475e-05
"20:16353946:G:A",5.02186470674459e-05,-0.00038915016751595,-2.86841319576681e-05,3.78317442848441e-05,-0.000790871301129314,-0.00204580105560481,-5.10611826776142e-06,-6.87848833953453e-05,2.77506376713532e-05,-0.000938371612508426,-4.40765983862335e-05,-2.86841319576681e-05,-0.0027652539343519,3.0724407713123e-05,7.9681098484663e-05,-3.58199919956448e-05,-0.000205753958597121,0.000218553197939286,7.15799166055575e-05,3.3067493097505e-05,0.000103201611024062,-0.00468268314364639,8.79300143719064e-05,-0.00114508921306289,-5.76493413735335e-05,3.0724407713123e-05,6.91103518626335e-05,-0.00387392546126719,-0.000396113003014342,-0.000489549142518086,0.000132760419223388,0.000322082250546529,-2.86841319576681e-05,-0.00109881851508309,-0.000738901450145768,1.34053876266194e-05,7.17087378783177e-05,7.9681098484663e-05,-7.98999450868365e-05,3.78317442848441e-05,6.91103518626335e-05,-0.00113062531171693,0.000114487798358986,-0.000359701113464617,3.78317442848441e-05,3.78317442848441e-05,-8.34000020812908e-05,3.78317442848441e-05,1.34053876266194e-05,0.0952875947000686,-5.57748777403333e-05,-5.0024668893478e-05,3.0724407713123e-05,0.000208051910702167,-0.000396246558392654,-3.79202776388254e-05,-0.00105180218905065,0.000103201611024062,6.91103518626335e-05,8.83715734456558e-06,-8.68994249207944e-05,-0.000635922098132902,-7.54230983375237e-05,6.91103518626335e-05,-0.000142011714872936,7.17087378783177e-05,2.04544609960777e-05,9.49678158743694e-05,0.000131779750148553,-3.79202776388254e-05,0.00181709117813789,-0.000116438248271677,-0.00019143800986221,0.000111716314886934,-0.000350994680375472,-0.00107400026926019,2.69842717726121e-05,-0.0031195869488565,-0.000395987433459588,-0.00624558564618827,6.91103518626335e-05,6.1485620089563e-05,-0.000173904167047212,-9.61570945356982e-06,-0.000111694286371034,-0.000746568907628031,-0.000777791200726519,-1.18316885364678e-05,-0.00109857348783038,-7.62798598179515e-05,-0.000361676438127567,6.91103518626335e-05,8.23993066312312e-05,7.17087378783177e-05,6.91103518626335e-05,6.65406839992499e-05,0.000425985411279584,-0.00490787325198916,-0.000441452743299209,-0.000207683672122982,0.000166299374348533,3.0724407713123e-05,0.00033701707761935,-0.000843679173885725,-0.000395987433459588,6.65406839992499e-05,-0.000111694286371034,-0.0041861816507307,0.000148892549638902,-1.6188215155033e-05,-0.000205753958597121,-3.36949060564251e-05,-0.000441452743299209,-0.000475821672153209,-2.86841319576681e-05,0.000100426494248573,-0.000292261618006329,-2.86841319576681e-05,-0.00100119135451582,1.11084516412063e-05,-0.00318784171693398,1.34053876266194e-05,-0.00296205422163887,0.000253931344198044,0.000146878674444295,-0.000321388329986405,4.02537818580129e-05,1.11084516412063e-05,-0.00207463059872914,7.43363259143592e-05,-0.000212624958855656,3.78317442848441e-05,0.000466904096219523,-0.000242381015432613,-0.000359467370986799,-2.86841319576681e-05,-0.000173904167047212,-0.000232942419202686,-0.00210132728579016,1.34053876266194e-05,-2.04469865048296e-05,-0.00647452847084562,-0.00013011229196902,-0.00344295600322919,-0.000140559878633262,6.591077895024e-06,-0.000501788992098184,-0.00724152465498928,-0.0001100769457274,-0.000829208584708141,4.36979587714603e-06,-0.0008632813867262,8.83715734456558e-06,2.04544609960777e-05,0.000257554935505055,-8.1679392930134e-05,0.000255439088841847,-9.61570945534618e-06,-0.000557730714755067,-0.000644237786062263,-6.29287177886795e-05,-0.00198724764096259,-0.00697450012291423,0.000255439088841847,-8.68994249207944e-05,-0.00101534717896978,-0.000165153784116967,-0.000401321957822276,0.000747750925267354,0,2.17290302906292e-06,-0.000142011714872936,0.000100426494248573,0.000255439088841847,-0.00120937777287455,-0.000282454217859218,-0.00125705507418239,3.3067493097505e-05,1.48503723806925e-06,-0.00696543226901269,-0.000286514122628923,0,2.04544609960777e-05,0.00156744445694557,0.000111716314886934
"20:16354103:G:A",2.50739339620054e-05,-8.54788362696368e-05,-1.39172413762267e-05,1.86522559362245e-05,-0.00584454070928242,-0.00216115113541626,-1.51508570578329e-06,-0.000513310671141021,1.4485234856032e-05,-0.00594988424437659,-2.07883797642694e-05,-1.39172413762267e-05,-0.000988213226329471,1.49647211040715e-05,3.92990094368884e-05,-1.64102599544691e-05,-0.00010019363576852,0.000106640252951706,3.61329096119078e-05,1.61806301779421e-05,5.0466342360167e-05,-0.000972925502919608,4.35457470286948e-05,-0.000166447589383445,-2.79920740915429e-05,1.49647211040715e-05,3.38527972099101e-05,-0.00654004874896508,-0.00164915475427563,-5.67730417904144e-05,6.5592949518134e-05,0.000157776411524146,-1.39172413762267e-05,0.000128126608669454,-0.00275178212532978,-0.00117367585838934,3.51919562984193e-05,3.92990094368884e-05,-3.84737115384226e-05,1.86522559362245e-05,3.38527972099101e-05,-5.13637898906794e-05,5.71989812874207e-05,-0.000471015414316156,1.86522559362245e-05,1.86522559362245e-05,-3.87216522144129e-05,1.86522559362245e-05,7.00144534171443e-06,-5.57748777403333e-05,0.113351061172454,-2.39442834226722e-05,1.49647211040715e-05,0.000101347049183964,-0.00681706719837472,-1.75236590616024e-05,-0.00198289818417674,5.0466342360167e-05,3.38527972099101e-05,4.61638645976592e-06,-4.22266854833708e-05,3.75887540426945e-05,0.000223097686649965,3.38527972099101e-05,-6.88412875469169e-05,3.51919562984193e-05,1.06799891508302e-05,4.6246318899712e-05,6.42261848033954e-05,-1.75236590616024e-05,-4.1303914169788e-05,-5.66233029140051e-05,-0.000557663202845227,5.4827408003888e-05,-3.45491024020816e-05,-0.00619602964899446,-0.000212500156400175,0.0002863774466908,-0.000192988082653223,7.93976304818145e-05,3.38527972099101e-05,2.99215382408846e-05,-8.45152526354198e-05,-3.88527000438899e-06,-5.40495657368467e-05,-0.00108122798227228,3.87910316481666e-05,-5.0502877497749e-06,-0.00587482296828767,-3.65335883172335e-05,-0.000175951670140506,3.38527972099101e-05,4.06987208938503e-05,3.51919562984193e-05,3.38527972099101e-05,3.25281634037111e-05,-6.96309922476601e-05,-0.0020110721672566,-0.00085598123963937,-0.00113937036572676,8.09847934339913e-05,1.49647211040715e-05,0.000163190350058962,4.79394025907354e-05,-0.000192988082653223,3.25281634037111e-05,-5.40495657368467e-05,-0.00263139945107316,7.38332245635576e-05,-7.3412938572659e-06,-0.00010019363576852,-1.52839161771112e-05,-0.00085598123963937,-0.00634318362561093,-1.39172413762267e-05,4.90443373193372e-05,-0.000141464833760985,-1.39172413762267e-05,0.000117783696214069,5.80233390490292e-06,-0.00196621461342961,7.00144534171443e-06,-0.000899948039029042,0.000123028620682142,7.19180067036973e-05,-0.000154511620493736,1.99084086967005e-05,-0.00631219127878957,-0.00132340126187547,3.65458804223451e-05,-0.00670058217299285,1.86522559362245e-05,-0.000137920990595397,-0.000802990185253982,-0.00017373892672623,-1.39172413762267e-05,-8.45152526354198e-05,-0.000113150739114332,-0.00133444890414403,7.00144534171443e-06,-9.58169582432333e-06,-0.000674162930150324,-0.000890501552048839,0.000379280626121137,-6.80426496666442e-05,3.4433877154072e-06,3.3475600989874e-05,0.000603689496723625,-5.31723590713185e-05,-0.00698755327216727,-0.00239794338016086,-0.0019677427098177,4.61638645976592e-06,1.06799891499421e-05,0.000124842188555796,-3.94275990425186e-05,-4.3664238099872e-05,-3.88527000616534e-06,0.000169660129187399,-0.000876943269450869,-2.93835310785084e-05,-0.00633005601243664,-0.00136548043916029,-4.3664238099872e-05,-4.22266854833708e-05,9.96627815972317e-05,-0.000760652095669556,-0.000267469719951841,-0.000125370023292604,0,1.1353983699891e-06,-6.88412875469169e-05,4.90443373193372e-05,-4.3664238099872e-05,-0.00240923303531648,-0.00259045220799514,0.000123695947496394,1.61806301779421e-05,3.33254623718915e-06,-0.00138784223439181,-0.000987480298782373,0,1.06799891499421e-05,-5.49170180601521e-05,5.4827408003888e-05
"20:16354241:T:G",2.18719624331953e-05,-0.00126947918669096,-1.22843831880104e-05,1.62856359535724e-05,-0.00237662226015622,-0.000238199395735883,-0.00169719537919377,-2.88366443967902e-05,-0.00181841041747344,-0.000161154278464082,-1.83437032577061e-05,-1.22843831880104e-05,-0.000484174706911311,1.30653618430898e-05,-0.000153479106816512,-0.00157551112660759,-9.13446858463729e-05,8.96104655216945e-05,-0.00175921577280569,1.41281955743366e-05,4.34537633378085e-05,-0.00457485339460018,3.76674611111127e-05,8.42408573591413e-05,-2.48443839110379e-05,1.30653618430898e-05,2.93542092038024e-05,-0.000232689903700845,-0.00121333859749573,-0.00140265753269553,-0.00197502410007022,0.000129612195857831,-1.22843831880104e-05,0.000106617818462773,-0.000154439162242781,6.18140114383436e-06,3.05066046335511e-05,3.40331887223044e-05,-3.42572729321589e-05,-0.00246171027742648,2.93542092038024e-05,-0.00598715211194634,4.92661880331369e-05,-0.000162658106249935,1.62856359535724e-05,1.62856359535724e-05,-0.00322892830024113,-0.00246171027742648,-0.0017548201859805,-5.0024668893478e-05,-2.39442834226722e-05,0.130264855101866,1.30653618430898e-05,8.53375517086974e-05,-0.000356748170068144,-0.00170984097834292,-9.22884050478245e-05,4.34537633378085e-05,2.93542092038024e-05,4.07925330581094e-06,-3.76842321330173e-05,3.26788437288172e-05,-0.00684112468100651,2.93542092038024e-05,-6.20356787965903e-05,3.05066046335511e-05,9.41634673168323e-06,-0.0013946075705773,5.49579004740508e-05,-0.00170984097834292,-3.68408533502063e-05,0.000279443925973233,-2.7898569321394e-05,4.71483146062823e-05,-3.06824729392474e-05,-0.000478179458063721,-0.00172907199443895,0.000219339978216659,-0.000181581484828719,6.74856249229805e-05,-0.00213527653657586,2.59641338899996e-05,-7.66104851024352e-05,-0.000151254785739852,-4.84325002112485e-05,-1.93588715262649e-05,-0.00180225374163712,-4.37402651254359e-06,-0.000277479066337349,-0.00120152333676948,-0.000164626686781411,2.93542092038024e-05,3.52324141470461e-05,3.05066046335511e-05,-0.00213527653657586,2.8213105354169e-05,-6.2771865422917e-05,-0.00103220365093826,-0.00301319212517459,-0.000286909638627542,6.87964187937595e-05,1.30653618430898e-05,0.000133402255966253,4.14142588711641e-05,-0.000181581484828719,2.8213105354169e-05,-4.84325002112485e-05,-0.00520374538611978,-0.00247935938348398,-6.41312562876806e-06,-0.00212165350650029,-0.00169623572188993,-0.00301319212517459,-0.0032253086503653,-1.22843831880104e-05,4.22461828621934e-05,-0.000768146463612673,-1.22843831880104e-05,-0.00213952179271004,-0.00283511071688736,-0.00532691720297773,6.18140114383436e-06,-9.90506908120636e-05,0.000102492546940169,6.13837255825089e-05,-0.00044501945275055,1.73805530723214e-05,5.12498737847977e-06,-0.000799187657325007,3.16704549581104e-05,-9.21567097433851e-05,1.62856359535724e-05,-0.00115878493452559,-0.00165304277972034,-0.000537317526194236,-1.22843831880104e-05,-7.66104851024352e-05,-0.000517307410829559,6.96686170300609e-05,6.18140114383436e-06,-8.41039028909307e-06,0.000122188569386061,-0.00154492001867457,-4.45004139848493e-05,-6.12915094553301e-05,3.04404098727673e-06,-0.00278809533863011,4.04775138997948e-05,-0.00415771906579732,-0.00320116129040571,2.01919550146812e-06,-0.00272888575199559,4.07925330581094e-06,9.41634673079506e-06,0.000103926212367433,-3.51275126790895e-05,-8.76965567169208e-05,-0.00320845452055618,-0.00175028823282553,-0.000635248404972977,-0.00309741808802855,-0.000356873563732485,7.37795396856811e-05,-8.76965567169208e-05,-3.76842321330173e-05,8.40799680634774e-05,-0.000260288114820817,-0.00025766429976759,-0.00103256696350762,0,1.00456487217571e-06,-6.20356787965903e-05,4.22461828621934e-05,-8.76965567169208e-05,-0.0040359529730587,-0.000124513110697499,-0.00154166563037084,1.41281955743366e-05,-0.000191011914540518,7.23462725336077e-05,-0.000600257238679625,0,9.41634673079506e-06,-4.92327999896958e-05,-0.00227914537868035
"20:16354391:G:A",-1.48312311774035e-05,-0.000401903779922996,7.78077916763209e-06,-1.08106461826907e-05,-4.89197692852272e-05,8.28114967657001e-05,4.79797490626765e-08,1.73494283863818e-05,-9.04662089595831e-06,0.000295413540863265,1.10980885885681e-05,7.78077916763209e-06,-0.000283938408038864,0.00205388993281996,-2.29760244234711e-05,8.36296320283481e-06,5.45323920029261e-05,-6.30891055353189e-05,-2.17917317986149e-05,-9.26729003491999e-06,-2.92724335579919e-05,-0.00028295705748782,-2.56518407555362e-05,6.79347473067082e-05,1.55833532957672e-05,0.00205388993281996,-1.95545265011532e-05,-0.000116302888140574,9.79047549272138e-05,3.00333454745783e-05,-3.88546794720668e-05,0.000563168889422982,7.78077916763209e-06,-7.64116237315093e-05,0.000138767133885942,-4.36298639083788e-06,-2.03947845598407e-05,-2.29760244234711e-05,2.10697272287064e-05,-1.08106461826907e-05,-1.95545265011532e-05,-7.39758164947091e-07,-3.4301765380107e-05,9.13311552874774e-05,0.000322765560832217,-1.08106461826907e-05,2.00180074036993e-05,-1.08106461826907e-05,-4.36298639083788e-06,3.0724407713123e-05,1.49647211040715e-05,1.30653618430898e-05,-0.00320350577343653,-5.96777383670144e-05,9.43652631058001e-05,9.05919197968785e-06,0.000325984784635303,-2.92724335579919e-05,-1.95545265011532e-05,-2.87469436344168e-06,2.34078448224651e-05,-2.27115076825157e-05,1.72928944959239e-05,-1.95545265011532e-05,3.76502734749096e-05,-2.03947845598407e-05,-6.66255284098582e-06,-2.66150414232058e-05,-3.72767989436085e-05,9.05919197968785e-06,2.28334189147361e-05,3.12543772285068e-05,1.67028418900372e-05,-3.20258793911066e-05,1.86193093325571e-05,-0.000156305638336462,-1.05429265984114e-05,0.000499410183008919,0.000101769479501357,-4.62573883242001e-05,-1.95545265011532e-05,-1.7091781562506e-05,4.61283434463056e-05,1.53015108850241e-06,2.9645908089293e-05,-0.000111859210981891,-2.44035066332415e-05,2.25792706753936e-06,-3.00629784018014e-05,1.98590555458011e-05,9.30932400411422e-05,-1.95545265011532e-05,-2.38572010546889e-05,-2.03947845598407e-05,-1.95545265011532e-05,-1.87240526248189e-05,3.81469132699763e-05,-0.00024127072321356,-9.04662089595831e-06,5.12561977306092e-05,-4.7268480264151e-05,-8.50887695591496e-06,-9.77650989204548e-05,-2.84275297932624e-05,0.000101769479501357,-1.87240526248189e-05,2.9645908089293e-05,-0.000110727886763584,-4.41125084993388e-05,3.68764713076786e-06,5.45323920029261e-05,7.65818123582562e-06,-9.04662089595831e-06,-1.60297877247473e-05,7.78077916763209e-06,-2.83762147370581e-05,7.51996797223597e-05,7.78077916763209e-06,-7.03087918694223e-05,-3.61447029373352e-06,0.000142197310924352,-4.36298639083788e-06,9.23191095063558e-05,-7.25137619985716e-05,-4.21586585925837e-05,8.09437143516334e-05,-1.15959004727273e-05,-3.61447029373352e-06,-0.000216465011911637,-2.12450007754938e-05,5.31808478232421e-05,-1.08106461826907e-05,7.26752608830594e-05,5.98588358826646e-05,9.11225170527885e-05,7.78077916763209e-06,4.61283434463056e-05,6.10738888164875e-05,-0.000246742948579737,-4.36298639083788e-06,5.08393166676058e-06,-8.90036659093596e-05,3.04979981828879e-05,-0.00026740225667865,3.71477935336983e-05,-2.14350637772753e-06,-2.20770504606449e-05,-2.84851318106405e-05,2.90971600120926e-05,-0.000224955895403056,-1.42075762887828e-06,-0.000295979967208204,-2.87469436344168e-06,-6.66255284098582e-06,-7.36906083602662e-05,2.16644779129638e-05,5.20623169775192e-05,1.53015108672605e-06,-0.000103887460073615,-0.000230913253929543,1.53856559119703e-05,-5.41788416050792e-05,-5.17385521749958e-05,5.20623169775192e-05,2.34078448224651e-05,-5.92435106794298e-05,-0.00029285793620204,0.000137217813347412,6.69267462267698e-05,0,-7.06302828668015e-07,3.76502734749096e-05,-2.83762147370581e-05,5.20623169775192e-05,1.1496493893759e-05,7.06002096020342e-05,-7.65166306333498e-05,-9.26729003491999e-06,-4.05800614622365e-06,-5.06196104606005e-05,-0.00019097139352553,0,-6.66255284098582e-06,3.01882872415504e-05,-3.20258793911066e-05
"20:16358031:C:T",-0.00345577864442159,-0.00252531885539486,5.33383864045334e-05,-7.88049126843049e-05,-0.00212441360954774,-0.0018849103242089,-1.16604374449381e-05,-0.000356752452923104,-7.57349266420348e-05,-0.00149626442292838,6.8707111006816e-05,5.33383864045334e-05,-0.00393849814100289,-5.96777383670144e-05,-0.000169153295154878,4.55033946229477e-05,0.000367061545656355,-0.000462356932543706,8.3605149340471e-05,-6.59735287271701e-05,-0.000210895622390517,0.000198383625573229,-0.000191519907617455,-0.00102497319416717,0.00010655151716854,-5.96777383670144e-05,-0.000140664444217897,-5.66038900950971e-05,-0.00119264478712644,-0.00126193873290337,0.00015758155255341,-0.000122118972111451,5.33383864045334e-05,-0.000564195710497373,-0.000224969678293885,-3.64073910175122e-05,-0.000147649288519069,-0.000169153295154878,0.000139789227636022,-7.88049126843049e-05,-0.000140664444217897,-0.00144065537215354,-0.000264344693841956,-0.00152178182048335,-0.00356942064570909,-7.88049126843049e-05,-2.20975460889505e-05,-7.88049126843049e-05,-3.64073910175122e-05,0.000208051910702167,0.000101347049183964,8.53375517086974e-05,-5.96777383670144e-05,0.135277239583526,-0.00515451220125041,5.14190079234922e-05,-0.000936948058465781,-0.000210895622390517,-0.000140664444217897,-2.39635413077366e-05,0.00015963557813059,-0.000178632531897982,-0.00131936208895578,-0.000140664444217897,0.000252636568210285,-0.000147649288519069,-5.56846991406346e-05,-0.000188849854766637,-0.000418842423542287,5.14190079234922e-05,0.000154766592405764,0.000212586670305548,-0.00175927687746569,-0.000233814377058827,-0.000244585708059297,0.000319898696471643,-0.00123509569325631,-0.00432335769423631,0.000667373852682118,-0.000331874256447762,0.000484650167308587,-0.000120235379672984,0.000310284848060505,8.54221382518006e-07,0.000198811061856041,-0.00154108454725055,-0.00020647121066375,6.98941195764746e-06,-0.00123510064064147,0.000129483786344586,-0.001959778212135,-0.000140664444217897,-0.00017651047002154,-0.000147649288519069,0.000484650167308587,-0.000133768285099478,0.000256944536483061,-0.000885147343033132,-0.00147307214774361,-0.00124055782437527,0.0013221113613886,-5.96777383670144e-05,-0.000715230254162869,-0.00021480182936795,-0.00213283752067106,-0.000133768285099478,0.000198811061856041,-0.000265265968874662,-0.000980697345365655,1.90233334054213e-05,0.000367061545656355,3.95087807802952e-05,-0.00147307214774361,-0.00245130381092729,5.33383864045334e-05,-0.000203452517425262,0.000491322535814298,5.33383864045334e-05,-0.000523087871030725,-0.00292772670152797,0.000348342534623125,-3.64073910175122e-05,-0.00100733345525228,-0.000109390741321214,-0.000307811098148925,0.000516588999816214,-8.53435577168327e-05,-3.01457346143508e-05,-0.0017878328861034,-0.00078758309074356,-0.00465861213873797,-7.88049126843049e-05,-0.0013970551093303,-0.00251688000745443,0.000587513920492277,5.33383864045334e-05,0.000310284848060505,0.000406512750799948,-0.00173352910741587,-3.64073910175122e-05,3.07519393896172e-05,-0.00482339455954151,-0.00285888438538162,-0.0018500062729796,0.000248274032665918,-1.78593135276017e-05,-0.000847374351065966,-0.00365431427002161,0.000194102806517549,-0.00405090908279515,-1.18315909851674e-05,-0.000178375001767428,-2.39635413077366e-05,-0.00119324194708614,-0.000531854105590313,-0.00243798941929008,0.000344860923619628,-0.00149448253177908,-0.00259173927701184,-0.00350623200202982,-0.000625418878173356,-0.00147245327591827,-0.00403344837739006,0.000344860923619628,0.00015963557813059,-0.00107496966322351,-0.000104910339858932,-0.00735361694628356,-0.000728187189088736,0,-5.87894952008838e-06,0.000252636568210285,-0.000203452517425262,0.000344860923619628,-0.00241451130204728,-0.0068322292502323,-0.00285512430988888,-6.59735287271701e-05,-0.000117391913514453,-0.00404410712711112,-0.00184199045826006,0,-0.00119324194708614,0.000203460397737665,-0.000233814377058827
"20:16362235:G:A",-0.00597641916833513,-0.00173782456452454,-9.33417597464015e-05,-0.00195016343016619,-0.0078487964612397,-0.00655759693547653,-8.19598756107709e-05,-0.00843720417923688,1.64873782964037e-05,-0.0150164542954401,-0.000252193160855008,-9.33417597464015e-05,-0.00743404143853121,9.43652631058001e-05,-0.00641893347257483,-0.00263618236434926,-0.00143607284839486,0.000229014284974127,-4.09968622330226e-05,-0.00139562112115499,-0.00173883777797279,-0.00333209699960157,-0.00611887451359561,-0.00553167417852718,9.68699032828368e-05,9.43652631058001e-05,0.000202443401212449,-0.0158134101112593,-0.00480703274209748,-0.000622089988880248,-6.61783710338426e-05,-0.00403497701907618,0.000183016481230425,-0.000188696167510827,-0.00409781505706208,-0.00036775190191296,-0.00070616732275397,-0.00195793720839443,-0.00131798989195531,-0.00327306882396261,-0.00208778631247686,-0.00097782471522434,-0.00242859314888921,-0.00239260119728879,-0.0014001654120781,0.000110052738596877,-9.90175798465387e-05,-0.00327306882396261,-0.00234503177349588,-0.000396246558392654,-0.00681706719837472,-0.000356748170068144,9.43652631058001e-05,-0.00515451220125041,0.468114198111777,-0.000189772954776402,-0.00189232410409801,-0.00173883777797279,-0.000209648967127052,-0.00245212596305233,0.000127666156563677,-0.00536896951528831,-0.00302730817201802,0.000202443401212449,-0.000301024400504168,-0.00070616732275397,6.44541351224603e-06,-0.00084272152379139,-0.00145968904547633,-0.000189772954776402,-0.000289493481518299,-0.000398742387844209,-0.010381853053147,-0.00211420589957889,-0.00015931559579041,-0.00598864495230922,-0.00187867170413369,-0.000955271649264677,-0.00425723074655338,-0.00093351531621888,-0.000209648967127052,-0.000497266158830278,-0.000622272682195835,-0.00837971397978254,-0.00207563547266965,-0.00287060008540907,-0.00786975066997009,-0.000107006951108879,-0.00694546710639976,-0.00759921133829788,-0.000855430448100769,0.000202443401212449,-0.00700168607061613,-0.00070616732275397,-0.000209648967127052,-0.0033998876064496,-0.00050567625381337,-0.0035292975831136,-0.0118965864357641,-0.00246158588294243,-0.00273389264930568,9.43652631058001e-05,7.07578724954416e-05,-0.00612651359131799,-0.000799842472551049,-0.0033998876064496,-0.000578502467678099,-0.00217846821413659,-0.00446922257686655,-0.000124740827312841,-0.000831819269154543,-0.00109340877696873,-0.0118965864357641,-0.00750956645296519,-9.33417597464015e-05,0.000291367649942309,-0.00262981849386001,0.000183016481230425,-0.00247795254005645,-0.000338503544393021,-0.00439113285450698,-0.00389952040493213,-0.00585244817060593,-0.000980275356561755,-0.00478946218919152,-0.00256415186287606,0.000115396684336133,-0.000165123173651693,-0.00327254872348792,-0.00500168377725085,-0.00408189737550302,-0.00231486954451476,-0.00145615787608921,-0.00756613095595737,-0.00313137032703548,-9.33417597464015e-05,-0.00153803561039823,-0.0034100086324349,-0.00171224188671593,-4.8236646398081e-05,-0.0015760161833791,0.0004444659456313,-0.00537318417157895,-0.00183217378395373,-0.00125342086240376,-0.00193251792234772,0.000109498766708516,-0.000379567737639697,-0.00356656907159536,-0.00449559756557694,-0.00273570581356708,-0.0073164411062332,1.91389072030645e-05,-0.000119649323030657,-1.68306197698698e-05,-0.00546524467411125,-0.00308323237751118,-0.000711674542787755,-0.00322763303892382,-0.00276345007303336,-0.00124715181762802,-0.00933249898624977,0.0001631951745793,-0.00308323237751118,-0.000292629780267895,-0.00035844924707451,-0.00285985872382311,-0.00484321715545821,-0.0019718724016391,0,-0.00359194321622436,-0.000503846244830797,-0.000175664968337763,-0.00308323237751118,-0.00419511561763208,-0.00537767118004862,-0.00216711748237985,9.95379371540039e-05,-0.00258532223155328,3.17152486202232e-05,-0.00776147664174998,0,-0.000146036969595364,-0.00039372335482657,-0.00543870560899862
"20:16365671:G:A",1.50424179361508e-05,0.000269972473187607,-8.8471117924982e-06,1.12679391515158e-05,-0.00160857199501852,-0.014834800057514,0.00146600226304106,-0.0028117205355267,0.000858983445080064,-0.00323326193357643,-0.00185906087394194,-8.8471117924982e-06,-0.00221215973807931,9.05919197968785e-06,2.28491500102734e-05,0.00181258890134472,-7.27081581404221e-05,-0.00123635337596362,-0.00480586927694038,9.79080345597794e-06,2.86115940202336e-05,-0.000826665670774052,-0.00178155139035852,-0.00217551908451785,-1.82176022445191e-05,9.05919197968785e-06,1.98342797430584e-05,7.95255654093552e-05,-0.000271386544071994,-0.000827147854109533,-0.00247952862906775,9.24162806574813e-05,-8.8471117924982e-06,-0.00131078848349553,-0.0006796516122205,-0.00223968684283538,-0.00266108273635801,2.28491500102734e-05,-2.53993730003899e-05,1.12679391515158e-05,1.98342797430584e-05,-0.00115543220449865,3.74085013987724e-05,-0.00633542257524944,-0.00167702019307203,1.12679391515158e-05,-0.00409796549833352,1.12679391515158e-05,4.40531494128038e-06,-3.79202776388254e-05,-1.75236590616024e-05,-0.00170984097834292,9.05919197968785e-06,5.14190079234922e-05,-0.000189772954776402,0.291244118343256,-0.00851618234447393,2.86115940202336e-05,1.98342797430584e-05,2.91647322114841e-06,-2.81201047673818e-05,-0.002154604731051,-0.00248109960489629,1.98342797430584e-05,-0.004071508360739,-0.00266108273635801,-0.00219468191455352,2.63936457312042e-05,3.53615963577525e-05,0.00368701032837571,-2.74485863922536e-05,-3.85634231365728e-05,-2.04073802549942e-05,-0.00277950404580096,-0.00252824702164656,-0.00464175293668179,-0.00667154694684768,7.53098196213386e-05,-0.00786286516635304,4.23021245801181e-05,-0.00135473985333245,1.76160486828891e-05,-0.00256285363442821,-0.00204025538801655,-3.66165924416961e-05,-0.00311540999631799,-0.000921375307904704,-0.00203171622635789,-0.00755308766689256,-2.40037075220911e-05,-0.00735146065241921,1.98342797430584e-05,2.36129935409224e-05,-0.00266108273635801,-0.00135473985333245,1.90907640673643e-05,-4.83334777241495e-05,-0.00295338441164272,8.99672658150052e-06,-0.013029174077861,4.30134604814114e-05,9.05919197968785e-06,-0.000780869346595381,-0.00237881165288112,-0.00786286516635304,1.90907640673643e-05,-0.00377287558918571,-0.000484944679367771,4.08825430868731e-05,-0.0020066525731286,-7.27081581404221e-05,-0.0016712365781606,8.99672658150052e-06,-0.000637689040509315,-0.000183779493911018,2.78688698394092e-05,-0.00153130012212888,-8.8471117924982e-06,5.75576496926189e-05,-0.00204711845130667,-0.00258449168907493,4.40531494128038e-06,-0.00575200222978367,5.90943316893799e-05,3.90393623446172e-05,-0.00471790713705467,-0.00266115870042594,-0.00204711845130667,-0.0013952686125065,2.13335800403058e-05,-0.00240842110382911,-0.00285930703161519,-0.00280476988207834,-0.00378972787686926,-0.00767499285032525,-0.000183779493911018,0.00114849343580747,-8.35422190323953e-05,-0.00132885541525996,4.40531494128038e-06,-5.97250475387057e-06,-0.00115682712436982,-0.00403768023836815,-0.0015444050882949,-0.00805932627717265,-0.00239355364482119,-0.00425352523518896,2.80094275506571e-05,-3.59559106577478e-05,-0.0041459204347607,-0.00258644903490968,-0.00178440585974471,-0.0049088958897574,6.67742907101143e-06,5.97037208063256e-05,-0.00140188707843336,-0.00107739150672881,-0.00188542483410092,-0.00834200092709914,-0.00378037605097603,-0.00488996073859926,-0.0036117615321718,-0.00106836787853481,-0.00107739150672881,-2.81201047673818e-05,-8.16027566585831e-06,-0.0017989575244366,-0.00153368972213386,0.000320661904176234,0,7.21537426251473e-07,-0.00200059641865113,2.78688698394092e-05,-0.00107739150672881,-0.000305955570327754,-0.000102413902862253,-0.00507678844805071,9.79080345597794e-06,-0.00177582888010441,-0.00109641963266327,-0.00259939301255763,0,-0.00196823342498398,-3.72713575984562e-05,3.08597693168267e-05
"20:16366555:C:A",-0.00120485826981476,-0.0104212946364939,0.000220235663907609,-0.00243398951218587,-0.00262703157364097,-0.00462167260077706,-0.00840679527378763,-0.00120549907716017,-0.00715768932531047,-0.00491928969645894,-2.05664773655911e-05,0.000220235663907609,-0.00217103959671894,0.000325984784635303,-0.00294201622186296,-0.00926734719630185,-0.00389595220042516,0.000112121253281749,-0.000465904783684135,-0.00174007242075902,-0.00158911143414109,-0.00604302758141362,-0.000516691574953931,-0.00498715205642064,0.000435459936932503,0.000325984784635303,-0.00441614984567451,-0.00453342862001316,-0.00351564185485254,-0.00833586136082465,-0.000810597115205702,-0.00801167023063254,0.000220235663907609,0.000120577954247025,-0.00912652641258127,-0.00408067023632341,-0.000170629735656291,-0.000955257321688663,-0.00091054477711161,0.000185731002831702,-4.74429208852101e-05,-0.00224003110322268,-0.00076183946337105,-0.00140995934728227,-0.0018457015762694,-0.000294654847949438,-0.00225527071637766,0.000185731002831702,-7.90442303841843e-05,-0.00105180218905065,-0.00198289818417674,-9.22884050478245e-05,0.000325984784635303,-0.000936948058465781,-0.00189232410409801,-0.00851618234447393,0.549423173521003,-0.00158911143414198,-0.00135764084638179,-0.0005155574104867,-0.000204001136983045,-0.00038126230939195,-0.00189957982717992,-0.00441614984567451,-0.0024860485637852,-0.000170629735656291,-0.000202408788263941,-0.000322050920313011,0.000565947746622442,-0.00851618234447393,-0.00167016355810823,0.000850335094571442,8.91307570647371e-05,-0.000660267474956733,0.000115245671884701,-0.00505570295754998,-0.00236244728385104,-0.00226690203814695,-0.00171099435301647,-0.00481275833496042,-0.000201666201673056,0.000638922044292833,5.76667398819453e-05,-0.00652070965979457,-0.000889251259196477,-0.0122766514124688,-0.00305527106203085,-0.000341710089830194,-0.00494219397104212,-0.00204283246484138,-0.00222072917636673,-0.00441614984567451,-0.00160639620133107,-0.000170629735656291,-0.000201666201673056,-0.0102210844065009,-0.00261453049049365,-0.0060152802450828,0.000548443285517841,-0.00554437859211632,-0.000316286472903826,-0.000270110887373498,-0.00265560628520545,-0.00053885188277869,-0.00378098927495873,-0.0102210844065009,-0.00345325381371619,-0.000487555895789527,-0.00548511244189198,-0.000503580736335607,-0.00222666126008964,-0.011810643447447,0.000336464397985736,-0.00338150876291232,0.000220235663907609,-0.00215313918737703,0.000637089979836691,0.000220235663907609,-0.0016814461069834,-0.000119599491003264,-0.000404759909404362,-0.00117239268036151,-0.0191916178652884,-0.00710490279259179,-0.00581864969713042,-0.0026210135486795,-0.000351484208792385,-0.000202866309738425,-0.00861119573518465,-0.00286340444761013,-0.00293250961910729,-0.00148366998532357,-0.000542305198345527,-0.00546499046900717,-0.00485454522447792,0.000220235663907609,-0.00240351666571037,-0.00195678883193295,-0.00825146232773477,-0.0011729447603912,2.32440648728627e-05,-0.00559996053540956,-0.00562660156360062,-0.0101885767348704,-0.00164663162559719,-8.06739043497373e-05,-0.0064384964859121,-0.00297381412355868,-0.0138863611055928,-0.0152567396785206,-5.51038751206434e-05,-0.00787997137035434,-0.00721772863042336,-0.000486694446587332,-0.00594744975321237,-0.000301031494047699,6.25579572353097e-05,-0.000501937717560796,-0.00203847096389387,-0.0124930043471605,-0.000619799553928768,-0.0123600857667059,-0.00183158899029534,6.25579572353097e-05,9.36823336488146e-05,-0.00384401354929809,-0.00174218488208266,-0.00497273142892851,-0.0015677153429996,0,-4.20069578410676e-05,0.000335941237300297,-0.00299348343107741,6.25579572353097e-05,-0.0142101569172479,-0.00490776782236813,-0.00371583045025714,-0.000316201579799724,-0.00802168647907431,-0.000207269719008529,-0.00469972605777258,0,-0.00294392765678397,-0.00337401430180506,-0.0109707036701483
"20:16367651:T:A",-5.27802521430587e-05,-0.002635423844632,2.64147541377824e-05,-3.78126299640513e-05,-0.00111764917195156,-0.000357588170793122,-0.0032831362233301,-0.00202593718340438,-0.00344972179260417,-0.00172608870739754,3.61740166692215e-05,2.64147541377824e-05,5.43926857243804e-06,-2.92724335579919e-05,-8.0935258819359e-05,2.60251156820601e-05,0.00018162241241626,-0.000806956248946555,-7.88431646023824e-05,-3.20840449958837e-05,0.00157822504934213,-0.000169773512465277,-9.0957146930748e-05,-0.000598723457144956,-0.00121474158962709,-2.92724335579919e-05,-6.81606334760332e-05,-0.000175028785322162,-6.78426499876039e-05,-0.00148166299050523,-0.000138382433875428,-0.000998000040261182,-0.00124835152556368,-0.000937169342051902,-0.000323271955120497,-0.00133173752134397,-7.1293679952511e-05,-8.0935258819359e-05,7.03695922839032e-05,-0.00400803656491178,-6.81606334760332e-05,-0.00301294408822983,-0.00012354242392032,0.000296434230516951,-3.78126299640513e-05,-3.78126299640513e-05,6.34543547128885e-05,-0.00400803656491178,-0.00336070869563887,0.000103201611024062,5.0466342360167e-05,4.34537633378085e-05,-2.92724335579919e-05,-0.000210895622390517,-0.00173883777797279,2.86115940202336e-05,-0.00158911143414198,0.171442051964988,-0.00444584868417497,-1.06396704335765e-05,-0.00118115498838556,-0.0012926390200132,-0.00290051417935011,-6.81606334760332e-05,-0.00319106265189451,-7.1293679952511e-05,-2.47102697468193e-05,-9.23997935426968e-05,-0.000130283160465261,2.86115940202336e-05,7.68778759372424e-05,0.000105155212001939,5.4195178956995e-05,-0.000112658220857931,6.13040619805716e-05,-0.000819172429670445,-4.18897101734927e-05,-0.00096773323252286,0.000331273276876765,-0.000162072879784425,-6.81606334760332e-05,-5.89935121428908e-05,0.000153926201015508,3.27225067664472e-06,9.92219446205311e-05,-0.00118737457932205,0.000189019107225796,5.97518711131784e-06,-0.000677489528258413,-0.00626554615116426,0.000303786997078781,-6.81606334760332e-05,-8.42325404830646e-05,-7.1293679952511e-05,-6.81606334760332e-05,-6.50667375765579e-05,0.000127621835532388,-0.00219964981369447,-3.35961003443686e-05,0.000164983917089856,-0.000165886846481555,-2.92724335579919e-05,-0.000494759164774372,0.000203615828056058,0.000331273276876765,-6.50667375765579e-05,-0.0029303679355932,-0.00452253736147856,-0.000158307925759438,1.1278676173454e-05,0.00018162241241626,2.3404729601495e-05,-3.35961003443686e-05,-0.000776167866694877,2.64147541377824e-05,-0.000547096263881386,0.000246209502532402,-0.00124835152556368,0.000355342056121088,-1.33831130524342e-05,-0.00560388869581985,-0.00336070869563887,-0.000424727777623701,2.41795106603604e-05,-0.000148658142324898,-0.000160517377036484,-4.07309218344309e-05,-1.33831130524342e-05,-0.00863805202464718,-7.44666210978906e-05,0.000172318205643229,-3.78126299640513e-05,0.000236380107756951,-0.00266724639139948,-0.00194548581662879,2.64147541377824e-05,0.000153926201015508,-0.00452876988238771,-0.00862251357601984,-0.00336070869563887,1.64498931063406e-05,-0.000319351314472804,-0.0013739421451282,-0.00936121232443998,0.000123927473442365,-7.93025695156047e-06,-8.56047021517981e-05,-0.000104086077978849,-0.00251779060508373,-5.05496332570132e-05,-5.25424589614687e-06,-0.0110751890666636,-1.06396704335765e-05,-0.0033270766162854,-0.00014680854751159,7.25658671054674e-05,0.00017241369699672,3.27225067486836e-06,-0.000629795666529098,-0.00134825402373018,4.92997068537449e-05,-0.00958401059939362,-0.000184970331724266,0.00017241369699672,7.8994585680725e-05,-0.00244124901728782,-0.00533871265673636,-0.0044133176042207,0.000219755526646992,0,-0.000260781385548192,0.000125786061535571,-9.89816368361929e-05,0.00017241369699672,-0.000186959195232816,0.000228265369011993,-0.000151810052483548,-3.20840449958837e-05,-0.0016544010807662,-0.000180711678892997,-0.00041823406278052,0,-2.47102697477075e-05,-0.00372731760457334,-0.000112658220857931
"20:16369058:T:C",-3.47605806902962e-05,-7.44381725787946e-05,1.7691803494202e-05,-2.50790646072474e-05,-0.00731552932089929,-0.00278388695992149,-7.44848640543694e-07,3.85524022314954e-05,-2.1676316607433e-05,-0.00621831556484764,2.46846678084722e-05,1.7691803494202e-05,-0.00627863484296398,-1.95545265011532e-05,-5.36475429102623e-05,1.81754753540986e-05,0.000121440558363162,-0.000832488948788956,-5.16162409320842e-05,-2.13733578782183e-05,-0.00444584868417497,-0.000582091323650502,-6.01444820791386e-05,-0.000185284779072425,3.53159438661876e-05,-1.95545265011532e-05,-4.53654902701217e-05,-0.00524101667623356,-0.00241601267717773,6.63776525051674e-05,-9.15782664971942e-05,-0.000231309408434299,1.7691803494202e-05,-0.000946785527691674,-0.000204041265227772,-1.04280976964688e-05,-4.73967683412013e-05,-5.36475429102623e-05,4.73567397545338e-05,-2.50790646072474e-05,-0.00442226019964398,-0.000474556983008689,-8.1265805382813e-05,0.000198923349722158,-2.50790646072474e-05,-2.50790646072474e-05,4.38073527373462e-05,-2.50790646072474e-05,-0.0033541524337668,6.91103518626335e-05,3.38527972099101e-05,2.93542092038024e-05,-1.95545265011532e-05,-0.000140664444217897,-0.000209648967127052,1.98342797430584e-05,-0.00135764084638179,-0.00444584868417497,0.124712046469765,-6.86545936190441e-06,5.28707469422685e-05,-0.00333123095513788,3.73156361233029e-05,-4.53654902701217e-05,8.43162792971697e-05,-4.73967683412013e-05,-1.59437907258919e-05,-6.17052639553251e-05,-8.69327497001748e-05,1.98342797430584e-05,5.1517453566241e-05,7.03545029221431e-05,3.70183653872758e-05,-0.00398390514587454,4.15619004376921e-05,-0.000197999183050079,-2.62470364456036e-05,-0.000480212749284448,0.00022138508050773,-0.000108224184548256,-4.53654902701217e-05,-3.94218642831845e-05,0.000103033062575975,2.80097211113883e-06,6.65760424416462e-05,-0.00115275874543563,-0.00348222779932961,4.53995832305765e-06,-0.000175894674251609,-0.00270792830511191,0.000203218383224346,-4.53654902701217e-05,-0.0010952434044933,-4.73967683412013e-05,-4.53654902701217e-05,-4.33595575852763e-05,8.54800738778749e-05,-0.000484283299488908,-2.1676316607433e-05,0.000112258549331834,-0.000110711512604666,-1.95545265011532e-05,-0.0004796809298524,-0.00357294960539623,0.00022138508050773,-4.33595575852763e-05,6.65760424416462e-05,-1.07264766207038e-05,-0.000104520766675442,7.95220988525358e-06,0.000121440558363162,1.64949829528638e-05,-2.1676316607433e-05,-0.000919414108071059,1.7691803494202e-05,-6.59816364070309e-05,-0.00210124895137564,1.7691803494202e-05,-0.00397610571883167,-8.63561512787214e-06,0.000176517644423946,-1.04280976964688e-05,0.000546447475615608,-0.000171250806153544,-9.88940884463219e-05,0.000176600498228652,-2.6966789422822e-05,-8.63561512787214e-06,-0.00128823164780023,-4.94538724780114e-05,-0.00371228252599209,-2.50790646072474e-05,0.00015919616370752,0.000130816958027857,0.000198413763950356,1.7691803494202e-05,0.000103033062575975,-0.00186269406722595,-0.00135205838570318,-0.0011834758984417,1.12795477171801e-05,-0.000212792501728565,6.61364011627086e-05,-0.00135684892072163,8.31380713437468e-05,-5.11721772245011e-06,-0.0032426098952012,-6.79382667732042e-05,6.52853151565935e-05,-0.00052372594071759,-3.39048759556704e-06,-0.000772552375389424,-6.86545936190441e-06,-0.00140912925026626,-0.000174195637494989,4.87607600483386e-05,0.000115669485154513,2.80097211113883e-06,-0.00372798054639212,-0.00362199508654282,3.38897982015141e-05,0.000138956285166358,-0.000122529053987463,0.000115669485154513,5.28707469422685e-05,-0.000438512760683629,-0.00185274205051478,-0.00211717676675427,0.000147516963412642,0,-1.6848761470456e-06,8.43162792971697e-05,-6.59816364070309e-05,0.000115669485154513,-0.00839738039801574,-0.00380944030309927,-0.00278112921636797,-2.13733578782183e-05,-1.16340583016239e-05,-0.000119757369842155,-0.00295796143146898,0,-1.59437907267801e-05,6.78509587022091e-05,-7.48671806620749e-05
"20:16369638:G:A",-5.08595278070345e-06,1.21927837373192e-05,2.47033254652251e-06,-3.66819194308476e-06,-1.8716186259482e-05,-3.03998919557458e-05,7.96006025538532e-08,5.34493958515014e-06,-2.99587763663567e-06,-0.00208860520553156,3.51331481862616e-06,2.47033254652251e-06,-0.000346738318246054,-2.87469436344168e-06,-8.14603825105564e-06,2.7102684727609e-06,1.39539838892588e-05,-2.55820328645129e-05,-0.00104834562694744,-3.13468242207904e-06,-1.06396704335765e-05,-0.000358525234714691,-9.16776106674178e-06,-0.00198745462905148,4.78936667658303e-06,-2.87469436344168e-06,-6.86545936190441e-06,1.08103229443657e-05,-0.000368730844366283,8.74739236067512e-06,-3.79651898141375e-05,-0.00151884359914245,2.47033254652251e-06,-3.22284354963287e-05,-0.000442572345369818,-1.41924713403796e-06,-7.1772539369519e-06,-0.00277241059388977,6.34432544455166e-06,-3.66819194308476e-06,-0.00149598678825225,-4.51118122617444e-05,-1.25917679287824e-05,-0.00148062107396374,-3.66819194308476e-06,-3.66819194308476e-06,-0.000678132227335482,-3.66819194308476e-06,-0.00213704067724763,8.83715734456558e-06,4.61638645976592e-06,4.07925330581094e-06,-2.87469436344168e-06,-2.39635413077366e-05,-0.00245212596305233,2.91647322114841e-06,-0.0005155574104867,-1.06396704335765e-05,-6.86545936190441e-06,0.143417998586332,6.95450405441278e-06,-0.00232216731376944,5.40820657857211e-06,-6.86545936190441e-06,1.04920334713654e-05,-7.1772539369519e-06,-2.18647984340237e-06,-9.59961935098619e-06,-1.39366219382708e-05,2.91647322114841e-06,6.80587809753774e-06,8.96309531484007e-06,-0.00172244974401625,-0.000103780981016044,5.69000038819212e-06,-0.000650895422748654,-3.43823685078348e-06,-9.88142939304382e-05,-0.00117594764097628,-1.78184726902231e-05,-6.86545936190441e-06,-5.96171788025401e-06,1.23268023672907e-05,5.49486128598176e-07,8.57867336545581e-06,-0.0016585389254038,-0.0024673465607794,7.78189431116516e-07,-0.000841752283096575,-0.00280033500522325,-0.00127506004935363,-6.86545936190441e-06,-8.48054358471018e-06,-7.1772539369519e-06,-6.86545936190441e-06,-6.55901922375079e-06,1.06006904196931e-05,-4.15761739702702e-05,-0.00207498997221922,1.34625508758646e-05,-1.82618856898742e-05,-2.87469436344168e-06,-0.00101218057850794,-0.00255349123431792,-0.00117594764097628,-6.55901922375079e-06,8.57867336545581e-06,-0.00264496011363402,-1.67677079883077e-05,1.22360203391736e-06,1.39539838892588e-05,2.50028706449967e-06,-0.00207498997221922,-0.00497737413100463,2.47033254652251e-06,-0.00378250218193443,-0.00212692800577052,2.47033254652251e-06,-0.0028749172133038,-1.17236798580223e-06,-0.000509584649287298,-1.41924713403796e-06,-0.000519451028300644,-0.00614267115192746,-1.59912535409035e-05,1.78776377355305e-05,-3.94192323227571e-06,-1.17236798580223e-06,-0.00352738685428911,-7.49452848491927e-06,1.380325699607e-05,-3.66819194308476e-06,-0.00163812115626794,-0.00440795248617842,1.8820407521325e-05,2.47033254652251e-06,1.23268023672907e-05,-0.00445803363144659,-0.0035892367640713,-1.41924713403796e-06,1.653636613419e-06,-3.8906133235983e-05,-0.00466001581314046,-0.00397126612273269,1.03814632561594e-05,-6.91299823607494e-07,-7.58798879729738e-06,-1.02008033051604e-05,-0.0034259477773082,-0.00219503071435234,-4.56918383129334e-07,-0.000541419180537517,-9.29751416300917e-07,-2.18647984429055e-06,-0.00513369397306995,6.50084938680351e-06,-0.0011348216490239,5.49486128598176e-07,-0.000453729482855714,-0.00111283861338229,-0.00199766489835707,-0.00967277165004887,-2.01926878853342e-05,-0.0011348216490239,6.95450405441278e-06,-2.37028489138424e-05,-3.59128500724282e-05,-0.00308637438444848,1.60430121241006e-05,0,-2.26514956125357e-07,1.04920334713654e-05,-1.02869572842224e-05,-0.0011348216490239,-0.0049737246710162,1.6622373888886e-05,-9.32389634211717e-06,-3.13468242207904e-06,-0.00555169997550742,-1.96904015679067e-05,-0.00560807039363009,0,-0.00234112108909379,8.70903365690623e-06,-1.17357144979735e-05
"20:16370113:C:T",3.87347564272389e-05,-0.000134411873559337,-2.17637737822685e-05,2.89947389155998e-05,-0.000271839024050813,-0.000157089100899732,-0.000163952321875271,-5.14800851263431e-05,-0.000273955428526484,-5.97531610493363e-05,-3.29847990396814e-05,-2.17637737822685e-05,-0.000245988862380919,2.34078448224651e-05,6.11767031717392e-05,-2.64602995390106e-05,-0.000155331411295201,0.000167890648858915,-0.00198911113588096,2.5249546020234e-05,-0.00118115498838556,-0.000211555556563603,6.76603340590276e-05,-1.36448771463904e-05,0.00180576091968376,2.34078448224651e-05,5.28707469422685e-05,1.96855696970033e-05,-0.000294707767758418,-8.96772054161943e-05,-0.00195812971363729,0.000248901035040383,0.00182032951166811,0.00020215406395252,0.000817731311439474,1.05502346174902e-05,5.49121539918929e-05,6.11767031717392e-05,-6.0287629005451e-05,-0.0026743042533024,5.28707469422685e-05,0.000249184027667937,8.85470291525081e-05,-0.000269116640319034,2.89947389155998e-05,2.89947389155998e-05,0.000337114080640966,-0.0026743042533024,1.05502346174902e-05,-8.68994249207944e-05,-4.22266854833708e-05,-3.76842321330173e-05,2.34078448224651e-05,0.00015963557813059,0.000127666156563677,-2.81201047673818e-05,-0.000204001136983045,-0.00118115498838556,5.28707469422685e-05,6.95450405441278e-06,0.00711480924069807,5.7755891872624e-05,0.000228492045770246,5.28707469422685e-05,-0.000107235751260149,5.49121539918929e-05,1.60996300069272e-05,7.25288580865069e-05,0.00010082839687886,-2.81201047673818e-05,-6.44698353200468e-05,-8.81429283712265e-05,-4.99513165017618e-05,8.56828786828245e-05,-5.44842560188386e-05,7.98774453159012e-05,2.2144227198595e-05,0.000460351149126126,-0.000296983494902925,0.000124910828568581,5.28707469422685e-05,4.68814428815634e-05,-0.000131318182948981,-6.73126537531488e-06,-8.4370060693395e-05,0.000288867778409418,-0.000240641037631661,-8.47862353037243e-06,0.000153155559326379,-5.74193180469251e-05,-0.000271349717333003,5.28707469422685e-05,6.33130099636503e-05,5.49121539918929e-05,5.28707469422685e-05,5.08520765594156e-05,-0.000108383289040503,-0.000746952399623524,2.18447793685073e-05,-0.000154639787545818,0.000127368662679039,2.34078448224651e-05,0.000259268372595933,-0.000312016483610122,-0.000296983494902925,5.08520765594156e-05,-8.4370060693395e-05,-0.000148816638488647,0.000114908591489993,-1.19135520062486e-05,-0.000155331411295201,-2.47808070428235e-05,2.18447793685073e-05,7.79172903824232e-05,-2.17637737822685e-05,7.68151685335283e-05,-0.000219289732662276,0.00182032951166811,-0.00130879671048145,8.74221733226932e-06,1.81171310105199e-05,-0.00021551688964383,0.000480460360474666,0.000194728185564763,0.000112687455875893,0.000810137976743341,3.08989256456726e-05,8.74221733226932e-06,0.000382650277032326,5.69766840818886e-05,0.000269742210405433,2.89947389155998e-05,0.000288746348403812,0.000312038356417688,-0.000268852355747917,-2.17637737822685e-05,-0.000131318182948981,-0.000175467539919261,0.000380297101107097,1.05502346174902e-05,-1.52710110139509e-05,0.00023446161975027,-9.60536979741633e-05,0.000138381424748424,-0.000106075054217669,5.18675462579665e-06,4.95357346448344e-05,7.16342555149296e-05,-8.30837161993614e-05,-0.000291660612732336,3.43863645113629e-06,0.000419243784067547,6.95450405441278e-06,1.60996300069272e-05,0.000197577361408463,-6.16974604792375e-05,-0.0001498819779302,-6.73126537709123e-06,0.000267736444227396,0.000277656622929889,-4.68388137866427e-05,0.000201402609754986,0.000135855589199707,-0.0001498819779302,-6.58329044975758e-05,-0.000508245339887026,0.000150306293675406,-0.000409703588233334,0.000422345152395032,0,-0.00202558760406912,-0.000107235751260149,7.68151685335283e-05,-0.0001498819779302,-8.44784757232375e-05,0.000356577058022722,0.000192204466625157,2.5249546020234e-05,3.03553068015106e-06,0.000133156566884729,-0.000507657215578661,0,1.60996300069272e-05,-8.56418820696092e-05,8.56828786828245e-05
"20:16370980:A:C",-0.00195338224848118,-4.73805853671294e-05,1.99193744778725e-05,-2.93378344524697e-05,-0.00182425854875046,-0.000265346463368399,-0.0021800759071926,4.25453794443698e-05,-0.00234043958311236,-0.00703149427815308,2.75319266211937e-05,1.99193744778725e-05,-0.000563143556357115,-2.27115076825157e-05,-6.42274532092202e-05,-0.0020234015201579,0.000124257227644975,-0.00439598322600165,-0.0037869595042288,-2.48857462992191e-05,-0.0012926390200132,-0.00581090724108746,-6.96095100654048e-05,-0.00142248822173219,3.9175395614599e-05,-2.27115076825157e-05,-0.00136421995126312,-0.00646282842234669,-0.00260942555445087,-0.000322784322053238,-0.00341531503997494,-0.000385564728727417,1.99193744778725e-05,-0.0064995239827379,-0.0085623962734136,-0.0019702276519391,-0.00273732928841941,-9.32351780669194e-06,5.19570715740159e-05,-2.93378344524697e-05,-5.38525676185841e-05,0.000634032999406564,-9.06626805408095e-05,-0.00116818237763461,-2.93378344524697e-05,8.85159172883121e-05,-0.00438900290471445,-2.93378344524697e-05,-1.21647405535441e-05,-0.000635922098132902,3.75887540426945e-05,3.26788437288172e-05,-2.27115076825157e-05,-0.000178632531897982,-0.00536896951528831,-0.002154604731051,-0.00038126230939195,-0.0012926390200132,-0.00333123095513788,-0.00232216731376944,5.7755891872624e-05,0.244294999293955,-0.0038070423815908,-0.00136421995126312,8.94934134949565e-05,-0.00273732928841941,-1.86970171016654e-05,-7.40403619117203e-05,-0.000106310731976755,-0.00215460473105011,5.63395203752037e-05,7.56484410651126e-05,-0.00154745180168536,-9.09746841344372e-05,-0.00169529124377465,-0.00246598312569901,-0.00438234185284436,-0.00175244643229533,-0.00343360104572366,-0.000134295668923201,-5.38525676185841e-05,-4.6496350301517e-05,-0.000685530297686476,2.99789293656261e-06,-0.00113748641445799,-0.00485863052195246,-0.00361726553264319,5.00020668958712e-06,-0.00233110923897062,4.89192803430072e-05,-0.00342367038561786,-0.00136421995126312,5.41190635221511e-05,-0.00273732928841941,-5.38525676185841e-05,-5.1361535394534e-05,-0.000799704851455196,-0.0043051704187369,-0.00196020299083255,-0.00547135327488135,-0.000137674768296847,-2.27115076825157e-05,-0.00442091451073345,0.000324911275474626,-0.00343360104572366,-5.1361535394534e-05,7.18291791788062e-05,-0.00235882980433288,-0.001019971957537,8.90906323558482e-06,0.000124257227644975,-0.00214729854276108,-0.00196020299083255,-0.00110779860212062,-0.000152653818237702,-0.00115842280635015,-0.0012602695612145,1.99193744778725e-05,8.36032217739202e-05,-1.00564742346876e-05,-0.00193724305610576,-0.000662945086072675,-0.000974692309017033,-0.00343457852530982,-0.000122233764622948,-0.000870488825654547,-4.12709068937644e-05,-1.00564742346876e-05,-0.00372424182254782,-5.89559788295446e-05,-0.00357850052898545,-0.000192205421035929,-1.76610504780683e-05,4.93034603525899e-05,-0.00211649749549014,-0.000152653818237702,-0.000685530297686476,0.000136563265228595,-0.00370830161846758,-0.00225525818576333,1.26949795369313e-05,-0.00273695744606339,4.44366018577114e-05,-0.00279704844218998,-0.00241702470573291,-0.000852287610908498,-0.00125083606572485,-0.000332486532874654,7.05163656160579e-05,-0.00291864049873958,-0.00258999990899333,-0.00307541652005483,-7.98149819569716e-06,-0.000478636472587723,-0.000639344420000576,-0.00132030143456419,-0.000683310127755909,-0.00226560741298698,-0.000292415440148019,-0.0016689742624072,3.74852515969692e-05,-0.000960323997043044,-0.00524817551440293,-0.000683310127755909,5.7755891872624e-05,-0.000165107050007052,-0.000508487970471094,-0.00260899266938175,1.49487080598476e-05,0,-1.94901215433418e-06,-0.000719979155445749,-0.00116821486268837,-0.000683310127755909,-0.00406808286318272,-0.00340621635364613,-0.00088240283149954,-2.48857462992191e-05,-0.000915205185751944,-0.00521794366001949,0.00019324783198682,0,-1.86970171025536e-05,7.31218381648802e-05,-9.09746841344372e-05
"20:16376869:G:A",-0.0018649893282463,-0.00135150628966674,-1.72167867926731e-05,2.13394185681892e-05,-0.00423724700593731,-0.00165371121328439,-5.88576685291997e-05,5.81458673565294e-05,-5.14622542251431e-05,-0.00297118841327482,-0.0015426317111924,-1.72167867926731e-05,-0.00343388691947677,1.72928944959239e-05,-0.00184610534368623,-0.00089353279716331,-0.000290702395117748,-0.00244115405858558,3.96003953548885e-05,-0.00166782901231777,-0.00290051417935011,-1.1108480691302e-05,1.51184386618652e-05,-0.00137576191861832,0.000231259311997967,1.72928944959239e-05,3.73156361233029e-05,-0.000468638000897581,-0.00246496888176573,-0.00313702206044475,6.64513683341639e-05,-0.00535337925949708,0.000136594998343398,-0.00424322093796636,-0.00244741038048302,-0.00190800293762017,-0.00195376146542348,-0.00489802538970974,-5.03769958060118e-05,-0.00611408374271249,3.73156361233029e-05,-0.0088580920367729,-0.000434918372897108,-0.000842466407937614,-0.00193729636973305,-0.00611408374271249,-5.15549366184587e-05,-0.00611408374271249,8.16372069500915e-06,-7.54230983375237e-05,0.000223097686649965,-0.00684112468100651,1.72928944959239e-05,-0.00131936208895578,-0.00302730817201802,-0.00248109960489629,-0.00189957982717992,-0.00290051417935011,3.73156361233029e-05,5.40820657857211e-06,0.000228492045770246,-0.0038070423815908,0.368834037048738,3.73156361233029e-05,-0.000846869354562685,-0.00195376146542348,-0.00186112311198627,4.93442618125783e-05,-9.12429759720723e-05,-0.00248109960489629,-5.42450487301949e-05,-7.66366795730278e-05,3.75935518786008e-05,5.71881394302309e-05,-0.000152081750991684,-0.00434683450460671,-0.00516903509916311,-0.000852078278104074,-0.00425149959621862,7.70617347116698e-05,-0.00364010190341713,3.33173700752809e-05,-0.00183170550385547,-4.06479508860969e-05,-7.29626729842892e-05,-0.000209507310061419,-0.000319728017774246,-0.00363913805016836,-0.00339747405776736,-4.77427311063039e-05,-0.00398499177296774,3.73156361233029e-05,-0.00473087689362117,-0.00195376146542348,-0.00364010190341713,3.59772906151079e-05,-0.00526437785324241,-0.00434929756788627,-0.00332483967639075,-0.00584595771017948,-0.00118280958772488,-0.00021235881968984,-0.0034215554208652,-0.00202931094939984,-0.00425149959621862,3.59772906151079e-05,-0.000953355547054002,-0.00551791544275781,-0.0116756315037581,-0.00364781219992327,-0.000542438270445977,-0.00240588884802673,-0.00332483967639075,4.24267348813068e-05,-1.72167867926731e-05,5.19459428707236e-05,-0.000720737628462587,0.000136594998343398,-0.00484447425529222,-0.00511529384035914,-0.00381820868295835,-0.0042777969535166,-0.00589204939133348,-0.000586111138813905,-0.00367948761895232,-0.00355350062627124,-0.00112357148085529,-0.00231512494874764,-0.00467404691928275,-0.0019798780650957,-4.04092706514092e-05,-0.00193729636973305,-0.00423138926033317,4.21552635430089e-05,-0.00504223765735201,-1.72167867926731e-05,-0.000120826519352413,-0.0001705824507372,-0.00452670786375275,-1.84415577075825e-05,-0.00163616836688973,-0.000572087243896569,-0.000294730987452141,-0.000613226100784292,-9.44669718556668e-05,-0.00244456498351031,-0.00262135314219858,-0.000225975890203678,8.77095767686242e-05,-0.00741405795199856,-2.41144092489876e-05,-0.0095701650920379,-0.00198224124416591,-1.40861462032404e-05,-0.000751885826367982,-0.0024122563347202,-0.00225780182738688,-4.89871960596133e-06,-0.00457282350123744,-0.000318640519403779,-0.00836505153945133,-0.00292834725738889,-0.000654938249430081,-0.00225780182738688,-5.55126296148956e-05,-0.000101358855893352,-0.0103170635020629,-0.000293145910663206,-0.000454075288977229,0,-0.00371543706772037,-0.00439450745952819,5.19459428707236e-05,-0.00225780182738688,-0.00253938987615365,-0.000226369522012604,-0.00585883222848249,-0.00166782901231777,-0.000168240628591221,-0.000203708911232781,-0.00347794392722678,0,-0.00469229722310249,-7.41984740075807e-05,-0.00364880228699693
"20:16377170:T:C",-0.00140459581520069,9.91379970338713e-05,1.7691803494202e-05,-2.50790646072474e-05,-0.000118452316524298,0.000347351320087341,-7.44848640543694e-07,3.85524022314954e-05,-2.1676316607433e-05,-0.0035791111556831,2.46846678084722e-05,1.7691803494202e-05,-0.00364666090136367,-1.95545265011532e-05,-5.36475429102623e-05,1.81754753540986e-05,0.000121440558363162,-0.000149149837064932,0.00010873665006006,-2.13733578782183e-05,-6.81606334760332e-05,-0.00137820471258454,-0.00125943657374972,-0.000428870434356021,3.53159438661876e-05,-1.95545265011532e-05,0.000977860265847674,-0.00392983514778322,-0.000588739283748474,6.63776525051674e-05,0.000261645894197748,-0.000231309408434299,1.7691803494202e-05,-0.000181743864107631,-0.000204041265227772,-0.000246147825940568,-4.73967683412013e-05,-0.00106606592060832,4.73567397545338e-05,-2.50790646072474e-05,-4.53654902701217e-05,-0.000248260106495479,-0.0013015973182986,0.000198923349722158,-2.50790646072474e-05,-2.50790646072474e-05,-0.000185637716634268,-2.50790646072474e-05,-1.04280976964688e-05,6.91103518626335e-05,3.38527972099101e-05,2.93542092038024e-05,-1.95545265011532e-05,-0.000140664444217897,0.000202443401212449,1.98342797430584e-05,-0.00441614984567451,-6.81606334760332e-05,-4.53654902701217e-05,-6.86545936190441e-06,5.28707469422685e-05,-0.00136421995126312,3.73156361233029e-05,0.0830459359375277,8.43162792971697e-05,-4.73967683412013e-05,-1.59437907258919e-05,-6.17052639553251e-05,-8.69327497001748e-05,1.98342797430584e-05,5.1517453566241e-05,7.03545029221431e-05,3.70183653872758e-05,-7.48671806620749e-05,4.15619004376921e-05,-0.00162555207027637,-2.62470364456036e-05,-0.00522405757227418,0.00022138508050773,-0.000108224184548256,-4.53654902701217e-05,-3.94218642831845e-05,0.000103033062575975,2.80097211113883e-06,6.65760424416462e-05,-0.000271357310342779,-0.00119954288114688,4.53995832305765e-06,-0.00154105112136715,4.44957436052107e-05,0.000203218383224346,0.000977860265847674,-5.57851329974213e-05,-4.73967683412013e-05,-4.53654902701217e-05,-4.33595575852763e-05,8.54800738778749e-05,-0.00416418247799477,-2.1676316607433e-05,0.000112258549331834,-0.000110711512604666,-1.95545265011532e-05,-0.000233607338655517,-0.00118192673427497,0.00022138508050773,-4.33595575852763e-05,6.65760424416462e-05,-0.000499259795333273,-0.000104520766675442,7.95220988525358e-06,0.000121440558363162,1.64949829528638e-05,-2.1676316607433e-05,-4.56868689076018e-05,1.7691803494202e-05,-0.000613343821340706,0.000165173682026065,1.7691803494202e-05,-0.0010052811533372,-8.63561512787214e-06,-0.0001194223650689,-1.04280976964688e-05,-0.000712764078940609,8.9680568038375e-06,-9.88940884463219e-05,0.000176600498228652,-2.6966789422822e-05,-8.63561512787214e-06,-0.00182950932429193,-4.94538724780114e-05,0.00011681374758421,-2.50790646072474e-05,-0.00441704382668551,0.000130816958027857,0.000198413763950356,1.7691803494202e-05,0.000103033062575975,0.000135366066396081,-0.00184275132105771,-1.04280976964688e-05,1.12795477171801e-05,-0.00121672490754232,6.61364011627086e-05,-0.00733374476451853,8.31380713437468e-05,-5.11721772245011e-06,-0.00319182263405171,-0.0025821970308213,6.52853151565935e-05,-0.00147798126503229,-3.39048759556704e-06,-0.00279228388609631,-6.86545936190441e-06,-1.59437907267801e-05,-0.000160552833524008,4.87607600483386e-05,0.000115669485154513,-0.000272413319818199,-0.00132185574940102,0.000194243014420614,-0.00163917349618359,-0.000276515940334399,-0.00210400195106519,0.000115669485154513,5.28707469422685e-05,-0.000140350363435182,8.60620923690547e-05,-0.000183004684824795,0.000147516963412642,0,-1.6848761470456e-06,8.43162792971697e-05,-6.59816364070309e-05,0.000115669485154513,-0.000918956596306586,0.000154264309505159,-0.00148465763080718,-2.13733578782183e-05,-1.16340583016239e-05,-0.0020752736370877,-0.00184935622561877,0,-0.00138317372658747,6.78509587022091e-05,-0.00398390514587454
"20:16377293:C:G",6.08043497924982e-05,-0.000225648356892094,-3.53168015703176e-05,4.60940729460901e-05,0.000183556976800503,-0.000894999094727567,-0.00401519531155881,-0.00491677477209862,-0.00383891497015831,-0.00262680675771065,-5.49970715848502e-05,-3.53168015703176e-05,-0.00225925925530923,3.76502734749096e-05,-0.00356408949923903,-0.00418828795728032,0.00100107385698678,0.000265066052405061,8.61545915809003e-05,4.0434221880048e-05,-0.00319106265189451,-0.00213222151827974,0.000106665313775345,-0.010751801005755,-7.10600333526656e-05,3.76502734749096e-05,8.43162792971697e-05,-0.00100396161193217,-0.000499787624441694,-0.000995199308060357,0.000160865144891886,-0.00283190778494635,-3.53168015703176e-05,0.000318047055648307,-0.00571430264351847,1.59143796869543e-05,8.74030730093622e-05,9.68717390499307e-05,-9.89741747838835e-05,4.60940729460901e-05,8.43162792971697e-05,-0.00474382348987756,0.000138171368644358,-0.000451008080227133,4.60940729460901e-05,4.60940729460901e-05,-0.000105016772357303,4.60940729460901e-05,1.59143796869543e-05,-0.000142011714872936,-6.88412875469169e-05,-6.20356787965903e-05,3.76502734749096e-05,0.000252636568210285,-0.000301024400504168,-0.004071508360739,-0.0024860485637852,-0.00319106265189451,8.43162792971697e-05,1.04920334713654e-05,-0.000107235751260149,8.94934134949565e-05,-0.000846869354562685,8.43162792971697e-05,0.196145106577209,8.74030730093622e-05,2.42795971558962e-05,0.00011600569059933,-0.00269988475351468,-0.004071508360739,-0.000105204752975929,-0.000143850123945022,-8.35817409301498e-05,0.000135896063783392,-9.03308871258446e-05,-0.0037546196531224,-0.00096617195585047,0.000706413107164572,-0.000455050794439416,0.000198683706923219,8.43162792971697e-05,7.5256310442029e-05,-0.000215527179253883,-0.00419190434200001,-0.000138272598054989,-0.0046136646693169,8.82931759704775e-05,-1.53358271282045e-05,-0.0105591298214689,-9.47018782255782e-05,-0.000510447839673134,8.43162792971697e-05,0.00010009934822186,8.74030730093622e-05,8.43162792971697e-05,8.12632523077284e-05,-0.000177609148801494,-0.00191720647085614,3.29357259341023e-05,-0.000882326477749551,0.000202395622361351,3.76502734749096e-05,0.000407418571137796,0.000116800774023318,-0.000455050794439416,8.12632523077284e-05,0.000963544389475324,-0.000763993510780381,-0.00251260582037105,-2.05000418365131e-05,-0.000255158083406037,-4.27148646018338e-05,3.29357259341023e-05,-0.0027181723238181,-3.53168015703176e-05,0.000122490115131768,-0.000365076714433421,-3.53168015703176e-05,0.000291242874035369,1.31881037317427e-05,-0.00502647609086893,1.59143796869543e-05,-0.000437818869500006,0.000308271432245988,-0.00348290347957114,-0.00520769231736296,4.89709919335723e-05,-0.00407777981798407,-0.00163835649695798,9.05241956061786e-05,-0.00111830884537589,4.60940729460901e-05,-0.000776302444148058,-0.00177208041727361,-0.00544509880174626,-3.53168015703176e-05,-0.000215527179253883,-0.000289615224476236,-0.00166440085946462,1.59143796869543e-05,-2.55490999707675e-05,-0.00157193813165435,-0.00192259055483746,-0.00109306332856907,-0.000174233424593773,7.8256703526236e-06,-0.000861232219640407,-0.00108974581655463,0.000131179498904288,-0.00104172955892334,5.18852672204417e-06,-0.000178083445912414,1.04920334713654e-05,2.42795971558962e-05,0.000312553775831503,-0.000101074350635777,-0.000247470863067534,-1.2709299323177e-05,-0.0033157294710513,-0.00557632914908357,-0.000847964105103571,-0.00154067713390305,-0.00120835378238482,-0.000247470863067534,-0.000107235751260149,-0.00805444398792776,-0.00461454749066537,-0.00125564121825672,-0.000323490917189417,0,2.58012551945797e-06,-0.00017593087707457,0.000122490115131768,-0.000247470863067534,-0.00562368118321199,-0.000967376296324929,-0.00366971875527788,4.0434221880048e-05,-0.00747198052914744,-0.00123315277028535,-0.000818390001977143,0,-0.00108307220494464,-0.000140152656141979,-0.00371605038642731
"20:16379508:G:A",-3.63320399694445e-05,-0.000747738587731916,1.8410388753054e-05,-2.61815351327854e-05,-0.000175334761821411,-0.00151643382277555,-8.42382520183094e-07,4.00212019551205e-05,-2.26820940651962e-05,-0.00215766129937744,2.56401306479859e-05,1.8410388753054e-05,-0.000270972659504487,-2.03947845598407e-05,-5.60969275715806e-05,1.88512330252522e-05,0.000125623363756766,-0.00015664299871343,-0.00162635518864995,-2.2299507535628e-05,-7.1293679952511e-05,-0.00220964001487278,-6.29277718342536e-05,-0.00497494381600649,3.67152184468367e-05,-2.03947845598407e-05,-4.73967683412013e-05,-0.00183975441022532,0.000217506235362208,6.8806753034778e-05,-0.00146180675676089,-0.00353493882733424,1.8410388753054e-05,-0.000191177091902084,-0.00078425058625875,-1.09041710389945e-05,0.00236646212455138,-5.60969275715806e-05,4.91812519713974e-05,-2.61815351327854e-05,-4.73967683412013e-05,-0.00165154999780093,-8.51700563311297e-05,0.00020472883945466,-2.61815351327854e-05,-2.61815351327854e-05,-0.0018804678847113,-2.61815351327854e-05,-1.09041710389945e-05,7.17087378783177e-05,3.51919562984193e-05,3.05066046335511e-05,-2.03947845598407e-05,-0.000147649288519069,-0.00070616732275397,-0.00266108273635801,-0.000170629735656291,-7.1293679952511e-05,-4.73967683412013e-05,-7.1772539369519e-06,5.49121539918929e-05,-0.00273732928841941,-0.00195376146542348,-4.73967683412013e-05,8.74030730093622e-05,0.0872025235832643,-1.66775245142858e-05,-6.45028580432694e-05,-9.10002066589755e-05,-0.00266108273635801,5.35060502127038e-05,7.29988115573121e-05,3.84240131419133e-05,-0.00129358836336824,4.31535830127672e-05,-0.00122986798645819,-0.00174340062534295,-0.000712097023609637,0.000227526432038161,-0.000113401146082381,-4.73967683412013e-05,-4.11583411619176e-05,0.000106695235853493,2.86402747384784e-06,6.90801377043471e-05,-0.000286756806905153,-0.00638142216676574,4.68114352081273e-06,-0.00146569218060844,4.62059284007665e-05,0.000209109012816455,-4.73967683412013e-05,-0.00312815452103798,0.00236646212455138,-4.73967683412013e-05,-4.52908494983362e-05,8.86077416391018e-05,-0.000656842635899046,-2.26820940651962e-05,1.88258408826414e-05,-0.000116028729646445,-2.03947845598407e-05,-0.000246201231225207,-0.00297965974309555,0.000227526432038161,-4.52908494983362e-05,6.90801377043471e-05,-0.000272457801221648,0.00230578966728867,8.24549596423196e-06,0.000125623363756766,-0.00265335985742965,-2.26820940651962e-05,0.000470556027340585,1.8410388753054e-05,-6.90008915338325e-05,-0.00176167401279415,1.8410388753054e-05,-0.00338854118373444,-9.0288231184843e-06,-8.52136801778869e-05,-1.09041710389945e-05,2.69386632947288e-05,-0.000347551073894614,-0.000103617920562904,-0.001797806318244,-2.81597606299755e-05,-9.0288231184843e-06,-0.001623675184387,-5.16904851250999e-05,0.000120781520589475,-2.61815351327854e-05,0.000164238099126912,0.000135137639414751,-0.001663225713739,1.8410388753054e-05,0.000106695235853493,0.000139897671590283,-0.00160004370748901,-0.00275802664874725,1.1719605673477e-05,-0.00118866477107726,6.84741702592362e-05,-0.000438317116791431,8.61832604970303e-05,-5.34901708704183e-06,-9.77753759059397e-05,-0.00159071393092258,6.7741003501709e-05,-0.00288740515751407,-3.54367719257453e-06,0.00094268684620058,-7.1772539369519e-06,-0.00272146904964199,-0.000517239014971693,5.06409314580125e-05,0.000626310356622639,2.86402747118331e-06,-0.00168323732389997,-0.000104579581023501,3.51655778665361e-05,-0.00338953947903331,-0.000908588860689008,0.000626310356622639,5.49121539918929e-05,-0.000147391582311585,-1.17342927818953e-06,2.16901042815465e-05,0.000152321685962242,0,-1.76080958969038e-06,8.74030730093622e-05,-6.90008915338325e-05,0.000626310356622639,-0.000344936702653342,-0.00198190591618008,-0.000225516205231813,-2.2299507535628e-05,-0.000238327265226879,-0.000885704161610157,-0.00573214162638003,0,-1.6677524515174e-05,7.04026132964941e-05,-7.83540189566168e-05
"20:16379756:T:C",-1.18663469566016e-05,2.81497085747873e-05,5.71814736449738e-06,-8.52861492539603e-06,-0.000241325505114354,-6.24313562709311e-05,8.9618769294475e-08,1.23097888042878e-05,-0.00182901306994587,-0.00178000613383578,-0.00404830467642991,5.71814736449738e-06,-0.000137173484000996,-6.66255284098582e-06,-0.00266978872626922,-0.00206196863596375,3.23076482100504e-05,-0.00134137229837794,-1.35016862383708e-05,-7.27380374332398e-06,-2.47102697468193e-05,-2.30146668882547e-05,-2.13663031107814e-05,-0.000153485242089246,1.10867220426414e-05,-6.66255284098582e-06,-1.59437907258919e-05,-5.49925097015347e-06,4.47317727445551e-05,-0.00183926450013416,-5.67484628692938e-05,-0.000176268007906266,5.71814736449738e-06,-0.00143848287032089,-0.00144620904132564,-3.33852831513326e-06,-1.66775245142858e-05,-1.89585773862078e-05,1.46641472280606e-05,-8.52861492539603e-06,-1.59437907258919e-05,-7.92819187180882e-05,1.5487941615433e-05,4.36098257328155e-05,-0.00290225796490606,-8.52861492539603e-06,4.14599070630572e-07,-8.52861492539603e-06,-3.33852831513326e-06,2.04544609960777e-05,1.06799891508302e-05,9.41634673168323e-06,-6.66255284098582e-06,-5.56846991406346e-05,6.44541351224603e-06,-0.00219468191455352,-0.000202408788263941,-2.47102697468193e-05,-1.59437907258919e-05,-2.18647984340237e-06,1.60996300069272e-05,-1.86970171016654e-05,-0.00186112311198627,-1.59437907258919e-05,2.42795971558962e-05,-1.66775245142858e-05,0.148068600716692,-2.22630543635916e-05,-3.23469062637471e-05,-0.00219468191455352,1.5750118735447e-05,2.07506557705628e-05,1.18917867490964e-05,-2.72913438017497e-05,1.31231337485715e-05,-9.34986247198566e-05,-0.00212731118765852,-0.00160912913498734,4.51329370640963e-05,-0.000844058362393874,-0.00331730845680944,-1.38181730111597e-05,-0.000791384094299019,-0.00206071562256405,1.98462880653949e-05,-0.000168619937048753,-0.000926788151788038,-0.00180737787174667,-0.000326646289130039,1.39074651146487e-05,4.38860965390475e-05,-1.59437907258919e-05,-1.97466234599375e-05,-1.66775245142858e-05,-0.00331730845680944,-0.000519086045570383,2.45353169274765e-05,-0.00791961201230063,-7.05337361406322e-06,-0.00369290351994866,-4.23975491186113e-05,-6.66255284098582e-06,-0.000945426571234087,-2.39102646997225e-05,4.51329370640963e-05,-0.000519086045570383,1.98462880653949e-05,-0.00387011535824833,-3.65287407184667e-05,-0.00179134625907373,3.23076482100504e-05,-0.000738095637202285,-7.05337361406322e-06,-0.000473617331967269,5.71814736449738e-06,-2.38801242664621e-05,-0.00310313412476138,5.71814736449738e-06,-0.000128769428319409,-0.00229786139780952,-0.00332381617445687,-3.33852831513326e-06,-0.000146677844291787,-7.03168774061069e-05,-0.00153249111235887,-0.00317934257625474,-9.17268401856575e-06,-0.00229786139780952,-0.00528672890227444,-1.74243560975285e-05,-5.27914424708342e-06,-8.52861492539603e-06,3.9054158040841e-05,-0.000796650176139835,-0.00295264649449489,5.71814736449738e-06,2.85345892523381e-05,3.49638041594602e-05,-0.00536385740913614,-3.33852831513326e-06,-0.00175254052110496,-0.000254535906404563,-0.000575350727889834,-0.0052128270645535,2.40193039937608e-05,-1.6255004089416e-06,-0.00167167952749914,-2.12487511097592e-05,1.95340593682758e-05,-0.00277816325236557,-0.0023647526501307,-7.83381910496317e-05,-0.00209075593897712,-5.14548629837464e-06,-7.17114254307205e-05,1.50325243346572e-05,3.1280673388423e-05,-3.25249223198654e-05,-0.00674635668140144,-0.000295302094758476,-0.00226285102227042,-0.00231180976280632,-0.00163629528459275,3.1280673388423e-05,1.60996300069272e-05,-0.000920435279836873,-0.000338061114435462,-0.00282916176594838,3.71291631182658e-05,0,-5.32480715520478e-07,-0.00108307220494464,-0.00117006908064532,3.1280673388423e-05,-0.0019606954903959,-1.23555914672835e-05,-0.00672493701237453,-7.27380374332398e-06,-0.00180726181112245,-0.00260896858428872,-0.000118429746685855,0,-5.14548629837464e-06,2.01530462415889e-05,-0.00149349509867402
"20:16379845:A:C",-4.76990809428202e-05,-0.00304423322173886,2.41471140718374e-05,-3.428595459809e-05,-0.00046841440216383,-0.00357893969419543,-1.76628721604288e-06,-0.00139906117877509,-3.02417967557034e-05,-0.00752647429857056,3.32526949335943e-05,2.41471140718374e-05,-0.00155056463847281,-2.66150414232058e-05,-7.31016902824067e-05,2.40502875215043e-05,0.000168265440352755,-0.000200193336279852,-7.09623101800005e-05,-2.91418932123477e-05,-9.23997935426968e-05,-0.00154550291667199,-8.20231156453133e-05,-0.00265340632305211,4.83234858474901e-05,-2.66150414232058e-05,-6.17052639553251e-05,-0.00169517038025369,-0.00101285405426044,8.99946366059723e-05,-0.000124319902039538,-0.00348957376941161,2.41471140718374e-05,-0.000243031279770989,-0.000950104865607315,-1.45732677303556e-05,-6.45028580432694e-05,-7.31016902824067e-05,6.46446026157932e-05,-0.0032597716665359,-6.17052639553251e-05,-0.00342292808987388,-0.000110915152723656,-0.00133094543857393,-3.428595459809e-05,-3.428595459809e-05,5.86206153583291e-05,-0.0032597716665359,-1.45732677303556e-05,9.49678158743694e-05,4.6246318899712e-05,-0.0013946075705773,-2.66150414232058e-05,-0.000188849854766637,-0.00084272152379139,2.63936457312042e-05,-0.000322050920313011,-9.23997935426968e-05,-6.17052639553251e-05,-9.59961935098619e-06,7.25288580865069e-05,-7.40403619117203e-05,4.93442618125783e-05,-6.17052639553251e-05,0.00011600569059933,-6.45028580432694e-05,-2.22630543635916e-05,0.123663863879033,-0.000117432162703324,2.63936457312042e-05,7.05925188517753e-05,9.67629644144097e-05,-0.00131072219026063,-0.000101562222617702,5.63740791079681e-05,-0.00322918336566769,-3.73724940923026e-05,-0.000580128252933854,0.000311306864757555,0.000436880236830639,-6.17052639553251e-05,0.00246595555928941,0.000142274978499835,3.20611666548842e-06,9.13134695412765e-05,-0.00348480490763947,-8.1791933971509e-05,5.6467134585958e-06,-0.00293836078494003,6.05593763340906e-05,0.000284737064978557,-6.17052639553251e-05,-7.60387702953835e-05,-6.45028580432694e-05,-6.17052639553251e-05,-0.000450872735275887,0.000117698766926466,-0.00104171451499635,-0.00225498803112956,0.000153129434478316,-0.000149106437847379,-2.66150414232058e-05,-0.000309865756641159,-9.12856205852464e-05,0.000311306864757555,-0.000450872735275887,9.13134695412765e-05,-0.00278159283330304,-0.00324457687973023,1.04394501576621e-05,0.000168265440352755,-0.00162223434903286,-0.00225498803112956,-0.00180441933126385,2.41471140718374e-05,-8.94192177183228e-05,0.000229594679653999,2.41471140718374e-05,0.00134674939961954,-1.20715226259449e-05,0.000339265527834698,-1.45732677303556e-05,-0.00602459339319239,-0.000228658865487397,-0.00330819527263504,-0.00231193303086386,-3.69042470067527e-05,-1.20715226259449e-05,-0.00214844025670224,-6.73343776416147e-05,0.000159920174980677,-3.428595459809e-05,0.000220358087974049,-0.00296848799355676,-0.0025609183100066,2.41471140718374e-05,0.000142274978499835,0.000187698762903032,-0.00215462144345846,-1.45732677303556e-05,1.51177623042287e-05,-0.000283491759901722,-0.00303162566348636,-0.00188691374313521,0.000114292343527111,-7.15702741782565e-06,-7.6300556577813e-05,-9.33832113130251e-05,8.94535057121004e-05,-0.00160730303705936,-4.74322883015077e-06,-0.000176143389092331,-9.59961935098619e-06,-2.22630543644797e-05,-0.00466425222717515,6.66508036379909e-05,0.000159697666137326,3.20611666282389e-06,-0.0065764749967494,0.00026548484536093,4.54481441556354e-05,-0.00329618353379946,-0.000165587040471316,0.000159697666137326,7.25288580865069e-05,-0.000188952986707847,-0.00222162699055861,0.000416159870603394,0.000204445358996885,0,-2.35771771972537e-06,0.00011600569059933,-8.94192177183228e-05,0.000159697666137326,-0.00321159880194166,0.00021275455417058,-0.00615788367072678,-2.91418932123477e-05,-1.78565456074864e-05,-0.000161853641362342,-0.00154402972215628,0,-2.22630543644797e-05,9.31514437487735e-05,-0.00329873660515911
"20:16380289:G:A",-6.79187387451208e-05,-0.000358353985959958,3.36318596998453e-05,-4.84160678535517e-05,-0.000861826780365504,2.48858871216839e-05,-4.03386634051373e-06,7.10905655116889e-05,-4.39614668223953e-05,0.00077545609493157,4.53429661666505e-05,3.36318596998453e-05,-0.000391613605912333,-3.72767989436085e-05,-0.000103510503097759,3.19494053284686e-05,-0.00202202142008634,-0.00057919752901725,-0.000101818261582842,-4.09450057379246e-05,-0.000130283160465261,-0.00041953860176136,-0.000116503426635717,0.00140958157856108,6.72417956355531e-05,-3.72767989436085e-05,-8.69327497001748e-05,-0.000693057188873247,0.000401143617485999,0.000122632045846061,-0.000176818446697702,0.000167637486315542,3.36318596998453e-05,-0.000721760311149566,0.000625518737431996,-2.11639079354953e-05,-9.10002066589755e-05,-0.000103510503097759,8.9370006224776e-05,-4.84160678535517e-05,-8.69327497001748e-05,-3.09790640873331e-05,-0.000158673571388768,0.000380507221435344,-4.84160678535517e-05,-4.84160678535517e-05,7.87761644556184e-05,-4.84160678535517e-05,-2.11639079354953e-05,0.000131779750148553,6.42261848033954e-05,5.49579004740508e-05,-3.72767989436085e-05,-0.000418842423542287,-0.00145968904547633,3.53615963577525e-05,0.000565947746622442,-0.000130283160465261,-8.69327497001748e-05,-1.39366219382708e-05,0.00010082839687886,-0.000106310731976755,-9.12429759720723e-05,-8.69327497001748e-05,-0.00269988475351468,-9.10002066589755e-05,-3.23469062637471e-05,-0.000117432162703324,0.088465317063009,3.53615963577525e-05,9.8015443436239e-05,0.000134390219162839,6.79076641771914e-05,-0.000143623584209607,-0.00143330597063773,-0.000414357294608259,-0.000298623489066507,-0.00170315135445875,0.000427511167668371,-0.000205495752816809,-8.69327497001748e-05,-7.50253103110055e-05,0.00019699467331602,3.20344258941674e-06,0.000126463540170541,-0.00100582582450404,-0.000119279473798528,6.75401753724714e-06,-0.000693149710083496,8.34278436956382e-05,0.000391237758720742,-8.69327497001748e-05,-0.000107786494027096,-9.10002066589755e-05,-8.69327497001748e-05,-8.29150479182417e-05,-0.00373554552723121,-0.000264221939959342,-0.00128486755023971,-0.00211296986473108,-0.000210390427429097,-3.72767989436085e-05,-0.000439774249571201,-0.000130007381284436,0.000427511167668371,-8.29150479182417e-05,-0.00286183293852282,-0.000315611396181303,-0.000956174770918139,1.37232174814983e-05,-0.00202202142008634,2.84933146046384e-05,-0.00128486755023971,-0.00187250848214937,3.36318596998453e-05,-0.000125946456990711,-0.00289046490185996,3.36318596998453e-05,-0.000318984342458251,-1.75280207095341e-05,-0.000466505959416885,-2.11639079354953e-05,-0.00219918107096717,0.000244384623536043,-0.000698284663005033,0.000335082653455387,-5.22205772703899e-05,-1.75280207095341e-05,-0.00109194586460681,-0.000852313649600589,-0.000439809006921976,-4.84160678535517e-05,0.000301726857101947,-0.000418433753113234,0.000379234081350432,3.36318596998453e-05,0.00019699467331602,0.000259123906015901,-0.00103652853118064,-0.00104945691420966,2.05218567197463e-05,-0.00521554931636103,-0.000516154321459794,-0.00388391093735052,0.000158116208526238,-1.03889015949932e-05,-0.000244248932166791,-0.00421101252237044,-0.0029985612763328,-0.000514389605383414,-6.88406915116957e-06,-0.00134344919949392,-1.39366219382708e-05,-0.0010128993151044,7.22303584304029e-05,9.22868755122153e-05,-0.00275142223667579,3.20344258764038e-06,-0.00115890588275214,-0.000684621801477547,6.14182094587079e-05,-0.00462555961363442,-0.00453095637430412,-0.00275142223667579,0.00010082839687886,-0.000749826271875698,0.00114579674003057,-0.000288519229715511,0.000281196703462605,0,-3.42135302666691e-06,0.000160613352226946,-0.000125946456990711,-0.00275142223667579,-0.00104031415340078,-0.000381634412812915,-0.00126840197558575,-4.09450057379246e-05,-0.000698113272910916,-0.00454577560324498,-0.0017571563338219,0,-3.23469062637471e-05,0.00012913771559564,-0.000623839713266072
"20:16382247:A:G",1.50424179361508e-05,0.000269972473187607,-8.8471117924982e-06,1.12679391515158e-05,-0.00160857199501852,-0.014834800057514,0.00146600226304106,-0.0028117205355267,0.000858983445080064,-0.00323326193357643,-0.00185906087394194,-8.8471117924982e-06,-0.00221215973807931,9.05919197968785e-06,2.28491500102734e-05,0.00181258890134472,-7.27081581404221e-05,-0.00123635337596362,-0.00480586927694038,9.79080345597794e-06,2.86115940202336e-05,-0.000826665670774052,-0.00178155139035852,-0.00217551908451785,-1.82176022445191e-05,9.05919197968785e-06,1.98342797430584e-05,7.95255654093552e-05,-0.000271386544071994,-0.000827147854109533,-0.00247952862906775,9.24162806574813e-05,-8.8471117924982e-06,-0.00131078848349553,-0.0006796516122205,-0.00223968684283538,-0.00266108273635801,2.28491500102734e-05,-2.53993730003899e-05,1.12679391515158e-05,1.98342797430584e-05,-0.00115543220449865,3.74085013987724e-05,-0.00633542257524944,-0.00167702019307203,1.12679391515158e-05,-0.00409796549833352,1.12679391515158e-05,4.40531494128038e-06,-3.79202776388254e-05,-1.75236590616024e-05,-0.00170984097834292,9.05919197968785e-06,5.14190079234922e-05,-0.000189772954776402,0.00368701032837571,-0.00851618234447393,2.86115940202336e-05,1.98342797430584e-05,2.91647322114841e-06,-2.81201047673818e-05,-0.00215460473105011,-0.00248109960489629,1.98342797430584e-05,-0.004071508360739,-0.00266108273635801,-0.00219468191455352,2.63936457312042e-05,3.53615963577525e-05,0.291244118343255,-2.74485863922536e-05,-3.85634231365728e-05,-2.04073802549942e-05,-0.00277950404580096,-0.00252824702164656,-0.00464175293668179,-0.00667154694684768,7.53098196213386e-05,-0.00786286516635304,4.23021245801181e-05,-0.00135473985333245,1.76160486828891e-05,-0.00256285363442821,-0.00204025538801655,-3.66165924416961e-05,-0.00311540999631799,-0.000921375307904704,-0.00203171622635789,-0.00755308766689256,-2.40037075220911e-05,-0.00735146065241921,1.98342797430584e-05,2.36129935409224e-05,-0.00266108273635801,-0.00135473985333245,1.90907640673643e-05,-4.83334777241495e-05,-0.00295338441164272,8.99672658150052e-06,-0.013029174077861,4.30134604814114e-05,9.05919197968785e-06,-0.000780869346595381,-0.00237881165288112,-0.00786286516635304,1.90907640673643e-05,-0.00377287558918571,-0.000484944679367771,4.08825430868731e-05,-0.0020066525731286,-7.27081581404221e-05,-0.0016712365781606,8.99672658150052e-06,-0.000637689040509315,-0.000183779493911018,2.78688698394092e-05,-0.00153130012212888,-8.8471117924982e-06,5.75576496926189e-05,-0.00204711845130667,-0.00258449168907493,4.40531494128038e-06,-0.00575200222978367,5.90943316893799e-05,3.90393623446172e-05,-0.00471790713705467,-0.00266115870042594,-0.00204711845130667,-0.0013952686125065,2.13335800403058e-05,-0.00240842110382911,-0.00285930703161519,-0.00280476988207834,-0.00378972787686926,-0.00767499285032525,-0.000183779493911018,0.00114849343580747,-8.35422190323953e-05,-0.00132885541525996,4.40531494128038e-06,-5.97250475387057e-06,-0.00115682712436982,-0.00403768023836815,-0.0015444050882949,-0.00805932627717265,-0.00239355364482119,-0.00425352523518896,2.80094275506571e-05,-3.59559106577478e-05,-0.0041459204347607,-0.00258644903490968,-0.00178440585974471,-0.0049088958897574,6.67742907101143e-06,5.97037208063256e-05,-0.00140188707843336,-0.00107739150672881,-0.00188542483410092,-0.00834200092709914,-0.00378037605097603,-0.00488996073859926,-0.0036117615321718,-0.00106836787853481,-0.00107739150672881,-2.81201047673818e-05,-8.16027566585831e-06,-0.0017989575244366,-0.00153368972213386,0.000320661904176234,0,7.21537426251473e-07,-0.00200059641865113,2.78688698394092e-05,-0.00107739150672881,-0.000305955570327754,-0.000102413902862253,-0.00507678844805071,9.79080345597794e-06,-0.00177582888010441,-0.00109641963266327,-0.00259939301255763,0,-0.00196823342498398,-3.72713575984562e-05,3.08597693168267e-05
"20:16386387:G:A",3.77957443467025e-05,-0.000492943555370218,-2.12700145123534e-05,2.82894795091693e-05,-0.000979810040079521,-0.00160217033962606,-3.04989396404665e-06,-5.03431803577925e-05,2.13658935406258e-05,-0.00135405055843396,-3.22250680149239e-05,-2.12700145123534e-05,-0.00193919038606438,2.28334189147361e-05,5.9606514962951e-05,-2.58192573943106e-05,-0.00015272850961523,0.00016272478706636,5.41811266812076e-05,2.46322522814424e-05,7.68778759372424e-05,-0.00385749390906032,6.59171017414195e-05,-0.000506005542840526,-4.27589646720961e-05,2.28334189147361e-05,5.1517453566241e-05,-0.00325675469011255,-0.000291560211457487,-0.000608757820416805,9.94295653731214e-05,0.000240427490988182,-2.12700145123534e-05,-0.00131661059434052,-0.000840833855686007,1.03233624999532e-05,5.35060502127038e-05,5.9606514962951e-05,-5.90103002169329e-05,2.82894795091693e-05,5.1517453566241e-05,-0.000547667968438859,8.62239391912212e-05,-0.000265931980670153,2.82894795091693e-05,2.82894795091693e-05,-6.04963961698957e-05,2.82894795091693e-05,1.03233624999532e-05,0.00181709117813789,-4.1303914169788e-05,-3.68408533502063e-05,2.28334189147361e-05,0.000154766592405764,-0.000289493481518299,-2.74485863922536e-05,-0.00167016355810823,7.68778759372424e-05,5.1517453566241e-05,6.80587809753774e-06,-6.44698353200468e-05,5.63395203752037e-05,-5.42450487301949e-05,5.1517453566241e-05,-0.000105204752975929,5.35060502127038e-05,1.5750118735447e-05,7.05925188517753e-05,9.8015443436239e-05,-2.74485863922536e-05,0.07721266083131,-8.64056656517675e-05,-4.8839317711824e-05,8.33760951390872e-05,-0.000482540317062075,-0.000494861396469481,2.17269717568414e-05,-0.00270934770148568,-0.00029382537041478,-0.0057184721381196,5.1517453566241e-05,4.56812248499361e-05,-0.000128976157726335,-6.53370087899674e-06,-8.26835940772597e-05,-0.000992840227211467,5.72873844246757e-05,-8.24579439218098e-06,-0.000611274033362363,-5.61871478383935e-05,-0.00026816505768501,5.1517453566241e-05,6.1686167504682e-05,5.35060502127038e-05,5.1517453566241e-05,4.95506872892904e-05,0.000312398006523829,-0.00400903720113011,2.13658935406258e-05,-0.000151981491337772,0.000123662167680116,2.28334189147361e-05,0.000250120281428678,7.24488452030769e-05,-0.00029382537041478,4.95506872892904e-05,-8.26835940772597e-05,-0.00347940855795503,0.000111729265359628,-1.16120418676147e-05,-0.00015272850961523,-2.41707989632189e-05,2.13658935406258e-05,-0.00062665075510715,-2.12700145123534e-05,7.47596271972739e-05,-0.000216214568690809,-2.12700145123534e-05,0.000179492957658844,8.55480877071102e-06,-0.00247948542725762,1.03233624999532e-05,-0.00171061063793587,0.000188426032097233,0.000109510673174995,-0.000236936986920178,3.01485338560781e-05,8.55480877071102e-06,-0.00162656294849217,5.55168423739261e-05,-0.000156028079483228,2.82894795091693e-05,0.00107635871740097,-0.000177574616807341,-0.000265667696098149,-2.12700145123534e-05,-0.000128976157726335,-0.000172675344564333,-0.00163980494525795,1.03233624999532e-05,-1.49031897134222e-05,-0.00598271269064554,-9.40867499652498e-05,-0.00432214439886458,-0.000104057591452822,5.07624590362354e-06,-0.000667087596275096,-0.00669374396472655,-8.14147770764606e-05,-0.000472631055318473,3.36559472913223e-06,-0.000525502908454101,6.80587809753774e-06,1.57501187345588e-05,0.00019116340585601,-6.03981377258478e-05,-0.000147321635321163,-6.53370088166128e-06,-0.000796791546068931,-0.000287653125674581,-4.57780098805927e-05,-0.00146264983837519,-0.00644922419630944,-0.000147321635321163,-6.44698353200468e-05,-0.00121765372553817,-0.000119998389097375,-0.000396101493392642,0.001351130592119,0,1.6736140322493e-06,-0.000105204752975929,7.47596271972739e-05,-0.000147321635321163,-0.000634491318287189,-0.000207673015840903,-0.00062463500952159,2.46322522814424e-05,3.10265744207783e-06,-0.00643939003094918,0.000434852468734093,0,1.57501187345588e-05,0.00213527669661051,8.33760951390872e-05
"20:16387917:A:G",-0.000142863460217413,0.000907003444807764,0.00182032951166811,3.84741295098578e-05,0.000156614223699059,0.000274430317421803,-5.25340114254647e-06,-6.98481361753878e-05,2.81565035162856e-05,-0.000271337349119882,-4.47918261547997e-05,0.00182032951166811,0.000883146144312619,3.12543772285068e-05,8.1113869833338e-05,-3.64382315147793e-05,-0.000208070386256587,0.00022335509042648,-0.000174041693550286,3.36342940885359e-05,0.000105155212001939,0.000501707865642409,-0.000233689241764701,0.000543357319218174,-5.85186512802593e-05,3.12543772285068e-05,7.03545029221431e-05,-0.000122534698697052,-0.000398654397701037,-0.000121732333576041,-0.000352038598132154,0.000329924086735822,-2.91387123239062e-05,0.000268846591163552,-0.00102294558051508,1.35976367579005e-05,7.29988115573121e-05,8.1113869833338e-05,-8.10751249389341e-05,3.84741295098578e-05,7.03545029221431e-05,0.000326251268874422,-0.000111089956768673,-0.00036236187230454,3.84741295098578e-05,3.84741295098578e-05,2.45099446081198e-05,3.84741295098578e-05,1.35976367579005e-05,-0.000116438248271677,-5.66233029140051e-05,0.000279443925973233,3.12543772285068e-05,0.000212586670305548,-0.000398742387844209,-3.85634231365728e-05,0.000850335094571442,0.000105155212001939,7.03545029221431e-05,8.96309531484007e-06,-8.81429283712265e-05,7.56484410651126e-05,-7.66366795730278e-05,7.03545029221431e-05,-0.000143850123945022,7.29988115573121e-05,2.07506557705628e-05,9.67629644144097e-05,0.000134390219162839,-3.85634231365728e-05,-8.64056656517675e-05,-0.0123189637976955,-6.78992602676232e-05,0.000113836916614041,-7.36777251848508e-05,0.000326291854378269,-3.81089789600608e-05,-0.00171277226078281,-0.000398571533414049,0.000166546619607466,7.03545029221431e-05,6.25966730982697e-05,-0.000176006524389649,-9.82340025057482e-06,-0.000113231525383561,0.000382984580614476,7.56178363339188e-05,-1.20687793758734e-05,8.42218523162686e-05,-7.74190490906435e-05,-0.00036434047268763,7.03545029221431e-05,8.38813527535009e-05,7.29988115573121e-05,7.03545029221431e-05,6.77397026747073e-05,-0.000145295387250499,0.000337366353152291,2.81565035162856e-05,-0.000210076459809194,0.000169747776086915,3.12543772285068e-05,0.000345629369430611,9.82123121708867e-05,-0.000398571533414049,6.77397026747073e-05,-0.000113231525383561,0.000185996709753056,0.000151780081798947,-1.64825608539587e-05,0.00282539737982557,-3.42877823742427e-05,2.81565035162856e-05,1.01263061171863e-05,-2.91387123239062e-05,0.000102326357295901,0.00221449378145611,-2.91387123239062e-05,0.000246072714236156,1.1267255848324e-05,0.0005870911044914,1.35976367579005e-05,0.000401947759812948,0.000259851081963802,0.00014981167129946,-0.000324079230366259,4.09349496894862e-05,1.1267255848324e-05,-7.10764218014859e-05,7.56731310147529e-05,-0.000215033538723652,3.84741295098578e-05,0.000222840082008346,0.000472338699971431,-0.000362127729273354,-2.91387123239062e-05,0.00105153152628024,-0.000235411249187578,-7.34295977284916e-05,1.35976367579005e-05,-2.07966060177256e-05,0.000311810830698533,0.000414254874227638,0.000352633804673985,-0.000142388256842985,6.6847150428373e-06,6.25077347722325e-05,-0.000521976445923222,-0.000111600649222332,-0.000649485856188292,4.43168471697675e-06,0.000147317536352887,8.96309531484007e-06,2.07506557696746e-05,0.000263576432778301,-8.28721002763544e-05,-0.000201340309844866,0.000132757398176864,0.000354540233291623,-0.000398830801679573,-6.39312991035368e-05,-4.9649306046895e-05,0.000179944421762279,-0.000201340309844866,0.00363316501337607,0.000207514850001367,0.000114774510943327,-0.000551262581014456,0.00036363820349905,0,2.20358354852124e-06,-0.000143850123945022,0.000102326357295901,-0.000201340309844866,3.52421123617219e-05,-0.000285111996181975,0.000252185786657755,-0.0034517170707149,1.33605217289556e-06,0.000176433697760103,-0.000325670778518194,0,2.07506557696746e-05,-0.000114843954651889,0.000113836916614041
"20:16388535:T:C",-0.00160458669720409,-0.00329954178950942,-1.60121443997241e-05,2.07168089429999e-05,-0.00228813724057364,-0.00150443505250752,-1.86539763635807e-06,0.00308159128115548,1.60742138559655e-05,-0.00237508836908473,-2.42071953611145e-05,-1.60121443997241e-05,0.000319280910876518,1.67028418900372e-05,-0.00229339633618331,-1.9115902240685e-05,-1.33152597632247e-05,0.000107190714066618,-0.000106625883325329,1.80294449059204e-05,5.4195178956995e-05,-0.00296172503080028,-0.00171522141460922,-0.00263749551563652,-3.26591313077884e-05,1.67028418900372e-05,3.70183653872758e-05,-0.000269236052492516,-0.000679944772920216,-6.86062833210599e-05,-0.000104205080972974,-0.00034796216423949,-1.60121443997241e-05,-0.000118175813833332,-0.00147144094573415,7.82120870823633e-06,3.84240131419133e-05,4.27110363947492e-05,-0.000956161743256523,-0.00238416868248681,-0.0020541182729481,-0.000898565479632296,-0.00160718715719366,-0.00566156700924392,2.07168089429999e-05,2.07168089429999e-05,-2.54001185675534e-05,-0.00238416868248681,-0.00273075802862532,-0.00019143800986221,-0.000557663202845227,-2.7898569321394e-05,1.67028418900372e-05,-0.00175927687746569,-0.010381853053147,-2.04073802549942e-05,8.91307570647371e-05,5.4195178956995e-05,3.70183653872758e-05,-0.00172244974401625,-4.99513165017618e-05,-0.00154745180168536,3.75935518786008e-05,3.70183653872758e-05,-8.35817409301498e-05,3.84240131419133e-05,1.18917867490964e-05,-0.00131072219026063,6.79076641771914e-05,-2.04073802549942e-05,-4.8839317711824e-05,-6.78992602676232e-05,0.157585338816196,-0.00469056673226742,-0.000265258492745168,-0.000341176442711255,-0.000128815551800443,3.11835209618749e-05,-0.000722264086543412,-0.00357201656669037,3.70183653872758e-05,3.2869900082666e-05,-0.000104029176988263,-0.00286000270433995,-6.47375353075574e-05,-0.0033034904525211,-0.00168941736446815,-5.86829358617535e-06,3.59586724316685e-05,-0.000320609731752519,-0.000795383215255185,3.70183653872758e-05,4.41637889796453e-05,3.84240131419133e-05,3.70183653872758e-05,3.56242064354362e-05,-0.000388965768724603,-0.00404528672780735,2.53088985804339e-05,5.98238795666006e-05,-0.00162657006997957,1.67028418900372e-05,0.00015196488498681,-0.00176653979831087,-0.000722264086543412,3.56242064354362e-05,-6.47375353075574e-05,-0.0015957200921175,-0.00360058780657457,-8.47506271917098e-06,-0.000124994361106801,-1.7811702012871e-05,2.53088985804339e-05,-0.00158569884744519,-1.60121443997241e-05,5.27523513440542e-05,-0.00199759162000568,-1.60121443997241e-05,-9.53067977000899e-05,6.48852070650463e-06,-0.00125649268132078,-0.00273075802862532,-0.00155399248654309,0.000121009776697711,-0.00207628016417161,-0.00127491365516974,-0.00242670522729593,6.48852070650463e-06,-0.00239394259621628,3.98412641553492e-05,-0.00131288188561829,-0.00238416868248681,0.000135450739010778,4.76358389462916e-05,-7.85553289261998e-06,-1.60121443997241e-05,-0.000104029176988263,-0.00014292766479862,-0.00250314776756166,7.82120870823633e-06,-1.10338267038657e-05,-0.000174211657428813,2.503715191704e-05,-0.00231775590982553,-8.2584112492512e-05,3.85854529127982e-06,3.64301625692676e-05,-0.000310540450877639,-6.36622961867062e-05,-0.000692588222750423,-0.00199742179142959,0.00018345200412373,5.16767977298827e-06,1.18917867482082e-05,-0.0011852529605445,-4.65826262514568e-05,0.000908788510599834,-4.54651948711415e-06,-0.00181751948585163,-0.00213267306277931,-0.00276677565782801,-0.00122001921811998,-0.00222547066176304,0.000908788510599834,0.00037879949737718,-0.00199737847281689,-0.0013013725409774,-0.00191756875468307,-0.000537956082311553,0,1.27484176726256e-06,-0.000578230107107558,5.27523513440542e-05,0.000908788510599834,-0.00621495164685193,-0.00254688896590594,-0.00178442463993633,1.80294449059204e-05,-0.00306089299677392,-0.00221477459856079,-0.00606630282660525,0,-0.00160129528917174,-6.58020054622455e-05,-0.00216391906988722
"20:16391001:G:T",-5.80900561599762e-05,-0.00481074494430622,2.87601328707865e-05,-4.14821646712582e-05,-0.00666522899997446,-0.00429913158726603,-0.00156204418609374,-0.00490656018679836,-0.00174916805675895,-0.00481819897781666,3.91651944919857e-05,2.87601328707865e-05,-0.00089150077859701,-3.20258793911066e-05,-0.000228948844420707,-0.00139038266485958,0.000195440733588015,-0.000498166745517281,-0.00357973365957953,-3.5137490288939e-05,-0.000112658220857931,-0.000578599281778391,-0.000100280469910174,-0.00055116942673461,5.7322506823887e-05,-3.20258793911066e-05,-7.48671806620749e-05,-0.00328109215746153,-0.004576009676315,-0.00112740780483556,-0.0038059722296353,-0.00123579676433128,2.87601328707865e-05,-0.000492280541042334,-0.0037770015207963,-1.78352130868475e-05,-0.00129358836336824,-8.90960605701707e-05,7.62769302031785e-05,-4.14821646712582e-05,-0.001922472204682,-0.000401277524423982,-0.00013677563267489,-0.00482651600245099,-4.14821646712582e-05,-4.14821646712582e-05,-0.00514824213108422,-4.14821646712582e-05,-0.00337314200179151,0.000111716314886934,5.4827408003888e-05,4.71483146062823e-05,-3.20258793911066e-05,-0.000233814377058827,-0.00211420589957889,-0.00277950404580096,-0.000660267474956733,-0.000112658220857931,-0.00398390514587454,-0.000103780981016044,8.56828786828245e-05,-9.09746841344372e-05,5.71881394302309e-05,-7.48671806620749e-05,0.000135896063783392,-0.00129358836336824,-2.72913438017497e-05,-0.000101562222617702,-0.000143623584209607,-0.00277950404580096,8.33760951390872e-05,0.000113836916614041,-0.00469056673226742,0.2393052839483,-0.00193044919358343,-0.00426516474295147,-4.67218104382994e-05,-0.000895416858776699,0.000351934171534118,-0.000179016962982281,-7.48671806620749e-05,-6.4675652128976e-05,-0.00126248590408728,-0.00266731032272016,0.000107393617758689,-0.000575011162227135,-0.00305925087761594,6.27537410480272e-06,-0.00382035940539671,-0.00688818507700084,0.0003234956700231,-7.48671806620749e-05,-9.27737279319274e-05,-0.00129358836336824,-7.48671806620749e-05,-7.14257514982108e-05,0.000137882349791063,-0.00157364280578953,-0.00381343450674887,-0.00218167023362348,-0.000183312173806627,-3.20258793911066e-05,-0.00105404040130797,-0.000111934834631455,0.000351934171534118,-7.14257514982108e-05,0.000107393617758689,-0.00178253002505491,-0.00141439397234144,1.21180397192333e-05,-0.000914514651112697,-0.00277418964139642,-0.00381343450674887,-0.00234718912346921,2.87601328707865e-05,-0.000108910693413122,-0.000712132922724429,2.87601328707865e-05,-0.000279963379605341,-1.47655349689302e-05,-0.00150366315409478,-1.78352130868475e-05,-0.000461966854455653,-0.000284279518194097,-0.00016426095842359,-0.0018285473823525,-4.47168036217249e-05,-1.47655349689302e-05,-0.000521167713771309,-8.1887161752725e-05,-0.00222982040660469,-0.00354290970901339,-0.00193293379223558,-0.000962688132481127,-0.00168088430967739,2.87601328707865e-05,0.000165976106919707,-0.00588335100661475,-0.00456929777366533,-0.00289353076748444,1.7809256740442e-05,-0.00106875619686786,-0.00118501947728866,-0.00312631457232992,0.000133884232316639,-0.0030354561811512,-0.000189997328611469,-0.001383718332157,-0.00270878009136499,-0.00249674073564776,-5.79260678978955e-06,-0.000463635783249927,-1.17357144979735e-05,-0.00286090055048049,-0.000289394684806155,7.86736910578512e-05,-0.00591251819833438,-0.00455919794269199,-0.00154645251847896,-0.00343132376558053,5.32276575704316e-05,-0.00252102932259302,-0.001291541940315,-0.00591251819833438,8.56828786828245e-05,-0.000234688868603783,-1.0353347152936e-05,-0.0064369376451765,0.000235578743853715,0,-2.87784735242269e-06,-0.00157997371790497,-0.00437539041067314,-0.00591251819833438,-0.00452072800421321,0.000244268888191179,-0.00121222609121485,-3.5137490288939e-05,-0.000464294718098834,-0.00127476233963542,-0.00179943456153353,0,-2.72913438026379e-05,0.000109568720506381,-0.000124205768992525
"20:16396583:A:G",-0.00388512041753941,-0.00276617394516698,-1.76534838702835e-05,2.30930730182877e-05,2.62540076079176e-06,-0.000815686556087325,-0.00249155079704799,-0.000298807659033784,-0.00233524113173722,-0.000549828103721062,-2.66958855572597e-05,-1.76534838702835e-05,-0.000202207257793852,1.86193093325571e-05,4.80197549821426e-05,-0.00264597411508749,-0.000133655368300012,0.000124630166872031,-0.002312084834589,2.00964243592949e-05,6.13040619805716e-05,-0.000200125413693186,-0.00186206950428058,-0.00090471821920346,-3.58122316992393e-05,1.86193093325571e-05,4.15619004376921e-05,-0.00178747157736403,-3.20504900122032e-05,-0.00288698789456721,-0.00207037798602006,-0.000477160196115101,-1.76534838702835e-05,-0.00174837931678873,-0.000513039724274744,8.61928667905687e-06,4.31535830127672e-05,4.80197549821426e-05,-4.96688388649247e-05,2.30930730182877e-05,4.15619004376921e-05,-0.000979412948588276,-0.00175168578888307,5.03175101247422e-05,2.30930730182877e-05,2.30930730182877e-05,-0.00276216179333044,2.30930730182877e-05,8.61928667905687e-06,-0.000350994680375472,-3.45491024020816e-05,-3.06824729392474e-05,1.86193093325571e-05,-0.000244585708059297,-0.00015931559579041,-0.00252824702164656,0.000115245671884701,6.13040619805716e-05,4.15619004376921e-05,5.69000038819212e-06,-5.44842560188386e-05,-0.00169529124377465,-0.000152081750991684,4.15619004376921e-05,-9.03308871258446e-05,4.31535830127672e-05,1.31231337485715e-05,5.63740791079681e-05,-0.00143330597063773,-0.00252824702164656,-0.000482540317062075,-7.36777251848508e-05,-0.000265258492745168,-0.00193044919358343,0.155841879394655,-0.00141211525341944,-5.75068598696049e-05,-0.00220111892622565,-0.000887964467991331,9.46268257706606e-05,4.15619004376921e-05,3.687520864748e-05,-0.00584466842574116,-5.1438700596762e-06,-7.03372505608257e-05,-0.00181510917819683,-3.53591325126246e-05,-6.5904119104232e-06,-0.00235173862182636,-4.71853648562615e-05,-0.000960994342635857,4.15619004376921e-05,4.96728671262048e-05,4.31535830127672e-05,4.15619004376921e-05,3.99850731040985e-05,-0.000373549043752419,-4.30648490481467e-05,-8.24020315803864e-05,-0.00183378347470775,-0.000510674869338423,1.86193093325571e-05,0.000182751928406333,-0.00191265012596364,-0.000887964467991331,3.99850731040985e-05,-7.03372505608257e-05,-0.00420836189502261,8.81369382303987e-05,-9.43981455048259e-06,-0.000133655368300012,-0.00251158038963073,-8.24020315803864e-05,-0.000179056676018696,-1.76534838702835e-05,5.96456474744045e-05,-0.000193679062268082,-1.76534838702835e-05,-0.00213787289289868,7.1474537959304e-06,-0.000888140576209562,8.61928667905687e-06,-0.000329047654123116,0.000142115394238473,8.60936839641724e-05,-0.00252590448126178,2.46129950625118e-05,7.1474537959304e-06,-0.00238620289649916,-0.00222823359898872,-0.00147595450497207,2.30930730182877e-05,-0.000218668875417549,-0.000156504555365089,-0.00371947397865835,-1.76534838702835e-05,-0.00047295574795303,-0.000152216796629467,-0.00237661421150293,8.61928667905687e-06,-1.2232381790156e-05,-0.00123894188429308,-7.97699423671361e-05,-0.00105227448522216,-8.92855149290384e-05,4.24672475141108e-06,-0.00121877628209344,-0.000392913492274438,-6.92002158633187e-05,-0.00319409343913613,2.81742871077739e-06,-0.000494524886802239,5.69000038819212e-06,1.31231337476834e-05,0.000144011691098456,-0.000992061077638162,-0.00461823847851228,-5.14387006145256e-06,-0.00141115902221767,-0.000380959613335285,-0.000146673746296955,-0.00486151985855088,-0.00429397361152795,-0.00461823847851228,-5.44842560188386e-05,-0.00188401140665206,-0.00455228109967454,-0.0013442821813614,9.37132267342378e-05,0,1.40191756514696e-06,-0.00463592925180212,-0.00161649581675682,-0.00461823847851228,-0.0033215753829019,-0.00145817510926971,-0.00137623251591901,2.00964243592949e-05,3.39205778221441e-06,-0.00434435618441764,-0.000760108573802043,0,-6.17510096851959e-05,-0.000655140131010867,-0.00193044919358343
"20:16397151:G:A",-0.00083677704838081,-0.0040725489100466,0.000122261397928369,-0.00684801792661194,-0.00387196132749024,-0.00705633044542919,-0.00260902206793379,-0.00322133197394603,-0.00191237642750197,-0.00697617144100526,3.59922404902235e-05,0.000122261397928369,-0.00808585703952192,-0.000156305638336462,-0.00445702495663802,-0.0054570052898324,-0.00218354573562962,-0.00158121248945564,-0.00041681218043621,1.90678794353971e-05,-0.000819172429670445,-0.0124529523607899,-0.000299696257465065,-0.00859121603531587,-5.68334731765319e-05,-0.000156305638336462,-0.00162555207027637,-0.0166049095889331,-0.0015804474771417,-0.00490874433028265,-0.000550522956212607,-0.000163196171613311,-2.44975824550409e-05,-0.00212987105443441,-0.000953187877504647,-0.000829599384482904,-0.00122986798645819,-0.00149856387904368,3.24658314001525e-05,-0.00727488884033622,0.000176160337371556,-0.00297243038983686,-0.000414017365080177,0.000471522680328906,-0.00393026719536316,-0.000249348440351405,-7.83398502077759e-05,-0.00727488884033622,-0.000455439864061269,-0.00107400026926019,-0.00619602964899446,-0.000478179458063721,-0.000156305638336462,0.000319898696471643,-0.00598864495230922,-0.00464175293668179,-0.00505570295754998,-0.000819172429670445,-0.000197999183050079,-0.000650895422748654,7.98774453159012e-05,-0.00246598312569901,-0.00434683450460671,-0.00162555207027637,-0.0037546196531224,-0.00122986798645819,-9.34986247198566e-05,-0.00322918336566769,-0.000414357294608259,-0.00464175293668179,-0.000494861396469481,0.000326291854378269,-0.000341176442711255,-0.00426516474295147,-0.00141211525341944,0.491909954612868,-0.00210181574720636,-0.00332460812932966,-0.000602119166466242,-0.00194442657310656,-0.00203078427898795,0.000216643620219337,-0.00101887739521889,-0.00335447489916252,6.5836832546573e-05,-0.00170536495188189,-0.00508159681011255,-0.000170469609774848,-0.0107831500489013,-0.00149775376382699,-0.00147715218685773,-0.00162555207027637,-0.00100488355761597,-0.00122986798645819,-0.00203078427898795,-0.010225239228097,-0.00745348737948959,-0.00244902657656754,-0.000904559527542759,-0.00409254974200568,0.000396997900813822,1.79790936529756e-05,-0.00158706372085149,-3.64877772525141e-05,-0.000602119166466242,-0.010225239228097,-0.00296637937112987,-0.0112289590621222,-0.00153939512150947,-0.00114606802571071,-0.00239167117912586,-0.00665900569323963,-0.000904559527542759,-0.00501760910390603,-0.000226143407459745,-0.000399409555916996,9.7313655520459e-06,-2.44975824550409e-05,0.000169661486004724,-0.00213375671267801,-0.0148043137525553,-0.00425078365580323,-0.00338120913714324,-0.000356963976644309,-0.000758539352056165,-0.00678846286790957,-2.0663617355865e-05,-0.00213528135166285,-0.0117363410410531,-0.00109878617879922,-0.00395005278734128,-0.00153403595427726,-0.00103068519608218,-0.00357305025020427,-0.00860365719425138,-0.000226143407459745,-0.00356279293212935,-0.00229728502425042,-0.0111360793971702,-3.11804818426964e-05,-0.000184899551185502,-0.00201088606649424,-0.00389356695858778,-0.00461718328383887,-0.00229600874509828,-0.00204803431494671,-0.010097204754838,-0.000551428024335276,-0.0127724311997683,-0.00899138081021267,3.57094131775426e-06,-0.00170251243469366,-0.000650895422749542,-0.000282896227403295,-0.0023015513272755,-0.000126088753423126,0.000315028590194721,-0.00101873809410957,-0.00332360145323607,-0.00116634240295488,-0.000590727731480722,-0.00490232315856831,-0.000909173471880464,0.000315028590194721,0.000222027039599837,-0.00166879300841583,-0.00166215197631558,-0.00972742948296013,-0.00050115837101572,0,-0.0040501281813512,-0.00243657830771671,-0.00225383507645827,0.000315028590194721,-0.00623530433146557,-0.00167412781090004,-0.00228515103135729,-0.00518515915625972,0.000308276790401685,-0.000731504447925246,-0.00282492414245628,0,-0.00301139802157913,-0.00171642558201857,-0.00065569786858477
"20:16397236:G:A",-0.00215796450828343,-0.00359403301835304,8.47961752192816e-06,-1.36556646115338e-05,-0.00359488206429237,-0.00105647728380598,-0.00414187705990354,-0.000106178070445218,-0.00385887533102203,-0.00250505352242447,-0.00175018602939137,8.47961752192816e-06,-0.00351730148087803,-1.05429265984114e-05,-0.00164329176194311,-0.00207960640435445,-0.000353437456196204,-0.00189262076579411,-2.99867025841394e-05,-0.00142219218135065,-4.18897101734927e-05,-8.43543198003616e-05,-3.56739749909352e-05,-0.000727964479921184,-6.63421806201825e-05,-1.05429265984114e-05,-2.62470364456036e-05,-0.000660891021656784,-0.00129604567241604,-0.00736446839125371,-5.93777100910131e-05,-0.00402135502461753,8.47961752192816e-06,-0.00338811648122839,-0.0024765794187096,-3.79518683146784e-07,-0.00174340062534295,-0.00547151691662684,2.04056563024579e-05,-1.36556646115338e-05,-2.62470364456036e-05,-0.00931085248177688,-0.000769179850260926,-0.00046189262890195,-0.00169608219745765,-0.00664695956568551,1.96502394356202e-05,-1.36556646115338e-05,-5.28339052774385e-06,2.69842717726121e-05,-0.000212500156400175,-0.00172907199443895,-1.05429265984114e-05,-0.00123509569325631,-0.00187867170413369,-0.00667154694684768,-0.00236244728385104,-4.18897101734927e-05,-2.62470364456036e-05,-3.43823685078348e-06,2.2144227198595e-05,-0.00438234185284436,-0.00516903509916311,-2.62470364456036e-05,-0.00096617195585047,-0.00174340062534295,-0.00212731118765852,-3.73724940923026e-05,-0.000298623489066507,-0.00667154694684768,2.17269717568414e-05,-3.81089789600608e-05,-0.000128815551800443,-4.67218104382994e-05,-5.75068598696049e-05,-0.00210181574720636,0.340277939960334,-0.00160311342084007,-0.00362338302732468,-7.32076964986561e-05,-0.00313953600029038,-2.25115777858775e-05,-0.00517709868598715,-0.00213144059484094,2.63467040113596e-05,-0.000371328830795825,-0.000129095059612006,-0.00413028905161816,-0.0014976072201045,1.94633991901227e-05,-0.00338675585852588,-2.62470364456036e-05,-0.00530749809406394,-0.00174340062534295,-0.00313953600029038,-2.49736972852688e-05,-0.00486069541991174,-0.00442320244256145,-0.000405926839057713,-0.00640076410313384,-0.00105924866993057,3.54466964367361e-05,-0.00398233660344438,-4.07288909700654e-05,-0.00362338302732468,-2.49736972852688e-05,-0.00109943216026842,-0.00561605159680933,-0.0102924357750478,-0.00413389817480425,-0.00150334471075553,-0.00652628199147642,-0.000405926839057713,-5.13143071465549e-05,8.47961752192816e-06,-4.03502373247377e-05,-0.000413181947644503,8.47961752192816e-06,-0.000127511285175963,-0.00456217418854798,-0.00383958919645266,-0.00243393615434595,-0.00647940994308005,-0.000543620802371692,-0.00324948577547346,-0.00753440009976547,-0.00138287601969811,-0.00204982185130476,-0.00565311936584934,-0.00177199945678286,-4.48397889156738e-05,-0.00169608219745765,-0.00335136128631675,-0.00163689760638519,-0.00580613063664792,8.47961752192816e-06,3.385587992355e-05,3.6153878275158e-05,-0.00549869008207837,-3.79518683146784e-07,-0.00186362678860341,-0.000611805146676581,-0.00155861495890086,-0.000497612638294065,3.04154427208658e-05,-0.00217510889413219,-0.00283681496558597,-2.05262455734712e-05,-3.81086091039151e-05,-0.00740693300041917,2.9104434338123e-06,-0.00305971471594813,-0.00223584830562995,-3.06510187275677e-06,-0.000713012541655011,-0.00126980702416279,-0.00183509200951715,1.718641949644e-06,-0.00361417524668628,-0.000842213579693052,-0.00704147648535081,-0.00109439141807499,-0.000961489635759705,-0.00183509200951715,2.2144227198595e-05,-0.000147878185662975,-0.00558147884936222,-0.000779836022117841,-0.000194265133776739,0,-8.29459821716227e-07,-0.00399201954412476,-4.03502373247377e-05,-0.00183509200951715,-0.00117684784863403,-1.91286368051991e-05,-0.00480008981501001,-0.00142219218135065,-0.000960457522476865,-0.000219893089234091,-0.00482020678264039,0,-0.00377671025148452,2.66701330424723e-05,-0.00318663697440247
"20:16397370:T:A",-0.000302969076289017,-0.0158614237827353,-0.00058703015535233,-0.00370318541434678,-0.00897410446210589,-0.00686393268264762,-0.00293115497208873,-0.00415449815832236,-0.00282893908170401,-0.00145922326120695,-0.000877517566832964,-0.00058703015535233,-0.00372080458172253,0.000499410183008919,-0.0112896404907739,-0.00140102003392251,0.00104182381796658,-0.00371295798199345,-0.000230307765913373,-0.00169801407927128,-0.00096773323252286,-0.00482312934104634,-0.000369137954233878,-0.00348296041257079,0.000308041577261164,0.000499410183008919,-0.00522405757227418,-0.00938044084137424,-0.000175890780186982,0.000260460862340217,-0.000156145534024432,-0.00463588022320494,0.000154582241345125,-0.00263712114078007,0.0014822735501232,-0.000184351619806122,-0.000712097023609637,-0.00410593996585451,-0.0016929624591917,-0.00130310293781832,-0.00430311276048734,-0.00227164273077829,-0.00105303108190036,0.000619357378112362,-0.00130310293781832,-0.000259618407404183,-0.00106747923165695,-0.00130310293781832,-0.00296978096649969,-0.0031195869488565,0.0002863774466908,0.000219339978216659,0.000499410183008919,-0.00432335769423631,-0.000955271649264677,7.53098196213386e-05,-0.00226690203814695,-0.00096773323252286,-0.000480212749284448,-9.88142939304382e-05,0.000460351149126126,-0.00175244643229533,-0.000852078278104074,-0.00522405757227418,0.000706413107164572,-0.000712097023609637,-0.00160912913498734,-0.000580128252933854,-0.00170315135445875,7.53098196213386e-05,-0.00270934770148568,-0.00171277226078281,3.11835209618749e-05,-0.000895416858776699,-0.00220111892622565,-0.00332460812932966,-0.00160311342084007,0.372342553203787,0.000456467168330477,-0.000965834606049931,-0.00044989521673422,0.000326854520895203,0.000876096669132131,-0.00858634380184853,-0.00254988348718577,-0.0055600762213297,-0.00200205258126651,-0.00264492837101127,-0.00282262451777671,-0.00189175305920308,-0.000817130018430312,-0.00522405757227418,-0.00276255546046666,-0.000712097023609637,-0.00044989521673422,-0.0019800424007288,-0.00236920545503061,-0.00250144110960093,-0.000372480359359884,-0.000213061400745396,-0.00108127525154611,-0.000181064539071407,-0.00309429195389832,-0.00125157193403513,-0.00124872796106335,-0.0019800424007288,0.000552855349940096,-0.00348140552264287,-0.00104290885357727,1.17338483782703e-05,7.98132751889113e-07,-0.00278054333546507,-0.000372480359359884,-0.0022132260254164,0.000154582241345125,-0.00299622970748814,0.000780754712350173,0.000154582241345125,-0.00334958671561481,-0.000124497099139198,-0.000440801104784061,-0.000184351619806122,-0.00112612966238101,-0.00276376490350483,-0.00433737732638484,0.000632746949253082,-0.00353413885834275,-0.00015872790120941,-0.00476104280130807,-0.00728113427667232,0.000141316012836512,-0.000259618407404183,-0.0020198476636244,0.000218553204215155,0.000606225710262365,0.000154582241345125,-0.000485503384982877,-0.00191358005009246,-0.00342352818194014,-0.00246936100268424,6.08478839998483e-05,0.00107087797379979,-0.000218924285612765,-0.00292085277948972,-0.00306651795476753,-7.35322552189999e-05,-0.00117686198557276,-0.00086173732330419,0.00053269796884603,6.60361054456438e-05,-4.86417711051956e-05,-0.00433082641884797,-0.00155194936115333,-0.000916278969593343,-0.00404304010126921,-0.00777969587847238,-0.00233491131931807,-0.000388354600442398,-0.00193695106000025,-0.0102148253299807,-0.00525933061479478,-0.00279118095340714,-0.00161059420118903,-0.00233491131931807,-0.00104699521614116,-0.00341907722222246,-0.00274017343813782,-0.000621881104460265,-0.000713868694820263,0,-0.00321533253620387,0.000706413107164572,-0.000644442375016929,-0.00233491131931807,-0.00905483838464027,-0.00688875250120091,-0.00237151189481288,-0.00628781115858512,-0.00140515042966349,-0.000886092897271595,-0.00288643582826342,0,-0.007052845287288,-0.0060436329561453,-0.007703921904608
"20:16397874:T:C",-0.00348445643786377,-0.00122815907253138,-9.77168286402375e-05,0.000118046440144681,-0.00205002706843693,4.02608080265487e-05,-0.00770413125394409,-0.000680971102233308,-0.0073032801693973,-0.0106287083637682,-0.000169775540274308,-9.77168286402375e-05,-0.00244122247788292,0.000101769479501357,0.000246377713343904,-0.00808703812262213,-6.35870056013843e-05,-0.00570103431154756,0.000195479672748355,0.000107134362238526,0.000331273276876765,-0.00225985420077857,-0.0031961877598965,-0.00820308868620234,-0.000196705021493493,0.000101769479501357,0.00022138508050773,-0.000137136473335353,0.00127605084735993,-0.00179067124449173,0.000403055696936327,-0.000670371058846264,-9.77168286402375e-05,-0.00488430549663654,-0.00268742410293132,2.95689809828303e-05,0.000227526432038161,0.000246377713343904,-0.000660672186926448,0.000118046440144681,0.00022138508050773,-0.00227789106409571,-0.00316187669111301,-0.000786487801040181,0.000118046440144681,0.000118046440144681,-0.00202848555089741,0.000118046440144681,2.95689809828303e-05,-0.000395987433459588,-0.000192988082653223,-0.000181581484828719,0.000101769479501357,0.000667373852682118,-0.00425723074655338,-0.00786286516635304,-0.00171099435301647,0.000331273276876765,0.00022138508050773,-0.00117594764097628,-0.000296983494902925,-0.00343360104572366,-0.00425149959621862,0.00022138508050773,-0.000455050794439416,0.000227526432038161,4.51329370640963e-05,0.000311306864757555,0.000427511167668371,-0.00786286516635304,-0.00029382537041478,-0.000398571533414049,-0.000722264086543412,0.000351934171534118,-0.000887964467991331,-0.000602119166466242,-0.00362338302732468,0.000456467168330477,0.210434486985264,-0.0048759116492203,-0.00193775822249975,0.000203371596497526,-0.000602961849653028,-5.75639122848415e-05,-0.000479492487976962,-0.00355368220691599,-0.00254211827438411,-6.22341149068006e-05,-0.000212757020600307,-0.000805160973804675,0.00363630777966861,0.00022138508050773,-0.00119249257949328,0.000227526432038161,-0.00193775822249975,0.000215312928225408,-0.000267365279443155,-0.000580789673894078,-0.000748435004718218,-0.00929575320540277,0.000538185810738945,0.000101769479501357,-0.00478454498408887,-0.000308899411556318,0.00146391654654465,0.000215312928225408,-0.000390730694478592,-0.000296455365555115,-0.000767017333812348,-7.14125118390641e-05,-0.000710624351132338,-0.0037747494415985,6.12537233823929e-05,-0.00861579493306586,-9.77168286402375e-05,0.000324542389228633,-0.00057582194391248,-9.77168286402375e-05,9.88662134426832e-05,-0.00112649460864755,1.7836091970036e-05,2.95689809828303e-05,-0.0005300215171955,0.000827823323577448,0.000464952971383603,-0.00240679784668529,0.00012359571209597,-0.00112649460864755,-0.0018779104130644,-0.0012138204910368,-0.000543547660097232,0.000118046440144681,0.00146029642056344,-0.00156745817909165,-0.0021142890622885,-9.77168286402375e-05,0.000712618289635536,-0.000454218499878145,-0.00197280528902688,2.95689809828303e-05,-8.03810720917397e-05,-0.000672861911050759,-0.0011507080511528,-0.00498521981228661,0.000108194663481775,1.45334916688e-05,-0.000712280814017419,-0.000437477465091263,-0.000388057038677836,-0.00393643271851829,9.63447254775929e-06,-0.00366693381627936,-0.000936742477146701,4.51329370640963e-05,0.000837350596972541,-0.000287400867663656,-0.000705847168780416,-0.000817008252237628,-0.00227194252487983,-0.000688557917668753,-0.000281331063391121,-0.00171250852406235,-7.35971424932202e-05,-0.000705847168780416,-0.000296983494902925,-0.00459987249831784,-0.00128137707847475,-0.0006408099411086,-0.000456363173829466,0,4.79028044697571e-06,-0.000495437251678332,-0.00219240753667993,-0.000705847168780416,-0.000290974775285946,-0.000384026770430701,-0.00385907475682856,0.000107134362238526,-0.000296676055874023,-8.60252165830744e-05,-0.00168503765793737,0,-0.00250439250798351,-0.000393373988019974,0.000351934171534118
"20:16398608:A:G",-8.5340926262667e-05,-0.00111843763952724,4.16362250845737e-05,-6.04665969401452e-05,-0.00237381209913501,-0.000599847088988525,-6.63668813238871e-06,-0.0035221659247302,-5.61995708299179e-05,-0.00545242429087089,-0.000799807011501841,4.16362250845737e-05,-0.00393699132742054,-4.62573883242001e-05,-0.0048191185769646,3.79174134321758e-05,0.000288803864261666,-0.000517903950809639,-0.000128567972090821,-5.09366870593553e-05,-0.000162072879784425,-0.00573575683762861,-0.000145856899458785,-0.00266411428751478,8.32735938036677e-05,-4.62573883242001e-05,-0.000108224184548256,-0.00194375140158787,-0.00197792779516348,0.000149365918190369,-0.000221170222968858,-0.000779054093262843,4.16362250845737e-05,-0.000675075423661298,-0.00542329906411432,-2.705802952363e-05,-0.000113401146082381,-0.000129322809689469,0.000110138912282842,-0.00180232434217231,-0.000108224184548256,-0.00232630750678098,-0.00100017610819325,-0.000800730935135441,-6.04665969401452e-05,-6.04665969401452e-05,9.46136666728492e-05,-0.00180232434217231,-2.705802952363e-05,-0.00624558564618827,7.93976304818145e-05,6.74856249229805e-05,-4.62573883242001e-05,-0.000331874256447762,-0.00093351531621888,4.23021245801181e-05,-0.00481275833496042,-0.000162072879784425,-0.000108224184548256,-1.78184726902231e-05,0.000124910828568581,-0.000134295668923201,7.70617347116698e-05,-0.000108224184548256,0.000198683706923219,-0.000113401146082381,-0.000844058362393874,0.000436880236830639,-0.000205495752816809,4.23021245801181e-05,-0.0057184721381196,0.000166546619607466,-0.00357201656669037,-0.000179016962982281,9.46268257706606e-05,-0.00194442657310656,-7.32076964986561e-05,-0.000965834606049931,-0.0048759116492203,0.215693415219294,-0.000108224184548256,0.00211948850112975,0.000244018494615972,-0.00409937121538739,0.000156292713257677,-0.00152398311175173,-0.000152440629609174,7.18781974562432e-06,-0.00166554457438828,0.00010247882065606,-0.00442658362471615,-0.000108224184548256,-0.000134764405857801,-0.000113401146082381,-0.000108224184548256,-0.00080139834632309,0.000201887252383237,-0.000783814571030383,-0.00405479635836947,0.000253564745449353,-0.000261222519607252,-4.62573883242001e-05,-0.000272154731320917,-0.00016303937421025,-0.0048759116492203,-0.00080139834632309,0.000156292713257677,0.000135021546556757,-0.000876731350184734,1.61193322991693e-05,0.000288803864261666,-0.00191566155947509,-0.00405479635836947,-0.000617773231919472,4.16362250845737e-05,-0.000156564267684622,0.000389930628270641,4.16362250845737e-05,-0.00122249497009896,-2.24098803576211e-05,0.000136743145630724,-2.705802952363e-05,-0.00533194063467501,-0.000400128304143266,-0.000614631709526137,0.000412462694861837,-6.53193081889825e-05,-2.24098803576211e-05,-0.00951542827071172,-0.000118642429680627,-0.00203902347552631,-6.04665969401452e-05,-0.00503797390520866,-0.00232807946749602,0.00046825810436335,4.16362250845737e-05,0.000244018494615972,0.000320864472209692,-0.00940053109385275,-2.705802952363e-05,2.48327098999468e-05,0.0013860664451002,-0.00214116330713043,-0.00841108975807181,0.000195440987218021,-1.32827752885589e-05,-0.000146308619886071,-0.000508364461120792,0.00015279117678979,-0.00772193162368406,-8.8017817176933e-06,-0.0032169242140494,-1.78184726902231e-05,-4.13536268402126e-05,-0.000407320295072289,-0.00332534840861065,-0.00280255024592968,2.63769044739348e-06,-0.000599753524874735,-0.0088545212374429,-0.0025009589630649,-0.000525820636914531,-0.00353029937213289,-0.00280255024592968,0.000124910828568581,-0.00033488176258345,-0.000667936053598162,-0.00267397674060099,-0.00146051852276496,0,-4.37450962387231e-06,0.000198683706923219,-0.000156564267684622,-0.00280255024592968,-0.000992828565712145,-0.00197839152398149,-0.000456993036904052,-5.09366870593553e-05,-0.000898232099433294,-0.00229874780272521,-0.00611989413768388,0,-0.00205789354116259,-0.00325240505047386,-0.000529374234048419
"20:16400379:T:C",-3.47605806902962e-05,9.91379970338713e-05,1.7691803494202e-05,-2.50790646072474e-05,-0.000118452316524298,-0.000141807336319744,-0.00135905331704933,3.85524022314954e-05,-0.00124370057850509,-0.00393889417686033,-0.00292186844011155,1.7691803494202e-05,0.000154659998392148,-1.95545265011532e-05,-5.36475429102623e-05,-0.00147528339975889,0.000121440558363162,-0.000149149837064932,-5.16162409320842e-05,-2.13733578782183e-05,-6.81606334760332e-05,0.000133734720754397,-6.01444820791386e-05,-0.00230893162171952,3.53159438661876e-05,-1.95545265011532e-05,-4.53654902701217e-05,7.55559715903686e-05,-0.00241601267717773,-0.00161220280185148,-9.15782664971942e-05,-0.00282336414068496,1.7691803494202e-05,-0.000181743864107631,0.000372840312573786,-1.04280976964688e-05,-4.73967683412013e-05,-5.36475429102623e-05,4.73567397545338e-05,-2.50790646072474e-05,-4.53654902701217e-05,-0.000355548151528495,-0.00343828730221496,-0.00226525126766486,0.000283304858881728,-2.50790646072474e-05,4.38073527373462e-05,-2.50790646072474e-05,-1.04280976964688e-05,6.91103518626335e-05,3.38527972099101e-05,-0.00213527653657586,-1.95545265011532e-05,0.000484650167308587,-0.000209648967127052,-0.00135473985333245,-0.000201666201673056,-6.81606334760332e-05,-4.53654902701217e-05,-6.86545936190441e-06,5.28707469422685e-05,-5.38525676185841e-05,-0.00364010190341713,-4.53654902701217e-05,8.43162792971697e-05,-4.73967683412013e-05,-0.00331730845680944,-6.17052639553251e-05,-8.69327497001748e-05,-0.00135473985333245,5.1517453566241e-05,7.03545029221431e-05,3.70183653872758e-05,-7.48671806620749e-05,4.15619004376921e-05,-0.00203078427898795,-0.00313953600029038,-0.00044989521673422,-0.00193775822249975,-0.000108224184548256,0.131203461493277,-3.94218642831845e-05,0.000103033062575975,2.80097211113883e-06,6.65760424416462e-05,0.00075085830365218,-0.00119954288114688,-0.00312453636095178,-0.00180866092626797,4.44957436052107e-05,-0.00205450059237933,-4.53654902701217e-05,-5.57851329974213e-05,-4.73967683412013e-05,0.000977860265847674,-4.33595575852763e-05,8.54800738778749e-05,-0.000823674139136976,-2.1676316607433e-05,-0.00384719825782032,0.000489517766258274,-1.95545265011532e-05,-0.000233607338655517,-6.6902328030416e-05,-0.00193775822249975,-4.33595575852763e-05,6.65760424416462e-05,-9.73396725685305e-05,0.000413373678044948,-0.00309430952939937,0.000121440558363162,-0.00134373977395352,-2.1676316607433e-05,-0.000136317291922872,1.7691803494202e-05,-6.59816364070309e-05,-0.00210124895137564,1.7691803494202e-05,-0.000167195151258959,-0.00358750435904387,-0.000325019911350033,-1.04280976964688e-05,-0.00076200749888411,-0.000171250806153544,-9.88940884463219e-05,-0.00191383588591432,-2.6966789422822e-05,-8.63561512787214e-06,-0.00298939075461391,-0.000846557376865675,0.00011681374758421,-2.50790646072474e-05,-0.00246052177260836,-0.000152176366268186,-0.00184754521338704,1.7691803494202e-05,0.000103033062575975,0.000135366066396081,-0.00301255643676068,-1.04280976964688e-05,-0.00304164006871854,-0.000212792501728565,-0.00018943160698015,-0.00309348176067026,-0.00223916202200236,-5.11721772245011e-06,-0.000422516310287335,-6.79382667732042e-05,6.52853151565935e-05,-0.00174322451329623,-3.39048759556704e-06,6.23337596028506e-05,-6.86545936190441e-06,-1.59437907267801e-05,-0.000174195637494989,4.87607600483386e-05,0.000115669485154513,2.80097211113883e-06,-0.00602823411933784,-0.0031564507946209,-0.00376589277667261,-0.000305673188679911,-0.000122529053987463,0.000115669485154513,5.28707469422685e-05,-0.000140350363435182,8.60620923690547e-05,-0.00211717676675427,-0.0023557784969066,0,-1.6848761470456e-06,8.43162792971697e-05,-6.59816364070309e-05,0.000115669485154513,-0.0109106916844892,0.000154264309505159,-0.00644704758324899,-2.13733578782183e-05,-0.00141666176768496,-0.000119757369842155,-0.00124601466238161,0,-1.59437907267801e-05,6.78509587022091e-05,-7.48671806620749e-05
"20:16402655:G:A",-3.01795552770656e-05,-0.000348363237629989,1.5583353294879e-05,-2.18562957279289e-05,-0.000100794850960817,-0.00030791081646786,-4.89764190980679e-07,3.42212685451315e-05,-1.87635659214536e-05,-7.51058809411731e-05,2.18648926120224e-05,1.5583353294879e-05,-5.34276750476792e-05,-1.7091781562506e-05,-4.64930268586627e-05,1.61650979517702e-05,0.000109169612405147,-0.000127250406293022,-4.45916456808249e-05,-1.86616060666722e-05,-5.89935121428908e-05,-6.47428006690376e-05,-5.20236479246705e-05,0.000854742598723313,3.12104189488238e-05,-1.7091781562506e-05,-3.94218642831845e-05,-7.0807129948669e-05,0.000194042011473883,5.92197162170294e-05,-7.87699621724869e-05,0.000475729144971737,1.5583353294879e-05,-0.000154190796783027,0.000254384791704254,-9.04847668792286e-06,-4.11583411619176e-05,-4.64930268586627e-05,4.19959320572261e-05,0.000173953372519797,-3.94218642831845e-05,-9.30500902933673e-05,-6.99053969235308e-05,0.00018188919344464,-2.18562957279289e-05,-2.18562957279289e-05,3.90339374876092e-05,0.000173953372519797,-9.04847668792286e-06,6.1485620089563e-05,2.99215382408846e-05,2.59641338899996e-05,-1.7091781562506e-05,-0.000120235379672984,-0.000497266158830278,1.76160486828891e-05,0.000638922044292833,-5.89935121428908e-05,-3.94218642831845e-05,-5.96171788025401e-06,4.68814428815634e-05,-4.6496350301517e-05,3.33173700752809e-05,-3.94218642831845e-05,7.5256310442029e-05,-4.11583411619176e-05,-1.38181730111597e-05,0.00246595555928941,-7.50253103110055e-05,1.76160486828891e-05,4.56812248499361e-05,6.25966730982697e-05,3.2869900082666e-05,-6.4675652128976e-05,3.687520864748e-05,0.000216643620219337,-2.25115777858775e-05,0.000326854520895203,0.000203371596497526,0.00211948850112975,-3.94218642831845e-05,-0.012935426580083,9.22874938780183e-05,2.5914021897222e-06,5.92245122739143e-05,0.000313193774242215,-5.06295352620256e-05,4.10425118069213e-06,0.000161616392754915,3.9466021089396e-05,0.000185938447320844,-3.94218642831845e-05,-4.83142698630701e-05,-4.11583411619176e-05,-3.94218642831845e-05,0.00120125730100895,7.63016983151843e-05,-5.18755786362846e-05,-1.87635659214536e-05,0.000101016545713151,-9.5148763030295e-05,-1.7091781562506e-05,-0.000196769331133773,-5.77612039212028e-05,0.000203371596497526,0.00120125730100895,5.92245122739143e-05,3.94694847152266e-05,0.000191132417184825,7.07612558681348e-06,0.000109169612405147,1.16593771526396e-06,-1.87635659214536e-05,-0.000154949096375923,1.5583353294879e-05,-5.71441367256398e-05,0.000149928957497991,1.5583353294879e-05,0.000959453694183487,-7.49601251381904e-06,0.0002542070763214,-9.04847668792286e-06,0.000647187441182417,-0.000145769462158718,0.00044182262697845,0.000160763197810887,-2.3481808076653e-05,-7.49601251381904e-06,-0.000263974474587592,-4.29154458378989e-05,0.000105144920158118,-2.18562957279289e-05,0.000144392166471441,-0.000195813791180832,0.000181409662336485,1.5583353294879e-05,9.22874938780183e-05,0.000122069044254047,-0.000232937690823221,-9.04847668792286e-06,9.97833832716566e-06,-0.000179614897991343,-8.62475595626577e-05,5.91488151870934e-05,7.41986006405071e-05,-4.44527560539143e-06,-4.65051014550966e-05,-5.84539602925815e-05,5.80739983631062e-05,0.00028535523576867,-2.94637584996593e-06,0.000828157614741976,-5.96171788025401e-06,-1.38181730120479e-05,-0.000148184484201508,4.32387167110804e-05,0.00010391419237088,2.59140218705767e-06,-0.000210662985907106,0.000177841294279446,3.01168522280904e-05,-0.00011689096781442,-0.000104833717542441,0.00010391419237088,4.68814428815634e-05,-0.000119801500354733,-0.000244832095798841,0.000273565753876603,0.000133414119529718,0,-1.46471590767305e-06,7.5256310442029e-05,-5.71441367256398e-05,0.00010391419237088,5.40616001538652e-05,0.000139839844464085,-0.000156555795000735,-1.86616060666722e-05,-9.72756969019883e-06,-0.000102526917535428,-9.53031910810864e-06,0,-1.38181730120479e-05,6.03616421086528e-05,0.000491716776610751
"20:16403226:T:C",7.34748088300208e-05,-0.000568718049229311,-4.33211669559341e-05,5.60975201766567e-05,0.000218972123117389,-0.000140059838799722,-0.00384789087375115,-0.00612493628923971,-0.00473030001874886,-0.000863877448432859,-0.000533439535334246,-4.33211669559341e-05,0.000252576146548833,4.61283434463056e-05,0.000117932317162506,-0.0032379592275058,-0.00031155671109051,0.000325282003315941,-0.000787604430019684,4.94147717944315e-05,0.000153926201015508,-0.000958120643360871,0.000129560491195058,-6.01591604674212e-05,-8.70918315216684e-05,4.61283434463056e-05,0.000103033062575975,-0.000781418014529578,-0.000740340962273045,-0.000161491944622227,0.000195762610086803,0.000475608523327509,-4.33211669559341e-05,0.000390685841831662,-0.00184225655859027,-0.000844654197413419,0.000106695235853493,0.000117932317162506,-0.000121790162697977,5.60975201766567e-05,0.000103033062575975,-0.000253996811684587,-0.000704815687211813,-0.000551225879656947,5.60975201766567e-05,5.60975201766567e-05,-0.000665136153217283,5.60975201766567e-05,1.86997246940379e-05,-0.000173904167047212,-8.45152526354198e-05,-7.66104851024352e-05,4.61283434463056e-05,0.000310284848060505,-0.000622272682195835,-0.00256285363442821,5.76667398819453e-05,0.000153926201015508,0.000103033062575975,1.23268023672907e-05,-0.000131318182948981,-0.000685530297686476,-0.00183170550385547,0.000103033062575975,-0.000215527179253883,0.000106695235853493,-0.000791384094299019,0.000142274978499835,0.00019699467331602,-0.00256285363442821,-0.000128976157726335,-0.000176006524389649,-0.000104029176988263,-0.00126248590408728,-0.00584466842574116,-0.00101887739521889,-0.00517709868598715,0.000876096669132131,-0.000602961849653028,0.000244018494615972,0.000103033062575975,9.22874938780183e-05,0.104653035160607,-0.000673532798475485,-0.000169627718624277,0.000551340948950596,0.000674612863754476,-0.000667546913081907,-0.00593459053993417,-0.000116861631766163,-0.000551078387732495,0.000103033062575975,0.000121763924417095,0.000106695235853493,0.000103033062575975,9.94114927843626e-05,-0.000217427230240652,-0.000589621794967243,3.87155345364931e-05,-0.000800822433044246,0.000248475986059482,4.61283434463056e-05,0.000503061817534345,-0.000881614417053811,-0.000602961849653028,9.94114927843626e-05,-0.000169627718624277,-0.000355548877527312,0.00021860147747077,-0.000647492734016986,-0.00031155671109051,-0.00164462243430741,3.87155345364931e-05,-1.30255028505388e-05,0.00116108593544784,0.000149999149245517,-0.000446515925665913,-4.33211669559341e-05,0.000356899692955714,1.54953118087775e-05,-0.000466119057754177,1.86997246940379e-05,0.000883876590205723,0.00038005161644783,0.000218436494400898,-0.00585345125593761,5.94950712811126e-05,1.54953118087775e-05,0.000579424211471391,0.000110398698859093,-0.000329371071570606,5.60975201766567e-05,-0.000441136765697792,-0.00073924703547501,0.000890565682137634,0.00116108593544784,0.000320156107070702,-0.000353930442241079,0.000570999075626411,1.86997246940379e-05,-3.1907035006995e-05,0.00045244885825646,-0.000712611294837018,8.71931768671175e-05,-0.000213605285139806,9.19359656226248e-06,8.19861954273193e-05,-0.000779752418124779,-0.000167452807103174,-0.0125642417793168,-0.00120195963721237,-0.000577221535954742,1.23268023672907e-05,2.85345892523381e-05,0.000385247819948198,-0.000120177787279019,-0.000303111999123473,-0.000518702244560743,-0.0103815244035994,-0.000949732467748099,-9.86807109155663e-05,-0.00607092459727987,-0.000873543848193492,-0.000303111999123473,-0.000131318182948981,-0.00100073908137954,-0.00061872686434139,-0.000756388949950448,-0.000396058955550949,0,3.03076270835589e-06,0.0021505261516106,0.000149999149245517,-0.000303111999123473,-0.00130636208440205,-0.000436720016274705,-0.0033689073850498,4.94147717944315e-05,-0.000398111271515234,-0.000899210336021028,-0.00215181296958189,0,2.85345892523381e-05,-0.00017177803365076,0.000165976106919707
"20:16404871:T:C",2.33488015854988e-06,-0.00329541348158724,-1.82660711889326e-06,-8.19533861591282e-05,-0.00384743766689777,-0.00409708526758834,-0.00438927840103354,-0.00295055600213878,-0.00466453262084254,-0.000260336399047212,-0.00170932958149095,-1.82660711889326e-06,-2.71259017687875e-05,1.53015108850241e-06,-0.00287953794062634,-0.00410191141919825,-2.15376836445458e-05,-0.00144531404297688,-2.18288704534331e-06,1.63949465203928e-06,3.27225067664472e-06,-2.09574322318495e-05,-0.00475239440076347,-0.000545760939464124,-4.06803792074584e-06,1.53015108850241e-06,2.80097211113883e-06,-0.000122351714178848,-0.00594292398936869,-0.000263945443180091,-2.9297755875568e-05,-0.00152479447529608,-1.82660711889326e-06,-0.00153026856443272,-0.000625114861612541,8.14335017196299e-07,2.86402747384784e-06,3.03084530539621e-06,-0.00322121198929093,1.85122446705321e-06,2.80097211113883e-06,-7.6101937924733e-06,-0.00712076261007333,-0.00315748876311428,1.85122446705321e-06,1.85122446705321e-06,-0.000331345069636946,1.85122446705321e-06,-0.00217665633263842,-9.61570945356982e-06,-3.88527000438899e-06,-0.000151254785739852,1.53015108850241e-06,8.54221382518006e-07,-0.00837971397978254,-0.00204025538801655,-0.00652070965979457,3.27225067664472e-06,2.80097211113883e-06,5.49486128598176e-07,-6.73126537531488e-06,2.99789293656261e-06,-4.06479508860969e-05,2.80097211113883e-06,-0.00419190434200001,2.86402747384784e-06,-0.00206071562256405,3.20611666548842e-06,3.20344258941674e-06,-0.00204025538801655,-6.53370087899674e-06,-9.82340025057482e-06,-0.00286000270433995,-0.00266731032272016,-5.1438700596762e-06,-0.00335447489916252,-0.00213144059484094,-0.00858634380184853,-5.75639122848415e-05,-0.00409937121538739,2.80097211113883e-06,2.5914021897222e-06,-0.000673532798475485,0.22699087529825,-9.19809811339434e-06,-4.70427216292535e-05,-0.00217881089596617,-5.45148728825495e-07,-0.00409550797081337,-0.00285458073740585,-4.97961243874911e-05,2.80097211113883e-06,3.07850387137876e-06,2.86402747384784e-06,2.80097211113883e-06,2.73442768783383e-06,-1.29245361941699e-05,-0.00165896052005365,-0.00238995533301622,-8.31240627201524e-05,2.5440341691052e-06,1.53015108850241e-06,-0.00101752192125826,3.24981246802025e-06,-5.75639122848415e-05,2.73442768783383e-06,-0.00390093452075035,-0.00102942238096926,2.84993173504944e-06,-8.59287480281523e-07,-0.00491248656078547,-0.00202847367788461,-0.00238995533301622,-0.00457362635067238,-1.82660711889326e-06,3.25475764473282e-06,-0.000246246924112015,-1.82660711889326e-06,-1.32254535323284e-06,6.8280751186478e-07,-0.000295617651157265,8.14335017196299e-07,-0.000506877632918012,-1.94161814004445e-06,-0.00165584585634448,-0.00466398611960006,1.95340102671082e-06,-0.00220579176794544,-0.0010259567540416,2.92345498564828e-06,-0.00251055030798586,1.85122446705321e-06,-0.00140843569346316,-0.00117043814984363,-0.00433624257472687,-1.82660711889326e-06,-1.6895275659401e-05,-0.00454282237587389,-0.000310750075335431,8.14335017196299e-07,-1.17794829890272e-06,-0.000180760206966113,-0.000953276606074027,-0.000563578552004618,-1.24929649762962e-05,4.14460297193386e-07,-0.00189188304869603,-3.6433723629159e-06,-0.00348630617937129,-0.000221990766680946,2.77816030624933e-07,-0.000200000793000754,5.49486128598176e-07,1.19720567504089e-06,-2.24263652448542e-06,-0.00285398366969769,-0.000889504125356488,-3.89965995495345e-07,-1.14820341998723e-05,-0.0128570428183066,-0.00172868925591363,-0.00457349702112353,-2.94793445050345e-05,-0.000889504125356488,-6.73126537531488e-06,-0.00163161684783741,-0.000202409788650826,-0.0026098499117877,-2.9653171282007e-05,0,1.39636072482574e-07,-1.27092993214006e-05,3.25475764473282e-06,-0.000889504125356488,-0.0021078376425554,-0.00259437021447706,-0.00031909770371108,1.63949465203928e-06,-0.000579707461982437,-3.33569502926068e-05,-0.00674243468654101,0,-0.00206071562256582,-9.40726982978646e-06,-0.00266731032272016
"20:16407232:C:A",-0.000570912761134856,-0.00017554101091477,-2.77595479065695e-05,-0.000663886397305191,-0.000288678813791243,-0.00306374532108222,-4.81265688989652e-06,-6.66257397492487e-05,2.69170683111497e-05,-0.000275064329144037,-4.26247946601066e-05,-2.77595479065695e-05,0.000194828820353266,2.9645908089293e-05,7.6759412099392e-05,-3.45675016824032e-05,-0.000201041751505926,0.000208763229803566,6.9115202546044e-05,3.19134092405804e-05,9.92219446205311e-05,-0.0012193899592754,-0.00347672711618863,0.000497314060813991,-5.58811676780735e-05,2.9645908089293e-05,6.65760424416462e-05,-0.00412329370344278,-0.00167852719356176,-0.000116638632624344,0.000127560852470232,0.000306051433367038,-2.77595479065695e-05,0.000250360383199144,0.000193097451832713,1.3010740437025e-05,6.90801377043471e-05,-0.00158452621927108,-0.000611914284235127,3.65225144252079e-05,6.65760424416462e-05,0.000304187211336071,-0.00347540187685791,-0.00074505910808309,3.65225144252079e-05,3.65225144252079e-05,-8.07854890787496e-05,3.65225144252079e-05,-0.00126564741595292,-0.000111694286371034,-5.40495657368467e-05,-4.84325002112485e-05,2.9645908089293e-05,0.000198811061856041,-0.00207563547266965,-3.66165924416961e-05,-0.000889251259196477,9.92219446205311e-05,6.65760424416462e-05,8.57867336545581e-06,-8.4370060693395e-05,-0.00113748641445799,-7.29626729842892e-05,6.65760424416462e-05,-0.000138272598054989,6.90801377043471e-05,1.98462880653949e-05,9.13134695412765e-05,0.000126463540170541,-3.66165924416961e-05,-8.26835940772597e-05,-0.000113231525383561,-6.47375353075574e-05,0.000107393617758689,-7.03372505608257e-05,6.5836832546573e-05,2.63467040113596e-05,-0.00254988348718577,-0.000479492487976962,0.000156292713257677,6.65760424416462e-05,5.92245122739143e-05,-0.000169627718624277,-9.19809811339434e-06,0.105605402922129,0.000353659477315915,-0.00127926738378648,-1.13536692758487e-05,4.69919796701745e-05,-0.00076037801492479,-0.000543649029785875,6.65760424416462e-05,7.9376383007812e-05,6.90801377043471e-05,6.65760424416462e-05,6.40990286200349e-05,-0.000139687764654894,-0.000318036196386373,2.69170683102615e-05,-0.000202818080192735,0.000159275632813483,2.9645908089293e-05,0.00031946684930162,-0.00134627775744356,-0.000479492487976962,6.40990286200349e-05,-0.000108568085177119,0.000140180218942021,0.000142992490634875,-1.55925832014958e-05,-0.000201041751505926,-3.24945591971826e-05,2.69170683102615e-05,4.75875109167134e-05,-2.77595479065695e-05,-0.00257340489755631,-0.000745344459479824,-2.77595479065695e-05,-0.00151171624805446,1.07824854520544e-05,-2.22841025854237e-05,1.3010740437025e-05,-0.00072167513377952,-0.00476863822831319,-0.00163158767578597,-0.000817883565765065,3.88649278972863e-05,-0.00129561647477328,-0.00327985727099556,7.16117594921073e-05,-0.00086930431132437,3.65225144252079e-05,-0.00028146423589881,-0.00069902174538683,-0.000744794823511974,-2.77595479065695e-05,-0.000169627718624277,-0.00031194958986891,-0.0032133150848308,1.3010740437025e-05,-1.97378469808385e-05,-0.0026932973906888,-0.000887000991052211,-0.005168375926349,-0.000393032341753141,6.39890507692087e-06,5.99294554239904e-05,-0.00344920692141137,-0.0001069785401695,-0.00473513177571583,4.24279011923545e-06,-0.000134510141402089,-0.00134186264862191,1.98462880653949e-05,-0.00375549266670294,-7.92543007799296e-05,-0.000238019148018687,-9.19809811605887e-06,-4.8123948264589e-05,-0.00543095082661793,-6.08943173565635e-05,-0.000466478532757719,-0.00318601716010569,-0.000238019148018687,-8.4370060693395e-05,0.00019436238639603,-0.000160816533086638,-0.00529667779321485,-0.000254016387255973,0,2.10994640070794e-06,-0.000138272598054989,9.65571743458682e-05,-0.000238019148018687,-0.00583628343468234,0.000341743085015445,0.000113860104335117,3.19134092405804e-05,-0.00080832989443369,-0.00317680927572894,-0.00270145838264568,0,1.98462880653949e-05,-0.000110139902356643,0.000107393617758689
"20:16407508:C:T",-0.00170830226283858,-0.000114683389838,9.73524258816028e-05,-0.00307389869215768,-0.00158928624159671,-0.00542471751201834,-0.00317864299179771,-0.00866428705962097,-0.00300271189532619,-0.00196222085934528,-0.000493176012692054,9.73524258816028e-05,-0.00238656649194979,-0.000111859210981891,-0.000401673267844238,-0.00335329302815079,-0.000231215743573543,0.000784652600996694,-0.000358431911470447,-0.000125535424865042,-0.00118737457932205,-0.00602565134795707,-0.00318114441619777,0.00225195845171067,0.000193649288116049,-0.000111859210981891,-0.000271357310342779,-2.36454236679506e-06,-0.00875562845546973,-0.000105055920628594,-0.000589423465442884,-0.0021785457853305,9.73524258816028e-05,0.00142427946321266,-0.00192060612788847,-0.00133915228726789,-0.000286756806905153,-0.000387555430259923,-0.00232812335973787,-0.000254489641386968,-0.000532388603958545,0.000179857623064272,-0.00176480817010383,-0.00692954016105851,-0.00195382020413959,-0.00307389869215768,0.000171885992764409,-0.000254489641386968,-0.000100188496383602,-0.000746568907628031,-0.00108122798227228,-1.93588715262649e-05,-0.000111859210981891,-0.00154108454725055,-0.00287060008540907,-0.00311540999631799,-0.0122766514124688,-0.00118737457932205,-0.00115275874543563,-0.0016585389254038,0.000288867778409418,-0.00485863052195246,-0.000209507310061419,-0.000271357310342779,-0.0046136646693169,-0.000286756806905153,-0.000168619937048753,-0.00348480490763947,-0.00100582582450404,-0.00311540999631799,-0.000992840227211467,0.000382984580614476,-0.0033034904525211,-0.000575011162227135,-0.00181510917819683,-0.00170536495188189,-0.000371328830795825,-0.0055600762213297,-0.00355368220691599,-0.00152398311175173,0.00075085830365218,0.000313193774242215,0.000551340948950596,-4.70427216292535e-05,0.000353659477315915,0.310486116814648,-0.00637015572539834,-0.000288396145653458,-0.00148343375791216,6.71207273876817e-05,-0.00395821973530097,-0.000271357310342779,-0.00622406312452739,-0.000286756806905153,0.00075085830365218,-0.000977538500102959,-0.00395393985524439,-0.000920293901965241,-0.00269475412944065,-0.00329465884914448,-0.00203736556112588,-0.000111859210981891,0.00291490675829387,-0.0014254993143501,-0.00355368220691599,-0.000977538500102959,-0.00522293643427485,-0.00142198112237457,-0.000623161056696908,-0.00040229343971987,0.00065101307296267,-0.00493028698397335,-0.00269475412944065,-0.00110399921358262,9.73524258816028e-05,-0.000838815568800833,-0.00694898203452254,9.73524258816028e-05,-0.000238648380468831,-0.00169856872575469,-0.00196948469969449,-0.00584691354510891,-0.00239116686454599,-0.000938343499459648,0.00128145534189716,-0.00027184494453536,-0.00304853832866758,-0.00162572598286559,-0.00201403434949565,-0.00139094621572067,-0.000514421492464834,9.30108330692292e-05,-0.00317737203296087,-0.00561923342387693,-0.000279709187742228,9.73524258816028e-05,0.000551340948950596,-0.00038484601218336,-0.00299434421246891,-0.00160939123759452,-0.000718360132685447,-0.00223432064323514,-0.00567987060399933,-0.00693536592849764,-0.00299891025511734,-6.0557556293972e-05,-0.00669645750587122,-0.00452361668756751,-0.00559143666024831,-0.00162230118301077,-4.77408136534407e-05,-0.00109214413881009,-5.18897945704921e-05,-0.00160155655894023,-0.000840090986076625,-0.000199000669139693,-0.0040310642937218,-1.6545925846323e-05,-0.00120216588174138,-0.00501043068623463,-0.000138115040976494,-0.00240753839307351,-0.00374129580402194,-0.0040310642937218,-0.000277354611472269,-0.000306655418628843,0.000539394298333384,0.000854007708551485,-0.00503210237341367,0,-1.26823199879667e-05,-0.000392564736627854,-0.000556269805313647,-0.0040310642937218,-0.00477975143836096,0.000370147444537672,0.000327078163102179,-0.00105294762968455,4.55379670558642e-05,-0.00373875140849833,-0.00169311942615158,0,-0.000121375138706803,-0.00271306080060985,0.000985168637170908
"20:16408272:A:G",-0.00178762758705453,-0.000301028916997126,2.08211161947247e-05,-3.17001148193441e-05,-0.00269324328749132,-0.00711938422889036,-0.00172102298011634,-0.0025166424874481,-0.00120814796401447,-0.00234704716769141,-0.00417997455929964,2.08211161947247e-05,-0.00330755011244133,-2.44035066332415e-05,-7.07963857955463e-05,0.000127879132135078,-0.000496144505859775,-0.0052595405652438,-7.3635834928254e-05,-2.67905819821834e-05,0.000189019107225796,-0.0034191833509527,-0.000187812185824754,-0.000545165405711145,-0.000267454486888141,-2.44035066332415e-05,-0.00119954288114688,-0.00485104358626876,-0.00126702084988928,0.00174743305931457,-6.43696925317627e-05,-0.000546524952219407,-0.000295470784882568,-0.00725033697561539,-0.00379908991793432,-1.42221489500827e-05,-0.00638142216676574,-0.00176288611445141,-0.00158690188892852,-0.00304621129968297,-5.89466168747776e-05,0.000842666632783651,-0.000112234187350069,-8.11972659144899e-05,-0.00148738667643045,0.000252033534051677,-0.000400647960049128,-0.00304621129968297,-1.30710258137157e-05,-0.000777791200726519,3.87910316481666e-05,-0.00180225374163712,-2.44035066332415e-05,-0.00020647121066375,-0.00786975066997009,-0.000921375307904704,-0.00305527106203085,0.000189019107225796,-0.00348222779932961,-0.0024673465607794,-0.000240641037631661,-0.00361726553264319,-0.000319728017774246,-0.00119954288114688,8.82931759704775e-05,-0.00638142216676574,-0.000926788151788038,-8.1791933971509e-05,-0.000119279473798528,-0.000921375307904704,5.72873844246757e-05,7.56178363339188e-05,-0.00168941736446815,-0.00305925087761594,-3.53591325126246e-05,-0.00508159681011255,-0.000129095059612006,-0.00200205258126651,-0.00254211827438411,-0.000152440629609174,-0.00119954288114688,-5.06295352620256e-05,0.000674612863754476,-0.00217881089596617,-0.00127926738378648,-0.00637015572539834,0.276380370051783,-0.000717819944900278,-0.00224848322764837,5.00554664775166e-05,-0.00215571649531299,-0.00119954288114688,0.000214772131425178,-0.00638142216676574,-0.00119954288114688,-0.00297077419240388,-0.000942365074728002,-0.00234105374339988,-0.00210769306153313,-0.0111076297709811,-0.000156544275411896,-2.44035066332415e-05,-0.00461565699375033,0.000305357185485633,-0.00254211827438411,-0.00297077419240388,7.20755312668686e-05,-0.000797666814359665,-0.00102858373784898,-0.00458355265856358,0.000117774558068717,-0.000966775547285081,-0.00210769306153313,-0.00110158015645867,0.00182032951166811,0.00064473113575847,-0.00309500768859738,-0.000295470784882568,-0.000154629287751895,-0.00182967489747377,-0.00161336445072457,-0.000850250248561224,-0.000177067206863946,-0.0008961360669133,-0.000138340753442101,-0.00253980664452946,-0.000355743032594447,-1.07887056222111e-05,-0.00204986909781057,-6.47582424910809e-05,-0.0018020337336635,-0.000306910285415185,-0.00018383331770444,-0.000760360548946792,-0.00538434125636744,0.00182032951166811,0.000254461838804509,0.000127349786049002,-0.00193985824124532,-0.00240093970126942,-0.00208219166607915,-0.00359769650557773,-0.000309098992499202,-0.000783463369837367,-0.0127316962397721,-1.00263571294334e-05,-0.00143517201012155,-0.00519007982659314,7.08494377645863e-05,-0.000693071076752094,-0.00180307239869926,-0.00731706249803832,-0.00187300586858896,-0.000312528867291384,0.000597618644959219,-0.00146193716074006,-0.000520545177421283,-3.76746163501807e-05,-0.00576784908191375,-0.0021192214601129,-0.00201273580618988,-0.00052244724538042,-9.53188427512686e-05,-0.000520545177421283,5.86538083338084e-05,0.000128837150052519,-0.00151712893733347,-0.00196824880487156,0.000403823077925303,0,-0.00418919925207462,-0.000205908720054104,-0.00100626956145966,-0.000520545177421283,-0.00525374831830216,8.03977284808965e-05,-0.00492508615260245,-2.67905819821834e-05,0.000144398758424202,-7.28287245230774e-05,-0.00051135523954482,0,-2.01867879079387e-05,7.32785815360515e-05,-0.000101544910040552
"20:16410060:G:A",3.61248201308229e-06,-1.98459559621611e-05,-2.45053097280845e-06,2.77593303543711e-06,-0.000427678940799758,-0.000321162631273353,-1.23835841137065e-07,-6.10977791648537e-06,-0.00201437992979248,-0.00503023629632837,-0.000632935383603872,-2.45053097280845e-06,-5.58657094842374e-05,2.25792706753936e-06,5.09108147905835e-06,-0.00189823362245178,-2.49982869098275e-05,-0.00147024752315961,-2.66046103458706e-06,2.43174917891054e-06,5.97518711131784e-06,-0.000863136722723645,5.47817041507415e-06,-0.000409128612222531,-5.27466022415268e-06,2.25792706753936e-06,4.53995832305765e-06,-0.000296517340642843,-6.00371393719712e-05,-0.00169809658624676,-2.80226323257082e-05,-8.75715186756665e-05,-2.45053097280845e-06,-0.00155359656792076,-0.00368350132975381,1.16370434177782e-06,4.68114352081273e-06,5.09108147905835e-06,-7.54169295813512e-06,2.77593303543711e-06,4.53995832305765e-06,-0.000284769353520176,-0.00180770874934399,-5.32533683363923e-05,-0.00271868996536728,2.77593303543711e-06,-3.26488253419299e-05,2.77593303543711e-06,1.16370434177782e-06,-1.18316885364678e-05,-5.0502877497749e-06,-4.37402651254359e-06,2.25792706753936e-06,6.98941195764746e-06,-0.000107006951108879,-0.00203171622635789,-0.000341710089830194,5.97518711131784e-06,4.53995832305765e-06,7.78189431116516e-07,-8.47862353037243e-06,5.00020668958712e-06,-0.00363913805016836,4.53995832305765e-06,-1.53358271282045e-05,4.68114352081273e-06,-0.00180737787174667,5.6467134585958e-06,6.75401753724714e-06,-0.00203171622635789,-8.24579439218098e-06,-1.20687793758734e-05,-5.86829358617535e-06,6.27537410480272e-06,-6.5904119104232e-06,-0.000170469609774848,-0.00413028905161816,-0.00264492837101127,-6.22341149068006e-05,7.18781974562432e-06,-0.00312453636095178,4.10425118069213e-06,-0.000667546913081907,-5.45148728825495e-07,-1.13536692758487e-05,-0.000288396145653458,-0.000717819944900278,0.138459358465798,-0.000635056706240533,-7.06777384618107e-06,-5.43786153714976e-05,4.53995832305765e-06,5.22281128834123e-06,4.68114352081273e-06,-0.00312453636095178,-0.000511265402955097,-1.55759699786984e-05,-0.0060854940280981,2.29956608688298e-06,-0.00544675684204865,7.20749533389409e-06,2.25792706753936e-06,-0.00103793397761631,5.83897561590163e-06,-6.22341149068006e-05,-0.000511265402955097,-1.13536692758487e-05,-0.000754799804408179,-2.33468608978882e-06,-2.00177222531295e-06,-2.49982869098275e-05,-0.000563415446352522,2.29956608688298e-06,-0.00075283056866482,-2.45053097280845e-06,5.86866284191245e-06,-0.0028263214067028,-2.45053097280845e-06,-6.70864877880817e-05,-0.00212179410408275,-0.00042642459132658,1.16370434177782e-06,-0.00126973920081941,5.84268093284379e-06,-0.00168309287095525,-0.0029076639064689,2.94614158669049e-06,-0.00212179410408275,-0.00424743555937512,4.82013232439016e-06,-7.33800651593342e-05,2.77593303543711e-06,-3.81632179911051e-05,-0.000140630141650888,-0.00269200898067012,-2.45053097280845e-06,-1.99668167271128e-05,-2.93540482791954e-05,-0.00432648117323398,1.16370434177782e-06,-1.10257741701147e-05,3.10074941101135e-06,-6.81877580488432e-05,-0.00503836281620806,-1.50941295791185e-05,5.84446910423253e-07,-0.00324086637759535,5.80517960813154e-06,-1.11127492523622e-05,-0.000992325820672768,-0.00255739515065923,-0.000137675462578812,-0.00228201438034947,1.73605951392375e-06,5.69518215431941e-06,-7.77731393331038e-06,-2.36171764562698e-05,-4.59624619404408e-05,-0.00627784027742972,-0.000104700997536789,-0.00247396755709506,-0.00508372581129946,7.23012258418976e-06,-2.36171764562698e-05,-8.47862353037243e-06,-0.00137139263849662,-0.000196078603573291,-0.00125290010495149,-3.36181742177644e-05,0,1.95295263516471e-07,-0.000950323694164368,-0.00133473873683254,-2.36171764562698e-05,-0.00236097969879401,-9.89437885188238e-05,-0.00628375384805402,2.43174917891054e-06,8.61875697921732e-07,-0.00238276827773198,-0.000354785646994316,0,1.73605951392375e-06,-1.15933172208926e-05,-0.00165459884504582
"20:16410855:C:T",-0.000427827735551389,-0.00459306104600454,1.2859127548559e-05,-0.00736106705947304,-0.00401110190644749,-0.00761142785921587,-0.00366343974633354,-0.0027146562527216,-0.00270846101491173,-0.00700970242532994,-0.000259456172653216,1.2859127548559e-05,-0.00608838534827383,-3.00629784018014e-05,-0.00489587714359452,-0.00699310848051349,-0.00319662754203165,-0.00150345556595788,-0.000166721837123962,-9.27063433575626e-05,-0.000677489528258413,-0.0095574799410203,-0.000230378185408942,-0.00816030421367575,0.000125846911213756,-3.00629784018014e-05,-0.00154105112136715,-0.0115899537424653,-0.00126693341458051,-0.00513898008987423,-0.000271953254017188,-0.00174757566712769,6.63433836125549e-05,-0.00201796111323338,-0.00138016260269191,-0.000630230614129701,-0.00146569218060844,-0.000439407279372972,6.15511998489637e-05,-0.0067993667761046,9.62819158836226e-05,-0.00275765232920566,-0.000258520064217116,0.000294493177931621,-0.00367255099177122,-0.000369361282552383,-0.000278377387658679,-0.0067993667761046,-0.000358054023995358,-0.00109857348783038,-0.00587482296828767,-0.000277479066337349,-3.00629784018014e-05,-0.00123510064064147,-0.00694546710639976,-0.00755308766689256,-0.00494219397104212,-0.000677489528258413,-0.000175894674251609,-0.000841752283096575,0.000153155559326379,-0.00233110923897062,-0.00339747405776736,-0.00154105112136715,-0.0105591298214689,-0.00146569218060844,-0.000326646289130039,-0.00293836078494003,-0.000693149710083496,-0.00755308766689256,-0.000611274033362363,8.42218523162686e-05,3.59586724316685e-05,-0.00382035940539671,-0.00235173862182636,-0.0107831500489013,-0.0014976072201045,-0.00282262451777671,-0.000212757020600307,-0.00166554457438828,-0.00180866092626797,0.000161616392754915,-0.00593459053993417,-0.00409550797081337,4.69919796701745e-05,-0.00148343375791216,-0.00224848322764837,-0.000635056706240533,0.488210724784961,-0.00110880135642333,6.46030328681491e-05,-0.00154105112136715,-0.000755381446017722,-0.00146569218060844,-0.00180866092626797,-0.00112184264395587,-0.00824593166016196,-0.00296198718647922,-0.00035876062466178,-0.00396312654955189,0.000153995701755782,-8.27143649475559e-05,-0.00153938469582648,-0.000379345537368625,0.000191150450745692,-0.00112184264395587,-0.00966148726909566,-0.00820920129939573,-0.00221642210281425,-0.00273429295651262,-0.0021345097069112,-0.00570785699164755,-0.00035876062466178,-0.00207720522463184,-0.000276548473133964,-0.000736765982254362,0.000189839411426806,6.63433836125549e-05,-0.00498089396152546,-0.00186853315520619,-0.0123829839345349,-0.00276033364467754,-0.00330057203369627,-0.00149390758715739,-0.00119369255552781,-0.00285184372842862,-0.000159366787696236,-0.00039584300849338,-0.0124896484329367,-0.000895001177110721,-0.00404058097152227,-0.0015186248034702,-0.00028800601474499,-0.00325024992167666,-0.00811701627699701,-0.000276548473133964,-0.00367728590170913,-0.00182403128752062,-0.0117195745996197,-3.81308603891739e-05,-0.00119970320251372,-0.000890355994002778,-0.00362738193073975,-0.0044711764779195,-0.00288189235114888,-0.00192944282309959,-0.0104870653026734,-4.97053196828467e-05,-0.0133475397645828,-0.00655658739665643,-1.02592119954892e-05,-0.00217619075757636,-1.45005962242095e-05,-5.87546008956608e-05,-0.00256705708684901,-0.000369322118864979,0.000513318652942019,-0.000601131031340074,-0.00417677132680128,-0.00150273188974914,-0.000447420346619598,-0.00630368035991102,-0.000496941339212853,0.000513318652942019,9.25110051666067e-05,-0.00301141949061323,-0.00114292601345634,-0.0106801046020846,-0.000692141794614631,0,-0.00383304455534894,-0.00810195473968101,-0.00396736703699041,0.000513318652942019,-0.00763260639555696,-0.00158513535180971,-0.00277276931774306,-0.0054971766154992,-1.89231135117041e-06,-0.000792866064377229,-0.00204936563880054,0,-0.00172328413892231,-0.00172743704147837,-0.000999532176053197
"20:16412756:T:C",3.28992564293529e-05,-0.00261630276280211,-1.87163716427463e-05,-0.00237417096811399,0.000100341266722204,-0.00553128839294992,-2.4407441747698e-06,-0.000354214031694333,1.88398720073479e-05,-0.00506579439302257,-2.83144040347239e-05,-1.87163716427463e-05,-0.0044337637381755,1.98590555458011e-05,-0.00514372097522386,-2.2535407642188e-05,-0.000139262412827357,-0.00186655060557417,4.70627838788928e-05,2.14321368208203e-05,-0.00626554615116426,-0.00156121960944855,5.68376445295726e-05,0.000198058805092494,-3.78539724747995e-05,1.98590555458011e-05,4.44957436052107e-05,-7.84701586633574e-05,-0.00265083737208904,-7.84858027031987e-05,8.48777073105822e-05,-0.00206227452836938,-1.87163716427463e-05,-0.00192332283576668,-0.00142768700655971,9.12786068951732e-06,4.62059284007665e-05,5.1440803569669e-05,-5.24116472035985e-05,2.4625905441944e-05,-0.00440335107637058,-0.00244411361957653,7.40761009065949e-05,0.000105014518266167,2.4625905441944e-05,2.4625905441944e-05,-5.34805803198424e-05,2.4625905441944e-05,-0.00492078556219422,-7.62798598179515e-05,-3.65335883172335e-05,-0.00120152333676948,1.98590555458011e-05,0.000129483786344586,-0.00759921133829788,-2.40037075220911e-05,-0.00204283246484138,-0.00626554615116426,-0.00270792830511191,-0.00280033500522325,-5.74193180469251e-05,4.89192803430072e-05,-4.77427311063039e-05,4.44957436052107e-05,-9.47018782255782e-05,4.62059284007665e-05,1.39074651146487e-05,6.05593763340906e-05,8.34278436956382e-05,-2.40037075220911e-05,-5.61871478383935e-05,-7.74190490906435e-05,-0.000320609731752519,-0.00688818507700084,-4.71853648562615e-05,-0.00149775376382699,1.94633991901227e-05,-0.00189175305920308,-0.000805160973804675,0.00010247882065606,4.44957436052107e-05,3.9466021089396e-05,-0.000116861631766163,-0.00285458073740585,-0.00076037801492479,6.71207273876817e-05,5.00554664775166e-05,-7.06777384618107e-06,-0.00110880135642333,0.14462358062751,-0.000878133246794199,4.44957436052107e-05,5.32213978692297e-05,4.62059284007665e-05,4.44957436052107e-05,4.28025264112009e-05,-9.57659828859647e-05,-6.66935419033621e-05,-0.000134349572969761,-0.000138247018480087,0.000104434720343605,1.98590555458011e-05,-0.0013620436256776,6.24038448977515e-05,-0.000805160973804675,4.28025264112009e-05,-7.3964677856253e-05,-1.30176952435335e-05,-0.00171475536289467,-1.00716039259652e-05,-0.000252165469883714,-2.10509817062388e-05,-0.000134349572969761,-0.00473701291220685,-1.87163716427463e-05,6.40982498536502e-05,0.000123565346454413,-1.87163716427463e-05,0.000149226431182647,7.56741735408184e-06,-0.000365478098164118,9.12786068951732e-06,0.000149605629024663,0.000155753522302682,9.30031022408073e-05,-0.00116261123888073,2.62470647260926e-05,7.56741735408184e-06,0.000318731932276606,4.79333299496787e-05,-0.000142145718974085,2.4625905441944e-05,-0.00118202397423772,-0.000440992367786386,-0.00107958277630438,-1.87163716427463e-05,-0.000116861631766163,-0.00400959867894635,0.000336284237922868,-0.00170920761506732,-1.30130628201997e-05,0.000185281888885669,-0.000633025080147398,0.000253699497340776,-9.36261052180143e-05,4.4941950987365e-06,-0.00269706896644628,6.04924583207378e-05,-0.0041042961100235,-0.0081122721752056,2.98094191641951e-06,0.000100191623416457,6.02294197626918e-06,-0.00166146687641966,0.000157901074948619,-5.36835203819308e-05,-0.000134080112863089,-5.54185618195646e-06,-0.000897150092162846,-0.000937064658759645,-0.00137783249725665,-0.000888547842675891,0.000111492209214248,-0.000134080112863089,-5.74193180469251e-05,-0.00203166873099025,-0.000382184255316886,-0.0041038994029039,-0.000176514647051818,0,1.48295216018113e-06,-9.47018782255782e-05,6.40982498536502e-05,-0.000134080112863089,-0.000353245771654187,-0.00137472742048672,-0.000881928193574133,2.14321368208203e-05,-0.000596394892105501,0.00010935318876637,-0.000174927629390531,0,-0.00166146687641966,-7.51284679854081e-05,7.13893295012369e-05
"20:16413391:A:C",-0.00326528681485705,-0.00126177309125364,-8.91984198858609e-05,0.000108804954821906,-0.00239188190379824,-0.000220948140350785,-0.0072017412730947,-0.000754060089406039,-0.00680999329321352,-0.0138477328953601,-0.000152905505820478,-8.91984198858609e-05,-0.00303425890017017,9.30932400411422e-05,0.00022718866760929,-0.00757554513432623,-0.0001017645519239,-0.00606573813834554,0.000183521005619802,9.82720429565376e-05,0.000303786997078781,-0.00284864148270003,-0.00298656394253882,-0.00344611346686463,-0.000179642073817377,9.30932400411422e-05,0.000203218383224346,-0.000185727237584921,0.00139873424027304,-0.00146469040941177,0.000372244044276826,0.000363065578231847,-8.91984198858609e-05,-0.00526133984073063,-0.0032648038345422,2.87536275234146e-05,0.000209109012816455,0.00022718866760929,-0.000733588311934597,0.000108804954821906,0.000203218383224346,-0.00240951908603293,-0.00295426160716161,-0.00101120547656564,0.000108804954821906,0.000108804954821906,-0.00219472864815984,0.000108804954821906,2.87536275234146e-05,-0.000361676438127567,-0.000175951670140506,-0.000164626686781411,9.30932400411422e-05,-0.001959778212135,-0.000855430448100769,-0.00735146065241921,-0.00222072917636673,0.000303786997078781,0.000203218383224346,-0.00127506004935363,-0.000271349717333003,-0.00342367038561786,-0.00398499177296774,0.000203218383224346,-0.000510447839673134,0.000209109012816455,4.38860965390475e-05,0.000284737064978557,0.000391237758720742,-0.00735146065241921,-0.00026816505768501,-0.00036434047268763,-0.000795383215255185,0.0003234956700231,-0.000960994342635857,-0.00147715218685773,-0.00338675585852588,-0.000817130018430312,0.00363630777966861,-0.00442658362471615,-0.00205450059237933,0.000185938447320844,-0.000551078387732495,-4.97961243874911e-05,-0.000543649029785875,-0.00395821973530097,-0.00215571649531299,-5.43786153714976e-05,6.46030328681491e-05,-0.000878133246794199,0.219007330664142,0.000203218383224346,-0.00131080200405975,0.000209109012816455,-0.00205450059237933,0.000197393811046886,-0.000322844274403877,-0.00145050825296611,-0.00084916428546844,-0.008720308511597,0.000492298307995576,9.30932400411422e-05,-0.00508138938878933,-0.000202040206100484,0.00363630777966861,0.000197393811046886,-0.000356256816655076,-0.000570835374909873,-0.000899244065727167,-6.33849446662893e-05,-0.00065019893715057,-0.0035285337308899,5.95582615554591e-05,-0.00902103517508746,-8.91984198858609e-05,0.000297365473429956,-0.000462334283300336,-8.91984198858609e-05,0.000165181156053684,-0.0012258001917349,-1.36031365838285e-05,2.87536275234146e-05,-0.000739836990097942,-0.00109280797629729,0.000426785396911988,-0.00189314022864107,0.000114161052063189,-0.0012258001917349,-0.00170221839576268,-0.00133117769389024,-0.000445578021158077,0.000108804954821906,0.00160607307610494,-0.00135006030578655,-0.00159222900004519,-8.91984198858609e-05,0.00067875720576005,-0.000689488101665248,-0.00178012831695806,2.87536275234146e-05,-7.21857706205142e-05,-0.000472066592589471,-0.000964926597999849,-0.00592506015741279,-0.000177989034860992,1.41334542655969e-05,-0.00102890341943773,-0.000282649081476904,-0.000353500174868238,-0.00295886975860871,9.36943642315669e-06,-0.00740483874108655,-0.000767865835787696,-0.00335564841247393,0.000763802174125416,-0.000261686486418,-0.000643903048042738,-0.000908126015819022,-0.00176561210199999,-0.00151810764014115,-0.000258275284068077,-0.00255944062713986,1.23342673328253e-05,-0.000643903048042738,-0.000271349717333003,-0.00495811744259633,-0.00131229833255908,-0.00056088651955033,-0.00035266009976187,0,4.65857990850083e-06,-0.000452176244705171,-0.00231818741278289,-0.000643903048042738,-0.000513769872747982,-0.000374163648946713,-0.00306484333608825,9.82720429565376e-05,-0.00183391047787751,3.39128764181851e-07,-0.00232131773901001,0,-0.0022030114442888,-0.000358982059925239,0.0003234956700231
"20:16414648:T:C",-0.00140459581520069,9.91379970338713e-05,1.7691803494202e-05,-2.50790646072474e-05,-0.000118452316524298,0.000347351320087341,-7.44848640543694e-07,3.85524022314954e-05,-2.1676316607433e-05,-0.0035791111556831,2.46846678084722e-05,1.7691803494202e-05,-0.00364666090136367,-1.95545265011532e-05,-5.36475429102623e-05,1.81754753540986e-05,0.000121440558363162,-0.000149149837064932,0.00010873665006006,-2.13733578782183e-05,-6.81606334760332e-05,-0.00137820471258454,-0.00125943657374972,-0.000428870434356021,3.53159438661876e-05,-1.95545265011532e-05,0.000977860265847674,-0.00392983514778322,-0.000588739283748474,6.63776525051674e-05,0.000261645894197748,-0.000231309408434299,1.7691803494202e-05,-0.000181743864107631,-0.000204041265227772,-0.000246147825940568,-4.73967683412013e-05,-0.00106606592060832,4.73567397545338e-05,-2.50790646072474e-05,-4.53654902701217e-05,-0.000248260106495479,-0.0013015973182986,0.000198923349722158,-2.50790646072474e-05,-2.50790646072474e-05,-0.000185637716634268,-2.50790646072474e-05,-1.04280976964688e-05,6.91103518626335e-05,3.38527972099101e-05,2.93542092038024e-05,-1.95545265011532e-05,-0.000140664444217897,0.000202443401212449,1.98342797430584e-05,-0.00441614984567451,-6.81606334760332e-05,-4.53654902701217e-05,-6.86545936190441e-06,5.28707469422685e-05,-0.00136421995126312,3.73156361233029e-05,0.000977860265847674,8.43162792971697e-05,-4.73967683412013e-05,-1.59437907258919e-05,-6.17052639553251e-05,-8.69327497001748e-05,1.98342797430584e-05,5.1517453566241e-05,7.03545029221431e-05,3.70183653872758e-05,-7.48671806620749e-05,4.15619004376921e-05,-0.00162555207027637,-2.62470364456036e-05,-0.00522405757227418,0.00022138508050773,-0.000108224184548256,-4.53654902701217e-05,-3.94218642831845e-05,0.000103033062575975,2.80097211113883e-06,6.65760424416462e-05,-0.000271357310342779,-0.00119954288114688,4.53995832305765e-06,-0.00154105112136715,4.44957436052107e-05,0.000203218383224346,0.0830459359375277,-5.57851329974213e-05,-4.73967683412013e-05,-4.53654902701217e-05,-4.33595575852763e-05,8.54800738778749e-05,-0.00416418247799477,-2.1676316607433e-05,0.000112258549331834,-0.000110711512604666,-1.95545265011532e-05,-0.000233607338655517,-0.00118192673427497,0.00022138508050773,-4.33595575852763e-05,6.65760424416462e-05,-0.000499259795333273,-0.000104520766675442,7.95220988525358e-06,0.000121440558363162,1.64949829528638e-05,-2.1676316607433e-05,-4.56868689076018e-05,1.7691803494202e-05,-0.000613343821340706,0.000165173682026065,1.7691803494202e-05,-0.0010052811533372,-8.63561512787214e-06,-0.0001194223650689,-1.04280976964688e-05,-0.000712764078940609,8.9680568038375e-06,-9.88940884463219e-05,0.000176600498228652,-2.6966789422822e-05,-8.63561512787214e-06,-0.00182950932429193,-4.94538724780114e-05,0.00011681374758421,-2.50790646072474e-05,-0.00441704382668551,0.000130816958027857,0.000198413763950356,1.7691803494202e-05,0.000103033062575975,0.000135366066396081,-0.00184275132105771,-1.04280976964688e-05,1.12795477171801e-05,-0.00121672490754232,6.61364011627086e-05,-0.00733374476451853,8.31380713437468e-05,-5.11721772245011e-06,-0.00319182263405171,-0.0025821970308213,6.52853151565935e-05,-0.00147798126503229,-3.39048759556704e-06,-0.00279228388609631,-6.86545936190441e-06,-1.59437907267801e-05,-0.000160552833524008,4.87607600483386e-05,0.000115669485154513,-0.000272413319818199,-0.00132185574940102,0.000194243014420614,-0.00163917349618359,-0.000276515940334399,-0.00210400195106519,0.000115669485154513,5.28707469422685e-05,-0.000140350363435182,8.60620923690547e-05,-0.000183004684824795,0.000147516963412642,0,-1.6848761470456e-06,8.43162792971697e-05,-6.59816364070309e-05,0.000115669485154513,-0.000918956596306586,0.000154264309505159,-0.00148465763080718,-2.13733578782183e-05,-1.16340583016239e-05,-0.0020752736370877,-0.00184935622561877,0,-0.00138317372658747,6.78509587022091e-05,-0.00398390514587454
"20:16418628:A:T",-4.28529628520025e-05,-0.000649832332264566,2.13671921578396e-05,-3.07399956929189e-05,-0.000864959853106306,-0.0015526855264909,-1.30070764914336e-06,4.60256675385295e-05,-2.68909562004538e-05,0.000244265504790064,2.95418017808302e-05,2.13671921578396e-05,-0.00907104863427444,-2.38572010546889e-05,-6.62348494051557e-05,2.15812265187409e-05,0.000142838432011239,-0.0011404148628964,-0.0015590904922691,-2.61208558018922e-05,-8.42325404830646e-05,-0.00257543819915007,-7.4464264082863e-05,-0.00173523921377505,4.24732252479743e-05,-2.38572010546889e-05,-5.57851329974213e-05,-0.000791472944949412,8.68392707769061e-05,-0.00407837840143621,-0.00140223748272383,-0.00252871943431465,2.13671921578396e-05,-0.00126406760803199,-0.00189170708267739,-0.00169918420832982,-0.00312815452103798,0.000299551730299719,5.66751623942707e-05,-3.07399956929189e-05,-5.57851329974213e-05,-0.00318843028972893,-0.000101410244719879,-0.00152218431711226,-3.07399956929189e-05,0.000323463725160344,-0.00179765890920613,-3.07399956929189e-05,-1.28946781687844e-05,8.23993066312312e-05,4.06987208938503e-05,3.52324141470461e-05,-2.38572010546889e-05,-0.00017651047002154,-0.00700168607061613,2.36129935409224e-05,-0.00160639620133107,-8.42325404830646e-05,-0.0010952434044933,-8.48054358471018e-06,6.33130099636503e-05,5.41190635221511e-05,-0.00473087689362117,-5.57851329974213e-05,0.00010009934822186,-0.00312815452103798,-1.97466234599375e-05,-7.60387702953835e-05,-0.000107786494027096,2.36129935409224e-05,6.1686167504682e-05,8.38813527535009e-05,4.41637889796453e-05,-9.27737279319274e-05,4.96728671262048e-05,-0.00100488355761597,-0.00530749809406394,-0.00276255546046666,-0.00119249257949328,-0.000134764405857801,-5.57851329974213e-05,-4.83142698630701e-05,0.000121763924417095,3.07850387137876e-06,7.9376383007812e-05,-0.00622406312452739,0.000214772131425178,5.22281128834123e-06,-0.000755381446017722,5.32213978692297e-05,-0.00131080200405975,-5.57851329974213e-05,0.19028817001141,-0.00312815452103798,-5.57851329974213e-05,-5.32611075643175e-05,0.000101474995966022,-0.00623900173177683,-2.6890956201342e-05,-0.00437947561241003,-0.000137978900045965,-2.38572010546889e-05,-0.00153649322424521,-8.30538394298586e-05,-0.00119249257949328,-5.32611075643175e-05,7.9376383007812e-05,-0.0022818141054497,-8.72900285164846e-05,9.42386529700912e-06,0.000142838432011239,1.9520744047874e-05,-2.6890956201342e-05,-0.00100911190365061,2.13671921578396e-05,-8.14637223038872e-05,-0.00248367713387676,2.13671921578396e-05,-0.000211429450629907,-1.06726385640243e-05,-0.00454586304631555,-0.00014723821006779,-0.00417239865748265,-0.000215848534221408,-0.00128986802839037,-0.000213558810674641,0.000209409973727759,-1.06726385640243e-05,-0.00294968519050132,-6.09378299696317e-05,-0.00449320812493248,6.96969728277708e-05,-0.00172201724953247,-0.00408503820131134,-0.00152310449018955,2.13671921578396e-05,-0.00106354628861816,0.000158543120686083,-0.00299812012979483,-0.00169918420832982,1.35120340702954e-05,-0.000271211205881805,-0.00381555060184002,-0.00355114592976147,9.8705454017356e-05,-0.000588842729277061,-0.00080825884426261,-8.48498560399591e-05,7.78347306598093e-05,-0.00982005001199937,-4.18383548694834e-06,-0.000378790716478505,-8.48054358471018e-06,-9.36360197600905e-05,-0.000219742096381204,5.83676715235626e-05,-0.000704976134935364,-0.00199339677585808,-0.000384591392657008,-4.6938376506489e-05,4.0360794465677e-05,-0.00611926023973908,-0.000153773664997026,-0.000704976134935364,6.33130099636503e-05,-0.00267898357472607,-0.000695749133427626,-0.00333586561776755,-0.00161847421944916,0,-2.0780841358814e-06,-0.00358827288514529,-0.000899768720056926,-0.000704976134935364,-0.00306651550397374,-0.00431369441299179,-0.000295652108132316,-2.61208558018922e-05,-0.00426010578120284,-0.000150164938488295,-0.0029215883586291,0,-1.97466234617139e-05,8.0897777527511e-05,-0.00123062966783127
"20:16419537:C:T",-3.63320399694445e-05,-0.000747738587731916,1.8410388753054e-05,-2.61815351327854e-05,-0.000175334761821411,-0.00151643382277555,-8.42382520183094e-07,4.00212019551205e-05,-2.26820940651962e-05,-0.00215766129937744,2.56401306479859e-05,1.8410388753054e-05,-0.000270972659504487,-2.03947845598407e-05,-5.60969275715806e-05,1.88512330252522e-05,0.000125623363756766,-0.00015664299871343,-0.00162635518864995,-2.2299507535628e-05,-7.1293679952511e-05,-0.00220964001487278,-6.29277718342536e-05,-0.00497494381600649,3.67152184468367e-05,-2.03947845598407e-05,-4.73967683412013e-05,-0.00183975441022532,0.000217506235362208,6.8806753034778e-05,-0.00146180675676089,-0.00353493882733424,1.8410388753054e-05,-0.000191177091902084,-0.00078425058625875,-1.09041710389945e-05,0.00236646212455138,-5.60969275715806e-05,4.91812519713974e-05,-2.61815351327854e-05,-4.73967683412013e-05,-0.00165154999780093,-8.51700563311297e-05,0.00020472883945466,-2.61815351327854e-05,-2.61815351327854e-05,-0.0018804678847113,-2.61815351327854e-05,-1.09041710389945e-05,7.17087378783177e-05,3.51919562984193e-05,3.05066046335511e-05,-2.03947845598407e-05,-0.000147649288519069,-0.00070616732275397,-0.00266108273635801,-0.000170629735656291,-7.1293679952511e-05,-4.73967683412013e-05,-7.1772539369519e-06,5.49121539918929e-05,-0.00273732928841941,-0.00195376146542348,-4.73967683412013e-05,8.74030730093622e-05,0.00236646212455138,-1.66775245142858e-05,-6.45028580432694e-05,-9.10002066589755e-05,-0.00266108273635801,5.35060502127038e-05,7.29988115573121e-05,3.84240131419133e-05,-0.00129358836336824,4.31535830127672e-05,-0.00122986798645819,-0.00174340062534295,-0.000712097023609637,0.000227526432038161,-0.000113401146082381,-4.73967683412013e-05,-4.11583411619176e-05,0.000106695235853493,2.86402747384784e-06,6.90801377043471e-05,-0.000286756806905153,-0.00638142216676574,4.68114352081273e-06,-0.00146569218060844,4.62059284007665e-05,0.000209109012816455,-4.73967683412013e-05,-0.00312815452103798,0.0872025235832643,-4.73967683412013e-05,-4.52908494983362e-05,8.86077416391018e-05,-0.000656842635899046,-2.26820940651962e-05,1.88258408826414e-05,-0.000116028729646445,-2.03947845598407e-05,-0.000246201231225207,-0.00297965974309555,0.000227526432038161,-4.52908494983362e-05,6.90801377043471e-05,-0.000272457801221648,0.00230578966728867,8.24549596423196e-06,0.000125623363756766,-0.00265335985742965,-2.26820940651962e-05,0.000470556027340585,1.8410388753054e-05,-6.90008915338325e-05,-0.00176167401279415,1.8410388753054e-05,-0.00338854118373444,-9.0288231184843e-06,-8.52136801778869e-05,-1.09041710389945e-05,2.69386632947288e-05,-0.000347551073894614,-0.000103617920562904,-0.001797806318244,-2.81597606299755e-05,-9.0288231184843e-06,-0.001623675184387,-5.16904851250999e-05,0.000120781520589475,-2.61815351327854e-05,0.000164238099126912,0.000135137639414751,-0.001663225713739,1.8410388753054e-05,0.000106695235853493,0.000139897671590283,-0.00160004370748901,-0.00275802664874725,1.1719605673477e-05,-0.00118866477107726,6.84741702592362e-05,-0.000438317116791431,8.61832604970303e-05,-5.34901708704183e-06,-9.77753759059397e-05,-0.00159071393092258,6.7741003501709e-05,-0.00288740515751407,-3.54367719257453e-06,0.00094268684620058,-7.1772539369519e-06,-0.00272146904964199,-0.000517239014971693,5.06409314580125e-05,0.000626310356622639,2.86402747118331e-06,-0.00168323732389997,-0.000104579581023501,3.51655778665361e-05,-0.00338953947903331,-0.000908588860689008,0.000626310356622639,5.49121539918929e-05,-0.000147391582311585,-1.17342927818953e-06,2.16901042815465e-05,0.000152321685962242,0,-1.76080958969038e-06,8.74030730093622e-05,-6.90008915338325e-05,0.000626310356622639,-0.000344936702653342,-0.00198190591618008,-0.000225516205231813,-2.2299507535628e-05,-0.000238327265226879,-0.000885704161610157,-0.00573214162638003,0,-1.6677524515174e-05,7.04026132964941e-05,-7.83540189566168e-05
"20:16421278:C:T",-3.47605806902962e-05,9.91379970338713e-05,1.7691803494202e-05,-2.50790646072474e-05,-0.000118452316524298,-0.000141807336319744,-0.00135905331704933,3.85524022314954e-05,-0.00124370057850509,-0.00393889417686033,-0.00292186844011155,1.7691803494202e-05,0.000154659998392148,-1.95545265011532e-05,-5.36475429102623e-05,-0.00147528339975889,0.000121440558363162,-0.000149149837064932,-5.16162409320842e-05,-2.13733578782183e-05,-6.81606334760332e-05,0.000133734720754397,-6.01444820791386e-05,-0.00230893162171952,3.53159438661876e-05,-1.95545265011532e-05,-4.53654902701217e-05,7.55559715903686e-05,-0.00241601267717773,-0.00161220280185148,-9.15782664971942e-05,-0.00282336414068496,1.7691803494202e-05,-0.000181743864107631,0.000372840312573786,-1.04280976964688e-05,-4.73967683412013e-05,-5.36475429102623e-05,4.73567397545338e-05,-2.50790646072474e-05,-4.53654902701217e-05,-0.000355548151528495,-0.00343828730221496,-0.00226525126766486,0.000283304858881728,-2.50790646072474e-05,4.38073527373462e-05,-2.50790646072474e-05,-1.04280976964688e-05,6.91103518626335e-05,3.38527972099101e-05,-0.00213527653657586,-1.95545265011532e-05,0.000484650167308587,-0.000209648967127052,-0.00135473985333245,-0.000201666201673056,-6.81606334760332e-05,-4.53654902701217e-05,-6.86545936190441e-06,5.28707469422685e-05,-5.38525676185841e-05,-0.00364010190341713,-4.53654902701217e-05,8.43162792971697e-05,-4.73967683412013e-05,-0.00331730845680944,-6.17052639553251e-05,-8.69327497001748e-05,-0.00135473985333245,5.1517453566241e-05,7.03545029221431e-05,3.70183653872758e-05,-7.48671806620749e-05,4.15619004376921e-05,-0.00203078427898795,-0.00313953600029038,-0.00044989521673422,-0.00193775822249975,-0.000108224184548256,0.000977860265847674,-3.94218642831845e-05,0.000103033062575975,2.80097211113883e-06,6.65760424416462e-05,0.00075085830365218,-0.00119954288114688,-0.00312453636095178,-0.00180866092626797,4.44957436052107e-05,-0.00205450059237933,-4.53654902701217e-05,-5.57851329974213e-05,-4.73967683412013e-05,0.131203461493277,-4.33595575852763e-05,8.54800738778749e-05,-0.000823674139136976,-2.1676316607433e-05,-0.00384719825782032,0.000489517766258274,-1.95545265011532e-05,-0.000233607338655517,-6.6902328030416e-05,-0.00193775822249975,-4.33595575852763e-05,6.65760424416462e-05,-9.73396725685305e-05,0.000413373678044948,-0.00309430952939937,0.000121440558363162,-0.00134373977395352,-2.1676316607433e-05,-0.000136317291922872,1.7691803494202e-05,-6.59816364070309e-05,-0.00210124895137564,1.7691803494202e-05,-0.000167195151258959,-0.00358750435904387,-0.000325019911350033,-1.04280976964688e-05,-0.00076200749888411,-0.000171250806153544,-9.88940884463219e-05,-0.00191383588591432,-2.6966789422822e-05,-8.63561512787214e-06,-0.00298939075461391,-0.000846557376865675,0.00011681374758421,-2.50790646072474e-05,-0.00246052177260836,-0.000152176366268186,-0.00184754521338704,1.7691803494202e-05,0.000103033062575975,0.000135366066396081,-0.00301255643676068,-1.04280976964688e-05,-0.00304164006871854,-0.000212792501728565,-0.00018943160698015,-0.00309348176067026,-0.00223916202200236,-5.11721772245011e-06,-0.000422516310287335,-6.79382667732042e-05,6.52853151565935e-05,-0.00174322451329623,-3.39048759556704e-06,6.23337596028506e-05,-6.86545936190441e-06,-1.59437907267801e-05,-0.000174195637494989,4.87607600483386e-05,0.000115669485154513,2.80097211113883e-06,-0.00602823411933784,-0.0031564507946209,-0.00376589277667261,-0.000305673188679911,-0.000122529053987463,0.000115669485154513,5.28707469422685e-05,-0.000140350363435182,8.60620923690547e-05,-0.00211717676675427,-0.0023557784969066,0,-1.6848761470456e-06,8.43162792971697e-05,-6.59816364070309e-05,0.000115669485154513,-0.0109106916844892,0.000154264309505159,-0.00644704758324899,-2.13733578782183e-05,-0.00141666176768496,-0.000119757369842155,-0.00124601466238161,0,-1.59437907267801e-05,6.78509587022091e-05,-7.48671806620749e-05
"20:16422141:T:C",-3.32116546175598e-05,-0.00378383149209327,1.69811899768391e-05,-2.39908817487589e-05,-0.000989889936546362,-0.00136208493685697,-0.00119789572509621,3.70962409208531e-05,-0.0026645852723588,-0.00147237918483345,-0.00351388125508656,1.69811899768391e-05,-0.00595935629790301,-1.87240526248189e-05,-5.12308553899388e-05,1.75025069442114e-05,-0.00205338075429218,-0.000141754605810007,-4.92378350998024e-05,-2.04584590468571e-05,-6.50667375765579e-05,-0.00348999240535797,-5.73998834179079e-05,-0.00210130953869214,3.39322234479411e-05,-1.87240526248189e-05,-4.33595575852763e-05,-0.00315689745036885,0.000205645080078476,6.39702842928358e-05,-8.7248606559065e-05,-0.000810148186351611,1.69811899768391e-05,-0.000172436722080782,-0.0044485591531469,-9.9602489340711e-06,-4.52908494983362e-05,-5.12308553899388e-05,-0.00314545638391373,-0.00273994240782027,-4.33595575852763e-05,-0.00138088113639334,-0.000580137429716743,0.000193182283251936,-2.39908817487589e-05,-2.39908817487589e-05,-0.00356964629183576,-0.00273994240782027,-9.9602489340711e-06,6.65406839992499e-05,3.25281634037111e-05,2.8213105354169e-05,-1.87240526248189e-05,-0.000133768285099478,-0.0033998876064496,1.90907640673643e-05,-0.0102210844065009,-6.50667375765579e-05,-4.33595575852763e-05,-6.55901922375079e-06,5.08520765594156e-05,-5.1361535394534e-05,3.59772906151079e-05,-4.33595575852763e-05,8.12632523077284e-05,-4.52908494983362e-05,-0.000519086045570383,-0.000450872735275887,-8.29150479182417e-05,1.90907640673643e-05,4.95506872892904e-05,6.77397026747073e-05,3.56242064354362e-05,-7.14257514982108e-05,3.99850731040985e-05,-0.010225239228097,-2.49736972852688e-05,-0.0019800424007288,0.000215312928225408,-0.00080139834632309,-4.33595575852763e-05,0.00120125730100895,9.94114927843626e-05,2.73442768783383e-06,6.40990286200349e-05,-0.000977538500102959,-0.00297077419240388,-0.000511265402955097,-0.00112184264395587,4.28025264112009e-05,0.000197393811046886,-4.33595575852763e-05,-5.32611075643175e-05,-4.52908494983362e-05,-4.33595575852763e-05,0.142807503716642,8.23868863424337e-05,-0.00148177366761271,-2.06882430431321e-05,0.00010847542178638,-0.000105459910299643,-1.87240526248189e-05,-0.000221172709079731,-6.38113906221704e-05,0.000215312928225408,0.00121404784285506,6.40990286200349e-05,3.26436378745854e-05,-0.00108108158290054,-0.00368563585030568,0.00011730451497538,-4.26065998135883e-05,-2.06882430431321e-05,-0.00017851840810934,1.69811899768391e-05,-6.29995425933672e-05,0.000160036182700551,1.69811899768391e-05,0.000894323895034077,-8.24917978103912e-06,-0.000245746364385013,-9.9602489340711e-06,-0.00293038611194252,0.000178196952261622,-0.000829859472585071,0.000171264118123737,-2.57896781246103e-05,-8.24917978103912e-06,-0.00082155822063168,-4.7246194126771e-05,0.000112885426189813,-2.39908817487589e-05,0.000154208432602054,-0.00348116173129309,0.000192682914990527,1.69811899768391e-05,9.94114927843626e-05,0.00013088464228872,-0.00079411925857098,-9.9602489340711e-06,-0.00363312779824732,-0.000201583456957088,-0.00320219249625175,-0.000489063777433074,8.0125918404228e-05,-4.88938735365707e-06,-0.00377983438467311,-6.4724178576725e-05,6.28558606665663e-05,-0.00132249494740133,-0.0016064807989693,-0.00200966109858669,-6.55901922375079e-06,-1.52228500454044e-05,-0.000165419536494404,4.69005421033231e-05,-0.00259080764238284,2.73442768605747e-06,-0.000237802364825512,-0.000358862121398573,3.26231214033967e-05,-0.0115479767184903,-0.000116546651617533,-0.00259080764238284,5.08520765594156e-05,-0.000133406246100698,-0.00292656699458949,0.000286356295720935,0.000142764691688058,0,-1.61023537437188e-06,8.12632523077284e-05,-6.29995425933672e-05,-0.00259080764238284,-0.0012081315528647,-0.00148156839093883,-0.000175832525686204,-2.04584590468571e-05,-1.09762244813183e-05,-0.000113932882913836,-0.00476213647536117,0,-1.52228500454044e-05,6.53272134591987e-05,-0.000777719310200986
"20:16422219:A:G",-0.000874171157347448,-0.00117242301531917,-3.5740978083787e-05,4.66893247255129e-05,-0.00438500957187404,-0.00310370395704407,-7.52887115140766e-06,-0.000346005060771759,3.32862766319053e-05,-0.00339369106076415,-5.56768201311897e-05,-3.5740978083787e-05,0.000137159680647869,3.81469132699763e-05,9.82034834784429e-05,-4.58282548647659e-05,-0.000257229105439016,0.00026962165075517,8.72441084132092e-05,4.09631624984641e-05,0.000127621835532388,-0.00322900152087779,-0.000956960815592822,-0.00714978381643405,-7.18669632417956e-05,3.81469132699763e-05,8.54800738778749e-05,-0.0015342238119791,-0.00110939388502018,-0.00015182269734737,0.000163236384063126,0.000395392576561626,-3.5740978083787e-05,-0.00396300556820606,-0.00139795359243511,1.60802914956903e-05,8.86077416391018e-05,9.82034834784429e-05,-0.000100067079997324,4.66893247255129e-05,8.54800738778749e-05,-0.00754167803821204,-0.000829204468498546,-0.000758011650025203,4.66893247255129e-05,4.66893247255129e-05,-0.000106240480839404,4.66893247255129e-05,1.60802914956903e-05,0.000425985411279584,-6.96309922476601e-05,-6.2771865422917e-05,3.81469132699763e-05,0.000256944536483061,-0.00050567625381337,-4.83334777241495e-05,-0.00261453049049365,0.000127621835532388,8.54800738778749e-05,1.06006904196931e-05,-0.000108383289040503,-0.000799704851455196,-0.00526437785324241,8.54800738778749e-05,-0.000177609148801494,8.86077416391018e-05,2.45353169274765e-05,0.000117698766926466,-0.00373554552723121,-4.83334777241495e-05,0.000312398006523829,-0.000145295387250499,-0.000388965768724603,0.000137882349791063,-0.000373549043752419,-0.00745348737948959,-0.00486069541991174,-0.00236920545503061,-0.000267365279443155,0.000201887252383237,8.54800738778749e-05,7.63016983151843e-05,-0.000217427230240652,-1.29245361941699e-05,-0.000139687764654894,-0.00395393985524439,-0.000942365074728002,-1.55759699786984e-05,-0.00824593166016196,-9.57659828859647e-05,-0.000322844274403877,8.54800738778749e-05,0.000101474995966022,8.86077416391018e-05,8.54800738778749e-05,8.23868863424337e-05,0.132695559833069,-0.000521212012806416,-0.000616046157859707,-0.00557795160290375,0.000205664802741978,3.81469132699763e-05,0.000415699495415645,-0.00100198942278418,-0.000267365279443155,8.23868863424337e-05,-0.000139687764654894,-0.00514818394016725,0.000182667702081751,-2.07886683698533e-05,-0.000257229105439016,-4.32934639267302e-05,-0.000616046157859707,-0.00501304004885839,-3.5740978083787e-05,0.000124277482211888,-0.000367364612166909,-3.5740978083787e-05,-0.00112601455110983,1.33251346223773e-05,-0.00402072667617315,1.60802914956903e-05,-3.9246738185561e-05,0.000313941734193968,0.000181291130573413,-0.000405671006938668,4.96002809988738e-05,1.33251346223773e-05,-0.00141276236801691,9.17704687948273e-05,-0.000268865252251338,4.66893247255129e-05,-0.00158002246300804,-0.000307217550368222,-0.000453031693389505,-3.5740978083787e-05,0.00026913503041559,-0.000291801422092064,-0.00143739430727585,1.60802914956903e-05,-2.58845082630188e-05,0.00037490170663812,-0.000166455219462236,-0.00134789472050478,-0.000175904416398254,7.90644853410072e-06,-0.00487071355167856,0.000111803445901337,-0.000137775958259034,-0.000839145028760591,5.24190985551343e-06,-0.00203399460752518,1.06006904196931e-05,2.45353169265883e-05,0.000318319523473498,-0.000195140316754383,-0.000249525725037003,-1.29245361959462e-05,-0.000659513869025297,-0.000509253009494337,-0.000658657414505548,-0.000178293742084001,0.000216827033947986,-0.000249525725037003,-0.000108383289040503,-0.00414132501517717,-0.0021059526470486,0.00231964054894807,-0.000733047334115611,0,2.60658619488652e-06,-0.000177609148801494,0.000124277482211888,-0.000249525725037003,-0.00134838879066024,-0.000357131536319777,-0.000536933070477197,4.09631624984641e-05,-1.33313537808988e-06,0.000212690028963181,-0.00346695845675793,0,-0.000892436638231686,0.000122709594470471,0.000137882349791063
"20:16422995:A:G",8.47096361229482e-05,-0.00541153296167085,0.000198171858698082,0.000129496172376342,-0.0039436980642189,-0.00316263558543728,-0.00601267179633069,-0.00130972821371156,-0.00226619807969053,-0.0168501517661719,-0.00633219928813133,0.000198171858698082,-0.00761918926868299,-0.00024127072321356,-0.00195322733187364,-0.00488740684835243,-0.00347011561675092,-0.000187631659853693,-0.000136766935326715,-0.00169539726166423,-0.00219964981369447,-0.00854510141411247,-0.000241896403371022,-0.00892190429928208,-5.87400740608146e-05,-0.00024127072321356,-0.00416418247799477,-0.00549755301254518,-0.00502526516073276,-0.00347932913130578,-0.000341942523200522,-0.000372645892482648,-0.00026410711455771,-0.000478964189398745,-0.00243705864941601,-0.00325132927438965,-0.000656842635899046,-0.00247309906651338,-0.00822827644003432,-0.00400219219182674,-0.000819183666905587,-0.00361230050229233,-0.00253145222752149,-0.00531436797671159,-0.00353950990181406,-0.00531978189079041,-0.010491453278656,-0.00400219219182674,-0.000184156353412845,-0.00490787325198916,-0.0020110721672566,-0.00103220365093826,-0.00024127072321356,-0.000885147343033132,-0.0035292975831136,-0.00295338441164272,-0.0060152802450828,-0.00219964981369447,-0.000484283299488908,-4.15761739702702e-05,-0.000746952399623524,-0.0043051704187369,-0.00434929756788627,-0.00416418247799477,-0.00191720647085614,-0.000656842635899046,-0.00791961201230063,-0.00104171451499635,-0.000264221939959342,-0.00295338441164272,-0.00400903720113011,0.000337366353152291,-0.00404528672780735,-0.00157364280578953,-4.30648490481467e-05,-0.00244902657656754,-0.00442320244256145,-0.00250144110960093,-0.000580789673894078,-0.000783814571030383,-0.000823674139136976,-5.18755786362846e-05,-0.000589621794967243,-0.00165896052005365,-0.000318036196386373,-0.000920293901965241,-0.00234105374339988,-0.0060854940280981,-0.00296198718647922,-6.66935419033621e-05,-0.00145050825296611,-0.00416418247799477,-0.00623900173177683,-0.000656842635899046,-0.000823674139136976,-0.00148177366761271,-0.000521212012806416,0.560649085893599,-0.00352004305811882,-0.00372085011513512,-0.00282868012463311,-0.00024127072321356,-8.14629814280821e-05,0.000210932134560249,-0.000580789673894078,-0.00148177366761271,-0.00240456052593885,-0.00874848880998336,-0.000919469025604247,-0.00446806529843613,-0.00180536527171515,-0.00419845947484188,-0.00352004305811882,-0.00718376353624883,0.000198171858698082,-0.00512908936580736,-0.000883333928916041,-0.00026410711455771,-0.0019636970631316,-0.000149451346556084,-0.00642937393204335,-0.00278468496515316,-0.00538016200255109,-0.00584411722200784,-0.003947310126315,-0.000780895597485287,-0.00298875672066234,-6.40164207412752e-05,-0.00831563770820098,-0.000690148356669695,-0.00254986936210955,0.00012949617237723,-0.00118792922502164,-0.00649631719752275,-0.00394443965634661,0.000198171858698082,-0.00221180792832953,-0.00478520871920818,-0.00971546607451845,-0.000160811745289813,-0.00557843011791448,-0.00111122318337875,-0.00698518042433927,-0.0178316758478942,-5.60916523397736e-05,-3.93779546978834e-05,-0.0103656638900027,-0.0030202178936416,-0.00471533735956431,-0.0136016045581182,-0.00693068178844936,-0.00382956867949602,-0.00407479651907394,-0.000105228143893132,-0.00352633147185344,-0.00725783288750392,-0.000904928685661943,-0.000147235456421591,-0.00276980157414641,-0.00792741122995899,-0.000438145514691346,-0.0132081546339071,-0.00173043355863456,-0.000904928685661943,0.000141793364925924,-0.00285697473592395,-0.00184232112328386,-0.00698616423360754,-0.00292701301569309,0,-0.00437470279833096,-0.00132121025731635,0.000226092843059078,-0.000904928685661943,-0.00173543802414899,-0.00667884051679302,-0.00548745789128002,-0.00124969670091346,-0.00229804027042801,-0.00102815914514487,-0.00489961656615057,0,-0.000105228143893132,-0.00909974628129184,-0.00311673788077904
"20:16423618:T:C",-0.00199332765158022,-0.0026886075087198,7.75810806796784e-06,-1.1603474572297e-05,-0.00408119898871373,-0.00205497186021786,4.05205025089117e-08,0.0029867628925917,-9.67139838259357e-06,-0.00107091041511742,1.09262729992565e-05,7.75810806796784e-06,-0.000888599570977533,-9.04662089595831e-06,-0.00189805974608248,8.32945641260352e-06,4.38402600870802e-05,-0.00162247925389369,-4.51964152548001e-05,-9.884009017469e-06,-3.35961003443686e-05,0.000283090263912378,-0.00213662782970392,-0.00250316378380955,1.50424797586979e-05,-9.04662089595831e-06,-2.1676316607433e-05,-0.00102641557144612,-0.00161985612887072,2.72865124930632e-05,-9.41195601660283e-05,-0.000237359186592734,7.75810806796784e-06,-0.000396125375762502,-0.00111541864138243,-4.57518618102171e-06,-2.26820940651962e-05,-2.5809973292823e-05,1.98774392980994e-05,-0.00456211592447975,-0.00164963888480862,-0.00539275937320305,-0.00205497462599524,-0.00302595971106001,-1.1603474572297e-05,-1.1603474572297e-05,-1.99440860386702e-05,-0.00456211592447975,-0.00227975966038851,-0.000441452743299209,-0.00085598123963937,-0.00301319212517459,-9.04662089595831e-06,-0.00147307214774361,-0.0118965864357641,8.99672658150052e-06,0.000548443285517841,-3.35961003443686e-05,-2.1676316607433e-05,-0.00207498997221922,2.18447793685073e-05,-0.00196020299083255,-0.00332483967639075,-2.1676316607433e-05,3.29357259341023e-05,-2.26820940651962e-05,-7.05337361406322e-06,-0.00225498803112956,-0.00128486755023971,8.99672658150052e-06,2.13658935406258e-05,2.81565035162856e-05,2.53088985804339e-05,-0.00381343450674887,-8.24020315803864e-05,-0.000904559527542759,-0.000405926839057713,-0.000372480359359884,-0.000748435004718218,-0.00405479635836947,-2.1676316607433e-05,-1.87635659214536e-05,3.87155345364931e-05,-0.00238995533301622,2.69170683102615e-05,-0.00269475412944065,-0.00210769306153313,2.29956608688298e-06,-0.00035876062466178,-0.000134349572969761,-0.00084916428546844,-2.1676316607433e-05,-2.6890956201342e-05,-2.26820940651962e-05,-2.1676316607433e-05,-2.06882430431321e-05,-0.000616046157859707,-0.00352004305811882,0.202238452847203,-2.68664544202935e-05,-0.00130439168995533,-9.04662089595831e-06,-0.000138532149437154,-0.00219639887320877,-0.000748435004718218,-2.06882430431321e-05,2.69170683102615e-05,-0.00294013095809564,-0.00214907831010791,3.7382381758988e-06,4.38402600870802e-05,7.64963804034124e-06,-0.00306305981889654,-0.000959744724010392,7.75810806796784e-06,-3.24580608266345e-05,-0.00248841048332515,7.75810806796784e-06,-0.000436431713157326,-3.77848115640234e-06,-0.00186174496188363,-0.00227975966038851,-0.00322982380191927,-9.55444007226802e-05,-0.00254709505079109,-0.00421411140964878,-0.00199806911305345,-3.77848115640234e-06,-0.0050550590051559,-2.37060012722168e-05,-0.00149153655384993,-0.00195345460066765,0.000115230875352701,-9.46002742665542e-05,-0.00203760298815503,7.75810806796784e-06,3.87155345364931e-05,4.74392434970383e-05,-0.00524927453536295,-4.57518618102171e-06,5.12599105384481e-06,-0.00291902154292067,-5.78314892560883e-05,-0.00316324603226237,3.25788444337505e-05,-2.22704454433398e-06,-0.00230018949770283,-0.00434515082487952,2.64890146937091e-05,0.000236751921141476,-0.00234555519004154,-0.00294661476506963,-2.99587763663567e-06,-7.0533736149514e-06,-0.0009411735450362,2.03824288762533e-05,-0.000309766550768309,1.56035268794597e-06,-0.00120880606205631,-0.00231695022738254,-0.00344267990381386,-0.00324777437599799,-6.42165737101408e-05,-0.000309766550768309,0.000106281163755106,-0.00251957942775061,-0.00122273885339474,-0.00221000578315067,-0.000203765928346478,0,-7.294133057556e-07,3.29357259341023e-05,-3.24580608266345e-05,-0.000309766550768309,-0.00233267839202966,-0.00305332167545913,-0.000673298459499705,-9.884009017469e-06,-0.00260102151243036,-6.25853165256984e-05,-0.00772414566443791,0,-0.00196533559372192,2.73375500903228e-05,-0.00260436765881877
"20:16424087:T:G",-0.00168555340566989,-0.00303622834058714,-4.96350511713928e-05,6.19309397018597e-05,-0.000825380952021781,-0.0057192064999172,-0.00347237372178366,-0.00517378940055391,-0.00445742135542204,-0.00278627972471091,-0.00306605062779131,-4.96350511713928e-05,-0.00663168224249988,5.12561977306092e-05,-0.00190654051531336,-0.00871641089839503,-0.000399612262938831,-0.000431645302214179,-0.00368027517805647,-0.00177611890790796,0.000164983917089856,-0.00688912802963282,-0.00069547358102362,-0.0019842685529845,0.00018855341299151,5.12561977306092e-05,0.000112258549331834,-0.0021582850779196,-0.00270901830456349,-0.00399242792217613,-0.00185636597533012,-0.00450105725420435,-4.96350511713928e-05,-0.000928746325392638,-0.00288338051009163,-0.00247184864625183,1.88258408826414e-05,-0.00454958212215661,-0.000143831327784838,6.19309397018597e-05,0.000112258549331834,-0.0100464336433506,-7.3563246610675e-05,-0.00323109104205077,-0.00470247937206736,-0.00581056646568445,-0.00317940387894122,6.19309397018597e-05,2.04016613389868e-05,-0.000207683672122982,-0.00113937036572676,-0.000286909638627542,5.12561977306092e-05,-0.00124055782437527,-0.00246158588294243,-0.013029174077861,-0.00554437859211632,0.000164983917089856,0.000112258549331834,1.34625508758646e-05,-0.000154639787545818,-0.00547135327488135,-0.00584595771017948,0.000112258549331834,-0.000882326477749551,1.88258408826414e-05,-0.00369290351994866,0.000153129434478316,-0.00211296986473108,-0.013029174077861,-0.000151981491337772,-0.000210076459809194,5.98238795666006e-05,-0.00218167023362348,-0.00183378347470775,-0.00409254974200568,-0.00640076410313384,-0.000213061400745396,-0.00929575320540277,0.000253564745449353,-0.00384719825782032,0.000101016545713151,-0.000800822433044246,-8.31240627201524e-05,-0.000202818080192735,-0.00329465884914448,-0.0111076297709811,-0.00544675684204865,-0.00396312654955189,-0.000138247018480087,-0.008720308511597,0.000112258549331834,-0.00437947561241003,1.88258408826414e-05,-0.00384719825782032,0.00010847542178638,-0.00557795160290375,-0.00372085011513512,-2.68664544202935e-05,0.473849955926679,-0.00114728498450045,-0.000322624417511186,-0.000156795028222412,-0.00180044321992145,-0.00929575320540277,0.00010847542178638,-0.000953857652178591,-0.0136321941603939,-0.00584393729899713,-0.00558667007342439,-0.000510153357033083,-0.0101110782455418,-2.68664544202935e-05,-0.000508822971367895,0.000230993282363201,0.000160995835778444,-0.000346299727294941,-4.96350511713928e-05,0.000356739566587549,-0.00538900615878379,-0.00526421531227506,-0.00168158200974844,-0.00456249548303145,-0.000456907980248999,-0.00380494309214541,-0.00910822840705539,-0.00347868071935764,-0.00245051519215966,-0.0104260046146347,-0.00204499184236262,-0.000618230090903005,-7.21601374849001e-05,-0.0049226445496906,-0.000322427893644672,-0.0115235096954045,0.000230993282363201,-0.00127766974737664,-0.000446672920333846,-0.0102035115908454,-3.33407529886642e-05,-0.00153371573857264,-0.00216964341267012,-0.000501633234708976,9.50141936555404e-05,-0.00902134193854032,-4.37660467831336e-05,-0.0046108876433415,-0.00199960811214339,6.35843564866789e-05,-0.00415796057851781,-0.00216849162010568,-0.00313066316383415,-4.03265731332425e-05,-2.25867586101103e-05,-0.000619257622422431,-0.00223950738255851,-0.000999483834559278,-0.00144624771402579,-0.00565310431676913,-0.000928208899674043,-0.00902013792919476,-0.00459490674530993,-0.00265265530145697,-0.000999483834559278,-0.000154639787545818,5.63078871493872e-05,-0.0053379647785281,-0.00111159450728326,-0.00261924613900533,0,3.31492756799889e-06,-0.00141282988196689,0.000160995835778444,-0.000999483834559278,-0.00483831826558045,-0.000331618526494992,-0.0078374190656465,-0.00177611890790796,-0.000238120141737852,-0.00145254763113911,-0.00196585554256234,0,-0.00512015020267764,-0.000205264359023793,-0.00381207060995248
"20:16424245:A:T",-0.00391101924817239,0.000229163278953948,4.24928204427744e-05,-6.1844420421231e-05,-0.000956011407104995,-0.00150293956407754,-6.96335129113379e-06,-0.00171305323991167,-5.7630941500797e-05,-0.00245496312028326,5.61481350063175e-05,4.24928204427744e-05,-0.00213581336754753,-4.7268480264151e-05,-0.000132386566956022,3.85222775225458e-05,0.000293949186084497,-0.000361889087730383,-0.00203517879785231,-5.20678874664782e-05,-0.000165886846481555,-0.00216325606594125,-0.000149381284513694,-0.00168731875403427,8.4949685196456e-05,-4.7268480264151e-05,-0.000110711512604666,-0.00103212401993602,-0.00115559989451697,0.000152020263246122,-0.00171020391130217,-0.00151732732769183,4.24928204427744e-05,-0.000440652493449711,0.000805479748891003,-2.77351844371054e-05,-0.000116028729646445,-0.000132386566956022,0.000112268120373571,-6.1844420421231e-05,-0.000110711512604666,-0.00193222653940683,-0.00020458050028882,-0.00148215084479197,-0.00457266035176396,-6.1844420421231e-05,-0.00251199553123005,-6.1844420421231e-05,-2.77351844371054e-05,0.000166299374348533,8.09847934339913e-05,6.87964187937595e-05,-4.7268480264151e-05,0.0013221113613886,-0.00273389264930568,4.30134604814114e-05,-0.000316286472903826,-0.000165886846481555,-0.000110711512604666,-1.82618856898742e-05,0.000127368662679039,-0.000137674768296847,-0.00118280958772488,-0.000110711512604666,0.000202395622361351,-0.000116028729646445,-4.23975491186113e-05,-0.000149106437847379,-0.000210390427429097,4.30134604814114e-05,0.000123662167680116,0.000169747776086915,-0.00162657006997957,-0.000183312173806627,-0.000510674869338423,0.000396997900813822,-0.00105924866993057,-0.00108127525154611,0.000538185810738945,-0.000261222519607252,0.000489517766258274,-9.5148763030295e-05,0.000248475986059482,2.5440341691052e-06,0.000159275632813483,-0.00203736556112588,-0.000156544275411896,7.20749533389409e-06,0.000153995701755782,0.000104434720343605,0.000492298307995576,-0.000110711512604666,-0.000137978900045965,-0.000116028729646445,0.000489517766258274,-0.000105459910299643,0.000205664802741978,-0.00282868012463311,-0.00130439168995533,-0.00114728498450045,0.115894801306213,-4.7268480264151e-05,-0.000559736697571367,-0.000167050705438321,0.000538185810738945,-0.000105459910299643,0.000159275632813483,-0.00238776532865703,-0.00159314595380788,1.63595811155659e-05,0.000293949186084497,3.39727857223693e-05,-0.00130439168995533,-0.000616427029290989,4.24928204427744e-05,-0.000160223504365398,0.000396318153334185,4.24928204427744e-05,-0.000407820819837035,-0.00135217079985228,-0.00178491936973302,-2.77351844371054e-05,-0.000215198030278252,-0.00041038729048104,-0.000241260596398618,0.000419010096655903,-6.68237480843104e-05,-2.2969121469707e-05,-0.00131062589421838,0.00100384549770993,-0.00260496448175651,-6.1844420421231e-05,-0.00271564872539187,-0.00306361601521488,0.000475477794651624,4.24928204427744e-05,0.000248475986059482,0.000326425213149406,-0.00128548649745852,-2.77351844371054e-05,2.52857307287968e-05,-0.000515032983447128,-0.00336499311382976,-0.000889431811159191,0.000199086083534361,-1.36123969376456e-05,-0.000116127211521544,-0.000174746462350051,0.000155698727990483,-0.00293459248190153,-9.01960128185664e-06,-0.00122641235129439,-1.82618856898742e-05,-4.23975491194994e-05,-0.000417815394943233,-0.0023146575278048,0.000277184701304556,-0.00134169322005917,-0.00215103472738143,-0.00179610288993803,-0.000728640988530316,-0.0032781094534764,-0.000302184185965615,0.000277184701304556,0.000127368662679039,-0.000343555098215376,-0.00117058333155384,-0.00912375566109525,-0.000836018295018448,0,-4.48247023321358e-06,0.000202395622361351,-0.000160223504365398,0.000277184701304556,-0.0031429458514749,-0.00447324957864392,-0.00245280161671246,-5.20678874664782e-05,-0.000131694168356233,-0.000295044616891893,-0.00528510883140765,0,-0.00232704758947921,0.00016280891759024,-0.000183312173806627
"20:16425368:C:T",-1.48312311774035e-05,4.50316653370919e-05,7.78077916763209e-06,-1.08106461826907e-05,-4.89197692852272e-05,-0.000148668651765327,4.79797490626765e-08,1.73494283863818e-05,-9.04662089595831e-06,-3.28265068416655e-05,1.10980885885681e-05,7.78077916763209e-06,0.00022200185603527,-8.50887695591496e-06,-2.29760244234711e-05,8.36296320283481e-06,5.45323920029261e-05,-6.30891055353189e-05,-2.17917317986149e-05,0.000596374212026518,-2.92724335579919e-05,0.00020970537986198,-2.56518407555362e-05,6.79347473067082e-05,1.55833532957672e-05,-8.50887695591496e-06,-1.95545265011532e-05,3.69868812359897e-05,9.79047549272138e-05,3.00333454745783e-05,-3.88546794720668e-05,-9.59486214071603e-05,7.78077916763209e-06,-7.64116237315093e-05,0.000271599627154728,-4.36298639083788e-06,-2.03947845598407e-05,-2.29760244234711e-05,2.10697272287064e-05,-1.08106461826907e-05,-1.95545265011532e-05,-7.39758164947091e-07,-3.4301765380107e-05,9.13311552874774e-05,-1.08106461826907e-05,-1.08106461826907e-05,2.00180074036993e-05,-1.08106461826907e-05,-4.36298639083788e-06,3.0724407713123e-05,1.49647211040715e-05,1.30653618430898e-05,-8.50887695591496e-06,-5.96777383670144e-05,9.43652631058001e-05,9.05919197968785e-06,-0.000270110887373498,-2.92724335579919e-05,-1.95545265011532e-05,-2.87469436344168e-06,2.34078448224651e-05,-2.27115076825157e-05,-0.00021235881968984,-1.95545265011532e-05,3.76502734749096e-05,-2.03947845598407e-05,-6.66255284098582e-06,-2.66150414232058e-05,-3.72767989436085e-05,9.05919197968785e-06,2.28334189147361e-05,3.12543772285068e-05,1.67028418900372e-05,-3.20258793911066e-05,1.86193093325571e-05,1.79790936529756e-05,3.54466964367361e-05,-0.000181064539071407,0.000101769479501357,-4.62573883242001e-05,-1.95545265011532e-05,-1.7091781562506e-05,4.61283434463056e-05,1.53015108850241e-06,2.9645908089293e-05,-0.000111859210981891,-2.44035066332415e-05,2.25792706753936e-06,-8.27143649475559e-05,1.98590555458011e-05,9.30932400411422e-05,-1.95545265011532e-05,-2.38572010546889e-05,-2.03947845598407e-05,-1.95545265011532e-05,-1.87240526248189e-05,3.81469132699763e-05,-0.00024127072321356,-9.04662089595831e-06,-0.000322624417511186,-4.7268480264151e-05,0.00521942311118284,-9.77650989204548e-05,-2.84275297932624e-05,0.000101769479501357,-1.87240526248189e-05,2.9645908089293e-05,7.6517743268667e-05,-4.41125084993388e-05,3.68764713076786e-06,5.45323920029261e-05,7.65818123582562e-06,-9.04662089595831e-06,-1.60297877247473e-05,7.78077916763209e-06,-2.83762147370581e-05,7.51996797223597e-05,7.78077916763209e-06,-7.03087918694223e-05,-3.61447029373352e-06,-0.000295979967208204,-3.67146961899323e-06,-0.000199416486404758,-7.25137619985716e-05,-4.21586585925837e-05,-0.000651573104438974,0.000278188693553894,-3.61447029373352e-06,-0.000126993987590751,-2.12450007754938e-05,5.31808478232421e-05,0.000322765560832217,7.26752608830594e-05,5.98588358826646e-05,9.11225170527885e-05,7.78077916763209e-06,4.61283434463056e-05,6.10738888164875e-05,-0.000111518822873968,-4.36298639083788e-06,5.08393166676058e-06,0.000706123941375481,3.04979981828879e-05,-0.00026740225667865,3.71477935336983e-05,-0.000157321065268334,-2.20770504606449e-05,0.000213312671388799,2.90971600120926e-05,0.000146033683839697,-1.42075762887828e-06,2.96112031747953e-05,-2.87469436344168e-06,-6.66255284098582e-06,-7.36906083602662e-05,2.16644779129638e-05,-0.00188938818512074,1.53015108672605e-06,-0.000103887460073615,-0.000230913253929543,1.53856559119703e-05,-5.41788416050792e-05,-5.17385521749958e-05,-0.00188938818512074,2.34078448224651e-05,-5.92435106794298e-05,3.95169634472836e-05,0.000137217813347412,6.69267462267698e-05,0,-7.06302828668015e-07,3.76502734749096e-05,-2.83762147370581e-05,-0.00188938818512074,1.1496493893759e-05,7.06002096020342e-05,-7.65166306333498e-05,0.000596374212026518,-4.05800614622365e-06,-5.06196104606005e-05,0.000172932197461506,0,-6.66255284098582e-06,3.01882872415504e-05,-3.20258793911066e-05
"20:16431797:A:G",-0.000193406492349446,-0.00238634382695224,8.6450424102047e-05,-0.000693049572796589,-0.00308360283699827,-0.00194112346103337,-0.000867279261845155,0.000162362451836984,-0.00083505852168031,-0.00313314690250444,-0.00117162418217909,8.6450424102047e-05,-0.0010871684029321,-9.77650989204548e-05,-0.000772885953879587,-0.0009101599699326,0.000597473830270978,-0.000315435872665581,-0.000299594105477752,-0.000109197458195709,-0.000494759164774372,-0.00118355686274718,-0.000325286873300357,-0.000442131290583347,0.000172874289639857,-9.77650989204548e-05,-0.000233607338655517,-9.58321244723948e-05,-0.00057404732926436,-0.000325725169268765,-0.000492787035917708,-0.00122513260313806,8.6450424102047e-05,0.000321187064069584,-0.00234009182947847,-6.6602057515297e-05,-0.000246201231225207,-0.00148737050802605,0.000221980147375511,-0.000132496157261741,-0.0004796809298524,-0.00124663094511046,-0.00114436202738677,-0.00554365369828513,-0.000132496157261741,-0.000693049572796589,0.00016135538780393,-0.000132496157261741,-0.000959298506277406,0.00033701707761935,0.000163190350058962,0.000133402255966253,-9.77650989204548e-05,-0.000715230254162869,7.07578724954416e-05,-0.000780869346595381,-0.00265560628520545,-0.000494759164774372,-0.0004796809298524,-0.00101218057850794,0.000259268372595933,-0.00442091451073345,-0.0034215554208652,-0.000233607338655517,0.000407418571137796,-0.000246201231225207,-0.000945426571234087,-0.000309865756641159,-0.000439774249571201,-0.000780869346595381,0.000250120281428678,0.000345629369430611,0.00015196488498681,-0.00105404040130797,0.000182751928406333,-0.00158706372085149,-0.00398233660344438,-0.00309429195389832,-0.00478454498408887,-0.000272154731320917,-0.000233607338655517,-0.000196769331133773,0.000503061817534345,-0.00101752192125826,0.00031946684930162,0.00291490675829387,-0.00461565699375033,-0.00103793397761631,-0.00153938469582648,-0.0013620436256776,-0.00508138938878933,-0.000233607338655517,-0.00153649322424521,-0.000246201231225207,-0.000233607338655517,-0.000221172709079731,0.000415699495415645,-8.14629814280821e-05,-0.000138532149437154,-0.000156795028222412,-0.000559736697571367,-9.77650989204548e-05,0.157337851126527,-0.00262391378845805,-0.00478454498408887,-0.000221172709079731,0.00031946684930162,-0.00137316978554614,-0.000572167307620219,-0.00111055082032685,0.000597473830270978,-0.00078747987413319,-0.000138532149437154,-0.000966400387233612,8.6450424102047e-05,-0.000360272289502639,-0.000957869538511957,8.6450424102047e-05,-0.00215731281177867,-5.51481784585306e-05,-0.00154436152102866,-0.000959298506277406,-0.00112325109202249,-0.000143592773937051,-0.000512098616091805,7.58267948990365e-05,-0.000144368012102269,-5.51481784585306e-05,0.00182014351942783,-0.00450278659970671,-0.0020104627726063,-0.00467794265227894,0.000733279831051092,0.000559391885331273,0.000125299993842809,8.6450424102047e-05,0.000503061817534345,-0.00257668101370356,0.00160298035941508,-0.000959298506277406,-0.00128116693986779,-0.00109244694331156,0.000230745588928549,0.00110352889251031,-0.00249947115405913,-0.0041032264106784,-0.00364493070546068,-0.000402596633118257,0.000310524786985233,-0.0030377210723298,-2.16456157930978e-05,-0.000436853250384672,-4.38392876409566e-05,-0.000945426571234975,8.71402315141268e-05,-0.00282068364457011,-0.00213534845584018,-1.03396657493704e-05,-0.00418108334702882,-0.0036022683521173,0.000130750481262432,0.000217564547115412,-0.000655173656729069,-0.00213534845584018,0.000259268372595933,-0.00452889284655544,1.07057352245477e-05,0.000602903776146135,-0.00238308340653592,0,-1.07555752979493e-05,0.000407418571137796,-0.000865106368501678,-0.00213534845584018,-0.00112400988902683,0.000312320483019768,-0.000980377311183389,-0.000109197458195709,-0.000817400005405311,-0.000638383437257417,-0.0027494504402874,0,-0.000101861998790476,-0.0023662448034516,-0.000390409909846845
"20:16433159:C:T",-0.00176824433076472,-0.000720452921344261,2.52596993499665e-05,-3.67953544202493e-05,-0.000111226345685722,-0.000221018481957103,-0.00510230432858005,5.38331949888615e-05,-0.00541027521697757,-0.00370615588255374,3.46045863102162e-05,2.52596993499665e-05,-0.00974352147204316,-2.84275297932624e-05,-7.97272702364182e-05,-0.00224820654333158,0.000165510758217025,-0.00246246751276313,-0.00341700540427858,-3.11772644776553e-05,0.000203615828056058,-0.0154118125672036,-0.000101712566292989,-0.00990614219806041,-0.000344065337670507,-2.84275297932624e-05,-0.00118192673427497,-0.00372287149010386,-0.000964041881447386,-0.00197336019887562,-0.00305621800915734,-0.00339033414029544,-0.000376520218819287,-0.00413519830356801,-0.00592091397939543,-1.55929496372664e-05,-0.00297965974309555,0.000115075273190435,6.65072496088825e-05,-0.00313494991121299,-6.6902328030416e-05,-0.00482032880131111,-0.000128683415611341,-0.00132756964237046,-3.67953544202493e-05,-3.67953544202493e-05,-0.00398873781421383,-0.00313494991121299,-1.55929496372664e-05,-0.000843679173885725,4.79394025907354e-05,4.14142588711641e-05,-2.84275297932624e-05,-0.00021480182936795,-0.00612651359131799,-0.00237881165288112,-0.00053885188277869,0.000203615828056058,-0.00357294960539623,-0.00255349123431792,-0.000312016483610122,0.000324911275474626,-0.00202931094939984,-0.00118192673427497,0.000116800774023318,-0.00297965974309555,-2.39102646997225e-05,-9.12856205852464e-05,-0.000130007381284436,-0.00237881165288112,7.24488452030769e-05,9.82123121708867e-05,-0.00176653979831087,-0.000111934834631455,-0.00191265012596364,-3.64877772525141e-05,-4.07288909700654e-05,-0.00125157193403513,-0.000308899411556318,-0.00016303937421025,-6.6902328030416e-05,-5.77612039212028e-05,-0.000881614417053811,3.24981246802025e-06,-0.00134627775744356,-0.0014254993143501,0.000305357185485633,5.83897561590163e-06,-0.000379345537368625,6.24038448977515e-05,-0.000202040206100484,-0.00118192673427497,-8.30538394298586e-05,-0.00297965974309555,-6.6902328030416e-05,-6.38113906221704e-05,-0.00100198942278418,0.000210932134560249,-0.00219639887320877,-0.00180044321992145,-0.000167050705438321,-2.84275297932624e-05,-0.00262391378845805,0.258259933056787,-0.000308899411556318,-6.38113906221704e-05,9.29124507047518e-05,-0.00133705613012003,-0.00551860437199725,1.09050297245616e-05,0.000165510758217025,-0.00237270739774242,-0.00219639887320877,-0.000923224287546986,-0.000376520218819287,0.00054251019059226,-0.00143347393411553,-0.000376520218819287,-0.00150983490461254,-1.29003793754023e-05,0.000250181539017458,-0.0024877684742366,-0.00545828898727763,-0.00202065233193238,-0.000149106386401421,-0.000183784799057563,-3.96653780967426e-05,-1.29003793754023e-05,-0.00402884679921778,-7.32205885380921e-05,-0.00185036958650286,-3.67953544202493e-05,-0.00022846202393545,-0.00165471268256656,-0.000258614482404163,-0.000376520218819287,-0.000881614417053811,0.000183086484558892,-0.00398117146552357,-0.0024877684742366,1.58265892649112e-05,-0.00240511373645802,-0.00062326757228881,-0.0055715824653304,-0.00318950493127002,-7.63006995985194e-06,-0.00135699703929415,-0.000157683457080893,9.10959570870062e-05,-0.00508042692776822,-0.00282015782775158,-0.00275641879108512,-1.02463528843799e-05,-0.000288871173209415,0.000308747072820914,6.85156616482274e-05,-0.00107887050593813,-0.00206934915764023,-0.000413773639411197,-0.00743765198459734,4.70657096904858e-05,-0.000270134064733085,-0.00471599717779014,-0.00107887050593813,7.43747459042154e-05,-7.60326769544406e-06,-0.000367779067035556,-0.00190642516482242,-0.000199542258124907,0,-0.00427427270917136,-0.00119410944803455,-0.000991513886144268,-0.00107887050593813,-0.00344696638183839,-0.00173743069537213,-0.000643607516301437,-3.11772644776553e-05,-0.00162033425044505,-0.00468510361150898,-0.00327838199195529,0,-2.39102647006106e-05,9.47036674165957e-05,-0.000111934834631455
"20:16434332:C:T",-0.00348445643786377,-0.00122815907253138,-9.77168286402375e-05,0.000118046440144681,-0.00205002706843693,-0.00333539799928273,-0.00770413125394409,-0.000680971102233308,-0.0073032801693973,-0.0134290396667911,-0.000169775540274308,-9.77168286402375e-05,-0.00244122247788292,0.000101769479501357,0.000246377713343904,-0.00808703812262213,-6.35870056013843e-05,-0.00570103431154756,0.000195479672748355,0.000107134362238526,0.000331273276876765,-0.00225985420077857,-0.0031961877598965,-0.0031291799074058,-0.000196705021493493,0.000101769479501357,0.00022138508050773,-0.000378695240461191,0.00134561191699234,-0.00179067124449173,0.000403055696936327,0.000314661666370952,-9.77168286402375e-05,-0.00488430549663654,-0.00440760518343941,2.95689809828303e-05,0.000227526432038161,0.000246377713343904,-0.000660672186926448,0.000118046440144681,0.00022138508050773,-0.00227789106409571,-0.00316187669111301,-0.000757766632914603,0.000118046440144681,0.000118046440144681,-0.00202848555089741,0.000118046440144681,2.95689809828303e-05,-0.000395987433459588,-0.000192988082653223,-0.000181581484828719,0.000101769479501357,-0.00213283752067106,-0.000799842472551049,-0.00786286516635304,-0.00378098927495873,0.000331273276876765,0.00022138508050773,-0.00117594764097628,-0.000296983494902925,-0.00343360104572366,-0.00425149959621862,0.00022138508050773,-0.000455050794439416,0.000227526432038161,4.51329370640963e-05,0.000311306864757555,0.000427511167668371,-0.00786286516635304,-0.00029382537041478,-0.000398571533414049,-0.000722264086543412,0.000351934171534118,-0.000887964467991331,-0.000602119166466242,-0.00362338302732468,-0.00124872796106335,0.00146391654654465,-0.0048759116492203,-0.00193775822249975,0.000203371596497526,-0.000602961849653028,-5.75639122848415e-05,-0.000479492487976962,-0.00355368220691599,-0.00254211827438411,-6.22341149068006e-05,0.000191150450745692,-0.000805160973804675,0.00363630777966861,0.00022138508050773,-0.00119249257949328,0.000227526432038161,-0.00193775822249975,0.000215312928225408,-0.000267365279443155,-0.000580789673894078,-0.000748435004718218,-0.00929575320540277,0.000538185810738945,0.000101769479501357,-0.00478454498408887,-0.000308899411556318,0.232029531839025,0.000215312928225408,-0.000390730694478592,-0.00110608494593034,-0.000767017333812348,-7.14125118390641e-05,-0.000710624351132338,-0.0037747494415985,6.12537233823929e-05,-0.00614424934436908,-9.77168286402375e-05,0.000324542389228633,-0.00057582194391248,-9.77168286402375e-05,9.88662134426832e-05,-0.00112649460864755,1.7836091970036e-05,2.95689809828303e-05,-0.0005300215171955,-0.00124953339611444,0.000464952971383603,-0.00240679784668529,0.00012359571209597,-0.00112649460864755,-0.0018779104130644,-0.0012138204910368,-0.00218016091667206,0.000118046440144681,0.00146029642056344,-0.00156745817909165,-0.0021142890622885,-9.77168286402375e-05,0.000712618289635536,-0.000454218499878145,-0.00197280528902688,2.95689809828303e-05,-8.03810720917397e-05,-0.000672861911050759,-0.0011507080511528,-0.00498521981228661,0.000108194663481775,1.45334916688e-05,-0.00530532053852451,-0.000437477465091263,-0.000388057038677836,-0.00194698131447879,9.63447254775929e-06,-0.00760790763931762,-0.000936742477146701,-0.00358377469181548,0.000837350596972541,-0.000287400867663656,-0.000705847168780416,-0.000817008252237628,-0.00227194252487983,-0.000688557917668753,-0.000281331063391121,-0.00171250852406235,-7.35971424932202e-05,-0.000705847168780416,-0.000296983494902925,-0.00459987249831784,-0.00128137707847475,-0.0006408099411086,-0.000456363173829466,0,4.79028044697571e-06,-0.000495437251678332,-0.00219240753667993,-0.000705847168780416,-0.000290974775285946,-0.00303550845683365,-0.00385907475682856,0.000107134362238526,-0.00232010358736545,-8.60252165830744e-05,-0.00168503765793737,0,-0.00250439250798351,-0.000393373988019974,0.000351934171534118
"20:16436683:C:T",-3.32116546175598e-05,-0.00378383149209327,1.69811899768391e-05,-2.39908817487589e-05,-0.000989889936546362,-0.00136208493685697,-0.00119789572509621,3.70962409208531e-05,-0.0026645852723588,-0.00147237918483345,-0.00351388125508656,1.69811899768391e-05,-0.00595935629790301,-1.87240526248189e-05,-5.12308553899388e-05,1.75025069442114e-05,-0.00205338075429218,-0.000141754605810007,-4.92378350998024e-05,-2.04584590468571e-05,-6.50667375765579e-05,-0.00348999240535797,-5.73998834179079e-05,-0.00210130953869214,3.39322234479411e-05,-1.87240526248189e-05,-4.33595575852763e-05,-0.00315689745036885,0.000205645080078476,6.39702842928358e-05,-8.7248606559065e-05,-0.000810148186351611,1.69811899768391e-05,-0.000172436722080782,-0.0044485591531469,-9.9602489340711e-06,-4.52908494983362e-05,-5.12308553899388e-05,-0.00314545638391373,-0.00273994240782027,-4.33595575852763e-05,-0.00138088113639334,-0.000580137429716743,0.000193182283251936,-2.39908817487589e-05,-2.39908817487589e-05,-0.00356964629183576,-0.00273994240782027,-9.9602489340711e-06,6.65406839992499e-05,3.25281634037111e-05,2.8213105354169e-05,-1.87240526248189e-05,-0.000133768285099478,-0.0033998876064496,1.90907640673643e-05,-0.0102210844065009,-6.50667375765579e-05,-4.33595575852763e-05,-6.55901922375079e-06,5.08520765594156e-05,-5.1361535394534e-05,3.59772906151079e-05,-4.33595575852763e-05,8.12632523077284e-05,-4.52908494983362e-05,-0.000519086045570383,-0.000450872735275887,-8.29150479182417e-05,1.90907640673643e-05,4.95506872892904e-05,6.77397026747073e-05,3.56242064354362e-05,-7.14257514982108e-05,3.99850731040985e-05,-0.010225239228097,-2.49736972852688e-05,-0.0019800424007288,0.000215312928225408,-0.00080139834632309,-4.33595575852763e-05,0.00120125730100895,9.94114927843626e-05,2.73442768783383e-06,6.40990286200349e-05,-0.000977538500102959,-0.00297077419240388,-0.000511265402955097,-0.00112184264395587,4.28025264112009e-05,0.000197393811046886,-4.33595575852763e-05,-5.32611075643175e-05,-4.52908494983362e-05,-4.33595575852763e-05,0.00121404784285506,8.23868863424337e-05,-0.00148177366761271,-2.06882430431321e-05,0.00010847542178638,-0.000105459910299643,-1.87240526248189e-05,-0.000221172709079731,-6.38113906221704e-05,0.000215312928225408,0.142807503716642,6.40990286200349e-05,3.26436378745854e-05,-0.00108108158290054,-0.00368563585030568,0.00011730451497538,-4.26065998135883e-05,-2.06882430431321e-05,-0.00017851840810934,1.69811899768391e-05,-6.29995425933672e-05,0.000160036182700551,1.69811899768391e-05,0.000894323895034077,-8.24917978103912e-06,-0.000245746364385013,-9.9602489340711e-06,-0.00293038611194252,0.000178196952261622,-0.000829859472585071,0.000171264118123737,-2.57896781246103e-05,-8.24917978103912e-06,-0.00082155822063168,-4.7246194126771e-05,0.000112885426189813,-2.39908817487589e-05,0.000154208432602054,-0.00348116173129309,0.000192682914990527,1.69811899768391e-05,9.94114927843626e-05,0.00013088464228872,-0.00079411925857098,-9.9602489340711e-06,-0.00363312779824732,-0.000201583456957088,-0.00320219249625175,-0.000489063777433074,8.0125918404228e-05,-4.88938735365707e-06,-0.00377983438467311,-6.4724178576725e-05,6.28558606665663e-05,-0.00132249494740133,-0.0016064807989693,-0.00200966109858669,-6.55901922375079e-06,-1.52228500454044e-05,-0.000165419536494404,4.69005421033231e-05,-0.00259080764238284,2.73442768605747e-06,-0.000237802364825512,-0.000358862121398573,3.26231214033967e-05,-0.0115479767184903,-0.000116546651617533,-0.00259080764238284,5.08520765594156e-05,-0.000133406246100698,-0.00292656699458949,0.000286356295720935,0.000142764691688058,0,-1.61023537437188e-06,8.12632523077284e-05,-6.29995425933672e-05,-0.00259080764238284,-0.0012081315528647,-0.00148156839093883,-0.000175832525686204,-2.04584590468571e-05,-1.09762244813183e-05,-0.000113932882913836,-0.00476213647536117,0,-1.52228500454044e-05,6.53272134591987e-05,-0.000777719310200986
"20:16439457:C:T",4.84968515186424e-05,-0.00017554101091477,-2.77595479065695e-05,3.65225144252079e-05,0.000148131137591712,-0.0011124147680075,-0.00372508094875812,-0.00460998057716022,-0.00355734514628026,-0.00292734948673967,-4.26247946601066e-05,-2.77595479065695e-05,-0.0017497375822586,2.9645908089293e-05,-0.00329681925113778,-0.00389003830126455,0.000543053147408656,0.000208763229803566,6.9115202546044e-05,3.19134092405804e-05,-0.0029303679355932,-0.00165561098978539,8.46990433656103e-05,-0.011496136825011,-5.58811676780735e-05,2.9645908089293e-05,6.65760424416462e-05,-0.00107539459630424,-0.000390944338750643,-0.000771402238713748,0.000127560852470232,-0.00217481405501907,-2.77595479065695e-05,0.000250360383199144,-0.00624414063264922,1.3010740437025e-05,6.90801377043471e-05,7.6759412099392e-05,-7.75108435160377e-05,3.65225144252079e-05,6.65760424416462e-05,-0.00565530995602082,0.000110219023431668,-0.000354288236123601,3.65225144252079e-05,3.65225144252079e-05,-8.07854890787496e-05,3.65225144252079e-05,1.3010740437025e-05,-0.000111694286371034,-5.40495657368467e-05,-4.84325002112485e-05,2.9645908089293e-05,0.000198811061856041,-0.000578502467678099,-0.00377287558918571,-0.00345325381371619,-0.0029303679355932,6.65760424416462e-05,8.57867336545581e-06,-8.4370060693395e-05,7.18291791788062e-05,-0.000953355547054002,6.65760424416462e-05,0.000963544389475324,6.90801377043471e-05,1.98462880653949e-05,9.13134695412765e-05,-0.00286183293852282,-0.00377287558918571,-8.26835940772597e-05,-0.000113231525383561,-6.47375353075574e-05,0.000107393617758689,-7.03372505608257e-05,-0.00296637937112987,-0.00109943216026842,0.000552855349940096,-0.000390730694478592,0.000156292713257677,6.65760424416462e-05,5.92245122739143e-05,-0.000169627718624277,-0.00390093452075035,-0.000108568085177119,-0.00522293643427485,7.20755312668686e-05,-1.13536692758487e-05,-0.00966148726909566,-7.3964677856253e-05,-0.000356256816655076,6.65760424416462e-05,7.9376383007812e-05,6.90801377043471e-05,6.65760424416462e-05,6.40990286200349e-05,-0.000139687764654894,-0.00240456052593885,2.69170683102615e-05,-0.000953857652178591,0.000159275632813483,2.9645908089293e-05,0.00031946684930162,9.29124507047518e-05,-0.000390730694478592,6.40990286200349e-05,0.189061196610361,-0.000970896748405004,-0.0028426018306682,-1.55925832014958e-05,-0.000201041751505926,-3.24945591971826e-05,2.69170683102615e-05,-0.00181738711130741,-2.77595479065695e-05,9.65571743458682e-05,-0.00028684339586782,-2.77595479065695e-05,0.000229705451022966,1.07824854520544e-05,-0.00434221917044209,1.3010740437025e-05,0.000572959184865773,0.000241877343940544,-0.0038124849234844,-0.00483156715007915,3.88649278972863e-05,-0.00379295091338605,-0.000252364344420997,7.16117594921073e-05,-0.00086930431132437,3.65225144252079e-05,-0.00028146423589881,-0.00200037520002905,-0.00505988749775277,-2.77595479065695e-05,-0.000169627718624277,-0.000227920241091972,-0.000278408706926747,1.3010740437025e-05,-1.97378469808385e-05,-0.00177866365328772,-0.00217983090173934,0.000176253207206045,-0.000136841362081697,6.39890507692087e-06,5.99294554239904e-05,-0.00124012646820049,-0.00280062426730066,1.78603399660915e-05,4.24279011923545e-06,-0.000134510141402089,8.57867336545581e-06,1.98462880653949e-05,0.000245291926078472,-7.92543007799296e-05,-0.000194395596718522,-9.19809811605887e-06,-0.00311435168250362,-0.00699138715644132,-6.08943173565635e-05,-0.000357359764397991,-0.00138121233486999,-0.000194395596718522,-8.4370060693395e-05,-0.00749930897725992,-0.00427773548875887,-0.00140557180572998,-0.000254016387255973,0,2.10994640070794e-06,-0.000138272598054989,9.65571743458682e-05,-0.000194395596718522,-0.00510689202556769,-0.00101956345888254,-0.00343955423152487,3.19134092405804e-05,-0.00897787123851934,-0.0014051689034229,-0.00118258633195545,0,1.98462880653949e-05,-0.000110139902356643,-0.00403647011774666
"20:16440444:A:G",1.22843127696726e-05,-0.0168482196546482,9.18411933987784e-05,-7.21378238921488e-06,-0.00178623156504232,-0.000711247599653131,-0.00240525596931906,-0.00116127212018613,-0.00255963560281458,-0.00110911900852928,-0.00528833013369656,9.18411933987784e-05,-0.0113126645981967,-0.000110727886763584,-0.00175736947714356,-0.00451798502720369,-0.00341760057487939,-0.00259774076008012,-0.000271658402937636,-0.00137590600716919,-0.00452253736147856,-0.00500991222253333,-0.000129905541860875,-0.00500445932384253,3.89913345166804e-06,-0.000110727886763584,-0.000499259795333273,-0.00492796143399277,-0.00532283505995812,-0.000123217334500048,-0.000301960810058066,-0.00592402073401388,9.18411933987784e-05,-0.00403858279100922,-0.00529269596349113,-0.00162939668822837,-0.000272457801221648,-0.00116780048022935,-0.0109716874687331,-0.00140478195395044,-3.0761739957974e-05,-0.0133786967388252,-0.00210729681400057,-0.00635978180313757,-0.000214521190030403,8.90886103324107e-05,-0.0143915931519372,-0.00140478195395044,-0.000439247265581422,-0.0041861816507307,-0.00263139945107316,-0.00520374538611978,-0.000110727886763584,-0.000265265968874662,-0.00217846821413659,-0.000484944679367771,-0.000487555895789527,-0.00452253736147856,-1.07264766207038e-05,-0.00264496011363402,-0.000148816638488647,-0.00235882980433288,-0.00551791544275781,-0.000499259795333273,-0.000763993510780381,-0.000272457801221648,-0.00387011535824833,-0.00278159283330304,-0.000315611396181303,-0.000484944679367771,-0.00347940855795503,0.000185996709753056,-0.0015957200921175,-0.00178253002505491,-0.00420836189502261,-0.0112289590621222,-0.00561605159680933,-0.00348140552264287,-0.000296455365555115,0.000135021546556757,-9.73396725685305e-05,3.94694847152266e-05,-0.000355548877527312,-0.00102942238096926,0.000140180218942021,-0.00142198112237457,-0.000797666814359665,-0.000754799804408179,-0.00820920129939573,-1.30176952435335e-05,-0.000570835374909873,-0.000499259795333273,-0.0022818141054497,-0.000272457801221648,-9.73396725685305e-05,3.26436378745854e-05,-0.00514818394016725,-0.00874848880998336,-0.00294013095809564,-0.0136321941603939,-0.00238776532865703,7.6517743268667e-05,-0.00137316978554614,-0.00133705613012003,-0.00110608494593034,3.26436378745854e-05,-0.000970896748405004,0.547960930355662,-0.00909031985695563,-0.00126300223283859,-0.0013964185138402,-0.000440957191083502,-0.000370064247940505,-0.00661531006848293,-0.000167165292505267,-0.00406690954604105,-0.00435984821654456,9.18411933987784e-05,-0.000327113336577867,-0.000539583716780534,-0.00591330220371988,-0.00224242131795727,-0.00461863982337984,-0.00418735669115744,-0.00747496917231061,-0.0010214709681402,-0.00106370918558163,-0.000870367624662194,-0.00246706811397779,-0.00165289924211098,-0.00414934226109054,-7.21378238921488e-06,-0.00135219913286821,-0.0133403969503019,-0.01004155263016,-0.000167165292505267,-0.00339135129862811,-0.00482368749696427,-0.00275687686637616,-2.36608080275147e-05,-0.00365811254080839,-0.000849399747436141,-0.0136014754702813,-0.00782675656708154,-0.000264554539873174,-0.00204355716929427,-0.00177944106473138,-0.000871286124021431,-0.00404738570170515,-0.0169086748659915,-0.00270436912565497,-0.00277136503404041,-0.00200112056358215,-0.00213943448562137,-0.00417201159677294,-0.00410490400950803,-0.000511698380170511,4.64306061620512e-05,-0.00856741263485095,-0.00410461751897051,-0.00183914266764473,-0.0121962597679786,-0.0032361228300446,-0.000511698380170511,0.000259370177715823,-0.00618466550643326,-0.00449306520591009,-0.00591339321652429,-0.00379867262454292,0,-1.21595146467257e-05,-0.00434035325474369,3.10563209948711e-05,-0.000511698380170511,-0.00429743693880003,-0.00443494779757136,-0.00962728763061804,-0.0051136195089887,-0.00281299025899973,-0.00297816216757552,-0.00258615322579292,0,-6.32671066655988e-05,-0.00810240273218366,-0.00553682116658383
"20:16441141:G:A",-0.00182562096928951,-0.000133504454836064,3.90048909180152e-05,-0.00151472864767044,-0.00281229188349119,-0.00812828163460599,-0.00173931556103124,-0.00351045962436469,-0.00164937718596114,-0.00429985590048254,2.11017035312011e-06,3.90048909180152e-05,-0.00299573858595137,-4.41125084993388e-05,-0.000125449891717366,-0.00183345580914906,-0.000377271125149292,-0.000358129478207125,-0.00172028988659534,-4.86002815476283e-05,-0.000158307925759438,-0.00291744835028274,-0.0035028637528054,-0.00161191841117425,7.73122606476662e-05,-4.41125084993388e-05,-0.000104520766675442,-0.00106751934016458,-0.00531651896275953,-0.00191812432521932,-0.00160611621586781,-0.000870338283831984,3.90048909180152e-05,-0.000442232214675542,-0.00398260658890992,-2.32749861712733e-05,0.00230578966728867,-0.00017082065002505,-0.00272859840595885,-0.00013555646298169,-0.00354193021802818,-0.00368621433510885,-0.00111452506834731,-0.00454536528870264,-0.00178285800099598,-0.00151472864767044,-0.00186461824062789,-0.00013555646298169,-0.00242872699086938,0.000148892549638902,7.38332245635576e-05,-0.00247935938348398,-4.41125084993388e-05,-0.000980697345365655,-0.00446922257686655,4.08825430868731e-05,-0.00548511244189198,-0.000158307925759438,-0.000104520766675442,-1.67677079883077e-05,0.000114908591489993,-0.001019971957537,-0.0116756315037581,-0.000104520766675442,-0.00251260582037105,0.00230578966728867,-3.65287407184667e-05,-0.00324457687973023,-0.000956174770918139,4.08825430868731e-05,0.000111729265359628,0.000151780081798947,-0.00360058780657457,-0.00141439397234144,8.81369382303987e-05,-0.00153939512150947,-0.0102924357750478,-0.00104290885357727,-0.000767017333812348,-0.000876731350184734,0.000413373678044948,0.000191132417184825,0.00021860147747077,2.84993173504944e-06,0.000142992490634875,-0.000623161056696908,-0.00102858373784898,-2.33468608978882e-06,-0.00221642210281425,-0.00171475536289467,-0.000899244065727167,-0.000104520766675442,-8.72900285164846e-05,0.00230578966728867,0.000413373678044948,-0.00108108158290054,0.000182667702081751,-0.000919469025604247,-0.00214907831010791,-0.00584393729899713,-0.00159314595380788,-4.41125084993388e-05,-0.000572167307620219,-0.00551860437199725,-0.000767017333812348,-0.00108108158290054,-0.0028426018306682,-0.00909031985695563,0.272978889311729,-2.8378104222071e-06,0.000255840974977772,-0.000246990043409667,-0.00214907831010791,-0.0032254100876008,3.90048909180152e-05,-0.00394824489433088,-0.0011229981211569,3.90048909180152e-05,-0.0041182546974623,-0.00181696317578783,-0.00198477328801738,-0.00181570283795107,-0.000922331541513444,-0.0005960859864933,0.000320779596972187,-0.00130473204341452,-0.0015628582041618,-2.11150975966135e-05,-0.00642445999513042,0.000152310477758988,-0.00377756752129255,-0.00151472864767044,-0.00134959336751983,-0.00555316797849237,-0.00302233376774375,3.90048909180152e-05,0.00021860147747077,-0.000769268865288275,-0.00621090049798578,-0.00242872699086938,-2.00019133478335e-05,-0.00150217771748551,-0.00522016314459695,-0.0032807528301757,-0.00120069817381996,-0.00195954569933399,-0.00131220609715221,-0.001707272876315,-0.00310332989708417,-0.00805409725699491,-8.26212022797534e-06,0.000643500877403724,-1.67677079883077e-05,-0.00240071660698149,-0.00174415545067053,-0.00308352301591786,0.00111705455880529,2.84993173327308e-06,-0.00580176010615574,-0.00262860842131563,-0.000101851367332984,0.000429392465453482,-0.000744005082932375,0.00111705455880529,0.000114908591489993,-0.00295787248316959,-0.000423028473863774,-0.000297749383553203,-0.00125278853134958,0,-4.101267598422e-06,-0.000635277546123802,-0.000152748020744831,0.00111705455880529,-0.00170405011166297,-0.000157716600766022,-0.00681161231477923,-0.00123417463683584,-4.49771086952211e-05,-0.00071745735849138,0.000196096943631208,0,-3.91680668654359e-05,0.000145963645166169,-0.000833019785216216
"20:16441678:A:T",6.11257052351988e-06,-2.59003896676546e-05,-3.67711621596101e-06,4.58918955903442e-06,-1.30137821363618e-05,-0.0021690693319325,-2.14063548220622e-07,-8.79893940908261e-06,3.7382381758988e-06,-0.00313830364636392,-0.00291607357808843,-3.67711621596101e-06,-0.000180080651573711,3.68764713076786e-06,9.1285766519178e-06,-0.00187305697270101,-3.18004944350747e-05,-0.00155174084325793,-0.00210451177916227,3.98706449278308e-06,1.1278676173454e-05,-0.000175090611515216,1.00155479865194e-05,-0.000334779344321134,-7.64670092845421e-06,3.68764713076786e-06,7.95220988525358e-06,-5.80621171453188e-05,-6.91918566113614e-05,-0.00167611187218597,-0.00189238704257111,-7.50787463843494e-05,-3.67711621596101e-06,-0.0016319489479395,-0.00138356280000096,1.84400902725201e-06,8.24549596423196e-06,9.1285766519178e-06,-1.06944146915922e-05,4.58918955903442e-06,7.95220988525358e-06,-0.000234508966844515,-0.00178269877975978,-6.2230804559249e-05,-0.00269016024104118,4.58918955903442e-06,-0.00247792826184234,4.58918955903442e-06,1.84400902725201e-06,-1.6188215155033e-05,-7.3412938572659e-06,-6.41312562876806e-06,3.68764713076786e-06,1.90233334054213e-05,-0.000124740827312841,-0.0020066525731286,-0.000503580736335607,1.1278676173454e-05,7.95220988525358e-06,1.22360203391736e-06,-1.19135520062486e-05,8.90906323558482e-06,-0.00364781219992327,7.95220988525358e-06,-2.05000418365131e-05,8.24549596423196e-06,-0.00179134625907373,1.04394501576621e-05,1.37232174814983e-05,-0.0020066525731286,-1.16120418676147e-05,-1.64825608539587e-05,-8.47506271917098e-06,1.21180397192333e-05,-9.43981455048259e-06,-0.00114606802571071,-0.00413389817480425,1.17338483782703e-05,-7.14125118390641e-05,1.61193322991693e-05,-0.00309430952939937,7.07612558681348e-06,-0.000647492734016986,-8.59287480281523e-07,-1.55925832014958e-05,-0.00040229343971987,-0.00458355265856358,-2.00177222531295e-06,-0.00273429295651262,-1.00716039259652e-05,-6.33849446662893e-05,7.95220988525358e-06,9.42386529700912e-06,8.24549596423196e-06,-0.00309430952939937,-0.00368563585030568,-2.07886683698533e-05,-0.00446806529843613,3.7382381758988e-06,-0.00558667007342439,1.63595811155659e-05,3.68764713076786e-06,-0.00111055082032685,1.09050297245616e-05,-7.14125118390641e-05,-0.00368563585030568,-1.55925832014958e-05,-0.00126300223283859,-2.8378104222071e-06,0.139638216702425,-3.18004944350747e-05,-0.00435966522294784,3.7382381758988e-06,-5.44532224786565e-05,-3.67711621596101e-06,1.09988435017527e-05,-4.80593813030339e-05,-3.67711621596101e-06,-0.00251261404580738,-0.00209458151606245,-0.000428662916488243,1.84400902725201e-06,-0.00122078952095706,2.11248966506261e-05,-0.00176912116037453,-0.00292381097932193,4.89185215091226e-06,-0.00209458151606245,-0.000361999605784646,8.53934713251903e-06,-8.88329831907342e-05,4.58918955903442e-06,-4.63529179661748e-05,-0.00266848753429105,-0.00270881588248972,-3.67711621596101e-06,-2.60049332361234e-05,-3.67017878240006e-05,-0.000382363275625686,1.84400902725201e-06,1.42411032859613e-05,2.27377971375731e-05,-0.00247920058918627,-0.000672536708264282,-2.02089786220938e-05,9.15532092804483e-07,-0.00355192835474849,1.07990793125623e-05,-1.52912552575657e-05,-0.00102393339737983,6.08901212117985e-07,-0.000171115021384338,1.22360203391736e-06,2.78506739803674e-06,2.12761559268415e-05,-1.1002487908307e-05,-3.02351909908793e-05,-0.00261348940293704,-0.00625656995408264,-0.000122409256138489,-0.00256967810098985,-0.0035552183153964,1.7306036935949e-05,-3.02351909908793e-05,-1.19135520062486e-05,-0.00178570845708137,-0.000175364222415375,-0.00123658825229889,-4.14132188701899e-05,0,3.0372050030536e-07,-0.000929295730633051,-0.00142338384816298,-3.02351909908793e-05,-0.000316703825702369,-0.000115661031680148,-0.00627057529103947,3.98706449278308e-06,1.30741241743948e-06,1.70589879022742e-05,-0.000348181167594497,0,2.78506739803674e-06,-1.58915628798439e-05,-0.00174261871276382
"20:16441987:A:T",8.56379868618973e-05,-0.00231506926563263,-5.13025971331516e-05,6.58694949446925e-05,0.000251501144946431,-0.00831917431785456,-1.44939674697753e-05,-0.000127915546338286,4.38402600879684e-05,-0.00551511896546586,-8.21882953072617e-05,0.00147122763831042,-0.00377110625349797,5.45323920029261e-05,-0.00479280007919947,-6.94731833208451e-05,-0.000367841021646775,-0.000907145667188303,0.000119758263504188,5.82694575390619e-05,0.00018162241241626,-0.00415421927771042,0.000151748164420873,-0.000876882499468046,-0.000103077627083614,5.45323920029261e-05,0.000121440558363162,-0.00343628169386712,-0.000428074935333811,-0.000223452422729586,0.000229617508302304,0.000560853230394898,-5.13025971331516e-05,-0.000664287559537513,-0.0114699140167094,2.11697997212212e-05,0.000125623363756766,0.000138460418637187,-0.000144741234711532,6.58694949446925e-05,-0.0014579315699077,-0.0003358829001332,0.000194566069483315,-0.000652170764584348,6.58694949446925e-05,6.58694949446925e-05,-0.000373467322755339,6.58694949446925e-05,-0.00143405695650412,-0.000205753958597121,-0.00010019363576852,-0.00212165350650029,5.45323920029261e-05,0.000367061545656355,-0.000831819269154543,-7.27081581404221e-05,-0.00222666126008964,0.00018162241241626,0.000121440558363162,1.39539838892588e-05,-0.000155331411295201,0.000124257227644975,-0.000542438270445977,0.000121440558363162,-0.000255158083406037,0.000125623363756766,3.23076482100504e-05,0.000168265440352755,-0.00202202142008634,-7.27081581404221e-05,-0.00015272850961523,0.00282539737982557,-0.000124994361106801,-0.000914514651112697,-0.000133655368300012,-0.00239167117912586,-0.00150334471075553,7.98132751889113e-07,-0.000710624351132338,0.000288803864261666,0.000121440558363162,0.000109169612405147,-0.00031155671109051,-0.00491248656078547,-0.000201041751505926,0.00065101307296267,0.000117774558068717,-2.49982869098275e-05,-0.0021345097069112,-0.000252165469883714,-0.00065019893715057,0.000121440558363162,0.000142838432011239,0.000125623363756766,0.000121440558363162,0.00011730451497538,-0.000257229105439016,-0.00180536527171515,4.38402600870802e-05,-0.000510153357033083,0.000293949186084497,5.45323920029261e-05,0.000597473830270978,0.000165510758217025,-0.000710624351132338,0.00011730451497538,-0.000201041751505926,-0.0013964185138402,0.000255840974977772,-3.18004944350747e-05,0.0740981636387419,-6.61996268744858e-05,4.38402600870802e-05,-0.000589688188743054,-5.13025971331516e-05,0.000177119981079166,0.00375773790015366,-5.13025971331516e-05,0.00042109602409468,1.75414253309469e-05,0.000129987803793696,2.11697997212212e-05,-0.000131389192802089,0.000451091901338074,0.000257583230490965,-0.000587247682008574,6.97338887336585e-05,1.75414253309469e-05,-0.000294169016676449,0.000129853728650708,-0.000393203073350001,6.58694949446925e-05,-0.000332686670943438,0.000763508262203949,-0.000652405050861837,-5.13025971331516e-05,-0.00031155671109051,0.00107264304057786,-0.000236855612606668,2.11697997212212e-05,-3.84485318196681e-05,0.000535466382069139,1.74699062487349e-05,0.000154873707740144,-0.000253063174988633,1.0406786616457e-05,-0.000233594133608683,-0.000440116804559132,-0.00019864506072409,-0.00291020374533879,6.89916010365721e-06,-0.000307607787191522,1.39539838892588e-05,3.23076482091622e-05,0.000457141816301743,-0.000147433928888496,-0.000358945806953059,-0.000204787482742219,0.000600700359107975,-0.00159464555859756,-0.000119046351588104,-0.00110851738179107,0.00030580152965598,-0.000358945806953059,0.00138259953179176,0.000354655190794695,-0.000352138786539058,-0.000992775752112429,-0.000469037970246333,0,3.43044587935992e-06,-0.000255158083406037,0.000177119981079166,-0.000358945806953059,-0.00161372164198159,-0.00051989787426443,0.000415728999503706,5.82694575390619e-05,-0.00113713449274844,0.000300183443220803,-0.000343683623197144,0,3.23076482091622e-05,-0.000203411230513595,0.000195440733588015
"20:16444777:T:C",1.26297159113165e-05,-0.00473875972848603,-7.64722095603076e-06,9.50487731365968e-06,-0.00341622441781997,-0.00984592968150011,0.000424152648194287,-0.0027951695157169,0.000855786547065307,-0.00285948780153555,-0.0039838271145376,-7.64722095603076e-06,-0.00164795574150167,7.65818123582562e-06,1.89131818704169e-05,-0.000430091335808847,-0.00053111681624074,-0.00123400936173557,-0.0047563644437929,8.27129049252306e-06,2.3404729601495e-05,-0.00347024637226934,-0.00177147837478842,-0.00368838737890709,-1.59040887908191e-05,7.65818123582562e-06,1.64949829528638e-05,-0.00437329763028149,-0.00164761812706082,0.00168828920563424,-0.0024757045946906,9.01654821161557e-05,-7.64722095603076e-06,-0.00131157914519076,-0.00396837570850872,-0.00222893939993885,-0.00265335985742965,1.89131818704169e-05,-0.00150968648372807,-0.00396037909953773,1.64949829528638e-05,-0.00243085868626292,3.65861376803167e-05,-0.00307256787426002,-0.00166456633647716,9.50487731365968e-06,-0.00638630327401746,-0.00396037909953773,3.76933089007991e-06,-3.36949060564251e-05,-1.52839161771112e-05,-0.00169623572188993,7.65818123582562e-06,3.95087807802952e-05,-0.00109340877696873,-0.0016712365781606,-0.011810643447447,2.3404729601495e-05,1.64949829528638e-05,2.50028706449967e-06,-2.47808070428235e-05,-0.00214729854276108,-0.00240588884802673,1.64949829528638e-05,-4.27148646018338e-05,-0.00265335985742965,-0.000738095637202285,-0.00162223434903286,2.84933146046384e-05,-0.0016712365781606,-2.41707989632189e-05,-3.42877823742427e-05,-1.7811702012871e-05,-0.00277418964139642,-0.00251158038963073,-0.00665900569323963,-0.00652628199147642,-0.00278054333546507,-0.0037747494415985,-0.00191566155947509,-0.00134373977395352,1.16593771526396e-06,-0.00164462243430741,-0.00202847367788461,-3.24945591971826e-05,-0.00493028698397335,-0.000966775547285081,-0.000563415446352522,-0.00570785699164755,-2.10509817062388e-05,-0.0035285337308899,1.64949829528638e-05,1.9520744047874e-05,-0.00265335985742965,-0.00134373977395352,-4.26065998135883e-05,-4.32934639267302e-05,-0.00419845947484188,7.64963804034124e-06,-0.0101110782455418,3.39727857223693e-05,7.65818123582562e-06,-0.00078747987413319,-0.00237270739774242,-0.0037747494415985,-4.26065998135883e-05,-3.24945591971826e-05,-0.000440957191083502,-0.000246990043409667,-0.00435966522294784,-6.61996268744858e-05,0.295353405374641,7.64963804034124e-06,-0.00129244734186695,-0.000171016352695119,2.28286075509843e-05,-0.0015111314619336,-7.64722095603076e-06,-0.000219165787384235,-0.00203351319485368,-0.00129787910323698,3.76933089007991e-06,-0.0111651535928372,-0.000365745271832196,-0.00145719708698788,-0.004309948196207,-0.00265173485599934,3.13325132417219e-06,-0.00091786422782647,1.77014974029888e-05,-6.65932971806171e-05,-0.00284974078841227,-9.73247783839781e-05,-0.000164206140994771,-0.00680704815613531,-0.000171016352695119,0.00115353344960401,-7.65323703726395e-05,-0.000786678008930064,3.76933089007991e-06,-0.00194668763744055,-0.00116081935266266,-6.73668012094453e-05,-0.00046529698050124,-0.00799627804613756,-0.0023824306825917,-0.000547967506461688,2.34060961883387e-05,-3.18869930229226e-05,-0.00386409357605011,5.5699822558708e-06,-0.00168656034691228,-0.00207941090306552,5.69599798616593e-06,4.42045022035487e-05,-0.00138703582019239,-0.00225545290052764,-0.00187364312396898,-0.00983895851330274,-0.00136558117132068,-0.00228511594253078,-0.00198090232666859,-0.00106443726323935,-0.00225545290052764,-2.47808070419353e-05,-0.00263659727452836,-0.000222764341939019,-0.00151320334969007,0.000327560508642577,0,6.2030018721515e-07,-0.0015153130632708,2.28286075509843e-05,-0.00225545290052764,-0.00198285862323289,-0.00248961614072307,-0.00575572507464983,8.27129049341124e-06,-0.00176491212005914,-0.00109222328458891,-2.35875915279848e-05,0,5.69599798616593e-06,-3.309718090172e-05,-0.00143422287902251
"20:16446215:A:C",-0.00199332765158022,-0.0026886075087198,7.75810806796784e-06,-1.1603474572297e-05,-0.00408119898871373,-0.0018304731104215,4.05205025089117e-08,0.0029867628925917,-9.67139838259357e-06,-0.00107091041511742,1.09262729992565e-05,7.75810806796784e-06,-0.000308602903353439,-9.04662089595831e-06,-0.00189805974608248,8.32945641260352e-06,-0.000189616190739983,-0.00162247925389369,-4.51964152548001e-05,-9.884009017469e-06,-3.35961003443686e-05,-0.000255667973680929,-0.00213662782970392,-0.00250316378380955,1.50424797586979e-05,-9.04662089595831e-06,-2.1676316607433e-05,-0.00102641557144612,0.00109752641875893,2.72865124930632e-05,-9.41195601660283e-05,-0.000237359186592734,7.75810806796784e-06,-0.000396125375762502,-0.0013184111739033,-4.57518618102171e-06,-2.26820940651962e-05,-2.5809973292823e-05,-0.00123572971847885,-0.00456211592447975,-0.00164963888480862,-0.00369852014295979,-0.00205497462599524,-0.0023373290700679,-1.1603474572297e-05,-1.1603474572297e-05,-0.000209543550639957,-0.00456211592447975,-0.00227975966038851,-0.000441452743299209,-0.00085598123963937,-0.00301319212517459,-9.04662089595831e-06,-0.00147307214774361,-0.0118965864357641,8.99672658150052e-06,0.000336464397985736,-3.35961003443686e-05,-2.1676316607433e-05,-0.00207498997221922,2.18447793685073e-05,-0.00196020299083255,-0.00332483967639075,-2.1676316607433e-05,3.29357259341023e-05,-2.26820940651962e-05,-7.05337361406322e-06,-0.00225498803112956,-0.00128486755023971,8.99672658150052e-06,2.13658935406258e-05,2.81565035162856e-05,2.53088985804339e-05,-0.00381343450674887,-8.24020315803864e-05,-0.000904559527542759,-0.000405926839057713,-0.000372480359359884,6.12537233823929e-05,-0.00405479635836947,-2.1676316607433e-05,-1.87635659214536e-05,3.87155345364931e-05,-0.00238995533301622,2.69170683102615e-05,-0.00269475412944065,-0.00210769306153313,2.29956608688298e-06,-0.00035876062466178,-0.000134349572969761,5.95582615554591e-05,-2.1676316607433e-05,-2.6890956201342e-05,-2.26820940651962e-05,-2.1676316607433e-05,-2.06882430431321e-05,-0.000616046157859707,-0.00352004305811882,-0.00306305981889654,-2.68664544202935e-05,-0.00130439168995533,-9.04662089595831e-06,-0.000138532149437154,-0.00219639887320877,6.12537233823929e-05,-2.06882430431321e-05,2.69170683102615e-05,-0.000370064247940505,-0.00214907831010791,3.7382381758988e-06,4.38402600870802e-05,7.64963804034124e-06,0.158227814204291,-0.000959744724010392,7.75810806796784e-06,-3.24580608266345e-05,-0.00248841048332515,7.75810806796784e-06,-0.000436431713157326,-3.77848115640234e-06,-3.0591567110605e-06,-0.00227975966038851,-0.00143541941272929,-9.55444007226802e-05,-5.05985055090363e-05,-0.0005566051672794,-0.00199806911305345,-3.77848115640234e-06,-0.000953808741424034,-2.37060012722168e-05,-0.00149153655384993,-0.00195345460066765,-0.000109850025989289,-9.46002742665542e-05,0.000148751877868669,7.75810806796784e-06,3.87155345364931e-05,4.74392434970383e-05,-0.00108404934621031,-4.57518618102171e-06,5.12599105384481e-06,-0.00291902154292067,-5.78314892560883e-05,-0.000505552278319055,3.25788444337505e-05,-2.22704454433398e-06,-0.00230018949770283,-0.00434515082487952,2.64890146937091e-05,0.000123707279747087,-0.00234555519004154,-0.00110095530321352,-2.99587763663567e-06,-7.0533736149514e-06,-0.0009411735450362,2.03824288762533e-05,-0.000309766550768309,1.56035268794597e-06,-0.000725604533580615,-0.00231695022738254,1.48940031641231e-05,-0.0016475369813671,-6.42165737101408e-05,-0.000309766550768309,0.000106281163755106,-7.52460329271898e-05,-0.00122273885339474,-0.00221000578315067,-0.000203765928346478,0,-7.294133057556e-07,-0.000806795448180075,-3.24580608266345e-05,-0.000309766550768309,-0.00262508763219804,-0.00305332167545913,-0.000837052584688358,-9.884009017469e-06,-0.00260102151243036,-6.25853165256984e-05,-0.00772414566443791,0,-7.0533736149514e-06,2.73375500903228e-05,-3.71357142494588e-05
"20:16447367:C:T",-0.00197711156569458,-0.00468402037953064,9.71646741021459e-06,-0.00410171471176302,-0.0108778666673546,-0.00861891492390399,-0.0094868027631394,-0.00192352590209843,-0.0115312062881952,-0.011984922767259,-0.000118623891014025,9.71646741021459e-06,-0.008216107737407,-1.60297877247473e-05,-0.00275617547407148,-0.00721051351163293,-0.00312921654618936,-0.000347909398992208,-8.81931589740148e-05,-0.00147902034581548,-0.000776167866694877,-0.00787994175876827,-0.00225313807550442,-0.00272062732929035,1.47130455854239e-05,-1.60297877247473e-05,-4.56868689076018e-05,-0.0196533131680141,-0.0107447030830241,-0.000128120397042686,-0.000348242530395559,-0.00273233999749944,9.71646741021459e-06,-0.000922131826824213,-0.00438379179806958,-0.000617008931323326,0.000470556027340585,-0.000322579751800944,-0.00276063301820617,-0.000352132009052042,-0.00218392687140323,-0.0033056209062563,-0.000421284290414548,-0.00321980083232765,-0.00174193099033992,-0.00180166244630531,-0.000557187954177252,-0.000352132009052042,-0.00338639189034851,-0.000475821672153209,-0.00634318362561093,-0.0032253086503653,-1.60297877247473e-05,-0.00245130381092729,-0.00750956645296519,-0.000637689040509315,-0.00338150876291232,-0.000776167866694877,-0.000919414108071059,-0.00497737413100463,7.79172903824232e-05,-0.00110779860212062,4.24267348813068e-05,-4.56868689076018e-05,-0.0027181723238181,0.000470556027340585,-0.000473617331967269,-0.00180441933126385,-0.00187250848214937,-0.000637689040509315,-0.00062665075510715,1.01263061171863e-05,-0.00158569884744519,-0.00234718912346921,-0.000179056676018696,-0.00501760910390603,-5.13143071465549e-05,-0.0022132260254164,-0.00861579493306586,-0.000617773231919472,-0.000136317291922872,-0.000154949096375923,-1.30255028505388e-05,-0.00457362635067238,4.75875109167134e-05,-0.00110399921358262,-0.00110158015645867,-0.00075283056866482,-0.00207720522463184,-0.00473701291220685,-0.00902103517508746,-4.56868689076018e-05,-0.00100911190365061,0.000470556027340585,-0.000136317291922872,-0.00017851840810934,-0.00501304004885839,-0.00718376353624883,-0.000959744724010392,-0.000508822971367895,-0.000616427029290989,-1.60297877247473e-05,-0.000966400387233612,-0.000923224287546986,-0.00614424934436908,-0.00017851840810934,-0.00181738711130741,-0.00661531006848293,-0.0032254100876008,-5.44532224786565e-05,-0.000589688188743054,-0.00129244734186695,-0.000959744724010392,0.4857879700718,9.71646741021459e-06,-0.00131004427022852,-0.000680128668631319,9.71646741021459e-06,-0.000468039700206369,-0.00054817615092162,-0.00369602532998448,-0.00204558602327864,-0.00610501307882672,-0.00205261207849539,-0.00339781767000336,8.6418788569631e-06,-2.35764525253757e-05,-0.000153134417831602,-0.00866796151476068,-0.00134302411031495,-0.0066945882054803,-0.00268885697755117,-0.00202738389863466,-0.00332573547274029,-0.000814032083510163,9.71646741021459e-06,-0.00216717672710143,-0.00458748280941723,-0.00965418842730204,-0.000565959875062916,-0.000279042394960349,-0.000370672739898659,-0.00324376905229284,-0.00885653074388149,-0.00212672916239143,-0.00219119055012396,-0.00996141488894375,-0.000300159963078528,-0.00505193445887286,-0.00498821945448613,-0.00789453483252611,-0.00298351667419094,-4.91456624196474e-06,-0.000325245180622602,-0.00258227209422834,-0.000215676359367478,-0.00316307005711192,-0.00111890910862211,-0.00308829978480318,-0.00587987464414885,-0.00190052056341283,-0.0166847878653393,-0.000333957927502126,-0.00316307005711192,1.48853645445257e-05,-0.00533292606814495,0.00013902276288702,-0.00957218785167191,-0.00202780957401405,0,-1.13816755575868e-06,2.2808076316494e-06,-0.00215820752854423,-0.00316307005711192,-0.00212279878680199,-0.00406851948285158,-0.00475012487654469,-1.77986576472833e-05,-0.000606848810022154,-0.000179071743062309,-0.0102703993600657,0,-0.00038541313203666,-0.00176675966844719,-0.0065597554916037
"20:16449678:G:A",1.31985138205337e-05,-4.33219312707678e-05,-7.19518179792544e-06,9.75585167406479e-06,4.20204275677349e-05,0.000122750813876138,-0.000176789460057059,-1.65656722508345e-05,-0.000303447428849246,0.000138090594619555,-1.05953242170997e-05,-7.19518179792544e-06,0.000229764042411595,7.78077916763209e-06,2.06153396238307e-05,-4.98688053598428e-05,-5.13025971331516e-05,5.62071039782452e-05,1.91367401578546e-05,8.43188385601934e-06,2.64147541377824e-05,0.000228353157370798,2.28970819859953e-05,0.00014207013050882,-1.4449520564952e-05,7.78077916763209e-06,1.7691803494202e-05,-3.96004169660458e-05,-9.54307445102387e-05,0.000137918423495087,3.45583963605733e-05,8.39187322441148e-05,-7.19518179792544e-06,6.77226783256657e-05,0.000548770465385928,3.7474149809924e-06,1.8410388753054e-05,2.06153396238307e-05,-1.97551825218412e-05,9.75585167406479e-06,1.7691803494202e-05,8.59943877067337e-05,3.02453943428205e-05,-8.79640735638176e-05,9.75585167406479e-06,9.75585167406479e-06,-1.95350954816931e-05,9.75585167406479e-06,3.7474149809924e-06,-2.86841319576681e-05,-1.39172413762267e-05,-1.22843831880104e-05,7.78077916763209e-06,5.33383864045334e-05,-9.33417597464015e-05,-0.000183779493911018,0.000220235663907609,2.64147541377824e-05,1.7691803494202e-05,2.47033254652251e-06,-2.17637737822685e-05,-0.000152653818237702,-1.72167867926731e-05,1.7691803494202e-05,-3.53168015703176e-05,1.8410388753054e-05,5.71814736449738e-06,2.41471140718374e-05,3.36318596998453e-05,-0.000183779493911018,-2.12700145123534e-05,-2.91387123239062e-05,-1.60121443997241e-05,2.87601328707865e-05,-1.76534838702835e-05,-0.000226143407459745,8.47961752192816e-06,0.000154582241345125,-9.77168286402375e-05,4.16362250845737e-05,1.7691803494202e-05,1.5583353294879e-05,0.00116108593544784,-1.82660711889326e-06,-2.77595479065695e-05,9.73524258816028e-05,0.00182032951166811,-2.45053097280845e-06,-0.000276548473133964,-1.87163716427463e-05,-8.91984198858609e-05,1.7691803494202e-05,2.13671921578396e-05,1.8410388753054e-05,1.7691803494202e-05,1.69811899768391e-05,-3.5740978083787e-05,0.000198171858698082,7.75810806796784e-06,0.000230993282363201,4.24928204427744e-05,7.78077916763209e-06,8.6450424102047e-05,-0.000376520218819287,-9.77168286402375e-05,1.69811899768391e-05,-2.77595479065695e-05,-0.000167165292505267,3.90048909180152e-05,-3.67711621596101e-06,-5.13025971331516e-05,-0.000171016352695119,7.75810806796784e-06,9.71646741021459e-06,-0.00590274274177816,2.56504295226279e-05,-7.18468224594204e-05,-7.19518179792544e-06,6.22570678849854e-05,3.10528250935249e-06,-6.10238414404662e-05,3.7474149809924e-06,0.000165148628179956,6.48024026128624e-05,3.77767673551688e-05,0.000450912946927673,1.04289585758366e-05,3.10528250935249e-06,0.000104782146798321,1.91370806774671e-05,-5.12261188170271e-05,9.75585167406479e-06,-6.98468209119341e-05,-5.80229653319719e-05,0.000552667501591664,0.00182032951166811,-4.33211669559341e-05,-5.77723016927933e-05,9.1540150032543e-05,3.7474149809924e-06,-4.87614766786493e-06,7.85467240103088e-05,-3.01121428973872e-05,0.000211088654083369,-3.48877800577796e-05,1.84244523282473e-06,1.82487613953342e-05,-0.000268053265888746,-2.72893687878195e-05,0.000183030270879847,-0.000583698948931399,-3.04749997903642e-05,2.47033254652251e-06,5.71814736360921e-06,6.57882601453608e-05,-2.02658133652278e-05,-4.92228791753035e-05,-1.82660711978144e-06,-0.000276548473134852,-9.14790097885643e-05,-1.4885270381626e-05,4.21184043037925e-05,4.58715891529238e-05,-4.92228791753035e-05,-2.17637737822685e-05,5.25945093352576e-05,-3.87125371519303e-05,-0.000134113030442862,-6.37718665821296e-05,0,6.07392329321499e-07,0.000882068283840631,2.56504295226279e-05,-4.92228791753035e-05,4.59969585895337e-05,-6.82052908658193e-05,-5.84277548965062e-05,8.43188385601934e-06,2.34331792992037e-06,4.49287534287635e-05,-0.0001817587910935,0,5.71814736360921e-06,-2.82244393945419e-05,2.87601328707865e-05
"20:16451320:T:C",-5.10618376736716e-05,-0.0014980346808704,2.56504295226279e-05,-3.66216099534356e-05,-0.000989646679387057,-0.00251260355533489,-2.07381035810528e-06,5.50794302407454e-05,-3.24580608266345e-05,-0.00321450765767661,3.51925734145553e-05,2.56504295226279e-05,-0.00855604757097872,-2.83762147370581e-05,-7.82886785835046e-05,2.53649223891372e-05,0.000177119981079166,-0.000215883360569435,-7.61742229311579e-05,-3.10912649359452e-05,-0.000547096263881386,-0.0148832708689621,-8.79370729638396e-05,-0.00432975385343415,5.12560000736073e-05,-2.83762147370581e-05,-0.000613343821340706,-0.0106115685814245,-0.00269048775141822,9.49631139102181e-05,-0.000133627782321177,-0.0045805010635469,2.56504295226279e-05,-0.000262767142785059,-0.00439344829874511,-1.56226456891062e-05,-6.90008915338325e-05,-0.000595103226696203,6.84414173433012e-05,-3.66216099534356e-05,-6.59816364070309e-05,-0.000363873827426531,-0.000119268005555284,0.000290136522311357,-3.66216099534356e-05,-3.66216099534356e-05,6.18335810615989e-05,-3.66216099534356e-05,-1.56226456891062e-05,0.000100426494248573,4.90443373193372e-05,4.22461828621934e-05,-2.83762147370581e-05,-0.000203452517425262,0.000291367649942309,2.78688698394092e-05,-0.00215313918737703,-0.000547096263881386,-6.59816364070309e-05,-0.00378250218193443,7.68151685335283e-05,-0.00115842280635015,5.19459428707236e-05,-0.000613343821340706,0.000122490115131768,-6.90008915338325e-05,-2.38801242664621e-05,-8.94192177183228e-05,-0.000125946456990711,2.78688698394092e-05,7.47596271972739e-05,0.000102326357295901,5.27523513440542e-05,-0.000108910693413122,5.96456474744045e-05,-0.000399409555916996,-4.03502373247377e-05,-0.00299622970748814,0.000324542389228633,-0.000156564267684622,-6.59816364070309e-05,-5.71441367256398e-05,0.000149999149245517,3.25475764473282e-06,-0.00257340489755631,-0.000838815568800833,0.00064473113575847,5.86866284191245e-06,-0.000736765982254362,6.40982498536502e-05,0.000297365473429956,-0.000613343821340706,-8.14637223038872e-05,-6.90008915338325e-05,-6.59816364070309e-05,-6.29995425933672e-05,0.000124277482211888,-0.00512908936580736,-3.24580608266345e-05,0.000160995835778444,-0.000160223504365398,-2.83762147370581e-05,-0.000360272289502639,0.00054251019059226,0.000324542389228633,-6.29995425933672e-05,9.65571743458682e-05,-0.00406690954604105,-0.00394824489433088,1.09988435017527e-05,0.000177119981079166,2.28286075509843e-05,-3.24580608266345e-05,-0.00131004427022852,2.56504295226279e-05,0.160179293797064,-0.00264637527838296,2.56504295226279e-05,0.00130869534397515,-1.2938289682296e-05,-0.00401994361067803,-1.56226456891062e-05,-0.00147316829349275,-0.00244844232492891,-0.000143594272718595,0.00025645284711473,-3.94381423136636e-05,-1.2938289682296e-05,-0.00289711336304332,-7.20580045685537e-05,0.000168145184936463,-3.66216099534356e-05,0.00023098227547802,-0.00739720239408559,0.000289278896954848,2.56504295226279e-05,0.000149999149245517,0.00019728980687006,-0.00287045022962396,-1.56226456891062e-05,1.60028430391534e-05,-0.0013681341125853,-0.00778045757179058,-0.00255737057079131,0.00012068080181038,-7.66804448382175e-06,-0.00127267644564721,-0.00228066524863735,9.45868640158665e-05,-0.00469593961144277,-5.0809618699077e-06,-0.00039068998636882,-1.02869572842224e-05,-0.00117006908064621,-0.000118810195068875,7.05732136170312e-05,0.000168128747342955,3.25475764295646e-06,-0.00262914698954475,-0.00292707089863686,4.80073998403441e-05,-0.00146232500201826,-0.00200021838251274,0.000168128747342955,7.68151685335283e-05,-0.000851511158042939,-0.00309050268550504,0.000430680559681207,0.000214596369213282,0,-2.5251342048449e-06,0.000122490115131768,-9.57544379360797e-05,0.000168128747342955,-0.00702563565616998,-0.0029538132158935,-0.00311372028455015,-3.10912649359452e-05,-1.95713887825022e-05,-0.00197502850243314,-0.000819158658977415,0,-2.38801242673503e-05,9.85035737901541e-05,-0.000108910693413122
"20:16452047:T:C",0.000113698809156126,-0.000602022401107405,-7.18468224594204e-05,8.92360907833734e-05,-0.000802582461163048,-0.000352135821870547,-0.00145214366223723,-0.000975091442832365,-0.00150719096468865,8.21818591876244e-05,-0.00252818153182055,0.000502887914206163,-0.00318935522911579,7.51996797223597e-05,-6.49943321651136e-05,-0.00139370845375364,-0.000528393918997061,-0.00173101333042247,-0.000100295101622905,7.98270961999137e-05,0.000246209502532402,-0.00726069546588759,0.000202791794737145,-0.0039755243462043,-0.000144936938765383,7.51996797223597e-05,0.000165173682026065,-0.00538145529055445,-0.000106929400859102,-0.000565358165119711,-0.000191986603090832,-0.00399285379831138,-7.18468224594204e-05,-0.00146695664662833,-0.00232945062631762,2.60540390453201e-05,-0.00176167401279415,-0.00169047211406959,-0.000206777739005126,8.92360907833734e-05,-0.000278696328513739,-0.00110075348221628,-0.00288795013725629,-0.00015799216757717,8.92360907833734e-05,8.92360907833734e-05,-6.12462599276498e-05,8.92360907833734e-05,-0.000205546275740431,-0.000292261618006329,-0.000141464833760985,-0.000768146463612673,7.51996797223597e-05,0.000491322535814298,-0.00262981849386001,-0.00153130012212888,0.000637089979836691,0.000246209502532402,-0.00210124895137564,-0.00212692800577052,-0.000219289732662276,-0.0012602695612145,-0.000720737628462587,0.000165173682026065,-0.000365076714433421,-0.00176167401279415,-0.00310313412476138,0.000229594679653999,-0.00289046490185996,-0.00153130012212888,-0.000216214568690809,0.00221449378145611,-0.00199759162000568,-0.000712132922724429,-0.000193679062268082,9.7313655520459e-06,-0.000413181947644503,0.000780754712350173,-0.00057582194391248,0.000389930628270641,-0.00210124895137564,0.000149928957497991,-0.000446515925665913,-0.000246246924112015,-0.000745344459479824,-0.00694898203452254,-0.00309500768859738,-0.0028263214067028,0.000189839411426806,0.000123565346454413,-0.000462334283300336,0.000165173682026065,-0.00248367713387676,-0.00176167401279415,-0.00210124895137564,0.000160036182700551,-0.000367364612166909,-0.000883333928916041,-0.00248841048332515,-0.000346299727294941,0.000396318153334185,7.51996797223597e-05,-0.000957869538511957,-0.00143347393411553,-0.00057582194391248,0.000160036182700551,-0.00028684339586782,-0.00435984821654456,-0.0011229981211569,-4.80593813030339e-05,0.00375773790015366,-0.0015111314619336,-0.00248841048332515,-0.000680128668631319,-7.18468224594204e-05,-0.00264637527838296,0.198072928544484,-7.18468224594204e-05,-0.00140009764708893,-0.00292179078106525,-9.47140799123503e-06,2.60540390453201e-05,-0.00168795022547608,-0.00462872803745373,-0.00205090662278185,-0.00124083533268671,9.40193851972637e-05,2.1589432082969e-05,-0.000604834459076997,0.000175621127968206,-0.00393844910954133,8.92360907833734e-05,-0.00331621572691265,-0.00369352682351387,-0.00140905440481554,-7.18468224594204e-05,-0.000487979296096341,-0.000393566441605486,-0.00061721906302159,-0.00288878411959459,-5.61675848391729e-05,0.000705680842560064,-0.00481216303503107,-0.000957913182562109,-0.000362762356024504,1.28093847013844e-05,-0.00315664778377478,-0.00134352340604238,-0.00956759757854453,-0.00325390910558099,8.49229564003906e-06,-0.000196716590173729,1.71748251407422e-05,-0.000391099616523505,-0.00361140472655386,-0.000209959173414376,-0.00114127515729567,0.000112758505220079,-0.000725595665127088,-0.000893229078727131,-0.000411036018423516,-0.00141521938512401,0.000405974150690547,-0.00114127515729567,0.000372400496005731,-0.00190281879225296,-2.64031001560028e-05,-0.0019479996627858,-0.00207453306263794,0,4.22276069578231e-06,-0.000365076714433421,-0.00180479153838942,-0.00114127515729567,-0.00388029520195365,-0.00652443739191533,-0.00149358386388609,7.98270961999137e-05,-3.84887735451755e-05,-0.00138692949820207,-0.00298468829077958,0,-0.00140935811521548,-0.000289567932848733,-0.00210407147181879
"20:16453147:G:A",1.31985138205337e-05,-4.33219312707678e-05,-7.19518179792544e-06,9.75585167406479e-06,4.20204275677349e-05,0.000122750813876138,-0.000176789460057059,-1.65656722508345e-05,-0.000303447428849246,0.000138090594619555,-1.05953242170997e-05,-7.19518179792544e-06,-0.000236323649542847,7.78077916763209e-06,2.06153396238307e-05,-8.25068879706237e-06,-5.13025971331516e-05,5.62071039782452e-05,1.91367401578546e-05,8.43188385601934e-06,-0.00124835152556368,-0.000220102473156736,2.28970819859953e-05,-7.78838400661286e-05,0.00182032951166899,7.78077916763209e-06,1.7691803494202e-05,-3.96004169660458e-05,-9.54307445102387e-05,-2.88288036918161e-05,3.45583963605733e-05,8.39187322441148e-05,0.00182032951166811,6.77226783256657e-05,0.000548770465385928,3.7474149809924e-06,1.8410388753054e-05,2.06153396238307e-05,-1.97551825218412e-05,-0.000857307600126589,1.7691803494202e-05,8.59943877067337e-05,3.02453943428205e-05,-8.79640735638176e-05,9.75585167406479e-06,9.75585167406479e-06,-1.95350954816931e-05,-0.000857307600126589,3.7474149809924e-06,-2.86841319576681e-05,-1.39172413762267e-05,-1.22843831880104e-05,7.78077916763209e-06,5.33383864045334e-05,0.000183016481230425,-8.8471117924982e-06,0.000220235663907609,-0.00124835152556368,1.7691803494202e-05,2.47033254652251e-06,0.00182032951166811,1.99193744778725e-05,0.000136594998343398,1.7691803494202e-05,-3.53168015703176e-05,1.8410388753054e-05,5.71814736449738e-06,2.41471140718374e-05,3.36318596998453e-05,-8.8471117924982e-06,-2.12700145123534e-05,-2.91387123239062e-05,-1.60121443997241e-05,2.87601328707865e-05,-1.76534838702835e-05,-2.44975824550409e-05,8.47961752192816e-06,0.000154582241345125,-9.77168286402375e-05,4.16362250845737e-05,1.7691803494202e-05,1.5583353294879e-05,-4.33211669559341e-05,-1.82660711889326e-06,-2.77595479065695e-05,9.73524258816028e-05,-0.000295470784882568,-2.45053097280845e-06,6.63433836125549e-05,-1.87163716427463e-05,-8.91984198858609e-05,1.7691803494202e-05,2.13671921578396e-05,1.8410388753054e-05,1.7691803494202e-05,1.69811899768391e-05,-3.5740978083787e-05,-0.00026410711455771,7.75810806796784e-06,-4.96350511713928e-05,4.24928204427744e-05,7.78077916763209e-06,8.6450424102047e-05,-0.000376520218819287,-9.77168286402375e-05,1.69811899768391e-05,-2.77595479065695e-05,9.18411933987784e-05,3.90048909180152e-05,-3.67711621596101e-06,-5.13025971331516e-05,-7.64722095603076e-06,7.75810806796784e-06,9.71646741021459e-06,-7.19518179792544e-06,2.56504295226279e-05,-7.18468224594204e-05,0.00210390363314339,-0.000641076511906924,3.10528250935249e-06,-6.10238414404662e-05,-0.00023723189077085,0.000165148628179956,6.48024026128624e-05,3.77767673551688e-05,0.000450912946927673,1.04289585758366e-05,3.10528250935249e-06,0.000104782146798321,1.91370806774671e-05,-5.12261188170271e-05,9.75585167406479e-06,-6.98468209119341e-05,0.000191473113028806,-8.78180121661742e-05,-7.19518179792544e-06,-4.33211669559341e-05,-5.77723016927933e-05,9.1540150032543e-05,3.7474149809924e-06,-4.87614766786493e-06,7.85467240103088e-05,-3.01121428973872e-05,-3.95310725194165e-05,-3.48877800577796e-05,1.84244523282473e-06,1.82487613953342e-05,2.48212187692332e-05,-2.72893687878195e-05,-0.000149088218969418,1.22150336778759e-06,0.000226244759494953,2.47033254652251e-06,5.71814736360921e-06,6.57882601453608e-05,-2.02658133652278e-05,-4.92228791753035e-05,-1.82660711978144e-06,9.04409173587695e-05,-9.14790097885643e-05,-1.4885270381626e-05,4.21184043037925e-05,4.58715891529238e-05,-4.92228791753035e-05,-2.17637737822685e-05,-0.000627413305014812,-3.87125371519303e-05,-0.000134113030442862,-6.37718665821296e-05,0,-0.00204121466972396,-3.53168015703176e-05,2.56504295226279e-05,-4.92228791753035e-05,-1.93891442252792e-05,-6.82052908658193e-05,6.60703577537447e-05,8.43188385601934e-06,2.34331792992037e-06,4.49287534287635e-05,-0.0001817587910935,0,5.71814736360921e-06,-2.82244393945419e-05,2.87601328707865e-05
"20:16454004:C:T",-0.00157347927056595,-0.00111831530888562,6.22570678849854e-05,-9.36650403184913e-05,7.90956437954904e-05,-0.000845390641219357,-7.83673073474489e-05,-0.00212988242433632,3.30597063733507e-05,-0.00375187356255902,-0.00229909882317969,6.22570678849854e-05,-0.00968265422359682,-7.03087918694223e-05,-0.000202330006068507,5.03839014847074e-05,-0.000584975630934181,-0.00219080337417399,-0.0029467377264325,-7.79883298935857e-05,0.000355342056121088,-0.0106148911093595,-0.00029488100356545,-0.015154408573224,-0.000571624262221349,-7.03087918694223e-05,-0.0010052811533372,-0.0034116926832688,-0.00123181585309595,0.000211910536160431,-0.00266805994248909,-0.00297076699687349,-0.000641076511906924,-0.00356677738890543,-0.00315900386401857,-4.42591397415981e-05,-0.00338854118373444,0.000477058530499619,-0.00186781416952719,0.000336990927203296,-0.000167195151258959,-0.00573424625180241,-0.000445488295206076,0.000362618351436694,-9.36650403184913e-05,-9.36650403184913e-05,-0.000136732423923647,0.000336990927203296,-4.42591397415981e-05,-0.00100119135451582,0.000117783696214069,-0.00213952179271004,-7.03087918694223e-05,-0.000523087871030725,-0.00247795254005645,5.75576496926189e-05,-0.0016814461069834,0.000355342056121088,-0.00397610571883167,-0.0028749172133038,-0.00130879671048145,8.36032217739202e-05,-0.00484447425529222,-0.0010052811533372,0.000291242874035369,-0.00338854118373444,-0.000128769428319409,0.00134674939961954,-0.000318984342458251,5.75576496926189e-05,0.000179492957658844,0.000246072714236156,-9.53067977000899e-05,-0.000279963379605341,-0.00213787289289868,0.000169661486004724,-0.000127511285175963,-0.00334958671561481,9.88662134426832e-05,-0.00122249497009896,-0.000167195151258959,0.000959453694183487,0.000356899692955714,-1.32254535323284e-06,-0.00151171624805446,-0.000238648380468831,-0.000154629287751895,-6.70864877880817e-05,-0.00498089396152546,0.000149226431182647,0.000165181156053684,-0.0010052811533372,-0.000211429450629907,-0.00338854118373444,-0.000167195151258959,0.000894323895034077,-0.00112601455110983,-0.0019636970631316,-0.000436431713157326,0.000356739566587549,-0.000407820819837035,-7.03087918694223e-05,-0.00215731281177867,-0.00150983490461254,9.88662134426832e-05,0.000894323895034077,0.000229705451022966,-0.000327113336577867,-0.0041182546974623,-0.00251261404580738,0.00042109602409468,-0.000219165787384235,-0.000436431713157326,-0.000468039700206369,6.22570678849854e-05,0.00130869534397515,-0.00140009764708893,-0.000641076511906924,0.236642519990779,-3.66270258265189e-05,0.000669662893686418,-0.00281952744721714,-0.00362580006658675,0.00013726643502121,-0.000503575655194766,-0.00100580546421636,-0.000101666569435999,-3.66270258265189e-05,-0.000948783212216142,-0.000184515258243145,-0.00442055808405506,-9.36650403184913e-05,-0.000286312448023907,-0.00173433646332732,-0.00412330223167956,6.22570678849854e-05,-0.000968241613939824,0.000464718770389005,-0.000851510773795194,-0.00281952744721714,-0.00244834801550198,-0.0022691437678164,4.63518554578712e-05,-0.00112797663035202,-0.00274392650937738,-2.16757279121182e-05,-0.000174013926177885,-0.00287104065723298,0.000224100443997344,-0.00875553467408796,-0.00185140081258339,-0.00215309626359872,-2.90999317842378e-05,-0.000100417429115041,-0.00169064099192795,0.000167633464122297,-0.00286318409833619,-0.0017965003646534,-0.000578269508996421,-0.00705510959884315,0.000103143453002552,-0.00241009055560859,-0.00402863672895926,-0.00286318409833619,0.000185304049535873,-8.59391747125571e-05,-0.00111074571846004,-0.00253875867895648,-0.000270210796982973,0,-6.93913184912631e-05,0.000291242874035369,-0.000858291442535908,-0.00286318409833619,-0.00688182594256403,-0.000433587389713885,-0.0014261805679725,-7.79883298935857e-05,-0.00173388855490408,-0.00399157741944123,-0.00359462677332667,0,-6.78077899358698e-05,-0.00376754951787195,-0.000437046700126231
"20:16456283:C:T",-6.40312877386862e-06,1.53189635687667e-05,3.10528250935249e-06,-4.61503013227116e-06,-2.36161642614974e-05,-4.56597684568294e-05,-0.00203447285215752,6.71215514991275e-06,-0.00190210926694867,-0.00367741689724443,-0.00193578104538528,3.10528250935249e-06,-4.39962919713821e-05,-3.61447029373352e-06,-1.02506993497897e-05,-0.00216636722306074,1.75414253309469e-05,-3.2187633825842e-05,-0.00237792099450651,-3.94228513034278e-06,-1.33831130524342e-05,-3.90536444738743e-05,-1.1539555048401e-05,-0.00253821026829026,6.02044650488409e-06,-3.61447029373352e-06,-8.63561512787214e-06,1.354407812304e-05,-0.00159203732668889,-0.00234472171316025,-0.00262698970015496,-0.00164426129892359,3.10528250935249e-06,-4.05562732481712e-05,-4.33857687198724e-06,-1.78969144393193e-06,-9.0288231184843e-06,-1.02506993497897e-05,7.97275796582397e-06,-4.61503013227116e-06,-8.63561512787214e-06,-0.00117875431334546,-0.00236586743940936,-0.00143141517447987,-0.00171774535036295,-4.61503013227116e-06,-0.00200535662839396,-4.61503013227116e-06,-1.78969144393193e-06,1.11084516412063e-05,5.80233390490292e-06,-0.00283511071688736,-3.61447029373352e-06,-0.00292772670152797,-0.000338503544393021,-0.00204711845130667,-0.000119599491003264,-1.33831130524342e-05,-8.63561512787214e-06,-1.17236798580223e-06,8.74221733226932e-06,-1.00564742346876e-05,-0.00511529384035914,-8.63561512787214e-06,1.31881037317427e-05,-9.0288231184843e-06,-0.00229786139780952,-1.20715226259449e-05,-1.75280207095341e-05,-0.00204711845130667,8.55480877071102e-06,1.1267255848324e-05,6.48852070650463e-06,-1.47655349689302e-05,7.1474537959304e-06,-0.00213375671267801,-0.00456217418854798,-0.000124497099139198,-0.00112649460864755,-2.24098803576211e-05,-0.00358750435904387,-7.49601251381904e-06,1.54953118087775e-05,6.8280751186478e-07,1.07824854520544e-05,-0.00169856872575469,-0.00182967489747377,-0.00212179410408275,-0.00186853315520619,7.56741735408184e-06,-0.0012258001917349,-8.63561512787214e-06,-1.06726385640243e-05,-9.0288231184843e-06,-0.00358750435904387,-8.24917978103912e-06,1.33251346223773e-05,-0.000149451346556084,-3.77848115640234e-06,-0.00538900615878379,-0.00135217079985228,-3.61447029373352e-06,-5.51481784585306e-05,-1.29003793754023e-05,-0.00112649460864755,-8.24917978103912e-06,1.07824854520544e-05,-0.000539583716780534,-0.00181696317578783,-0.00209458151606245,1.75414253309469e-05,-0.00203351319485368,-3.77848115640234e-06,-0.00054817615092162,3.10528250935249e-06,-1.2938289682296e-05,-0.00292179078106525,3.10528250935249e-06,-3.66270258265189e-05,0.143509482167075,-0.00108106071500913,-1.78969144393193e-06,-0.00162740122272176,-3.8113618668234e-05,-2.01195726212688e-05,-0.000269323224058482,-4.96022646601091e-06,-1.4783337469737e-06,-0.00232103213501844,-9.1520448746607e-05,1.73446995201942e-05,-4.61503013227116e-06,-0.00158954520003363,-2.23998553812166e-05,-0.000223799521502421,3.10528250935249e-06,1.54953118087775e-05,1.89862950055186e-05,-0.0023578227209784,-1.78969144393193e-06,-0.00204485737025717,-4.89639979122103e-05,-2.98822449362746e-06,-0.00244662739598223,-0.00130274253760554,-8.71670333246755e-07,-0.0010360059524821,-1.2857862885518e-05,1.0615192467256e-05,-0.00222773224395478,-5.76120484652165e-07,1.10958673014139e-05,-1.17236798580223e-06,-2.75741018462838e-06,-3.88605899575012e-05,8.17015595711013e-06,1.69914144532157e-05,6.82807510088423e-07,-0.00559628630039377,-0.00204217157744413,-0.00114100874954826,-0.00242125421344586,-2.54210749579542e-05,1.69914144532157e-05,8.74221733226932e-06,-2.98337452635522e-05,1.38962935363196e-05,-0.00320496560741557,-0.00147530275597774,0,-2.85601567284743e-07,1.31881037317427e-05,-1.2938289682296e-05,1.69914144532157e-05,-0.00701018726145808,2.08918717339301e-05,-0.00606192310705023,-3.94228513034278e-06,-0.000130461006841109,-2.47871265282029e-05,-0.00217369478258078,0,-2.75741018462838e-06,1.09468830293835e-05,-1.47655349689302e-05
"20:16459061:G:A",-0.00166616407384979,-0.0123446433733037,0.000226244759494065,-0.000304848188418916,-0.00115979668322064,-0.00149753728600688,-0.00418178969278404,-0.00146120212078893,-0.00380086426243942,-0.00260398637217385,-0.00371256035946121,0.000226244759494065,-0.0071755816929322,0.000142197310924352,-0.0017515280724103,-0.00225199489585215,-0.00616785541036347,-0.00349591804680927,-0.000775779518970232,-0.0017484323861261,-0.00560388869581985,-0.00463738395281732,-0.00407352258503524,-0.00587333896339182,0.000172416099853301,0.000142197310924352,-0.0001194223650689,-0.00604024349483456,-0.00472480896377325,-0.00256032009535989,-0.000532573562704197,-0.00303824533373875,-6.10238414404662e-05,-0.00426202404519582,-0.00505062679341783,-0.0030003535296812,-8.52136801778869e-05,-0.00364726706451357,-0.00689716536985507,-0.0024898157709865,-0.0001194223650689,-0.0133501264663849,-0.00402017977489999,-0.00607873958849048,-0.00162541459565446,-0.00351802747213981,-0.00982958864172767,-0.0024898157709865,2.35625521725069e-05,-0.00318784171693398,-0.00196621461342961,-0.00532691720297773,0.000142197310924352,0.000348342534623125,-0.00439113285450698,-0.00258449168907493,-0.000404759909404362,-0.00560388869581985,0.000176517644423946,-0.000509584649287298,1.81171310105199e-05,-0.00193724305610576,-0.00381820868295835,-0.0001194223650689,-0.00502647609086893,-8.52136801778869e-05,-0.00332381617445687,0.000339265527834698,-0.000466505959416885,-0.00258449168907493,-0.00247948542725762,0.0005870911044914,-0.00125649268132078,-0.00150366315409478,-0.000888140576209562,-0.0148043137525553,-0.00383958919645266,-0.000440801104784061,1.7836091970036e-05,0.000136743145630724,-0.000325019911350033,0.0002542070763214,-0.000466119057754177,-0.000295617651157265,-2.22841025854237e-05,-0.00196948469969449,-0.00161336445072457,-0.00042642459132658,-0.0123829839345349,-0.000365478098164118,-1.36031365838285e-05,-0.0001194223650689,-0.00454586304631555,-8.52136801778869e-05,-0.000325019911350033,-0.000245746364385013,-0.00402072667617315,-0.00642937393204335,-0.00186174496188363,-0.00526421531227506,-0.00178491936973302,-0.000295979967208204,-0.00154436152102866,0.000250181539017458,1.7836091970036e-05,-0.000245746364385013,-0.00434221917044209,-0.00591330220371988,-0.00198477328801738,-0.000428662916488243,0.000129987803793696,-0.00129787910323698,-3.0591567110605e-06,-0.00369602532998448,-6.10238414404662e-05,-0.00401994361067803,-9.47140799123503e-06,-6.10238414404662e-05,0.000669662893686418,-0.00108106071500913,0.531430465895838,-0.00416766371916388,-0.00778930681143608,-0.00269974299916775,-0.00576670022686976,-0.00426200925892584,-0.00522734739795094,-0.000667319734416694,-0.00830182612317731,-0.00107486061617657,-0.00385272842905637,-0.00249556055442746,-0.00690988841302209,-0.00572174751675059,-0.00100792299791896,-6.10238414404662e-05,0.000461896471922074,-0.00281885177076635,-0.00790236930260058,-0.000583832201543011,-0.00052314325492997,-0.000542872192092592,-0.00631515203743405,-0.0111557622559362,-0.000580131654634997,-0.00617252473055796,-0.00281787095907493,-0.0021673739378274,-0.00755576308695272,-0.0194763496916748,7.47502676734513e-06,-0.00250638755324406,-0.00135895313540502,-0.000420191884864529,0.000534602790118299,-0.00184827121154552,-0.00265555627937664,-0.000259954719722177,-0.00882904725450873,-0.00955377762794329,-0.000813979235937179,-0.0100879477366149,-0.00145153008381538,-0.00265555627937664,0.000388694942416556,-0.00309765037375032,-0.00285293556508792,-0.0066849179584505,-0.000674396374329422,0,3.72212896948554e-06,-0.00482342114544743,-0.000679935053931935,-0.00265555627937664,-0.00386932597991274,-0.00414922016984187,-0.00723391553297681,-0.00144478482830568,-0.0128334484900248,-0.00185398349089549,-0.00383765192576568,0,-0.00220532442043453,-0.00400628389018731,-0.00896126791521645
"20:16459441:A:G",-7.73934799003229e-06,-0.000134729071016082,3.7474149809924e-06,-5.57424675395879e-06,-0.00249664878724154,-0.00193495324091408,-0.00224557654150548,8.09208269814121e-06,-0.0023855033919471,-0.00350185317798246,5.31710545548236e-06,3.7474149809924e-06,-0.00919459234960573,-4.36298639083788e-06,-1.23837077170563e-05,4.09022682035243e-06,2.11697997212212e-05,-0.00136917717386087,-1.16358135793249e-05,-0.00146082660464142,-0.00336070869563887,-0.00847605179921995,-1.39446070850369e-05,-0.00728453816127139,-0.000226289293992821,-4.36298639083788e-06,-1.04280976964688e-05,-0.00243872305142379,-0.00137027904376197,-0.00231360893535282,-2.21124153085839e-05,-0.00146517911261679,-0.00023723189077085,-0.00325587980443665,-0.00304642013253176,-0.00206344753586851,-1.09041710389945e-05,-0.00168227051406156,9.61867254112292e-06,-0.00294181044147734,-1.04280976964688e-05,-0.00963922818955343,-1.91792496186949e-05,-0.00296112650214386,-5.57424675395879e-06,-0.00171849386645917,9.28466838612252e-06,-0.00294181044147734,-2.1666840606116e-06,1.34053876266194e-05,7.00144534171443e-06,6.18140114383436e-06,-4.36298639083788e-06,-3.64073910175122e-05,-0.00389952040493213,4.40531494128038e-06,-0.00117239268036151,-0.00336070869563887,-1.04280976964688e-05,-1.41924713403796e-06,-0.00021551688964383,-0.000662945086072675,-0.0042777969535166,-1.04280976964688e-05,1.59143796869543e-05,-1.09041710389945e-05,-3.33852831513326e-06,-1.45732677303556e-05,-2.11639079354953e-05,4.40531494128038e-06,1.03233624999532e-05,1.35976367579005e-05,-0.00273075802862532,-1.78352130868475e-05,8.61928667905687e-06,-0.00425078365580323,-0.00243393615434595,-0.000184351619806122,2.95689809828303e-05,-2.705802952363e-05,-1.04280976964688e-05,-9.04847668792286e-06,1.86997246940379e-05,8.14335017196299e-07,1.3010740437025e-05,-0.00584691354510891,-0.000850250248561224,1.16370434177782e-06,-0.00276033364467754,9.12786068951732e-06,2.87536275234146e-05,-1.04280976964688e-05,-0.00014723821006779,-1.09041710389945e-05,-1.04280976964688e-05,-9.9602489340711e-06,1.60802914956903e-05,-0.00278468496515316,-0.00227975966038851,-0.00168158200974844,-2.77351844371054e-05,-3.67146961899323e-06,-0.000959298506277406,-0.0024877684742366,2.95689809828303e-05,-9.9602489340711e-06,1.3010740437025e-05,-0.00224242131795727,-0.00181570283795107,1.84400902725201e-06,2.11697997212212e-05,3.76933089007991e-06,-0.00227975966038851,-0.00204558602327864,3.7474149809924e-06,-1.56226456891062e-05,2.60540390453201e-05,-0.00023723189077085,-0.00281952744721714,-1.78969144393193e-06,-0.00416766371916388,0.251622556678959,-0.00560472075068752,-4.60164934201757e-05,-2.43021369543683e-05,-0.001832107654546,-0.0036769419697178,-1.78969144393193e-06,-0.00279422267828444,-1.13886629824478e-05,-0.00182485049861292,-0.00783527794182426,2.55997878788605e-05,-1.84900512758546e-05,-0.00139869314447871,3.7474149809924e-06,1.86997246940379e-05,2.2912732922542e-05,-0.00285180431864696,-2.1666840606116e-06,2.50068447016361e-06,-0.00132347147805678,-0.00220637098581378,-0.00572697220431362,1.57455285112462e-05,-0.00578707490332064,-0.00211280072409004,-0.00183540491458345,1.28081828121296e-05,-0.00378892750083093,-6.97404381355682e-07,-0.00384095331180401,-1.41924713403796e-06,-3.33852831513326e-06,-4.6920991482402e-05,-0.00143276102756396,-0.00885534006964583,8.14335015419942e-07,-6.12105679600461e-05,-0.00289422054883648,7.26431411557371e-06,-0.00684549064714801,-3.07246004851436e-05,-0.00885534006964583,1.05502346174902e-05,-9.35725973425505e-05,-1.35758892723103e-05,-0.00134169909334769,2.43351906501488e-05,0,-0.00411091983772316,-0.00404629386541089,-1.56226456891062e-05,-0.00885534006964583,-1.50549667421451e-05,-0.00175525588493031,-3.69884867854609e-05,-0.00146082660464142,-0.00238536502144893,-2.99564269887753e-05,-0.00323210944711949,0,-3.33852831513326e-06,1.32097817280297e-05,-1.78352130868475e-05
"20:16459976:T:G",-0.00131613808230036,-0.0101642356370295,0.000165148628179956,-0.000335624365229492,-0.00474090434587637,-0.00999295909813691,-0.00765265917814695,-0.00312817625610773,-0.00949532175862622,-0.00180150605420293,-0.000140221546536701,0.000165148628179956,-0.00549411083509765,9.23191095063558e-05,-0.00197984652057581,-0.00147047596572492,-0.00296088952359863,-0.00268267995914595,-0.000359019579221798,-0.00022955234783506,-0.000424727777623701,-0.00928691063020004,-0.00150317815248258,-0.00330027131827482,7.20674355338957e-05,9.23191095063558e-05,-0.000712764078940609,-0.00656542146318406,-0.0010470692770248,-2.81270794135757e-05,-0.000634980797301843,-0.00358459303597769,0.000165148628179956,0.000899568413379903,-0.012598224581077,-0.000137418934971656,2.69386632947288e-05,-0.0132617321935218,-0.00883049363140742,-0.0121184184979866,-0.000202039103527341,-0.0027155819818665,-0.00147653054574937,-0.0053460643184331,-0.00116823706188551,-0.0138077424552474,-0.00553152832938597,-0.0121184184979866,-0.000474750350809572,-0.00296205422163887,-0.000899948039029042,-9.90506908120636e-05,9.23191095063558e-05,-0.00100733345525228,-0.00585244817060593,-0.00575200222978367,-0.0191916178652884,-0.000424727777623701,0.000546447475615608,-0.000519451028300644,0.000480460360474666,-0.000974692309017033,-0.00589204939133348,-0.000712764078940609,-0.000437818869500006,2.69386632947288e-05,-0.000146677844291787,-0.00602459339319239,-0.00219918107096717,-0.00575200222978367,-0.00171061063793587,0.000401947759812948,-0.00155399248654309,-0.000461966854455653,-0.000329047654123116,-0.00338120913714324,-0.00647940994308005,-0.00112612966238101,-0.0005300215171955,-0.00533194063467501,-0.00076200749888411,0.000647187441182417,0.000883876590205723,-0.000506877632918012,-0.00072167513377952,-0.00239116686454599,-0.000177067206863946,-0.00126973920081941,-0.00330057203369627,0.000149605629024663,-0.000739836990097942,-0.000712764078940609,-0.00417239865748265,2.69386632947288e-05,-0.00076200749888411,-0.00293038611194252,-3.9246738185561e-05,-0.00538016200255109,-0.00322982380191927,-0.00456249548303145,-0.000215198030278252,-0.000199416486404758,-0.00112325109202249,-0.00545828898727763,-0.0005300215171955,-0.00293038611194252,0.000572959184865773,-0.00461863982337984,-0.000922331541513444,-0.00122078952095706,-0.000131389192802089,-0.0111651535928372,-0.00143541941272929,-0.00610501307882672,0.000165148628179956,-0.00147316829349275,-0.00168795022547608,0.000165148628179956,-0.00362580006658675,-0.00162740122272176,-0.00778930681143608,-0.00560472075068752,0.518789796675963,-0.000240957355825522,-0.0070718162757144,-0.000397034394796769,-0.00490910945419643,-0.000107604639893566,-0.00547938952899774,-0.00155731448785801,-0.000521682510401522,-0.00228425516850361,0.000605357872637935,-0.00495836968726726,-0.000714776548518703,0.000165148628179956,1.72548704586717e-05,0.000689522340616477,-0.00515986869087559,-0.000292466781763423,-0.00114977169849251,-0.00343047744231173,-0.00389091589059287,-0.00609428483295726,0.000486162061970496,-0.00600776886495868,-0.00120671914883053,-0.0015654483241101,0.000552888079821123,-0.00918345090754658,-2.23536936498903e-05,-0.00733030661595979,-7.85051097969003e-05,-0.00424802626750864,-0.00452813224607596,-0.00239144161201477,-0.00229322771543039,-0.000102717493781768,-0.00698924195133976,-0.00706581313551702,-0.0018554201344827,-0.000543001410699961,-0.00158125896185934,-0.00229322771543039,0.000239517196193084,-0.00121313955839986,-0.00924798280793793,-0.00224482488180522,0.000294953095889561,0,-2.71527625450574e-05,0.000723469546648481,-0.00147316829349364,-0.00229322771543039,-0.0187410883939356,-0.00167155753700188,-0.00218326718182738,-0.00022955234783506,-0.00419506273804293,-0.000764295558575601,-0.0191232244782773,0,-0.00152390774718558,-0.00534989011160292,-0.000480049272245431
"20:16466311:G:A",-0.000138572022015282,-0.00427737416753349,6.48024026128624e-05,-9.65368811964851e-05,-0.000571184569578165,-0.00405167416545016,-0.000425790174290341,0.00012813361741415,-0.000366758293177227,-0.00943548526947513,8.1195480295726e-05,6.48024026128624e-05,-0.00414909961508148,-7.25137619985716e-05,-0.000206706830796932,5.15406783483385e-05,0.000451091901338074,-0.000556572810983091,-0.000211564149729782,-8.04258105651101e-05,2.41795106603604e-05,-0.00444824888971507,-0.000234479973560298,-0.00211259234169425,0.00012971187580213,-7.25137619985716e-05,8.9680568038375e-06,-0.0115745554183819,-0.00488268153120153,0.000221021851237069,-0.000354692171941728,-0.00066495530808286,6.48024026128624e-05,-0.000677070475040509,-0.0056119785558133,-4.60164934201757e-05,-0.000347551073894614,-0.00277123202121121,0.000169060515320396,-9.65368811964851e-05,-0.000171250806153544,-0.00133158754246576,-0.000324527525505047,0.00072467486699157,-9.65368811964851e-05,-9.65368811964851e-05,0.000133840269382013,-9.65368811964851e-05,-4.60164934201757e-05,0.000253931344198044,0.000123028620682142,0.000102492546940169,-7.25137619985716e-05,-0.000109390741321214,-0.000980275356561755,5.90943316893799e-05,-0.00710490279259179,2.41795106603604e-05,-0.000171250806153544,-0.00614267115192746,0.000194728185564763,-0.00343457852530982,-0.000586111138813905,8.9680568038375e-06,0.000308271432245988,-0.000347551073894614,-7.03168774061069e-05,-0.000228658865487397,0.000244384623536043,5.90943316893799e-05,0.000188426032097233,0.000259851081963802,0.000121009776697711,-0.000284279518194097,0.000142115394238473,-0.000356963976644309,-0.000543620802371692,-0.00276376490350483,0.000827823323577448,-0.000400128304143266,-0.000171250806153544,-0.000145769462158718,0.00038005161644783,-1.94161814004445e-06,-0.00476863822831319,-0.000938343499459648,-0.0008961360669133,5.84268093284379e-06,-0.00149390758715739,0.000155753522302682,-0.00109280797629729,8.9680568038375e-06,-0.000215848534221408,-0.000347551073894614,-0.000171250806153544,0.000178196952261622,0.000313941734193968,-0.00584411722200784,-9.55444007226802e-05,-0.000456907980248999,-0.00041038729048104,-7.25137619985716e-05,-0.000143592773937051,-0.00202065233193238,-0.00124953339611444,0.000178196952261622,0.000241877343940544,-0.00418735669115744,-0.0005960859864933,2.11248966506261e-05,0.000451091901338074,-0.000365745271832196,-9.55444007226802e-05,-0.00205261207849539,6.48024026128624e-05,-0.00244844232492891,-0.00462872803745373,6.48024026128624e-05,0.00013726643502121,-3.8113618668234e-05,-0.00269974299916775,-4.60164934201757e-05,-0.000240957355825522,0.131135467934416,-0.00037291422429675,0.000629360197853757,-0.000104739392824627,-3.8113618668234e-05,0.00150420762592951,-0.00018876075812102,0.000399557664478856,-9.65368811964851e-05,0.000566936476559476,-0.00512354136801019,0.00072108957888517,6.48024026128624e-05,0.00038005161644783,0.000498980341511412,0.00155374062817071,-4.60164934201757e-05,3.60368312595227e-05,-0.000227904692111203,-0.00551183578385395,0.000970023998315916,0.00030253214528031,-2.25930740080926e-05,-0.00127394615970022,-0.000839753190899906,0.000235740474646029,-0.00234624675102957,-1.49719946129778e-05,-0.00251446907507535,-3.03063873179354e-05,-0.00115678235403571,0.00503810050239828,0.000175593581611899,0.000421261333444001,-1.94161814004445e-06,-0.000375856070471414,-0.000652130555716113,0.000106487655622267,-0.000292280716850613,-0.000988188363265863,0.000421261333444001,0.000194728185564763,-0.000447270343159722,-0.00051922738225052,0.00109391936826153,0.000535815280731988,0,-7.44150503173557e-06,0.000308271432245988,-0.000246746235287532,0.000421261333444001,-0.00477157554345009,-0.00165194003530722,-0.000841247727602301,-8.04258105651101e-05,-0.000861304730480406,-0.000951119520202326,-0.000216209918459498,0,-7.03168774069951e-05,0.000247940527443369,-0.000284279518194097
"20:16468665:C:A",-0.000161337022420049,-0.00457618605044008,3.77767673551688e-05,-0.00126542459573376,-0.00197359264352315,-0.00207010602477276,-5.34520898298751e-06,-0.00202691366196017,-5.05985055090363e-05,-0.00483093100219145,-0.00187437048420058,3.77767673551688e-05,-0.00442322009413321,-4.21586585925837e-05,-0.00125804382565686,3.51387909454104e-05,-0.000780831300540186,-0.000327574663963937,-0.000116989743297324,-4.63861064989857e-05,-0.000148658142324898,-0.00397383601317847,-0.00497886861283181,0.000344624779932801,7.53408533267219e-05,-4.21586585925837e-05,-9.88940884463219e-05,-0.00814906526040282,-0.00045817220733646,0.000135810241188139,-0.000203251698597917,-0.00118751707197617,3.77767673551688e-05,-0.000400408200947666,-0.00351347332795893,-9.36610280541927e-05,-0.000103617920562904,-0.000118170116214067,-0.00283326387789451,-0.000204452279411349,-9.88940884463219e-05,-0.00108819520121717,-0.00693233359949019,-0.00150964031022216,-5.5005748168746e-05,-5.5005748168746e-05,8.69268851557692e-05,-0.000204452279411349,-2.43021369543683e-05,0.000146878674444295,7.19180067036973e-05,6.13837255825089e-05,-4.21586585925837e-05,-0.000307811098148925,-0.00478946218919152,3.90393623446172e-05,-0.00581864969713042,-0.000148658142324898,-9.88940884463219e-05,-1.59912535409035e-05,0.000112687455875893,-0.000122233764622948,-0.00367948761895232,-9.88940884463219e-05,-0.00348290347957114,-0.000103617920562904,-0.00153249111235887,-0.00330819527263504,-0.000698284663005033,3.90393623446172e-05,0.000109510673174995,0.00014981167129946,-0.00207628016417161,-0.00016426095842359,8.60936839641724e-05,-0.000758539352056165,-0.00324948577547346,-0.00433737732638484,0.000464952971383603,-0.000614631709526137,-9.88940884463219e-05,0.00044182262697845,0.000218436494400898,-0.00165584585634448,-0.00163158767578597,0.00128145534189716,-0.000138340753442101,-0.00168309287095525,-0.00119369255552781,9.30031022408073e-05,0.000426785396911988,-9.88940884463219e-05,-0.00128986802839037,-0.000103617920562904,-9.88940884463219e-05,-0.000829859472585071,0.000181291130573413,-0.003947310126315,-0.00254709505079109,-0.00380494309214541,-0.000241260596398618,-4.21586585925837e-05,-0.000512098616091805,-0.000149106386401421,0.000464952971383603,-0.000829859472585071,-0.0038124849234844,-0.00747496917231061,0.000320779596972187,-0.00176912116037453,0.000257583230490965,-0.00145719708698788,-5.05985055090363e-05,-0.00339781767000336,3.77767673551688e-05,-0.000143594272718595,-0.00205090662278185,3.77767673551688e-05,-0.000503575655194766,-2.01195726212688e-05,-0.00576670022686976,-2.43021369543683e-05,-0.0070718162757144,-0.00037291422429675,0.267389620649068,-0.00167181218288981,-5.94000786975357e-05,-2.01195726212688e-05,-0.00382540862169334,-0.000108404368946324,-0.00210451077783347,-5.5005748168746e-05,-0.00188383860676211,-0.00504272336502964,-0.00151151133839367,3.77767673551688e-05,0.000218436494400898,0.000285815885284535,-0.00372786526950097,-2.43021369543683e-05,-0.00195281483422693,-0.00406986076619376,-0.00418895211527115,-0.00526994077361032,0.000175734268371919,-1.19161387397426e-05,-0.00530875801692687,-0.00301830941143511,-0.00407313658949793,-0.00757697849505945,-7.89321354854877e-06,-0.00146060867634912,-1.59912535409035e-05,-3.71861240768823e-05,-0.00590722671132404,-0.0028368419750775,-0.00132741773065437,2.96731771065595e-06,-0.0021964794511673,-0.0112814758567268,-0.00235903320829056,-0.00139955489226118,-0.00335429903263762,-0.00132741773065437,0.000112687455875893,-0.00250032056094529,-0.00376372454242624,-0.00126062831951046,-0.00214521076497665,0,-3.92148879413412e-06,0.000178530470313909,-0.000143594272718595,-0.00132741773065437,-0.00110748353378387,-0.00453354417904439,-0.00181048166080888,-0.000985258498144681,-0.00502492164990809,-0.00336801267902676,-0.00532944322973528,0,-3.71861240768823e-05,0.000143908326119657,0.00054466824539201
"20:16470481:T:C",-0.00263280738738736,-0.00303491683198409,-7.80831442224184e-05,9.55521974583817e-05,-0.000468031714112804,-0.018215270659673,-0.00515827045119899,-0.00217489680337302,-0.00641638273546263,-0.0118351954644793,-0.00261537766966136,-7.80831442224184e-05,-0.00373051977771377,8.09437143516334e-05,0.000198540913340928,-0.00244554267201824,-0.000350997308425249,0.000217834761800262,-0.00439358662005773,-0.00679941611359069,-0.000160517377036484,-0.013007491502409,-0.00234763892713818,-0.00447278696380904,0.000380024984504956,8.09437143516334e-05,0.000176600498228652,-0.00548203713243289,-0.00128848912103585,-0.000938419835413207,-0.00279580768861987,-0.000364262243962798,0.000450912946927673,-0.00170457812180036,-0.0177762752132384,-0.00013106161413301,-0.001797806318244,-0.000247402759478099,-0.00101785376789287,-0.00362343808502175,0.000176600498228652,-0.0054594555953682,-0.00446285810382019,-0.00160378064796429,-0.000143147179848313,-0.000507527749649128,-0.00544516620082636,-0.00362343808502175,2.71186839286841e-05,-0.000321388329986405,-0.000154511620493736,-0.00044501945275055,8.09437143516334e-05,0.000516588999816214,-0.00256415186287606,-0.00471790713705467,-0.0026210135486795,-0.000160517377036484,0.000176600498228652,1.78776377355305e-05,0.000810137976743341,-0.000870488825654547,-0.00355350062627124,0.000176600498228652,-0.00520769231736296,-0.001797806318244,-0.00317934257625474,-0.00231193303086386,0.000335082653455387,-0.00471790713705467,-0.000236936986920178,-0.000324079230366259,-0.00127491365516974,-0.0018285473823525,-0.00252590448126178,-0.00678846286790957,-0.00753440009976547,0.000632746949253082,-0.00240679784668529,0.000412462694861837,-0.00191383588591432,0.000160763197810887,-0.00585345125593761,-0.00466398611960006,-0.000817883565765065,-0.00027184494453536,-0.00253980664452946,-0.0029076639064689,-0.00285184372842862,-0.00116261123888073,-0.00189314022864107,0.000176600498228652,-0.000213558810674641,-0.001797806318244,-0.00191383588591432,0.000171264118123737,-0.000405671006938668,-0.000780895597485287,-0.00421411140964878,-0.00910822840705539,0.000419010096655903,-0.000651573104438974,7.58267948990365e-05,-0.000183784799057563,-0.00240679784668529,0.000171264118123737,-0.00483156715007915,-0.0010214709681402,-0.00130473204341452,-0.00292381097932193,-0.000587247682008574,-0.004309948196207,-0.0005566051672794,8.6418788569631e-06,0.000450912946927673,0.00025645284711473,-0.00124083533268671,0.000450912946927673,-0.00100580546421636,-0.000269323224058482,-0.00426200925892584,-0.001832107654546,-0.000397034394796769,0.000629360197853757,-0.00167181218288981,0.441191504575066,-0.00839598075128656,-0.000135715336187836,-0.0011538459709457,0.000187449782178106,-0.000407496202872615,-0.00981443139007343,-0.00807613214374303,-0.000722747383282929,0.00282754783744643,0.000450912946927673,-0.0075590151981455,-0.00085532555451362,-0.00102424345807739,2.71186839286841e-05,-0.0013093809871485,-0.000381461355325463,-0.000356253528525308,0.000508982937886593,-0.00533429363389093,-0.00789746744649999,0.000161543128292863,-0.000388621540628797,-0.000313129422339742,-0.00381942722100881,-0.0018757871907269,-0.0123631379012048,-0.00747974796337214,4.13774219012453e-05,-0.000857098232544651,-0.000898284113967307,-0.0119971794998861,-0.001216032400432,-0.00567961698383534,-0.0031393171168137,-0.00206147231504339,-0.00237124670832722,-0.0019734252112853,-0.0119971794998861,-0.000240089853711822,-0.00151107303342624,-0.00186814382244549,-0.000664312878429385,-0.00538700661868496,0,-0.000153819488879492,-0.00176339595138053,-0.00267898424919721,-0.0119971794998861,-0.00554637420696968,-0.000669318299144628,-0.0054128473962507,-0.00210398660932398,0.00034935934247482,-0.000926370207301019,-0.00367260744983744,0,-0.00271132896420578,-0.00563255941399632,-0.0018285473823525
"20:16471989:G:A",-2.04370803995602e-05,-0.000957643608670011,1.04289585758366e-05,-1.48014111820416e-05,-7.00737622647551e-05,-0.00217800025664605,-0.00267474779495558,2.2934391220808e-05,-0.00282233723171377,-0.00269498099590049,1.47509723840145e-05,1.04289585758366e-05,-0.0065488293490672,-1.15959004727273e-05,-3.1837044558003e-05,-0.00252890681626461,6.97338887336585e-05,-9.05481323378865e-05,-0.00280017566748647,-0.0011795870152973,-4.07309218344309e-05,-0.00289222285516733,-3.56689928340259e-05,-0.00623905691965732,2.07294228831145e-05,-1.15959004727273e-05,-2.6966789422822e-05,-0.00233193785323405,-0.000959750253960223,-3.4660317343338e-05,-0.00306481582091411,-0.00125232192490721,1.04289585758366e-05,-0.00123388534986368,-0.00156778432190308,-0.00177791726165744,-2.81597606299755e-05,0.000228986222767347,2.78383291414386e-05,-1.48014111820416e-05,-2.6966789422822e-05,-0.00348467852398038,-4.8194779004973e-05,-0.00258652461905928,-1.48014111820416e-05,0.000208530221975423,-0.00238879920776203,-1.48014111820416e-05,-5.9921786270678e-06,4.02537818580129e-05,1.99084086967005e-05,1.73805530723214e-05,-1.15959004727273e-05,-8.53435577168327e-05,0.000115396684336133,-0.00266115870042594,-0.000351484208792385,-4.07309218344309e-05,-2.6966789422822e-05,-3.94192323227571e-06,3.08989256456726e-05,-4.12709068937644e-05,-0.00112357148085529,-2.6966789422822e-05,4.89709919335723e-05,-2.81597606299755e-05,-9.17268401856575e-06,-3.69042470067527e-05,-5.22205772703899e-05,-0.00266115870042594,3.01485338560781e-05,4.09349496894862e-05,-0.00242670522729593,-4.47168036217249e-05,2.46129950625118e-05,-2.0663617355865e-05,-0.00138287601969811,-0.00353413885834275,0.00012359571209597,-6.53193081889825e-05,-2.6966789422822e-05,-2.3481808076653e-05,5.94950712811126e-05,1.95340102671082e-06,3.88649278972863e-05,-0.00304853832866758,-0.000355743032594447,2.94614158669049e-06,-0.000159366787696236,2.62470647260926e-05,0.000114161052063189,-2.6966789422822e-05,0.000209409973727759,-2.81597606299755e-05,-2.6966789422822e-05,-2.57896781246103e-05,4.96002809988738e-05,-0.00298875672066234,-0.00199806911305345,-0.00347868071935764,-6.68237480843104e-05,0.000278188693553894,-0.000144368012102269,-3.96653780967426e-05,0.00012359571209597,-2.57896781246103e-05,3.88649278972863e-05,-0.00106370918558163,-0.0015628582041618,4.89185215091226e-06,6.97338887336585e-05,-0.00265173485599934,-0.00199806911305345,-2.35764525253757e-05,1.04289585758366e-05,-3.94381423136636e-05,9.40193851972637e-05,1.04289585758366e-05,-0.000101666569435999,-4.96022646601091e-06,-0.00522734739795094,-0.0036769419697178,-0.00490910945419643,-0.000104739392824627,-5.94000786975357e-05,-0.00839598075128656,0.174313829363711,-4.96022646601091e-06,-0.00229090573679347,-2.93689086161564e-05,6.79341490901209e-05,-0.00273483975862199,9.10632289956581e-05,-0.00202200102160788,-0.00174613222071418,1.04289585758366e-05,5.94950712811126e-05,7.7542438071454e-05,-0.00233692876982428,-5.9921786270678e-06,6.78625804351185e-06,-0.00110560873676402,-0.00188913247598244,-0.00510388983505639,4.83335198318002e-05,-0.00192041862351289,-3.10906319596072e-05,-0.0015697146768181,3.81568990626135e-05,-0.00481522694303749,-1.94521041141371e-06,-0.00500366371519512,-3.94192323227571e-06,-9.1726840203421e-06,-0.000106567072029051,2.86184255822164e-05,-0.00337945923455774,1.95340102582264e-06,-0.00180307269066304,-0.00220655467515574,2.03289704012732e-05,-0.00240321154642142,-7.36803043022149e-05,-0.00337945923455774,3.08989256456726e-05,-0.00131242129044207,-0.000256113858196905,-0.00164308104255451,8.44137770412701e-05,0,-9.66290887305377e-07,-0.00372363835565004,-3.94381423136636e-05,-0.00337945923455774,-0.00154548345168593,8.86163868258905e-05,-0.00151060357872712,-0.0011795870152973,-0.00209892389323052,-7.19992960229732e-05,-0.00283887223009049,0,-9.1726840203421e-06,3.95638309891311e-05,-4.47168036217249e-05
"20:16472499:G:A",-6.40312877386862e-06,-0.00252465934374868,3.10528250935249e-06,-4.61503013227116e-06,-0.00146571284151076,-0.00205714096031606,-0.00203447285215752,6.71215514991275e-06,-0.00190210926694867,-0.00026246904022198,-0.00193578104538528,3.10528250935249e-06,-0.00355424616986877,-3.61447029373352e-06,-1.02506993497897e-05,-0.00216636722306074,1.75414253309469e-05,-3.2187633825842e-05,-0.00191065442297322,-3.94228513034278e-06,-1.33831130524342e-05,-0.00113657824752522,-1.1539555048401e-05,-0.00424725224539202,6.02044650488409e-06,-3.61447029373352e-06,-8.63561512787214e-06,-0.00212637549345107,-0.00159203732668889,-0.00234472171316025,-0.00171284561270113,-0.00148379090590911,3.10528250935249e-06,-4.05562732481712e-05,-0.000161680438694134,-1.78969144393193e-06,-9.0288231184843e-06,-1.02506993497897e-05,7.97275796582397e-06,-4.61503013227116e-06,-8.63561512787214e-06,-0.00204670775614524,-0.00236586743940936,-0.00143141517447987,-4.61503013227116e-06,-4.61503013227116e-06,-0.00224714412790838,-4.61503013227116e-06,-1.78969144393193e-06,1.11084516412063e-05,-0.00631219127878957,5.12498737847977e-06,-3.61447029373352e-06,-3.01457346143508e-05,-0.000165123173651693,-0.00204711845130667,-0.000202866309738425,-1.33831130524342e-05,-8.63561512787214e-06,-1.17236798580223e-06,8.74221733226932e-06,-1.00564742346876e-05,-0.00231512494874764,-8.63561512787214e-06,-0.00407777981798407,-9.0288231184843e-06,-0.00229786139780952,-1.20715226259449e-05,-1.75280207095341e-05,-0.00204711845130667,8.55480877071102e-06,1.1267255848324e-05,6.48852070650463e-06,-1.47655349689302e-05,7.1474537959304e-06,-0.00213528135166285,-0.00204982185130476,-0.00015872790120941,-0.00112649460864755,-2.24098803576211e-05,-8.63561512787214e-06,-7.49601251381904e-06,1.54953118087775e-05,-0.00220579176794544,-0.00129561647477328,-0.00162572598286559,-1.07887056222111e-05,-0.00212179410408275,-0.00039584300849338,7.56741735408184e-06,-0.0012258001917349,-8.63561512787214e-06,-1.06726385640243e-05,-9.0288231184843e-06,-8.63561512787214e-06,-8.24917978103912e-06,1.33251346223773e-05,-6.40164207412752e-05,-3.77848115640234e-06,-0.00245051519215966,-2.2969121469707e-05,-3.61447029373352e-06,-5.51481784585306e-05,-1.29003793754023e-05,-0.00112649460864755,-8.24917978103912e-06,-0.00379295091338605,-0.000870367624662194,-2.11150975966135e-05,-0.00209458151606245,1.75414253309469e-05,3.13325132417219e-06,-3.77848115640234e-06,-0.000153134417831602,3.10528250935249e-06,-1.2938289682296e-05,2.1589432082969e-05,3.10528250935249e-06,-3.66270258265189e-05,-1.4783337469737e-06,-0.000667319734416694,-1.78969144393193e-06,-0.000107604639893566,-3.8113618668234e-05,-2.01195726212688e-05,-0.000135715336187836,-4.96022646601091e-06,0.133479884975573,-0.000139499445262814,-9.42896301925344e-06,-0.00255571383202557,-4.61503013227116e-06,2.12146327065454e-05,-0.00182887729619452,-0.000208039669395532,3.10528250935249e-06,1.54953118087775e-05,-0.000972064139194373,-0.00016392974446866,-1.78969144393193e-06,-0.00204485737025717,-0.00134295901288262,-0.0019792725539256,-0.00260236827344151,-0.00130274253760554,-8.71670333246755e-07,-0.00213802252780493,-0.00186198611560506,1.0615192467256e-05,-0.000108054582036665,-0.00244024523752095,-0.00240847411291423,-1.17236798580223e-06,-2.75741018462838e-06,-3.88605899575012e-05,8.17015595711013e-06,1.69914144532157e-05,6.82807510088423e-07,-0.00180875577306061,-0.0026789144222672,6.02878723743316e-06,-0.000670606067575186,-2.54210749579542e-05,1.69914144532157e-05,8.74221733226932e-06,-0.00157638499519841,-0.00241187515480235,2.43758080173961e-05,2.01659165242063e-05,0,-2.85601567284743e-07,1.31881037317427e-05,-1.2938289682296e-05,1.69914144532157e-05,-0.00356477670708077,-0.00307149450898248,-0.00202001954028574,-3.94228513034278e-06,-5.12131295193896e-05,-2.47871265282029e-05,-0.00313023182394279,0,-2.75741018462838e-06,1.09468830293835e-05,-1.47655349689302e-05
"20:16472825:G:A",0.000244101557265619,-0.000412708529357264,-0.00047549047261608,-0.000478629770054084,-0.00167569904117038,-0.00601453437470401,-0.00349517892351381,-0.00189275653294807,-0.00302833914699852,-0.00761689369825103,-0.00191837721036681,0.000104782146798321,-0.000346035153005797,-0.000216465011911637,-0.00434557512409439,-0.00342179632771744,-0.0025887055827214,-0.0031266769068532,-0.00680782305495953,-0.00014373889731889,-0.00863805202464718,-0.00345539853830701,-2.4161459200478e-05,-0.0206465130713513,0.000203517478630566,-0.000216465011911637,-0.00182950932429193,-0.00541184882106949,-0.00624515258853631,-7.39280433852407e-05,-0.00560185163626636,-0.00570442075402156,0.000104782146798321,-0.000737038450144833,-0.0145607902183773,-0.00123239594188806,-0.001623675184387,-0.00447224543132752,0.000289958722930805,-0.000475195776079573,-0.00350869575555546,-0.0162866107270387,-0.000448168095049883,-0.00845372908997843,-0.00366770871637634,-0.00628695000295831,-0.0117524483695233,-0.000475195776079573,-0.000154171553890414,-0.00207463059872914,-0.00132340126187547,-0.000799187657325007,-0.000216465011911637,-0.0017878328861034,-0.00327254872348792,-0.0013952686125065,-0.00861119573518465,-0.00863805202464718,-0.00128823164780023,-0.00352738685428911,0.000382650277032326,-0.00372424182254782,-0.00467404691928275,-0.00182950932429193,-0.00163835649695798,-0.001623675184387,-0.00528672890227444,-0.00214844025670224,-0.00109194586460681,-0.0013952686125065,-0.00162656294849217,-7.10764218014859e-05,-0.00239394259621628,-0.000521167713771309,-0.00238620289649916,-0.0117363410410531,-0.00565311936584934,-0.00476104280130807,-0.0018779104130644,-0.00951542827071172,-0.00298939075461391,-0.000263974474587592,0.000579424211471391,-0.0010259567540416,-0.00327985727099556,-0.00201403434949565,-0.00204986909781057,-0.00424743555937512,-0.0124896484329367,0.000318731932276606,-0.00170221839576268,-0.00182950932429193,-0.00294968519050132,-0.001623675184387,-0.00298939075461391,-0.00082155822063168,-0.00141276236801691,-0.00831563770820098,-0.0050550590051559,-0.0104260046146347,-0.00131062589421838,-0.000126993987590751,0.00182014351942783,-0.00402884679921778,-0.0018779104130644,-0.00082155822063168,-0.000252364344420997,-0.00246706811397779,-0.00642445999513042,-0.000361999605784646,-0.000294169016676449,-0.00091786422782647,-0.000953808741424034,-0.00866796151476068,0.000104782146798321,-0.00289711336304332,-0.000604834459076997,0.000104782146798321,-0.000948783212216142,-0.00232103213501844,-0.00830182612317731,-0.00279422267828444,-0.00547938952899774,0.00150420762592951,-0.00382540862169334,-0.0011538459709457,-0.00229090573679347,-0.000139499445262814,0.529742598335881,-0.000465145748462348,3.20284762489464e-06,-0.00355654403129346,-0.00209728787867913,-0.000325219750525907,-0.000673497006198343,0.000104782146798321,-0.00297280112152798,0.000761747781319322,-0.00165573147815579,-0.000712493302146733,-0.0029526163570841,-0.00115800744406558,-0.00108101776664515,-0.00301180408988122,-0.000965432301827995,-0.00306053021745178,0.000222820285316505,-0.00247005838204473,-0.000598444399160236,-0.00654322379460126,-0.00253563473970075,-0.00510898190116338,-0.000501032140543423,-0.000185340014545954,0.000284182312510595,-0.000872395298099349,-0.00148077855664752,-0.00579993981323002,-0.00528443005338763,-0.0057442455407597,-0.00183855084682039,-0.00152725070286941,-0.00161548489023966,-0.00148077855664752,-0.000257523473422339,-0.00322378246382904,-0.00366420542011658,-0.0112267603743383,-0.00462131965372148,0,-1.45174552415028e-05,-0.000535644825945703,0.000725247136244889,-0.00148077855664752,-0.00519231611066973,-0.00102009777442813,-0.00253369121127855,-0.00607410820268584,-0.0106379675925137,-0.00356547064132995,-0.00581350852801199,0,-0.00169025662084454,-0.0017328367409748,-0.00442184839176951
"20:16475205:C:T",-3.79265100649562e-05,-0.00196281790105424,1.91370806774671e-05,-2.72985728972941e-05,-0.00154313159644559,-0.00043975039340971,-9.46513841526553e-07,-0.00189280128596536,-2.37060012713286e-05,-0.00279392041176774,2.66034949403249e-05,1.91370806774671e-05,-0.00338428082810083,-2.12450007754938e-05,-5.85796666570104e-05,1.95297360221502e-05,0.000129853728650708,-0.00354632038492753,-0.00165605495271937,-2.32371161787981e-05,-7.44666210978906e-05,-0.00203791965025335,-6.5750557033617e-05,0.00033744307484973,3.81303109779907e-05,-2.12450007754938e-05,-4.94538724780114e-05,-0.000893259532724677,-0.00169263124236529,7.12578468355929e-05,-0.00149339483393529,-0.0040910000000256,1.91370806774671e-05,-0.00341894641675289,-0.00284995673919841,-1.13886629824478e-05,-5.16904851250999e-05,-5.85796666570104e-05,5.1025043381614e-05,-2.72985728972941e-05,-4.94538724780114e-05,-0.000316461279333602,-8.91352288547864e-05,-0.00154217361576325,-0.00012859896998485,-2.72985728972941e-05,-0.00190635332949363,-2.72985728972941e-05,-1.13886629824478e-05,7.43363259143592e-05,3.65458804223451e-05,3.16704549581104e-05,-2.12450007754938e-05,-0.00078758309074356,-0.00500168377725085,2.13335800403058e-05,-0.00286340444761013,-7.44666210978906e-05,-4.94538724780114e-05,-7.49452848491927e-06,5.69766840818886e-05,-5.89559788295446e-05,-0.0019798780650957,-4.94538724780114e-05,9.05241956061786e-05,-5.16904851250999e-05,-1.74243560975285e-05,-6.73343776416147e-05,-0.000852313649600589,2.13335800403058e-05,5.55168423739261e-05,7.56731310147529e-05,3.98412641553492e-05,-8.1887161752725e-05,-0.00222823359898872,-0.00109878617879922,-0.00177199945678286,-0.00728113427667232,-0.0012138204910368,-0.000118642429680627,-0.000846557376865675,-4.29154458378989e-05,0.000110398698859093,2.92345498564828e-06,7.16117594921073e-05,-0.00139094621572067,-6.47582424910809e-05,4.82013232439016e-06,-0.000895001177110721,4.79333299496787e-05,-0.00133117769389024,-4.94538724780114e-05,-6.09378299696317e-05,-5.16904851250999e-05,-0.000846557376865675,-4.7246194126771e-05,9.17704687948273e-05,-0.000690148356669695,-2.37060012722168e-05,-0.00204499184236262,0.00100384549770993,-2.12450007754938e-05,-0.00450278659970671,-7.32205885380921e-05,-0.0012138204910368,-4.7246194126771e-05,7.16117594921073e-05,-0.00165289924211098,0.000152310477758988,8.53934713251903e-06,0.000129853728650708,1.77014974029888e-05,-2.37060012722168e-05,-0.00134302411031495,1.91370806774671e-05,-7.20580045685537e-05,0.000175621127968206,1.91370806774671e-05,-0.000184515258243145,-9.1520448746607e-05,-0.00107486061617657,-1.13886629824478e-05,-0.00155731448785801,-0.00018876075812102,-0.000108404368946324,0.000187449782178106,-2.93689086161564e-05,-9.42896301925344e-06,-0.000465145748462348,0.113105017448426,-0.00197276234014776,-2.72985728972941e-05,0.000169335115721481,0.000139501741900361,0.000210069192912776,1.91370806774671e-05,0.000110398698859093,0.000144480304247629,-0.000476580086235856,-1.13886629824478e-05,1.2162861531273e-05,-0.00366138354567092,7.08270144667011e-05,-0.00106515071220237,8.9262030508408e-05,-5.58487821944453e-06,-0.000125164098751185,-0.00276341469173946,7.02233505167627e-05,-0.00171967227502723,-3.69954311540965e-06,-0.00207786092364426,-7.49452848491927e-06,-1.74243560984166e-05,-0.000192074828387234,5.25413771184091e-05,0.000123723230005091,-0.00209749765286027,-0.000280136077951632,-0.00166788037544929,-0.000612254716960692,-0.000549357949061857,-0.00304311396360291,0.000123723230005091,5.69766840818886e-05,-0.000154531923697299,-0.0020508205032197,-0.00126876440555268,0.000157179727811041,0,-1.83806574227674e-06,9.05241956061786e-05,-7.20580045685537e-05,0.000123723230005091,-1.03580615151699e-05,-0.00200476702865782,-0.000206078649715558,-2.32371161787981e-05,0.00148656307842554,-0.00306038479361437,-0.00162497703934772,0,-0.00176027696563175,7.29826420018398e-05,-8.1887161752725e-05
"20:16483210:C:G",-0.00173927656182915,-0.00371061280518692,-5.12261188170271e-05,6.41893465687104e-05,-0.0017304695215401,-0.000409792023874367,-0.00487885716211522,-0.00127070051001699,-0.00452743575753711,-0.0089038999813007,-0.000171027679723323,-5.12261188170271e-05,-0.000558085082651871,5.31808478232421e-05,0.000132927265691585,-0.00521367897938685,-0.000640212791885197,-0.00307891601411203,-0.00384430374728328,-0.00505739532112415,0.000172318205643229,-6.13938479392395e-05,-0.00180789770674927,0.000531197689485285,-0.000104121367250798,5.31808478232421e-05,0.00011681374758421,-0.00597384506376208,-0.000415935072768825,-0.000305146881571794,-0.00417547404584706,9.9511441874256e-05,-5.12261188170271e-05,-0.00519425317046629,-0.00952235207873953,-0.00234982323242061,0.000120781520589475,-0.00209806531514278,-0.0012453259776013,-0.00240962986138271,0.00011681374758421,0.000437140998230667,-0.000247074595255192,-0.000501213482870355,6.41893465687104e-05,6.41893465687104e-05,-0.00151181488040031,-0.00240962986138271,2.09235102985872e-05,-0.000212624958855656,-0.00670058217299285,-9.21567097433851e-05,5.31808478232421e-05,-0.00465861213873797,-0.00408189737550302,-0.00240842110382911,-0.00293250961910729,0.000172318205643229,-0.00371228252599209,1.380325699607e-05,0.000269742210405433,-0.00357850052898545,-4.04092706514092e-05,0.00011681374758421,-0.00111830884537589,0.000120781520589475,-5.27914424708342e-06,0.000159920174980677,-0.000439809006921976,-0.00240842110382911,-0.000156028079483228,-0.000215033538723652,-0.00131288188561829,-0.00222982040660469,-0.00147595450497207,-0.00395005278734128,-4.48397889156738e-05,0.000141316012836512,-0.000543547660097232,-0.00203902347552631,0.00011681374758421,0.000105144920158118,-0.000329371071570606,-0.00251055030798586,-0.00086930431132437,-0.000514421492464834,-0.0018020337336635,-7.33800651593342e-05,-0.00404058097152227,-0.000142145718974085,-0.000445578021158077,0.00011681374758421,-0.00449320812493248,0.000120781520589475,0.00011681374758421,0.000112885426189813,-0.000268865252251338,-0.00254986936210955,-0.00149153655384993,-0.000618230090903005,-0.00260496448175651,5.31808478232421e-05,-0.0020104627726063,-0.00185036958650286,-0.00218016091667206,0.000112885426189813,-0.00086930431132437,-0.00414934226109054,-0.00377756752129255,-8.88329831907342e-05,-0.000393203073350001,-6.65932971806171e-05,-0.00149153655384993,-0.0066945882054803,-5.12261188170271e-05,0.000168145184936463,-0.00393844910954133,-5.12261188170271e-05,-0.00442055808405506,1.73446995201942e-05,-0.00385272842905637,-0.00182485049861292,-0.000521682510401522,0.000399557664478856,-0.00210451077783347,-0.000407496202872615,6.79341490901209e-05,-0.00255571383202557,3.20284762489464e-06,-0.00197276234014776,0.280538394220839,6.41893465687104e-05,-0.000878864274327817,-0.002725146818225,-0.00131112038405945,-5.12261188170271e-05,-0.000720264836187923,-0.000938873144768593,0.000180273331627401,-0.00510984551962945,-0.00159226530061751,-0.0028014617492973,-0.00189466045123243,0.000601675458829387,-0.00108097758354386,1.0298616119897e-05,-0.000104303360395797,-0.00426342368323773,-0.00229019003373665,-0.00819867747515257,-0.00271208024165048,-5.09923159190961e-05,1.380325699607e-05,-4.57325161162814e-05,0.000404431247750914,6.25295342713272e-05,-0.00169914021124207,-0.00510263128871813,0.000398172561872912,-0.00807822089643029,-0.00318161791470306,8.41427817972473e-05,-0.00166280801188545,-0.00169914021124207,-0.000158714168285279,-0.00561174541042853,-0.000849810003327178,-0.00125127888289001,-0.000826505599841099,0,3.39752735900589e-06,-0.000266707145788025,-0.00133134266829149,-0.00169914021124207,-0.00269342170505782,-0.000775230522774173,0.000265668474281,5.68132463101279e-05,-0.00049857030862821,-0.00165526840561814,-0.00662136861689921,0,-0.00381220901564738,-0.000210189526739235,-0.00222982040660469
"20:16483232:A:T",-1.90055262017097e-05,-0.00212178639132521,9.75585167406479e-06,-1.37843575265251e-05,-0.00317551802109506,-0.00022109311961227,-0.00287206146376739,2.15194366877114e-05,-0.00301875397366302,-0.00355620520062327,1.38260418767189e-05,9.75585167406479e-06,-0.000138741347634586,-1.08106461826907e-05,-2.95775049687919e-05,-0.00272698460018894,6.58694949446925e-05,-0.0037675326241553,-0.00299520207716686,-0.00113494347898957,-3.78126299640513e-05,-0.00014974400693557,-3.31125771797502e-05,-0.00295292394962754,1.94213660176246e-05,-1.08106461826907e-05,-2.50790646072474e-05,-0.00253168368714896,-0.00514544683429108,-0.00249272959398361,-0.00325789097649043,-0.00119757249949881,9.75585167406479e-06,-0.000274998882130006,-0.00743183134686642,-0.00173370753551971,-2.61815351327854e-05,9.44997219747279e-05,2.61194881687743e-05,-1.37843575265251e-05,-2.50790646072474e-05,-0.00271213931393621,-4.46420897901589e-05,-0.00254746696666519,-1.37843575265251e-05,5.44955209562659e-05,-0.00258780581420393,-1.37843575265251e-05,-5.57424675395879e-06,3.78317442848441e-05,1.86522559362245e-05,1.62856359535724e-05,-1.08106461826907e-05,-7.88049126843049e-05,-0.00231486954451476,-0.00285930703161519,-0.00148366998532357,-3.78126299640513e-05,-2.50790646072474e-05,-3.66819194308476e-06,2.89947389155998e-05,-0.000192205421035929,-0.00193729636973305,-2.50790646072474e-05,4.60940729460901e-05,-2.61815351327854e-05,-8.52861492539603e-06,-3.428595459809e-05,-4.84160678535517e-05,-0.00285930703161519,2.82894795091693e-05,3.84741295098578e-05,-0.00238416868248681,-0.00354290970901339,2.30930730182877e-05,-0.00153403595427726,-0.00169608219745765,-0.000259618407404183,0.000118046440144681,-6.04665969401452e-05,-2.50790646072474e-05,-2.18562957279289e-05,5.60975201766567e-05,1.85122446705321e-06,3.65225144252079e-05,9.30108330692292e-05,-0.000306910285415185,2.77593303543711e-06,-0.0015186248034702,2.4625905441944e-05,0.000108804954821906,-2.50790646072474e-05,6.96969728277708e-05,-2.61815351327854e-05,-2.50790646072474e-05,-2.39908817487589e-05,4.66893247255129e-05,0.00012949617237723,-0.00195345460066765,-7.21601374849001e-05,-6.1844420421231e-05,0.000322765560832217,-0.00467794265227894,-3.67953544202493e-05,0.000118046440144681,-2.39908817487589e-05,3.65225144252079e-05,-7.21378238921488e-06,-0.00151472864767044,4.58918955903442e-06,6.58694949446925e-05,-0.00284974078841227,-0.00195345460066765,-0.00268885697755117,9.75585167406479e-06,-3.66216099534356e-05,8.92360907833734e-05,9.75585167406479e-06,-9.36650403184913e-05,-4.61503013227116e-06,-0.00249556055442746,-0.00783527794182426,-0.00228425516850361,-9.65368811964851e-05,-5.5005748168746e-05,-0.00981443139007343,-0.00273483975862199,-4.61503013227116e-06,-0.00355654403129346,-2.72985728972941e-05,6.41893465687104e-05,0.186677911757968,8.63910331379003e-05,-0.0019819658740321,-0.00194926788518934,9.75585167406479e-06,5.60975201766567e-05,7.3356481473219e-05,-0.000586802438578893,-5.57424675395879e-06,6.35576771124136e-06,-0.0010518403786115,-0.00184755087852473,-0.00239412847119169,4.54912445579936e-05,-0.00171627438644606,-0.00275695669714526,-0.00152325567106004,3.58553596404576e-05,-0.00561084071821671,-1.81071460403359e-06,-0.000606732186052561,-3.66819194308476e-06,-8.52861492628421e-06,-9.81975096498999e-05,2.68520252788562e-05,-0.00207764780170194,1.85122446705321e-06,-0.00225518684639958,-0.000384196194119113,1.90788705465295e-05,-0.000337218937119133,-6.80779642800999e-05,-0.00207764780170194,2.89947389155998e-05,-7.83195635554179e-05,-0.0022190596557019,-0.00184699057737081,7.99697432531943e-05,0,-8.99621857897159e-07,-0.00368245903947706,-0.00436332275526752,-0.00207764780170194,-0.00325575650504462,8.40399926795854e-05,-0.00196666834476211,-0.00113494347898957,-0.002054762980781,-6.6541506574147e-05,-0.00775707086368094,0,-8.52861492628421e-06,3.71812569728291e-05,-4.14821646712582e-05
"20:16485354:G:A",0.00104921226059052,-0.00503638939693474,0.000415663471672545,8.63910331379003e-05,-0.00461818820997895,-0.00258645558225101,-0.00270822454430686,0.000153587973119151,-0.00249271920885974,-0.000318526644641715,-0.000116414475101578,-6.98468209119341e-05,-0.000399643034561414,7.26752608830594e-05,-0.00178794109475344,-0.00292040205084998,-0.000332686670943438,0.000186531204600549,-0.000311531796601372,7.71978531890483e-05,0.000236380107756951,-0.000313248279048217,0.000771703506400989,0.000217587379224504,-0.000141366643833685,7.26752608830594e-05,-0.00441704382668551,-0.00164935117195331,-0.00016074793977694,-0.000166330041755813,-0.00058203611433516,-0.00325402127013685,-6.98468209119341e-05,-0.000406647753916189,-0.00153684851547542,2.55997878788605e-05,0.000164238099126912,0.000179697993753614,-0.00060592304383178,8.63910331379003e-05,0.00015919616370752,0.000459029293172541,0.000941810093500806,-0.00491026692678798,-0.00212474639749605,8.63910331379003e-05,0.000351205411345923,8.63910331379003e-05,2.55997878788605e-05,0.000466904096219523,-0.000137920990595397,-0.00115878493452559,7.26752608830594e-05,-0.0013970551093303,-0.00145615787608921,-0.00280476988207834,-0.000542305198345527,0.000236380107756951,0.00015919616370752,-0.00163812115626794,0.000288746348403812,-1.76610504780683e-05,-0.00423138926033317,-0.00441704382668551,-0.000776302444148058,0.000164238099126912,3.9054158040841e-05,0.000220358087974049,0.000301726857101947,-0.00280476988207834,0.00107635871740097,0.000222840082008346,0.000135450739010778,-0.00193293379223558,-0.000218668875417549,-0.00103068519608218,-0.00335136128631675,-0.0020198476636244,0.00146029642056344,-0.00503797390520866,-0.00246052177260836,0.000144392166471441,-0.000441136765697792,-0.00140843569346316,-0.00028146423589881,-0.00317737203296087,-0.00018383331770444,-3.81632179911051e-05,-0.00028800601474499,-0.00118202397423772,0.00160607307610494,-0.00441704382668551,-0.00172201724953247,0.000164238099126912,-0.00246052177260836,0.000154208432602054,-0.00158002246300804,-0.00118792922502164,0.000115230875352701,-0.0049226445496906,-0.00271564872539187,7.26752608830594e-05,0.000733279831051092,-0.00022846202393545,0.00146029642056344,0.000154208432602054,-0.00028146423589881,-0.00135219913286821,-0.00134959336751983,-4.63529179661748e-05,-0.000332686670943438,-9.73247783839781e-05,-0.000109850025989289,-0.00202738389863466,-6.98468209119341e-05,0.00023098227547802,-0.00331621572691265,-6.98468209119341e-05,-0.000286312448023907,-0.00158954520003363,-0.00690988841302209,2.55997878788605e-05,0.000605357872637935,0.000566936476559476,-0.00188383860676211,-0.00807613214374303,9.10632289956581e-05,2.12146327065454e-05,-0.00209728787867913,0.000169335115721481,-0.000878864274327817,8.63910331379003e-05,0.202340849821668,-0.00111172966698714,-0.00857554525117799,-6.98468209119341e-05,0.000964091894992691,-0.00159990088433748,-0.00221570500931723,2.55997878788605e-05,-5.43594265201008e-05,-0.00474384954465457,-0.00125309879328217,-0.00265822817753092,-0.00463658955139934,1.25888806721264e-05,0.00014210305865614,-0.00441072605752968,-0.000278711491228378,-0.000208293964163442,8.34671395821829e-06,-0.000175914629418017,-0.00279143725226749,3.9054158040841e-05,0.000573820820810589,-0.000205292915684829,-0.00085269635972729,-0.00464231394808934,0.000344253962599517,-5.10671559674769e-05,-0.000180219781842794,0.000122045844471952,-0.00655432607780426,-0.00085269635972729,0.000288746348403812,-0.00162574987816289,-0.00356989744910852,-0.0063691467826299,-5.61522391784308e-06,0,4.15066824910326e-06,-0.000359457838428945,-0.00163302439091417,-0.00085269635972729,-0.00202998962996581,-0.000184352806520849,1.46007083223765e-06,-0.00477458761733551,-0.000622834877276546,-0.0129463627862068,0.000192860006279716,0,-0.00116120852375357,0.000274737268109781,0.000252927609780684
"20:16485885:T:C",-0.000862459034268959,-0.0125393751800553,-5.80229653319719e-05,-0.000578865797306705,-0.000153913758616397,-0.00529105897497306,-0.0058719484968206,3.50414402916499e-05,-0.0016102060493397,-0.00595286130620298,-0.000299161761715183,0.000191473113028806,-0.00727206088941479,5.98588358826646e-05,-0.000447019411221383,-0.00546132632892515,-0.000629565106751606,-0.00219270029542784,-0.00013645162289766,6.38135454025246e-05,-0.00266724639139948,-0.00668922522383708,-0.00700481740839098,-0.00601244228732245,0.000355611801183819,5.98588358826646e-05,0.000130816958027857,-0.00458088887876995,-0.002815545385495,-0.000262809970021927,7.24791112460821e-07,-0.0079037749108446,0.000191473113028806,-0.00196273012200443,-0.0053682292334889,-1.84900512758546e-05,0.000135137639414751,-0.000762349103069937,-0.00706503520167523,-0.00658639435674857,-0.00213447563270019,-0.00905225294189371,-0.00493764874148184,-0.00176694785694842,-0.00237660609642365,-0.0019819658740321,-0.00127735724176148,-0.00658639435674857,-0.0017304304534802,-0.000242381015432613,-0.000802990185253982,-0.00165304277972034,5.98588358826646e-05,-0.00251688000745443,-0.00756613095595737,-0.00378972787686926,-0.00546499046900717,-0.00266724639139948,0.000130816958027857,-0.00440795248617842,0.000312038356417688,4.93034603525899e-05,4.21552635430089e-05,0.000130816958027857,-0.00177208041727361,0.000135137639414751,-0.000796650176139835,-0.00296848799355676,-0.000418433753113234,-0.00378972787686926,-0.000177574616807341,0.000472338699971431,4.76358389462916e-05,-0.000962688132481127,-0.000156504555365089,-0.00357305025020427,-0.00163689760638519,0.000218553204215155,-0.00156745817909165,-0.00232807946749602,-0.000152176366268186,-0.000195813791180832,-0.00073924703547501,-0.00117043814984363,-0.00069902174538683,-0.00561923342387693,-0.000760360548946792,-0.000140630141650888,-0.00325024992167666,-0.000440992367786386,-0.00135006030578655,0.000130816958027857,-0.00408503820131134,0.000135137639414751,-0.000152176366268186,-0.00348116173129309,-0.000307217550368222,-0.00649631719752275,-9.46002742665542e-05,-0.000322427893644672,-0.00306361601521488,5.98588358826646e-05,0.000559391885331273,-0.00165471268256656,-0.00156745817909165,-0.00348116173129309,-0.00200037520002905,-0.0133403969503019,-0.00555316797849237,-0.00266848753429105,0.000763508262203949,-0.000164206140994771,-9.46002742665542e-05,-0.00332573547274029,-5.80229653319719e-05,-0.00739720239408559,-0.00369352682351387,0.000191473113028806,-0.00173433646332732,-2.23998553812166e-05,-0.00572174751675059,-1.84900512758546e-05,-0.00495836968726726,-0.00512354136801019,-0.00504272336502964,-0.000722747383282929,-0.00202200102160788,-0.00182887729619452,-0.000325219750525907,0.000139501741900361,-0.002725146818225,-0.0019819658740321,-0.00111172966698714,0.394999715183387,-0.000887289333554975,-5.80229653319719e-05,-0.000376962707896666,-0.00301065765804864,-0.00011030936976697,2.27492672513208e-05,-0.00286593900702226,5.97999038909336e-05,-0.00476222734958132,-0.000419395325901295,-0.00030268686772672,-0.00253293195981286,-0.000788169426392926,-0.000876707378383301,9.26926723909816e-06,-0.00423475116362848,-0.00272990374083193,-0.00226389484641665,1.50070273150504e-05,3.46750399824458e-05,-0.00995138033865928,-0.00396020277457154,-0.00168791517498779,-6.77902727996837e-05,0.000197347278160898,-0.00641120918026683,-0.00016312155822007,-0.00485851755742273,-0.000409701662184681,-0.00168791517498779,8.77611353136132e-05,-0.00114903642719533,-0.00189630551985154,-0.00198252984739433,-0.000317928475878304,0,-0.00361799301164734,-0.000155119912649049,0.000188078845162032,-0.00168791517498779,-0.00427026402255049,-0.00294171912237751,-0.000517778864546514,-0.00171729735005144,-7.06119586260101e-05,-0.00651423200722956,-0.00778483742997782,0,-0.00174181461141831,-0.000239798560739857,-0.00737461221622393
"20:16486124:A:G",-0.0028118269067301,-0.00419687979785177,-8.78180121661742e-05,0.000106659403416032,-0.00153280700479819,-0.0185779539886131,-0.00326204574118982,-0.00197069581314047,-0.00403332946338875,-0.00878035810742839,-0.00241044550784508,-8.78180121661742e-05,-0.00501787015616717,9.11225170527885e-05,0.000221990255962368,-0.00274032508329114,-0.000305538837945818,0.000217147494122827,-0.00287877110282686,-0.00228471545046194,-0.00194548581662879,-0.015512862223142,-0.00209010723265912,-0.00227716298826186,-0.000177425724023905,9.11225170527885e-05,0.000198413763950356,-0.00593314571483905,-0.00195321344835708,-0.00132735400575346,-0.00133549956944634,-0.000420533634828857,-8.78180121661742e-05,-0.000513454597496299,-0.0109634391396658,-0.00139869314447871,-0.001663225713739,-0.00158994992858652,-0.000935029969676648,-0.00137341137749836,0.000198413763950356,-0.00191886203222769,-0.00396267611538459,-0.000815281383631294,-0.000205620894388581,-0.00194926788518934,-0.00391126698617406,-0.00137341137749836,2.85530226067365e-05,-0.000359467370986799,-0.00017373892672623,-0.000537317526194236,9.11225170527885e-05,0.000587513920492277,-0.00313137032703548,-0.00767499285032525,-0.00485454522447792,-0.00194548581662879,0.000198413763950356,1.8820407521325e-05,-0.000268852355747917,-0.00211649749549014,-0.00504223765735201,0.000198413763950356,-0.00544509880174626,-0.001663225713739,-0.00295264649449489,-0.0025609183100066,0.000379234081350432,-0.00767499285032525,-0.000265667696098149,-0.000362127729273354,-7.85553289261998e-06,-0.00168088430967739,-0.00371947397865835,-0.00860365719425138,-0.00580613063664792,0.000606225710262365,-0.0021142890622885,0.00046825810436335,-0.00184754521338704,0.000181409662336485,0.000890565682137634,-0.00433624257472687,-0.000744794823511974,-0.000279709187742228,-0.00538434125636744,-0.00269200898067012,-0.00811701627699701,-0.00107958277630438,-0.00159222900004519,0.000198413763950356,-0.00152310449018955,-0.001663225713739,-0.00184754521338704,0.000192682914990527,-0.000453031693389505,-0.00394443965634661,-0.00203760298815503,-0.0115235096954045,0.000475477794651624,9.11225170527885e-05,0.000125299993842809,-0.000258614482404163,-0.0021142890622885,0.000192682914990527,-0.00505988749775277,-0.01004155263016,-0.00302233376774375,-0.00270881588248972,-0.000652405050861837,-0.00680704815613531,0.000148751877868669,-0.000814032083510163,0.000552667501591664,0.000289278896954848,-0.00140905440481554,-8.78180121661742e-05,-0.00412330223167956,-0.000223799521502421,-0.00100792299791896,-0.00139869314447871,-0.000714776548518703,0.00072108957888517,-0.00151151133839367,0.00282754783744643,-0.00174613222071418,-0.000208039669395532,-0.000673497006198343,0.000210069192912776,-0.00131112038405945,-0.00194926788518934,-0.00857554525117799,-0.000887289333554975,0.395135847403237,0.000552667501591664,-0.00822648273585802,-0.000819573693086717,-0.000503572208764957,2.85530226067365e-05,-0.00120668366269872,-0.000662534610600396,-0.000160349318275799,-0.00458061486453154,-0.00481219324106252,-0.00156621089587539,0.000179095298162402,-0.00101396916679164,-0.000351302574415513,-0.00172704826572989,-0.00176354868506401,-0.00812307808741597,-0.00707363267030292,4.35759976094019e-05,-0.00083863595450584,-0.000815560529753512,-0.000827106711746239,-0.00111207927005896,-0.00616313782361644,-0.00114751634924826,-0.00236951243275385,-0.00141081108546803,-0.00169806030812225,-0.000827106711746239,-0.000268852355747917,-0.000161251113260263,-0.000897634486332066,-0.00157793245671822,-0.00617218272766706,0,-0.00478967573838851,-0.00307963392129551,-0.00253364689280478,-0.000827106711746239,-0.00316452921714827,-0.000644127067769062,-0.00749030052067834,9.62441577980755e-05,-0.000243717560512557,-0.000778240336576808,-0.00201543589757858,0,-0.00290065768278946,-0.00586078779720012,-0.00168088430967739
"20:16487648:G:A",1.31985138205337e-05,-4.33219312707678e-05,-7.19518179792544e-06,9.75585167406479e-06,4.20204275677349e-05,0.000122750813876138,-0.000176789460057059,-1.65656722508345e-05,-0.000303447428849246,0.000138090594619555,-1.05953242170997e-05,-7.19518179792544e-06,0.000229764042411595,7.78077916763209e-06,2.06153396238307e-05,-4.98688053598428e-05,-5.13025971331516e-05,5.62071039782452e-05,1.91367401578546e-05,8.43188385601934e-06,2.64147541377824e-05,0.000228353157370798,2.28970819859953e-05,0.00014207013050882,-1.4449520564952e-05,7.78077916763209e-06,1.7691803494202e-05,-3.96004169660458e-05,-9.54307445102387e-05,0.000137918423495087,3.45583963605733e-05,8.39187322441148e-05,-7.19518179792544e-06,6.77226783256657e-05,0.000548770465385928,3.7474149809924e-06,1.8410388753054e-05,2.06153396238307e-05,-1.97551825218412e-05,9.75585167406479e-06,1.7691803494202e-05,8.59943877067337e-05,3.02453943428205e-05,-8.79640735638176e-05,9.75585167406479e-06,9.75585167406479e-06,-1.95350954816931e-05,9.75585167406479e-06,3.7474149809924e-06,-2.86841319576681e-05,-1.39172413762267e-05,-1.22843831880104e-05,7.78077916763209e-06,5.33383864045334e-05,-9.33417597464015e-05,-0.000183779493911018,0.000220235663907609,2.64147541377824e-05,1.7691803494202e-05,2.47033254652251e-06,-2.17637737822685e-05,-0.000152653818237702,-1.72167867926731e-05,1.7691803494202e-05,-3.53168015703176e-05,1.8410388753054e-05,5.71814736449738e-06,2.41471140718374e-05,3.36318596998453e-05,-0.000183779493911018,-2.12700145123534e-05,-2.91387123239062e-05,-1.60121443997241e-05,2.87601328707865e-05,-1.76534838702835e-05,-0.000226143407459745,8.47961752192816e-06,0.000154582241345125,-9.77168286402375e-05,4.16362250845737e-05,1.7691803494202e-05,1.5583353294879e-05,0.00116108593544784,-1.82660711889326e-06,-2.77595479065695e-05,9.73524258816028e-05,0.00182032951166811,-2.45053097280845e-06,-0.000276548473133964,-1.87163716427463e-05,-8.91984198858609e-05,1.7691803494202e-05,2.13671921578396e-05,1.8410388753054e-05,1.7691803494202e-05,1.69811899768391e-05,-3.5740978083787e-05,0.000198171858698082,7.75810806796784e-06,0.000230993282363201,4.24928204427744e-05,7.78077916763209e-06,8.6450424102047e-05,-0.000376520218819287,-9.77168286402375e-05,1.69811899768391e-05,-2.77595479065695e-05,-0.000167165292505267,3.90048909180152e-05,-3.67711621596101e-06,-5.13025971331516e-05,-0.000171016352695119,7.75810806796784e-06,9.71646741021459e-06,0.00182032951166811,2.56504295226279e-05,-7.18468224594204e-05,-7.19518179792544e-06,6.22570678849854e-05,3.10528250935249e-06,-6.10238414404662e-05,3.7474149809924e-06,0.000165148628179956,6.48024026128624e-05,3.77767673551688e-05,0.000450912946927673,1.04289585758366e-05,3.10528250935249e-06,0.000104782146798321,1.91370806774671e-05,-5.12261188170271e-05,9.75585167406479e-06,-6.98468209119341e-05,-5.80229653319719e-05,0.000552667501591664,-0.00590274274177816,-4.33211669559341e-05,-5.77723016927933e-05,9.1540150032543e-05,3.7474149809924e-06,-4.87614766786493e-06,7.85467240103088e-05,-3.01121428973872e-05,0.000211088654083369,-3.48877800577796e-05,1.84244523282473e-06,1.82487613953342e-05,-0.000268053265888746,-2.72893687878195e-05,0.000183030270879847,-0.000583698948931399,-3.04749997903642e-05,2.47033254652251e-06,5.71814736360921e-06,6.57882601453608e-05,-2.02658133652278e-05,-4.92228791753035e-05,-1.82660711978144e-06,-0.000276548473134852,-9.14790097885643e-05,-1.4885270381626e-05,4.21184043037925e-05,4.58715891529238e-05,-4.92228791753035e-05,-2.17637737822685e-05,5.25945093352576e-05,-3.87125371519303e-05,-0.000134113030442862,-6.37718665821296e-05,0,6.07392329321499e-07,0.000882068283840631,2.56504295226279e-05,-4.92228791753035e-05,4.59969585895337e-05,-6.82052908658193e-05,-5.84277548965062e-05,8.43188385601934e-06,2.34331792992037e-06,4.49287534287635e-05,-0.0001817587910935,0,5.71814736360921e-06,-2.82244393945419e-05,2.87601328707865e-05
"20:16488290:T:C",-0.00469926944731647,-0.0016012948473243,0.00116108593544784,5.60975201766567e-05,0.000634466343261586,-0.00384695722058837,-0.000807820929344949,-0.000106656146938278,-0.000893663750354712,-0.00469800638016782,-6.84325903241856e-05,-4.33211669559341e-05,-0.00286572111074879,4.61283434463056e-05,0.000117932317162506,-0.000719199658362868,-0.00031155671109051,0.000325282003315941,0.000103449991013527,4.94147717944315e-05,0.000153926201015508,-0.00278505167423937,-0.00480731822071423,-6.01591604674212e-05,-8.70918315216684e-05,4.61283434463056e-05,0.000103033062575975,-0.00462995411062472,0.000179397821320038,-0.00125023354888754,0.000195762610086803,0.000475608523327509,-4.33211669559341e-05,0.000390685841831662,-0.0013564976352356,1.86997246940379e-05,0.000106695235853493,0.000117932317162506,-0.000121790162697977,5.60975201766567e-05,0.000103033062575975,-0.000253996811684587,-0.00461996376360219,0.000453993133118225,5.60975201766567e-05,5.60975201766567e-05,-0.000131563689793168,5.60975201766567e-05,1.86997246940379e-05,-0.000173904167047212,-8.45152526354198e-05,-7.66104851024352e-05,4.61283434463056e-05,0.000310284848060505,-0.00153803561039823,0.00114849343580747,-0.00240351666571037,0.000153926201015508,0.000103033062575975,1.23268023672907e-05,-0.000131318182948981,-0.000685530297686476,-0.000120826519352413,0.000103033062575975,-0.000215527179253883,0.000106695235853493,2.85345892523381e-05,0.000142274978499835,0.00019699467331602,0.00114849343580747,-0.000128976157726335,0.00105153152628024,-0.000104029176988263,0.000165976106919707,-0.00047295574795303,-0.00356279293212935,3.385587992355e-05,-0.000485503384982877,0.000712618289635536,0.000244018494615972,0.000103033062575975,9.22874938780183e-05,0.000320156107070702,-1.6895275659401e-05,-0.000169627718624277,0.000551340948950596,0.000254461838804509,-1.99668167271128e-05,-0.00367728590170913,-0.000116861631766163,0.00067875720576005,0.000103033062575975,-0.00106354628861816,0.000106695235853493,0.000103033062575975,9.94114927843626e-05,0.00026913503041559,-0.00221180792832953,3.87155345364931e-05,-0.00127766974737664,0.000248475986059482,4.61283434463056e-05,0.000503061817534345,-0.000881614417053811,0.000712618289635536,9.94114927843626e-05,-0.000169627718624277,-0.00339135129862811,0.00021860147747077,-2.60049332361234e-05,-0.00031155671109051,0.00115353344960401,3.87155345364931e-05,-0.00216717672710143,-4.33211669559341e-05,0.000149999149245517,-0.000487979296096341,-4.33211669559341e-05,-0.000968241613939824,1.54953118087775e-05,0.000461896471922074,1.86997246940379e-05,1.72548704586717e-05,0.00038005161644783,0.000218436494400898,-0.0075590151981455,5.94950712811126e-05,1.54953118087775e-05,-0.00297280112152798,0.000110398698859093,-0.000720264836187923,5.60975201766567e-05,0.000964091894992691,-0.000376962707896666,-0.00822648273585802,-4.33211669559341e-05,0.105364841058492,0.000131361303206567,-0.00295950525266164,1.86997246940379e-05,-3.1907035006995e-05,0.00045244885825646,-0.000206741203188088,-0.00133748418314905,-0.00700205283156397,9.19359656226248e-06,-0.000561811433085424,-0.000779752418124779,-0.000167452807103174,-0.00285935546662941,6.09510787974443e-06,-0.000226787518698757,1.23268023672907e-05,2.85345892523381e-05,0.000385247819948198,-0.000124212599936335,-0.000303111999123473,-0.000518702244560743,-0.00211519973644769,-0.00139008951871933,-9.86807109155663e-05,-0.00126261002113459,0.000260300072556952,-0.000303111999123473,0.00108844362449201,-0.00144363520977375,-0.000260367433977393,-0.000796252174375844,0.000187605437888649,0,3.03076270835589e-06,8.09565369026544e-05,0.000149999149245517,-0.000303111999123473,-0.0022039784542498,-0.00076046126438456,-0.00335529993398609,-0.00408126982615453,-0.000398111271515234,0.000255424851701491,-0.0036686782679709,0,2.85345892523381e-05,-0.00017177803365076,0.000165976106919707
"20:16490434:T:G",-0.000843839384729428,-0.00126505467411242,-5.77723016927933e-05,-0.00107207702645873,-0.00208403698387372,-0.01014156325459,-1.80088473085149e-05,-0.000146060634907741,4.74392434979265e-05,-0.0044163724956725,-9.37535358112029e-05,-5.77723016927933e-05,-0.0109070745736894,6.10738888164875e-05,-0.00368696972199523,-8.00580030135833e-05,-0.000418308158891989,-0.00324673443093992,0.000131696013565552,6.51229644654805e-05,-0.00452876988238771,-0.0101111103757789,-0.000899758862934696,-8.75463893166284e-05,-0.000116258051948037,6.10738888164875e-05,0.000135366066396081,-0.00475903904713704,-0.0043073109692191,-0.00025614564616383,0.000254103549070628,-0.00088264717258113,-5.77723016927933e-05,-0.00324588587219132,-0.00230888661127171,2.2912732922542e-05,0.000139897671590283,0.000153802133553427,-0.000164107542734548,7.3356481473219e-05,-0.00593202431095552,-0.00374922061504002,-0.000756515506626698,-0.00127578801407768,7.3356481473219e-05,7.3356481473219e-05,-0.000814176147210688,7.3356481473219e-05,-0.00905171372030278,-0.000232942419202686,-0.000113150739114332,-0.000517307410829559,6.10738888164875e-05,0.000406512750799948,-0.0034100086324349,-8.35422190323953e-05,-0.00195678883193295,-0.00452876988238771,-0.00186269406722595,-0.00445803363144659,-0.000175467539919261,0.000136563265228595,-0.0001705824507372,0.000135366066396081,-0.000289615224476236,0.000139897671590283,3.49638041594602e-05,0.000187698762903032,0.000259123906015901,-8.35422190323953e-05,-0.000172675344564333,-0.000235411249187578,-0.00014292766479862,-0.00588335100661475,-0.000152216796629467,-0.00229728502425042,3.6153878275158e-05,-0.00191358005009246,-0.000454218499878145,0.000320864472209692,0.000135366066396081,0.000122069044254047,-0.000353930442241079,-0.00454282237587389,-0.00031194958986891,-0.00038484601218336,0.000127349786049002,-2.93540482791954e-05,-0.00182403128752062,-0.00400959867894635,-0.000689488101665248,0.000135366066396081,0.000158543120686083,0.000139897671590283,0.000135366066396081,0.00013088464228872,-0.000291801422092064,-0.00478520871920818,4.74392434970383e-05,-0.000446672920333846,0.000326425213149406,6.10738888164875e-05,-0.00257668101370356,0.000183086484558892,-0.000454218499878145,0.00013088464228872,-0.000227920241091972,-0.00482368749696427,-0.000769268865288275,-3.67017878240006e-05,0.00107264304057786,-7.65323703726395e-05,4.74392434970383e-05,-0.00458748280941723,-5.77723016927933e-05,0.00019728980687006,-0.000393566441605486,-5.77723016927933e-05,0.000464718770389005,1.89862950055186e-05,-0.00281885177076635,2.2912732922542e-05,0.000689522340616477,0.000498980341511412,0.000285815885284535,-0.00085532555451362,7.7542438071454e-05,-0.000972064139194373,0.000761747781319322,0.000144480304247629,-0.000938873144768593,7.3356481473219e-05,-0.00159990088433748,-0.00301065765804864,-0.000819573693086717,-5.77723016927933e-05,0.000131361303206567,0.192579805538517,0.000842887657895197,-0.000940230161609712,-4.38837545884141e-05,0.00058954300068681,-0.00338218539943114,0.00061002391997933,-0.000226544899248005,1.12647567958035e-05,-0.00432208824834568,0.000167048138908221,-0.00592395476524921,-0.0030503513467588,7.46820143593396e-06,-0.00164589345848132,-0.00102015385616916,-0.000884513443633494,0.000505484579579552,-0.000166995888362109,-0.000409263970889029,-2.56162109009139e-05,0.000302268709756248,-0.000407828352225081,-0.00144891402946268,-0.00269347287654043,0.000337913871636175,-0.000409263970889029,-0.000175467539919261,-0.00101001991289973,-0.00203557941906762,-0.00653800329025156,-0.000650369437815712,0,3.71351188643843e-06,-0.000289615224476236,0.00019728980687006,-0.000409263970889029,-0.000590003698370811,-0.00218168021546727,0.00104574188984685,6.51229644654805e-05,-0.00169769005370757,0.000331847930399753,0.000253145144670341,0,-0.000884513443633494,-0.000230445576318239,0.000217126692820813
"20:16491140:T:C",0.00025369024226185,-0.00166142070305852,-0.000475490472617857,-0.000466928266407152,-0.00140516631277698,-0.00589054228595565,-0.0034205494063726,-0.0019529166601564,-0.00298727086738415,-0.00681116918988245,-0.00196522778056263,9.1540150032543e-05,-0.00016702570969418,-0.000246742948579737,-0.00226189542525734,-0.00336119693889625,-0.00244151097188272,-0.00197481596732008,-0.00687664610340066,-0.000125770230241962,-0.00862251357601984,-0.00317468120304243,-1.11803594768922e-05,-0.0181065440991879,0.000176820791567778,-0.000246742948579737,-0.00184275132105771,-0.00509413438032125,-0.00641863570568901,-0.000407405149927431,-0.0056405499256833,-0.00547899076792913,9.1540150032543e-05,0.000431085394608122,-0.0139314735847571,-0.00120927489050437,-0.00160004370748901,-0.00447627082698787,0.000319565706365488,-0.000470029642026581,-0.00349728269363503,-0.0141010328494544,-0.000513934375226288,-0.00870237344633074,-0.00370679171554933,-0.00634185987888181,-0.0117450229672453,-0.000470029642026581,-0.000176231659235526,-0.00210132728579016,-0.00133444890414403,6.96686170300609e-05,-0.000246742948579737,-0.00173352910741587,-0.00171224188671593,-0.00132885541525996,-0.00825146232773477,-0.00862251357601984,-0.00135205838570318,-0.0035892367640713,0.000380297101107097,-0.00370830161846758,-0.00452670786375275,-0.00184275132105771,-0.00166440085946462,-0.00160004370748901,-0.00536385740913614,-0.00215462144345846,-0.00103652853118064,-0.00132885541525996,-0.00163980494525795,-7.34295977284916e-05,-0.00250314776756166,-0.00456929777366533,-0.00237661421150293,-0.0111360793971702,-0.00549869008207837,-0.00342352818194014,-0.00197280528902688,-0.00940053109385275,-0.00301255643676068,-0.000232937690823221,0.000570999075626411,-0.000310750075335431,-0.0032133150848308,-0.00299434421246891,-0.00193985824124532,-0.00432648117323398,-0.0117195745996197,0.000336284237922868,-0.00178012831695806,-0.00184275132105771,-0.00299812012979483,-0.00160004370748901,-0.00301255643676068,-0.00079411925857098,-0.00143739430727585,-0.00971546607451845,-0.00524927453536295,-0.0102035115908454,-0.00128548649745852,-0.000111518822873968,0.00160298035941508,-0.00398117146552357,-0.00197280528902688,-0.00079411925857098,-0.000278408706926747,-0.00275687686637616,-0.00621090049798578,-0.000382363275625686,-0.000236855612606668,-0.000786678008930064,-0.00108404934621031,-0.00965418842730204,9.1540150032543e-05,-0.00287045022962396,-0.00061721906302159,9.1540150032543e-05,-0.000851510773795194,-0.0023578227209784,-0.00790236930260058,-0.00285180431864696,-0.00515986869087559,0.00155374062817071,-0.00372786526950097,-0.00102424345807739,-0.00233692876982428,-0.00016392974446866,-0.00165573147815579,-0.000476580086235856,0.000180273331627401,-0.000586802438578893,-0.00221570500931723,-0.00011030936976697,-0.000503572208764957,9.1540150032543e-05,-0.00295950525266164,0.000842887657895197,0.515486950540498,-0.000763462748936128,-0.00299105512026898,-0.00113231794536128,-0.000873944075834299,-0.00276611615052014,-0.00104329216817156,-5.98378176448477e-05,0.000567377031081673,-0.00131519836176963,-0.000630861559363538,-0.00699114731699302,-0.00257696031863475,-0.00550115991058453,-0.000518346946241088,-0.000183431636109788,0.000311621274569518,-0.000797275313486168,9.87293878100814e-05,-0.00587965829751669,-0.00561450930989871,-0.00895909189468203,-0.00184231579675487,-0.00220030178311514,-0.000334000169706972,9.87293878100814e-05,-0.000284220160483351,-0.0039141550287316,-0.00375353577456305,-0.0111904705501522,-0.00459998125720151,0,-1.21978329588046e-05,-0.000575724226263397,-0.00150822679327423,9.87293878100814e-05,-0.00606956902882727,-0.0007549154834674,-0.0028430541837281,-0.00604307141892058,-0.010777689199243,-0.00168817474238026,-0.00554087170659789,0,-0.00165632442471164,-0.00174388438324247,-0.00704647594653673
"20:16491168:G:C",-7.73934799003229e-06,-6.55540053564607e-05,3.7474149809924e-06,-5.57424675395879e-06,-0.00946524059712406,-0.00405780291567215,9.64123127999983e-08,8.09208269814121e-06,-4.57518618102171e-06,-0.00642756279861345,5.31710545548236e-06,3.7474149809924e-06,-0.00683997190377728,-4.36298639083788e-06,-1.23837077170563e-05,4.09022682035243e-06,2.11697997212212e-05,-0.00136917717386087,-1.16358135793249e-05,-4.75981272707315e-06,-0.00336070869563887,-0.00159727292921197,-1.39446070850369e-05,-5.34548366850629e-05,7.26548056384502e-06,-4.36298639083788e-06,-1.04280976964688e-05,-0.0069838107383422,-0.00155892477086716,1.32480984786909e-05,-2.21124153085839e-05,-0.00291749032433497,3.7474149809924e-06,-0.00146125571982658,-0.00036914345002792,-2.1666840606116e-06,-0.00275802664874725,-1.23837077170563e-05,9.61867254112292e-06,-5.57424675395879e-06,-0.0033541524337668,-4.33881473487219e-05,-1.91792496186949e-05,2.85748868185109e-05,-5.57424675395879e-06,-5.57424675395879e-06,9.28466838612252e-06,-5.57424675395879e-06,-0.00231232041891349,1.34053876266194e-05,7.00144534171443e-06,6.18140114383436e-06,-4.36298639083788e-06,-3.64073910175122e-05,-4.8236646398081e-05,4.40531494128038e-06,-0.0011729447603912,-0.00336070869563887,-0.0011834758984417,-1.41924713403796e-06,1.05502346174902e-05,-0.00225525818576333,-1.84415577075825e-05,-1.04280976964688e-05,1.59143796869543e-05,-0.00275802664874725,-3.33852831513326e-06,-1.45732677303556e-05,-0.00104945691420966,4.40531494128038e-06,1.03233624999532e-05,1.35976367579005e-05,7.82120870823633e-06,-0.00289353076748444,8.61928667905687e-06,-3.11804818426964e-05,-3.79518683146784e-07,-0.00246936100268424,2.95689809828303e-05,-2.705802952363e-05,-1.04280976964688e-05,-9.04847668792286e-06,1.86997246940379e-05,8.14335017196299e-07,1.3010740437025e-05,-0.00160939123759452,-0.00240093970126942,1.16370434177782e-06,-3.81308603891739e-05,-0.00170920761506732,2.87536275234146e-05,-1.04280976964688e-05,-0.00169918420832982,-0.00275802664874725,-1.04280976964688e-05,-9.9602489340711e-06,1.60802914956903e-05,-0.000160811745289813,-4.57518618102171e-06,-3.33407529886642e-05,-2.77351844371054e-05,-4.36298639083788e-06,-0.000959298506277406,-0.0024877684742366,2.95689809828303e-05,-9.9602489340711e-06,1.3010740437025e-05,-2.36608080275147e-05,-0.00242872699086938,1.84400902725201e-06,2.11697997212212e-05,3.76933089007991e-06,-4.57518618102171e-06,-0.000565959875062916,3.7474149809924e-06,-1.56226456891062e-05,-0.00288878411959459,3.7474149809924e-06,-0.00281952744721714,-1.78969144393193e-06,-0.000583832201543011,-2.1666840606116e-06,-0.000292466781763423,-4.60164934201757e-05,-2.43021369543683e-05,2.71186839286841e-05,-5.9921786270678e-06,-1.78969144393193e-06,-0.000712493302146733,-1.13886629824478e-05,-0.00510984551962945,-5.57424675395879e-06,2.55997878788605e-05,2.27492672513208e-05,2.85530226067365e-05,3.7474149809924e-06,1.86997246940379e-05,-0.000940230161609712,-0.000763462748936128,0.132930057077355,2.50068447016361e-06,-5.91598094326073e-05,1.35314740816739e-05,-0.000881098824242699,1.57455285112462e-05,-1.05520028981232e-06,-0.000649423521998038,-1.5559690164757e-05,1.28081828121296e-05,-0.00132000416981626,-6.97404381355682e-07,-0.00203791107134066,-1.41924713403796e-06,-0.00235677552839242,-4.6920991482402e-05,9.85767509131819e-06,2.05037763070237e-05,8.14335015419942e-07,-0.00251344494615946,-0.00097729227899368,7.26431411557371e-06,-0.000210816637907563,-3.07246004851436e-05,2.05037763070237e-05,1.05502346174902e-05,-9.35725973425505e-05,-0.00206481866051611,-0.00305684289320318,2.43351906501488e-05,0,-3.4571705587183e-07,1.59143796869543e-05,-1.56226456891062e-05,2.05037763070237e-05,-0.00305968132950829,-0.00524146025144034,-0.000804508233530399,-4.75981272707315e-06,-0.00184834647343024,-2.99564269887753e-05,-0.00261336221158892,0,-3.33852831513326e-06,1.32097817280297e-05,-1.78352130868475e-05
"20:16493031:C:T",8.54170143149702e-06,-3.18286900329312e-05,-4.87614766786493e-06,6.35576771124136e-06,-0.00216533090579052,-0.000886545963398433,-3.16939458677723e-07,-1.14370792099194e-05,5.12599105384481e-06,-0.00440081579735541,-0.0021235725628248,-4.87614766786493e-06,-0.00154755720591471,5.08393166676058e-06,1.30590542983811e-05,-5.55334156970844e-06,-3.84485318196681e-05,-0.00173101834084299,-0.00229215421930817,5.50463292636749e-06,1.64498931063406e-05,-0.00154434385608848,1.4427864835298e-05,-1.6282816933888e-05,-9.9653490570617e-06,5.08393166676058e-06,1.12795477171801e-05,-0.00167764158743378,-7.81377064944522e-05,-2.04869765125792e-05,-0.00207685387521206,-7.9636410560191e-05,-4.87614766786493e-06,-0.00180817556520818,3.90368939662267e-06,2.50068447016361e-06,1.1719605673477e-05,1.30590542983811e-05,-1.37794909713662e-05,6.35576771124136e-06,1.12795477171801e-05,-5.92485642716412e-05,-0.00173723308656282,-7.10038535265411e-05,-0.00263914736388227,6.35576771124136e-06,-0.00267172670541527,6.35576771124136e-06,2.50068447016361e-06,-2.04469865048296e-05,-9.58169582432333e-06,-8.41039028909307e-06,5.08393166676058e-06,3.07519393896172e-05,-0.0015760161833791,-5.97250475387057e-06,2.32440648728627e-05,1.64498931063406e-05,1.12795477171801e-05,1.653636613419e-06,-1.52710110139509e-05,1.26949795369313e-05,-0.00163616836688973,1.12795477171801e-05,-2.55490999707675e-05,1.1719605673477e-05,-0.00175254052110496,1.51177623042287e-05,2.05218567197463e-05,-5.97250475387057e-06,-1.49031897134222e-05,-2.07966060177256e-05,-1.10338267038657e-05,1.7809256740442e-05,-1.2232381790156e-05,-0.000184899551185502,-0.00186362678860341,6.08478839998483e-05,-8.03810720917397e-05,2.48327098999468e-05,-0.00304164006871854,9.97833832716566e-06,-3.1907035006995e-05,-1.17794829890272e-06,-1.97378469808385e-05,-0.000718360132685447,-0.00208219166607915,-1.10257741701147e-05,-0.00119970320251372,-1.30130628201997e-05,-7.21857706205142e-05,1.12795477171801e-05,1.35120340702954e-05,1.1719605673477e-05,-0.00304164006871854,-0.00363312779824732,-2.58845082630188e-05,-0.00557843011791448,5.12599105384481e-06,-0.00153371573857264,2.52857307287968e-05,5.08393166676058e-06,-0.00128116693986779,1.58265892649112e-05,-8.03810720917397e-05,-0.00363312779824732,-1.97378469808385e-05,-0.00365811254080839,-2.00019133478335e-05,1.42411032859613e-05,-3.84485318196681e-05,-0.00194668763744055,5.12599105384481e-06,-0.000279042394960349,-4.87614766786493e-06,1.60028430391534e-05,-5.61675848391729e-05,-4.87614766786493e-06,-0.00244834801550198,-0.00204485737025717,-0.00052314325492997,2.50068447016361e-06,-0.00114977169849251,3.60368312595227e-05,-0.00195281483422693,-0.0013093809871485,6.78625804351185e-06,-0.00204485737025717,-0.0029526163570841,1.2162861531273e-05,-0.00159226530061751,6.35576771124136e-06,-5.43594265201008e-05,-0.00286593900702226,-0.00120668366269872,-4.87614766786493e-06,-3.1907035006995e-05,-4.38837545884141e-05,-0.00299105512026898,2.50068447016361e-06,0.137577569850929,4.18439195355447e-05,-0.0026743307764745,-0.00358305750497134,-2.52104141740261e-05,1.23522016881594e-06,-0.00244975493816746,1.56280867997793e-05,-1.93782380772944e-05,-0.00340379920779466,8.20164052228733e-07,-0.00345416817927635,1.653636613419e-06,3.79730094657305e-06,3.64762431033228e-05,-1.41574725445182e-05,-3.67055986174591e-05,-0.00280470619667028,-0.00374118130734757,-0.00157619114945629,-0.00276282336212308,-0.00194637436019018,2.70972184814866e-05,-3.67055986174591e-05,-1.52710110139509e-05,-0.00191977448739156,-0.00347192018454034,-0.000117854938276096,-4.90333515132946e-05,0,4.08435008480978e-07,-2.55490999707675e-05,-0.00160962110020879,-3.67055986174591e-05,-0.00172339093852525,-0.00154137632784934,-0.00400505246256078,5.50463292636749e-06,1.70056600889978e-06,2.66093110612431e-05,-0.00112965492310479,0,3.79730094657305e-06,-2.00940815204831e-05,-0.00192825282499598
"20:16493818:T:G",-8.22801404485318e-05,-0.00131624521120166,7.85467240103088e-05,-0.00012005178801644,0.000213312764376639,-0.000130566538012467,-0.00123328348869567,-0.00225358993363045,-0.00119152174926374,-0.000336445514743655,-0.000121913598539969,7.85467240103088e-05,-0.000306446887817113,-8.90036659093596e-05,-0.000470661158483487,-0.00283902742173403,-0.000797270599147026,-0.000707226828028595,-0.000260740878132992,-0.000760218448111694,-0.000319351314472804,-0.00597779109714525,-1.37552484726911e-05,-0.00262635779275611,0.000156703723239282,-8.90036659093596e-05,-0.00121672490754232,-0.00435313139078986,-0.000259596246776184,-0.00295332625535316,-1.54455013783306e-05,-0.00366626808140325,7.85467240103088e-05,-0.000866880093267852,-0.0024412000409435,-0.00139154990386103,-0.00118866477107726,-0.00219983510688593,-0.00215384059599621,-0.00012005178801644,-0.000212792501728565,-0.00147253301771588,-0.000102068233495345,-0.000523461668737291,-0.00012005178801644,-0.00012005178801644,-0.00164186830237156,-0.00012005178801644,-5.91598094326073e-05,-0.00647452847084562,-0.000674162930150324,0.000122188569386061,-8.90036659093596e-05,-0.00482339455954151,0.0004444659456313,-0.00115682712436982,-0.00559996053540956,-0.000319351314472804,-0.000212792501728565,-3.8906133235983e-05,0.00023446161975027,-0.00273695744606339,-0.000572087243896569,-0.00121672490754232,-0.00157193813165435,-0.00118866477107726,-0.000254535906404563,-0.000283491759901722,-0.00521554931636103,-0.00115682712436982,-0.00598271269064554,0.000311810830698533,-0.000174211657428813,-0.00106875619686786,-0.00123894188429308,-0.00201088606649424,-0.000611805146676581,0.00107087797379979,-0.000672861911050759,0.0013860664451002,-0.000212792501728565,-0.000179614897991343,0.00045244885825646,-0.000180760206966113,-0.0026932973906888,-0.00223432064323514,-0.00359769650557773,3.10074941101135e-06,-0.000890355994002778,0.000185281888885669,-0.000472066592589471,-0.00121672490754232,-0.000271211205881805,-0.00118866477107726,-0.000212792501728565,-0.000201583456957088,0.00037490170663812,-0.00111122318337875,-0.00291902154292067,-0.00216964341267012,-0.000515032983447128,0.000706123941375481,-0.00109244694331156,-0.00240511373645802,-0.000672861911050759,-0.000201583456957088,-0.00177866365328772,-0.000849399747436141,-0.00150217771748551,2.27377971375731e-05,0.000535466382069139,-0.00116081935266266,-0.00291902154292067,-0.000370672739898659,7.85467240103088e-05,-0.0013681341125853,0.000705680842560064,7.85467240103088e-05,-0.0022691437678164,-4.89639979122103e-05,-0.000542872192092592,-0.00132347147805678,-0.00343047744231173,-0.000227904692111203,-0.00406986076619376,-0.000381461355325463,-0.00110560873676402,-0.00134295901288262,-0.00115800744406558,-0.00366138354567092,-0.0028014617492973,-0.0010518403786115,-0.00474384954465457,5.97999038909336e-05,-0.000662534610600396,7.85467240103088e-05,0.00045244885825646,0.00058954300068681,-0.00113231794536128,-5.91598094326073e-05,4.18439195355447e-05,0.210530934717449,-0.000173242430543397,-0.00416899813276617,-0.00405642178208776,-0.00145109477167171,-0.00325553244275145,-0.0051558894068382,-0.0019207237552914,0.000358663017915539,-0.000184506115319394,-0.0001566429696922,-0.00321098433242106,-9.06036797481136e-05,-0.00058374600688893,-0.00245318174010833,-0.000478168390772638,-0.000359252137109856,-0.00119743634038283,-0.00112516345362135,-0.00504111419446307,-0.00252186103830399,0.000910477792347208,-0.000478168390772638,0.00023446161975027,-0.00067943862787434,-0.00272930650794656,-0.00011220184098093,0.000226465553319954,0,-9.53297152150867e-06,0.000367842809370522,-0.000307233921883032,-0.000478168390772638,-0.00289910829847972,-0.0067119697681628,-0.000614956526770349,-0.000760218448111694,-0.000582051311214471,0.000896455533613505,-0.000314400110457136,0,-0.0045148363101406,-0.00348509479437809,-0.000616435740779409
"20:16502320:C:T",-0.000704100213914316,-0.0135000981529316,-3.01121428973872e-05,-0.00041266253929706,-0.000104102701333986,-0.00528488125403959,-0.00399208964881659,-1.12957262938806e-05,-0.000580788644333197,-0.00522447163711615,-0.00019621760236177,7.7346522761701e-05,-0.00732578769915948,3.04979981828879e-05,-0.00031770031113254,-0.0058630039494556,-0.000720418120283561,-0.00254463634735469,-0.000262814696805336,3.27616390416452e-05,-0.0013739421451282,-0.00571417414470643,-0.00655988805270891,-0.00560573510690521,5.44295616631274e-05,3.04979981828879e-05,6.61364011627086e-05,-0.00402689416164437,-0.00316290721630619,-0.000254449103022303,-3.13747379490081e-05,-0.00772423760959473,-3.01121428973872e-05,-0.00235864139806186,-0.006810965322813,-6.46836349815771e-07,6.84741702592362e-05,-0.000953680492497888,-0.00704965803566449,-5.70784191049611e-05,-0.00231704687299938,-0.00849645908448382,-0.00422214887779582,-0.00131752116624373,-0.00255345808198282,-0.00184755087852473,-0.00141272020251915,-5.70784191049611e-05,-0.00200839179165424,-0.00013011229196902,-0.000890501552048839,-0.00154492001867457,3.04979981828879e-05,-0.00285888438538162,-0.00537318417157895,-0.00403768023836815,-0.00562660156360062,-0.0013739421451282,6.61364011627086e-05,-0.00466001581314046,-9.60536979741633e-05,4.44366018577114e-05,-0.000294730987452141,6.61364011627086e-05,-0.00192259055483746,6.84741702592362e-05,-0.000575350727889834,-0.00303162566348636,-0.000516154321459794,-0.00403768023836815,-9.40867499652498e-05,0.000414254874227638,2.503715191704e-05,-0.00118501947728866,-7.97699423671361e-05,-0.00389356695858778,-0.00155861495890086,-0.000218924285612765,-0.0011507080511528,-0.00214116330713043,-0.00018943160698015,-8.62475595626577e-05,-0.000712611294837018,-0.000953276606074027,-0.000887000991052211,-0.00567987060399933,-0.000309098992499202,-6.81877580488432e-05,-0.00362738193073975,-0.000633025080147398,-0.000964926597999849,6.61364011627086e-05,-0.00381555060184002,6.84741702592362e-05,-0.00018943160698015,-0.00320219249625175,-0.000166455219462236,-0.00698518042433927,-5.78314892560883e-05,-0.000501633234708976,-0.00336499311382976,3.04979981828879e-05,0.000230745588928549,-0.00062326757228881,-0.0011507080511528,-0.00320219249625175,-0.00217983090173934,-0.0136014754702813,-0.00522016314459695,-0.00247920058918627,1.74699062487349e-05,-6.73668012094453e-05,-5.78314892560883e-05,-0.00324376905229284,-3.01121428973872e-05,-0.00778045757179058,-0.00481216303503107,-3.01121428973872e-05,4.63518554578712e-05,-2.98822449362746e-06,-0.00631515203743405,-0.00220637098581378,-0.00389091589059287,-0.00551183578385395,-0.00418895211527115,-0.000356253528525308,-0.00188913247598244,-0.0019792725539256,-0.00108101776664515,7.08270144667011e-05,-0.00189466045123243,-0.00184755087852473,-0.00125309879328217,-0.00476222734958132,-0.000160349318275799,-3.01121428973872e-05,-0.000206741203188088,-0.00338218539943114,-0.000873944075834299,1.35314740816739e-05,-0.0026743307764745,-0.000173242430543397,0.392993767318933,-0.00127780914605902,-0.000162990082411163,-0.00236870335485229,-0.000541328259639151,-0.00120441673709948,-9.5318777137976e-07,-0.00308871953800072,-0.00256436144804262,-0.00416530165299811,8.94850362254118e-06,2.0545139308048e-05,-0.0104889326566768,-0.00370973139383945,-0.00178201232476738,-0.000172108220412248,-0.000130776345232064,-0.0067436677585242,-0.000213286436801852,-0.00511998665822588,-0.000692500551028985,-0.00178201232476738,2.967730956982e-05,-0.00524019163969225,-0.00268200990305179,-0.00136958481100269,-0.000178856404583705,0,-0.00402469153815943,-0.000135424781623428,9.30386388331428e-05,-0.00178201232476738,-0.00602517272288816,-0.00273004875540472,-0.000269726061890019,-0.0015798535322693,-0.00045139440365638,-0.00712028065976789,-0.00964938834994822,0,-0.00189952002733751,-0.00486650108013986,-0.00668373849390846
"20:16504137:C:T",0.000319633986960888,-0.00163674216254162,-3.95310725194165e-05,-0.000288511673592673,-0.00278280104312989,-0.00162337396351386,-0.00191159637505578,-0.00229081326989489,-0.00151688506835823,-0.00674129864757678,-0.00311137379243265,0.000211088654083369,-0.00400539720407744,-0.00026740225667865,-0.00227416633861388,-0.00157783842653814,-0.00366046199194248,-0.00152805507273834,-0.00595108705124758,-0.00172161831878448,-0.00936121232443998,-0.00260555028284282,0.000242434030023997,-0.0114183658164828,-8.71567498998971e-05,-0.00026740225667865,-0.00733374476451853,-0.00690527568032451,-0.00664076688560522,-0.00090069596446618,-0.00513517488628024,-0.00554871542095947,-3.95310725194165e-05,-0.00021878558002264,-0.021609581765913,-0.00323964388548603,-0.000438317116791431,-0.00179264441522431,-0.000151015228397888,-0.000318428376628432,-0.00322028846219879,-0.00780465790101559,-0.00162178528191603,-0.00774897750369652,-0.00393705774595787,-0.00683774246093893,-0.00933096928383126,-0.000318428376628432,-0.000165871954226127,-0.00344295600322919,0.000379280626121137,-4.45004139848493e-05,-0.00026740225667865,-0.0018500062729796,-0.00183217378395373,-0.0015444050882949,-0.0101885767348704,-0.00936121232443998,-0.00135684892072163,-0.00397126612273269,0.000138381424748424,-0.00279704844218998,-0.000613226100784292,-0.00733374476451853,-0.00109306332856907,-0.000438317116791431,-0.0052128270645535,-0.00188691374313521,-0.00388391093735052,-0.0015444050882949,-0.00432214439886458,0.000352633804673985,-0.00231775590982553,-0.00312631457232992,-0.00105227448522216,-0.00461718328383887,-0.000497612638294065,-0.00292085277948972,-0.00498521981228661,-0.00841108975807181,-0.00309348176067026,5.91488151870934e-05,8.71931768671175e-05,-0.000563578552004618,-0.005168375926349,-0.00693536592849764,-0.000783463369837367,-0.00503836281620806,-0.0044711764779195,0.000253699497340776,-0.00592506015741279,-0.00733374476451853,-0.00355114592976147,-0.000438317116791431,-0.00309348176067026,-0.000489063777433074,-0.00134789472050478,-0.0178316758478942,-0.00316324603226237,9.50141936555404e-05,-0.000889431811159191,-0.00026740225667865,0.00110352889251031,-0.0055715824653304,-0.00498521981228661,-0.000489063777433074,0.000176253207206045,-0.00782675656708154,-0.0032807528301757,-0.000672536708264282,0.000154873707740144,-0.00046529698050124,-0.000505552278319055,-0.00885653074388149,0.000211088654083369,-0.00255737057079131,-0.000957913182562109,-3.95310725194165e-05,-0.00112797663035202,-0.00244662739598223,-0.0111557622559362,-0.00572697220431362,-0.00609428483295726,0.000970023998315916,-0.00526994077361032,0.000508982937886593,-0.00510388983505639,-0.00260236827344151,-0.00301180408988122,-0.00106515071220237,0.000601675458829387,-0.00239412847119169,-0.00265822817753092,-0.000419395325901295,-0.00458061486453154,0.000211088654083369,-0.00133748418314905,0.00061002391997933,-0.00276611615052014,-0.000881098824242699,-0.00358305750497134,-0.00416899813276617,-0.00127780914605902,0.532858567984325,0.00045267623002232,-0.00130535043815705,-6.72324608514963e-05,-0.00278086441841907,-1.50328885304418e-05,-0.00320018776900177,-8.25127851271645e-05,-0.00591411238355644,-0.000471009715873549,-7.79496960072734e-05,-7.77287179438702e-05,0.000322192509276675,0.000153572367616039,-0.0044814402957023,-0.00452493152416844,-0.00671625396928599,-0.00273318731055605,-0.00160805669048614,-0.00223873551960629,0.000153572367616039,0.000385690890071011,-0.0032082489653007,-0.00327453365702812,-0.0130946638899614,-0.00371017312166178,0,2.59335585806042e-06,-0.00109265374811685,-0.00210911642186584,0.000153572367616039,-0.00432622557925555,0.000243614513294688,-0.00265119710858075,-0.00172161831878448,-0.00927794516353808,-0.00298711989225886,-0.00544036644856227,0,-0.00234461299151922,-0.00652562518606548,-0.010249336050479
"20:16504551:C:T",-0.00349733971415223,-0.000223620147266956,-3.48877800577796e-05,4.54912445579936e-05,-0.00289581379618653,2.43991388959586e-05,-0.00355403084634265,-8.48439060279205e-05,-0.0033782123533932,-0.00864220272318761,-5.43103607748563e-05,-3.48877800577796e-05,-0.00442179125785724,3.71477935336983e-05,9.55225519803093e-05,-0.00372673569327819,-0.000253063174988633,-0.00177523127423385,8.50483470653529e-05,3.98988757011054e-05,0.000123927473442365,-0.0052047512024771,-0.00753338657109293,-0.00422000258847621,-7.02438679764938e-05,3.71477935336983e-05,8.31380713437468e-05,-0.00340705715493339,-0.000207250745399179,-0.00361139759592088,0.00015846115261553,0.000380412980284461,-3.48877800577796e-05,-0.00155864391447658,-0.00118793673719075,1.57455285112462e-05,8.61832604970303e-05,9.55225519803093e-05,-9.78690805615301e-05,4.54912445579936e-05,8.31380713437468e-05,-0.00392095355835398,-0.0074858223186256,-0.000378082970933669,4.54912445579936e-05,4.54912445579936e-05,-0.000103780608397663,4.54912445579936e-05,1.57455285112462e-05,-0.000140559878633262,-6.80426496666442e-05,-6.12915094553301e-05,3.71477935336983e-05,0.000248274032665918,-0.00125342086240376,-0.00805932627717265,-0.00164663162559719,0.000123927473442365,8.31380713437468e-05,1.03814632561594e-05,-0.000106075054217669,-0.00241702470573291,-9.44669718556668e-05,8.31380713437468e-05,-0.000174233424593773,8.61832604970303e-05,2.40193039937608e-05,0.000114292343527111,0.000158116208526238,-0.00805932627717265,-0.000104057591452822,-0.000142388256842985,-8.2584112492512e-05,0.000133884232316639,-8.92855149290384e-05,-0.00229600874509828,3.04154427208658e-05,-0.00306651795476753,0.000108194663481775,0.000195440987218021,-0.00223916202200236,7.41986006405071e-05,-0.000213605285139806,-1.24929649762962e-05,-0.000393032341753141,-0.00299891025511734,-0.0127316962397721,-1.50941295791185e-05,-0.00288189235114888,-9.36261052180143e-05,-0.000177989034860992,8.31380713437468e-05,9.8705454017356e-05,8.61832604970303e-05,-0.00223916202200236,8.0125918404228e-05,-0.000175904416398254,-5.60916523397736e-05,3.25788444337505e-05,-0.00902134193854032,0.000199086083534361,3.71477935336983e-05,-0.00249947115405913,-0.00318950493127002,0.000108194663481775,8.0125918404228e-05,-0.000136841362081697,-0.000264554539873174,-0.00120069817381996,-2.02089786220938e-05,-0.000253063174988633,-0.00799627804613756,3.25788444337505e-05,-0.00212672916239143,-3.48877800577796e-05,0.00012068080181038,-0.000362762356024504,-3.48877800577796e-05,-0.00274392650937738,-0.00130274253760554,-0.000580131654634997,1.57455285112462e-05,0.000486162061970496,0.00030253214528031,0.000175734268371919,-0.00533429363389093,4.83335198318002e-05,-0.00130274253760554,-0.000965432301827995,8.9262030508408e-05,-0.00108097758354386,4.54912445579936e-05,-0.00463658955139934,-0.00030268686772672,-0.00481219324106252,-3.48877800577796e-05,-0.00700205283156397,-0.000226544899248005,-0.00104329216817156,1.57455285112462e-05,-2.52104141740261e-05,-0.00405642178208776,-0.000162990082411163,0.00045267623002232,0.237821273133316,7.7434740806126e-06,-0.0022347237019078,-0.0045264814242767,-0.000134950525002786,-0.00596680687270634,5.13420921599561e-06,-0.000176183389782203,-0.00175018123837845,2.40193039928727e-05,0.000306717314885852,-9.99549847460202e-05,-0.000245392408677603,-1.24929649771843e-05,-0.00309670967252451,-0.00322547925007655,-0.000984274634847182,-0.00291554622097667,-0.00134944133738557,-0.000245392408677603,-0.000106075054217669,-0.00148539903252143,-0.000206605789378145,-0.00146024726262173,-0.00483525908909943,0,2.55320306230544e-06,-0.000174233424593773,-0.00255896234650255,-0.000245392408677603,-0.00712841274926745,-0.00201509646253317,-0.00682427580808298,3.98988757011054e-05,-0.000819211379949891,-0.00137415678491948,-0.00127578540700224,0,2.40193039928727e-05,-0.000138711028865757,0.000133884232316639
"20:16505204:C:T",-3.78742822970679e-06,9.09825420780663e-06,1.84244523282473e-06,-2.73349665125266e-06,-0.00264804505554572,-3.16465005845146e-05,-0.00239709358240958,3.9902743971254e-06,-0.00253448480497642,-0.00344096525377591,2.62334352019167e-06,1.84244523282473e-06,-0.000541572754615416,-2.14350637772753e-06,-6.06917058920686e-06,-0.00226045768726824,1.0406786616457e-05,-0.00322810133630558,-0.00249762817383381,-0.00161429891710441,-7.93025695156047e-06,-0.000554097814233323,-6.82855376421543e-06,-0.00294040452055722,3.57200775713551e-06,-2.14350637772753e-06,-5.11721772245011e-06,-0.00208846516134731,-0.00283128930380006,-0.00204779696041335,-0.00274298875869938,-0.00159025298611226,1.84244523282473e-06,-0.00306860275150278,-0.00577719211818373,-0.00221819559506464,-5.34901708704183e-06,-0.00056488337588867,4.7330999572992e-06,-2.73349665125266e-06,-5.11721772245011e-06,-0.00262765400935638,-9.37251535404471e-06,1.40466646074699e-05,-2.73349665125266e-06,-0.000616937603739487,-0.00213255414177738,-2.73349665125266e-06,-1.05520028981232e-06,6.591077895024e-06,3.4433877154072e-06,3.04404098727673e-06,-2.14350637772753e-06,-1.78593135276017e-05,-0.00193251792234772,-0.00239355364482119,-8.06739043497373e-05,-7.93025695156047e-06,-5.11721772245011e-06,-6.91299823607494e-07,5.18675462579665e-06,-0.000852287610908498,-0.00244456498351031,-5.11721772245011e-06,7.8256703526236e-06,-5.34901708704183e-06,-1.6255004089416e-06,-7.15702741782565e-06,-1.03889015949932e-05,-0.00239355364482119,5.07624590362354e-06,6.6847150428373e-06,3.85854529127982e-06,-0.0030354561811512,4.24672475141108e-06,-0.00204803431494671,-0.00217510889413219,-7.35322552189999e-05,1.45334916688e-05,-1.32827752885589e-05,-5.11721772245011e-06,-4.44527560539143e-06,9.19359656226248e-06,4.14460297193386e-07,6.39890507692087e-06,-6.0557556293972e-05,-1.00263571294334e-05,5.84446910423253e-07,-0.00192944282309959,4.4941950987365e-06,1.41334542655969e-05,-5.11721772245011e-06,-0.000588842729277061,-5.34901708704183e-06,-5.11721772245011e-06,-4.88938735365707e-06,7.90644853410072e-06,-3.93779546978834e-05,-2.22704454433398e-06,-4.37660467831336e-05,-1.36123969376456e-05,-0.000157321065268334,-0.0041032264106784,-7.63006995985194e-06,1.45334916688e-05,-4.88938735365707e-06,6.39890507692087e-06,-0.00204355716929427,-0.00195954569933399,9.15532092804483e-07,1.0406786616457e-05,-0.0023824306825917,-2.22704454433398e-06,-0.00219119055012396,1.84244523282473e-06,-7.66804448382175e-06,1.28093847013844e-05,1.84244523282473e-06,-2.16757279121182e-05,-8.71670333246755e-07,-0.00617252473055796,-0.00578707490332064,-0.00600776886495868,-2.25930740080926e-05,-1.19161387397426e-05,-0.00789746744649999,-0.00192041862351289,-8.71670333246755e-07,-0.00306053021745178,-5.58487821944453e-06,1.0298616119897e-05,-0.00171627438644606,1.25888806721264e-05,-0.00253293195981286,-0.00156621089587539,1.84244523282473e-06,9.19359656226248e-06,1.12647567958035e-05,-5.98378176448477e-05,-1.05520028981232e-06,1.23522016881594e-06,-0.00145109477167171,-0.00236870335485229,-0.00130535043815705,7.7434740806126e-06,0.17644480826672,-0.00225744724464061,-0.00198404650681194,6.30029309345304e-06,-0.00470092940902145,-3.39750687139428e-07,6.61997456496977e-06,-6.91299823607494e-07,-1.6255004089416e-06,-2.30333161574947e-05,4.84946335355119e-06,-0.00185781589173128,4.14460296305208e-07,-0.00135568397748997,-0.00262068145321859,3.58779166198531e-06,-0.00129454908149373,-1.50378818410957e-05,-0.00185781589173128,5.18675462579665e-06,-1.76556873938694e-05,-0.00254396872291274,-0.00151061193038071,1.19657104207249e-05,0,-1.68433871294837e-07,-0.00420944958919023,-0.0038598456364296,-0.00185781589173128,-0.00534409502564248,1.239916987128e-05,-0.00109398875241506,-0.00161429891710441,-0.00254053818139433,-1.4664759562244e-05,-0.00612025512212711,0,-1.6255004089416e-06,6.49582044420782e-06,-8.74498692304826e-06
"20:16505629:A:C",-4.09313690958868e-05,5.72644200529382e-05,1.82487613953342e-05,-0.000106976764778999,-0.00226699738029623,-0.00181858803236024,-0.00422074717878651,3.77681208494351e-05,-0.00394825943179367,-0.0031508397578679,-0.00204269730939988,1.82487613953342e-05,-0.00137823928349068,-2.20770504606449e-05,-0.00255376854473255,-0.000699447376939055,9.00057582144953e-05,-0.0005434029051683,-0.000475461852449399,-2.42577625302332e-05,-8.56047021517981e-05,-0.000211113040557986,-0.00228700182248609,-0.00572175549324871,1.47839480524325e-05,-2.20770504606449e-05,-0.00319182263405171,-0.00124171811923413,-8.95671573175605e-05,-0.00246183764408947,-0.000335530776790272,-0.00361944667379177,1.82487613953342e-05,-0.000801222091384446,-0.00507244622457925,-0.00211280072409004,-9.77753759059397e-05,-0.000280297949207586,4.51573031812202e-05,-2.87632223106016e-05,-0.00146760971515647,-0.00199620556583868,-0.00275476610020942,-0.000799218632932863,-0.000624674052029484,-0.000106976764778999,-0.000771342167944944,-2.87632223106016e-05,-0.00207489616022816,-0.000501788992098184,3.3475600989874e-05,-0.00278809533863011,-2.20770504606449e-05,-0.000847374351065966,0.000109498766708516,-0.00425352523518896,-0.0064384964859121,-8.56047021517981e-05,-0.0032426098952012,-7.58798879729738e-06,4.95357346448344e-05,-0.00125083606572485,-0.00262135314219858,-0.00319182263405171,-0.000861232219640407,-9.77753759059397e-05,-0.00167167952749914,-7.6300556577813e-05,-0.000244248932166791,-0.00425352523518896,-0.000667087596275096,6.25077347722325e-05,3.64301625692676e-05,-0.000189997328611469,-0.00121877628209344,-0.010097204754838,-0.00283681496558597,-0.00117686198557276,-0.000712280814017419,-0.000146308619886071,-0.000422516310287335,-4.65051014550966e-05,8.19861954273193e-05,-0.00189188304869603,5.99294554239904e-05,-0.00669645750587122,-0.00143517201012155,-0.00324086637759535,-0.0104870653026734,-0.00269706896644628,-0.00102890341943773,-0.00319182263405171,-0.00080825884426261,-9.77753759059397e-05,-0.000422516310287335,-0.00377983438467311,-0.00487071355167856,-0.0103656638900027,-0.00230018949770283,-0.0046108876433415,-0.000116127211521544,-2.20770504606449e-05,-0.00364493070546068,-0.00135699703929415,-0.00530532053852451,-0.00377983438467311,5.99294554239904e-05,-0.00177944106473138,-0.00131220609715221,-0.00355192835474849,-0.000233594133608683,-0.000547967506461688,-0.00230018949770283,-0.00996141488894375,1.82487613953342e-05,-0.00127267644564721,-0.00315664778377478,1.82487613953342e-05,-0.000174013926177885,-0.0010360059524821,-0.00281787095907493,-0.00211280072409004,-0.00120671914883053,-0.00127394615970022,-0.00530875801692687,0.000161543128292863,-3.10906319596072e-05,-0.00213802252780493,0.000222820285316505,-0.000125164098751185,-0.000104303360395797,-0.00275695669714526,0.00014210305865614,-0.000788169426392926,0.000179095298162402,1.82487613953342e-05,-0.000561811433085424,-0.00432208824834568,0.000567377031081673,-0.000649423521998038,-0.00244975493816746,-0.00325553244275145,-0.000541328259639151,-6.72324608514963e-05,-0.0022347237019078,-0.00225744724464061,0.315711008367322,-0.00225032743019149,5.90281806909232e-05,-0.00493482638963938,-3.71099740092973e-06,-0.00194639864192947,-5.9933500224929e-06,-1.30544690239986e-05,-0.00249811649285991,-0.00118185444366858,-1.09137819279681e-05,-0.00503933069280382,-0.00633520334904247,-0.00111409089002601,-0.00162294829801191,-0.00148424882784459,-0.00778712215563893,-1.09137819279681e-05,4.95357346448344e-05,-0.000291031614269244,-0.00462811219388559,5.52130939279749e-06,8.94236420583283e-05,0,-1.83531020958583e-06,7.16755293783677e-05,-0.000945144643758944,-1.09137819279681e-05,-0.013516425291026,-0.000227513033550508,-0.00111282603699747,-2.42577625302332e-05,-0.000984580136464963,-0.00513659955167434,-0.00382578480771567,0,-1.59425209025343e-05,-0.0018866776835722,-0.00523239051234015
"20:16506016:C:T",-4.54123739181966e-05,-0.00124698850319405,-0.000268053265888746,-3.69908625126314e-05,-0.000246676099813214,-0.000648840377897031,-6.05613070803201e-08,-0.00344617758308807,-3.55052791434218e-05,-0.000688830187186351,-1.55667651169367e-05,-0.000268053265888746,-0.00122316863026706,-2.84851318106405e-05,-0.000126804445070405,-0.000439150951780931,-0.000440116804559132,-0.000243492585919824,-0.00108660005720473,-0.00124598478244753,-0.000104086077978849,-0.00457134914575308,-9.79954223137014e-05,-0.00194000855837206,4.87051174289377e-05,-2.84851318106405e-05,-0.0025821970308213,-0.00554761710498308,-0.000622507679787887,-0.000274368390670077,-0.000725639085890073,-0.00197516877548232,2.48212187692332e-05,-0.00326192224908528,-0.00224923147893596,-0.00184825503882013,-0.00159071393092258,-0.00314423811563813,-0.00155284803404587,-3.69908625126314e-05,-6.79382667732042e-05,-0.000522782308379099,-0.00011653219366714,-0.000351632576763627,-3.69908625126314e-05,-3.69908625126314e-05,-0.00336645718837847,-3.69908625126314e-05,-1.5559690164757e-05,-0.00724152465498928,0.000603689496723625,4.04775138997948e-05,-2.84851318106405e-05,-0.00365431427002161,-0.000379567737639697,2.80094275506571e-05,-0.00297381412355868,-0.000104086077978849,-6.79382667732042e-05,-1.02008033051604e-05,7.16342555149296e-05,-0.000332486532874654,-0.000225975890203678,-0.0025821970308213,-0.00108974581655463,-0.00159071393092258,-2.12487511097592e-05,-9.33832113130251e-05,-0.00421101252237044,2.80094275506571e-05,-0.00669374396472655,-0.000521976445923222,-0.000310540450877639,-0.001383718332157,-0.000392913492274438,-0.000551428024335276,-2.05262455734712e-05,-0.00086173732330419,-0.000437477465091263,-0.000508364461120792,-6.79382667732042e-05,-5.84539602925815e-05,-0.000779752418124779,-3.6433723629159e-06,-0.00344920692141137,-0.00452361668756751,-0.00519007982659314,5.80517960813154e-06,-4.97053196828467e-05,6.04924583207378e-05,-0.000282649081476904,-0.0025821970308213,-8.48498560399591e-05,-0.00159071393092258,-6.79382667732042e-05,-6.4724178576725e-05,0.000111803445901337,-0.0030202178936416,-0.00434515082487952,-0.00199960811214339,-0.000174746462350051,0.000213312671388799,-0.000402596633118257,-0.000157683457080893,-0.000437477465091263,-6.4724178576725e-05,-0.00124012646820049,-0.000871286124021431,-0.001707272876315,1.07990793125623e-05,-0.000440116804559132,2.34060961883387e-05,-0.00434515082487952,-0.000300159963078528,-0.000268053265888746,-0.00228066524863735,-0.00134352340604238,2.48212187692332e-05,-0.00287104065723298,-1.2857862885518e-05,-0.0021673739378274,-0.00183540491458345,-0.0015654483241101,-0.000839753190899906,-0.00301830941143511,-0.000388621540628797,-0.0015697146768181,-0.00186198611560506,-0.00247005838204473,-0.00276341469173946,-0.00426342368323773,-0.00152325567106004,-0.00441072605752968,-0.000876707378383301,-0.00101396916679164,-0.000268053265888746,-0.000779752418124779,0.000167048138908221,-0.00131519836176963,-1.5559690164757e-05,1.56280867997793e-05,-0.0051558894068382,-0.00120441673709948,-0.00278086441841907,-0.0045264814242767,-0.00198404650681194,-0.00225032743019149,0.237708898382558,-0.00137580914214563,-0.000350516205247065,-0.00271638408528396,0.00015705066856686,-0.00244521978947976,-2.39446044387748e-05,-0.00118603064298295,-0.00315248121328704,-0.000231561566029548,-0.000765016672032104,-0.00052177385911012,-0.00106773152114803,-0.00682554745276942,-0.00132766618829949,-0.00177177079112401,-0.000231561566029548,-0.00100011298534586,-0.00606199157935716,-0.00400485331884859,-0.000366632923136656,-8.12404078018858e-05,0,-2.48803587155066e-06,-0.00108974581655463,-0.00010045818172788,-0.000231561566029548,-0.000376706438373731,-0.00385346471662906,-0.000242397528817051,-0.00148591048730573,-0.000129864588882533,-0.00171149424492967,-0.000621623340264943,0,-0.00883254975193193,-0.00424658235891329,-0.000209457468176133
"20:16507506:G:A",4.76178435695473e-05,-0.000173261782290268,-2.72893687878195e-05,3.58553596404576e-05,-0.0014332628080318,-0.00644735908566396,-4.66656779263275e-06,-0.00419456418302744,2.64890146937091e-05,-0.0111065198094078,-4.18880120127696e-05,-2.72893687878195e-05,-0.000583660862155,2.90971600120926e-05,-0.00288373789106089,-3.39331316716596e-05,0.000190270648173119,0.00020377274195571,6.78542918670644e-05,3.13258785569204e-05,-0.00251779060508373,-0.000516246534774112,8.30504894828721e-05,-0.0172568920944363,-5.49819670476737e-05,2.90971600120926e-05,6.52853151565935e-05,-0.00241043209498581,-0.00438644617138273,-0.00111646015003597,0.000124906987933215,-0.00506503009092185,-2.72893687878195e-05,0.000244034386028602,-0.00985652700054995,1.28081828121296e-05,6.7741003501709e-05,7.52697658858992e-05,-7.62964950533629e-05,3.58553596404576e-05,-0.00264830308798469,-0.00238277540676979,0.00010803669379289,-0.000351535066130282,3.58553596404576e-05,3.58553596404576e-05,-7.94590171979692e-05,3.58553596404576e-05,-0.00334766702412903,-0.0001100769457274,-5.31723590713185e-05,-0.00415771906579732,2.90971600120926e-05,0.000194102806517549,-0.00356656907159536,-3.59559106577478e-05,-0.0138863611055928,-0.00251779060508373,6.52853151565935e-05,-0.0034259477773082,-8.30837161993614e-05,7.05163656160579e-05,8.77095767686242e-05,6.52853151565935e-05,0.000131179498904288,6.7741003501709e-05,1.95340593682758e-05,8.94535057121004e-05,-0.0029985612763328,-3.59559106577478e-05,-8.14147770764606e-05,-0.000111600649222332,-6.36622961867062e-05,-0.00270878009136499,-6.92002158633187e-05,-0.0127724311997683,-3.81086091039151e-05,0.00053269796884603,-0.000388057038677836,0.00015279117678979,6.52853151565935e-05,5.80739983631062e-05,-0.000167452807103174,-0.00348630617937129,-0.0001069785401695,-0.00559143666024831,7.08494377645863e-05,-1.11127492523622e-05,-0.0133475397645828,-0.0041042961100235,-0.000353500174868238,6.52853151565935e-05,7.78347306598093e-05,6.7741003501709e-05,6.52853151565935e-05,6.28558606665663e-05,-0.000137775958259034,-0.00471533735956431,2.64890146937091e-05,6.35843564866789e-05,0.000155698727990483,2.90971600120926e-05,0.000310524786985233,9.10959570870062e-05,-0.000388057038677836,6.28558606665663e-05,-0.00280062426730066,-0.00404738570170515,-0.00310332989708417,-1.52912552575657e-05,-0.00019864506072409,-3.18869930229226e-05,2.64890146937091e-05,-0.00505193445887286,-2.72893687878195e-05,9.45868640158665e-05,-0.00956759757854453,-2.72893687878195e-05,0.000224100443997344,1.0615192467256e-05,-0.00755576308695272,1.28081828121296e-05,0.000552888079821123,0.000235740474646029,-0.00407313658949793,-0.000313129422339742,3.81568990626135e-05,1.0615192467256e-05,-0.000598444399160236,7.02233505167627e-05,-0.00229019003373665,3.58553596404576e-05,-0.000278711491228378,9.26926723909816e-06,-0.000351302574415513,-2.72893687878195e-05,-0.000167452807103174,-0.00592395476524921,-0.000630861559363538,1.28081828121296e-05,-1.93782380772944e-05,-0.0019207237552914,-9.5318777137976e-07,-1.50328885304418e-05,-0.000134950525002786,6.30029309345304e-06,5.90281806909232e-05,-0.00137580914214563,0.235661257814744,-0.000389277006997979,4.17762305993108e-06,-0.000132456230850231,8.44602409610928e-06,1.95340593682758e-05,0.000239047718872065,-7.80214743576479e-05,-0.000192027896500413,-8.98821215766787e-06,-0.00270808664797517,-0.000401402377105953,-0.00109118846533818,-0.000681276543763154,-0.00151911115482051,-0.000192027896500413,-8.30837161993614e-05,-0.00262970109709748,-0.00386135889289285,-0.00165936248609544,-0.000251344143990195,0,2.07764557913492e-06,-0.000136371182962058,9.45868640158665e-05,-0.000192027896500413,-0.00068949827353304,-0.00221873241502379,-0.00302993450149547,3.13258785569204e-05,-0.00280778085796385,-0.0015429735553889,-0.00045909433591973,0,-0.0013498373346561,-0.000108536336870024,-0.00429615783353565
"20:16508080:A:T",0.000117448562949818,-0.0011863565226875,-0.000149088218969418,-0.00218116465680573,-0.00109565441656656,-0.0105648577360209,-0.00524669375917064,-0.00232139333640013,-0.00597447694384634,-0.00430876488331888,-0.00181567130708427,-0.000149088218969418,-0.004848082623782,-0.000224955895403056,-0.00349993337829879,-0.0058139674739035,-0.00198411628403239,-0.00503565241547665,-0.00551036125915516,-0.00134273988205091,-5.05496332570132e-05,-0.0042161266604599,-0.00608660169959663,-0.00173093289377535,-0.00030689017396579,-0.000224955895403056,-0.00147798126503229,-0.00415319638736777,-0.0062345455133026,-0.00429509117849003,-0.00523878768276997,-0.00810413244715624,-0.000149088218969418,-0.00767272271191732,-0.00269834175871431,-0.00031535888517098,-0.00288740515751407,-0.000203505927053982,-0.00123567524197288,-0.00314120602515899,-0.00290093714669304,-0.00970382909600476,-0.00806538926033573,-0.000110890366979532,-0.000373453697132042,-0.00221344225327957,-0.00402998815985134,-0.00314120602515899,-0.00641207243887632,-0.000829208584708141,-0.00698755327216727,-0.00320116129040571,-0.000224955895403056,-0.00405090908279515,-0.00449559756557694,-0.0041459204347607,-0.0152567396785206,-5.05496332570132e-05,-0.00052372594071759,-0.00219503071435234,-0.000291660612732336,-0.00291864049873958,-0.00741405795199856,-0.00147798126503229,-0.00104172955892334,-0.00288740515751407,-0.00277816325236557,-0.00160730303705936,-0.000514389605383414,-0.0041459204347607,-0.000472631055318473,-0.000649485856188292,-0.000692588222750423,-0.00249674073564776,-0.00319409343913613,-0.00899138081021267,-0.00740693300041917,6.60361054456438e-05,-0.00393643271851829,-0.00772193162368406,-0.00174322451329623,0.00028535523576867,-0.0125642417793168,-0.000221990766680946,-0.00473513177571583,-0.00162230118301077,-0.000693071076752094,-0.000992325820672768,-0.00655658739665643,-0.0081122721752056,-0.00295886975860871,-0.00147798126503229,-0.00982005001199937,-0.00288740515751407,-0.00174322451329623,-0.00132249494740133,-0.000839145028760591,-0.0136016045581182,0.000236751921141476,-0.00415796057851781,-0.00293459248190153,0.000146033683839697,-0.0030377210723298,-0.00508042692776822,-0.00194698131447879,-0.00132249494740133,1.78603399660915e-05,-0.0169086748659915,-0.00805409725699491,-0.00102393339737983,-0.00291020374533879,-0.00386409357605011,0.000123707279747087,-0.00498821945448613,0.000183030270879847,-0.00469593961144277,-0.00325390910558099,-0.000149088218969418,-0.00875553467408796,-0.00222773224395478,-0.0194763496916748,-0.00378892750083093,-0.00918345090754658,-0.00234624675102957,-0.00757697849505945,-0.00381942722100881,-0.00481522694303749,-0.000108054582036665,-0.00654322379460126,-0.00171967227502723,-0.00819867747515257,-0.00561084071821671,-0.000208293964163442,-0.00423475116362848,-0.00172704826572989,0.000183030270879847,-0.00285935546662941,-0.0030503513467588,-0.00699114731699302,-0.00132000416981626,-0.00340379920779466,0.000358663017915539,-0.00308871953800072,-0.00320018776900177,-0.00596680687270634,-0.00470092940902145,-0.00493482638963938,-0.000350516205247065,-0.000389277006997979,0.656537792157794,-2.73545983846546e-05,-0.00442709370645478,-1.7989318417122e-05,-0.00414730047016398,-0.00258466959497294,-0.000754627823217113,-0.00447674431724909,-0.00171021950709527,-0.0101224081761084,-0.00835889604210971,-0.00211563892668565,-0.00602393375825239,6.44114192791534e-05,-0.00447674431724909,-0.000473616889948403,-0.00213362010654716,-0.0026822583177899,-0.000967776774201567,-0.000227931076903332,0,4.55435140089833e-06,-0.016479530215963,-0.00506946661099406,-0.00447674431724909,-0.00671362412502008,-0.00173046045700254,-0.00454278112239148,-0.00167721096196694,-0.00989738893627568,5.74703894349327e-05,-0.00521664407652978,0,-0.00261167160188602,-0.000650552574552599,-0.0135424866944458
"20:16508404:A:C",-2.50717377969778e-06,6.03491405382073e-06,1.22150336778759e-06,-1.81071460403359e-06,-0.00704875859201692,-1.32690488490184e-05,-0.00258922493524327,-0.0019518546233801,-1.5528385999275e-06,-0.00357393314450327,1.74119570406361e-06,1.22150336778759e-06,-9.13362427246156e-05,-1.42075762887828e-06,-4.0195567185819e-06,-0.00245329329182642,6.89916010365721e-06,-1.26261717738885e-05,-3.75875492686362e-06,-1.5485391680059e-06,-5.25424589614687e-06,-0.00201437658842973,-4.52127944683411e-06,-1.74873319576108e-05,2.36814160015086e-06,-1.42075762887828e-06,-3.39048759556704e-06,-0.00256431276510849,-0.00192439583938508,-0.00224224282790697,-7.16662910971166e-06,-2.10175277519653e-05,1.22150336778759e-06,-1.5901885251246e-05,-0.00396777902123979,-6.97404381355682e-07,-3.54367719257453e-06,-4.0195567185819e-06,3.13881217905987e-06,-1.81071460403359e-06,-3.39048759556704e-06,-1.02055612778429e-05,-0.00222488601611026,-0.00176333382362692,-1.81071460403359e-06,-1.81071460403359e-06,3.04614850765716e-06,-1.81071460403359e-06,-6.97404381355682e-07,4.36979587714603e-06,-0.00239794338016086,2.01919550146812e-06,-1.42075762887828e-06,-1.18315909851674e-05,-0.00273570581356708,-0.00258644903490968,-5.51038751206434e-05,-5.25424589614687e-06,-3.39048759556704e-06,-4.56918383129334e-07,3.43863645113629e-06,-0.00258999990899333,-2.41144092489876e-05,-3.39048759556704e-06,5.18852672204417e-06,-3.54367719257453e-06,-0.0023647526501307,-4.74322883015077e-06,-6.88406915116957e-06,-0.00258644903490968,3.36559472913223e-06,4.43168471697675e-06,-0.00199742179142959,-5.79260678978955e-06,2.81742871077739e-06,3.57094131775426e-06,2.9104434338123e-06,-4.86417711051956e-05,9.63447254775929e-06,-8.8017817176933e-06,-3.39048759556704e-06,-2.94637584996593e-06,-0.00120195963721237,2.77816030624933e-07,4.24279011923545e-06,-4.77408136534407e-05,-0.00180307239869926,-0.00255739515065923,-1.02592119954892e-05,2.98094191641951e-06,9.36943642315669e-06,-3.39048759556704e-06,-4.18383548694834e-06,-3.54367719257453e-06,-3.39048759556704e-06,-0.0016064807989693,5.24190985551343e-06,-0.00693068178844936,-0.00234555519004154,-0.00216849162010568,-9.01960128185664e-06,-1.42075762887828e-06,-2.16456157930978e-05,-0.00282015782775158,9.63447254775929e-06,-0.0016064807989693,4.24279011923545e-06,-0.00270436912565497,-8.26212022797534e-06,6.08901212117985e-07,6.89916010365721e-06,5.5699822558708e-06,-0.00234555519004154,-0.00789453483252611,-0.000583698948931399,-5.0809618699077e-06,8.49229564003906e-06,1.22150336778759e-06,-0.00185140081258339,-5.76120484652165e-07,7.47502676734513e-06,-6.97404381355682e-07,-2.23536936498903e-05,-1.49719946129778e-05,-7.89321354854877e-06,-0.0018757871907269,-1.94521041141371e-06,-0.00244024523752095,-0.00253563473970075,-3.69954311540965e-06,-0.00271208024165048,-1.81071460403359e-06,8.34671395821829e-06,-0.00272990374083193,-0.00176354868506401,-0.000583698948931399,6.09510787974443e-06,7.46820143593396e-06,-0.00257696031863475,-6.97404381355682e-07,8.20164052228733e-07,-0.000184506115319394,-0.00256436144804262,-8.25127851271645e-05,5.13420921599561e-06,-3.39750687139428e-07,-3.71099740092973e-06,-0.00271638408528396,4.17762305993108e-06,-2.73545983846546e-05,0.134861210889019,-4.39681726351893e-05,-4.56918383129334e-07,-1.07424184125904e-06,-1.52629045926389e-05,3.21571201933324e-06,-0.00141442798748947,2.77816028848576e-07,-0.00280536900759643,-2.79324908767364e-05,2.38213006564791e-06,-0.00252141101421,-9.95514158219635e-06,-0.00141442798748947,3.43863645113629e-06,-1.16905774651954e-05,5.48328061977799e-06,9.58633743497472e-06,7.93326115289261e-06,0,-1.11335618058206e-07,-0.00148995783873396,-5.0809618699077e-06,-0.00141442798748947,-0.00235444566438758,-0.00278200101414594,-0.00255605233708067,-1.5485391680059e-06,-5.57761954844693e-07,-9.70874810324318e-06,-0.00278196544856435,0,-1.07424184125904e-06,4.30683924879105e-06,-5.79260678978955e-06
"20:16508484:A:G",-1.64714385242348e-07,-0.0129977884859072,-3.04749997903642e-05,3.61049721204765e-05,-0.00223048592068098,-0.00620160875455156,-0.000343302178992921,0.000675892103298104,-8.38405095944239e-05,-0.00341533672028893,-5.83856101723512e-05,-3.04749997903642e-05,-0.0034001562225372,-0.000295979967208204,-0.000526166465599331,-0.00164877397671503,-0.00688462556845071,-0.000387804826028848,-0.00216303282115327,3.17670171092743e-05,-0.0110751890666636,-0.00580768190956205,-0.00213063097557686,-0.00475122515452542,0.000202964941503403,-0.000295979967208204,-0.00279228388609631,-0.00999833398134964,-0.00449803266560389,-0.000232902726862605,-0.00162831182412138,-0.000604202468433179,0.000226244759494953,-0.00146993088436442,-0.00277153822682941,-0.000412917744385233,0.00094268684620058,-0.00255876452994919,-0.011867756040937,-0.00371747296593039,-0.000356854442600252,-0.00849079977227252,-0.00148309631402199,-0.00713659487705876,-0.00201834085825325,-0.0024081195362049,-0.0131302467634358,-0.00371747296593039,-0.00100724884364922,-0.0008632813867262,-0.0019677427098177,-0.00272888575199559,-0.000295979967208204,-0.000178375001767428,-0.0073164411062332,-0.00178440585974471,-0.00787997137035434,-0.0110751890666636,-0.000772552375389424,-0.000541419180537517,0.000419243784067547,-0.00307541652005483,-0.0095701650920379,-0.00279228388609631,-0.000178083445912414,0.00094268684620058,-7.83381910496317e-05,-0.000176143389092331,-0.00134344919949392,-0.00178440585974471,-0.000525502908454101,0.000147317536352887,0.00018345200412373,-0.000463635783249927,-0.000494524886802239,-0.00170251243469366,-0.00305971471594813,-0.00433082641884797,-0.00366693381627936,-0.0032169242140494,6.23337596028506e-05,0.000828157614741976,-0.000577221535954742,-0.000200000793000754,-0.000134510141402089,-0.00109214413881009,-0.00731706249803832,-0.000137675462578812,-0.00217619075757636,0.000100191623416457,-0.00740483874108655,-0.00279228388609631,-0.000378790716478505,0.00094268684620058,6.23337596028506e-05,-0.00200966109858669,-0.00203399460752518,-0.00382956867949602,-0.00294661476506963,-0.00313066316383415,-0.00122641235129439,2.96112031747953e-05,-0.000436853250384672,-0.00275641879108512,-0.00760790763931762,-0.00200966109858669,-0.000134510141402089,-0.00277136503404041,0.000643500877403724,-0.000171115021384338,-0.000307607787191522,-0.00168656034691228,-0.00110095530321352,-0.00298351667419094,-3.04749997903642e-05,-0.00039068998636882,-0.000196716590173729,0.000226244759494953,-0.00215309626359872,1.10958673014139e-05,-0.00250638755324406,-0.00384095331180401,-0.00733030661595979,-0.00251446907507535,-0.00146060867634912,-0.0123631379012048,-0.00500366371519512,-0.00240847411291423,-0.00510898190116338,-0.00207786092364426,-5.09923159190961e-05,-0.000606732186052561,-0.000175914629418017,-0.00226389484641665,-0.00812307808741597,-3.04749997903642e-05,-0.000226787518698757,-0.00164589345848132,-0.00550115991058453,-0.00203791107134066,-0.00345416817927635,-0.0001566429696922,-0.00416530165299811,-0.00591411238355644,-0.000176183389782203,6.61997456496977e-06,-0.00194639864192947,0.00015705066856686,-0.000132456230850231,-0.00442709370645478,-4.39681726351893e-05,0.425782548660487,-0.00245598724356189,-0.00100780788504018,1.58486592258811e-05,-0.00267325988782918,-0.00245815791876591,-0.00493923926209128,-0.000380621113873492,-0.0022768031652638,-0.000153782128175628,-0.00514675292372724,-0.00032793373540585,-0.00245815791876591,0.000176675479996113,-0.000292895124592185,-0.00216476665946441,-0.00013235968851788,-0.000139889098559109,0,-0.00361346899788995,-0.000178083445912414,-0.00142891510558751,-0.00245815791876591,-0.0102320725168026,-0.00125524940721533,-0.0013062930725587,3.17670171092743e-05,-0.003015701564693,-0.000322885516829352,-0.00869441277509475,0,-0.00490639807867499,-0.00149045412443805,-0.000231994229030974
"20:16509921:G:C",-5.08595278070345e-06,-0.00257284022171334,2.47033254652251e-06,-3.66819194308476e-06,-0.00257325576313683,-0.00256910753259465,-0.00486236726323064,5.34493958515014e-06,-0.00457378504282069,-0.000974398391314857,3.51331481862616e-06,2.47033254652251e-06,-0.00452857000675433,-2.87469436344168e-06,-8.14603825105564e-06,-0.00513604738907691,1.39539838892588e-05,-2.55820328645129e-05,-7.63557906591217e-06,-3.13468242207904e-06,-1.06396704335765e-05,-0.00967066003962902,-9.16776106674178e-06,-0.00246151683601337,4.78936667658303e-06,-2.87469436344168e-06,-6.86545936190441e-06,-0.00228382505639235,-0.00274547284832138,-0.00544850754587589,-1.45346230278065e-05,-4.26642694266732e-05,2.47033254652251e-06,-3.22284354963287e-05,-0.000351800513696432,-1.41924713403796e-06,-7.1772539369519e-06,-8.14603825105564e-06,6.34432544455166e-06,-3.66819194308476e-06,-6.86545936190441e-06,-0.00229618422811839,-0.00195569295430786,-0.000534503012847409,-3.66819194308476e-06,-3.66819194308476e-06,6.14075768989863e-06,-3.66819194308476e-06,-1.41924713403796e-06,8.83715734456558e-06,4.61638645976592e-06,4.07925330581094e-06,-2.87469436344168e-06,-2.39635413077366e-05,1.91389072030645e-05,-0.0049088958897574,-0.00721772863042336,-1.06396704335765e-05,-6.86545936190441e-06,-9.29751416300917e-07,6.95450405441278e-06,-7.98149819569716e-06,-0.00198224124416591,-6.86545936190441e-06,1.04920334713654e-05,-7.1772539369519e-06,-0.00209075593897712,-9.59961935098619e-06,-1.39366219382708e-05,-0.0049088958897574,6.80587809753774e-06,8.96309531484007e-06,5.16767977298827e-06,-1.17357144979735e-05,5.69000038819212e-06,-0.000650895422749542,-0.00223584830562995,-0.00155194936115333,-0.000936742477146701,-1.78184726902231e-05,-6.86545936190441e-06,-5.96171788025401e-06,1.23268023672907e-05,5.49486128598176e-07,-0.00134186264862191,-5.18897945704921e-05,-0.00187300586858896,-0.00228201438034947,-1.45005962242095e-05,6.02294197626918e-06,-0.000767865835787696,-6.86545936190441e-06,-8.48054358471018e-06,-7.1772539369519e-06,-6.86545936190441e-06,-6.55901922375079e-06,1.06006904196931e-05,-0.00407479651907394,-2.99587763663567e-06,-4.03265731332425e-05,-1.82618856898742e-05,-2.87469436344168e-06,-4.38392876409566e-05,-1.02463528843799e-05,-0.000936742477146701,-6.55901922375079e-06,8.57867336545581e-06,-0.00200112056358215,-1.67677079883077e-05,1.22360203391736e-06,1.39539838892588e-05,-0.00207941090306552,-2.99587763663567e-06,-4.91456624196474e-06,2.47033254652251e-06,-1.02869572842224e-05,1.71748251407422e-05,2.47033254652251e-06,-2.90999317842378e-05,-1.17236798580223e-06,-0.00135895313540502,-1.41924713403796e-06,-7.85051097969003e-05,-3.03063873179354e-05,-1.59912535409035e-05,-0.00747974796337214,-3.94192323227571e-06,-1.17236798580223e-06,-0.000501032140543423,-7.49452848491927e-06,1.380325699607e-05,-3.66819194308476e-06,-0.00279143725226749,1.50070273150504e-05,-0.00707363267030292,2.47033254652251e-06,1.23268023672907e-05,-0.00102015385616916,-0.000518346946241088,-1.41924713403796e-06,1.653636613419e-06,-0.00321098433242106,8.94850362254118e-06,-0.000471009715873549,-0.00175018123837845,-6.91299823607494e-07,-5.9933500224929e-06,-0.00244521978947976,8.44602409610928e-06,-1.7989318417122e-05,-4.56918383129334e-07,-0.00245598724356189,0.159362511835944,-2.18647984429055e-06,-0.000738818523885243,6.50084938680351e-06,1.35179183979872e-05,5.49486128598176e-07,-0.000453729482855714,-0.0042985821922743,-0.00239005161717198,-0.00477538479622197,-0.00267512190936614,1.35179183979872e-05,6.95450405441278e-06,-2.37028489138424e-05,-0.00245983150738649,1.93900841436445e-05,1.60430121241006e-05,0,-2.26514956125357e-07,1.04920334713654e-05,-1.02869572842224e-05,1.35179183979872e-05,-0.000854695807155359,-0.00183596279832621,-0.000673430690028454,-3.13468242207904e-06,-0.00191885831088179,-0.00269511493449937,-0.00256062403491608,0,-0.00209075593897801,8.70903365690623e-06,-1.17357144979735e-05
"20:16513113:T:C",-1.18663469574898e-05,-0.000664080846760839,5.71814736360921e-06,-8.52861492628421e-06,-1.27895026356128e-05,-0.00107144123116987,8.96187675181181e-08,1.23097888033996e-05,-7.05337361317504e-06,-0.00221358814371975,8.08385875128437e-06,5.71814736360921e-06,-0.00469496661638047,-6.66255284098582e-06,-1.89585773862078e-05,6.19123866929527e-06,3.23076482091622e-05,-0.00134137229837883,-0.00184209551782821,-7.27380374332398e-06,-0.0033270766162854,-0.00143877857032848,-2.13663031116695e-05,-0.000165703984309928,1.10867220417532e-05,-6.66255284098582e-06,-1.59437907267801e-05,-0.0039212173995713,-7.1997199744267e-05,-0.00183926450013505,-0.00165116839527268,-0.000176268007906266,5.71814736360921e-06,-0.00143848287032267,-0.00463618264350663,-3.33852831513326e-06,-0.00272146904964199,-0.00163061286626132,1.46641472271725e-05,-8.52861492628421e-06,-0.00331730845681033,-0.000371923818893727,-2.94498583963687e-05,4.36098257328155e-05,-8.52861492628421e-06,-8.52861492628421e-06,-0.00216502727848056,-8.52861492628421e-06,-0.00227091607734131,2.04544609960777e-05,1.06799891499421e-05,9.41634673079506e-06,-6.66255284098582e-06,-0.00119324194708614,-0.000119649323030657,6.67742907101143e-06,-0.000486694446587332,-0.0033270766162854,-0.00140912925026626,-2.18647984429055e-06,1.60996300069272e-05,-0.000478636472587723,-1.40861462032404e-05,-1.59437907267801e-05,2.42795971558962e-05,-0.00272146904964199,-5.14548629837464e-06,-2.22630543644797e-05,-0.0010128993151044,6.67742907101143e-06,1.57501187345588e-05,2.07506557696746e-05,1.18917867482082e-05,-0.00286090055048049,1.31231337476834e-05,-0.000282896227403295,-3.06510187275677e-06,-0.000916278969593343,4.51329370640963e-05,-4.13536268402126e-05,-1.59437907267801e-05,-1.38181730120479e-05,2.85345892523381e-05,1.19720567504089e-06,1.98462880653949e-05,-0.00160155655894023,-0.000312528867291384,1.73605951392375e-06,-5.87546008956608e-05,-0.00166146687641966,-0.00335564841247393,-1.59437907267801e-05,-9.36360197600905e-05,-0.00272146904964199,-1.59437907267801e-05,-1.52228500454044e-05,2.45353169265883e-05,-0.000105228143893132,-7.0533736149514e-06,-2.25867586101103e-05,-4.23975491194994e-05,-6.66255284098582e-06,-0.000945426571234975,-0.000288871173209415,-0.00358377469181548,-1.52228500454044e-05,1.98462880653949e-05,-0.00213943448562137,-0.00240071660698149,2.78506739803674e-06,3.23076482091622e-05,5.69599798616593e-06,-7.0533736149514e-06,-0.000325245180622602,5.71814736360921e-06,-0.00117006908064621,-0.000391099616523505,5.71814736360921e-06,-0.000100417429115041,-2.75741018462838e-06,-0.000420191884864529,-3.33852831513326e-06,-0.00424802626750864,-0.00115678235403571,-3.71861240768823e-05,4.13774219012453e-05,-9.1726840203421e-06,-2.75741018462838e-06,-0.000185340014545954,-1.74243560984166e-05,-4.57325161162814e-05,-8.52861492628421e-06,3.9054158040841e-05,3.46750399824458e-05,4.35759976094019e-05,5.71814736360921e-06,2.85345892523381e-05,-0.000884513443633494,-0.000183431636109788,-0.00235677552839242,3.79730094657305e-06,-9.06036797481136e-05,2.0545139308048e-05,-7.79496960072734e-05,2.40193039928727e-05,-1.6255004089416e-06,-1.30544690239986e-05,-2.39446044387748e-05,1.95340593682758e-05,-0.00414730047016398,-1.07424184125904e-06,-0.00100780788504018,-2.18647984429055e-06,0.119465557692872,-0.00065587567381975,1.50325243328808e-05,3.12806733866466e-05,-0.00232350766585121,-9.89655861358685e-05,-0.000150233501410746,1.10321750890208e-05,-0.00230328202659891,-4.71022459374026e-05,3.12806733866466e-05,1.60996300069272e-05,-0.000112301695664563,-0.00663653478576265,-0.00464035421508324,3.71291631164894e-05,0,-5.32480716408656e-07,2.42795971558962e-05,-2.38801242673503e-05,3.12806733866466e-05,-0.00447813180516965,-0.000291372305579074,-5.0575830147892e-05,-7.27380374332398e-06,-5.23907847265193e-05,-4.59153384309019e-05,-0.00405241478894158,0,-5.14548630015099e-06,2.01530462398125e-05,-2.72913438026379e-05
"20:16513400:A:C",-0.000141098756155422,-0.00124003116868998,6.57882601453608e-05,-9.81975096498999e-05,-0.00109660829563119,-0.0017176651110935,-1.84223378054682e-05,-0.00126886418903194,-9.74567412779237e-05,-0.00974077357430847,8.22282770656102e-05,6.57882601453608e-05,-0.00529835347489449,-7.36906083602662e-05,-0.000210403699909989,5.2003629734898e-05,0.000457141816301743,-0.000463668188716682,-0.00021565385219624,-8.17610902661414e-05,-0.00014680854751159,-0.00539874112220051,-0.000238777949152613,-0.00246908088038644,0.000131647670801982,-7.36906083602662e-05,-0.000160552833524008,-0.00327673262156658,-0.00250270749915771,0.000223765468560622,-0.000361398471849128,-0.00647749132245412,6.57882601453608e-05,0.000816082723343214,-0.00125490240421389,-4.6920991482402e-05,-0.000517239014971693,2.42797766700775e-05,0.000171450355814784,-0.00150507252746923,-0.000174195637494989,-0.00150849831316613,-0.000330846776877003,-0.000822162487310152,-9.81975096498999e-05,-9.81975096498999e-05,0.000135273913309142,-0.00150507252746923,-4.6920991482402e-05,0.000257554935505055,0.000124842188555796,0.000103926212367433,-7.36906083602662e-05,-0.000531854105590313,-1.68306197698698e-05,5.97037208063256e-05,-0.00594744975321237,-0.00014680854751159,-0.000174195637494989,-0.00513369397306995,0.000197577361408463,-0.000639344420000576,-0.000751885826367982,-0.000160552833524008,0.000312553775831503,-0.000517239014971693,-7.17114254307205e-05,-0.00466425222717515,7.22303584304029e-05,5.97037208063256e-05,0.00019116340585601,0.000263576432778301,-0.0011852529605445,-0.000289394684806155,0.000144011691098456,-0.0023015513272755,-0.000713012541655011,-0.00404304010126921,0.000837350596972541,-0.000407320295072289,-0.000174195637494989,-0.000148184484201508,0.000385247819948198,-2.24263652448542e-06,-0.00375549266670294,-0.000840090986076625,0.000597618644959219,5.69518215431941e-06,-0.00256705708684901,0.000157901074948619,0.000763802174125416,-0.000160552833524008,-0.000219742096381204,-0.000517239014971693,-0.000174195637494989,-0.000165419536494404,0.000318319523473498,-0.00352633147185344,-0.0009411735450362,-0.000619257622422431,-0.000417815394943233,-7.36906083602662e-05,8.71402315141268e-05,0.000308747072820914,0.000837350596972541,-0.000165419536494404,0.000245291926078472,-0.00417201159677294,-0.00174415545067053,2.12761559268415e-05,0.000457141816301743,4.42045022035487e-05,-0.0009411735450362,-0.00258227209422834,6.57882601453608e-05,-0.000118810195068875,-0.00361140472655386,6.57882601453608e-05,-0.00169064099192795,-3.88605899575012e-05,0.000534602790118299,-4.6920991482402e-05,-0.00452813224607596,0.00503810050239828,-0.00590722671132404,-0.000857098232544651,-0.000106567072029051,-3.88605899575012e-05,0.000284182312510595,-0.000192074828387234,0.000404431247750914,-9.81975096498999e-05,0.000573820820810589,-0.00995138033865928,-0.00083863595450584,6.57882601453608e-05,0.000385247819948198,0.000505484579579552,0.000311621274569518,-4.6920991482402e-05,3.64762431033228e-05,-0.00058374600688893,-0.0104889326566768,-7.77287179438702e-05,0.000306717314885852,-2.30333161574947e-05,-0.00249811649285991,-0.00118603064298295,0.000239047718872065,-0.00258466959497294,-1.52629045926389e-05,1.58486592258811e-05,-0.000738818523885243,-0.00065587567381975,0.151681423768895,0.000178101335908565,0.000426837897563814,-2.2426365253736e-06,0.00117655095654623,-0.0039473749736274,0.000107713565261847,-0.000158174467370209,-0.00151967791907914,0.000426837897563814,0.000197577361408463,-0.000623733796778936,-0.000682991476630868,0.00110500297113791,0.0005425728371522,0,-7.58568772152302e-06,0.000312553775831503,-0.000251040238521405,0.000426837897563814,-0.00778816087690259,-0.00397141885110663,0.000615381939641502,-8.17610902661414e-05,-8.61037916548568e-05,-0.00148239649735071,0.000512571810482143,0,-7.17114254316087e-05,0.000251460543680082,-0.00588756839635085
"20:16517045:T:G",3.58782591094453e-05,0.00015635673621972,-2.02658133652278e-05,2.68520252788562e-05,-0.000312980383213812,-0.000169718006588049,-0.00138010395569488,-4.80352940135376e-05,-0.00149209514696036,-0.00124413929705636,-3.06835158720986e-05,-2.02658133652278e-05,0.000170771617917787,2.16644779129638e-05,-0.00176883455155252,-0.00126693811186041,-0.000147433928888496,-0.00203778780400832,5.13995298980774e-05,2.33753456129193e-05,7.25658671054674e-05,-0.000270942645141048,-0.00318043258126366,-0.00434118577861664,-4.08301794738719e-05,2.16644779129638e-05,4.87607600483386e-05,-0.000382816377114459,-0.000999472709149352,-0.00111689978268981,9.37294768998953e-05,-0.00653666462745228,-2.02658133652278e-05,-0.00184294031277155,-0.00115165115661942,9.85767509131819e-06,5.06409314580125e-05,-0.00176883455155252,-5.64139303884659e-05,2.68520252788562e-05,4.87607600483386e-05,-0.00344214115059227,-0.00318502005600951,-0.000259453409403143,2.68520252788562e-05,2.68520252788562e-05,-5.77293711723215e-05,2.68520252788562e-05,9.85767509131819e-06,-8.1679392930134e-05,-3.94275990425186e-05,-3.51275126790895e-05,2.16644779129638e-05,-0.00243798941929008,-0.00546524467411125,-0.00140188707843336,-0.000301031494047699,7.25658671054674e-05,4.87607600483386e-05,6.50084938680351e-06,-6.16974604792375e-05,-0.00132030143456419,-0.0024122563347202,4.87607600483386e-05,-0.000101074350635777,5.06409314580125e-05,1.50325243346572e-05,6.66508036379909e-05,9.22868755122153e-05,-0.00140188707843336,-6.03981377258478e-05,-8.28721002763544e-05,-4.65826262514568e-05,7.86736910578512e-05,-0.000992061077638162,-0.000126088753423126,-0.00126980702416279,-0.00777969587847238,-0.000287400867663656,-0.00332534840861065,4.87607600483386e-05,4.32387167110804e-05,-0.000120177787279019,-0.00285398366969769,-7.92543007799296e-05,-0.000199000669139693,-0.00146193716074006,-7.77731393331038e-06,-0.000369322118864979,-5.36835203819308e-05,-0.000261686486418,4.87607600483386e-05,5.83676715235626e-05,5.06409314580125e-05,4.87607600483386e-05,4.69005421033231e-05,-0.000195140316754383,-0.00725783288750392,2.03824288762533e-05,-0.00223950738255851,-0.0023146575278048,2.16644779129638e-05,-0.00282068364457011,6.85156616482274e-05,-0.000287400867663656,4.69005421033231e-05,-7.92543007799296e-05,-0.00410490400950803,-0.00308352301591786,-1.1002487908307e-05,-0.000147433928888496,-0.00138703582019239,2.03824288762533e-05,-0.000215676359367478,-2.02658133652278e-05,7.05732136170312e-05,-0.000209959173414376,-2.02658133652278e-05,0.000167633464122297,8.17015595711013e-06,-0.00184827121154552,-0.00143276102756396,-0.00239144161201477,0.000175593581611899,-0.0028368419750775,-0.000898284113967307,2.86184255822164e-05,8.17015595711013e-06,-0.000872395298099349,5.25413771184091e-05,6.25295342713272e-05,2.68520252788562e-05,-0.000205292915684829,-0.00396020277457154,-0.000815560529753512,-2.02658133652278e-05,-0.000124212599936335,-0.000166995888362109,-0.000797275313486168,9.85767509131819e-06,-1.41574725445182e-05,-0.00245318174010833,-0.00370973139383945,0.000322192509276675,-9.99549847460202e-05,4.84946335355119e-06,-0.00118185444366858,-0.00315248121328704,-7.80214743576479e-05,-0.000754627823217113,3.21571201933324e-06,-0.00267325988782918,6.50084938680351e-06,1.50325243328808e-05,0.000178101335908565,0.137629047946704,-0.000350235641512597,-6.1376726643303e-06,0.000239374360332612,-0.000765207832030157,-4.36265774830247e-05,-0.000195683266392521,-0.00291203454037525,-0.000350235641512597,-6.16974604792375e-05,0.000142106842121237,0.000502571504174654,-0.000901685941299135,-0.000185752265942973,0,1.59931555643311e-06,-0.000101074350635777,7.05732136170312e-05,-0.000350235641512597,-0.000517865082407809,6.43731922354007e-05,0.000174428169326113,2.33753456129193e-05,-0.000972018214532078,-0.00290204110276004,-0.000538573738492865,0,1.50325243328808e-05,-8.04735325585781e-05,-0.00283142021025906
"20:16517334:G:A",-0.000969981066506698,-0.000824397559442858,-4.92228791753035e-05,6.29854876228464e-05,-0.00545126127444018,-0.00216884807478124,-0.0010231486564054,0.00104715048821014,-0.00110281554882086,-0.000415613470015508,-7.873948868653e-05,-4.92228791753035e-05,0.000415811093515739,5.20623169775192e-05,-0.00132746162525343,-0.000940675091652743,0.000332114721241616,-0.00060377630406272,-0.0037418847835049,-0.00334287330822391,0.00017241369699672,4.86504119030506e-05,0.00014465970800881,-0.00314787967499175,-9.91798880773942e-05,5.20623169775192e-05,0.000115669485154513,-0.00366108418575983,-0.00217393104120056,-0.000877985319893249,-0.00267453427544506,0.000522856790090565,-4.92228791753035e-05,-0.000619730816416642,-0.00507663224451749,-0.00398482801855859,0.000626310356622639,-0.00347184802552825,-0.00105698148060629,6.29854876228464e-05,0.000115669485154513,-0.00284273596223361,0.000185508775556897,-0.00431436975492439,6.29854876228464e-05,-0.00360828640253086,-0.00399997900213744,6.29854876228464e-05,2.05037763070237e-05,0.000255439088841847,-4.3664238099872e-05,-8.76965567169208e-05,5.20623169775192e-05,0.000344860923619628,-0.00308323237751118,-0.00107739150672881,6.25579572353097e-05,0.00017241369699672,0.000115669485154513,-0.0011348216490239,-0.0001498819779302,-0.000683310127755909,-0.00225780182738688,0.000115669485154513,-0.000247470863067534,0.000626310356622639,3.1280673388423e-05,0.000159697666137326,-0.00275142223667579,-0.00107739150672881,-0.000147321635321163,-0.000201340309844866,0.000908788510599834,-0.00591251819833438,-0.00461823847851228,0.000315028590194721,-0.00183509200951715,-0.00233491131931807,-0.000705847168780416,-0.00280255024592968,0.000115669485154513,0.00010391419237088,-0.000303111999123473,-0.000889504125356488,-0.000238019148018687,-0.0040310642937218,-0.000520545177421283,-2.36171764562698e-05,0.000513318652942019,-0.000134080112863089,-0.000643903048042738,0.000115669485154513,-0.000704976134935364,0.000626310356622639,0.000115669485154513,-0.00259080764238284,-0.000249525725037003,-0.000904928685661943,-0.000309766550768309,-0.000999483834559278,0.000277184701304556,-0.00188938818512074,-0.00213534845584018,-0.00107887050593813,-0.000705847168780416,-0.00259080764238284,-0.000194395596718522,-0.000511698380170511,0.00111705455880529,-3.02351909908793e-05,-0.000358945806953059,-0.00225545290052764,-0.000309766550768309,-0.00316307005711192,-4.92228791753035e-05,0.000168128747342955,-0.00114127515729567,-4.92228791753035e-05,-0.00286318409833619,1.69914144532157e-05,-0.00265555627937664,-0.00885534006964583,-0.00229322771543039,0.000421261333444001,-0.00132741773065437,-0.0119971794998861,-0.00337945923455774,1.69914144532157e-05,-0.00148077855664752,0.000123723230005091,-0.00169914021124207,-0.00207764780170194,-0.00085269635972729,-0.00168791517498779,-0.000827106711746239,-4.92228791753035e-05,-0.000303111999123473,-0.000409263970889029,9.87293878100814e-05,2.05037763070237e-05,-3.67055986174591e-05,-0.000478168390772638,-0.00178201232476738,0.000153572367616039,-0.000245392408677603,-0.00185781589173128,-1.09137819279681e-05,-0.000231561566029548,-0.000192027896500413,-0.00447674431724909,-0.00141442798748947,-0.00245815791876591,1.35179183979872e-05,3.12806733866466e-05,0.000426837897563814,-0.000350235641512597,0.162695066013857,-0.000734673571440858,-0.000243911352488801,-0.000858204764163872,-0.000114215130628814,-0.00216571084520112,0.000289113459253976,0.00943444023577467,0.000857638156920082,0.000334080044426699,-0.000943889323038682,-0.00111983968420937,-0.000686563258195605,0,3.32429486071817e-06,-0.000247470863067534,-0.00230065188041362,0.00943444023577467,-0.000867477777862113,-0.00168292523839586,0.000203646786933298,-0.00334287330822391,-1.01654990638522e-05,0.000283828853023138,7.43082821434982e-05,0,3.12806733866466e-05,-4.73149291151387e-05,0.000185555430529227
"20:16517854:T:C",-0.000300999766394305,-0.00139773457766612,-1.82660711978144e-06,1.85122446705321e-06,-0.00206598526518231,-0.00189223532380556,-0.00188502261054957,-4.7456284288927e-06,-0.00201882357172423,-0.000576092900454572,-8.81482092554009e-05,-1.82660711978144e-06,-0.000121328834699952,1.53015108672605e-06,3.03084530361986e-06,-0.00175200033595235,-2.1537683645434e-05,2.30616425511698e-07,-0.00243741160514066,1.63949465026292e-06,3.27225067486836e-06,-0.00138679923672491,-0.000288942812218806,-0.00236925991501202,-4.06803792252219e-06,1.53015108672605e-06,-0.000272413319818199,-0.000219797238729669,-0.00127870290784049,-0.00330976086759538,-0.00328092901099986,-0.00171906579474079,-1.82660711978144e-06,-2.92858351347292e-06,-0.000740281434752355,8.14335015419942e-07,2.86402747118331e-06,3.03084530361986e-06,-5.93927051717458e-06,1.85122446705321e-06,2.80097211113883e-06,-0.00228121402520731,-0.000375421208303806,-0.00111204544193733,1.85122446705321e-06,1.85122446705321e-06,-0.00323951738850337,1.85122446705321e-06,8.14335015419942e-07,-9.61570945534618e-06,-3.88527000616534e-06,-0.00320845452055618,1.53015108672605e-06,-0.00149448253177908,-0.000711674542787755,-0.00188542483410092,-0.000501937717560796,3.27225067486836e-06,2.80097211113883e-06,5.49486128598176e-07,-6.73126537709123e-06,-0.00226560741298698,-4.89871960596133e-06,-0.000272413319818199,-1.2709299323177e-05,2.86402747118331e-06,-3.25249223198654e-05,3.20611666282389e-06,3.20344258764038e-06,-0.00188542483410092,-6.53370088166128e-06,0.000132757398176864,-4.54651948711415e-06,-0.00455919794269199,-5.14387006145256e-06,-0.00101873809410957,1.718641949644e-06,-0.000388354600442398,-0.000817008252237628,2.63769044739348e-06,2.80097211113883e-06,2.59140218705767e-06,-0.000518702244560743,-3.89965995495345e-07,-9.19809811605887e-06,-1.6545925846323e-05,-3.76746163501807e-05,-4.59624619404408e-05,-0.000601131031340074,-5.54185618195646e-06,-0.000908126015819022,-0.000272413319818199,-0.00199339677585808,2.86402747118331e-06,2.80097211113883e-06,2.73442768605747e-06,-1.29245361959462e-05,-0.000147235456421591,1.56035268794597e-06,-0.00144624771402579,-0.00134169322005917,1.53015108672605e-06,-1.03396657493704e-05,-0.00206934915764023,-0.000817008252237628,2.73442768605747e-06,-9.19809811605887e-06,4.64306061620512e-05,2.84993173327308e-06,-0.00261348940293704,-0.000204787482742219,-0.00187364312396898,1.56035268794597e-06,-0.00111890910862211,-1.82660711978144e-06,3.25475764295646e-06,0.000112758505220079,-1.82660711978144e-06,-0.0017965003646534,6.82807510088423e-07,-0.000259954719722177,8.14335015419942e-07,-0.000102717493781768,-1.94161814004445e-06,2.96731771065595e-06,-0.001216032400432,1.95340102582264e-06,6.82807510088423e-07,-0.00579993981323002,-0.00209749765286027,-0.00510263128871813,1.85122446705321e-06,-0.00464231394808934,-6.77902727996837e-05,-0.00111207927005896,-1.82660711978144e-06,-0.000518702244560743,-2.56162109009139e-05,-0.00587965829751669,8.14335015419942e-07,-0.00280470619667028,-0.000359252137109856,-0.000172108220412248,-0.0044814402957023,-1.24929649771843e-05,4.14460296305208e-07,-0.00503933069280382,-0.000765016672032104,-8.98821215766787e-06,-0.00171021950709527,2.77816028848576e-07,-0.00493923926209128,5.49486128598176e-07,-0.00232350766585121,-2.2426365253736e-06,-6.1376726643303e-06,-0.000734673571440858,0.146759993205186,-0.00209528083758048,-0.000713336217211591,-0.00263606157968788,-0.000448473466168497,-0.000598691630091963,-0.000734673571440858,-6.73126537709123e-06,-0.00239096605762512,-5.85244120721029e-05,-9.64732987958072e-05,-0.00331428132794542,0,1.39636069818039e-07,-0.00080197488826439,3.25475764295646e-06,-0.000734673571440858,-0.000223600923712652,-0.00305975637662659,-0.00184215818368205,1.63949465026292e-06,-0.00269433254837814,-0.000145549022692038,-0.000935347250414331,0,1.19720567415271e-06,-9.40726983067464e-06,3.2953620427989e-06
"20:16519238:G:T",-0.00263035700116099,-0.00394214350739475,9.04409173587695e-05,-0.000211062939232676,-0.00343881883744235,-0.00467517482973889,-0.00318500220403806,-0.00286497176400591,-0.00365272692447594,-0.00635522656213539,-0.0057906743418874,9.04409173587695e-05,-0.00182664860164783,-0.000103887460073615,-0.000862237746713568,-0.00263494495149708,-0.00428181849446752,-0.00212020201337193,-0.00361769018664937,-0.00123250921116735,-0.000629795666529098,-0.0032340155973225,-0.00349518484971778,-0.00642504831330593,0.000179694775512829,-0.000103887460073615,-0.00132185574940102,-0.0021801887712285,-0.00387562724915291,-0.00324271335250614,-0.00227439779444971,-0.00500697855697041,9.04409173587695e-05,-0.00209256213357811,-0.00863470722428472,-0.00532391693992285,-0.00168323732389997,-0.000608862831203538,-0.00169126191783509,-0.00335950548708475,-0.000477498884595029,-0.00368595419632234,-0.00620339701046646,-0.00368701997653798,-0.00575833266615167,-0.000211062939232676,-0.00227361515817393,-0.00335950548708475,-0.00174436223414087,-0.000557730714755067,0.000169660129187399,-0.00175028823282553,-0.000103887460073615,-0.00259173927701184,-0.00322763303892382,-0.00834200092709914,-0.00203847096389387,-0.000629795666529098,-0.00372798054639212,-0.000453729482855714,0.000267736444227396,-0.000292415440148019,-0.00457282350123744,-0.00132185574940102,-0.0033157294710513,-0.00168323732389997,-0.00674635668140144,-0.0065764749967494,-0.00115890588275214,-0.00834200092709914,-0.000796791546068931,0.000354540233291623,-0.00181751948585163,-0.00154645251847896,-0.00141115902221767,-0.00332360145323607,-0.00361417524668628,-0.00193695106000025,-0.00227194252487983,-0.000599753524874735,-0.00602823411933784,-0.000210662985907106,-0.0103815244035994,-1.14820341998723e-05,-4.8123948264589e-05,-0.00120216588174138,-0.00576784908191375,-0.00627784027742972,-0.00417677132680128,-0.000897150092162846,-0.00176561210199999,-0.00132185574940102,-0.000384591392657008,-0.00168323732389997,-0.00602823411933784,-0.000237802364825512,-0.000659513869025297,-0.00276980157414641,-0.00120880606205631,-0.00565310431676913,-0.00215103472738143,-0.000103887460073615,-0.00418108334702882,-0.000413773639411197,-0.00227194252487983,-0.000237802364825512,-0.00311435168250362,-0.00856741263485095,-0.00580176010615574,-0.00625656995408264,0.000600700359107975,-0.00983895851330274,-0.000725604533580615,-0.00308829978480318,-0.000276548473134852,-0.00262914698954475,-0.000725595665127088,9.04409173587695e-05,-0.000578269508996421,-0.00559628630039377,-0.00882904725450873,-6.12105679600461e-05,-0.00698924195133976,-0.000375856070471414,-0.0021964794511673,-0.00567961698383534,-0.00180307269066304,-0.00180875577306061,-0.00528443005338763,-0.000280136077951632,0.000398172561872912,-0.00225518684639958,0.000344253962599517,0.000197347278160898,-0.00616313782361644,-0.000276548473134852,-0.00211519973644769,0.000302268709756248,-0.00561450930989871,-0.00251344494615946,-0.00374118130734757,-0.00119743634038283,-0.000130776345232064,-0.00452493152416844,-0.00309670967252451,-0.00135568397748997,-0.00633520334904247,-0.00052177385911012,-0.00270808664797517,-0.0101224081761084,-0.00280536900759643,-0.000380621113873492,-0.000453729482855714,-9.89655861358685e-05,0.00117655095654623,0.000239374360332612,-0.000243911352488801,-0.00209528083758048,0.43437360286494,0.000246950080894148,8.01875943139407e-05,0.000686745090724639,-0.000935514574193164,-0.000243911352488801,0.000267736444227396,-0.000543398839485398,-0.000209251901765128,0.000102690908902581,-0.000365046479838149,0,-1.15216739500212e-05,-0.00620311795916528,-0.00121113901007064,-0.000243911352488801,-0.00153124460198129,0.000526215255072238,-0.00261996709549805,-0.000116360190006048,-0.00159888389871998,-0.000893332936230173,-0.000278162583046804,0,-9.89655861358685e-05,-0.00087252669322968,-0.0068073051106774
"20:16520359:T:C",-0.00231311762479613,-0.00135254822363073,-9.14790097885643e-05,-0.00158564138916351,-0.00243286942959697,-0.00140649185474695,-0.00132527023093498,-0.00200245109535224,-0.00154304460455368,-0.00635683008052501,-0.000138982273252708,-9.14790097885643e-05,-0.00877737117690547,-0.000230913253929543,-0.00983050224252313,-0.00539449630548816,-0.00181814521684398,-0.00735397897922674,-0.00651183162487179,-0.00168306051753309,-0.00134825402373018,-0.00593945413241137,-0.0011097937805058,-0.00282034295856093,-0.000188366760896841,-0.000230913253929543,0.000194243014420614,-0.00959861279310692,-0.00241577819220584,-0.00284648180779445,-0.0061758191979111,-0.000432468389010232,-9.14790097885643e-05,-0.00677001169723646,-0.00579519143392693,-0.00236271923308973,-0.000104579581023501,-0.000235246225233965,-0.0046346548390428,-0.00232287432166789,-0.00020671666039096,-0.00619174401261935,-0.00132693845362031,-0.00692112226559427,-0.00053186776768932,-0.00803627894475678,-0.00698774399764845,-0.00232287432166789,-5.78114624119053e-05,-0.000644237786062263,-0.000876943269450869,-0.000635248404972977,-0.000230913253929543,-0.00350623200202982,-0.00276345007303336,-0.00378037605097603,-0.0124930043471605,-0.00134825402373018,-0.00362199508654282,-0.00111283861338229,0.000277656622929889,-0.0016689742624072,-0.000318640519403779,0.000194243014420614,-0.00557632914908357,-0.000104579581023501,-0.000295302094758476,0.00026548484536093,-0.000684621801477547,-0.00378037605097603,-0.000287653125674581,-0.000398830801679573,-0.00213267306277931,-0.00343132376558053,-0.000380959613335285,-0.00116634240295488,-0.000842213579693052,-0.0102148253299807,-0.000688557917668753,-0.0088545212374429,-0.0031564507946209,0.000177841294279446,-0.000949732467748099,-0.0128570428183066,-0.00543095082661793,-0.00501043068623463,-0.0021192214601129,-0.000104700997536789,-0.00150273188974914,-0.000937064658759645,-0.00151810764014115,0.000194243014420614,-4.6938376506489e-05,-0.000104579581023501,-0.0031564507946209,-0.000358862121398573,-0.000509253009494337,-0.00792741122995899,-0.00231695022738254,-0.000928208899674043,-0.00179610288993803,-0.000230913253929543,-0.0036022683521173,-0.00743765198459734,-0.000688557917668753,-0.000358862121398573,-0.00699138715644132,-0.00410461751897051,-0.00262860842131563,-0.000122409256138489,-0.00159464555859756,-0.00136558117132068,-0.00231695022738254,-0.00587987464414885,-9.14790097885643e-05,-0.00292707089863686,-0.000893229078727131,-9.14790097885643e-05,-0.00705510959884315,-0.00204217157744413,-0.00955377762794329,-0.00289422054883648,-0.00706581313551702,-0.000652130555716113,-0.0112814758567268,-0.0031393171168137,-0.00220655467515574,-0.0026789144222672,-0.0057442455407597,-0.00166788037544929,-0.00807822089643029,-0.000384196194119113,-5.10671559674769e-05,-0.00641120918026683,-0.00114751634924826,-9.14790097885643e-05,-0.00139008951871933,-0.000407828352225081,-0.00895909189468203,-0.00097729227899368,-0.00157619114945629,-0.00112516345362135,-0.0067436677585242,-0.00671625396928599,-0.00322547925007655,-0.00262068145321859,-0.00111409089002601,-0.00106773152114803,-0.000401402377105953,-0.00835889604210971,-2.79324908767364e-05,-0.0022768031652638,-0.0042985821922743,-0.000150233501410746,-0.0039473749736274,-0.000765207832030157,-0.000858204764163872,-0.000713336217211591,0.000246950080894148,0.520080420528454,-0.000910239013389713,-0.00932055377432794,-0.000773364825187528,-0.000858204764163872,9.10589954994379e-06,-0.00531631348390604,-0.000450899460441523,-0.00122005723394514,-0.000400834697680708,0,4.66215436212281e-06,-0.00492290254522132,-6.00035606774796e-05,-0.000858204764163872,-0.00271668285529003,-0.0191116500860238,-0.00191451463661219,-0.00168306051753309,-0.000840643538126074,-0.000760691530266477,-0.011683124084481,0,-0.00135364714117436,-0.000946420767919953,-0.0115323645063077
"20:16522553:T:G",2.54265773884654e-05,-0.000100638624692451,-1.4885270381626e-05,1.90788705465295e-05,-0.00562409177862655,-0.000634210956824255,-0.00482235249951568,-0.00268229548761934,-0.00451316816648095,-0.000460332601290858,-0.00272563254266966,-1.4885270381626e-05,-0.00259382025639887,1.53856559119703e-05,-0.0022756146915075,-0.00511588322154743,-0.000119046351588104,-9.28576437306816e-05,-2.96079892647683e-05,1.66072914176141e-05,4.92997068537449e-05,-0.00392747143972239,-0.00206234619167045,-0.000957388479084997,-3.0494212746035e-05,1.53856559119703e-05,-0.00163917349618359,-1.12337120468098e-05,-0.00202043825343878,-0.00548616899222587,-6.26416549787123e-05,-0.00356446185345494,-1.4885270381626e-05,-1.72843654464572e-05,-0.0058511593031203,7.26431411557371e-06,3.51655778665361e-05,3.90480723568842e-05,-4.25356887179262e-05,1.90788705465295e-05,3.38897982015141e-05,-0.00227177707037107,-0.0044174572650082,-0.0056575620603958,-0.00246777554903321,1.90788705465295e-05,-4.0681921050556e-05,1.90788705465295e-05,7.26431411557371e-06,-6.29287177886795e-05,-2.93835310785084e-05,-0.00309741808802855,1.53856559119703e-05,-0.000625418878173356,-0.00124715181762802,-0.00488996073859926,-0.000619799553928768,4.92997068537449e-05,3.38897982015141e-05,-0.00199766489835707,-4.68388137866427e-05,3.74852515969692e-05,-0.00836505153945133,-0.00163917349618359,-0.000847964105103571,3.51655778665361e-05,-0.00226285102227042,4.54481441556354e-05,6.14182094587079e-05,-0.00488996073859926,-4.57780098805927e-05,-6.39312991035368e-05,-0.00276677565782801,5.32276575704316e-05,-0.000146673746296955,-0.000590727731480722,-0.00704147648535081,-0.00525933061479478,-0.000281331063391121,-0.0025009589630649,-0.00376589277667261,3.01168522280904e-05,-9.86807109155663e-05,-0.00172868925591363,-6.08943173565635e-05,-0.000138115040976494,-0.00201273580618988,-0.00247396755709506,-0.000447420346619598,-0.00137783249725665,-0.000258275284068077,-0.00163917349618359,4.0360794465677e-05,3.51655778665361e-05,-0.00376589277667261,3.26231214033967e-05,-0.000658657414505548,-0.000438145514691346,-0.00344267990381386,-0.00902013792919476,-0.000728640988530316,1.53856559119703e-05,0.000130750481262432,4.70657096904858e-05,-0.000281331063391121,3.26231214033967e-05,-6.08943173565635e-05,-0.00183914266764473,-0.000101851367332984,-0.00256967810098985,-0.000119046351588104,-0.00228511594253078,1.48940031641231e-05,-0.00190052056341283,-1.4885270381626e-05,4.80073998403441e-05,-0.000411036018423516,-1.4885270381626e-05,0.000103143453002552,-0.00114100874954826,-0.000813979235937179,7.26431411557371e-06,-0.0018554201344827,0.000106487655622267,-0.00235903320829056,-0.00206147231504339,2.03289704012732e-05,6.02878723743316e-06,-0.00183855084682039,-0.000612254716960692,-0.00318161791470306,1.90788705465295e-05,-0.000180219781842794,-0.00016312155822007,-0.00236951243275385,-1.4885270381626e-05,-9.86807109155663e-05,-0.00144891402946268,-0.00184231579675487,7.26431411557371e-06,-0.00276282336212308,-0.00504111419446307,-0.000213286436801852,-0.00273318731055605,-0.000984274634847182,3.58779166198531e-06,-0.00162294829801191,-0.00682554745276942,-0.00109118846533818,-0.00211563892668565,2.38213006564791e-06,-0.000153782128175628,-0.00239005161717198,1.10321750890208e-05,0.000107713565261847,-4.36265774830247e-05,-0.000114215130628814,-0.00263606157968788,8.01875943139407e-05,-0.000910239013389713,0.234684072833514,-0.000245516676273372,-0.00391981754435644,-0.000114215130628814,-4.68388137866427e-05,-0.00228403640979025,-0.00275376899555457,-0.000124843534143437,-0.00015366496069813,0,1.18623131495355e-06,-7.894852790713e-05,4.80073998403441e-05,-0.000114215130628814,-0.00170408269449496,-0.00308649385346804,5.61095498801123e-05,1.66072914176141e-05,7.70552436852867e-05,-0.00389959880066293,-0.000342655323956276,0,-0.00210777606542134,-6.19164352961832e-05,-0.00244451441708904
"20:16523707:C:T",-0.000584484291247467,-0.000414616592149031,0.000108969256817026,-0.00240409857840618,-0.00103644253229351,-0.00485439000355337,-0.00100327422879021,-0.00107305745197017,-0.000600381142655149,-0.00297633504791994,-0.00124576993368031,4.21184043037925e-05,-0.00527665940958277,-5.41788416050792e-05,-0.000780197505663605,-0.00144125159723307,-0.00582945135946122,-0.000674844323797608,-0.00491998091842927,-0.00534256496647867,-0.00958401059939362,-0.00596987833010454,-0.00548849682411312,-0.00426316248302294,7.79838323721194e-05,-5.41788416050792e-05,-0.000276515940334399,-0.00495658587364645,-0.00361867168260899,-0.00213825013938429,-0.00344146638172971,-0.0033290926826135,4.21184043037925e-05,-0.000537571897698985,-0.00327630360333631,-0.00298610106750452,-0.00338953947903331,-0.00177244388531506,-0.00221987200059903,-0.000148876724670011,0.000138956285166358,-0.00638485673705702,-0.000270980033723944,-0.00849222068635713,-0.00239131896857003,-0.0038178201910819,-0.00798204855300755,-0.000148876724670011,-0.000420903858592503,-0.00198724764096259,-0.00633005601243664,-0.000356873563732485,-5.41788416050792e-05,-0.00147245327591827,-0.00933249898624977,-0.0036117615321718,-0.0123600857667059,-0.00958401059939362,0.000138956285166358,-0.00967277165004887,0.000201402609754986,-0.000960323997043044,-0.00292834725738889,-0.000276515940334399,-0.00154067713390305,-0.00338953947903331,-0.00231180976280632,-0.00329618353379946,-0.00462555961363442,-0.0036117615321718,-0.00146264983837519,-4.9649306046895e-05,-0.00122001921811998,-0.00252102932259302,-0.00486151985855088,-0.00490232315856831,-0.00109439141807499,-0.00279118095340714,-0.00171250852406235,-0.000525820636914531,-0.000305673188679911,-0.00011689096781442,-0.00607092459727987,-0.00457349702112353,-0.000466478532757719,-0.00240753839307351,-0.00052244724538042,-0.00508372581129946,-0.00630368035991102,-0.000888547842675891,-0.00255944062713986,-0.000276515940334399,-0.00611926023973908,-0.00338953947903331,-0.000305673188679911,-0.0115479767184903,-0.000178293742084001,-0.0132081546339071,-0.00324777437599799,-0.00459490674530993,-0.0032781094534764,-5.41788416050792e-05,0.000217564547115412,-0.000270134064733085,-0.00171250852406235,-0.0115479767184903,-0.000357359764397991,-0.0121962597679786,0.000429392465453482,-0.0035552183153964,-0.00110851738179107,-0.00198090232666859,-0.0016475369813671,-0.0166847878653393,4.21184043037925e-05,-0.00146232500201826,-0.00141521938512401,4.21184043037925e-05,-0.00241009055560859,-0.00242125421344586,-0.0100879477366149,-0.00684549064714801,-0.000543001410699961,-0.000292280716850613,-0.00139955489226118,-0.00237124670832722,-0.00240321154642142,-0.000670606067575186,-0.00152725070286941,-0.000549357949061857,8.41427817972473e-05,-0.000337218937119133,0.000122045844471952,-0.00485851755742273,-0.00141081108546803,4.21184043037925e-05,-0.00126261002113459,-0.00269347287654043,-0.00220030178311514,-0.000210816637907563,-0.00194637436019018,-0.00252186103830399,-0.00511998665822588,-0.00160805669048614,-0.00291554622097667,-0.00129454908149373,-0.00148424882784459,-0.00132766618829949,-0.000681276543763154,-0.00602393375825239,-0.00252141101421,-0.00514675292372724,-0.00477538479622197,-0.00230328202659891,-0.000158174467370209,-0.000195683266392521,-0.00216571084520112,-0.000448473466168497,0.000686745090724639,-0.00932055377432794,-0.000245516676273372,0.473848770356843,-0.000758528869481356,-0.00216571084520201,0.000201402609754986,-0.000927431750604946,-0.00241862368622003,0.000901150771205117,0.000480975814635354,0,-4.86525550424943e-06,-0.00118451881067472,0.000132724909692961,-0.00216571084520201,-0.00174970904257243,0.000458046568217796,0.00091793004202767,-0.00534256496647867,-0.000669164768213548,-0.000725835775957417,-0.0061618389406477,0,-0.00219574418129609,-2.13359403531399e-05,-1.29384325040505e-05
"20:16524697:G:A",-0.00122933592385444,-0.00182048998975137,4.58715891529238e-05,-0.00327803323739584,-0.000426351892091503,-0.0034213030472019,-3.11027368233852e-05,9.40580929684742e-05,-9.14143229389097e-05,-0.0011137627624711,-0.00195987494119532,4.58715891529238e-05,-0.00223055482311096,-5.17385521749958e-05,-0.000217155407404412,-0.000254951323724661,-0.000508972739229563,-0.000414539100034972,-0.000798768692026997,-5.71086948912836e-05,-0.000184970331724266,-0.00730117562636812,4.81151948310554e-05,-0.00403116270256465,9.11606742919346e-05,-5.17385521749958e-05,-0.00210400195106519,-0.00455545361269749,-0.00159703387088683,3.56749757077779e-05,-0.00048250285251239,-0.00492949542722432,4.58715891529238e-05,-0.000510145841322363,-0.000133524303744803,-5.30123260409354e-05,-0.000908588860689008,-0.0028505016620004,-0.00171836102637712,-6.80779642800999e-05,-0.000122529053987463,-0.00283912179358747,-0.000336403597160917,-0.000932061660511074,-6.80779642800999e-05,-6.80779642800999e-05,-0.00278047544986748,-6.80779642800999e-05,-3.07246004851436e-05,-0.00697450012291423,-0.00136548043916029,7.37795396856811e-05,-5.17385521749958e-05,-0.00403344837739006,0.0001631951745793,-0.00106836787853481,-0.00183158899029534,-0.000184970331724266,-0.000122529053987463,-2.01926878853342e-05,0.000135855589199707,-0.00524817551440293,-0.000654938249430081,-0.00210400195106519,-0.00120835378238482,-0.000908588860689008,-0.00163629528459275,-0.000165587040471316,-0.00453095637430412,-0.00106836787853481,-0.00644922419630944,0.000179944421762279,-0.00222547066176304,-0.001291541940315,-0.00429397361152795,-0.000909173471880464,-0.000961489635759705,-0.00161059420118903,-7.35971424932202e-05,-0.00353029937213289,-0.000122529053987463,-0.000104833717542441,-0.000873543848193492,-2.94793445050345e-05,-0.00318601716010569,-0.00374129580402194,-9.53188427512686e-05,7.23012258418976e-06,-0.000496941339212853,0.000111492209214248,1.23342673328253e-05,-0.00210400195106519,-0.000153773664997026,-0.000908588860689008,-0.000122529053987463,-0.000116546651617533,0.000216827033947986,-0.00173043355863456,-6.42165737101408e-05,-0.00265265530145697,-0.000302184185965615,-5.17385521749958e-05,-0.000655173656729069,-0.00471599717779014,-7.35971424932202e-05,-0.000116546651617533,-0.00138121233486999,-0.0032361228300446,-0.000744005082932375,1.7306036935949e-05,0.00030580152965598,-0.00106443726323935,-6.42165737101408e-05,-0.000333957927502126,4.58715891529238e-05,-0.00200021838251274,0.000405974150690547,4.58715891529238e-05,-0.00402863672895926,-2.54210749579542e-05,-0.00145153008381538,-3.07246004851436e-05,-0.00158125896185934,-0.000988188363265863,-0.00335429903263762,-0.0019734252112853,-7.36803043022149e-05,-2.54210749579542e-05,-0.00161548489023966,-0.00304311396360291,-0.00166280801188545,-6.80779642800999e-05,-0.00655432607780426,-0.000409701662184681,-0.00169806030812225,4.58715891529238e-05,0.000260300072556952,0.000337913871636175,-0.000334000169706972,-3.07246004851436e-05,2.70972184814866e-05,0.000910477792347208,-0.000692500551028985,-0.00223873551960629,-0.00134944133738557,-1.50378818410957e-05,-0.00778712215563893,-0.00177177079112401,-0.00151911115482051,6.44114192791534e-05,-9.95514158219635e-06,-0.00032793373540585,-0.00267512190936614,-4.71022459374026e-05,-0.00151967791907914,-0.00291203454037525,0.000289113459253976,-0.000598691630091963,-0.000935514574193164,-0.000773364825187528,-0.00391981754435644,-0.000758528869481356,0.221263283306512,0.000289113459253976,0.000135855589199707,-0.00342640369592573,-0.000385762092943054,0.000138739943450261,-0.00105445882092603,0,-4.94299264452991e-06,-0.00120835378238482,-0.000178415859501513,0.000289113459253976,-0.000454271316164601,-0.00380358558821925,-0.000301616178917108,-5.71086948912836e-05,-0.000210666133858339,-0.00135379938022151,-0.00171947962998953,0,-0.00348499860931462,-0.00398146366135954,-0.00335741305312265
"20:16526929:A:G",-0.000969981066506698,-0.000824397559442858,-4.92228791753035e-05,6.29854876228464e-05,-0.00545126127444018,-0.00216884807478124,-0.0010231486564054,0.00104715048821014,-0.00110281554882086,-0.000415613470015508,-7.873948868653e-05,-4.92228791753035e-05,0.000415811093515739,5.20623169775192e-05,-0.00132746162525343,-0.000940675091652743,0.000332114721241616,-0.00060377630406272,-0.0037418847835049,-0.00334287330822391,0.00017241369699672,4.86504119030506e-05,0.00014465970800881,-0.00314787967499175,-9.91798880773942e-05,5.20623169775192e-05,0.000115669485154513,-0.00366108418575983,-0.00217393104120056,-0.000877985319893249,-0.00267453427544506,0.000522856790090565,-4.92228791753035e-05,-0.000619730816416642,-0.00507663224451749,-0.00398482801855859,0.000626310356622639,-0.00347184802552825,-0.00105698148060629,6.29854876228464e-05,0.000115669485154513,-0.00284273596223361,0.000185508775556897,-0.00431436975492439,6.29854876228464e-05,-0.00360828640253086,-0.00399997900213744,6.29854876228464e-05,2.05037763070237e-05,0.000255439088841847,-4.3664238099872e-05,-8.76965567169208e-05,5.20623169775192e-05,0.000344860923619628,-0.00308323237751118,-0.00107739150672881,6.25579572353097e-05,0.00017241369699672,0.000115669485154513,-0.0011348216490239,-0.0001498819779302,-0.000683310127755909,-0.00225780182738688,0.000115669485154513,-0.000247470863067534,0.000626310356622639,3.1280673388423e-05,0.000159697666137326,-0.00275142223667579,-0.00107739150672881,-0.000147321635321163,-0.000201340309844866,0.000908788510599834,-0.00591251819833438,-0.00461823847851228,0.000315028590194721,-0.00183509200951715,-0.00233491131931807,-0.000705847168780416,-0.00280255024592968,0.000115669485154513,0.00010391419237088,-0.000303111999123473,-0.000889504125356488,-0.000238019148018687,-0.0040310642937218,-0.000520545177421283,-2.36171764562698e-05,0.000513318652942019,-0.000134080112863089,-0.000643903048042738,0.000115669485154513,-0.000704976134935364,0.000626310356622639,0.000115669485154513,-0.00259080764238284,-0.000249525725037003,-0.000904928685661943,-0.000309766550768309,-0.000999483834559278,0.000277184701304556,-0.00188938818512074,-0.00213534845584018,-0.00107887050593813,-0.000705847168780416,-0.00259080764238284,-0.000194395596718522,-0.000511698380170511,0.00111705455880529,-3.02351909908793e-05,-0.000358945806953059,-0.00225545290052764,-0.000309766550768309,-0.00316307005711192,-4.92228791753035e-05,0.000168128747342955,-0.00114127515729567,-4.92228791753035e-05,-0.00286318409833619,1.69914144532157e-05,-0.00265555627937664,-0.00885534006964583,-0.00229322771543039,0.000421261333444001,-0.00132741773065437,-0.0119971794998861,-0.00337945923455774,1.69914144532157e-05,-0.00148077855664752,0.000123723230005091,-0.00169914021124207,-0.00207764780170194,-0.00085269635972729,-0.00168791517498779,-0.000827106711746239,-4.92228791753035e-05,-0.000303111999123473,-0.000409263970889029,9.87293878100814e-05,2.05037763070237e-05,-3.67055986174591e-05,-0.000478168390772638,-0.00178201232476738,0.000153572367616039,-0.000245392408677603,-0.00185781589173128,-1.09137819279681e-05,-0.000231561566029548,-0.000192027896500413,-0.00447674431724909,-0.00141442798748947,-0.00245815791876591,1.35179183979872e-05,3.12806733866466e-05,0.000426837897563814,-0.000350235641512597,0.00943444023577467,-0.000734673571440858,-0.000243911352488801,-0.000858204764163872,-0.000114215130628814,-0.00216571084520201,0.000289113459253976,0.162695066013858,0.000857638156920082,0.000334080044426699,-0.000943889323038682,-0.00111983968420937,-0.000686563258195605,0,3.32429486071817e-06,-0.000247470863067534,-0.00230065188041362,0.00943444023577467,-0.000867477777862113,-0.00168292523839586,0.000203646786933298,-0.00334287330822391,-1.01654990638522e-05,0.000283828853023138,7.43082821434982e-05,0,3.12806733866466e-05,-4.73149291151387e-05,0.000185555430529227
"20:16528296:T:C",-0.000162800626879012,0.000500547085967362,0.00182032951166811,2.89947389155998e-05,0.000120365242414877,-7.67472140887904e-05,-3.17500621793698e-06,0.000422605622961036,2.18447793685073e-05,-0.000285680181538517,-3.29847990396814e-05,0.00182032951166811,0.000671503166790544,2.34078448224651e-05,6.11767031717392e-05,-2.64602995390106e-05,-0.000155331411295201,0.000167890648858915,5.55404729638553e-05,2.5249546020234e-05,7.8994585680725e-05,0.000279171565214398,-0.000263211123616713,0.0002166180538552,-4.3707304307361e-05,2.34078448224651e-05,5.28707469422685e-05,-0.000305806271494902,0.000205687484417183,-8.96772054161943e-05,0.00010222169624452,0.000248901035040383,-2.17637737822685e-05,-0.000605274446270343,-0.000612046781351516,1.05502346174902e-05,5.49121539918929e-05,6.11767031717392e-05,-6.0287629005451e-05,2.89947389155998e-05,5.28707469422685e-05,0.000165692533484751,-0.000147185604215672,0.000389456762373896,2.89947389155998e-05,2.89947389155998e-05,-6.18607549327521e-05,2.89947389155998e-05,1.05502346174902e-05,-8.68994249207944e-05,-4.22266854833708e-05,-3.76842321330173e-05,2.34078448224651e-05,0.00015963557813059,-0.000292629780267895,-2.81201047673818e-05,9.36823336488146e-05,7.8994585680725e-05,5.28707469422685e-05,6.95450405441278e-06,-6.58329044975758e-05,5.7755891872624e-05,-5.55126296148956e-05,5.28707469422685e-05,-0.000107235751260149,5.49121539918929e-05,1.60996300069272e-05,7.25288580865069e-05,0.00010082839687886,-2.81201047673818e-05,-6.44698353200468e-05,0.00363316501337607,0.00037879949737718,8.56828786828245e-05,-5.44842560188386e-05,0.000222027039599837,2.2144227198595e-05,-0.00104699521614116,-0.000296983494902925,0.000124910828568581,5.28707469422685e-05,4.68814428815634e-05,-0.000131318182948981,-6.73126537531488e-06,-8.4370060693395e-05,-0.000277354611472269,5.86538083338084e-05,-8.47862353037243e-06,9.25110051666067e-05,-5.74193180469251e-05,-0.000271349717333003,5.28707469422685e-05,6.33130099636503e-05,5.49121539918929e-05,5.28707469422685e-05,5.08520765594156e-05,-0.000108383289040503,0.000141793364925924,0.000106281163755106,-0.000154639787545818,0.000127368662679039,2.34078448224651e-05,0.000259268372595933,7.43747459042154e-05,-0.000296983494902925,5.08520765594156e-05,-8.4370060693395e-05,0.000259370177715823,0.000114908591489993,-1.19135520062486e-05,0.00138259953179176,-2.47808070419353e-05,0.000106281163755106,1.48853645445257e-05,-2.17637737822685e-05,7.68151685335283e-05,0.000372400496005731,-2.17637737822685e-05,0.000185304049535873,8.74221733226932e-06,0.000388694942416556,1.05502346174902e-05,0.000239517196193084,0.000194728185564763,0.000112687455875893,-0.000240089853711822,3.08989256456726e-05,8.74221733226932e-06,-0.000257523473422339,5.69766840818886e-05,-0.000158714168285279,2.89947389155998e-05,0.000288746348403812,8.77611353136132e-05,-0.000268852355747917,-2.17637737822685e-05,0.00108844362449201,-0.000175467539919261,-0.000284220160483351,1.05502346174902e-05,-1.52710110139509e-05,0.00023446161975027,2.967730956982e-05,0.000385690890071011,-0.000106075054217669,5.18675462579665e-06,4.95357346448344e-05,-0.00100011298534586,-8.30837161993614e-05,-0.000473616889948403,3.43863645113629e-06,0.000176675479996113,6.95450405441278e-06,1.60996300069272e-05,0.000197577361408463,-6.16974604792375e-05,0.000857638156920082,-6.73126537709123e-06,0.000267736444227396,9.10589954994379e-06,-4.68388137866427e-05,0.000201402609754986,0.000135855589199707,0.000857638156920082,-0.0106316781360531,0.000156361922424075,-0.000122319510491131,-0.000409703588233334,0.000422345152395032,0,1.70982427860622e-06,-0.000107235751260149,7.68151685335283e-05,0.000857638156920082,1.29738624101705e-05,-0.000210726093953895,0.000192204466625157,-0.00346743230093072,3.03553068015106e-06,0.000133156566884729,0.000141115397330083,0,1.60996300069272e-05,-8.56418820696092e-05,8.56828786828245e-05
"20:16531219:C:T",-0.0033444847940336,-0.000616373495950562,5.25945093352576e-05,-0.00345543785288616,-0.00670877269423098,-0.000327508239391427,-6.92939091013756e-05,-0.000133863653264399,-0.00013761276832458,-0.00610630338907203,-0.0019847445957728,5.25945093352576e-05,-0.0015712838175701,-5.92435106794298e-05,-0.00128148870027012,-1.96081977712481e-05,0.000354655190794695,-0.00590286874009305,-0.000170975896701897,-6.55157614959379e-05,-0.00244124901728782,-0.00159637585501615,-0.00300593798138316,-0.00131282116338749,-0.000567623613880741,-5.92435106794298e-05,-0.000140350363435182,-0.00332128364627327,-0.00465794375363604,-0.00145942214765959,-0.000293298822964694,-0.00618462626646288,-0.000627413305014812,-0.00548729358528366,-0.00450065212381601,-0.00155314109385873,-0.000147391582311585,-0.00128148870027012,0.000137225165055987,-0.00345543785288616,-0.000140350363435182,-0.000826325561040342,-0.00283869214376864,-0.00736485535224141,-7.83195635554179e-05,-0.00126252844962949,0.000114095681611914,-0.00345543785288616,-0.00278756536620595,-0.00101534717896978,9.96627815972317e-05,8.40799680634774e-05,-5.92435106794298e-05,-0.00107496966322351,-0.00035844924707451,-8.16027566585831e-06,-0.00384401354929809,-0.00244124901728782,-0.000438512760683629,-2.37028489138424e-05,-0.000508245339887026,-0.000165107050007052,-0.000101358855893352,-0.000140350363435182,-0.00805444398792776,-0.000147391582311585,-0.000920435279836873,-0.000188952986707847,-0.000749826271875698,-8.16027566585831e-06,-0.00121765372553817,0.000207514850001367,-0.00199737847281689,-0.000234688868603783,-0.00188401140665206,-0.00166879300841583,-0.000147878185662975,-0.00341907722222246,-0.00459987249831784,-0.00033488176258345,-0.000140350363435182,-0.000119801500354733,-0.00100073908137954,-0.00163161684783741,0.00019436238639603,-0.000306655418628843,0.000128837150052519,-0.00137139263849662,-0.00301141949061323,-0.00203166873099025,-0.00495811744259633,-0.000140350363435182,-0.00267898357472607,-0.000147391582311585,-0.000140350363435182,-0.000133406246100698,-0.00414132501517717,-0.00285697473592395,-0.00251957942775061,5.63078871493872e-05,-0.000343555098215376,-5.92435106794298e-05,-0.00452889284655544,-7.60326769544406e-06,-0.00459987249831784,-0.000133406246100698,-0.00749930897725992,-0.00618466550643326,-0.00295787248316959,-0.00178570845708137,0.000354655190794695,-0.00263659727452836,-7.52460329271898e-05,-0.00533292606814495,5.25945093352576e-05,-0.000851511158042939,-0.00190281879225296,-0.000627413305014812,-8.59391747125571e-05,-2.98337452635522e-05,-0.00309765037375032,-9.35725973425505e-05,-0.00121313955839986,-0.000447270343159722,-0.00250032056094529,-0.00151107303342624,-0.00131242129044207,-0.00157638499519841,-0.00322378246382904,-0.000154531923697299,-0.00561174541042853,-7.83195635554179e-05,-0.00162574987816289,-0.00114903642719533,-0.000161251113260263,5.25945093352576e-05,-0.00144363520977375,-0.00101001991289973,-0.0039141550287316,-9.35725973425505e-05,-0.00191977448739156,-0.00067943862787434,-0.00524019163969225,-0.0032082489653007,-0.00148539903252143,-1.76556873938694e-05,-0.000291031614269244,-0.00606199157935716,-0.00262970109709748,-0.00213362010654716,-1.16905774651954e-05,-0.000292895124592185,-2.37028489138424e-05,-0.000112301695664563,-0.000623733796778936,0.000142106842121237,0.000334080044426699,-0.00239096605762512,-0.000543398839485398,-0.00531631348390604,-0.00228403640979025,-0.000927431750604946,-0.00342640369592573,0.000334080044426699,0.000156361922424075,0.294890153089744,-0.000232241321425519,-0.000690831711652962,0.000127195839394467,0,-0.00455598177625394,-0.0013435525985388,-0.00434688924221938,0.000334080044427587,-0.00232724399170436,-0.00146620639019268,-0.000421299235573436,-6.55157614959379e-05,-0.00387725850529819,-0.00343657945318565,-0.00484011445686772,0,-0.0027652849181754,-0.00132544147197056,-0.00120069036490378
"20:16532751:T:C",-0.00228812044575744,-0.00531796812806462,-3.87125371519303e-05,4.81131135829926e-05,-0.00332294701579627,-0.00210930936050246,-5.58007098367952e-05,-0.000450350695782475,-1.8025068484917e-05,-0.00101947932176838,-7.10408335420354e-05,-3.87125371519303e-05,-0.00160494702323133,-0.00029285793620204,2.50950523916771e-06,-0.00166280361216309,-0.000482719994647773,-0.000494222333498051,-0.000212029192113938,4.23579417372366e-05,-0.00533871265673636,-0.00406587913572709,-0.00707462773131962,-0.00543420258367178,-7.94734745399595e-05,-0.00029285793620204,8.60620923690547e-05,-0.00766934064930513,-0.00116459004752922,-0.00307669689556711,-0.000489944676738574,-0.000508878866019913,-3.87125371519303e-05,-0.000223434494956543,-0.00477341623811078,-0.00101194732332122,-1.17342927818953e-06,-0.00253028456627113,-0.00247513767177399,-0.000616601955661267,-0.000202338227606624,-0.0142098177530214,-0.00165432802971122,-0.00361614629506324,-0.00201357655523893,-7.90773921925947e-05,-0.00100024006160204,-0.000616601955661267,-0.000407226219694579,-0.000165153784116967,-0.000760652095669556,-0.000260288114820817,-0.00029285793620204,-0.000104910339858932,-0.00285985872382311,-0.0017989575244366,-0.00174218488208266,-0.00533871265673636,-0.00185274205051478,-3.59128500724282e-05,0.000150306293675406,-0.000508487970471094,-0.0103170635020629,8.60620923690547e-05,-0.00461454749066537,-1.17342927818953e-06,-0.000338061114435462,-0.00222162699055861,0.00114579674003057,-0.0017989575244366,-0.000119998389097375,0.000114774510943327,-0.0013013725409774,-1.0353347152936e-05,-0.00455228109967454,-0.00166215197631558,-0.00558147884936222,-0.00274017343813782,-0.00128137707847475,-0.000667936053598162,8.60620923690547e-05,-0.000244832095798841,-0.00061872686434139,-0.000202409788650826,-0.000160816533086638,0.000539394298333384,-0.00151712893733347,-0.000196078603573291,-0.00114292601345634,-0.000382184255316886,-0.00131229833255908,8.60620923690547e-05,-0.000695749133427626,-1.17342927818953e-06,8.60620923690547e-05,-0.00292656699458949,-0.0021059526470486,-0.00184232112328386,-0.00122273885339474,-0.0053379647785281,-0.00117058333155384,3.95169634472836e-05,1.07057352245477e-05,-0.000367779067035556,-0.00128137707847475,-0.00292656699458949,-0.00427773548875887,-0.00449306520591009,-0.000423028473863774,-0.000175364222415375,-0.000352138786539058,-0.000222764341939019,-0.00122273885339474,0.00013902276288702,-3.87125371519303e-05,-0.00309050268550504,-2.64031001560028e-05,-3.87125371519303e-05,-0.00111074571846004,1.38962935363196e-05,-0.00285293556508792,-1.35758892723103e-05,-0.00924798280793793,-0.00051922738225052,-0.00376372454242624,-0.00186814382244549,-0.000256113858196905,-0.00241187515480235,-0.00366420542011658,-0.0020508205032197,-0.000849810003327178,-0.0022190596557019,-0.00356989744910852,-0.00189630551985154,-0.000897634486332066,-3.87125371519303e-05,-0.000260367433977393,-0.00203557941906762,-0.00375353577456305,-0.00206481866051611,-0.00347192018454034,-0.00272930650794656,-0.00268200990305179,-0.00327453365702812,-0.000206605789378145,-0.00254396872291274,-0.00462811219388559,-0.00400485331884859,-0.00386135889289285,-0.0026822583177899,5.48328061977799e-06,-0.00216476665946441,-0.00245983150738649,-0.00663653478576265,-0.000682991476630868,0.000502571504174654,-0.000943889323038682,-5.85244120721029e-05,-0.000209251901765128,-0.000450899460441523,-0.00275376899555457,-0.00241862368622003,-0.000385762092943054,-0.000943889323038682,-0.000122319510491131,-0.000232241321425519,0.2833193757166,-0.000674657195321338,-0.000415262564604113,0,2.72929505928943e-06,-0.000208591022495597,0.000122069606110387,-0.000943889323038682,-9.83217221741661e-05,-0.000387885636136787,-0.000509434102720085,4.23579417372366e-05,-0.000215632980698821,-0.000379267384444937,0.00034511865084097,0,-0.00232491645434951,-0.000162996701209117,-0.00171033703359935
"20:16533040:G:A",-0.00533627268613834,-0.00110840048476657,-0.000134113030442862,0.000154113286440882,-0.00112193219283352,-0.000877727462472055,-0.000570374335289614,-0.00104537681907946,-0.000434999745783315,-0.0013685507789436,-0.00238359328124282,-0.000134113030442862,-0.00233616629740885,0.000137217813347412,-0.00351013346305074,-0.000728512642682588,-0.000267652142522223,0.00051071684551296,-0.00537214101910699,-0.00154787052422645,-0.0044133176042207,-0.00145592448318155,-0.00282077618355991,-0.0016655807987016,-0.00027066745742399,0.000137217813347412,-0.000183004684824795,-0.0024212867121558,-0.00104956228325115,-0.0008833317398933,-0.00466410111281412,-0.00195593705173369,-0.000134113030442862,-0.000196067134170974,-0.00437043020220695,-0.000866549749558132,2.16901042815465e-05,-0.00143658999749174,-0.00102166515314117,0.000154113286440882,-0.00208987240730085,-0.00738547764981146,-0.00584258992483733,-0.00414258625143749,-0.00184699057737081,-0.00184699057737081,-0.00557500927968313,0.000154113286440882,-0.00300382367129348,-0.000401321957822276,-0.000267469719951841,-0.00025766429976759,0.000137217813347412,-0.00735361694628356,-0.00484321715545821,-0.00153368972213386,-0.00497273142892851,-0.0044133176042207,-0.00211717676675427,-0.00308637438444848,-0.000409703588233334,-0.00260899266938175,-0.000293145910663206,-0.000183004684824795,-0.00125564121825672,2.16901042815465e-05,-0.00282916176594838,0.000416159870603394,-0.000288519229715511,-0.00153368972213386,-0.000396101493392642,-0.000551262581014456,-0.00191756875468307,-0.0064369376451765,-0.0013442821813614,-0.00972742948296013,-0.000779836022117841,-0.000621881104460265,-0.0006408099411086,-0.00267397674060099,-0.00211717676675427,0.000273565753876603,-0.000756388949950448,-0.0026098499117877,-0.00529667779321485,0.000854007708551485,-0.00196824880487156,-0.00125290010495149,-0.0106801046020846,-0.0041038994029039,-0.00056088651955033,-0.000183004684824795,-0.00333586561776755,2.16901042815465e-05,-0.00211717676675427,0.000286356295720935,0.00231964054894807,-0.00698616423360754,-0.00221000578315067,-0.00111159450728326,-0.00912375566109525,0.000137217813347412,0.000602903776146135,-0.00190642516482242,-0.0006408099411086,0.000286356295720935,-0.00140557180572998,-0.00591339321652429,-0.000297749383553203,-0.00123658825229889,-0.000992775752112429,-0.00151320334969007,-0.00221000578315067,-0.00957218785167191,-0.000134113030442862,0.000430680559681207,-0.0019479996627858,-0.000134113030442862,-0.00253875867895648,-0.00320496560741557,-0.0066849179584505,-0.00134169909334769,-0.00224482488180522,0.00109391936826153,-0.00126062831951046,-0.000664312878429385,-0.00164308104255451,2.43758080173961e-05,-0.0112267603743383,-0.00126876440555268,-0.00125127888289001,-0.00184699057737081,-0.0063691467826299,-0.00198252984739433,-0.00157793245671822,-0.000134113030442862,-0.000796252174375844,-0.00653800329025156,-0.0111904705501522,-0.00305684289320318,-0.000117854938276096,-0.00011220184098093,-0.00136958481100269,-0.0130946638899614,-0.00146024726262173,-0.00151061193038071,5.52130939279749e-06,-0.000366632923136656,-0.00165936248609544,-0.000967776774201567,9.58633743497472e-06,-0.00013235968851788,1.93900841436445e-05,-0.00464035421508324,0.00110500297113791,-0.000901685941299135,-0.00111983968420937,-9.64732987958072e-05,0.000102690908902581,-0.00122005723394514,-0.000124843534143437,0.000901150771205117,0.000138739943450261,-0.00111983968420937,-0.000409703588233334,-0.000690831711652962,-0.000674657195321338,0.347188418884418,-0.0058157016397038,0,4.76644663560677e-06,-0.000895930643038056,-0.00173060485697807,-0.00111983968420937,-0.000816982706692393,-0.0010675125032904,0.000460895198195921,0.000142786373211301,0.000475575542083995,0.000120688905442812,-0.00843216826558901,0,-0.00176938435114948,-0.000688622487102997,-0.00202423772564142
"20:16533380:C:A",-0.00238393928421843,-0.00341443256265528,0.000536555367682823,7.99697432531943e-05,-0.0023327980609773,-0.00268362965758051,0.000384277973079605,-0.000573466068008344,0.000441664914602846,-0.004668902526761,-0.000104836612494275,-6.37718665821296e-05,-0.00473874444807665,6.69267462267698e-05,0.000167059339621467,0.000318317927637146,-0.000469037970246333,-0.00176036970533922,-0.00583373459275016,-0.00466467376826785,0.000219755526646992,-0.00484095429512177,-0.002821951475803,-0.00192390901046036,-0.000128659735852743,6.69267462267698e-05,0.000147516963412642,-0.00313370102927113,-0.000665836785229246,0.000263324335440629,-0.00551101020181122,-0.00419577739121646,-6.37718665821296e-05,-0.00376385396472223,0.000231985535807055,2.43351906501488e-05,0.000152321685962242,0.000167059339621467,-0.00419307412992165,7.99697432531943e-05,0.000147516963412642,-0.000573416098210267,-0.00185197394775827,-0.000617551181214537,-0.00201529824240065,7.99697432531943e-05,-0.00409096009950183,7.99697432531943e-05,2.43351906501488e-05,0.000747750925267354,-0.000125370023292604,-0.00103256696350762,6.69267462267698e-05,-0.000728187189088736,-0.0019718724016391,0.000320661904176234,-0.0015677153429996,0.000219755526646992,0.000147516963412642,1.60430121241006e-05,0.000422345152395032,1.49487080598476e-05,-0.000454075288977229,0.000147516963412642,-0.000323490917189417,0.000152321685962242,3.71291631182658e-05,0.000204445358996885,0.000281196703462605,0.000320661904176234,0.001351130592119,0.00036363820349905,-0.000537956082311553,0.000235578743853715,9.37132267342378e-05,-0.00050115837101572,-0.000194265133776739,-0.000713868694820263,-0.000456363173829466,-0.00146051852276496,-0.0023557784969066,0.000133414119529718,-0.000396058955550949,-2.9653171282007e-05,-0.000254016387255973,-0.00503210237341367,0.000403823077925303,-3.36181742177644e-05,-0.000692141794614631,-0.000176514647051818,-0.00035266009976187,0.000147516963412642,-0.00161847421944916,0.000152321685962242,-0.0023557784969066,0.000142764691688058,-0.000733047334115611,-0.00292701301569309,-0.000203765928346478,-0.00261924613900533,-0.000836018295018448,6.69267462267698e-05,-0.00238308340653592,-0.000199542258124907,-0.000456363173829466,0.000142764691688058,-0.000254016387255973,-0.00379867262454292,-0.00125278853134958,-4.14132188701899e-05,-0.000469037970246333,0.000327560508642577,-0.000203765928346478,-0.00202780957401405,-6.37718665821296e-05,0.000214596369213282,-0.00207453306263794,-6.37718665821296e-05,-0.000270210796982973,-0.00147530275597774,-0.000674396374329422,2.43351906501488e-05,0.000294953095889561,0.000535815280731988,-0.00214521076497665,-0.00538700661868496,8.44137770412701e-05,2.01659165242063e-05,-0.00462131965372148,0.000157179727811041,-0.000826505599841099,7.99697432531943e-05,-5.61522391784308e-06,-0.000317928475878304,-0.00617218272766706,-6.37718665821296e-05,0.000187605437888649,-0.000650369437815712,-0.00459998125720151,2.43351906501488e-05,-4.90333515132946e-05,0.000226465553319954,-0.000178856404583705,-0.00371017312166178,-0.00483525908909943,1.19657104207249e-05,8.94236420583283e-05,-8.12404078018858e-05,-0.000251344143990195,-0.000227931076903332,7.93326115289261e-06,-0.000139889098559109,1.60430121241006e-05,3.71291631164894e-05,0.0005425728371522,-0.000185752265942973,-0.000686563258195605,-0.00331428132794542,-0.000365046479838149,-0.000400834697680708,-0.00015366496069813,0.000480975814635354,-0.00105445882092603,-0.000686563258195605,0.000422345152395032,0.000127195839394467,-0.000415262564604113,-0.0058157016397038,0.174189412725735,0,3.94493037347843e-06,-0.000323490917189417,-0.00188848273191233,-0.000686563258195605,-0.00012916023049403,-0.000103413190233326,-0.00190622503409621,-0.00466467376826785,-0.00101738271527463,-0.0049665555976226,-0.00250630686554754,0,3.71291631164894e-05,-0.00238180405490507,0.000235578743853715
"20:16536321:A:C",0,0,0,0,0,0,0,0,0,0,0,0,0,0,0,0,0,0,0,0,0,0,0,0,0,0,0,0,0,0,0,0,0,0,0,0,0,0,0,0,0,0,0,0,0,0,0,0,0,0,0,0,0,0,0,0,0,0,0,0,0,0,0,0,0,0,0,0,0,0,0,0,0,0,0,0,0,0,0,0,0,0,0,0,0,0,0,0,0,0,0,0,0,0,0,0,0,0,0,0,0,0,0,0,0,0,0,0,0,0,0,0,0,0,0,0,0,0,0,0,0,0,0,0,0,0,0,0,0,0,0,0,0,0,0,0,0,0,0,0,0,0,0,0,0,0,0,0,0,0,0,0,0,0,0,0,0,0,0,0,0,0,0,0,0,0,0,0,0,0,0,0,0,0,0,0,0,0,0,0,0,0,0,0,0
"20:16537006:A:C",-1.24481818897237e-06,3.00231075023305e-06,6.07392329321499e-07,-8.99621857897159e-07,-4.5509519441822e-06,-1.79611586448303e-05,-0.00404606644086947,1.31796042257548e-06,-0.00418181901030401,-0.0037640608727818,8.66778448127548e-07,6.07392329321499e-07,-0.00438958701814052,-7.06302828668015e-07,-1.99667072120491e-06,6.71373927119134e-07,3.43044587935992e-06,-6.27266164965334e-06,-1.86494091103384e-06,-7.69652941379206e-07,-0.000260781385548192,-0.00437238449120336,-2.24530153136726e-06,-0.00411683216178549,-0.00203341209559582,-7.06302828668015e-07,-1.6848761470456e-06,-0.00402522826566631,4.74926508076123e-06,2.15579986306835e-06,-3.55865352652529e-06,-1.04318111473489e-05,-0.00204121466972396,-7.89889467878169e-06,-0.00304895486801815,-3.4571705587183e-07,-1.76080958969038e-06,-1.99667072120491e-06,1.56119832261936e-06,-0.00473744320686986,-1.6848761470456e-06,-1.0950690721323e-05,-3.07765362883572e-06,4.63019935725839e-06,-8.99621857897159e-07,-8.99621857897159e-07,1.51706936435403e-06,-0.00473744320686986,-3.4571705587183e-07,2.17290302906292e-06,1.1353983699891e-06,1.00456487217571e-06,-7.06302828668015e-07,-5.87894952008838e-06,-0.00359194321622436,7.21537426251473e-07,-4.20069578410676e-05,-0.000260781385548192,-1.6848761470456e-06,-2.26514956125357e-07,-0.00202558760406912,-1.94901215433418e-06,-0.00371543706772037,-1.6848761470456e-06,2.58012551945797e-06,-1.76080958969038e-06,-5.32480715520478e-07,-2.35771771972537e-06,-3.42135302666691e-06,7.21537426251473e-07,1.6736140322493e-06,2.20358354852124e-06,1.27484176726256e-06,-2.87784735242269e-06,1.40191756514696e-06,-0.0040501281813512,-8.29459821716227e-07,-0.00321533253620387,4.79028044697571e-06,-4.37450962387231e-06,-1.6848761470456e-06,-1.46471590767305e-06,3.03076270835589e-06,1.39636072482574e-07,2.10994640070794e-06,-1.26823199879667e-05,-0.00418919925207462,1.95295263516471e-07,-0.00383304455534894,1.48295216018113e-06,4.65857990850083e-06,-1.6848761470456e-06,-2.0780841358814e-06,-1.76080958969038e-06,-1.6848761470456e-06,-1.61023537437188e-06,2.60658619488652e-06,-0.00437470279833096,-7.294133057556e-07,3.31492756799889e-06,-4.48247023321358e-06,-7.06302828668015e-07,-1.07555752979493e-05,-0.00427427270917136,4.79028044697571e-06,-1.61023537437188e-06,2.10994640070794e-06,-1.21595146467257e-05,-4.101267598422e-06,3.0372050030536e-07,3.43044587935992e-06,6.2030018721515e-07,-7.294133057556e-07,-1.13816755575868e-06,6.07392329321499e-07,-2.5251342048449e-06,4.22276069578231e-06,-0.00204121466972396,-6.93913184912631e-05,-2.85601567284743e-07,3.72212896948554e-06,-0.00411091983772316,-2.71527625450574e-05,-7.44150503173557e-06,-3.92148879413412e-06,-0.000153819488879492,-9.66290887305377e-07,-2.85601567284743e-07,-1.45174552415028e-05,-1.83806574227674e-06,3.39752735900589e-06,-8.99621857897159e-07,4.15066824910326e-06,-0.00361799301164734,-0.00478967573838851,6.07392329321499e-07,3.03076270835589e-06,3.71351188643843e-06,-1.21978329588046e-05,-3.4571705587183e-07,4.08435008480978e-07,-9.53297152150867e-06,-0.00402469153815943,2.59335585806042e-06,2.55320306230544e-06,-1.68433871294837e-07,-1.83531020958583e-06,-2.48803587155066e-06,2.07764557913492e-06,4.55435140089833e-06,-1.11335618058206e-07,-0.00361346899788995,-2.26514956125357e-07,-5.32480716408656e-07,-7.58568772152302e-06,1.59931555643311e-06,3.32429486071817e-06,1.39636069818039e-07,-1.15216739500212e-05,4.66215436212281e-06,1.18623131495355e-06,-4.86525550424943e-06,-4.94299264452991e-06,3.32429486071817e-06,1.70982427860622e-06,-0.00455598177625394,2.72929505928943e-06,4.76644663560677e-06,3.94493037347843e-06,0,0.117087047059247,2.58012551945797e-06,-2.5251342048449e-06,3.32429486071817e-06,1.20858488283915e-06,4.08869974410919e-06,-7.79438600773119e-06,-7.69652941379206e-07,-2.71889866176878e-07,-4.82095359810586e-06,-0.00424205514517784,0,-5.32480716408656e-07,-0.00637810773713898,-2.87784735242269e-06
"20:16537679:T:C",6.08043497924982e-05,-0.000803604207814779,-3.53168015703176e-05,4.60940729460901e-05,0.000183556976800503,-0.00168802556167424,-0.00208511063069849,-0.00107772560405817,-0.00276908964316114,-0.00462978602805375,-0.000807386591647585,-3.53168015703176e-05,-0.00358674411790183,3.76502734749096e-05,9.68717390499307e-05,-0.00284354097068995,-0.000255158083406037,0.000265066052405061,-0.00109273241767305,4.0434221880048e-05,0.000125786061535571,-0.00480973738398394,0.000106665313775345,-0.00334318230649178,-7.10600333526656e-05,3.76502734749096e-05,8.43162792971697e-05,-0.00100396161193217,-0.00148982557772381,-0.000749035035782164,0.000160865144891886,-0.00050888449224562,-3.53168015703176e-05,0.000318047055648307,-0.00170845681396425,-0.00113472283025562,8.74030730093622e-05,-0.00356408949923903,-9.89741747838835e-05,4.60940729460901e-05,8.43162792971697e-05,-0.00244728665483951,-0.0010216834161918,-0.000712122414453731,4.60940729460901e-05,-0.00368245903947706,-0.000926680243240163,4.60940729460901e-05,1.59143796869543e-05,-0.000142011714872936,-6.88412875469169e-05,-6.20356787965903e-05,3.76502734749096e-05,0.000252636568210285,-0.000503846244830797,-0.00200059641865113,0.000335941237300297,0.000125786061535571,8.43162792971697e-05,1.04920334713654e-05,-0.000107235751260149,-0.000719979155445749,-0.00439450745952819,8.43162792971697e-05,-0.00017593087707457,8.74030730093622e-05,-0.00108307220494464,0.00011600569059933,0.000160613352226946,-0.00200059641865113,-0.000105204752975929,-0.000143850123945022,-0.000578230107107558,-0.00157997371790497,-0.00463592925180212,-0.00243657830771671,-0.00399201954412476,0.000706413107164572,-0.000495437251678332,0.000198683706923219,8.43162792971697e-05,7.5256310442029e-05,0.0021505261516106,-1.27092993214006e-05,-0.000138272598054989,-0.000392564736627854,-0.000205908720054104,-0.000950323694164368,-0.00810195473968101,-9.47018782255782e-05,-0.000452176244705171,8.43162792971697e-05,-0.00358827288514529,8.74030730093622e-05,8.43162792971697e-05,8.12632523077284e-05,-0.000177609148801494,-0.00132121025731635,3.29357259341023e-05,-0.00141282988196689,0.000202395622361351,3.76502734749096e-05,0.000407418571137796,-0.00119410944803455,-0.000495437251678332,8.12632523077284e-05,-0.000138272598054989,-0.00434035325474369,-0.000635277546123802,-0.000929295730633051,-0.000255158083406037,-0.0015153130632708,-0.000806795448180075,2.2808076316494e-06,0.000882068283840631,0.000122490115131768,-0.000365076714433421,-3.53168015703176e-05,0.000291242874035369,1.31881037317427e-05,-0.00482342114544743,-0.00404629386541089,0.000723469546648481,0.000308271432245988,0.000178530470313909,-0.00176339595138053,-0.00372363835565004,1.31881037317427e-05,-0.000535644825945703,9.05241956061786e-05,-0.000266707145788025,-0.00368245903947706,-0.000359457838428945,-0.000155119912649049,-0.00307963392129551,0.000882068283840631,8.09565369026544e-05,-0.000289615224476236,-0.000575724226263397,1.59143796869543e-05,-2.55490999707675e-05,0.000367842809370522,-0.000135424781623428,-0.00109265374811685,-0.000174233424593773,-0.00420944958919023,7.16755293783677e-05,-0.00108974581655463,-0.000136371182962058,-0.016479530215963,-0.00148995783873396,-0.000178083445912414,1.04920334713654e-05,2.42795971558962e-05,0.000312553775831503,-0.000101074350635777,-0.000247470863067534,-0.00080197488826439,-0.00620311795916528,-0.00492290254522132,-7.894852790713e-05,-0.00118451881067472,-0.00120835378238482,-0.000247470863067534,-0.000107235751260149,-0.0013435525985388,-0.000208591022495597,-0.000895930643038056,-0.000323490917189417,0,2.58012551945797e-06,0.166261322716689,0.000122490115131768,-0.000247470863067534,-3.26083966051272e-06,-0.000354843638587177,-0.00220562012201331,4.0434221880048e-05,-0.0043919988076615,-0.00123315277028535,-0.0019120063188458,0,2.42795971558962e-05,-0.000140152656141979,0.000135896063783392
"20:16538631:A:G",-5.10618376736716e-05,0.000142397383915416,2.56504295226279e-05,-0.000897582401757191,0.000224208867340536,-0.00272343074839387,-2.07381035810528e-06,5.50794302407454e-05,-3.24580608266345e-05,-0.00060986631129456,-0.00153968123686532,2.56504295226279e-05,-0.0007169680208996,-2.83762147370581e-05,-7.82886785835046e-05,2.53649223891372e-05,0.000177119981079166,-0.00251511636229562,-7.61742229311579e-05,-3.10912649359452e-05,-9.89816368361929e-05,-0.00216454401048427,-8.79370729638396e-05,-0.00192234938327562,5.12560000736073e-05,-2.83762147370581e-05,-6.59816364070309e-05,-0.000341662248740882,-0.0026796680208685,9.49631139102181e-05,-0.000133627782321177,-0.000334952770185026,2.56504295226279e-05,-0.00245967576040318,-0.00403631703697194,-1.56226456891062e-05,-6.90008915338325e-05,-7.82886785835046e-05,6.84414173433012e-05,-3.66216099534356e-05,-6.59816364070309e-05,-0.00339932565673617,-0.00111770121214949,-0.0025323941891795,-3.66216099534356e-05,-3.66216099534356e-05,6.18335810615989e-05,-3.66216099534356e-05,-1.56226456891062e-05,0.000100426494248573,4.90443373193372e-05,4.22461828621934e-05,-2.83762147370581e-05,-0.000203452517425262,-0.000175664968337763,2.78688698394092e-05,-0.00299348343107741,-9.89816368361929e-05,-6.59816364070309e-05,-1.02869572842224e-05,7.68151685335283e-05,-0.00116821486268837,5.19459428707236e-05,-6.59816364070309e-05,0.000122490115131768,-6.90008915338325e-05,-0.00117006908064532,-8.94192177183228e-05,-0.000125946456990711,2.78688698394092e-05,7.47596271972739e-05,0.000102326357295901,5.27523513440542e-05,-0.00437539041067314,-0.00161649581675682,-0.00225383507645827,-4.03502373247377e-05,-0.000644442375016929,-0.00219240753667993,-0.000156564267684622,-6.59816364070309e-05,-5.71441367256398e-05,0.000149999149245517,3.25475764473282e-06,9.65571743458682e-05,-0.000556269805313647,-0.00100626956145966,-0.00133473873683254,-0.00396736703699041,6.40982498536502e-05,-0.00231818741278289,-6.59816364070309e-05,-0.000899768720056926,-6.90008915338325e-05,-6.59816364070309e-05,-6.29995425933672e-05,0.000124277482211888,0.000226092843059078,-3.24580608266345e-05,0.000160995835778444,-0.000160223504365398,-2.83762147370581e-05,-0.000865106368501678,-0.000991513886144268,-0.00219240753667993,-6.29995425933672e-05,9.65571743458682e-05,3.10563209948711e-05,-0.000152748020744831,-0.00142338384816298,0.000177119981079166,2.28286075509843e-05,-3.24580608266345e-05,-0.00215820752854423,2.56504295226279e-05,-9.57544379360797e-05,-0.00180479153838942,2.56504295226279e-05,-0.000858291442535908,-1.2938289682296e-05,-0.000679935053931935,-1.56226456891062e-05,-0.00147316829349364,-0.000246746235287532,-0.000143594272718595,-0.00267898424919721,-3.94381423136636e-05,-1.2938289682296e-05,0.000725247136244889,-7.20580045685537e-05,-0.00133134266829149,-0.00436332275526752,-0.00163302439091417,0.000188078845162032,-0.00253364689280478,2.56504295226279e-05,0.000149999149245517,0.00019728980687006,-0.00150822679327423,-1.56226456891062e-05,-0.00160962110020879,-0.000307233921883032,9.30386388331428e-05,-0.00210911642186584,-0.00255896234650255,-0.0038598456364296,-0.000945144643758944,-0.00010045818172788,9.45868640158665e-05,-0.00506946661099406,-5.0809618699077e-06,-0.00142891510558751,-1.02869572842224e-05,-2.38801242673503e-05,-0.000251040238521405,7.05732136170312e-05,-0.00230065188041362,3.25475764295646e-06,-0.00121113901007064,-6.00035606774796e-05,4.80073998403441e-05,0.000132724909692961,-0.000178415859501513,-0.00230065188041362,7.68151685335283e-05,-0.00434688924221938,0.000122069606110387,-0.00173060485697807,-0.00188848273191233,0,-2.5251342048449e-06,0.000122490115131768,0.127381722281961,-0.00230065188041362,-0.000247082633073603,-0.00134742155269052,-0.00268392116794836,-3.10912649359452e-05,-0.00153182699517096,-0.000174335662125102,-0.00496277991492633,0,-2.38801242673503e-05,9.85035737901541e-05,-0.000108910693413122
"20:16539250:C:T",-0.000969981066506698,-0.000824397559442858,-4.92228791753035e-05,6.29854876228464e-05,-0.00545126127444018,-0.00216884807478124,-0.0010231486564054,0.00104715048821014,-0.00110281554882086,-0.000415613470015508,-7.873948868653e-05,-4.92228791753035e-05,0.000415811093515739,5.20623169775192e-05,-0.00132746162525343,-0.000940675091652743,0.000332114721241616,-0.00060377630406272,-0.0037418847835049,-0.00334287330822391,0.00017241369699672,4.86504119030506e-05,0.00014465970800881,-0.00314787967499175,-9.91798880773942e-05,5.20623169775192e-05,0.000115669485154513,-0.00366108418575983,-0.00217393104120056,-0.000877985319893249,-0.00267453427544506,0.000522856790090565,-4.92228791753035e-05,-0.000619730816416642,-0.00507663224451749,-0.00398482801855859,0.000626310356622639,-0.00347184802552825,-0.00105698148060629,6.29854876228464e-05,0.000115669485154513,-0.00284273596223361,0.000185508775556897,-0.00431436975492439,6.29854876228464e-05,-0.00360828640253086,-0.00399997900213744,6.29854876228464e-05,2.05037763070237e-05,0.000255439088841847,-4.3664238099872e-05,-8.76965567169208e-05,5.20623169775192e-05,0.000344860923619628,-0.00308323237751118,-0.00107739150672881,6.25579572353097e-05,0.00017241369699672,0.000115669485154513,-0.0011348216490239,-0.0001498819779302,-0.000683310127755909,-0.00225780182738688,0.000115669485154513,-0.000247470863067534,0.000626310356622639,3.1280673388423e-05,0.000159697666137326,-0.00275142223667579,-0.00107739150672881,-0.000147321635321163,-0.000201340309844866,0.000908788510599834,-0.00591251819833438,-0.00461823847851228,0.000315028590194721,-0.00183509200951715,-0.00233491131931807,-0.000705847168780416,-0.00280255024592968,0.000115669485154513,0.00010391419237088,-0.000303111999123473,-0.000889504125356488,-0.000238019148018687,-0.0040310642937218,-0.000520545177421283,-2.36171764562698e-05,0.000513318652942019,-0.000134080112863089,-0.000643903048042738,0.000115669485154513,-0.000704976134935364,0.000626310356622639,0.000115669485154513,-0.00259080764238284,-0.000249525725037003,-0.000904928685661943,-0.000309766550768309,-0.000999483834559278,0.000277184701304556,-0.00188938818512074,-0.00213534845584018,-0.00107887050593813,-0.000705847168780416,-0.00259080764238284,-0.000194395596718522,-0.000511698380170511,0.00111705455880529,-3.02351909908793e-05,-0.000358945806953059,-0.00225545290052764,-0.000309766550768309,-0.00316307005711192,-4.92228791753035e-05,0.000168128747342955,-0.00114127515729567,-4.92228791753035e-05,-0.00286318409833619,1.69914144532157e-05,-0.00265555627937664,-0.00885534006964583,-0.00229322771543039,0.000421261333444001,-0.00132741773065437,-0.0119971794998861,-0.00337945923455774,1.69914144532157e-05,-0.00148077855664752,0.000123723230005091,-0.00169914021124207,-0.00207764780170194,-0.00085269635972729,-0.00168791517498779,-0.000827106711746239,-4.92228791753035e-05,-0.000303111999123473,-0.000409263970889029,9.87293878100814e-05,2.05037763070237e-05,-3.67055986174591e-05,-0.000478168390772638,-0.00178201232476738,0.000153572367616039,-0.000245392408677603,-0.00185781589173128,-1.09137819279681e-05,-0.000231561566029548,-0.000192027896500413,-0.00447674431724909,-0.00141442798748947,-0.00245815791876591,1.35179183979872e-05,3.12806733866466e-05,0.000426837897563814,-0.000350235641512597,0.00943444023577467,-0.000734673571440858,-0.000243911352488801,-0.000858204764163872,-0.000114215130628814,-0.00216571084520201,0.000289113459253976,0.00943444023577467,0.000857638156920082,0.000334080044427587,-0.000943889323038682,-0.00111983968420937,-0.000686563258195605,0,3.32429486071817e-06,-0.000247470863067534,-0.00230065188041362,0.162695066013857,-0.000867477777862113,-0.00168292523839586,0.000203646786933298,-0.00334287330822391,-1.01654990638522e-05,0.000283828853023138,7.43082821434982e-05,0,3.12806733866466e-05,-4.73149291151387e-05,0.000185555430529227
"20:16541520:G:A",-0.00312456538337935,-0.00336318217166509,4.59969585895337e-05,-0.00799455038991237,-0.006378657669595,-0.00469781067362529,-0.0012165242132709,-0.00660584673533027,-0.000680606785461446,-0.000987422724144427,-0.00102937050828222,-1.93891442252792e-05,-0.00232586088593534,1.1496493893759e-05,-0.000554438123309353,-0.00201282942401981,-0.00519363124478112,-0.00543365044974564,-0.00629562763995661,-0.00145132153983329,-0.000186959195232816,-0.00456258487147121,-0.00551088416657119,-0.00574215389436494,-4.7472616743427e-05,1.1496493893759e-05,-0.000918956596306586,-0.00658631582246594,-0.00429953896581914,4.51369198217755e-05,-0.00503601621213923,-0.00189973404474175,-1.93891442252792e-05,-0.00851233103822002,-0.0046116452738092,-0.000440718352669123,-0.000344936702653342,-0.0028424530920903,-0.0033140279162307,-0.00724772239691696,-0.000293861110240101,-0.0101529337372357,-0.00345856229316821,-0.00404664426994472,-0.00790085722535405,-0.00259500016980141,-0.00828606376483743,-0.00724772239691696,-0.000811314836852706,-0.00120937777287455,-0.00240923303531648,-0.0040359529730587,1.1496493893759e-05,-0.00241451130204728,-0.00419511561763208,-0.000305955570327754,-0.0142101569172479,-0.000186959195232816,-0.00839738039801574,-0.0049737246710162,-8.44784757232375e-05,-0.00406808286318272,-0.00253938987615365,-0.000918956596306586,-0.00562368118321199,-0.000344936702653342,-0.0019606954903959,-0.00321159880194166,-0.00104031415340078,-0.000305955570327754,-0.000634491318287189,3.52421123617219e-05,-0.00621495164685193,-0.00452072800421321,-0.0033215753829019,-0.00623530433146557,-0.00117684784863403,-0.00905483838464027,-0.000290974775285946,-0.000992828565712145,-0.0109106916844892,5.40616001538652e-05,-0.00130636208440205,-0.0021078376425554,-0.00583628343468234,-0.00477975143836096,-0.00525374831830216,-0.00236097969879401,-0.00763260639555696,-0.000353245771654187,-0.000513769872747982,-0.000918956596306586,-0.00306651550397374,-0.000344936702653342,-0.0109106916844892,-0.0012081315528647,-0.00134838879066024,-0.00173543802414899,-0.00233267839202966,-0.00483831826558045,-0.0031429458514749,1.1496493893759e-05,-0.00112400988902683,-0.00344696638183839,-0.000290974775285946,-0.0012081315528647,-0.00510689202556769,-0.00429743693880003,-0.00170405011166297,-0.000316703825702369,-0.00161372164198159,-0.00198285862323289,-0.00262508763219804,-0.00212279878680199,4.59969585895337e-05,-0.00702563565616998,-0.00388029520195365,-1.93891442252792e-05,-0.00688182594256403,-0.00701018726145808,-0.00386932597991274,-1.50549667421451e-05,-0.0187410883939356,-0.00477157554345009,-0.00110748353378387,-0.00554637420696968,-0.00154548345168593,-0.00356477670708077,-0.00519231611066973,-1.03580615151699e-05,-0.00269342170505782,-0.00325575650504462,-0.00202998962996581,-0.00427026402255049,-0.00316452921714827,4.59969585895337e-05,-0.0022039784542498,-0.000590003698370811,-0.00606956902882727,-0.00305968132950829,-0.00172339093852525,-0.00289910829847972,-0.00602517272288816,-0.00432622557925555,-0.00712841274926745,-0.00534409502564248,-0.013516425291026,-0.000376706438373731,-0.00068949827353304,-0.00671362412502008,-0.00235444566438758,-0.0102320725168026,-0.000854695807155359,-0.00447813180516965,-0.00778816087690259,-0.000517865082407809,-0.000867477777862113,-0.000223600923712652,-0.00153124460198129,-0.00271668285529003,-0.00170408269449496,-0.00174970904257243,-0.000454271316164601,-0.000867477777862113,1.29738624101705e-05,-0.00232724399170436,-9.83217221741661e-05,-0.000816982706692393,-0.00012916023049403,0,1.20858488283915e-06,-3.26083966051272e-06,-0.000247082633073603,-0.000867477777862113,0.567251558648227,-0.000918275960400727,-0.00307007894440137,-0.00527552304704049,-0.00150685716644094,-0.000439622941251105,-0.0051323191755408,0,-0.00470668843912403,5.63640449513514e-05,-0.00259769198242976
"20:16541973:T:G",-0.000245860703782519,-0.00759866280799493,-6.82052908658193e-05,-4.72552564438899e-05,-0.00255617158946109,-0.00245487939094069,-0.00241500903078151,-0.00246536598336178,-0.00220103237626379,-0.00275547345098337,-0.000215231813563754,-6.82052908658193e-05,-0.000397792948308329,7.06002096020342e-05,0.000174222293757964,-9.85798337094224e-05,-0.000624793093580323,2.7611675297301e-05,-0.00411185373314638,7.50326571603566e-05,0.000228265369011993,-0.00403474133402781,0.00013288739878714,0.000680739939142416,-0.000138435713797236,7.06002096020342e-05,0.000154264309505159,-0.00407002700940184,-0.0039097746737875,-0.00314624203835923,-0.00381693107700265,0.000146004188255056,-6.82052908658193e-05,-0.000899842317736876,-0.00401338017716091,2.5208418974465e-05,-0.00198190591618008,-0.00448522395547979,-0.00249510671428688,-0.00232503976425935,0.000154264309505159,0.000568595019099227,0.000132508982892077,-0.00144204277870585,8.40399926795854e-05,8.40399926795854e-05,-0.00156234911785447,-0.00232503976425935,-0.00175525588493031,-0.000282454217859218,-0.00259045220799514,-0.000124513110697499,7.06002096020342e-05,-0.0068322292502323,-0.00537767118004862,-0.000102413902862253,-0.00490776782236813,0.000228265369011993,-0.00380944030309927,1.6622373888886e-05,0.000356577058022722,-0.00340621635364613,-0.000226369522012604,0.000154264309505159,-0.000967376296324929,-0.00198190591618008,-1.23555914672835e-05,0.00021275455417058,-0.000381634412812915,-0.000102413902862253,-0.000207673015840903,-0.000285111996181975,-0.00254688896590594,0.000244268888191179,-0.00145817510926971,-0.00167412781090004,-1.91286368051991e-05,-0.00688875250120091,-0.000384026770430701,-0.00197839152398149,0.000154264309505159,0.000139839844464085,-0.000436720016274705,-0.00259437021447706,0.000341743085015445,0.000370147444537672,8.03977284808965e-05,-9.89437885188238e-05,-0.00158513535180971,-0.00137472742048672,-0.000374163648946713,0.000154264309505159,-0.00431369441299179,-0.00198190591618008,0.000154264309505159,-0.00148156839093883,-0.000357131536319777,-0.00667884051679302,-0.00305332167545913,-0.000331618526494992,-0.00447324957864392,7.06002096020342e-05,0.000312320483019768,-0.00173743069537213,-0.00303550845683365,-0.00148156839093883,-0.00101956345888254,-0.00443494779757136,-0.000157716600766022,-0.000115661031680148,-0.00051989787426443,-0.00248961614072307,-0.00305332167545913,-0.00406851948285158,-6.82052908658193e-05,-0.0029538132158935,-0.00652443739191533,-6.82052908658193e-05,-0.000433587389713885,2.08918717339301e-05,-0.00414922016984187,-0.00175525588493031,-0.00167155753700188,-0.00165194003530722,-0.00453354417904439,-0.000669318299144628,8.86163868258905e-05,-0.00307149450898248,-0.00102009777442813,-0.00200476702865782,-0.000775230522774173,8.40399926795854e-05,-0.000184352806520849,-0.00294171912237751,-0.000644127067769062,-6.82052908658193e-05,-0.00076046126438456,-0.00218168021546727,-0.0007549154834674,-0.00524146025144034,-0.00154137632784934,-0.0067119697681628,-0.00273004875540472,0.000243614513294688,-0.00201509646253317,1.239916987128e-05,-0.000227513033550508,-0.00385346471662906,-0.00221873241502379,-0.00173046045700254,-0.00278200101414594,-0.00125524940721533,-0.00183596279832621,-0.000291372305579074,-0.00397141885110663,6.43731922354007e-05,-0.00168292523839586,-0.00305975637662659,0.000526215255072238,-0.0191116500860238,-0.00308649385346804,0.000458046568217796,-0.00380358558821925,-0.00168292523839586,-0.000210726093953895,-0.00146620639019268,-0.000387885636136787,-0.0010675125032904,-0.000103413190233326,0,4.08869974410919e-06,-0.000354843638587177,-0.00134742155269052,-0.00168292523839586,-0.000918275960400727,0.294654383474423,0.000332997036839089,7.50326571603566e-05,-0.000385755625738504,-0.00378762775479569,-0.00780952259057655,0,-0.00366709996791403,-0.00082936351058116,-0.00210605085845827
"20:16542429:G:A",-0.00232991968052687,-0.00360058945459052,6.60703577537447e-05,-0.000170814543809072,-0.00813926125765763,-0.00533353689762928,-0.00108869096083364,-0.00247424399434504,-0.00152933461201421,-0.00454351831690536,-0.00582463831001512,6.60703577537447e-05,-0.00168021275327224,-7.65166306333498e-05,-0.000933897818290674,-0.000683060597980401,-0.0044646168541238,-0.00160235062888603,-0.00126813496369671,-0.00143054757466921,-0.000151810052483548,-0.00179083432584148,-0.0141710759080951,-0.00916804392064163,0.000130152096129876,-7.65166306333498e-05,-0.00148465763080718,-0.00209950319240493,-0.00507915631113054,-0.000734682796960762,-0.00086188989499103,-0.00545983531060124,6.60703577537447e-05,-0.00120722647478555,-0.0106285098319172,-0.0047989950619316,-0.000225516205231813,-0.00129003999270783,-0.00198948821965939,-0.0029860468787879,-0.000552413700059873,-0.00568581759245879,-0.016737266077838,-0.00504296369149504,-0.00620405586495121,-0.000170814543809072,-0.000968341739982392,-0.0029860468787879,-0.00186545757871137,-0.00125705507418239,0.000123695947496394,-0.00154166563037084,-7.65166306333498e-05,-0.00285512430988888,-0.00216711748237985,-0.00507678844805071,-0.00371583045025714,-0.000151810052483548,-0.00278112921636797,-9.32389634211717e-06,0.000192204466625157,-0.00088240283149954,-0.00585883222848249,-0.00148465763080718,-0.00366971875527788,-0.000225516205231813,-0.00672493701237453,-0.00615788367072678,-0.00126840197558575,-0.00507678844805071,-0.00062463500952159,0.000252185786657755,-0.00178442463993633,-0.00121222609121485,-0.00137623251591901,-0.00228515103135729,-0.00480008981501001,-0.00237151189481288,-0.00385907475682856,-0.000456993036904052,-0.00644704758324899,-0.000156555795000735,-0.0033689073850498,-0.00031909770371108,0.000113860104335117,0.000327078163102179,-0.00492508615260245,-0.00628375384805402,-0.00277276931774306,-0.000881928193574133,-0.00306484333608825,-0.00148465763080718,-0.000295652108132316,-0.000225516205231813,-0.00644704758324899,-0.000175832525686204,-0.000536933070477197,-0.00548745789128002,-0.000673298459499705,-0.0078374190656465,-0.00245280161671246,-7.65166306333498e-05,-0.000980377311183389,-0.000643607516301437,-0.00385907475682856,-0.000175832525686204,-0.00343955423152487,-0.00962728763061804,-0.00681161231477923,-0.00627057529103947,0.000415728999503706,-0.00575572507464983,-0.000837052584688358,-0.00475012487654469,-5.84277548965062e-05,-0.00311372028455015,-0.00149358386388609,6.60703577537447e-05,-0.0014261805679725,-0.00606192310705023,-0.00723391553297681,-3.69884867854609e-05,-0.00218326718182738,-0.000841247727602301,-0.00181048166080888,-0.0054128473962507,-0.00151060357872712,-0.00202001954028574,-0.00253369121127855,-0.000206078649715558,0.000265668474281,-0.00196666834476211,1.46007083223765e-06,-0.000517778864546514,-0.00749030052067834,-5.84277548965062e-05,-0.00335529993398609,0.00104574188984685,-0.0028430541837281,-0.000804508233530399,-0.00400505246256078,-0.000614956526770349,-0.000269726061890019,-0.00265119710858075,-0.00682427580808298,-0.00109398875241506,-0.00111282603699747,-0.000242397528817051,-0.00302993450149547,-0.00454278112239148,-0.00255605233708067,-0.0013062930725587,-0.000673430690028454,-5.0575830147892e-05,0.000615381939641502,0.000174428169326113,0.000203646786933298,-0.00184215818368205,-0.00261996709549805,-0.00191451463661219,5.61095498801123e-05,0.00091793004202767,-0.000301616178917108,0.000203646786933298,0.000192204466625157,-0.000421299235573436,-0.000509434102720085,0.000460895198195921,-0.00190622503409621,0,-7.79438600773119e-06,-0.00220562012201331,-0.00268392116794836,0.000203646786933298,-0.00307007894440137,0.000332997036839089,0.420316742082185,-8.51642377295292e-05,-0.00035714085736327,-0.000477236925537916,-0.00106142795916897,0,-6.28313469830388e-05,-0.000722921195190906,-0.00620115533098797
"20:16543830:C:T",-0.00556818480118437,-0.00496325408302045,-0.0034987303905174,-1.17892195010683e-05,-5.40624708706972e-05,-0.00016917902072322,2.48692693105568e-08,1.87271051403926e-05,-9.88400901658082e-06,-3.65486939424287e-05,1.19996866798644e-05,8.43188385601934e-06,-0.00127988069234064,-9.26729003491999e-06,-2.51475689490022e-05,9.03585799161277e-06,5.82694575390619e-05,-6.98210695952994e-05,-2.38701457657697e-05,-0.000861204858879638,-3.20840449958837e-05,-0.00129185875588256,-0.00570978025301194,-0.00507119094986841,1.68485690217324e-05,-9.26729003491999e-06,-2.13733578782183e-05,-0.00517640763279559,-0.00197880876562984,3.22990930534672e-05,-4.27319714315644e-05,-0.000904072339690032,8.43188385601934e-06,-8.48833587001607e-05,-0.00132247077400738,-0.00146082660464142,-2.2299507535628e-05,-2.51475689490022e-05,2.27354625454979e-05,-1.17892195010683e-05,-2.13733578782183e-05,-0.00527142644238854,-0.00562594941210648,9.64590192378267e-05,-1.17892195010683e-05,-1.17892195010683e-05,2.15733459514311e-05,-1.17892195010683e-05,-4.75981272707315e-06,3.3067493097505e-05,1.61806301779421e-05,1.41281955743366e-05,-9.26729003491999e-06,-6.59735287271701e-05,9.95379371540039e-05,9.79080345597794e-06,-0.000316201579799724,-3.20840449958837e-05,-2.13733578782183e-05,-3.13468242207904e-06,2.5249546020234e-05,-2.48857462992191e-05,-0.00166782901231777,-2.13733578782183e-05,4.0434221880048e-05,-2.2299507535628e-05,-7.27380374332398e-06,-2.91418932123477e-05,-4.09450057379246e-05,9.79080345597794e-06,2.46322522814424e-05,-0.0034517170707149,1.80294449059204e-05,-3.5137490288939e-05,2.00964243592949e-05,-0.00518515915625972,-0.00142219218135065,-0.00628781115858512,0.000107134362238526,-5.09366870593553e-05,-2.13733578782183e-05,-1.86616060666722e-05,4.94147717944315e-05,1.63949465203928e-06,3.19134092405804e-05,-0.00105294762968455,-2.67905819821834e-05,2.43174917891054e-06,-0.0054971766154992,2.14321368208203e-05,9.82720429565376e-05,-2.13733578782183e-05,-2.61208558018922e-05,-2.2299507535628e-05,-2.13733578782183e-05,-2.04584590468571e-05,4.09631624984641e-05,-0.00124969670091346,-9.884009017469e-06,-0.00177611890790796,-5.20678874664782e-05,0.000596374212026518,-0.000109197458195709,-3.11772644776553e-05,0.000107134362238526,-2.04584590468571e-05,3.19134092405804e-05,-0.0051136195089887,-0.00123417463683584,3.98706449278308e-06,5.82694575390619e-05,8.27129049341124e-06,-9.884009017469e-06,-1.77986576472833e-05,8.43188385601934e-06,-3.10912649359452e-05,7.98270961999137e-05,8.43188385601934e-06,-7.79883298935857e-05,-3.94228513034278e-06,-0.00144478482830568,-0.00146082660464142,-0.00022955234783506,-8.04258105651101e-05,-0.000985258498144681,-0.00210398660932398,-0.0011795870152973,-3.94228513034278e-06,-0.00607410820268584,-2.32371161787981e-05,5.68132463101279e-05,-0.00113494347898957,-0.00477458761733551,-0.00171729735005144,9.62441577980755e-05,8.43188385601934e-06,-0.00408126982615453,6.51229644654805e-05,-0.00604307141892058,-4.75981272707315e-06,5.50463292636749e-06,-0.000760218448111694,-0.0015798535322693,-0.00172161831878448,3.98988757011054e-05,-0.00161429891710441,-2.42577625302332e-05,-0.00148591048730573,3.13258785569204e-05,-0.00167721096196694,-1.5485391680059e-06,3.17670171092743e-05,-3.13468242207904e-06,-7.27380374332398e-06,-8.17610902661414e-05,2.33753456129193e-05,-0.00334287330822391,1.63949465026292e-06,-0.000116360190006048,-0.00168306051753309,1.66072914176141e-05,-0.00534256496647867,-5.71086948912836e-05,-0.00334287330822391,-0.00346743230093072,-6.55157614959379e-05,4.23579417372366e-05,0.000142786373211301,-0.00466467376826785,0,-7.69652941379206e-07,4.0434221880048e-05,-3.10912649359452e-05,-0.00334287330822391,-0.00527552304704049,7.50326571603566e-05,-8.51642377295292e-05,0.160254987374207,-4.48980679124134e-06,-5.58532029444336e-05,-0.00484265438935605,0,-7.27380374332398e-06,3.24939056257634e-05,-0.000944453486271257
"20:16544848:C:T",-0.00183208789182743,-0.000278246449564534,2.34331792992037e-06,0.000274196305840135,5.92255611806536e-05,-0.0032531046804678,-0.00376184964648019,-0.00315134024622044,-0.00404544516753713,-0.00183456810326499,-0.00144370642167679,2.34331792992037e-06,-0.0026431670825815,-4.05800614622365e-06,0.000628934178780405,-0.00346801303593569,-0.000260423940220633,-0.00173354685704297,-0.000698956735143419,-4.48980679124134e-06,-0.0016544010807662,-0.000911843750390773,-0.00658798224199053,-0.000414645314987361,3.36313941229349e-06,-4.05800614622365e-06,-1.16340583016239e-05,-0.00229250205868015,-0.00183633729876309,-0.000614405187159051,-0.000536576031159974,-0.00045715984522765,2.34331792992037e-06,-0.0020323017895878,-0.00040590662589457,-1.85052556922471e-06,-0.000238327265226879,-0.00422235536561821,3.26741478229309e-06,-5.40711180185838e-06,-0.000438488340607002,-0.0016754903598124,-0.00832852215982172,-0.0010085354713425,-0.000135162759927532,-0.00467142282692734,6.29790056700941e-05,-5.40711180185838e-06,-1.66559447007941e-05,1.48503723806925e-06,3.33254623718915e-06,-0.000191011914540518,-4.05800614622365e-06,-0.000117391913514453,-0.00258532223155328,-0.00177582888010441,-0.00802168647907431,-0.0016544010807662,-1.16340583016239e-05,-0.00555169997550742,3.03553068015106e-06,-0.000915205185751944,-0.000168240628591221,-1.16340583016239e-05,-0.00747198052914744,-0.000238327265226879,-0.00180726181112245,-1.78565456074864e-05,-0.000698113272910916,-0.00177582888010441,3.10265744207783e-06,1.33605217289556e-06,-0.00306089299677392,-0.000464294718098834,3.39205778221441e-06,0.000308276790401685,-0.000960457522476865,-0.00140515042966349,-0.000296676055874023,-0.000898232099433294,-0.00141666176768496,-9.72756969019883e-06,-0.000398111271515234,-0.000579707461982437,-0.00080832989443369,4.55379670558642e-05,0.000144398758424202,8.61875697921732e-07,-1.89231135117041e-06,-0.000596394892105501,-0.00183391047787751,-1.16340583016239e-05,-0.00426010578120284,-0.000238327265226879,-0.00141666176768496,-1.09762244813183e-05,-1.33313537808988e-06,-0.00229804027042801,-0.00260102151243036,-0.000238120141737852,-0.000131694168356233,-4.05800614622365e-06,-0.000817400005405311,-0.00162033425044505,-0.00232010358736545,-1.09762244813183e-05,-0.00897787123851934,-0.00281299025899973,-4.49771086952211e-05,1.30741241743948e-06,-0.00113713449274844,-0.00176491212005914,-0.00260102151243036,-0.000606848810022154,2.34331792992037e-06,-1.95713887825022e-05,-3.84887735451755e-05,2.34331792992037e-06,-0.00173388855490408,-0.000130461006841109,-0.0128334484900248,-0.00238536502144893,-0.00419506273804293,-0.000861304730480406,-0.00502492164990809,0.00034935934247482,-0.00209892389323052,-5.12131295193896e-05,-0.0106379675925137,0.00148656307842554,-0.00049857030862821,-0.002054762980781,-0.000622834877276546,-7.06119586260101e-05,-0.000243717560512557,2.34331792992037e-06,-0.000398111271515234,-0.00169769005370757,-0.010777689199243,-0.00184834647343024,1.70056600889978e-06,-0.000582051311214471,-0.00045139440365638,-0.00927794516353808,-0.000819211379949891,-0.00254053818139433,-0.000984580136464963,-0.000129864588882533,-0.00280778085796385,-0.00989738893627568,-5.57761954844693e-07,-0.003015701564693,-0.00191885831088179,-5.23907847265193e-05,-8.61037916548568e-05,-0.000972018214532078,-1.01654990638522e-05,-0.00269433254837814,-0.00159888389871998,-0.000840643538126074,7.70552436852867e-05,-0.000669164768213548,-0.000210666133858339,-1.01654990638522e-05,3.03553068015106e-06,-0.00387725850529819,-0.000215632980698821,0.000475575542083995,-0.00101738271527463,0,-2.71889866176878e-07,-0.0043919988076615,-0.00153182699517096,-1.01654990638522e-05,-0.00150685716644094,-0.000385755625738504,-0.00035714085736327,-4.48980679124134e-06,0.258945607574523,-0.000217813449388871,0.000254540278309623,0,-5.23907847265193e-05,1.63022022903192e-06,-0.00519996883666973
"20:16545041:C:A",-0.00576320550461951,-0.00180400803821534,4.49287534287635e-05,-0.00329694895153221,-0.000140126393457507,-0.00316751091257395,-3.47198498937829e-05,9.23305175488665e-05,-9.38151315974523e-05,-0.00233769088463687,-0.00214773870589546,4.49287534287635e-05,-0.00214439642310493,-5.06196104606005e-05,-0.00021777229754516,-0.000245803933291988,-0.000535438958746859,-0.000404312902368531,5.27562727095088e-05,-5.58532029444336e-05,-0.000180711678892997,-0.00722508408715461,-0.00506404615965916,-0.00257845278508473,8.9317892524754e-05,-5.06196104606005e-05,-0.0020752736370877,-0.00466367446376115,-0.00158487793975581,2.40990594448931e-05,0.000126537159728102,-0.00496889548333446,4.49287534287635e-05,-0.000497223943328073,-0.000255507085393347,-5.62593533697253e-05,-0.000885704161610157,-0.00282594321111329,-0.00174132377637015,-6.6541506574147e-05,-0.000119757369842155,-0.00164891020814917,-0.000821937931680949,-0.000929469852220421,-6.6541506574147e-05,-6.6541506574147e-05,-0.000853859896826847,-6.6541506574147e-05,-2.99564269887753e-05,-0.00696543226901269,-0.00138784223439181,7.23462725336077e-05,-5.06196104606005e-05,-0.00404410712711112,3.17152486202232e-05,-0.00109641963266327,-0.000207269719008529,-0.000180711678892997,-0.000119757369842155,-1.96904015679067e-05,0.000133156566884729,-0.00521794366001949,-0.000203708911232781,-0.0020752736370877,-0.00123315277028535,-0.000885704161610157,-0.00260896858428872,-0.000161853641362342,-0.00454577560324498,-0.00109641963266327,-0.00643939003094918,0.000176433697760103,-0.00221477459856079,-0.00127476233963542,-0.00434435618441764,-0.000731504447925246,-0.000219893089234091,-0.000886092897271595,-8.60252165830744e-05,-0.00229874780272521,-0.000119757369842155,-0.000102526917535428,-0.000899210336021028,-3.33569502926068e-05,-0.00317680927572894,-0.00373875140849833,-7.28287245230774e-05,-0.00238276827773198,-0.000792866064377229,0.00010935318876637,3.39128764181851e-07,-0.0020752736370877,-0.000150164938488295,-0.000885704161610157,-0.000119757369842155,-0.000113932882913836,0.000212690028963181,-0.00102815914514487,-6.25853165256984e-05,-0.00145254763113911,-0.000295044616891893,-5.06196104606005e-05,-0.000638383437257417,-0.00468510361150898,-8.60252165830744e-05,-0.000113932882913836,-0.0014051689034229,-0.00297816216757552,-0.00071745735849138,1.70589879022742e-05,0.000300183443220803,-0.00109222328458891,-6.25853165256984e-05,-0.000179071743062309,4.49287534287635e-05,-0.00197502850243314,-0.00138692949820207,4.49287534287635e-05,-0.00399157741944123,-2.47871265282029e-05,-0.00185398349089549,-2.99564269887753e-05,-0.000764295558575601,-0.000951119520202326,-0.00336801267902676,-0.000926370207301019,-7.19992960229732e-05,-2.47871265282029e-05,-0.00356547064132995,-0.00306038479361437,-0.00165526840561814,-6.6541506574147e-05,-0.0129463627862068,-0.00651423200722956,-0.000778240336576808,4.49287534287635e-05,0.000255424851701491,0.000331847930399753,-0.00168817474238026,-2.99564269887753e-05,2.66093110612431e-05,0.000896455533613505,-0.00712028065976789,-0.00298711989225886,-0.00137415678491948,-1.4664759562244e-05,-0.00513659955167434,-0.00171149424492967,-0.0015429735553889,5.74703894349327e-05,-9.70874810324318e-06,-0.000322885516829352,-0.00269511493449937,-4.59153384309019e-05,-0.00148239649735071,-0.00290204110276004,0.000283828853023138,-0.000145549022692038,-0.000893332936230173,-0.000760691530266477,-0.00389959880066293,-0.000725835775957417,-0.00135379938022151,0.000283828853023138,0.000133156566884729,-0.00343657945318565,-0.000379267384444937,0.000120688905442812,-0.0049665555976226,0,-4.82095359810586e-06,-0.00123315277028535,-0.000174335662125102,0.000283828853023138,-0.000439622941251105,-0.00378762775479569,-0.000477236925537916,-5.58532029444336e-05,-0.000217813449388871,0.245059708468153,-0.000791989537434645,0,-0.00346244996791611,-0.00397232645990986,-0.00337287631219585
"20:16545042:G:A",-0.00448309283624138,-0.00361303081508879,0.000157224953585278,-0.00165495872304255,-0.00244348208482892,-0.0045133870584535,-0.000579756769763851,-0.000489730515800701,-0.000212272368557365,-0.00475091500435365,-0.000116750721248948,-0.0001817587910935,-0.00344124450161454,-0.00019097139352553,-0.00875213587582113,-0.00257932582035636,-0.00196236294042151,-0.000937461333676115,-0.00232520317950735,-0.00484265438935605,-0.00041823406278052,-0.00526611886119621,-0.00264249258903382,-0.00562976607449617,-0.000377713729355023,-0.00019097139352553,-0.00184935622561877,-0.00881373770309546,-0.00223383362927398,-0.00633192006025407,-0.00254901321614343,-0.00011005986348378,-0.0001817587910935,-0.000581648610820107,-0.00814669162543424,-3.66526101220899e-05,-0.00573214162638003,-0.00309196944399837,-0.00278223029086266,-0.00190777487188054,-0.00289680371740442,-0.00203573778947552,-0.00227155787532141,-0.00346288648041693,-0.00014563484602359,-0.00808074021486416,-0.00180402011680503,-0.00190777487188054,-0.00400828030315559,-0.000286514122628923,-0.000987480298782373,-0.000600257238679625,-0.00019097139352553,-0.00184199045826006,-0.00776147664174998,-0.00259939301255763,-0.00469972605777258,-0.00041823406278052,-0.00295796143146898,-0.00560807039363009,-0.000507657215578661,0.00019324783198682,-0.00347794392722678,-0.00184935622561877,-0.000818390001977143,-0.00573214162638003,-0.000118429746685855,-0.00154402972215628,-0.0017571563338219,-0.00259939301255763,0.000434852468734093,-0.000325670778518194,-0.00606630282660525,-0.00179943456153353,-0.000760108573802043,-0.00282492414245628,-0.00482020678264039,-0.00288643582826342,-0.00168503765793737,-0.00611989413768388,-0.00124601466238161,-9.53031910810864e-06,-0.00215181296958189,-0.00674243468654101,-0.00270145838264568,-0.00169311942615158,-0.00051135523954482,-0.000354785646994316,-0.00204936563880054,-0.000174927629390531,-0.00232131773901001,-0.00184935622561877,-0.0029215883586291,-0.00573214162638003,-0.00124601466238161,-0.00476213647536117,-0.00346695845675793,-0.00489961656615057,-0.00772414566443791,-0.00196585554256234,-0.00528510883140765,0.000172932197461506,-0.0027494504402874,-0.00327838199195529,-0.00168503765793737,-0.00476213647536117,-0.00118258633195545,-0.00258615322579292,0.000196096943631208,-0.000348181167594497,-0.000343683623197144,-2.35875915279848e-05,-0.00772414566443791,-0.0102703993600657,-0.0001817587910935,-0.000819158658977415,-0.00298468829077958,-0.0001817587910935,-0.00359462677332667,-0.00217369478258078,-0.00383765192576568,-0.00323210944711949,-0.0191232244782773,-0.000216209918459498,-0.00532944322973528,-0.00367260744983744,-0.00283887223009049,-0.00313023182394279,-0.00581350852801199,-0.00162497703934772,-0.00662136861689921,-0.00775707086368094,0.000192860006279716,-0.00778483742997782,-0.00201543589757858,-0.0001817587910935,-0.0036686782679709,0.000253145144670341,-0.00554087170659789,-0.00261336221158892,-0.00112965492310479,-0.000314400110457136,-0.00964938834994822,-0.00544036644856227,-0.00127578540700224,-0.00612025512212711,-0.00382578480771567,-0.000621623340264943,-0.00045909433591973,-0.00521664407652978,-0.00278196544856435,-0.00869441277509475,-0.00256062403491608,-0.00405241478894158,0.000512571810482143,-0.000538573738492865,7.43082821434982e-05,-0.000935347250414331,-0.000278162583046804,-0.011683124084481,-0.000342655323956276,-0.0061618389406477,-0.00171947962998953,7.43082821434982e-05,0.000141115397330083,-0.00484011445686772,0.00034511865084097,-0.00843216826558901,-0.00250630686554754,0,-0.00424205514517784,-0.0019120063188458,-0.00496277991492633,7.43082821434982e-05,-0.0051323191755408,-0.00780952259057655,-0.00106142795916897,-0.00484265438935605,0.000254540278309623,-0.000791989537434645,0.515475970302469,0,-5.00027820118376e-05,-0.00057056852455073,-0.000693790332435995
"20:16545303:T:A",0,0,0,0,0,0,0,0,0,0,0,0,0,0,0,0,0,0,0,0,0,0,0,0,0,0,0,0,0,0,0,0,0,0,0,0,0,0,0,0,0,0,0,0,0,0,0,0,0,0,0,0,0,0,0,0,0,0,0,0,0,0,0,0,0,0,0,0,0,0,0,0,0,0,0,0,0,0,0,0,0,0,0,0,0,0,0,0,0,0,0,0,0,0,0,0,0,0,0,0,0,0,0,0,0,0,0,0,0,0,0,0,0,0,0,0,0,0,0,0,0,0,0,0,0,0,0,0,0,0,0,0,0,0,0,0,0,0,0,0,0,0,0,0,0,0,0,0,0,0,0,0,0,0,0,0,0,0,0,0,0,0,0,0,0,0,0,0,0,0,0,0,0,0,0,0,0,0,0,0,0,0,0,0,0
"20:16546192:G:A",-1.18663469574898e-05,2.81497085747873e-05,5.71814736360921e-06,-8.52861492628421e-06,-0.00283969612617785,-5.34219108017098e-05,-0.00195835712657111,-0.00155534316795869,-0.00182901306994765,-0.000934277092689673,8.08385875128437e-06,5.71814736360921e-06,-0.00292330001179542,-6.66255284098582e-06,-0.00266978872627011,-0.00208767297203849,3.23076482091622e-05,-0.000212707912502275,-1.35016862383708e-05,-7.27380374332398e-06,-2.47102697477075e-05,-0.00364869898422526,-0.00182006135825752,-0.00164583388958661,1.10867220417532e-05,-6.66255284098582e-06,-0.00138317372658747,-0.00180018819318839,-0.000975942230662774,-0.00226012134217779,-5.67484628692938e-05,-6.67175978250611e-05,5.71814736360921e-06,-0.000167330016526357,-0.00721398320752753,-3.33852831513326e-06,-1.6677524515174e-05,-1.89585773862078e-05,1.46641472271725e-05,-8.52861492628421e-06,-1.59437907267801e-05,-0.00134753637979301,-0.00184970496455961,-0.00654016504755983,-8.52861492628421e-06,-8.52861492628421e-06,4.14599069742394e-07,-8.52861492628421e-06,-3.33852831513326e-06,2.04544609960777e-05,1.06799891499421e-05,9.41634673079506e-06,-6.66255284098582e-06,-0.00119324194708614,-0.000146036969595364,-0.00196823342498398,-0.00294392765678397,-2.47102697477075e-05,-1.59437907267801e-05,-0.00234112108909379,1.60996300069272e-05,-1.86970171025536e-05,-0.00469229722310249,-0.00138317372658747,-0.00108307220494464,-1.6677524515174e-05,-5.14548629837464e-06,-2.22630543644797e-05,-3.23469062637471e-05,-0.00196823342498398,1.57501187345588e-05,2.07506557696746e-05,-0.00160129528917174,-2.72913438026379e-05,-6.17510096851959e-05,-0.00301139802157913,-0.00377671025148452,-0.007052845287288,-0.00250439250798351,-0.00205789354116259,-1.59437907267801e-05,-1.38181730120479e-05,2.85345892523381e-05,-0.00206071562256582,1.98462880653949e-05,-0.000121375138706803,-2.01867879079387e-05,1.73605951392375e-06,-0.00172328413892231,-0.00166146687641966,-0.0022030114442888,-0.00138317372658747,-1.97466234617139e-05,-1.6677524515174e-05,-1.59437907267801e-05,-1.52228500454044e-05,-0.000892436638231686,-0.000105228143893132,-0.00196533559372192,-0.00512015020267764,-0.00232704758947921,-6.66255284098582e-06,-0.000101861998790476,-2.39102647006106e-05,-0.00250439250798351,-1.52228500454044e-05,1.98462880653949e-05,-6.32671066655988e-05,-3.91680668654359e-05,2.78506739803674e-06,3.23076482091622e-05,5.69599798616593e-06,-7.0533736149514e-06,-0.00038541313203666,5.71814736360921e-06,-2.38801242673503e-05,-0.00140935811521548,5.71814736360921e-06,-6.78077899358698e-05,-2.75741018462838e-06,-0.00220532442043453,-3.33852831513326e-06,-0.00152390774718558,-7.03168774069951e-05,-3.71861240768823e-05,-0.00271132896420578,-9.1726840203421e-06,-2.75741018462838e-06,-0.00169025662084454,-0.00176027696563175,-0.00381220901564738,-8.52861492628421e-06,-0.00116120852375357,-0.00174181461141831,-0.00290065768278946,5.71814736360921e-06,2.85345892523381e-05,-0.000884513443633494,-0.00165632442471164,-3.33852831513326e-06,3.79730094657305e-06,-0.0045148363101406,-0.00189952002733751,-0.00234461299151922,2.40193039928727e-05,-1.6255004089416e-06,-1.59425209025343e-05,-0.00883254975193193,-0.0013498373346561,-0.00261167160188602,-1.07424184125904e-06,-0.00490639807867499,-0.00209075593897801,-5.14548630015099e-06,-7.17114254316087e-05,1.50325243328808e-05,3.12806733866466e-05,1.19720567415271e-06,-9.89655861358685e-05,-0.00135364714117436,-0.00210777606542134,-0.00219574418129609,-0.00348499860931462,3.12806733866466e-05,1.60996300069272e-05,-0.0027652849181754,-0.00232491645434951,-0.00176938435114948,3.71291631164894e-05,0,-5.32480716408656e-07,2.42795971558962e-05,-2.38801242673503e-05,3.12806733866466e-05,-0.00470668843912403,-0.00366709996791403,-6.28313469830388e-05,-7.27380374332398e-06,-5.23907847265193e-05,-0.00346244996791611,-5.00027820118376e-05,0,0.188690539881495,2.01530462398125e-05,-2.72913438026379e-05
"20:16547433:T:C",4.93637044600703e-05,-0.000692035975792038,-2.82244393945419e-05,3.71812569728291e-05,-0.00109945854677385,-0.000194076212290284,-4.95918893861358e-06,-6.7710805325305e-05,2.7337550091211e-05,-0.00434891503520163,-4.33542886852933e-05,-2.82244393945419e-05,-0.00595676432421932,3.01882872415504e-05,7.82297328809634e-05,-3.51964351592571e-05,-0.000203411230513595,-0.00161861802267449,7.03569388864622e-05,3.24939056257634e-05,-0.00372731760457334,-0.00883294262157452,8.63254053955487e-05,-0.00179312419792499,-5.67702356795152e-05,3.01882872415504e-05,6.78509587022091e-05,-0.00763810568406686,-0.00039354314276796,-0.0017018905791133,0.000130178419713189,0.00031412553692256,-2.82244393945419e-05,-0.00339001718256338,-0.00182183611069497,1.32097817280297e-05,7.04026132964941e-05,7.82297328809634e-05,-7.87119216285603e-05,3.71812569728291e-05,6.78509587022091e-05,-0.00176917369291552,0.00011236916258639,-0.000357010074658604,3.71812569728291e-05,3.71812569728291e-05,-8.20990921628351e-05,3.71812569728291e-05,1.32097817280297e-05,0.00156744445694557,-5.49170180601521e-05,-4.92327999896958e-05,3.01882872415504e-05,0.000203460397737665,-0.00039372335482657,-3.72713575984562e-05,-0.00337401430180506,-0.00372731760457334,6.78509587022091e-05,8.70903365690623e-06,-8.56418820696092e-05,7.31218381648802e-05,-7.41984740075807e-05,6.78509587022091e-05,-0.000140152656141979,7.04026132964941e-05,2.01530462415889e-05,9.31514437487735e-05,0.00012913771559564,-3.72713575984562e-05,0.00213527669661051,-0.000114843954651889,-6.58020054622455e-05,0.000109568720506381,-0.000655140131010867,-0.00171642558201857,2.66701330424723e-05,-0.0060436329561453,-0.000393373988019974,-0.00325240505047386,6.78509587022091e-05,6.03616421086528e-05,-0.00017177803365076,-9.40726982978646e-06,-0.000110139902356643,-0.00271306080060985,7.32785815360515e-05,-1.15933172208926e-05,-0.00172743704147837,-7.51284679854081e-05,-0.000358982059925239,6.78509587022091e-05,8.0897777527511e-05,7.04026132964941e-05,6.78509587022091e-05,6.53272134591987e-05,0.000122709594470471,-0.00909974628129184,2.73375500903228e-05,-0.000205264359023793,0.00016280891759024,3.01882872415504e-05,-0.0023662448034516,9.47036674165957e-05,-0.000393373988019974,6.53272134591987e-05,-0.000110139902356643,-0.00810240273218366,0.000145963645166169,-1.58915628798439e-05,-0.000203411230513595,-3.309718090172e-05,2.73375500903228e-05,-0.00176675966844719,-2.82244393945419e-05,9.85035737901541e-05,-0.000289567932848733,-2.82244393945419e-05,-0.00376754951787195,1.09468830293835e-05,-0.00400628389018731,1.32097817280297e-05,-0.00534989011160292,0.000247940527443369,0.000143908326119657,-0.00563255941399632,3.95638309891311e-05,1.09468830293835e-05,-0.0017328367409748,7.29826420018398e-05,-0.000210189526739235,3.71812569728291e-05,0.000274737268109781,-0.000239798560739857,-0.00586078779720012,-2.82244393945419e-05,-0.00017177803365076,-0.000230445576318239,-0.00174388438324247,1.32097817280297e-05,-2.00940815204831e-05,-0.00348509479437809,-0.00486650108013986,-0.00652562518606548,-0.000138711028865757,6.49582044420782e-06,-0.0018866776835722,-0.00424658235891329,-0.000108536336870024,-0.000650552574552599,4.30683924879105e-06,-0.00149045412443805,8.70903365690623e-06,2.01530462398125e-05,0.000251460543680082,-8.04735325585781e-05,-4.73149291151387e-05,-9.40726983067464e-06,-0.00087252669322968,-0.000946420767919953,-6.19164352961832e-05,-2.13359403531399e-05,-0.00398146366135954,-4.73149291151387e-05,-8.56418820696092e-05,-0.00132544147197056,-0.000162996701209117,-0.000688622487102997,-0.00238180405490507,0,-0.00637810773713898,-0.000140152656141979,9.85035737901541e-05,-4.73149291151387e-05,5.63640449513514e-05,-0.00082936351058116,-0.000722921195190906,3.24939056257634e-05,1.63022022903192e-06,-0.00397232645990986,-0.00057056852455073,0,2.01530462398125e-05,0.160929478399945,0.000109568720506381
"20:16548465:C:A",-5.80900561599762e-05,-0.00215499817019804,2.87601328707865e-05,-0.00122249207348801,-0.000307600411690423,-0.00668382272030943,-2.7859691229537e-06,-0.00211560967036561,-3.71357142494588e-05,-0.00544542461915931,-0.00185622288650755,2.87601328707865e-05,-0.00302702598849258,-3.20258793911066e-05,-0.00334812679522756,2.80163006074474e-05,-0.000914514651112697,-0.000248544416283636,-8.71136429339003e-05,-3.5137490288939e-05,-0.000112658220857931,-0.00257842052298507,-0.00139773334835702,-0.00078559646427756,5.7322506823887e-05,-3.20258793911066e-05,-0.00398390514587454,-0.00465029587269861,0.000117561059820304,0.000105162557689553,-0.000153066612211816,-0.00313440214897653,2.87601328707865e-05,-0.000303888270515529,-0.0073099489041013,-0.00153173530668749,-7.83540189566168e-05,-8.90960605701707e-05,-0.00247569954851734,-0.000213450858423059,-7.48671806620749e-05,-0.00177948559406538,-0.00299114455121519,-0.00167954731952946,-4.14821646712582e-05,-4.14821646712582e-05,6.83736578448446e-05,-0.000213450858423059,-1.78352130868475e-05,0.000111716314886934,5.4827408003888e-05,-0.00227914537868035,-3.20258793911066e-05,-0.000233814377058827,-0.00543870560899862,3.08597693168267e-05,-0.0109707036701483,-0.000112658220857931,-7.48671806620749e-05,-1.17357144979735e-05,8.56828786828245e-05,-9.09746841344372e-05,-0.00364880228699693,-0.00398390514587454,-0.00371605038642731,-7.83540189566168e-05,-0.00149349509867402,-0.00329873660515911,-0.000623839713266072,3.08597693168267e-05,8.33760951390872e-05,0.000113836916614041,-0.00216391906988722,-0.000124205768992525,-0.00193044919358343,-0.00065569786858477,-0.00318663697440247,-0.007703921904608,0.000351934171534118,-0.000529374234048419,-7.48671806620749e-05,0.000491716776610751,0.000165976106919707,-0.00266731032272016,0.000107393617758689,0.000985168637170908,-0.000101544910040552,-0.00165459884504582,-0.000999532176053197,7.13893295012369e-05,0.0003234956700231,-0.00398390514587454,-0.00123062966783127,-7.83540189566168e-05,-7.48671806620749e-05,-0.000777719310200986,0.000137882349791063,-0.00311673788077904,-0.00260436765881877,-0.00381207060995248,-0.000183312173806627,-3.20258793911066e-05,-0.000390409909846845,-0.000111934834631455,0.000351934171534118,-0.000777719310200986,-0.00403647011774666,-0.00553682116658383,-0.000833019785216216,-0.00174261871276382,0.000195440733588015,-0.00143422287902251,-3.71357142494588e-05,-0.0065597554916037,2.87601328707865e-05,-0.000108910693413122,-0.00210407147181879,2.87601328707865e-05,-0.000437046700126231,-1.47655349689302e-05,-0.00896126791521645,-1.78352130868475e-05,-0.000480049272245431,-0.000284279518194097,0.00054466824539201,-0.0018285473823525,-4.47168036217249e-05,-1.47655349689302e-05,-0.00442184839176951,-8.1887161752725e-05,-0.00222982040660469,-4.14821646712582e-05,0.000252927609780684,-0.00737461221622393,-0.00168088430967739,2.87601328707865e-05,0.000165976106919707,0.000217126692820813,-0.00704647594653673,-1.78352130868475e-05,-0.00192825282499598,-0.000616435740779409,-0.00668373849390846,-0.010249336050479,0.000133884232316639,-8.74498692304826e-06,-0.00523239051234015,-0.000209457468176133,-0.00429615783353565,-0.0135424866944458,-5.79260678978955e-06,-0.000231994229030974,-1.17357144979735e-05,-2.72913438026379e-05,-0.00588756839635085,-0.00283142021025906,0.000185555430529227,3.2953620427989e-06,-0.0068073051106774,-0.0115323645063077,-0.00244451441708904,-1.29384325040505e-05,-0.00335741305312265,0.000185555430529227,8.56828786828245e-05,-0.00120069036490378,-0.00171033703359935,-0.00202423772564142,0.000235578743853715,0,-2.87784735242269e-06,0.000135896063783392,-0.000108910693413122,0.000185555430529227,-0.00259769198242976,-0.00210605085845827,-0.00620115533098797,-0.000944453486271257,-0.00519996883666973,-0.00337287631219585,-0.000693790332435995,0,-2.72913438026379e-05,0.000109568720506381,0.291095227331683
