"","10:67331219:T:C","10:67331401:C:G","10:67331634:G:A","10:67334719:T:A","10:67337145:C:A","10:67338529:G:A","10:67344031:A:G","10:67344226:T:C","10:67344611:G:A","10:67345415:G:A","10:67346173:A:T","10:67348909:A:G","10:67349060:T:C","10:67352923:C:T","10:67352963:G:A","10:67353364:A:C","10:67354529:C:T","10:67359125:C:T","10:67360832:T:C","10:67361914:C:A","10:67361936:A:C","10:67362133:A:G","10:67362464:A:T","10:67363142:T:G","10:67366274:T:C","10:67366388:C:T","10:67366959:T:C","10:67369106:G:T","10:67369950:C:T","10:67372019:A:T","10:67372520:C:T","10:67374637:T:A","10:67376204:C:T","10:67377408:G:T","10:67377527:C:T","10:67377600:T:G","10:67378721:A:G","10:67379028:G:T","10:67381636:A:C","10:67382039:T:G","10:67382607:A:G","10:67389601:T:G","10:67394691:C:A","10:67395586:C:T","10:67396758:C:T","10:67399447:T:C","10:67401903:G:A","10:67403892:T:A","10:67406634:C:T","10:67407209:C:T","10:67410343:T:C","10:67411646:A:T","10:67413618:T:A","10:67418452:G:A","10:67419847:C:T","10:67420693:A:T","10:67422476:T:C","10:67423588:C:T","10:67427727:C:T","10:67428794:A:G","10:67428812:C:T","10:67431371:A:G","10:67436012:T:C","10:67437802:T:C","10:67440122:C:G","10:67440815:G:A","10:67441547:A:G","10:67445832:A:G","10:67448395:A:T","10:67448596:C:T","10:67451254:T:C","10:67453105:A:G","10:67454045:G:A","10:67458393:C:T","10:67458404:G:T","10:67459198:T:C","10:67459614:G:A","10:67459878:A:T","10:67466973:T:A","10:67469217:T:C","10:67472660:T:G","10:67475733:T:A","10:67475921:A:G","10:67476227:G:C","10:67477650:T:C","10:67478463:C:T","10:67479304:A:G","10:67482926:C:T","10:67486354:C:T","10:67486870:T:A","10:67487667:T:G","10:67488110:C:A","10:67488312:T:C","10:67489664:C:T","10:67491466:G:A","10:67494061:T:G","10:67495153:G:A","10:67496585:C:T","10:67499027:T:G","10:67500110:T:G","10:67500355:G:C","10:67502452:C:T","10:67502553:C:T","10:67504808:A:G","10:67505835:C:A","10:67507715:T:C","10:67508177:C:T","10:67509573:G:A","10:67509752:A:G","10:67511092:G:C","10:67512737:A:T","10:67514573:A:T","10:67515846:C:T","10:67516759:C:G","10:67517265:T:C","10:67520032:G:A","10:67523172:T:C"
"10:67331219:T:C",0.150875706905973,9.94975717807378e-05,-0.000230520630156938,-0.000153996765509312,-0.000896184387704224,7.23146812893205e-05,6.84482043489254e-06,-0.00166869916848,-0.000765799660822353,-0.000162686812279489,-0.000348665859079667,0.000363987757610928,-0.000527649758907955,-0.000903227822420583,-0.00166869916848,-0.000440653118002565,0.000150318877937039,-0.000162686812279489,-0.00163520328091682,-0.00068190249955169,-0.00139901756007532,-0.00288827833094274,-0.000329502023329376,-0.000348665859079667,-0.00321945510055066,-0.000230520630156938,-0.00166869916848,-3.74385641590536e-05,-0.000440653118002565,-0.00257543156960072,-0.000609534778853948,-7.26829589314804e-06,0.000162659803330634,-6.59105576987784e-05,-0.000423590501791082,-0.00483515564868231,-0.000162686812279489,-0.00166869916848,-0.000348665859079667,-0.000878492278383547,-0.000903227822420583,-3.74385641590536e-05,-0.000542063708969032,6.84482043489254e-06,2.81899914194028e-05,-1.91277934060707e-05,-0.0018107056906187,-0.000348665859079667,-0.000409959572544416,-0.00455790681989221,-0.00163946108757784,-0.000600227661970543,-0.000400961780986364,-0.00173544500597123,-0.00205957252132194,-3.74385641590536e-05,-0.000348665859079667,-0.000896184387704224,-0.00155210618143808,-0.000600227661970543,-0.00386032981538875,-0.000495911909701441,-0.00459181847731926,7.23146812893205e-05,-0.000903227822420583,-0.000221270110896121,-0.00320833615559124,-0.000348665859079667,0.000359953478575648,-1.91277934060707e-05,-0.00129401830091247,-0.000485750729457557,-0.000409959572544416,-0.00209173870541601,0.000447984544237556,-3.75019659770714e-05,-0.00369699538213464,-0.00258410597333114,-0.00124045595842759,-0.000903227822420583,-0.00369699538213464,0.000112490610646887,-0.00163388526957764,-0.00195128012145673,-7.16909086717621e-05,-0.000112234333006889,-0.00188426270528197,-0.00350834387277121,-0.00369699538213464,-7.76360896761474e-05,-0.00186002653338058,-0.00115944545893942,-0.00195128012145673,-0.00157389208300263,-0.00393036168446503,-0.00163388526957764,-0.000336479269122059,-2.97266120341533e-05,-0.0003160691148274,-0.00434226575937657,-0.000441774515937077,-0.000378274680128854,-0.00369699538213464,-0.00138340136471093,-0.00528419126401491,-0.00260177407411621,-0.00419452204593185,-0.00350834387277121,9.9497571781626e-05,-0.00204481533070977,5.13584814685331e-05,-0.00369699538213464,-0.00138340136471093,-0.000309201594531849,-0.000378274680128854,-0.00504253436430524,-0.00752263824324517
"10:67331401:C:G",9.94975717807378e-05,0.0480522767421281,3.98659272269342e-05,2.70831327391363e-05,-0.000132809171394577,-0.00140916373311217,-6.41312562876806e-06,7.24865562684585e-06,-0.00256352181189268,2.8213105354169e-05,-2.48443839110379e-05,-7.79263818539988e-05,6.96791900649529e-05,-6.2771865422917e-05,7.24865562684585e-06,1.94733774927514e-05,-3.24889382410376e-05,2.8213105354169e-05,-4.90157080434983e-06,-0.00262373925536519,1.62856359535724e-05,3.40331887223044e-05,-7.92828677607105e-05,-2.48443839110379e-05,-0.000171670300376903,3.98659272269342e-05,7.24865562684585e-06,5.12498737847977e-06,1.94733774927514e-05,7.64990695500956e-06,-9.07533789291648e-05,1.00456487217571e-06,-3.42572729321589e-05,7.24865562684585e-06,-0.00345366662644242,0.000132784107109707,2.8213105354169e-05,7.24865562684585e-06,-2.48443839110379e-05,6.74856249229805e-05,-6.2771865422917e-05,5.12498737847977e-06,-0.00281474983849606,-6.41312562876806e-06,-7.41690773242709e-06,-0.000137006999386458,-5.39888570738611e-06,-2.48443839110379e-05,9.62874514893741e-05,0.000143078413387343,-1.79206114694352e-05,-0.0027682623836407,6.61871786542534e-05,-0.00064439552799378,-3.15905477474843e-05,5.12498737847977e-06,-2.48443839110379e-05,-0.000132809171394577,2.18719624323072e-05,-0.0027682623836407,7.69300460623512e-05,-4.92327999896958e-05,6.74856249229805e-05,-0.00140916373311217,-6.2771865422917e-05,3.86929290598914e-05,1.73805530723214e-05,-2.48443839110379e-05,-0.000146576623379246,-0.000137006999386458,-0.00299861647771404,-4.17655486248947e-05,9.62874514893741e-05,-0.000348281464350286,-0.000101974251620618,-0.00160026110033051,1.52015690160212e-05,-0.00528670432609246,4.46731990750848e-05,-6.2771865422917e-05,1.52015690160212e-05,-2.30349024539223e-05,-6.00544911932843e-06,-1.13602863347495e-05,1.30653618430898e-05,2.21894447216542e-05,-1.13305771956007e-05,-0.00216957297896503,1.52015690160212e-05,-8.76965567151444e-05,-0.00227760949117251,2.93542092038024e-05,-1.13602863347495e-05,0.000185551699038555,-6.2771865422917e-05,-6.00544911932843e-06,-1.23763120507547e-05,4.07925330581094e-06,-1.02994665773792e-05,2.8213105354169e-05,6.81323881721596e-05,-3.90322380505737e-05,1.52015690160212e-05,-0.00226516364280815,1.50371860492271e-05,-1.65051959655216e-07,-0.000131270858196864,-0.00216957297896503,-2.11877264923999e-05,-1.18814555039037e-05,-1.93016816636415e-05,1.52015690160212e-05,-0.00226516364280815,5.24730550477415e-05,-3.90322380505737e-05,0.000136080733193822,-0.0058760218783851
"10:67331634:G:A",-0.000230520630156938,3.98659272269342e-05,0.0978118156417223,0.000383682146337883,-0.005923756052022,3.09943264173995e-05,-0.00068222123178252,-1.71053980277946e-05,-0.00122833986676518,-5.89409897067128e-05,4.83234858474901e-05,0.000145316266638496,-0.000163405471290901,0.000117698766926466,-1.71053980277946e-05,-0.000699011907804525,6.05593763340906e-05,-5.89409897067128e-05,1.56730933209559e-06,-0.00117143699956657,-3.428595459809e-05,-7.31016902824067e-05,-0.00670448434665705,4.83234858474901e-05,-7.02004431722969e-05,0.00308659216413965,-1.71053980277946e-05,-1.20715226259449e-05,-0.000699011907804525,-2.29596817105104e-05,0.000166879773813911,-2.35771771972537e-06,6.4644602614905e-05,-1.71053980277946e-05,-0.000646320772530906,-0.000310957856524574,0.000502975197709254,-1.71053980277946e-05,4.83234858474901e-05,-0.000145748532459855,0.000117698766926466,-1.20715226259449e-05,-0.00105067410354653,-0.00068222123178252,1.27926517832222e-05,-0.00648813395331693,8.05764551969901e-06,4.83234858474901e-05,-0.000221746452916172,-0.000338381120060127,-0.00070879142587188,-0.00109290527793959,-0.000142431248581154,-0.00122074859593457,5.84794649087783e-05,-1.20715226259449e-05,4.83234858474901e-05,-0.005923756052022,-4.76990809437083e-05,-0.00109290527793959,-0.000170150257099877,9.31514437487735e-05,-0.000145748532459855,3.09943264173995e-05,0.000117698766926466,0.00307942155287932,-3.69042470067527e-05,4.83234858474901e-05,-0.00613907604123209,-0.00648813395331693,-0.000827735539065344,-0.000608835099552785,-0.000221746452916172,-0.00147741232899268,-0.00610148752530293,-3.79668443706294e-06,-0.00629255795024442,-0.00124307462262774,-9.54167048945465e-05,0.000117698766926466,-0.00629255795024442,4.41446296424175e-05,4.19652424099581e-06,-0.000749108514830787,-2.66150414232058e-05,0.000151371844942183,2.19294863681441e-05,-9.84706197693086e-05,-0.00629255795024442,0.000159697666138214,-0.00157881085597467,-6.17052639553251e-05,-0.000749108514830787,0.000256030119235362,0.000117698766926466,4.19652424099581e-06,1.92748213043714e-05,-9.59961935098619e-06,1.43772415084342e-05,6.37070402786932e-05,-0.000150942066388993,-0.00150802733024058,-0.00629255795024442,0.000156700540674848,-3.57296291939591e-05,-4.29923703926249e-06,0.00014380457150498,-9.84706197693086e-05,3.98659272269342e-05,-0.00167036232106543,-0.00308577404367671,-0.00629255795024442,0.000156700540674848,-0.000111211192363569,-0.00150802733024058,-0.000320613893296517,-0.00284489979057234
"10:67334719:T:A",-0.000153996765509312,2.70831327391363e-05,0.000383682146337883,0.0904300695313571,-0.00528815312129449,2.13333900900281e-05,7.36748835006296e-06,-1.11513899581084e-05,-0.00382492808596879,-3.95673837489952e-05,3.25637992384387e-05,9.77671655624235e-05,-0.000804356419271457,7.93276125454767e-05,-1.11513899581084e-05,-0.00102279267674987,4.11260322605855e-05,-3.95673837489952e-05,2.25600448722219e-06,-0.00154084427367085,-2.29167140259889e-05,-4.88462246766019e-05,-0.0023391079646693,3.25637992384387e-05,-4.69449864635152e-05,0.000383682146337883,-1.11513899581084e-05,-7.8693623493109e-06,-0.00102279267674987,-1.43524319593524e-05,0.000112337211016111,-1.53685808168547e-06,4.37643684652045e-05,-1.11513899581084e-05,-0.00656513578112694,-0.000209204223097892,-0.000168512234279383,-1.11513899581084e-05,3.25637992384387e-05,-9.80585567464942e-05,7.93276125454767e-05,-7.8693623493109e-06,-0.00116748600065453,7.36748835006296e-06,8.89737239795352e-06,-0.00229887161055764,5.81894965989704e-06,3.25637992384387e-05,-0.000148203143810477,-0.00022786799005825,1.90943778042296e-05,-0.00349552848443313,-9.58713130891908e-05,-0.00261788269412122,3.97827161684461e-05,-7.8693623493109e-06,3.25637992384387e-05,-0.00528815312129449,-3.16847969470402e-05,-0.00349552848443313,-0.00011415181881258,6.28309228893897e-05,-9.80585567464942e-05,2.13333900900281e-05,7.93276125454767e-05,0.00108845961712145,-2.46281179734353e-05,3.25637992384387e-05,-0.00550904076747827,-0.00229887161055764,-0.000556802509571241,-0.000151886055839157,-0.000148203143810477,-7.20157111189224e-05,-0.0054490281591999,-0.00090977957108862,-0.000544627127977648,-0.00716048606563113,-6.39925698520116e-05,7.93276125454767e-05,-0.000544627127977648,2.98559069520365e-05,3.96085335996332e-06,-0.00239260601636104,-1.7903192986779e-05,-0.00777912539959758,1.48369395649439e-05,-6.59982828938865e-05,-0.000544627127977648,0.000107790182624079,-0.00254718928641307,-4.13785014012902e-05,-0.00239260601636104,0.000172630855695743,7.93276125454767e-05,3.96085335996332e-06,-0.00107270833119699,-6.25781156138316e-06,1.0561655987118e-05,-0.000168512234279383,-0.000554302228088055,-0.00239870880987425,-0.000544627127977648,0.000105892612001668,-2.32965514594952e-05,-0.000991596010766038,9.68042185069962e-05,-6.59982828938865e-05,2.70831327391363e-05,-0.00252107875672003,2.42431183856695e-05,-0.000544627127977648,0.000105892612001668,-7.485263164142e-05,-0.00239870880987425,-0.000215621714518832,-0.000893000646287945
"10:67337145:C:A",-0.000896184387704224,-0.000132809171394577,-0.005923756052022,-0.00528815312129449,0.213076344131582,-0.000969405870492324,-4.90503877363935e-05,3.08647473534762e-05,-0.000969017257711258,0.000163383786700777,0.00149758686832957,-0.000453227054161509,-0.000715846297018707,-0.0169150004571081,3.08647473534762e-05,-0.0021329469109701,-0.000202973046232735,0.000163383786700777,-6.8943398693122e-05,-0.00169643773297601,9.08665054870639e-05,0.000190081693711264,-0.000844391722978344,0.00149758686832957,0.000184620606267671,-0.005923756052022,3.08647473534762e-05,2.17963312296732e-05,-0.0021329469109701,8.95063677130992e-06,-4.95512822800137e-05,4.26262141672851e-06,-0.000209460768912706,-0.00117280063283509,-0.000449857912201423,-0.0018953745160184,-0.00475823330422553,3.08647473534762e-05,0.00149758686832957,0.000400563214878247,-0.0169150004571081,-0.00122911593766251,-0.00181738972531331,-4.90503877363935e-05,-5.31557737408761e-05,0.000173273142849872,-4.48976328524253e-05,0.00149758686832957,-0.00252891400880628,-0.00173764589071457,-0.000149058658446499,-0.000991843043016694,0.000394071567013654,0.00015855672400189,-0.000199672396193229,2.17963312296732e-05,0.00149758686832957,-0.000659229014170926,0.000115647452143541,-0.000991843043016694,-0.00240614957661212,-0.000289307268547923,-0.00282198611779361,-0.000969405870492324,-0.0169150004571081,0.000229382460198657,9.57110577166631e-05,0.00149758686832957,-5.79640351503485e-05,0.000173273142849872,-0.00692214985717143,-0.0146457947445748,-0.00252891400880628,-0.00664545440586739,0.00112500009948846,-0.00274891056940785,-0.00769333366044567,-0.00408055261500362,-0.00258061211138916,-0.0169150004571081,-0.00769333366044567,-0.000139981954090374,-0.00114851342685007,-0.000674848823416951,7.66530204323601e-05,-0.000295506713800187,-6.91194700666031e-05,0.000263462533507841,-0.00769333366044567,-0.000791375947127193,-0.000972488726167064,-0.00268176508587992,-0.000674848823416951,-0.00116135196298739,-0.000290533358721312,-0.00114851342685007,-0.00103146941025667,1.73387872317576e-05,-0.00195683264367208,-0.0025254307258713,-0.00263148043233929,6.45501225706724e-05,-0.00769333366044567,-0.000519773747005736,6.4310223282682e-05,-2.16715255616506e-05,3.54457876214909e-05,0.000263462533507841,-0.000132809171393689,-0.00128820749295055,-0.00109745934537742,-0.00769333366044567,-0.000519773747005736,0.000311384408601789,6.45501225706724e-05,-0.00192721456971512,-0.00314932188643402
"10:67338529:G:A",7.23146812893205e-05,-0.00140916373311217,3.09943264173995e-05,2.13333900900281e-05,-0.000969405870492324,0.103108697993608,-5.14743935031703e-06,5.87967079290763e-06,-0.00311545398085755,2.22076539859728e-05,-2.04776131225159e-05,-6.68451574501461e-05,-0.00191534641746838,-5.32572638389794e-05,5.87967079290763e-06,-0.000257962936739631,-2.6892955726332e-05,2.22076539859728e-05,-0.00377538190819227,-0.00305640161553189,1.29845720779898e-05,2.66783526106096e-05,-0.00328875373788939,-2.04776131225159e-05,-0.00429093626915922,3.09943264173995e-05,5.87967079290763e-06,4.16472543740554e-06,-0.000257962936739631,6.33238942615577e-06,-0.000493756767985687,8.19219116543479e-07,-2.84174008022831e-05,-0.00235480655399201,-4.25757120376957e-05,9.16153202910053e-05,2.22076539859728e-05,5.87967079290763e-06,-2.04776131225159e-05,5.09068469343177e-05,-5.32572638389794e-05,4.16472543740554e-06,-0.00289387067693436,-5.14743935031703e-06,-0.00168519844625159,-0.00489198615787867,-4.31045924109696e-06,-2.04776131225159e-05,7.02695192975611e-05,9.69988459091908e-05,-0.00364179726229441,-0.00293849949840741,4.99937227766978e-05,-0.000127887662408011,-0.000162540506348563,4.16472543740554e-06,-2.04776131225159e-05,-0.000969405870492324,1.73851043046014e-05,-0.00293849949840741,5.74480881718742e-05,-0.00493495535244204,5.09068469343177e-05,0.000127408913302318,-5.32572638389794e-05,3.01097891535207e-05,-0.00207746689990529,-2.04776131225159e-05,-0.00121488487773913,-0.00489198615787867,-0.000128555317487233,-0.00201171880714313,7.02695192975611e-05,-0.000254475738202142,-0.0010680079500327,6.06020033009358e-05,1.2125179062572e-05,-0.00317364561407452,3.45950611633228e-05,-5.32572638389794e-05,1.2125179062572e-05,-1.89405143915522e-05,-0.00377506312389553,-0.000288606151779724,1.0426605403957e-05,-0.000111030806689172,-9.22478581433239e-06,-0.0039278284232962,1.2125179062572e-05,-0.00106741042840763,-0.00193280345254054,2.30884760519245e-05,-0.000288606151779724,-0.000131851550857043,-0.00530432953468374,-0.00377506312389553,-0.000218895328334412,3.31791029406503e-06,-8.23796219417972e-06,2.22076539859728e-05,-0.00089963735103904,-0.00324829999146115,1.2125179062572e-05,-7.45096759091624e-05,-0.00228798595673396,-0.00243543228904741,-6.62473600510083e-05,-0.0039278284232962,-1.73755451724489e-05,9.15118116902036e-05,-1.57820093846794e-05,1.2125179062572e-05,-7.45096759091624e-05,4.02477634899867e-05,-0.00324829999146115,9.33977775918748e-05,-0.00170737261859166
"10:67344031:A:G",6.84482043489254e-06,-6.41312562876806e-06,-0.00068222123178252,7.36748835006296e-06,-4.90503877363935e-05,-5.14743935031703e-06,0.08411372314671,-0.00204718653502667,-2.34411076096563e-05,7.65952824099969e-06,-7.64670092934239e-06,-2.65470987397265e-05,1.67488424569484e-05,-2.07886683698533e-05,-0.00204718653502667,-0.00134771858910199,-1.0071603925077e-05,7.65952824099969e-06,-1.15530928201935e-06,-2.31430842747571e-05,4.58918955903442e-06,9.12857665280598e-06,-2.61224963740148e-05,-7.64670092934239e-06,8.83372192461707e-06,-0.00068222123178252,-0.00204718653502667,1.53309880968067e-06,-0.00134771858910199,5.46973036463783e-06,-3.15457205726233e-05,-0.00410286920420244,-1.06944146915922e-05,2.1563180432338e-06,-1.50362519946157e-06,-0.00124115485313059,-0.00125404764681658,-0.00204718653502667,-7.64670092934239e-06,-0.00428323111231599,-2.07886683698533e-05,1.53309880968067e-06,-1.74753887893786e-05,0.00184679608440863,-2.12905908636429e-06,-4.99804945039983e-05,-0.00225836552302194,-7.64670092934239e-06,4.02964346868373e-06,-0.00115467994087481,-5.10756577476457e-06,-1.77895796609207e-05,1.58778513510427e-05,-3.55774969040823e-05,-9.75683838255748e-06,1.53309880968067e-06,-7.64670092934239e-06,-4.90503877363935e-05,-0.00184411245014093,-1.77895796609207e-05,-0.0014053627429913,-1.58915628798439e-05,1.61193322991693e-05,-5.14743935031703e-06,-2.07886683698533e-05,2.04964375303263e-05,4.89185215002408e-06,-7.64670092934239e-06,-0.00302052650604878,-4.99804945039983e-05,-0.0023544085786833,-0.0023715211218196,4.02964346868373e-06,2.53317982643608e-05,-3.59654356030248e-05,-4.6157414246295e-07,-0.00165197499408443,-0.00242501064314204,1.15585259239381e-05,-2.07886683698533e-05,-0.00165197499408443,-7.03390061307374e-06,-1.49916205405276e-06,-0.00454340671111098,3.68764713076786e-06,-3.01178763333354e-05,-0.0016950512833942,1.18383342204709e-05,-0.00165197499408443,-0.00330281528174847,-0.00209053220559596,-0.00141487099978566,-0.00454340671111098,-5.53352711012423e-05,-2.07886683698533e-05,-1.49916205405276e-06,-3.51968355705168e-06,1.22360203391736e-06,-0.00194983737000154,-0.00391966627356677,1.6307462447962e-05,-0.00241417286670931,-0.00165197499408443,-2.96932530829963e-05,-0.0019841302309862,1.11105799227573e-07,-2.62772193737604e-05,1.18383342204709e-05,-6.41312562787988e-06,-0.000297059495453666,2.32651052298749e-05,-0.00165197499408443,-2.96932530829963e-05,1.31972905252908e-05,-0.00241417286670931,-0.00129066270252132,-0.00527396039903039
"10:67344226:T:C",-0.00166869916848,7.24865562684585e-06,-1.71053980277946e-05,-1.11513899581084e-05,3.08647473534762e-05,5.87967079290763e-06,-0.00204718653502667,0.108277763500706,2.03961245581752e-05,-1.16926160140807e-05,8.52470748746725e-06,2.22515326138151e-05,-2.69532526253613e-05,1.88666829377127e-05,3.54541887057636e-05,-0.00315732016901205,1.07045161961139e-05,-1.16926160140807e-05,-0.000590156273733378,2.02083247202722e-05,-6.54608342820495e-06,-0.00165327196860776,-3.70511828151621e-06,8.52470748746725e-06,-0.0027689307019152,-1.71053980277946e-05,3.54541887057636e-05,-2.10656857291269e-06,-0.00315732016901205,-0.00202710729085087,-0.000741581223578258,-4.06885465764617e-07,-0.00172311577907536,-3.00210855197491e-06,4.63366610592431e-06,-0.00316931670389131,-1.16926160140807e-05,3.54541887057636e-05,8.52470748746725e-06,-3.17639770051059e-05,1.88666829377127e-05,-2.10656857291269e-06,1.65128287266114e-05,-0.00204718653502667,2.54625698659083e-06,-1.90341132313421e-05,-0.00180239849059127,8.52470748746725e-06,-5.08689491036662e-05,-0.00332298939568165,-0.000661367742437413,1.67468927223524e-05,-3.09807163114684e-05,-0.00377789274772411,-0.00388513499923526,-2.10656857291269e-06,8.52470748746725e-06,3.08647473534762e-05,-0.000355827947136511,1.67468927223524e-05,-0.00295763626204426,1.54981522006992e-05,-3.17639770051059e-05,5.87967079290763e-06,1.88666829377127e-05,-1.65036780046535e-05,-7.03805163926319e-06,8.52470748746725e-06,-0.00223030836680937,-1.90341132313421e-05,-0.000247682853581566,-5.20669877035473e-05,-5.08689491036662e-05,-0.00381921962806597,2.6567318086812e-05,2.11627237511891e-07,-6.06261406321806e-06,-0.00233365422256782,-0.00140048793236147,1.88666829377127e-05,-6.06261406321806e-06,7.89776159049183e-06,-0.000596970354920678,-0.00204042429219431,-5.12039849809298e-06,-0.00234912285849465,4.03944277937995e-06,-0.00298280325988731,-6.06261406321806e-06,-0.00322002798242504,-0.00511453957053298,-0.00333722847406026,-0.00204042429219431,-0.00302871480565514,1.88666829377127e-05,-0.000596970354920678,-0.00436480729781152,-1.67048934418546e-06,3.23183715522646e-06,-1.16926160140807e-05,-3.2585501459792e-05,-0.00183275006655403,-6.06261406321806e-06,2.37748766975798e-05,-0.00222928154105784,-0.00209514241986142,2.20974504721028e-05,-0.00298280325988731,-0.00198557939879862,-0.00647943077271762,-0.00228355233021205,-6.06261406321806e-06,2.37748766975798e-05,-2.34563023679968e-05,-0.00183275006655403,-0.00307966570565732,-0.00230726830731598
"10:67344611:G:A",-0.000765799660822353,-0.00256352181189268,-0.00122833986676518,-0.00382492808596879,-0.000969017257711258,-0.00311545398085755,-2.34411076096563e-05,2.03961245581752e-05,0.134162702767886,-0.0031680820091804,0.000364627433661724,-0.000251234485021179,7.14836405428798e-05,-0.000203506726579761,2.03961245581752e-05,-0.00243808233860587,-0.00010782950970345,-0.0031680820091804,-2.57304679101011e-05,0.00115034892938137,5.10474860959675e-05,0.000106581500186387,-0.000148423958450827,0.000364627433661724,0.000103147755310395,-0.00122833986676518,2.03961245581752e-05,1.44122226881649e-05,-0.00243808233860587,-0.00146467220964919,-0.000293532194105772,2.82182306676759e-06,-0.000112551152940732,-0.0015921508836092,-0.00338447992647239,-0.00200761786381243,-0.00183564050847451,2.03961245581752e-05,0.000364627433661724,0.000216132378485945,-0.000203506726579761,-0.00164495757931604,0.000122572060672788,-2.34411076096563e-05,-2.6226613059066e-05,-0.000234781110780347,-2.06249817074067e-05,0.000364627433661724,-0.00133767875321489,-0.00211875910685144,-6.87370754093308e-05,-0.00125638303172781,0.000212273071125146,-0.0020109232442711,-0.00340552793401194,1.44122226881649e-05,0.000364627433661724,-0.000969017257711258,6.69997640763142e-05,-0.00125638303172781,0.000244282329912693,-0.000564976157312103,0.000216132378485945,-0.00311545398085755,-0.000203506726579761,-0.000528555366047456,5.4170351973859e-05,0.000364627433661724,-0.00124815903548381,-0.000234781110780347,-0.000107067312891118,-0.00214019102522123,-0.00133767875321489,-0.00146043445379407,-0.000333089573649303,-0.00570366106317088,-0.000283528410880862,-0.00668620986411028,-0.00230880344681772,-0.000203506726579761,-0.000283528410880862,-0.00112155287133131,-0.00148699425352561,-0.000111988115097716,-0.000628934111601254,-0.00986026656073058,-3.70721287819009e-05,-0.00199243180896769,-0.000283528410880862,-0.000286513651310827,-0.00175924562451479,-0.00257358327815815,-0.000111988115097716,-0.00835039652668446,-0.000482913245481775,-0.00148699425352561,-0.00293483993350563,-0.00169198420556871,-0.00274758310247858,-0.00183564050847451,-0.00744444957052171,1.15348438960439e-05,-0.000283528410880862,-0.00257825289305114,4.2402265490793e-05,-9.49565590699919e-05,-0.00053221254517144,-0.00199243180896769,-7.03170281246557e-05,-0.00259018906071251,-6.51753742726413e-05,-0.000283528410880862,-0.00257825289305114,0.000168298344966011,1.15348438960439e-05,-0.0019043756747319,-0.00143189995293191
"10:67345415:G:A",-0.000162686812279489,2.8213105354169e-05,-5.89409897067128e-05,-3.95673837489952e-05,0.000163383786700777,2.22076539859728e-05,7.65952824099969e-06,-1.16926160140807e-05,-0.0031680820091804,0.109397701745298,3.39322234479411e-05,0.000101413970043929,-0.00140696519037409,8.23868863424337e-05,-1.16926160140807e-05,-0.000903147437947283,-0.0018813270518292,0.00121404784285506,2.2414140294913e-06,-0.00320143618429558,-0.000944678578423286,-5.12308553899388e-05,-0.00157651252967028,3.39322234479411e-05,-4.92260421083301e-05,-5.89409897067128e-05,-1.16926160140807e-05,-8.24917978103912e-06,-0.000903147437947283,-1.51170648736709e-05,0.000116399877110318,-1.61023537437188e-06,4.55512091175336e-05,-1.16926160140807e-05,-0.00278228388236812,-0.00022157483406815,-4.14518786948648e-05,-1.16926160140807e-05,3.39322234479411e-05,-0.000103110370249127,8.23868863424337e-05,-8.24917978103912e-06,-0.00332232768529028,7.65952824099969e-06,9.26087733343905e-06,-0.00174190437197819,6.03825401057634e-06,3.39322234479411e-05,-0.00434644677711304,-0.000241590279002502,1.98017760615343e-05,-0.00329542376068659,-0.000100790102509407,-0.000378826140301491,-0.0017756601287795,-8.24917978103912e-06,3.39322234479411e-05,0.000163383786700777,-3.32116546175598e-05,-0.00329542376068659,-0.000120203964542931,6.53272134591987e-05,-0.000103110370249127,2.22076539859728e-05,8.23868863424337e-05,-5.69487131931723e-05,-2.57896781246103e-05,3.39322234479411e-05,0.000176900094539079,-0.00174190437197819,-0.00342087148355663,-0.00016051352880897,-0.00434644677711304,-0.00118431232132288,0.000128326160099945,-1.40565576600693e-06,-2.22139403112109e-05,-0.00501421494298437,-6.71598430441733e-05,8.23868863424337e-05,-2.22139403112109e-05,-0.0099109050958015,4.02820958989025e-06,9.23076024417213e-06,-1.87240526248189e-05,-0.0101344693444991,1.54741757896204e-05,-6.92793474366127e-05,-2.22139403112109e-05,0.000111708383358611,-0.00327860615313913,-4.33595575852763e-05,9.23076024417213e-06,-0.00921716544937023,8.23868863424337e-05,4.02820958989025e-06,-0.00138957306801224,-6.55901922375079e-06,1.09416493758729e-05,-4.14518786948648e-05,-0.000106299723374725,4.95359934538087e-05,-2.22139403112109e-05,-0.00947094607879073,-2.44503469826185e-05,-2.380392664314e-06,0.00010041872216604,-6.92793474366127e-05,2.82131053550572e-05,-0.00359737071389787,2.52474957509463e-05,-2.22139403112109e-05,-0.00947094607879073,-7.85833366068189e-05,4.95359934538087e-05,-0.000228477640448865,-0.00303221569170375
"10:67346173:A:T",-0.000348665859079667,-2.48443839110379e-05,4.83234858474901e-05,3.25637992384387e-05,0.00149758686832957,-2.04776131225159e-05,-7.64670092934239e-06,8.52470748746725e-06,0.000364627433661724,3.39322234479411e-05,0.0035487450889562,-8.85141717885674e-05,8.54690258975666e-05,-7.18669632417956e-05,8.52470748746725e-06,-0.000213883434973638,-3.78539724747995e-05,3.39322234479411e-05,-6.07511778927261e-06,0.000333425913664698,1.94213660176246e-05,4.1009035243178e-05,0.000247741567482862,0.00364785420513503,3.9561491255391e-05,4.83234858474901e-05,8.52470748746725e-06,6.02044650488409e-06,-0.000213883434973638,8.81395469498614e-06,-0.000102446536557999,1.17754508988099e-06,-3.98493695108471e-05,8.52470748746725e-06,-5.84400410854613e-05,0.000171805945716308,3.39322234479411e-05,8.52470748746725e-06,0.00364785420513503,8.32735938036677e-05,-7.18669632417956e-05,6.02044650488409e-06,0.000249050638713832,-7.64670092934239e-06,-8.81258574292332e-06,0.00042706401588255,-6.46746926857844e-06,0.00364785420513503,0.000120823277809379,0.000186773913301685,-2.12906684842196e-05,0.000273564552756511,8.16162157653011e-05,0.00038565689209058,-3.68389953875337e-05,6.02044650488409e-06,0.00364785420513503,0.00149758686832957,2.61118429820684e-05,0.000273564552756511,9.54175895593323e-05,-5.67702356795152e-05,-0.00214603285848813,-2.04776131225159e-05,-7.18669632417956e-05,4.68814428824516e-05,2.07294228831145e-05,0.00364785420513503,0.00102854368810856,0.00042706401588255,0.000129640808840925,0.000121763026943,0.000120823277809379,7.18227157090467e-05,-0.000114523672174016,-3.46329437128645e-06,-0.00572556734095553,-0.00019322416089107,5.42549132562797e-05,-7.18669632417956e-05,-0.00572556734095553,-2.69545694324691e-05,-7.35684013086768e-06,-0.000114186126916493,1.55833532957672e-05,0.000158440302183926,-1.33470886165554e-05,5.57799783411639e-05,-0.00572556734095553,-9.9179888076506e-05,-0.000253657767259163,3.53159438661876e-05,-0.000114186126916493,0.000520620951251161,-7.18669632417956e-05,-7.35684013086768e-06,-1.47266712753336e-05,4.78936667658303e-06,-1.2329269629241e-05,3.39322234479411e-05,8.39208708987016e-05,0.000298674947663002,-0.00572556734095553,-9.78188700422322e-05,1.7757932600837e-05,-3.62849266188903e-07,0.00138452965193725,5.57799783411639e-05,-2.48443839101498e-05,6.90983679483281e-05,-2.26859563543513e-05,-0.00572556734095553,-9.78188700422322e-05,6.41278810880053e-05,0.000298674947663002,0.000176503534726535,-0.000213793548188512
"10:67348909:A:G",0.000363987757610928,-7.79263818539988e-05,0.000145316266638496,9.77671655624235e-05,-0.000453227054161509,-6.68451574501461e-05,-2.65470987397265e-05,2.22515326138151e-05,-0.000251234485021179,0.000101413970043929,-8.85141717885674e-05,0.0035623254142747,1.70064829143612e-05,-0.000220329132889496,2.22515326138151e-05,0.00039314367589327,-0.000118748874557539,0.000101413970043929,0.000790928587866446,-0.000249400649713571,5.71434112810465e-05,0.000120278342294,-7.57306597813923e-05,-8.85141717885674e-05,0.000116419013364677,0.000145316266638496,2.22515326138151e-05,1.5713447568011e-05,0.00039314367589327,1.58983549560787e-05,-0.000313660916111402,3.07289345613526e-06,-0.000746350627455428,2.22515326138151e-05,-6.84147285578973e-05,-0.000487168179640562,0.000101413970043929,2.22515326138151e-05,-8.85141717885674e-05,0.000249808465461854,-0.000220329132889496,1.5713447568011e-05,-0.000198053250858088,-2.65470987397265e-05,-2.95514943235986e-05,-0.000142004584498423,-2.35080464179305e-05,-8.85141717885674e-05,-9.95164464372422e-05,-0.000586335769064306,0.00118217355999128,-0.000200200676149898,0.0002452900790475,-0.000280126909943057,-0.000116220465225858,1.5713447568011e-05,-8.85141717885674e-05,-0.000453227054161509,7.48070940108647e-05,-0.000200200676149898,-0.000546652593460095,-0.000174258108788905,0.000249808465461854,-6.68451574501461e-05,-0.000220329132889496,0.000141440823750116,6.05962361985846e-05,-8.85141717885674e-05,-0.000501311449520259,-0.000142004584498423,-1.3957463337988e-05,0.000349314327062977,-9.95164464372422e-05,-0.000189963654328551,-0.000354034858178309,-5.98006896774805e-05,5.37292013937929e-05,-0.00037316205310578,0.000161260211434033,-0.000220329132889496,5.37292013937929e-05,-8.32798728040984e-05,0.00116160488797323,-5.8662979145474e-05,4.70140638375582e-05,-2.90249646521801e-05,-4.12341029871754e-05,0.000165360547231153,5.37292013937929e-05,-0.000306571424300017,0.000355722929967328,0.000105101850995659,-5.8662979145474e-05,-0.000501955996859316,-0.000220329132889496,0.00116160488797323,-5.22456010330075e-05,1.24997795474258e-05,-4.61575101553535e-05,0.000101413970043929,-0.000328906677805385,-0.000146547607311476,5.37292013937929e-05,-0.00030361687664282,4.63672953179284e-05,-7.77131892348848e-06,-0.000268425589539767,0.000165360547231153,-0.00105399939496742,0.00040302382967905,-7.24495802861824e-05,5.37292013937929e-05,-0.00030361687664282,0.00019300103528952,-0.000146547607311476,-0.000380755276131239,4.98091565956926e-05
"10:67349060:T:C",-0.000527649758907955,6.96791900649529e-05,-0.000163405471290901,-0.000804356419271457,-0.000715846297018707,-0.00191534641746838,1.67488424569484e-05,-2.69532526253613e-05,7.14836405428798e-05,-0.00140696519037409,8.54690258975666e-05,1.70064829143612e-05,0.137971317204548,0.000197395585726845,-2.69532526253613e-05,-0.000106603650396497,-0.00120772276805159,-0.00140696519037409,9.09160013851107e-06,8.79733275764849e-05,-0.00155523025881532,0.000337686148158767,-0.0049752500384912,8.54690258975666e-05,-0.000138555856739941,-0.000163405471290901,-2.69532526253613e-05,-1.69449286779866e-05,-0.000106603650396497,-0.000771523667154383,-0.00324911223271585,-4.69421881543752e-06,-2.69173778031373e-05,-0.0018368808304734,-0.00765436597893743,-0.000483858221242528,-0.000615451808554823,-2.69532526253613e-05,8.54690258975666e-05,-0.00109596584327321,0.000197395585726845,-0.00045577699181365,-0.000791019252162073,1.67488424569484e-05,-0.00361744341300785,-0.00811246241088703,-0.000637830471127643,8.54690258975666e-05,-0.000509784549469927,-0.000423267300674546,3.68538065256274e-05,-0.000851467610675449,-0.00169665203493974,-0.007836986139651,-0.000284333597363684,-1.69449286779866e-05,8.54690258975666e-05,-0.00272934266131841,-0.00117189041353694,-0.000851467610675449,-0.000131230742810295,0.000159013690022469,-0.000948559836528418,-0.00191534641746838,0.000197395585726845,-0.0001570159572859,-0.00283958644435156,8.54690258975666e-05,-0.000670597973044806,-0.00811246241088703,-0.00256022393867283,-0.000441117651217127,-0.000509784549469927,0.00015257774647548,-0.00222644249838133,-0.00256792679817774,-6.04966257009565e-05,-0.0028649072341409,2.80292998695586e-05,0.000197395585726845,-6.04966257009565e-05,-0.00341316623187282,-0.000871473396424349,-0.000282871098814752,-4.99560398914412e-05,-0.00368185724790226,3.91733575355602e-05,-0.000197056099945137,-6.04966257009565e-05,-0.00290065842636178,-0.00774536438895623,-0.00129361915521908,-0.000282871098814752,-0.00061004909163298,0.000197395585726845,-0.000871473396424349,-0.000567454985204385,-0.000532895989425519,-0.00325336591592151,-0.00112708921239335,-0.00253681369336078,-0.00140895151954812,-6.04966257009565e-05,-2.95796470428655e-05,-6.67994743590583e-05,-0.00159679736000307,-0.000385410117346829,-0.000197056099945137,-0.00219757550582589,-0.00326397228444675,6.13769047488333e-05,-6.04966257009565e-05,-2.95796470428655e-05,-0.000221232658105919,-0.00140895151954812,-0.00415920212708709,-0.00809961921522806
"10:67352923:C:T",-0.000903227822420583,-6.2771865422917e-05,0.000117698766926466,7.93276125454767e-05,-0.0169150004571081,-5.32572638389794e-05,-2.07886683698533e-05,1.88666829377127e-05,-0.000203506726579761,8.23868863424337e-05,-7.18669632417956e-05,-0.000220329132889496,0.000197395585726845,0.105983250122728,1.88666829377127e-05,-0.00342290772252074,-9.57659828859647e-05,8.23868863424337e-05,-2.18847926571897e-05,-0.000201866632739467,4.66893247255129e-05,9.82034834784429e-05,-0.0141577300823723,-7.18669632417956e-05,9.49688475442301e-05,0.000117698766926466,1.88666829377127e-05,-0.000974739418810877,-0.00342290772252074,-0.000780985895048047,-0.000255981943088734,2.60658619488652e-06,-0.000100067079997324,1.88666829377127e-05,-4.13712019255996e-05,0.000411205507630186,8.23868863424337e-05,1.88666829377127e-05,-7.18669632417956e-05,0.000201887252383237,0.00362223872318435,1.33251346223773e-05,-0.00015963521115836,-2.07886683698533e-05,-2.33509487843619e-05,-0.0146016753141938,-1.81971761410438e-05,-7.18669632417956e-05,0.000286380122969554,0.000447079071156153,-6.00692006527126e-05,-0.000161529715605901,0.000198151329256824,7.09463941577226e-05,-9.35782441908728e-05,-0.000974739418810877,-7.18669632417956e-05,-0.00673839845523894,6.15759994531118e-05,-0.000161529715605901,0.000229244513406002,-0.000141578031706224,0.000201887252383237,-5.32572638389794e-05,0.00362223872318435,0.000114463207105509,4.96002809988738e-05,-7.18669632417956e-05,-0.0062374718181486,-0.0146016753141938,-0.00540742335698141,-0.0018794373561537,0.000286380122969554,-0.000247095289527266,-0.0064116588518015,-1.61969930649875e-05,4.38104610180901e-05,-0.00868812304008415,0.000131003673536689,0.00362223872318435,4.38104610180901e-05,-6.73700997229076e-05,-2.46761797093598e-05,-0.000135870436393404,3.81469132699763e-05,-0.000261843286795127,-3.33176077056407e-05,0.000134423629193137,4.38104610180901e-05,-0.000249525725035227,-0.00221605318901474,8.54800738778749e-05,-0.000135870436393404,-0.000410410081289392,-0.000179294572340893,-2.46761797093598e-05,-4.07285785941625e-05,1.06006904196931e-05,-3.55063563226565e-05,8.23868863424337e-05,0.000200570151844381,-0.00158452019080091,4.38104610180901e-05,-0.000246835476661822,-0.00197585068206596,-4.78355161614985e-06,-0.000218886395233042,0.000134423629193137,-6.2771865422917e-05,0.0005119841515695,-5.8068795102173e-05,4.38104610180901e-05,-0.000246835476661822,0.000156075424234459,-0.00158452019080091,0.000421799261076217,-0.00386220538991289
"10:67352963:G:A",-0.00166869916848,7.24865562684585e-06,-1.71053980277946e-05,-1.11513899581084e-05,3.08647473534762e-05,5.87967079290763e-06,-0.00204718653502667,3.54541887057636e-05,2.03961245581752e-05,-1.16926160140807e-05,8.52470748746725e-06,2.22515326138151e-05,-2.69532526253613e-05,1.88666829377127e-05,0.108277763500706,-0.00315732016901205,1.07045161961139e-05,-1.16926160140807e-05,-0.000590156273733378,2.02083247202722e-05,-6.54608342820495e-06,-0.00165327196860776,-3.70511828151621e-06,8.52470748746725e-06,-0.0027689307019152,-1.71053980277946e-05,3.54541887057636e-05,-2.10656857291269e-06,-0.00315732016901205,-0.00202710729085087,-0.000741581223578258,-4.06885465764617e-07,-0.00172311577907536,-3.00210855197491e-06,4.63366610592431e-06,-0.00316931670389131,-1.16926160140807e-05,3.54541887057636e-05,8.52470748746725e-06,-3.17639770051059e-05,1.88666829377127e-05,-2.10656857291269e-06,1.65128287266114e-05,-0.00204718653502667,2.54625698659083e-06,-1.90341132313421e-05,-0.00180239849059127,8.52470748746725e-06,-5.08689491036662e-05,-0.00332298939568165,-0.000661367742437413,1.67468927223524e-05,-3.09807163114684e-05,-0.00377789274772411,-0.00388513499923526,-2.10656857291269e-06,8.52470748746725e-06,3.08647473534762e-05,-0.000355827947136511,1.67468927223524e-05,-0.00295763626204426,1.54981522006992e-05,-3.17639770051059e-05,5.87967079290763e-06,1.88666829377127e-05,-1.65036780046535e-05,-7.03805163926319e-06,8.52470748746725e-06,-0.00223030836680937,-1.90341132313421e-05,-0.000247682853581566,-5.20669877035473e-05,-5.08689491036662e-05,-0.00381921962806597,2.6567318086812e-05,2.11627237511891e-07,-6.06261406321806e-06,-0.00233365422256782,-0.00140048793236147,1.88666829377127e-05,-6.06261406321806e-06,7.89776159049183e-06,-0.000596970354920678,-0.00204042429219431,-5.12039849809298e-06,-0.00234912285849465,4.03944277937995e-06,-0.00298280325988731,-6.06261406321806e-06,-0.00322002798242504,-0.00511453957053298,-0.00333722847406026,-0.00204042429219431,-0.00302871480565514,1.88666829377127e-05,-0.000596970354920678,-0.00436480729781152,-1.67048934418546e-06,3.23183715522646e-06,-1.16926160140807e-05,-3.2585501459792e-05,-0.00183275006655403,-6.06261406321806e-06,2.37748766975798e-05,-0.00222928154105784,-0.00209514241986142,2.20974504721028e-05,-0.00298280325988731,-0.00198557939879862,-0.00647943077271762,-0.00228355233021205,-6.06261406321806e-06,2.37748766975798e-05,-2.34563023679968e-05,-0.00183275006655403,-0.00307966570565732,-0.00230726830731598
"10:67353364:A:C",-0.000440653118002565,1.94733774927514e-05,-0.000699011907804525,-0.00102279267674987,-0.0021329469109701,-0.000257962936739631,-0.00134771858910199,-0.00315732016901205,-0.00243808233860587,-0.000903147437947283,-0.000213883434973638,0.00039314367589327,-0.000106603650396497,-0.00342290772252074,-0.00315732016901205,0.244682854491409,-0.000632888438166113,-0.000903147437947283,-0.00191300542867801,-0.00406653139403357,-0.000312454480272173,2.33248840348921e-05,-0.00119100440547548,-0.000213883434974527,-0.0034680696566145,-0.000699011907804525,-0.00315732016901205,-0.00107437773248886,0.00168324214748772,-0.00122536394044648,-0.00585634354194298,-2.3101860739061e-05,-0.000214954087997654,-0.00231191442440704,-0.00059173978292959,-0.00681239352843344,-0.00133536097432518,-0.00315732016901205,-0.000213883434974527,-0.000137873149455459,-0.00342290772252074,-7.28931447211423e-05,-0.00309831240232317,-0.00134771858910199,-0.00454594858327795,-0.00453127999659131,-0.00194850547766467,-0.000213883434974527,-0.00235166129038467,-0.00626656980637152,-0.000649092569779075,-0.00170455470039022,-0.00298571763238531,-0.0132485605584813,-0.00176015794150075,-0.00107437773248886,-0.000213883434974527,-0.0021329469109701,-0.00265088798321944,-0.00170455470039022,-0.000711903608496822,-0.000439942406703864,-0.0052768838936279,-0.000257962936739631,-0.00342290772252074,-5.60901622925769e-07,-0.000294019757545172,-0.000213883434974527,-0.00406348424346614,-0.00453127999659131,-0.00491650330625149,-0.000200834211733447,-0.00235166129038467,-0.0154654512715204,-0.00334552317029768,-0.00388228164506366,-0.00181802378729934,-0.00645488323315924,-0.000475141653930145,-0.00342290772252074,-0.00181802378729934,-0.00317810557566833,-0.00119922167107411,-0.000551182843800735,-0.00017856199597599,-0.000303143582097043,-0.00158015702797165,-0.00133309400434989,-0.00181802378729934,-0.00247505411543125,-0.00290724620054572,-0.00441217969851326,-0.000551182843800735,-0.000452185900260638,-0.00427039567717902,-0.00119922167107411,-0.00112026791490205,-4.86450480901013e-05,-0.00198028563664776,-0.00562951669721112,-0.00115565611390167,-0.00236218478197658,-0.00181802378729934,0.000130055497206349,-0.000542379294190987,-0.00229135312603646,-0.000848433901049717,-0.00133309400434989,-0.00100776328197583,-0.00197850554671319,-0.00326650450617372,-0.00181802378729934,0.000130055497206349,-0.00266128975460411,-0.00236218478197658,-0.00353131904940973,-0.0067969889256525
"10:67354529:C:T",0.000150318877937039,-3.24889382410376e-05,6.05593763340906e-05,4.11260322605855e-05,-0.000202973046232735,-2.6892955726332e-05,-1.0071603925077e-05,1.07045161961139e-05,-0.00010782950970345,-0.0018813270518292,-3.78539724747995e-05,-0.000118748874557539,-0.00120772276805159,-9.57659828859647e-05,1.07045161961139e-05,-0.000632888438166113,0.0597105112699783,-0.0018813270518292,-0.00155838356231541,-0.000106767660213336,2.4625905441944e-05,-0.00204983844090822,-0.000528320682959382,-3.78539724747995e-05,4.9678202120873e-05,6.05593763340906e-05,1.07045161961139e-05,7.56741735408184e-06,-0.000632888438166113,1.06606391598874e-05,-0.000138422691818185,1.48295216018113e-06,-5.24116472044867e-05,1.07045161961139e-05,-0.000881529337907416,0.000201450623738886,4.28025264112009e-05,1.07045161961139e-05,-3.78539724747995e-05,0.00010247882065606,-9.57659828859647e-05,-0.00173844613024787,-8.33859612017207e-05,-1.0071603925077e-05,-0.00146794193837962,-0.000393360322801684,-8.57760672268171e-06,-3.78539724747995e-05,-0.000207139654763822,0.000217158411367713,-0.00150997086175053,-8.4575915991536e-05,0.000100541592867209,-0.000200050180741762,-4.85132014240719e-05,7.56741735408184e-06,-3.78539724747995e-05,-0.000202973046232735,3.28992564284647e-05,-8.4575915991536e-05,0.000116576955144332,-7.51284679854081e-05,0.00010247882065606,-2.6892955726332e-05,-9.57659828859647e-05,5.88157297185532e-05,-0.00241648790052906,-3.78539724747995e-05,-0.00022453814474499,-0.000393360322801684,-0.00284572302943698,-0.00229058306757146,-0.000207139654763822,-0.00100732400986203,-0.000155927358982844,-0.00333541333536935,2.3021008878743e-05,-0.000330114648556368,6.77075512598435e-05,-9.57659828859647e-05,2.3021008878743e-05,-3.51994313838588e-05,-0.00155765062167301,-0.000151501777138741,1.98590555458011e-05,-0.00277718725341014,-1.73124295557159e-05,6.9539249793138e-05,2.3021008878743e-05,-0.000134080112863089,0.000180699673681062,4.44957436052107e-05,-0.000151501777138741,-0.00102349720032002,-9.57659828859647e-05,-0.00155765062167301,-1.95501661810482e-05,-0.0017839710499068,-0.00137815744260283,4.28025264112009e-05,-0.00198976970119169,-0.000236926988185893,2.3021008878743e-05,-0.00101338213098945,-0.00162602204671902,-8.65025372220884e-07,-0.0001178104065227,6.9539249793138e-05,-3.24889382392612e-05,-0.00182829718874977,-2.97207265260724e-05,2.3021008878743e-05,-0.00101338213098945,7.97267919017131e-05,-0.000236926988185893,-0.00221801709484382,-0.00880698673488833
"10:67359125:C:T",-0.000162686812279489,2.8213105354169e-05,-5.89409897067128e-05,-3.95673837489952e-05,0.000163383786700777,2.22076539859728e-05,7.65952824099969e-06,-1.16926160140807e-05,-0.0031680820091804,0.00121404784285506,3.39322234479411e-05,0.000101413970043929,-0.00140696519037409,8.23868863424337e-05,-1.16926160140807e-05,-0.000903147437947283,-0.0018813270518292,0.109397701745298,2.2414140294913e-06,-0.00320143618429558,-0.000944678578423286,-5.12308553899388e-05,-0.00157651252967028,3.39322234479411e-05,-4.92260421083301e-05,-5.89409897067128e-05,-1.16926160140807e-05,-8.24917978103912e-06,-0.000903147437947283,-1.51170648736709e-05,0.000116399877110318,-1.61023537437188e-06,4.55512091175336e-05,-1.16926160140807e-05,-0.00278228388236812,-0.00022157483406815,-4.14518786948648e-05,-1.16926160140807e-05,3.39322234479411e-05,-0.000103110370249127,8.23868863424337e-05,-8.24917978103912e-06,-0.00332232768529028,7.65952824099969e-06,9.26087733343905e-06,-0.00174190437197819,6.03825401057634e-06,3.39322234479411e-05,-0.00434644677711304,-0.000241590279002502,1.98017760615343e-05,-0.00329542376068659,-0.000100790102509407,-0.000378826140301491,-0.0017756601287795,-8.24917978103912e-06,3.39322234479411e-05,0.000163383786700777,-3.32116546175598e-05,-0.00329542376068659,-0.000120203964542931,6.53272134591987e-05,-0.000103110370249127,2.22076539859728e-05,8.23868863424337e-05,-5.69487131931723e-05,-2.57896781246103e-05,3.39322234479411e-05,0.000176900094539079,-0.00174190437197819,-0.00342087148355663,-0.00016051352880897,-0.00434644677711304,-0.00118431232132288,0.000128326160099945,-1.40565576600693e-06,-2.22139403112109e-05,-0.00501421494298437,-6.71598430441733e-05,8.23868863424337e-05,-2.22139403112109e-05,-0.0099109050958015,4.02820958989025e-06,9.23076024417213e-06,-1.87240526248189e-05,-0.0101344693444991,1.54741757896204e-05,-6.92793474366127e-05,-2.22139403112109e-05,0.000111708383358611,-0.00327860615313913,-4.33595575852763e-05,9.23076024417213e-06,-0.00921716544937023,8.23868863424337e-05,4.02820958989025e-06,-0.00138957306801224,-6.55901922375079e-06,1.09416493758729e-05,-4.14518786948648e-05,-0.000106299723374725,4.95359934538087e-05,-2.22139403112109e-05,-0.00947094607879073,-2.44503469826185e-05,-2.380392664314e-06,0.00010041872216604,-6.92793474366127e-05,2.82131053550572e-05,-0.00359737071389787,2.52474957509463e-05,-2.22139403112109e-05,-0.00947094607879073,-7.85833366068189e-05,4.95359934538087e-05,-0.000228477640448865,-0.00303221569170375
"10:67360832:T:C",-0.00163520328091682,-4.90157080434983e-06,1.56730933209559e-06,2.25600448722219e-06,-6.8943398693122e-05,-0.00377538190819227,-1.15530928201935e-06,-0.000590156273733378,-2.57304679101011e-05,2.2414140294913e-06,-6.07511778927261e-06,0.000790928587866446,9.09160013851107e-06,-2.18847926571897e-05,-0.000590156273733378,-0.00191300542867801,-0.00155838356231541,2.2414140294913e-06,0.104120495891896,-2.53038842856768e-05,1.94894091265496e-06,2.00836910835278e-06,-0.000118242144968583,-6.07511778927261e-06,-0.00260713041593696,1.56730933209559e-06,-0.000590156273733378,-0.0020747746480092,-0.00191300542867801,-0.00202837172070147,-3.81354100733589e-05,1.76133243989796e-07,0.00162308506156972,-0.00212414635262892,-0.000303164343700146,-0.00405204563359174,2.2414140294913e-06,-0.000590156273733378,-6.07511778927261e-06,-0.000809259261027151,-2.18847926571897e-05,8.26838477685499e-07,-1.74526335463554e-05,-1.15530928201935e-06,-0.00412396859852926,-0.000236852208415961,-0.000848786123307299,-6.07511778927261e-06,-0.000987449200835933,-0.00445530380787051,-0.000222479832336475,-1.78620962483222e-05,-0.00141736198782549,-0.00183811092520392,-8.22686950119333e-06,-0.0020747746480092,-6.07511778927261e-06,-6.8943398693122e-05,-0.00153537963362904,-1.78620962483222e-05,-0.00583369941351641,-1.53733654837396e-05,-4.21587953880476e-06,-0.00377538190819138,-2.18847926571897e-05,1.68504988895535e-06,2.01910294705954e-06,-6.07511778927261e-06,-0.00185941965664238,-0.000236852208415961,-0.000172320180047869,-9.88742441698776e-06,-0.000987449200835933,-0.0028576094252295,-4.55430985724092e-05,-0.00245625361223123,1.87085799119302e-06,-0.00493231514123416,-0.00296288420436497,-2.18847926571897e-05,1.87085799119302e-06,-5.48432150893063e-06,0.00180882019167061,-0.000618279430508295,1.69211651712686e-06,-0.00010285124699827,-2.30849732485439e-06,-0.00281675513175017,1.87085799119302e-06,-3.60919636799295e-05,-3.62323153182409e-05,2.21666049693425e-06,-0.000618279430508295,-0.00315711169134758,-0.00494223588998732,0.00180882019167061,-0.00220171117050416,6.72706760518338e-07,-2.75426417726266e-05,-0.0012350358508515,-0.00299246776515183,-0.00239272158758119,1.87085799119302e-06,-3.52536622845179e-05,5.76570636390272e-06,-1.83432132327965e-06,-2.98690349147535e-05,-0.00281675513175017,0.00176617871893914,-0.00240639983877822,-4.3280116939215e-06,1.87085799119302e-06,-3.52536622845179e-05,-0.00764884936605537,-0.00239272158758119,-0.0037853107475101,-4.41434937989982e-05
"10:67361914:C:A",-0.00068190249955169,-0.00262373925536519,-0.00117143699956657,-0.00154084427367085,-0.00169643773297601,-0.00305640161553189,-2.31430842747571e-05,2.02083247202722e-05,0.00115034892938137,-0.00320143618429558,0.000333425913664698,-0.000249400649713571,8.79733275764849e-05,-0.000201866632739467,2.02083247202722e-05,-0.00406653139403357,-0.000106767660213336,-0.00320143618429558,-2.53038842856768e-05,0.153858082223366,5.04489070500824e-05,0.000105233558122642,-0.000518131400652599,0.000333425913664698,0.000101843001606206,-0.00117143699956657,2.02083247202722e-05,1.42806039447052e-05,-0.00406653139403312,-0.00137625665871877,-0.000291569028922467,2.79645986722699e-06,-0.00011146410817453,-0.00162447826899115,-0.00350912128181413,-0.0020488300846786,-0.00177820281870567,2.02083247202722e-05,0.000333425913664698,0.00021283468288491,-0.000201866632739467,-0.00167721624310424,-0.00133287099925816,-2.31430842747571e-05,-2.59063997738451e-05,-0.000477167190101824,-2.03495725141778e-05,0.000333425913664698,-0.00139418434105565,-0.00216114607502682,-6.78992808564871e-05,-0.00137890233160043,0.000209042151577243,-0.00400162606336485,-0.00334615818775497,1.42806039447052e-05,0.000333425913664698,-0.00169643773297601,6.62276818044205e-05,-0.00137890233160043,0.000240479765181156,-0.000595491525764658,0.00021283468288491,-0.00305640161553189,-0.000201866632739467,-0.000471613896327661,5.35383662123579e-05,0.000333425913664698,-0.00219540209646674,-0.000477167190101824,-0.000229238814786648,-0.00208592006184283,-0.00139418434105565,-0.00120924910799047,-0.00102822069014508,-0.00556811345725361,-0.000264804744581681,-0.0143866275820628,-0.00234301660088843,-0.000201866632739467,-0.000264804744581681,-0.00111931728324155,-0.00151865432151688,-0.000724817635435748,-0.000570930634261835,-0.0129964488086936,-3.66671915639216e-05,-0.00193573308533246,-0.000264804744581681,-0.00028455768813096,-0.000990733565693347,-0.00260698469282072,-0.000724817635435748,-0.0070513291358516,-0.000513138985881234,-0.00151865432151688,-0.00600235086213985,-0.00172420946264218,-0.00280813169509386,-0.00177820281870567,-0.00698172949269082,-0.000377808614936193,-0.000264804744581681,-0.0026337715116842,4.1999931071679e-05,-0.000112150339814043,-0.000609150163041861,-0.00193573308533246,-6.9577611907512e-05,-0.00132321872795549,-6.44699333891552e-05,-0.000264804744581681,-0.0026337715116842,0.000165882971203679,-0.000377808614936193,-0.00194591242056763,-0.000403884247272224
"10:67361936:A:C",-0.00139901756007532,1.62856359535724e-05,-3.428595459809e-05,-2.29167140259889e-05,9.08665054870639e-05,1.29845720779898e-05,4.58918955903442e-06,-6.54608342820495e-06,5.10474860959675e-05,-0.000944678578423286,1.94213660176246e-05,5.71434112810465e-05,-0.00155523025881532,4.66893247255129e-05,-6.54608342820495e-06,-0.000312454480272173,2.4625905441944e-05,-0.000944678578423286,1.94894091265496e-06,5.04489070500824e-05,0.0169967642326041,-2.95775049687919e-05,-0.00190367913783707,1.94213660176246e-05,-2.84304647291123e-05,-3.428595459809e-05,-6.54608342820495e-06,-4.61503013227116e-06,-0.000312454480272173,-8.1194554297781e-06,6.54038209972896e-05,-8.99621857897159e-07,2.61194881678861e-05,-0.00171434609895371,-0.00168803146608898,-0.000132500607026742,-2.39908817487589e-05,-6.54608342820495e-06,1.94213660176246e-05,-6.04665969401452e-05,4.66893247255129e-05,-4.61503013227116e-06,3.96997017375611e-05,4.58918955903442e-06,5.47820117802189e-06,-0.00201114964347671,3.68850979270974e-06,1.94213660176246e-05,-9.20497473435589e-05,-0.000145041332448415,1.20572801911578e-05,4.03776969823966e-05,-5.91070636266622e-05,1.87554962369774e-05,2.38644907080143e-05,-4.61503013227116e-06,1.94213660176246e-05,9.08665054870639e-05,-1.90055262025979e-05,4.03776969823966e-05,-7.05166270025259e-05,3.71812569728291e-05,-6.04665969401452e-05,1.29845720779898e-05,4.66893247255129e-05,-3.31407289033692e-05,-1.48014111820416e-05,1.94213660176246e-05,9.82262043631721e-05,-0.00201114964347671,4.66735639941263e-05,-9.41288126163897e-05,-9.20497473435589e-05,-0.000122183058283376,7.20584106046473e-05,-7.67957857306101e-08,-1.27803761511558e-05,6.86274043397717e-05,-3.90195178852082e-05,4.66893247255129e-05,-1.27803761511558e-05,1.78733884697024e-05,2.94028937908308e-06,6.23922430253998e-06,-1.08106461826907e-05,6.13453071940384e-05,8.92194438861793e-06,-4.02425884491464e-05,-1.27803761511558e-05,6.29854876228464e-05,-0.00185349911795196,-2.50790646072474e-05,6.23922430253998e-06,9.87774992751156e-05,4.66893247255129e-05,2.94028937908308e-06,8.60534873581287e-06,-3.66819194308476e-06,-9.67454148037561e-05,-2.39908817487589e-05,-6.20625037983658e-05,2.86835788880779e-05,-1.27803761511558e-05,6.19739908565009e-05,-1.37239669060207e-05,-9.98134032315079e-07,5.66237208863285e-05,-4.02425884491464e-05,1.62856359535724e-05,-0.000431060996265664,1.4656569923055e-05,-1.27803761511558e-05,6.19739908565009e-05,-4.59008687148099e-05,2.86835788880779e-05,-0.000136729949857362,-6.84129969386049e-06
"10:67362133:A:G",-0.00288827833094274,3.40331887223044e-05,-7.31016902824067e-05,-4.88462246766019e-05,0.000190081693711264,2.66783526106096e-05,9.12857665280598e-06,-0.00165327196860776,0.000106581500186387,-5.12308553899388e-05,4.1009035243178e-05,0.000120278342294,0.000337686148158767,9.82034834784429e-05,-0.00165327196860776,2.33248840348921e-05,-0.00204983844090822,-5.12308553899388e-05,2.00836910835278e-06,0.000105233558122642,-2.95775049687919e-05,0.0848801978487956,-0.000716234033649066,4.1009035243178e-05,-6.10964349485599e-05,-7.31016902824067e-05,-0.00165327196860776,-1.02506993497897e-05,2.33248840348921e-05,-0.00165925197004402,0.00013741131541245,-1.99667072120491e-06,5.47716852450364e-05,-0.00165327196860776,-0.00156393791933596,-0.00378028766193683,-5.12308553899388e-05,-0.00165327196860776,4.1009035243178e-05,-0.0048191185769646,9.82034834784429e-05,-0.00169856751540909,8.25354230764574e-05,9.12857665280598e-06,1.11069283414977e-05,-0.00114470422874469,-5.07959240980682e-05,4.1009035243178e-05,-0.00142412385961421,-0.00395201887894991,2.33114235701493e-05,8.40581225975967e-05,-0.00568339734403622,-0.000362496646987509,4.97417749878437e-05,-1.02506993497897e-05,4.1009035243178e-05,-0.00290684687721932,-9.38720637897461e-05,8.40581225975967e-05,-0.00347408939547478,7.82297328809634e-05,-0.000625194627899006,2.66783526106096e-05,9.82034834784429e-05,-7.05598949899411e-05,-3.1837044558003e-05,4.1009035243178e-05,-0.00118278058039678,-0.00114470422874469,1.49105777929037e-05,-0.00611995932823195,-0.00142412385961421,9.69393146896813e-05,-0.00270103400449706,-2.53377599346294e-06,-2.73478735834942e-05,-0.000440609004216164,-8.36181854007023e-05,9.82034834784429e-05,-2.73478735834942e-05,3.75666518017681e-05,-0.00164494916821756,-0.000101570653047389,-2.29760244234711e-05,3.3852090210118e-05,1.87631291055368e-05,-8.6338199071001e-05,-2.73478735834942e-05,-0.00387015874662655,-0.00527210014007196,-5.36475429102623e-05,-0.000101570653047389,-0.000116225905134826,9.82034834784429e-05,-0.00164494916821756,1.69037731385657e-05,-0.00174190393922125,-0.00136348922998053,-5.12308553899388e-05,-0.000133902514066087,5.92216392014677e-05,-2.73478735834942e-05,-0.00247997255748444,-0.000131818387181681,-3.3226870197467e-06,-0.000866274355396435,-8.6338199071001e-05,3.40331887231926e-05,-0.00215691523128569,3.04050263641997e-05,-2.73478735834942e-05,-0.00247997255748444,-9.79232056170787e-05,5.92216392014677e-05,-0.000295476757454338,-0.00187562319171253
"10:67362464:A:T",-0.000329502023329376,-7.92828677607105e-05,-0.00670448434665705,-0.0023391079646693,-0.000844391722978344,-0.00328875373788939,-2.61224963740148e-05,-3.70511828151621e-06,-0.000148423958450827,-0.00157651252967028,0.000247741567482862,-7.57306597813923e-05,-0.0049752500384912,-0.0141577300823723,-3.70511828151621e-06,-0.00119100440547548,-0.000528320682959382,-0.00157651252967028,-0.000118242144968583,-0.000518131400652599,-0.00190367913783707,-0.000716234033649066,0.285686175959953,0.000247741567482862,0.000105237747563436,-0.00670448434665794,-3.70511828151621e-06,-1.00542586976005e-05,-0.00119100440547637,-0.000272805277062638,-0.00451078034298114,2.99346570642456e-06,-0.000298960038092488,-3.70511828151621e-06,-0.0082555536549096,-0.00140755009851024,-0.00653385193225109,-3.70511828151621e-06,0.000247741567482862,-0.000629521079236639,-0.0141577300823723,-3.67820803077734e-05,-5.79071176760593e-05,-2.61224963740148e-05,-0.00431559352741395,-0.00472948816395835,-0.000247807221097851,0.000247741567482862,-0.00138591046706171,-0.00116166272782792,-0.000183722957546983,-0.000471691503689975,-0.00124119761475949,-0.00619382449670702,-7.70023080640669e-05,-1.00542586976005e-05,0.000247741567482862,-0.000844391722978344,-0.000585821517601559,-0.000471691503689975,-0.000868214693695357,-0.000844823021378005,-0.000629521079236639,-0.00328875373788939,-0.0141577300823723,0.000124965667779087,-0.00226703198277178,0.000247741567482862,-0.00276234102163908,-0.00472948816395835,-0.00209468741349106,-0.00241506264857883,-0.00138591046706171,-0.00938809173525845,-0.000378612824881053,-0.0010275293942783,-0.00904759575371106,-0.00684909400652201,-0.00149593943167581,-0.0141577300823723,-0.00904759575371106,-0.00266364459070889,-0.00199917401329142,-0.00218264462372719,4.41975766642955e-05,-0.00105685873973282,-4.0937001542396e-05,0.000144486684509282,-0.00904759575371106,-0.00324432484892156,-0.00827137077163664,-0.00354622171935493,-0.00218264462372719,-0.000430172968684417,-0.00145918403283574,-0.00199917401329142,-0.000999791153248886,-0.00101235331097982,-0.00269069706297831,-0.00128077279660488,-0.00110576127028938,-0.00413749787944884,-0.00904759575371106,-0.000216668013117705,-0.000559598219464164,-0.00222968865295847,-0.000749935532987855,0.000144486684509282,-0.00281694795274579,-0.00442496721121355,-0.00171124183357385,-0.00904759575371106,-0.000216668013117705,0.000164624281151937,-0.00413749787944884,-0.00634481889679872,-0.00308490973394226
"10:67363142:T:G",-0.000348665859079667,-2.48443839110379e-05,4.83234858474901e-05,3.25637992384387e-05,0.00149758686832957,-2.04776131225159e-05,-7.64670092934239e-06,8.52470748746725e-06,0.000364627433661724,3.39322234479411e-05,0.00364785420513503,-8.85141717885674e-05,8.54690258975666e-05,-7.18669632417956e-05,8.52470748746725e-06,-0.000213883434974527,-3.78539724747995e-05,3.39322234479411e-05,-6.07511778927261e-06,0.000333425913664698,1.94213660176246e-05,4.1009035243178e-05,0.000247741567482862,0.00354874508895708,3.9561491255391e-05,4.83234858474901e-05,8.52470748746725e-06,6.02044650488409e-06,-0.000213883434973638,8.81395469498614e-06,-0.000102446536557999,1.17754508988099e-06,-3.98493695108471e-05,8.52470748746725e-06,-5.84400410854613e-05,0.000171805945716308,3.39322234479411e-05,8.52470748746725e-06,0.00364785420513503,8.32735938036677e-05,-7.18669632417956e-05,6.02044650488409e-06,0.000249050638713832,-7.64670092934239e-06,-8.81258574292332e-06,0.00042706401588255,-6.46746926857844e-06,0.00364785420513503,0.000120823277809379,0.000186773913301685,-2.12906684842196e-05,0.000273564552756511,8.16162157653011e-05,0.00038565689209058,-3.68389953875337e-05,6.02044650488409e-06,0.00364785420513503,0.00149758686832957,2.61118429820684e-05,0.000273564552756511,9.54175895593323e-05,-5.67702356795152e-05,-0.00214603285848813,-2.04776131225159e-05,-7.18669632417956e-05,4.68814428824516e-05,2.07294228831145e-05,0.00364785420513503,0.00102854368810856,0.00042706401588255,0.000129640808840925,0.000121763026943,0.000120823277809379,7.18227157090467e-05,-0.000114523672174016,-3.46329437128645e-06,-0.00572556734095553,-0.00019322416089107,5.42549132562797e-05,-7.18669632417956e-05,-0.00572556734095553,-2.69545694324691e-05,-7.35684013086768e-06,-0.000114186126916493,1.55833532957672e-05,0.000158440302183926,-1.33470886165554e-05,5.57799783411639e-05,-0.00572556734095553,-9.9179888076506e-05,-0.000253657767259163,3.53159438661876e-05,-0.000114186126916493,0.000520620951251161,-7.18669632417956e-05,-7.35684013086768e-06,-1.47266712753336e-05,4.78936667658303e-06,-1.2329269629241e-05,3.39322234479411e-05,8.39208708987016e-05,0.000298674947663002,-0.00572556734095553,-9.78188700422322e-05,1.7757932600837e-05,-3.62849266188903e-07,0.00138452965193725,5.57799783411639e-05,-2.48443839101498e-05,6.90983679483281e-05,-2.26859563543513e-05,-0.00572556734095553,-9.78188700422322e-05,6.41278810880053e-05,0.000298674947663002,0.000176503534726535,-0.000213793548188512
"10:67366274:T:C",-0.00321945510055066,-0.000171670300376903,-7.02004431722969e-05,-4.69449864635152e-05,0.000184620606267671,-0.00429093626915922,8.83372192461707e-06,-0.0027689307019152,0.000103147755310395,-4.92260421083301e-05,3.9561491255391e-05,0.000116419013364677,-0.000138555856739941,9.49688475442301e-05,-0.0027689307019152,-0.0034680696566145,4.9678202120873e-05,-4.92260421083301e-05,-0.00260713041593696,0.000101843001606206,-2.84304647291123e-05,-6.10964349485599e-05,0.000105237747563436,3.9561491255391e-05,0.0881083021465203,-7.02004431722969e-05,-0.0027689307019152,-9.83619880923214e-06,-0.0034680696566145,-0.00263314870095765,0.000133113297245302,-1.9166755125255e-06,5.28884177724009e-05,-1.39546661745982e-05,-2.77974966955696e-06,-0.0010881480260192,-4.9226042107442e-05,-0.0027689307019152,3.9561491255391e-05,-0.000123949239448251,9.49688475442301e-05,-9.83619880923214e-06,7.98216147268604e-05,8.83372192461707e-06,1.07339437773746e-05,0.0001797427384016,-0.00254031400226307,3.9561491255391e-05,-0.00281388233428093,-0.00102733849477499,-0.00251882376079582,8.12924113624547e-05,-0.000121072767781172,-0.00173103821118215,-0.0021845957928246,-9.83619880923214e-06,3.9561491255391e-05,0.000184620606267671,-0.00296372130882006,8.12924113624547e-05,-0.000145230063377966,7.55915199412982e-05,-0.000123949239448251,-0.00429093626915922,9.49688475442301e-05,-6.77724392286194e-05,-3.05945586243084e-05,3.9561491255391e-05,-0.00172210930724503,0.0001797427384016,-0.00224795751576234,-0.000253776486976776,-0.00281388233428093,-0.00387322842384652,0.000146249063988968,-0.00345904037168587,-2.62945915201485e-05,-0.00170233726675662,-8.02409085274292e-05,9.49688475442301e-05,-2.62945915201485e-05,3.62469355543737e-05,-0.0026023707273195,-5.42174476647617e-05,-2.2105353263413e-05,0.000122528550605239,1.80912717819837e-05,0.000587254870992204,-2.62945915201485e-05,-0.00269934091048452,-0.00211341101486084,-5.15372955298687e-05,-5.42174476647617e-05,0.000200414001049865,9.49688475442301e-05,-0.0026023707273195,-0.00247329124981377,-7.81741223221388e-06,1.24339690446007e-05,-4.9226042107442e-05,-0.000128226551835198,-0.00189803222554907,-2.62945915201485e-05,0.000125600632872924,-0.00273475964645531,-3.11743124736807e-06,0.000115288773324451,0.000587254870992204,3.28459265155345e-05,-0.00209850659586142,2.93550705494638e-05,-2.62945915201485e-05,0.000125600632872924,-9.3960931610404e-05,-0.00189803222554907,-0.00114622647297402,-0.000365484230001378
"10:67366388:C:T",-0.000230520630156938,3.98659272269342e-05,0.00308659216413965,0.000383682146337883,-0.005923756052022,3.09943264173995e-05,-0.00068222123178252,-1.71053980277946e-05,-0.00122833986676518,-5.89409897067128e-05,4.83234858474901e-05,0.000145316266638496,-0.000163405471290901,0.000117698766926466,-1.71053980277946e-05,-0.000699011907804525,6.05593763340906e-05,-5.89409897067128e-05,1.56730933209559e-06,-0.00117143699956657,-3.428595459809e-05,-7.31016902824067e-05,-0.00670448434665794,4.83234858474901e-05,-7.02004431722969e-05,0.0978118156417231,-1.71053980277946e-05,-1.20715226259449e-05,-0.000699011907804525,-2.29596817105104e-05,0.000166879773813911,-2.35771771972537e-06,6.4644602614905e-05,-1.71053980277946e-05,-0.000646320772530906,-0.000310957856524574,0.000502975197709254,-1.71053980277946e-05,4.83234858474901e-05,-0.000145748532459855,0.000117698766926466,-1.20715226259449e-05,-0.00105067410354653,-0.00068222123178252,1.27926517832222e-05,-0.00648813395331693,8.05764551969901e-06,4.83234858474901e-05,-0.000221746452916172,-0.000338381120060127,-0.00070879142587188,-0.00109290527793959,-0.000142431248581154,-0.00122074859593457,5.84794649087783e-05,-1.20715226259449e-05,4.83234858474901e-05,-0.005923756052022,-4.76990809437083e-05,-0.00109290527793959,-0.000170150257099877,9.31514437487735e-05,-0.000145748532459855,3.09943264173995e-05,0.000117698766926466,0.00307942155287932,-3.69042470067527e-05,4.83234858474901e-05,-0.00613907604123209,-0.00648813395331693,-0.000827735539065344,-0.000608835099552785,-0.000221746452916172,-0.00147741232899268,-0.00610148752530293,-3.79668443706294e-06,-0.00629255795024442,-0.00124307462262774,-9.54167048945465e-05,0.000117698766926466,-0.00629255795024442,4.41446296424175e-05,4.19652424099581e-06,-0.000749108514830787,-2.66150414232058e-05,0.000151371844942183,2.19294863681441e-05,-9.84706197693086e-05,-0.00629255795024442,0.000159697666138214,-0.00157881085597467,-6.17052639553251e-05,-0.000749108514830787,0.000256030119235362,0.000117698766926466,4.19652424099581e-06,1.92748213043714e-05,-9.59961935098619e-06,1.43772415084342e-05,6.37070402786932e-05,-0.000150942066388993,-0.00150802733024058,-0.00629255795024442,0.000156700540674848,-3.57296291939591e-05,-4.29923703926249e-06,0.00014380457150498,-9.84706197693086e-05,3.98659272269342e-05,-0.00167036232106543,-0.00308577404367671,-0.00629255795024442,0.000156700540674848,-0.000111211192363569,-0.00150802733024058,-0.000320613893296517,-0.00284489979057234
"10:67366959:T:C",-0.00166869916848,7.24865562684585e-06,-1.71053980277946e-05,-1.11513899581084e-05,3.08647473534762e-05,5.87967079290763e-06,-0.00204718653502667,3.54541887057636e-05,2.03961245581752e-05,-1.16926160140807e-05,8.52470748746725e-06,2.22515326138151e-05,-2.69532526253613e-05,1.88666829377127e-05,3.54541887057636e-05,-0.00315732016901205,1.07045161961139e-05,-1.16926160140807e-05,-0.000590156273733378,2.02083247202722e-05,-6.54608342820495e-06,-0.00165327196860776,-3.70511828151621e-06,8.52470748746725e-06,-0.0027689307019152,-1.71053980277946e-05,0.108277763500706,-2.10656857291269e-06,-0.00315732016901205,-0.00202710729085087,-0.000741581223578258,-4.06885465764617e-07,-0.00172311577907536,-3.00210855197491e-06,4.63366610592431e-06,-0.00316931670389131,-1.16926160140807e-05,3.54541887057636e-05,8.52470748746725e-06,-3.17639770051059e-05,1.88666829377127e-05,-2.10656857291269e-06,1.65128287266114e-05,-0.00204718653502667,2.54625698659083e-06,-1.90341132313421e-05,-0.00180239849059127,8.52470748746725e-06,-5.08689491036662e-05,-0.00332298939568165,-0.000661367742437413,1.67468927223524e-05,-3.09807163114684e-05,-0.00377789274772411,-0.00388513499923526,-2.10656857291269e-06,8.52470748746725e-06,3.08647473534762e-05,-0.000355827947136511,1.67468927223524e-05,-0.00295763626204426,1.54981522006992e-05,-3.17639770051059e-05,5.87967079290763e-06,1.88666829377127e-05,-1.65036780046535e-05,-7.03805163926319e-06,8.52470748746725e-06,-0.00223030836680937,-1.90341132313421e-05,-0.000247682853581566,-5.20669877035473e-05,-5.08689491036662e-05,-0.00381921962806597,2.6567318086812e-05,2.11627237511891e-07,-6.06261406321806e-06,-0.00233365422256782,-0.00140048793236147,1.88666829377127e-05,-6.06261406321806e-06,7.89776159049183e-06,-0.000596970354920678,-0.00204042429219431,-5.12039849809298e-06,-0.00234912285849465,4.03944277937995e-06,-0.00298280325988731,-6.06261406321806e-06,-0.00322002798242504,-0.00511453957053298,-0.00333722847406026,-0.00204042429219431,-0.00302871480565514,1.88666829377127e-05,-0.000596970354920678,-0.00436480729781152,-1.67048934418546e-06,3.23183715522646e-06,-1.16926160140807e-05,-3.2585501459792e-05,-0.00183275006655403,-6.06261406321806e-06,2.37748766975798e-05,-0.00222928154105784,-0.00209514241986142,2.20974504721028e-05,-0.00298280325988731,-0.00198557939879862,-0.00647943077271762,-0.00228355233021205,-6.06261406321806e-06,2.37748766975798e-05,-2.34563023679968e-05,-0.00183275006655403,-0.00307966570565732,-0.00230726830731598
"10:67369106:G:T",-3.74385641590536e-05,5.12498737847977e-06,-1.20715226259449e-05,-7.8693623493109e-06,2.17963312296732e-05,4.16472543740554e-06,1.53309880968067e-06,-2.10656857291269e-06,1.44122226881649e-05,-8.24917978103912e-06,6.02044650488409e-06,1.5713447568011e-05,-1.69449286779866e-05,-0.000974739418810877,-2.10656857291269e-06,-0.00107437773248886,7.56741735408184e-06,-8.24917978103912e-06,-0.0020747746480092,1.42806039447052e-05,-4.61503013227116e-06,-1.02506993497897e-05,-1.00542586976005e-05,6.02044650488409e-06,-9.83619880923214e-06,-1.20715226259449e-05,-2.10656857291269e-06,0.0462057921453756,-0.00107437773248886,-2.5115238253548e-06,1.74537522728002e-05,-2.85601567284743e-07,7.97275796582397e-06,-2.10656857291269e-06,4.2720209920688e-06,-0.00134011535829348,-8.24917978103912e-06,-2.10656857291269e-06,6.02044650488409e-06,-2.24098803576211e-05,-0.000974739418810877,-0.00212080443627016,1.1674626026803e-05,1.53309880968067e-06,1.80664789262153e-06,-2.81150486562964e-05,1.25468695788555e-06,6.02044650488409e-06,-5.13115580718093e-05,-0.00126011679397209,-0.00213967947159777,1.18386585228336e-05,-2.18603615778079e-05,-0.00240253362475862,7.35930696116327e-06,2.5033902224969e-05,6.02044650488409e-06,2.17963312296732e-05,-6.40312877475679e-06,1.18386585228336e-05,-2.6542162399501e-05,1.09468830293835e-05,-2.24098803576211e-05,4.16472543740554e-06,-0.000974739418810877,-1.16492317259187e-05,-4.96022646601091e-06,6.02044650488409e-06,2.27585261391994e-05,-2.81150486562964e-05,-0.00188660850673816,-3.00442285725566e-05,-5.13115580718093e-05,-0.000566406261767405,1.87642818545442e-05,-0.00217591967725639,-4.27576135386687e-06,1.83025322808561e-05,-1.38358030001839e-05,-0.000974739418810877,-4.27576135386687e-06,5.58044540177605e-06,1.13456873851447e-06,-0.000692126734883836,-3.61447029373352e-06,-0.0018308592298375,2.85442108349798e-06,-1.42965462153199e-05,-4.27576135386687e-06,-0.00327572441450208,-3.35400287108101e-05,-8.63561512787214e-06,-0.000692126734883836,2.28156053392325e-05,-0.00494647159259909,1.13456873851447e-06,2.86342913380366e-06,-0.00216580311376546,2.30860220984397e-06,-8.24917978103912e-06,-0.00273547004292496,8.7668976123112e-06,-4.27576135386687e-06,1.67945599018893e-05,-0.00238875458262111,-0.00214436040570032,1.56053260447209e-05,-1.42965462153199e-05,5.12498737847977e-06,-0.000349640854417466,4.65333963983738e-06,-4.27576135386687e-06,1.67945599018893e-05,-1.65535530509686e-05,8.7668976123112e-06,-0.00018506744999236,-0.00262063773177967
"10:67369950:C:T",-0.000440653118002565,1.94733774927514e-05,-0.000699011907804525,-0.00102279267674987,-0.0021329469109701,-0.000257962936739631,-0.00134771858910199,-0.00315732016901205,-0.00243808233860587,-0.000903147437947283,-0.000213883434973638,0.00039314367589327,-0.000106603650396497,-0.00342290772252074,-0.00315732016901205,0.00168324214748772,-0.000632888438166113,-0.000903147437947283,-0.00191300542867801,-0.00406653139403312,-0.000312454480272173,2.33248840348921e-05,-0.00119100440547637,-0.000213883434973638,-0.0034680696566145,-0.000699011907804525,-0.00315732016901205,-0.00107437773248886,0.244682854491409,-0.00122536394044648,-0.00585634354194298,-2.3101860739061e-05,-0.000214954087997654,-0.00231191442440704,-0.00059173978292959,-0.00681239352843344,-0.00133536097432518,-0.00315732016901205,-0.000213883434974527,-0.000137873149455459,-0.00342290772252074,-7.28931447211423e-05,-0.00309831240232317,-0.00134771858910199,-0.00454594858327795,-0.00453127999659131,-0.00194850547766467,-0.000213883434974527,-0.00235166129038467,-0.00626656980637152,-0.000649092569779075,-0.00170455470039022,-0.00298571763238531,-0.0132485605584813,-0.00176015794150075,-0.00107437773248886,-0.000213883434974527,-0.0021329469109701,-0.00265088798321944,-0.00170455470039022,-0.000711903608496822,-0.000439942406703864,-0.0052768838936279,-0.000257962936739631,-0.00342290772252074,-5.60901622925769e-07,-0.000294019757545172,-0.000213883434974527,-0.00406348424346614,-0.00453127999659131,-0.00491650330625149,-0.000200834211733447,-0.00235166129038467,-0.0154654512715204,-0.00334552317029768,-0.00388228164506366,-0.00181802378729934,-0.00645488323315924,-0.000475141653930145,-0.00342290772252074,-0.00181802378729934,-0.00317810557566833,-0.00119922167107411,-0.000551182843800735,-0.00017856199597599,-0.000303143582097043,-0.00158015702797165,-0.00133309400434989,-0.00181802378729934,-0.00247505411543125,-0.00290724620054572,-0.00441217969851326,-0.000551182843800735,-0.000452185900260638,-0.00427039567717902,-0.00119922167107411,-0.00112026791490205,-4.86450480901013e-05,-0.00198028563664776,-0.00562951669721112,-0.00115565611390167,-0.00236218478197658,-0.00181802378729934,0.000130055497206349,-0.000542379294190987,-0.00229135312603646,-0.000848433901049717,-0.00133309400434989,-0.00100776328197583,-0.00197850554671319,-0.00326650450617372,-0.00181802378729934,0.000130055497206349,-0.00266128975460411,-0.00236218478197658,-0.00353131904940973,-0.0067969889256525
"10:67372019:A:T",-0.00257543156960072,7.64990695500956e-06,-2.29596817105104e-05,-1.43524319593524e-05,8.95063677130992e-06,6.33238942615577e-06,5.46973036463783e-06,-0.00202710729085087,-0.00146467220964919,-1.51170648736709e-05,8.81395469498614e-06,1.58983549560787e-05,-0.000771523667154383,-0.000780985895048047,-0.00202710729085087,-0.00122536394044648,1.06606391598874e-05,-1.51170648736709e-05,-0.00202837172070147,-0.00137625665871877,-8.1194554297781e-06,-0.00165925197004402,-0.000272805277062638,8.81395469498614e-06,-0.00263314870095765,-2.29596817105104e-05,-0.00202710729085087,-2.5115238253548e-06,-0.00122536394044648,0.122911324895734,-0.000604666794116859,-4.7587253515502e-07,1.11124590258527e-05,-3.6140255774697e-06,-0.000372006246738721,-0.00425512275507067,-1.51170648736709e-05,-0.00202710729085087,8.81395469498614e-06,-0.000923757560832961,-0.000780985895048047,-2.5115238253548e-06,-0.00116933819673015,5.46973036463783e-06,2.86281118633269e-06,-0.000179378650468465,-0.00222973859203091,8.81395469498614e-06,-0.00249144264438872,-0.00400474563994102,-0.00209249302241865,-0.00123254940529804,-4.49064490020135e-05,-0.00243756727271949,-0.0025996513126243,-2.5115238253548e-06,8.81395469498614e-06,8.95063677130992e-06,-0.00183493921078526,-0.00123254940529804,-0.00477615112036922,-0.00112450258676322,-0.00419589625797556,6.33238942615577e-06,-0.000780985895048047,-2.20567750686129e-05,-0.00396253111082778,8.81395469498614e-06,-0.00294222596832494,-0.000179378650468465,-0.00241570834670313,-0.000795509622766311,-0.00249144264438872,-0.00186192984868683,1.4514567731716e-05,2.06091617549475e-07,-7.48403794403885e-06,-5.80334404647331e-05,-0.00140835796863481,-0.000780985895048047,-7.48403794403885e-06,8.25000532245213e-06,-0.00203432580111151,1.36110888071528e-06,-6.26065557174371e-06,-5.81439981299781e-05,-0.00153332591559341,-0.00285082816169258,-7.48403794403885e-06,-1.55467708840007e-05,-0.00254164476869523,-0.00141174851370351,1.36110888071528e-06,-7.45584953145695e-05,-0.00177640617144625,-0.00203432580111151,-8.16209888387931e-06,-1.98203733781099e-06,-2.1553478239511e-05,-1.51170648736709e-05,-4.77891009555975e-05,-0.00354723983986016,-7.48403794403885e-06,-3.11511775912265e-05,-0.00413457147972629,-0.000500464380700727,-0.00451865935842388,-0.00285082816169258,7.64990695589773e-06,-0.00267310566191714,-1.02085563415955e-05,-7.48403794403885e-06,-3.11511775912265e-05,-3.27070364329884e-05,-0.00354723983986016,-0.00439968325092366,-0.00181258534006945
"10:67372520:C:T",-0.000609534778853948,-9.07533789291648e-05,0.000166879773813911,0.000112337211016111,-4.95512822800137e-05,-0.000493756767985687,-3.15457205726233e-05,-0.000741581223578258,-0.000293532194105772,0.000116399877110318,-0.000102446536557999,-0.000313660916111402,-0.00324911223271585,-0.000255981943088734,-0.000741581223578258,-0.00585634354194298,-0.000138422691818185,0.000116399877110318,-3.81354100733589e-05,-0.000291569028922467,6.54038209972896e-05,0.00013741131541245,-0.00451078034298114,-0.000102446536557999,0.000133113297245302,0.000166879773813911,-0.000741581223578258,1.74537522728002e-05,-0.00585634354194298,-0.000604666794116859,0.112636799425831,3.4135160849047e-06,-0.000143886822667305,2.47148505962969e-05,-0.000450452907991838,-0.0125360591472417,-0.00229482390193958,-0.000741581223578258,-0.000102446536557999,0.000286144230581264,-0.000255981943088734,1.74537522728002e-05,-0.000231846073517339,-3.15457205726233e-05,-3.48744094109676e-05,-0.00417312718610763,-0.000586364524039595,-0.000102446536557999,0.000400293764291071,-0.012309540892292,-9.30372709753158e-05,-0.000234172801730104,0.000281105014539484,-0.00333185017227056,-0.000835505789011926,1.74537522728002e-05,-0.000102446536557999,-4.95512822800137e-05,-0.000849933597008246,-0.000234172801730104,-0.00457053122978923,-0.000202330502677484,0.000286144230581264,-0.000493756767984799,-0.000255981943088734,0.000162558867141449,6.92454373405482e-05,-0.000102446536557999,-0.000745930600313471,-0.00417312718610763,-0.0010873556414861,-0.000470575671641882,0.000400293764291071,-0.00234171746324474,-0.000200886502269348,-0.00140786285193251,6.16049646993133e-05,-0.00111869332536241,0.000184653034533078,-0.000255981943088734,6.16049646993133e-05,-9.66656378968977e-05,-0.000653250814063533,0.000570888790096369,5.41327088328103e-05,-0.000667219069044656,-4.78191147177398e-05,0.000189222941037848,6.16049646993133e-05,0.00198538255587888,-0.00420206300697945,-0.00476920446373796,0.000570888790096369,-0.000588088890898675,-0.000255981943088734,-0.000653250814063533,-0.00123181960779739,1.38844644954617e-05,-5.56744961039968e-05,0.000116399877110318,-0.000876788897596903,-0.000995248386016279,6.16049646993133e-05,-0.00035440121838004,-0.000662171961169911,-1.07458825269191e-05,-0.000311935148247677,0.000189222941037848,-9.07533789291648e-05,-0.00425504595501458,-8.47052313197594e-05,6.16049646993133e-05,-0.00035440121838004,0.000221474918206788,-0.000995248386016279,-0.0126196608354237,-0.00292377723906068
"10:67374637:T:A",-7.26829589314804e-06,1.00456487217571e-06,-2.35771771972537e-06,-1.53685808168547e-06,4.26262141672851e-06,8.19219116543479e-07,-0.00410286920420244,-4.06885465764617e-07,2.82182306676759e-06,-1.61023537437188e-06,1.17754508988099e-06,3.07289345613526e-06,-4.69421881543752e-06,2.60658619488652e-06,-4.06885465764617e-07,-2.3101860739061e-05,1.48295216018113e-06,-1.61023537437188e-06,1.76133243989796e-07,2.79645986722699e-06,-8.99621857897159e-07,-1.99667072120491e-06,2.99346570642456e-06,1.17754508988099e-06,-1.9166755125255e-06,-2.35771771972537e-06,-4.06885465764617e-07,-2.85601567284743e-07,-2.3101860739061e-05,-4.7587253515502e-07,3.4135160849047e-06,0.0175481872110739,1.56119832261936e-06,-4.06885465764617e-07,1.97776889976353e-07,-1.07204051698062e-05,-1.61023537437188e-06,-4.06885465764617e-07,1.17754508988099e-06,-4.37450962387231e-06,2.60658619488652e-06,-2.85601567284743e-07,2.28822675651941e-06,-0.00410286920420244,3.56530902578811e-07,4.26922795959683e-06,2.49982571531859e-07,1.17754508988099e-06,-6.9527413320003e-06,-1.1947385336164e-05,7.97132837071501e-07,2.31983235732258e-06,-4.26840384371019e-06,4.57582976931548e-06,1.44279161595762e-06,-2.85601567284743e-07,1.17754508988099e-06,4.26262141672851e-06,-1.24481818986055e-06,2.31983235732258e-06,-5.17171444158748e-06,2.14169470780234e-06,-4.37450962387231e-06,8.19219116543479e-07,2.60658619488652e-06,-2.27612733194604e-06,-9.66290887305377e-07,1.17754508988099e-06,4.45093053169643e-06,4.26922795959683e-06,2.66763033529571e-06,-7.08824474049408e-06,-6.9527413320003e-06,-2.23601702131759e-06,3.67069085704941e-06,5.42672546899325e-08,-8.34084366907462e-07,3.58724166815705e-06,-2.69841823108408e-06,2.60658619488652e-06,-8.34084366907462e-07,1.09253053892644e-06,2.35347023647137e-07,4.63652633619915e-07,-7.06302828668015e-07,3.29320921022003e-06,-0.00145262123686507,-2.78734667258362e-06,-8.34084366907462e-07,3.32429486249453e-06,-1.87618571665382e-05,-1.6848761470456e-06,4.63652633619915e-07,4.46191690794961e-06,2.60658619488652e-06,2.35347023647137e-07,5.6829405181702e-07,-2.26514956125357e-07,-2.31323895514279e-05,-1.61023537437188e-06,-4.46816590127241e-06,1.7212129268529e-06,-8.34084366907462e-07,3.28633474300233e-06,-8.66719699565976e-07,-0.00392278844698613,3.05200872130484e-06,-2.78734667258362e-06,1.00456487306388e-06,-4.26379818474487e-06,-0.00386076481218645,-8.34084366907462e-07,3.28633474300233e-06,-3.23315461692175e-06,1.7212129268529e-06,-1.11181039406105e-05,4.79091199689918e-06
"10:67376204:C:T",0.000162659803330634,-3.42572729321589e-05,6.4644602614905e-05,4.37643684652045e-05,-0.000209460768912706,-2.84174008022831e-05,-1.06944146915922e-05,-0.00172311577907536,-0.000112551152940732,4.55512091175336e-05,-3.98493695108471e-05,-0.000746350627455428,-2.69173778031373e-05,-0.000100067079997324,-0.00172311577907536,-0.000214954087997654,-5.24116472044867e-05,4.55512091175336e-05,0.00162308506156972,-0.00011146410817453,2.61194881678861e-05,5.47716852450364e-05,-0.000298960038092488,-3.98493695108471e-05,5.28884177724009e-05,6.4644602614905e-05,-0.00172311577907536,7.97275796582397e-06,-0.000214954087997654,1.11124590258527e-05,-0.000143886822667305,1.56119832261936e-06,0.0569728157832419,1.12823500186821e-05,-0.00158229403395094,-0.00233065352037265,4.55512091175336e-05,-0.00172311577907536,-3.98493695108471e-05,0.000110138912282842,-0.000100067079997324,7.97275796582397e-06,-8.73393982621096e-05,-1.06944146915922e-05,-1.22452725630495e-05,-0.000412482126079361,-0.00153560279749421,-3.98493695108471e-05,-4.52785356142016e-06,-0.00245745605794756,0.00176070542405427,-8.85639778340774e-05,0.000108031457928703,-0.00695505094690141,-5.10478703183992e-05,7.97275796582397e-06,-3.98493695108471e-05,-0.000209460768912706,-0.00186837900004999,-8.85639778340774e-05,-0.00225546007065969,-7.87119216294485e-05,0.000110138912282842,-2.84174008022831e-05,-0.000100067079997324,6.27753607496118e-05,2.78383291405504e-05,-3.98493695108471e-05,-0.00112768051176015,-0.000412482126079361,-0.00302196203569505,-0.00236725032078056,-4.52785356142016e-06,-0.00172014255463626,-0.000161772919502035,-0.00159482653576948,2.44186253546275e-05,-0.000163301398880655,7.23180239035059e-05,-0.000100067079997324,2.44186253546275e-05,-3.70833018958905e-05,0.00025202580397643,-0.00156030402211194,2.10697272278182e-05,-0.00140087908136444,-1.82849292738041e-05,7.42870288279462e-05,2.44186253546275e-05,-0.000139466673518385,-0.00268151024921881,4.73567397545338e-05,-0.00156030402211194,-0.000231995834013787,-0.000100067079997324,0.00025202580397643,-2.0743467716855e-05,6.34432544455166e-06,-1.75501788719501e-05,-0.00196601859055523,-0.00201664372095411,-6.33721085909755e-05,2.44186253546275e-05,-0.000137626278522873,-0.00165968155388985,-1.02427589787624e-06,-0.000122759906771464,7.42870288279462e-05,0.000362311375188717,-0.00275329188105911,-3.13693215634459e-05,2.44186253546275e-05,-0.000137626278522873,8.53727778595825e-05,-6.33721085909755e-05,-0.00223206445755686,-0.00347799742971056
"10:67377408:G:T",-6.59105576987784e-05,7.24865562684585e-06,-1.71053980277946e-05,-1.11513899581084e-05,-0.00117280063283509,-0.00235480655399201,2.1563180432338e-06,-3.00210855197491e-06,-0.0015921508836092,-1.16926160140807e-05,8.52470748746725e-06,2.22515326138151e-05,-0.0018368808304734,1.88666829377127e-05,-3.00210855197491e-06,-0.00231191442440704,1.07045161961139e-05,-1.16926160140807e-05,-0.00212414635262892,-0.00162447826899115,-0.00171434609895371,-0.00165327196860776,-3.70511828151621e-06,8.52470748746725e-06,-1.39546661745982e-05,-1.71053980277946e-05,-3.00210855197491e-06,-2.10656857291269e-06,-0.00231191442440704,-3.6140255774697e-06,2.47148505962969e-05,-4.06885465764617e-07,1.12823500186821e-05,0.088497596299681,4.63366610592431e-06,-0.00316931670389131,-1.16926160140807e-05,-3.00210855197491e-06,8.52470748746725e-06,-3.17639770051059e-05,1.88666829377127e-05,-0.00207212075984042,-0.00172988439848165,2.1563180432338e-06,2.54625698659083e-06,-1.90341132313421e-05,1.75940397006968e-06,8.52470748746725e-06,-0.00166038433881521,-0.00332298939568165,-0.00205164472689567,-0.00170409109393699,-3.09807163114684e-05,-0.00120495802422926,-0.00259476292231664,-2.10656857291269e-06,8.52470748746725e-06,-0.00117280063283509,-9.0950130120504e-06,-0.00170409109393699,-0.00295763626204426,1.54981522006992e-05,-0.000834711000407218,-0.00235480655399201,1.88666829377127e-05,-1.65036780046535e-05,-7.03805163926319e-06,8.52470748746725e-06,-0.00140462745139303,-1.90341132313421e-05,-0.00183441683535701,-4.51537116745726e-05,-0.00166038433881521,5.93006002969076e-06,-0.00130439940095073,4.00726623350778e-06,-6.06261406321806e-06,-0.00387578856293747,-1.9619981247665e-05,1.88666829377127e-05,-6.06261406321806e-06,7.89776159049183e-06,-0.00212118768268521,4.26472628323182e-06,-5.12039849809298e-06,-0.00177709473572474,4.03944277937995e-06,-2.0276842701783e-05,-6.06261406321806e-06,2.40556582262741e-05,-0.00201534191296826,-0.00333722847406026,4.26472628323182e-06,-0.00134188581376549,1.88666829377127e-05,-0.00212118768268521,-0.00218818033056856,-1.67048934418546e-06,3.01966461675462e-05,-1.16926160140807e-05,-3.2585501459792e-05,-0.00183275006655403,-6.06261406321806e-06,2.37748766975798e-05,-0.00196579829621335,-3.35834336340213e-07,-0.000561760132606004,-2.0276842701783e-05,7.24865562684585e-06,-0.00340868434797592,6.57633237732824e-06,-6.06261406321806e-06,2.37748766975798e-05,-2.34563023679968e-05,-0.00183275006655403,-0.00645414621081208,-9.7336208146892e-05
"10:67377527:C:T",-0.000423590501791082,-0.00345366662644242,-0.000646320772530906,-0.00656513578112694,-0.000449857912201423,-4.25757120376957e-05,-1.50362519946157e-06,4.63366610592431e-06,-0.00338447992647239,-0.00278228388236812,-5.84400410854613e-05,-6.84147285578973e-05,-0.00765436597893743,-4.13712019255996e-05,4.63366610592431e-06,-0.00059173978292959,-0.000881529337907416,-0.00278228388236812,-0.000303164343700146,-0.00350912128181413,-0.00168803146608898,-0.00156393791933596,-0.0082555536549096,-5.84400410854613e-05,-2.77974966955696e-06,-0.000646320772530906,4.63366610592431e-06,4.2720209920688e-06,-0.00059173978292959,-0.000372006246738721,-0.000450452907991838,1.97776889976353e-07,-0.00158229403395094,4.63366610592431e-06,0.189056292550039,1.75629663656807e-05,5.36923152720803e-05,4.63366610592431e-06,-5.84400410854613e-05,-0.000831375759982045,-4.13712019255996e-05,7.5684280993471e-06,-0.00317390273540408,-1.50362519946157e-06,-0.00387233073169302,-0.00870008637090791,-0.000440995281733692,-5.84400410854613e-05,-0.00198465349017152,-3.47483278995142e-05,-0.000242291178168763,-0.00309322005154211,-0.00143845898271699,-0.0104230070227311,-0.000243102795418615,4.2720209920688e-06,-5.84400410854613e-05,-0.0019426344082385,-0.000869599434445867,-0.00309322005154211,-2.29134823408472e-05,-0.000923883118790769,-0.000876319273764636,-4.25757120376957e-05,-4.13712019255996e-05,5.69902878613249e-05,-0.00256075713623893,-5.84400410854613e-05,-0.00055567512169219,-0.00870008637090791,-0.00468174874247218,7.75342653023259e-05,-0.00198465349017152,-0.00412058267004056,-0.00283174372040929,-0.00349731340857851,-0.000187550730106345,-0.00859316205172789,-0.000442106167690248,-4.13712019255996e-05,-0.000187550730106345,-0.000439062568622361,3.48970781161029e-08,-0.000296791592264256,4.04040188923815e-05,-0.00835057868393907,-3.21521091173338e-06,-0.00142902118345223,-0.000187550730106345,-0.000656146585394701,-0.00897691242068488,-0.000238869233136541,-0.000296791592264256,-0.00617261588474438,-0.00081001545222037,3.48970781161029e-08,-3.21948268107164e-05,7.28766565405436e-06,-0.000247595027979663,-0.00285756296467188,-0.00574811528446251,-0.000593400165092461,-0.000187550730106345,-0.0019030759443277,-0.00022109692812311,-0.00650223396462124,-0.00121823824943768,-0.00142902118345223,-7.57021498731802e-06,-0.00434949826123887,-6.58195351910251e-06,-0.000187550730106345,-0.0019030759443277,-1.36550752207754e-05,-0.000593400165092461,-0.000414520690273257,-0.00327277515983626
"10:67377600:T:G",-0.00483515564868231,0.000132784107109707,-0.000310957856524574,-0.000209204223097892,-0.0018953745160184,9.16153202910053e-05,-0.00124115485313059,-0.00316931670389131,-0.00200761786381243,-0.00022157483406815,0.000171805945716308,-0.000487168179640562,-0.000483858221242528,0.000411205507630186,-0.00316931670389131,-0.00681239352843344,0.000201450623738886,-0.00022157483406815,-0.00405204563359174,-0.0020488300846786,-0.000132500607026742,-0.00378028766193683,-0.00140755009851024,0.000171805945716308,-0.0010881480260192,-0.000310957856524574,-0.00316931670389131,-0.00134011535829348,-0.00681239352843344,-0.00425512275507067,-0.0125360591472417,-1.07204051698062e-05,-0.00233065352037265,-0.00316931670389131,1.75629663656807e-05,0.168706821823065,-0.00022157483406815,-0.00316931670389131,0.000171805945716308,-0.000637412755207123,0.000411205507630186,-5.50482923253881e-05,-0.00225213688918657,-0.00124115485313059,3.39947594856227e-05,-0.0015498394478044,-0.00287112769769582,0.000171805945716308,-0.00363793481441999,0.0029735492061338,-0.00964766310770759,-0.00221671184319483,-0.000434330649838444,-0.00584055702665198,0.000191712006663458,-0.00134011535829348,0.000171805945716308,-0.0018953745160184,-0.00345527320357686,-0.00221671184319483,0.00212206952502125,-0.00155658837159667,-0.000637412755207123,9.16153202910053e-05,0.000411205507630186,-0.000297974836831472,-0.00796176738725674,0.000171805945716308,0.000459500600482166,-0.0015498394478044,-0.00525628069798412,-0.00149017986727973,-0.00363793481441999,-0.00631339066630909,-0.00182439777749099,-7.21965154548698e-05,-0.000120739631979561,0.000208843300721462,-0.000364678574464428,0.000411205507630186,-0.000120739631979561,0.00015255280869475,-0.00180232088221288,-0.000201561626991698,-9.76812977651065e-05,-0.00217400122068767,7.59236760554671e-05,-0.00103328263201163,-0.000120739631979561,-0.00064209405626503,0.00037962069180697,-0.00120920759164544,-0.000201561626991698,-0.00133203238390678,-0.00134558981454003,-0.00180232088221288,-0.00136581947982606,-4.37435997833191e-05,-0.0015217576847224,-0.00022157483406815,-0.000595584680252337,-0.00137067793991807,-0.000120739631979561,-0.0017436475301027,-0.00320936676463113,-0.00297222218153692,0.000504091779527371,-0.00103328263201163,-0.00267689440079888,0.00102503365167017,-0.00139324303423205,-0.000120739631979561,-0.0017436475301027,-0.000139096688509532,-0.00137067793991807,0.000483861074930481,-0.00152806024587093
"10:67378721:A:G",-0.000162686812279489,2.8213105354169e-05,0.000502975197709254,-0.000168512234279383,-0.00475823330422553,2.22076539859728e-05,-0.00125404764681658,-1.16926160140807e-05,-0.00183564050847451,-4.14518786948648e-05,3.39322234479411e-05,0.000101413970043929,-0.000615451808554823,8.23868863424337e-05,-1.16926160140807e-05,-0.00133536097432518,4.28025264112009e-05,-4.14518786948648e-05,2.2414140294913e-06,-0.00177820281870567,-2.39908817487589e-05,-5.12308553899388e-05,-0.00653385193225109,3.39322234479411e-05,-4.9226042107442e-05,0.000502975197709254,-1.16926160140807e-05,-8.24917978103912e-06,-0.00133536097432518,-1.51170648736709e-05,-0.00229482390193958,-1.61023537437188e-06,4.55512091175336e-05,-1.16926160140807e-05,5.36923152720803e-05,-0.00022157483406815,0.130626218670959,-1.16926160140807e-05,3.39322234479411e-05,-0.000103110370249127,8.23868863424337e-05,-8.24917978103912e-06,-0.00164884263952825,-0.00125404764681658,9.26087733343905e-06,-0.00634977500224299,6.03825401057634e-06,3.39322234479411e-05,-0.000156495526830724,-0.000241590279002502,1.98017760615343e-05,-0.00169166138072718,-0.000100790102509407,-0.00282750684892985,4.14025560706577e-05,-8.24917978103912e-06,3.39322234479411e-05,-0.00475823330422553,-3.32116546175598e-05,-0.00169166138072718,-0.000120203964542931,6.53272134591987e-05,-0.000103110370249127,2.22076539859728e-05,8.23868863424337e-05,0.000868210554791915,-2.57896781246103e-05,3.39322234479411e-05,-0.00474566670950871,-0.00634977500224299,-0.00338573055460234,-0.00111180135205302,-0.000156495526830724,-0.00118431232132288,-0.00479410558459126,-0.00122725769130394,-0.00851816021073049,-0.000677479806484804,-0.000661045060573073,8.23868863424337e-05,-0.00851816021073049,3.11071634646609e-05,-0.000502541819463964,-0.000577359305962588,-1.87240526248189e-05,0.000107333386390351,1.54741757896204e-05,-6.92793474366127e-05,-0.00851816021073049,0.000111708383358611,-0.00279925772525047,-4.33595575852763e-05,-0.000577359305962588,0.000178064103219633,8.23868863424337e-05,-0.000502541819463964,1.42644473912767e-05,-6.55901922375079e-06,1.09416493758729e-05,-0.000487686028876055,-0.000106299723374725,-0.00135308815573243,-0.00851816021073049,0.000109749302439788,-2.44503469826185e-05,-0.00130911139085832,0.00010041872216604,-6.92793474366127e-05,2.82131053550572e-05,-0.00290554743540383,-0.000499876720816417,-0.00851816021073049,0.000109749302439788,-7.85833366068189e-05,-0.00135308815573243,-0.000228477640448865,-0.0102890834058202
"10:67379028:G:T",-0.00166869916848,7.24865562684585e-06,-1.71053980277946e-05,-1.11513899581084e-05,3.08647473534762e-05,5.87967079290763e-06,-0.00204718653502667,3.54541887057636e-05,2.03961245581752e-05,-1.16926160140807e-05,8.52470748746725e-06,2.22515326138151e-05,-2.69532526253613e-05,1.88666829377127e-05,3.54541887057636e-05,-0.00315732016901205,1.07045161961139e-05,-1.16926160140807e-05,-0.000590156273733378,2.02083247202722e-05,-6.54608342820495e-06,-0.00165327196860776,-3.70511828151621e-06,8.52470748746725e-06,-0.0027689307019152,-1.71053980277946e-05,3.54541887057636e-05,-2.10656857291269e-06,-0.00315732016901205,-0.00202710729085087,-0.000741581223578258,-4.06885465764617e-07,-0.00172311577907536,-3.00210855197491e-06,4.63366610592431e-06,-0.00316931670389131,-1.16926160140807e-05,0.108277763500706,8.52470748746725e-06,-3.17639770051059e-05,1.88666829377127e-05,-2.10656857291269e-06,1.65128287266114e-05,-0.00204718653502667,2.54625698659083e-06,-1.90341132313421e-05,-0.00180239849059127,8.52470748746725e-06,-5.08689491036662e-05,-0.00332298939568165,-0.000661367742437413,1.67468927223524e-05,-3.09807163114684e-05,-0.00377789274772411,-0.00388513499923526,-2.10656857291269e-06,8.52470748746725e-06,3.08647473534762e-05,-0.000355827947136511,1.67468927223524e-05,-0.00295763626204426,1.54981522006992e-05,-3.17639770051059e-05,5.87967079290763e-06,1.88666829377127e-05,-1.65036780046535e-05,-7.03805163926319e-06,8.52470748746725e-06,-0.00223030836680937,-1.90341132313421e-05,-0.000247682853581566,-5.20669877035473e-05,-5.08689491036662e-05,-0.00381921962806597,2.6567318086812e-05,2.11627237511891e-07,-6.06261406321806e-06,-0.00233365422256782,-0.00140048793236147,1.88666829377127e-05,-6.06261406321806e-06,7.89776159049183e-06,-0.000596970354920678,-0.00204042429219431,-5.12039849809298e-06,-0.00234912285849465,4.03944277937995e-06,-0.00298280325988731,-6.06261406321806e-06,-0.00322002798242504,-0.00511453957053298,-0.00333722847406026,-0.00204042429219431,-0.00302871480565514,1.88666829377127e-05,-0.000596970354920678,-0.00436480729781152,-1.67048934418546e-06,3.23183715522646e-06,-1.16926160140807e-05,-3.2585501459792e-05,-0.00183275006655403,-6.06261406321806e-06,2.37748766975798e-05,-0.00222928154105784,-0.00209514241986142,2.20974504721028e-05,-0.00298280325988731,-0.00198557939879862,-0.00647943077271762,-0.00228355233021205,-6.06261406321806e-06,2.37748766975798e-05,-2.34563023679968e-05,-0.00183275006655403,-0.00307966570565732,-0.00230726830731598
"10:67381636:A:C",-0.000348665859079667,-2.48443839110379e-05,4.83234858474901e-05,3.25637992384387e-05,0.00149758686832957,-2.04776131225159e-05,-7.64670092934239e-06,8.52470748746725e-06,0.000364627433661724,3.39322234479411e-05,0.00364785420513503,-8.85141717885674e-05,8.54690258975666e-05,-7.18669632417956e-05,8.52470748746725e-06,-0.000213883434974527,-3.78539724747995e-05,3.39322234479411e-05,-6.07511778927261e-06,0.000333425913664698,1.94213660176246e-05,4.1009035243178e-05,0.000247741567482862,0.00364785420513503,3.9561491255391e-05,4.83234858474901e-05,8.52470748746725e-06,6.02044650488409e-06,-0.000213883434974527,8.81395469498614e-06,-0.000102446536557999,1.17754508988099e-06,-3.98493695108471e-05,8.52470748746725e-06,-5.84400410854613e-05,0.000171805945716308,3.39322234479411e-05,8.52470748746725e-06,0.00354874508895797,8.32735938036677e-05,-7.18669632417956e-05,6.02044650488409e-06,0.000249050638713832,-7.64670092934239e-06,-8.81258574292332e-06,0.00042706401588255,-6.46746926857844e-06,0.00364785420513503,0.000120823277809379,0.000186773913301685,-2.12906684842196e-05,0.000273564552756511,8.16162157653011e-05,0.00038565689209058,-3.68389953875337e-05,6.02044650488409e-06,0.00364785420513503,0.00149758686832957,2.61118429820684e-05,0.000273564552756511,9.54175895593323e-05,-5.67702356795152e-05,-0.00214603285848813,-2.04776131225159e-05,-7.18669632417956e-05,4.68814428824516e-05,2.07294228831145e-05,0.00364785420513503,0.00102854368810856,0.00042706401588255,0.000129640808840925,0.000121763026943,0.000120823277809379,7.18227157090467e-05,-0.000114523672174016,-3.46329437128645e-06,-0.00572556734095553,-0.00019322416089107,5.42549132562797e-05,-7.18669632417956e-05,-0.00572556734095553,-2.69545694324691e-05,-7.35684013086768e-06,-0.000114186126916493,1.55833532957672e-05,0.000158440302183926,-1.33470886165554e-05,5.57799783411639e-05,-0.00572556734095553,-9.9179888076506e-05,-0.000253657767259163,3.53159438661876e-05,-0.000114186126916493,0.000520620951251161,-7.18669632417956e-05,-7.35684013086768e-06,-1.47266712753336e-05,4.78936667658303e-06,-1.2329269629241e-05,3.39322234479411e-05,8.39208708987016e-05,0.000298674947663002,-0.00572556734095553,-9.78188700422322e-05,1.7757932600837e-05,-3.62849266188903e-07,0.00138452965193725,5.57799783411639e-05,-2.48443839101498e-05,6.90983679483281e-05,-2.26859563543513e-05,-0.00572556734095553,-9.78188700422322e-05,6.41278810880053e-05,0.000298674947663002,0.000176503534726535,-0.000213793548188512
"10:67382039:T:G",-0.000878492278383547,6.74856249229805e-05,-0.000145748532459855,-9.80585567464942e-05,0.000400563214878247,5.09068469343177e-05,-0.00428323111231599,-3.17639770051059e-05,0.000216132378485945,-0.000103110370249127,8.32735938036677e-05,0.000249808465461854,-0.00109596584327321,0.000201887252383237,-3.17639770051059e-05,-0.000137873149455459,0.00010247882065606,-0.000103110370249127,-0.000809259261027151,0.00021283468288491,-6.04665969401452e-05,-0.0048191185769646,-0.000629521079236639,8.32735938036677e-05,-0.000123949239448251,-0.000145748532459855,-3.17639770051059e-05,-2.24098803576211e-05,-0.000137873149455459,-0.000923757560832961,0.000286144230581264,-4.37450962387231e-06,0.000110138912282842,-3.17639770051059e-05,-0.000831375759982045,-0.000637412755207123,-0.000103110370249127,-3.17639770051059e-05,8.32735938036677e-05,0.0463727058229733,0.000201887252383237,-2.24098803576211e-05,0.000164368309609308,-0.00428323111231599,2.05027860973317e-05,-0.000487390248872899,1.16813509922764e-05,8.32735938036677e-05,-0.000856907092893877,-0.000599181530084536,-0.000771834749708766,0.000167998371565226,0.00400395105076878,-0.000727714621667097,9.85772585604394e-05,-2.24098803576211e-05,8.32735938036677e-05,0.000400563214878247,-8.53409262635552e-05,0.000167998371565226,-0.000549629462304857,0.000159751961695598,-0.00025502772790098,5.09068469343177e-05,0.000201887252383237,-0.00014043897206939,-6.53193081889825e-05,8.32735938036677e-05,0.000431155678264794,-0.000487390248872899,-0.0009703753839716,-0.00253280318151905,-0.000856907092893877,0.00020966677735057,0.00031318750707765,-0.00088225272827902,-5.56727441489713e-05,-0.00355391471417921,-0.000167650330300084,0.000201887252383237,-5.56727441489713e-05,7.54748854392417e-05,-0.000804638462031271,8.89884536192653e-06,-4.62573883242001e-05,-0.000603042925833464,3.75109184886924e-05,-0.000173297915162962,-5.56727441489713e-05,0.000272348799162714,-0.00135945159515938,-0.000108224184548256,8.89884536192653e-06,-0.00295970525875244,0.000201887252383237,-0.000804638462031271,2.89779759112818e-05,-1.78184726902231e-05,-0.00393448024633347,-0.000103110370249127,-0.000680200193110991,0.000115268451177819,-5.56727441489713e-05,0.000266586861285667,-6.64184878331753e-05,-1.13631695644045e-05,-0.00235294698288246,-0.000173297915162962,6.74856249229805e-05,-0.00189722012579452,-0.00399859879603426,-5.56727441489713e-05,0.000266586861285667,0.0035559318219418,0.000115268451177819,-0.000704060744669555,-0.00494977267181884
"10:67382607:A:G",-0.000903227822420583,-6.2771865422917e-05,0.000117698766926466,7.93276125454767e-05,-0.0169150004571081,-5.32572638389794e-05,-2.07886683698533e-05,1.88666829377127e-05,-0.000203506726579761,8.23868863424337e-05,-7.18669632417956e-05,-0.000220329132889496,0.000197395585726845,0.00362223872318435,1.88666829377127e-05,-0.00342290772252074,-9.57659828859647e-05,8.23868863424337e-05,-2.18847926571897e-05,-0.000201866632739467,4.66893247255129e-05,9.82034834784429e-05,-0.0141577300823723,-7.18669632417956e-05,9.49688475442301e-05,0.000117698766926466,1.88666829377127e-05,-0.000974739418810877,-0.00342290772252074,-0.000780985895048047,-0.000255981943088734,2.60658619488652e-06,-0.000100067079997324,1.88666829377127e-05,-4.13712019255996e-05,0.000411205507630186,8.23868863424337e-05,1.88666829377127e-05,-7.18669632417956e-05,0.000201887252383237,0.105983250122728,1.33251346223773e-05,-0.00015963521115836,-2.07886683698533e-05,-2.33509487843619e-05,-0.0146016753141938,-1.81971761410438e-05,-7.18669632417956e-05,0.000286380122969554,0.000447079071156153,-6.00692006527126e-05,-0.000161529715605901,0.000198151329256824,7.09463941577226e-05,-9.35782441908728e-05,-0.000974739418810877,-7.18669632417956e-05,-0.00673839845523894,6.15759994531118e-05,-0.000161529715605901,0.000229244513406002,-0.000141578031706224,0.000201887252383237,-5.32572638389794e-05,0.00362223872318435,0.000114463207105509,4.96002809988738e-05,-7.18669632417956e-05,-0.0062374718181486,-0.0146016753141938,-0.00540742335698141,-0.0018794373561537,0.000286380122969554,-0.000247095289527266,-0.0064116588518015,-1.61969930649875e-05,4.38104610180901e-05,-0.00868812304008415,0.000131003673536689,0.00362223872318435,4.38104610180901e-05,-6.73700997229076e-05,-2.46761797093598e-05,-0.000135870436393404,3.81469132699763e-05,-0.000261843286795127,-3.33176077056407e-05,0.000134423629193137,4.38104610180901e-05,-0.000249525725035227,-0.00221605318901474,8.54800738778749e-05,-0.000135870436393404,-0.000410410081289392,-0.000179294572340893,-2.46761797093598e-05,-4.07285785941625e-05,1.06006904196931e-05,-3.55063563226565e-05,8.23868863424337e-05,0.000200570151844381,-0.00158452019080091,4.38104610180901e-05,-0.000246835476661822,-0.00197585068206596,-4.78355161614985e-06,-0.000218886395233042,0.000134423629193137,-6.2771865422917e-05,0.0005119841515695,-5.8068795102173e-05,4.38104610180901e-05,-0.000246835476661822,0.000156075424234459,-0.00158452019080091,0.000421799261076217,-0.00386220538991289
"10:67389601:T:G",-3.74385641590536e-05,5.12498737847977e-06,-1.20715226259449e-05,-7.8693623493109e-06,-0.00122911593766251,4.16472543740554e-06,1.53309880968067e-06,-2.10656857291269e-06,-0.00164495757931604,-8.24917978103912e-06,6.02044650488409e-06,1.5713447568011e-05,-0.00045577699181365,1.33251346223773e-05,-2.10656857291269e-06,-7.28931447211423e-05,-0.00173844613024787,-8.24917978103912e-06,8.26838477685499e-07,-0.00167721624310424,-4.61503013227116e-06,-0.00169856751540909,-3.67820803077734e-05,6.02044650488409e-06,-9.83619880923214e-06,-1.20715226259449e-05,-2.10656857291269e-06,-0.00212080443627016,-7.28931447211423e-05,-2.5115238253548e-06,1.74537522728002e-05,-2.85601567284743e-07,7.97275796582397e-06,-0.00207212075984042,7.5684280993471e-06,-5.50482923253881e-05,-8.24917978103912e-06,-2.10656857291269e-06,6.02044650488409e-06,-2.24098803576211e-05,1.33251346223773e-05,0.0635416173794656,-0.00178142197113473,1.53309880968067e-06,-0.0024047539775065,-8.06370576409421e-05,1.25468695788555e-06,6.02044650488409e-06,-0.00014250394092219,-6.13345322948433e-05,4.00760912544484e-06,-0.00175571262467678,-2.18603615778079e-05,1.90243041728877e-05,7.35930696116327e-06,-0.00212080443627016,6.02044650488409e-06,-0.00122911593766251,-6.40312877475679e-06,-0.00175571262467678,-2.6542162399501e-05,1.09468830293835e-05,-2.24098803576211e-05,4.16472543740554e-06,1.33251346223773e-05,-1.16492317259187e-05,-4.96022646601091e-06,6.02044650488409e-06,-0.00146139947637636,-8.06370576409421e-05,-0.000497165646888398,-3.6589300353107e-05,-0.00014250394092219,-0.00243717228796836,-0.0013592518098724,3.8519095681977e-06,-4.27576135386687e-06,-0.00411863652744948,-1.38358030001839e-05,1.33251346223773e-05,-4.27576135386687e-06,-0.00152156391648806,1.13456873851447e-06,-0.00210035422297228,-3.61447029373352e-06,-0.00411684977879911,2.85442108349798e-06,-1.42965462153199e-05,-4.27576135386687e-06,1.69914144541039e-05,-0.00183964999568875,-8.63561512787214e-06,-0.00210035422297228,-0.00139869562002737,1.33251346223773e-05,1.13456873851447e-06,2.86342913380366e-06,1.99129033404688e-05,-0.000948372326523561,-8.24917978103912e-06,-0.00273547004292496,8.7668976123112e-06,-4.27576135386687e-06,-0.00148588910649483,-0.00201337438573557,-2.14497904771349e-07,1.56053260447209e-05,-1.42965462153199e-05,5.12498737847977e-06,-0.00670628079971003,4.65333963983738e-06,-4.27576135386687e-06,-0.00148588910649483,-1.65535530509686e-05,8.7668976123112e-06,-0.00018506744999236,-0.000529705634887634
"10:67394691:C:A",-0.000542063708969032,-0.00281474983849606,-0.00105067410354653,-0.00116748600065453,-0.00181738972531331,-0.00289387067693436,-1.74753887893786e-05,1.65128287266114e-05,0.000122572060672788,-0.00332232768529028,0.000249050638713832,-0.000198053250858088,-0.000791019252162073,-0.00015963521115836,1.65128287266114e-05,-0.00309831240232317,-8.33859612017207e-05,-0.00332232768529028,-1.74526335463554e-05,-0.00133287099925816,3.96997017375611e-05,8.25354230764574e-05,-5.79071176760593e-05,0.000249050638713832,7.98216147268604e-05,-0.00105067410354653,1.65128287266114e-05,1.1674626026803e-05,-0.00309831240232317,-0.00116933819673015,-0.000231846073517339,2.28822675651941e-06,-8.73393982621096e-05,-0.00172988439848165,-0.00317390273540408,-0.00225213688918657,-0.00164884263952825,1.65128287266114e-05,0.000249050638713832,0.000164368309609308,-0.00015963521115836,-0.00178142197113473,0.144174494921905,-1.74753887893786e-05,-1.97528811165526e-05,-0.000560437804709046,-1.51739856137922e-05,0.000249050638713832,-0.00163993343578372,-0.00237395977621535,-5.07663668223302e-05,0.00067707292135033,0.000161410135364193,-0.0031309431349591,-0.0031743490860503,1.16746260276912e-05,0.000249050638713832,-0.00181738972531331,5.24574957614377e-05,0.00067707292135033,0.000185857261835842,-0.000663510198450012,0.000164368309609308,-0.00289387067693436,-0.00015963521115836,-0.000350224113358166,4.22003510465174e-05,0.000249050638713832,-0.00230741386493083,-0.000560437804709046,-4.14730478173198e-05,-0.00442451283557155,-0.00163993343578372,-0.000758250779817615,-0.00106223423914997,-0.00524371356033093,-0.000230941719501665,-0.0142695693675563,-0.00247556355787637,-0.00015963521115836,-0.000230941719501665,-0.00112364585819602,-0.00161279015255644,-0.000889609320759988,-0.000431402656681179,-0.0121221752045058,-2.86308857520012e-05,-0.00181822649463026,-0.000230941719501665,-0.000225553996683558,-0.000625832245714886,-0.00272857280225214,-0.000889609320759988,-0.00574669290458996,-0.000572480026709066,-0.00161279015255644,-0.0056746848780227,-0.00182782638082024,-0.0030054210829098,-0.00164884263952825,-0.00617428616698046,-0.000525708561532667,-0.000230941719501665,-0.00125774767237097,3.42589653197223e-05,-0.000174158721874207,-0.000849994413809618,-0.00181822649463026,-5.42123985702858e-05,-0.00076419948531381,-4.99593172715862e-05,-0.000230941719501665,-0.00125774767237097,0.000128511892033778,-0.000525708561532667,-0.0021519793595095,-0.000148775333779216
"10:67395586:C:T",6.84482043489254e-06,-6.41312562876806e-06,-0.00068222123178252,7.36748835006296e-06,-4.90503877363935e-05,-5.14743935031703e-06,0.00184679608440863,-0.00204718653502667,-2.34411076096563e-05,7.65952824099969e-06,-7.64670092934239e-06,-2.65470987397265e-05,1.67488424569484e-05,-2.07886683698533e-05,-0.00204718653502667,-0.00134771858910199,-1.0071603925077e-05,7.65952824099969e-06,-1.15530928201935e-06,-2.31430842747571e-05,4.58918955903442e-06,9.12857665280598e-06,-2.61224963740148e-05,-7.64670092934239e-06,8.83372192461707e-06,-0.00068222123178252,-0.00204718653502667,1.53309880968067e-06,-0.00134771858910199,5.46973036463783e-06,-3.15457205726233e-05,-0.00410286920420244,-1.06944146915922e-05,2.1563180432338e-06,-1.50362519946157e-06,-0.00124115485313059,-0.00125404764681658,-0.00204718653502667,-7.64670092934239e-06,-0.00428323111231599,-2.07886683698533e-05,1.53309880968067e-06,-1.74753887893786e-05,0.08411372314671,-2.12905908636429e-06,-4.99804945039983e-05,-0.00225836552302194,-7.64670092934239e-06,4.02964346868373e-06,-0.00115467994087481,-5.10756577476457e-06,-1.77895796609207e-05,1.58778513510427e-05,-3.55774969040823e-05,-9.75683838255748e-06,1.53309880968067e-06,-7.64670092934239e-06,-4.90503877363935e-05,-0.00184411245014093,-1.77895796609207e-05,-0.0014053627429913,-1.58915628798439e-05,1.61193322991693e-05,-5.14743935031703e-06,-2.07886683698533e-05,2.04964375303263e-05,4.89185215002408e-06,-7.64670092934239e-06,-0.00302052650604878,-4.99804945039983e-05,-0.0023544085786833,-0.0023715211218196,4.02964346868373e-06,2.53317982643608e-05,-3.59654356030248e-05,-4.6157414246295e-07,-0.00165197499408443,-0.00242501064314204,1.15585259239381e-05,-2.07886683698533e-05,-0.00165197499408443,-7.03390061307374e-06,-1.49916205405276e-06,-0.00454340671111098,3.68764713076786e-06,-3.01178763333354e-05,-0.0016950512833942,1.18383342204709e-05,-0.00165197499408443,-0.00330281528174847,-0.00209053220559596,-0.00141487099978566,-0.00454340671111098,-5.53352711012423e-05,-2.07886683698533e-05,-1.49916205405276e-06,-3.51968355705168e-06,1.22360203391736e-06,-0.00194983737000154,-0.00391966627356677,1.6307462447962e-05,-0.00241417286670931,-0.00165197499408443,-2.96932530829963e-05,-0.0019841302309862,1.11105799227573e-07,-2.62772193737604e-05,1.18383342204709e-05,-6.41312562787988e-06,-0.000297059495453666,2.32651052298749e-05,-0.00165197499408443,-2.96932530829963e-05,1.31972905252908e-05,-0.00241417286670931,-0.00129066270252132,-0.00527396039903039
"10:67396758:C:T",2.81899914194028e-05,-7.41690773242709e-06,1.27926517832222e-05,8.89737239795352e-06,-5.31557737408761e-05,-0.00168519844625159,-2.12905908636429e-06,2.54625698659083e-06,-2.6226613059066e-05,9.26087733343905e-06,-8.81258574292332e-06,-2.95514943235986e-05,-0.00361744341300785,-2.33509487843619e-05,2.54625698659083e-06,-0.00454594858327795,-0.00146794193837962,9.26087733343905e-06,-0.00412396859852926,-2.59063997738451e-05,5.47820117802189e-06,1.11069283414977e-05,-0.00431559352741395,-8.81258574292332e-06,1.07339437773746e-05,1.27926517832222e-05,2.54625698659083e-06,1.80664789262153e-06,-0.00454594858327795,2.86281118633269e-06,-3.48744094109676e-05,3.56530902578811e-07,-1.22452725630495e-05,2.54625698659083e-06,-0.00387233073169302,3.39947594856227e-05,9.26087733343905e-06,2.54625698659083e-06,-8.81258574292332e-06,2.05027860973317e-05,-2.33509487843619e-05,-0.0024047539775065,-1.97528811165526e-05,-2.12905908636429e-06,0.0745994566012698,7.22447822010253e-06,-1.76140565955052e-06,-8.81258574292332e-06,-0.00192085747027892,3.53611167600576e-05,-0.00398476783073409,-2.00954276792231e-05,2.01558710477556e-05,-0.00115959580512115,-1.11980251826793e-05,1.80664789262153e-06,-8.81258574292332e-06,-5.31557737408761e-05,7.33582112388831e-06,-2.00954276792231e-05,2.2947064426404e-05,-1.80045872806289e-05,2.05027860973317e-05,-0.00168519844625159,-2.33509487843619e-05,1.24331999629135e-05,5.84534231773404e-06,-8.81258574292332e-06,-5.92669331345164e-05,7.22447822010253e-06,3.28946143710596e-05,-0.00460824586671915,-0.00192085747027892,-0.000970386709135518,-3.95420373413558e-05,2.94295787020005e-05,5.11324833674109e-06,-3.85584911857251e-05,-0.0017035983654452,-2.33509487843619e-05,5.11324833674109e-06,-8.12016132645255e-06,-0.00188068042265943,-0.00239468349523264,4.38989509099486e-06,-0.00445408164445116,-3.92797764359187e-06,1.46134750584892e-05,5.11324833674109e-06,-0.001133735808037,-0.000703165507076164,9.62629451795038e-06,-0.00239468349523264,-5.96123388740821e-05,-2.33509487843619e-05,-0.00188068042265943,-4.11307796444049e-06,-0.00245037657885572,-3.34682101765793e-06,9.26087733343905e-06,-0.00265190379911573,-1.38734803805107e-05,5.11324833674109e-06,-3.29144761375133e-05,-0.00229136634415905,-0.0024316436838534,-2.92634612923948e-05,1.46134750584892e-05,-7.41690773153891e-06,-0.000687320646974854,-6.7026316656893e-06,5.11324833674109e-06,-3.29144761375133e-05,1.64316687811805e-05,-1.38734803805107e-05,3.4468817251998e-05,-0.000373884399048841
"10:67399447:T:C",-1.91277934060707e-05,-0.000137006999386458,-0.00648813395331693,-0.00229887161055764,0.000173273142849872,-0.00489198615787867,-4.99804945039983e-05,-1.90341132313421e-05,-0.000234781110780347,-0.00174190437197819,0.00042706401588255,-0.000142004584498423,-0.00811246241088703,-0.0146016753141938,-1.90341132313421e-05,-0.00453127999659131,-0.000393360322801684,-0.00174190437197819,-0.000236852208415961,-0.000477167190101824,-0.00201114964347671,-0.00114470422874469,-0.00472948816395835,0.00042706401588255,0.0001797427384016,-0.00648813395331693,-1.90341132313421e-05,-2.81150486562964e-05,-0.00453127999659131,-0.000179378650468465,-0.00417312718610763,4.26922795959683e-06,-0.000412482126079361,-1.90341132313421e-05,-0.00870008637090791,-0.0015498394478044,-0.00634977500224299,-1.90341132313421e-05,0.00042706401588255,-0.000487390248872899,-0.0146016753141938,-8.06370576409421e-05,-0.000560437804709046,-4.99804945039983e-05,7.22447822010253e-06,0.284257560448657,-0.000172738010721929,0.00042706401588255,-0.000953464817574634,-0.00127095690420198,-0.000336958205500615,-0.000204082784462045,-0.00110162163976835,-0.00835184266234101,-6.58400783200008e-05,-2.81150486562964e-05,0.00042706401588255,0.000173273142848984,-0.00044419930584727,-0.000204082784462045,-0.00100827200597831,-0.00084718290940522,-0.000487390248872899,-0.00489198615787867,-0.0146016753141938,0.000220548251363972,-0.00210965248148032,0.00042706401588255,-0.00158674801899483,0.00124639203721522,-0.00103073641235429,-0.0018782324062574,-0.000953464817574634,-0.0090251390641285,0.000369976800563165,-0.000667772857130267,-0.00877269072172737,-0.00662577862813807,-0.00144849084794441,-0.0146016753141938,-0.00877269072172737,-0.00248175138789897,-0.00240284912324995,-0.00201519168981612,7.58549969059885e-05,-0.000174011672656071,-7.03049028896174e-05,0.000252605014935625,-0.00877269072172737,-0.00308859084600943,-0.00866931908269741,-0.00376767916024523,-0.00201519168981612,-0.00194528429347418,-0.00137071581888826,-0.00240284912324995,-0.000823154889868505,-0.00117835040948311,-0.00293709093621963,-0.00124605746427875,-0.00141831560687411,-0.00364690085187913,-0.00877269072172737,-0.000288417974637412,-0.000773274240295052,-0.00220538456202668,-0.000693526334961447,0.000252605014935625,-0.0030185449765785,-0.00556424170843828,-0.00164660548528239,-0.00877269072172737,-0.000288417974637412,0.000294741980342295,-0.00364690085187913,-0.00660081568636262,-0.00265780909517366
"10:67401903:G:A",-0.0018107056906187,-5.39888570738611e-06,8.05764551969901e-06,5.81894965989704e-06,-4.48976328524253e-05,-4.31045924109696e-06,-0.00225836552302194,-0.00180239849059127,-2.06249817074067e-05,6.03825401057634e-06,-6.46746926857844e-06,-2.35080464179305e-05,-0.000637830471127643,-1.81971761410438e-05,-0.00180239849059127,-0.00194850547766467,-8.57760672268171e-06,6.03825401057634e-06,-0.000848786123307299,-2.03495725141778e-05,3.68850979270974e-06,-5.07959240980682e-05,-0.000247807221097851,-6.46746926857844e-06,-0.00254031400226307,8.05764551969901e-06,-0.00180239849059127,1.25468695788555e-06,-0.00194850547766467,-0.00222973859203091,-0.000586364524039595,2.49982571531859e-07,-0.00153560279749421,1.75940397006968e-06,-0.000440995281733692,-0.00287112769769582,6.03825401057634e-06,-0.00180239849059127,-6.46746926857844e-06,1.16813509922764e-05,-1.81971761410438e-05,1.25468695788555e-06,-1.51739856137922e-05,-0.00225836552302194,-1.76140565955052e-06,-0.000172738010721929,0.113803664840472,-6.46746926857844e-06,1.34680364460849e-05,-0.00301713518577262,-0.000927880923376811,-1.54592769314732e-05,1.15472079560419e-05,-0.0025850688652973,-0.00343602305244239,1.25468695788555e-06,-6.46746926857844e-06,-4.48976328524253e-05,-0.00385895519019286,-1.54592769314732e-05,-0.00269961552378195,-1.37546089939988e-05,1.16813509922764e-05,-4.31045924109696e-06,-1.81971761410438e-05,7.8596023262989e-06,3.92553746397795e-06,-6.46746926857844e-06,-0.00141559139438385,-0.000172738010721929,-3.19068360470354e-05,1.34923696313294e-05,1.34680364460849e-05,-0.00251420112264533,-3.2348042453556e-05,-3.61164217643761e-07,3.4513846918216e-06,-0.00260064132461224,-0.00157955678920008,-1.81971761410438e-05,3.4513846918216e-06,-5.93570354823214e-06,-0.000856257488015544,-0.00207532008831635,2.9770411638097e-06,-0.00260882041035959,-2.80794073237445e-06,-0.00274577109329321,3.4513846918216e-06,-0.00347876078615084,-0.00377956827812298,-0.00311109589950931,-0.00207532008831635,-0.00332021064625554,-1.81971761410438e-05,-0.000856257488015544,-0.00390353417455458,1.00286335324995e-06,-0.0017303165842808,6.03825401057634e-06,1.17876911778225e-05,-0.00164708170976624,3.4513846918216e-06,-2.64357342985022e-05,-0.00284963191314258,-0.00230254541149044,-2.32566450133476e-05,-0.00274577109329321,-0.00179037260380621,-0.00796105017166671,-0.00250253614688578,3.4513846918216e-06,-2.64357342985022e-05,9.92361244911422e-06,-0.00164708170976624,-0.0027787859145354,-0.00230188396802866
"10:67403892:T:A",-0.000348665859079667,-2.48443839110379e-05,4.83234858474901e-05,3.25637992384387e-05,0.00149758686832957,-2.04776131225159e-05,-7.64670092934239e-06,8.52470748746725e-06,0.000364627433661724,3.39322234479411e-05,0.00364785420513503,-8.85141717885674e-05,8.54690258975666e-05,-7.18669632417956e-05,8.52470748746725e-06,-0.000213883434974527,-3.78539724747995e-05,3.39322234479411e-05,-6.07511778927261e-06,0.000333425913664698,1.94213660176246e-05,4.1009035243178e-05,0.000247741567482862,0.00364785420513503,3.9561491255391e-05,4.83234858474901e-05,8.52470748746725e-06,6.02044650488409e-06,-0.000213883434974527,8.81395469498614e-06,-0.000102446536557999,1.17754508988099e-06,-3.98493695108471e-05,8.52470748746725e-06,-5.84400410854613e-05,0.000171805945716308,3.39322234479411e-05,8.52470748746725e-06,0.00364785420513503,8.32735938036677e-05,-7.18669632417956e-05,6.02044650488409e-06,0.000249050638713832,-7.64670092934239e-06,-8.81258574292332e-06,0.00042706401588255,-6.46746926857844e-06,0.00354874508895797,0.000120823277809379,0.000186773913301685,-2.12906684842196e-05,0.000273564552756511,8.16162157653011e-05,0.00038565689209058,-3.68389953875337e-05,6.02044650488409e-06,0.00364785420513503,0.00149758686832957,2.61118429820684e-05,0.000273564552756511,9.54175895593323e-05,-5.67702356795152e-05,-0.00214603285848813,-2.04776131225159e-05,-7.18669632417956e-05,4.68814428824516e-05,2.07294228831145e-05,0.00364785420513503,0.00102854368810856,0.00042706401588255,0.000129640808840925,0.000121763026943,0.000120823277809379,7.18227157090467e-05,-0.000114523672174016,-3.46329437128645e-06,-0.00572556734095553,-0.00019322416089107,5.42549132562797e-05,-7.18669632417956e-05,-0.00572556734095553,-2.69545694324691e-05,-7.35684013086768e-06,-0.000114186126916493,1.55833532957672e-05,0.000158440302183926,-1.33470886165554e-05,5.57799783411639e-05,-0.00572556734095553,-9.9179888076506e-05,-0.000253657767259163,3.53159438661876e-05,-0.000114186126916493,0.000520620951251161,-7.18669632417956e-05,-7.35684013086768e-06,-1.47266712753336e-05,4.78936667658303e-06,-1.2329269629241e-05,3.39322234479411e-05,8.39208708987016e-05,0.000298674947663002,-0.00572556734095553,-9.78188700422322e-05,1.7757932600837e-05,-3.62849266188903e-07,0.00138452965193725,5.57799783411639e-05,-2.48443839101498e-05,6.90983679483281e-05,-2.26859563543513e-05,-0.00572556734095553,-9.78188700422322e-05,6.41278810880053e-05,0.000298674947663002,0.000176503534726535,-0.000213793548188512
"10:67406634:C:T",-0.000409959572544416,9.62874514893741e-05,-0.000221746452916172,-0.000148203143810477,-0.00252891400880628,7.02695192975611e-05,4.02964346868373e-06,-5.08689491036662e-05,-0.00133767875321489,-0.00434644677711304,0.000120823277809379,-9.95164464372422e-05,-0.000509784549469927,0.000286380122969554,-5.08689491036662e-05,-0.00235166129038467,-0.000207139654763822,-0.00434644677711304,-0.000987449200835933,-0.00139418434105565,-9.20497473435589e-05,-0.00142412385961421,-0.00138591046706171,0.000120823277809379,-0.00281388233428093,-0.000221746452916172,-5.08689491036662e-05,-5.13115580718093e-05,-0.00235166129038467,-0.00249144264438872,0.000400293764291071,-6.9527413320003e-06,-4.52785356142016e-06,-0.00166038433881521,-0.00198465349017152,-0.00363793481441999,-0.000156495526830724,-5.08689491036662e-05,0.000120823277809379,-0.000856907092893877,0.000286380122969554,-0.00014250394092219,-0.00163993343578372,4.02964346868373e-06,-0.00192085747027892,-0.000953464817574634,1.34680364460849e-05,0.000120823277809379,0.118685971307421,-0.00345176317705054,-0.000199006500399612,-0.00159119651807593,-0.000658201053191476,-0.00649185478066183,2.08204060880846e-05,-5.13115580718093e-05,0.000120823277809379,-0.00252891400880628,-0.00154070669236805,-0.00159119651807593,-0.00256014675376637,0.0002280494991167,-0.00149684587941135,7.02695192975611e-05,0.000286380122969554,-0.000212926464965513,-9.99383692850131e-05,0.000120823277809379,-0.00295270431785166,-0.000953464817574634,-0.00137805869136454,-0.00198313616159229,0.00162071930963226,-0.00167515065614943,-0.00291162163537972,-5.09533776957838e-05,-8.42766564721487e-05,-0.0109626932491391,-0.00364374056684458,0.000286380122969554,-8.42766564721487e-05,-0.00385880783707737,-0.000184624243051879,3.8868464227626e-05,-6.9067267219225e-05,-0.00413345865235648,5.43490205915376e-05,-0.00129679167375407,-8.42766564721487e-05,0.000380232836751482,-0.00288009159899572,-0.000164911375625465,3.8868464227626e-05,-0.00333470683443871,0.000286380122969554,-0.000184624243051879,-0.000332650519933253,-0.000107842335864028,-0.000434513980861695,-0.000156495526830724,-0.000133334685528119,-6.64926940583399e-05,-8.42766564721487e-05,-0.00398010704329277,-0.00165138254745134,-0.00240524252023366,0.000348072327312821,-0.00129679167375407,3.38173787266527e-05,0.000254963858417501,4.63071076071131e-05,-8.42766564721487e-05,-0.00398010704329277,-0.000395228192465069,-6.64926940583399e-05,1.95344713587176e-05,-0.00117603145613909
"10:67407209:C:T",-0.00455790681989221,0.000143078413387343,-0.000338381120060127,-0.00022786799005825,-0.00173764589071457,9.69988459091908e-05,-0.00115467994087481,-0.00332298939568165,-0.00211875910685144,-0.000241590279002502,0.000186773913301685,-0.000586335769064306,-0.000423267300674546,0.000447079071156153,-0.00332298939568165,-0.00626656980637152,0.000217158411367713,-0.000241590279002502,-0.00445530380787051,-0.00216114607502682,-0.000145041332448415,-0.00395201887894991,-0.00116166272782792,0.000186773913301685,-0.00102733849477499,-0.000338381120060127,-0.00332298939568165,-0.00126011679397209,-0.00626656980637152,-0.00400474563994102,-0.012309540892292,-1.1947385336164e-05,-0.00245745605794756,-0.00332298939568165,-3.47483278995142e-05,0.0029735492061338,-0.000241590279002502,-0.00332298939568165,0.000186773913301685,-0.000599181530084536,0.000447079071156153,-6.13345322948433e-05,-0.00237395977621535,-0.00115467994087481,3.53611167600576e-05,-0.00127095690420198,-0.00301713518577262,0.000186773913301685,-0.00345176317705054,0.16001028179095,-0.00712253907619864,-0.00233729552913342,-0.000394618572836514,-0.0031777852620607,0.000206228385758678,-0.00126011679397209,0.000186773913300797,-0.00173764589071457,-0.00361939794430288,-0.00233729552913342,0.00182661180914412,-0.00167335802678181,-0.000599181530084536,9.69988459091908e-05,0.000447079071156153,-0.000324007900832868,-0.00828049331950975,0.000186773913300797,0.000476379613637334,-0.00127095690420109,-0.00555183131922643,-0.00177560211739003,-0.00345176317705054,-0.00332156638192904,-0.00168360389117161,-8.61541004448796e-05,-0.000131967947763378,0.000276763221980225,-0.000397834968647537,0.000447079071156153,-0.000131967947763378,0.000165212498616896,-0.00210726973072628,-0.000270440452161402,-0.000106331980365582,-0.0022902878749651,8.21868940965587e-05,-0.000981487729189823,-0.000131967947763378,-0.00106423828558899,0.00057050864401198,-0.00105549111204528,-0.000270440452161402,-0.00140269395335491,-0.00145462184411294,-0.00210726973072628,-0.00128010846133364,-4.87417671051205e-05,-0.00174030586207508,-0.000241590279002502,-0.000650611604569029,-0.00126970206886234,-0.000131967947763378,-0.00184428195044006,-0.0033730666330456,-0.00312508671438483,0.000548836425947385,-0.000981487729189823,-0.00281137805951204,0.000942943768290849,-0.00129897335658491,-0.000131967947763378,-0.00184428195044006,-8.91345728639692e-05,-0.00126970206886234,0.00231991899815398,-0.00158990250918878
"10:67410343:T:C",-0.00163946108757784,-1.79206114694352e-05,-0.00070879142587188,1.90943778042296e-05,-0.000149058658446499,-0.00364179726229441,-5.10756577476457e-06,-0.000661367742437413,-6.87370754093308e-05,1.98017760615343e-05,-2.12906684842196e-05,0.00118217355999128,3.68538065256274e-05,-6.00692006527126e-05,-0.000661367742437413,-0.000649092569779075,-0.00150997086175053,1.98017760615343e-05,-0.000222479832336475,-6.78992808564871e-05,1.20572801911578e-05,2.33114235701493e-05,-0.000183722957546983,-2.12906684842196e-05,-0.00251882376079582,-0.00070879142587188,-0.000661367742437413,-0.00213967947159777,-0.000649092569779075,-0.00209249302241865,-9.30372709753158e-05,7.97132837071501e-07,0.00176070542405427,-0.00205164472689567,-0.000242291178168763,-0.00964766310770759,1.98017760615343e-05,-0.000661367742437413,-2.12906684842196e-05,-0.000771834749708766,-6.00692006527126e-05,4.00760912544484e-06,-5.07663668223302e-05,-5.10756577476457e-06,-0.00398476783073409,-0.000336958205500615,-0.000927880923376811,-2.12906684842196e-05,-0.000199006500399612,-0.00712253907619864,0.111859966280794,-5.16482314756317e-05,-0.00138079520844858,-0.000253327637851353,-2.76364481832658e-05,-0.00213967947159777,-2.12906684842196e-05,-0.000149058658446499,-0.00166553122575941,-5.16482314756317e-05,-0.00891816624576336,-4.5405816307742e-05,3.83697086334678e-05,-0.00364179726229441,-6.00692006527126e-05,2.58135057658038e-05,1.28193206929694e-05,-2.12906684842196e-05,-0.00202491662798465,-0.000336958205500615,-0.00023650222650673,4.22402231050611e-05,-0.000199006500399612,-0.000272306490112229,-0.000107392581139898,-0.00221498615431948,1.12955790632085e-05,-0.00513565192339183,-0.000151305433907289,-6.00692006527126e-05,1.12955790632085e-05,-1.96150223512603e-05,0.00177660123873835,-0.000702623211132902,9.77380048450271e-06,-9.14877389082136e-05,-9.27284718255095e-06,-0.00272025682866772,1.12955790632085e-05,-0.00121079483848252,-0.000555466751058997,2.05076508814628e-05,-0.000702623211132902,-0.00331572784546452,-0.00504879592581364,0.00177660123873835,-0.00227806967938537,3.20189437630347e-06,-3.88574982297385e-05,-0.00128533673720543,-0.00280484224020849,-0.00248576092828667,1.12955790632085e-05,-8.78654963409886e-05,1.01666786092025e-05,-0.000744251190719858,-7.67034633124553e-05,-0.00272025682866772,0.00181906512809782,-0.00302744572256008,-1.62075788567861e-05,1.12955790632085e-05,-8.78654963409886e-05,-0.00754854488042334,-0.00248576092828667,-0.00609697886096949,3.50305494434267e-05
"10:67411646:A:T",-0.000600227661970543,-0.0027682623836407,-0.00109290527793959,-0.00349552848443313,-0.000991843043016694,-0.00293849949840741,-1.77895796609207e-05,1.67468927223524e-05,-0.00125638303172781,-0.00329542376068659,0.000273564552756511,-0.000200200676149898,-0.000851467610675449,-0.000161529715605901,1.67468927223524e-05,-0.00170455470039022,-8.4575915991536e-05,-0.00329542376068659,-1.78620962483222e-05,-0.00137890233160043,4.03776969823966e-05,8.40581225975967e-05,-0.000471691503689975,0.000273564552756511,8.12924113624547e-05,-0.00109290527793959,1.67468927223524e-05,1.18386585228336e-05,-0.00170455470039022,-0.00123254940529804,-0.000234172801730104,2.31983235732258e-06,-8.85639778340774e-05,-0.00170409109393699,-0.00309322005154211,-0.00221671184319483,-0.00169166138072718,1.67468927223524e-05,0.000273564552756511,0.000167998371565226,-0.000161529715605901,-0.00175571262467678,0.00067707292135033,-1.77895796609207e-05,-2.00954276792231e-05,-0.000204082784462045,-1.54592769314732e-05,0.000273564552756511,-0.00159119651807593,-0.00233729552913342,-5.16482314756317e-05,0.126774270416619,0.00016496279491296,-0.00118419898734556,-0.00321935664551987,1.18386585228336e-05,0.000273564552756511,-0.000991843043016694,5.33474693833469e-05,0.000755633549743173,0.00019007268928295,-0.000639777578497203,0.000167998371565226,-0.00293849949840741,-0.000161529715605901,-0.00039250166238336,4.29191559518927e-05,0.000273564552756511,-0.00126163227583209,-0.000204082784462045,3.6739782596662e-05,-0.00452274247043061,-0.00159119651807593,-0.000904983173011242,-0.000265514517058918,-0.00534651350370208,-0.000242173102815713,-0.00661311032108447,-0.00244770926583104,-0.000161529715605901,-0.000242173102815713,-0.00111791903370939,-0.00158769009904525,-0.000163626330869526,-0.000474859337453282,-0.00921042476003286,-2.90816815784467e-05,-0.00186021237876677,-0.000242173102815713,-0.000227864363682606,-0.00104622991796877,-0.00270161290633997,-0.000163626330869526,-0.00708971896690258,-0.000549090766448934,-0.00158769009904525,-0.00275982960676746,-0.00180215784402282,-0.00295852074179059,-0.00169166138072718,-0.00651832843923383,-2.42117757469629e-05,-0.000242173102815713,-0.00124618772521856,3.47605320012434e-05,-0.000157119835521691,-0.000790637296291585,-0.00186021237876677,-5.50346025640636e-05,-0.00156924731128161,-5.07367171733719e-05,-0.000242173102815713,-0.00124618772521856,0.000131175282968243,-2.42117757469629e-05,-0.00211619083017567,-0.000563030203988735
"10:67413618:T:A",-0.000400961780986364,6.61871786542534e-05,-0.000142431248581154,-9.58713130891908e-05,0.000394071567013654,4.99937227766978e-05,1.58778513510427e-05,-3.09807163114684e-05,0.000212273071125146,-0.000100790102509407,8.16162157653011e-05,0.0002452900790475,-0.00169665203493974,0.000198151329256824,-3.09807163114684e-05,-0.00298571763238531,0.000100541592867209,-0.000100790102509407,-0.00141736198782549,0.000209042151577243,-5.91070636266622e-05,-0.00568339734403622,-0.00124119761475949,8.16162157653011e-05,-0.000121072767781172,-0.000142431248581154,-3.09807163114684e-05,-2.18603615778079e-05,-0.00298571763238531,-4.49064490020135e-05,0.000281105014539484,-4.26840384371019e-06,0.000108031457928703,-3.09807163114684e-05,-0.00143845898271699,-0.000434330649838444,-0.000100790102509407,-3.09807163114684e-05,8.16162157653011e-05,0.00400395105076878,0.000198151329256824,-2.18603615778079e-05,0.000161410135364193,1.58778513510427e-05,2.01558710477556e-05,-0.00110162163976835,1.15472079560419e-05,8.16162157653011e-05,-0.000658201053191476,-0.000394618572836514,-0.00138079520844858,0.00016496279491296,0.055301036941632,-0.00392699132247643,9.67274646521687e-05,-2.18603615778079e-05,8.16162157653011e-05,0.000394071567013654,-8.33366684567238e-05,0.00016496279491296,-0.000353696595113639,0.000156728376041748,-0.00024890979537151,4.99937227766978e-05,0.000198151329256824,-0.000137265870879588,-6.38353789268464e-05,8.16162157653011e-05,0.000424372254820504,-0.00110162163976835,-0.000784365238662765,-0.0021592846897267,-0.000658201053191476,-0.00250332152223987,0.000307824777254773,-0.000692827192207091,-5.44354379625744e-05,-0.00442588513103814,-0.000163730257821904,0.000198151329256824,-5.44354379625744e-05,7.39938282681152e-05,-0.00141286278232222,9.19353405581802e-06,-4.52582291199377e-05,-0.00121567128780864,3.67604289106538e-05,-0.00016922031591271,-5.44354379625744e-05,0.000267565062642028,-0.00133961757268164,-0.000105768538719353,9.19353405581802e-06,-0.0038343797697129,0.000198151329256824,-0.00141286278232222,2.85876899424053e-05,-1.73827452600861e-05,-0.004802037669422,-0.000100790102509407,-0.000485071708380858,0.000113210907375816,-5.44354379625744e-05,0.000261912008139298,-6.47469963643843e-05,-1.09304006246091e-05,-0.0032251026215242,-0.00016922031591271,6.61871786551416e-05,-0.00182357332997363,5.81895079649897e-05,-5.44354379625744e-05,0.000261912008139298,0.00417600753129754,0.000113210907375816,-0.000500393026536372,-0.00865009922184079
"10:67418452:G:A",-0.00173544500597123,-0.00064439552799378,-0.00122074859593457,-0.00261788269412122,0.00015855672400189,-0.000127887662408011,-3.55774969040823e-05,-0.00377789274772411,-0.0020109232442711,-0.000378826140301491,0.00038565689209058,-0.000280126909943057,-0.007836986139651,7.09463941577226e-05,-0.00377789274772411,-0.0132485605584813,-0.000200050180741762,-0.000378826140301491,-0.00183811092520392,-0.00400162606336485,1.87554962369774e-05,-0.000362496646987509,-0.00619382449670702,0.00038565689209058,-0.00173103821118215,-0.00122074859593457,-0.00377789274772411,-0.00240253362475862,-0.0132485605584813,-0.00243756727271949,-0.00333185017227056,4.57582976931548e-06,-0.00695505094690141,-0.00120495802422926,-0.0104230070227311,-0.00584055702665198,-0.00282750684892985,-0.00377789274772411,0.00038565689209058,-0.000727714621667097,7.09463941577226e-05,1.90243041728877e-05,-0.0031309431349591,-3.55774969040823e-05,-0.00115959580512115,-0.00835184266234101,-0.0025850688652973,0.00038565689209058,-0.00649185478066183,-0.0031777852620607,-0.000253327637851353,-0.00118419898734556,-0.00392699132247643,0.307145989900119,-0.00397788530201115,-0.00240253362475862,0.000385656892089692,-0.00057456738724726,-0.00196881974618979,-0.00118419898734468,0.000345623000018058,0.000222079917479689,-0.00470878164505706,-0.000127887662408011,7.09463941577226e-05,-0.0004597017922503,-0.00455553242589257,0.000385656892089692,-0.000415425599185948,-0.00835184266234101,-0.0117118829302854,-0.000996671396315207,-0.00649185478066183,-0.0126829198846385,-0.00178837736022519,-0.00595105758402292,-0.00164317857386909,-0.00236503770157759,-0.00150083770295506,7.09463941577226e-05,-0.00164317857386909,-0.00252254276108665,-6.95146097937638e-05,-0.00165008930778487,8.57175498634177e-05,-0.00403879819852326,-0.00125171796135515,-0.000174510713343068,-0.00164317857386909,-0.0135425265463218,-0.00541889513632698,-0.00348746371409625,-0.00165008930778487,0.000545206009276988,-0.0032646843821631,-6.95146097937638e-05,-0.000906125940744129,1.42288871174401e-05,-0.00240867021980318,-0.00453354532734807,-0.0101920240886693,1.56347176409888e-05,-0.00164317857386909,-0.000666784087601791,-0.00239979642948462,-0.00585683070822762,0.000916526567100284,-0.000174510713343068,-0.00617439320059709,-0.00671507494870616,-0.00165360203786857,-0.00164317857386909,-0.000666784087601791,-0.00225926442926649,1.56347176409888e-05,-0.00216535283798125,-0.00688832089762048
"10:67419847:C:T",-0.00205957252132194,-3.15905477474843e-05,5.84794649087783e-05,3.97827161684461e-05,-0.000199672396193229,-0.000162540506348563,-9.75683838255748e-06,-0.00388513499923526,-0.00340552793401194,-0.0017756601287795,-3.68389953875337e-05,-0.000116220465225858,-0.000284333597363684,-9.35782441908728e-05,-0.00388513499923526,-0.00176015794150075,-4.85132014240719e-05,-0.0017756601287795,-8.22686950119333e-06,-0.00334615818775497,2.38644907080143e-05,4.97417749878437e-05,-7.70023080640669e-05,-3.68389953875337e-05,-0.0021845957928246,5.84794649087783e-05,-0.00388513499923526,7.35930696116327e-06,-0.00176015794150075,-0.0025996513126243,-0.000835505789011926,1.44279161595762e-06,-5.10478703183992e-05,-0.00259476292231664,-0.000243102795418615,0.000191712006663458,4.14025560706577e-05,-0.00388513499923526,-3.68389953875337e-05,9.85772585604394e-05,-9.35782441908728e-05,7.35930696116327e-06,-0.0031743490860503,-9.75683838255748e-06,-1.11980251826793e-05,-6.58400783200008e-05,-0.00343602305244239,-3.68389953875337e-05,2.08204060880846e-05,0.000206228385758678,-2.76364481832658e-05,-0.00321935664551987,9.67274646521687e-05,-0.00397788530201115,0.114381766274156,7.35930696116327e-06,-3.68389953875337e-05,-0.000199672396193229,-0.00417493919455225,-0.00321935664551987,0.000112016349354427,-7.33059353077437e-05,9.85772585604394e-05,-0.000162540506348563,-9.35782441908728e-05,5.68002968428516e-05,2.54354864903661e-05,-3.68389953875337e-05,-0.00222891187817797,-6.58400783200008e-05,-4.56133436532724e-05,0.000140404066008237,2.08204060880846e-05,-0.00143292625119651,-0.000152953835758751,-0.000103386177907616,2.23088689157436e-05,-0.0031047617794524,6.53578794018728e-05,-9.35782441908728e-05,2.23088689157436e-05,-0.00428961666106709,-9.80978815512401e-06,-0.00332341281031567,-0.000543305234590896,-0.00309653715208658,-1.68180845845356e-05,-0.00237314529046895,2.23088689157436e-05,-0.00198895476868088,-0.00400969741177359,4.3038100094428e-05,-0.00332341281031567,-0.00386939231500438,-9.35782441908728e-05,-9.80978815512401e-06,-0.000214262147092192,5.85795023777536e-06,-0.00286664165246719,4.14025560706577e-05,9.91893805792898e-05,-5.87165719778682e-05,2.23088689157436e-05,-0.0037063878757424,-0.00363141802340827,-7.88532781292872e-07,-0.000115292575204151,-0.00237314529046895,-3.15905477474843e-05,-0.0020082177118228,-2.88838463289309e-05,2.23088689157436e-05,-0.0037063878757424,7.68522496734647e-05,-5.87165719778682e-05,0.000196312933888443,-0.000285214210923534
"10:67420693:A:T",-3.74385641590536e-05,5.12498737847977e-06,-1.20715226259449e-05,-7.8693623493109e-06,2.17963312296732e-05,4.16472543740554e-06,1.53309880968067e-06,-2.10656857291269e-06,1.44122226881649e-05,-8.24917978103912e-06,6.02044650488409e-06,1.5713447568011e-05,-1.69449286779866e-05,-0.000974739418810877,-2.10656857291269e-06,-0.00107437773248886,7.56741735408184e-06,-8.24917978103912e-06,-0.0020747746480092,1.42806039447052e-05,-4.61503013227116e-06,-1.02506993497897e-05,-1.00542586976005e-05,6.02044650488409e-06,-9.83619880923214e-06,-1.20715226259449e-05,-2.10656857291269e-06,2.5033902224969e-05,-0.00107437773248886,-2.5115238253548e-06,1.74537522728002e-05,-2.85601567284743e-07,7.97275796582397e-06,-2.10656857291269e-06,4.2720209920688e-06,-0.00134011535829348,-8.24917978103912e-06,-2.10656857291269e-06,6.02044650488409e-06,-2.24098803576211e-05,-0.000974739418810877,-0.00212080443627016,1.16746260276912e-05,1.53309880968067e-06,1.80664789262153e-06,-2.81150486562964e-05,1.25468695788555e-06,6.02044650488409e-06,-5.13115580718093e-05,-0.00126011679397209,-0.00213967947159777,1.18386585228336e-05,-2.18603615778079e-05,-0.00240253362475862,7.35930696116327e-06,0.0462057921453747,6.02044650488409e-06,2.17963312296732e-05,-6.40312877475679e-06,1.18386585228336e-05,-2.6542162399501e-05,1.09468830293835e-05,-2.24098803576211e-05,4.16472543740554e-06,-0.000974739418810877,-1.16492317259187e-05,-4.96022646601091e-06,6.02044650488409e-06,2.27585261391994e-05,-2.81150486562964e-05,-0.00188660850673816,-3.00442285725566e-05,-5.13115580718093e-05,-0.000566406261767405,1.87642818545442e-05,-0.00217591967725639,-4.27576135386687e-06,1.83025322808561e-05,-1.38358030001839e-05,-0.000974739418810877,-4.27576135386687e-06,5.58044540177605e-06,1.13456873851447e-06,-0.000692126734883836,-3.61447029373352e-06,-0.0018308592298375,2.85442108349798e-06,-1.42965462153199e-05,-4.27576135386687e-06,-0.00327572441450208,-3.35400287108101e-05,-8.63561512787214e-06,-0.000692126734883836,2.28156053392325e-05,-0.00494647159259909,1.13456873851447e-06,2.86342913380366e-06,-0.00216580311376546,2.30860220984397e-06,-8.24917978103912e-06,-0.00273547004292496,8.7668976123112e-06,-4.27576135386687e-06,1.67945599018893e-05,-0.00238875458262111,-0.00214436040570032,1.56053260447209e-05,-1.42965462153199e-05,5.12498737847977e-06,-0.000349640854417466,4.65333963983738e-06,-4.27576135386687e-06,1.67945599018893e-05,-1.65535530509686e-05,8.7668976123112e-06,-0.00018506744999236,-0.00262063773177967
"10:67422476:T:C",-0.000348665859079667,-2.48443839110379e-05,4.83234858474901e-05,3.25637992384387e-05,0.00149758686832957,-2.04776131225159e-05,-7.64670092934239e-06,8.52470748746725e-06,0.000364627433661724,3.39322234479411e-05,0.00364785420513503,-8.85141717885674e-05,8.54690258975666e-05,-7.18669632417956e-05,8.52470748746725e-06,-0.000213883434974527,-3.78539724747995e-05,3.39322234479411e-05,-6.07511778927261e-06,0.000333425913664698,1.94213660176246e-05,4.1009035243178e-05,0.000247741567482862,0.00364785420513503,3.9561491255391e-05,4.83234858474901e-05,8.52470748746725e-06,6.02044650488409e-06,-0.000213883434974527,8.81395469498614e-06,-0.000102446536557999,1.17754508988099e-06,-3.98493695108471e-05,8.52470748746725e-06,-5.84400410854613e-05,0.000171805945716308,3.39322234479411e-05,8.52470748746725e-06,0.00364785420513503,8.32735938036677e-05,-7.18669632417956e-05,6.02044650488409e-06,0.000249050638713832,-7.64670092934239e-06,-8.81258574292332e-06,0.00042706401588255,-6.46746926857844e-06,0.00364785420513503,0.000120823277809379,0.000186773913300797,-2.12906684842196e-05,0.000273564552756511,8.16162157653011e-05,0.000385656892089692,-3.68389953875337e-05,6.02044650488409e-06,0.00354874508895975,0.00149758686832957,2.61118429820684e-05,0.000273564552756511,9.54175895593323e-05,-5.67702356795152e-05,-0.00214603285848813,-2.04776131225159e-05,-7.18669632417956e-05,4.68814428824516e-05,2.07294228831145e-05,0.00364785420513503,0.00102854368810856,0.00042706401588255,0.000129640808840925,0.000121763026943,0.000120823277809379,7.18227157090467e-05,-0.000114523672174016,-3.46329437128645e-06,-0.00572556734095553,-0.00019322416089107,5.42549132562797e-05,-7.18669632417956e-05,-0.00572556734095553,-2.69545694324691e-05,-7.35684013086768e-06,-0.000114186126916493,1.55833532957672e-05,0.000158440302183926,-1.33470886165554e-05,5.57799783411639e-05,-0.00572556734095553,-9.9179888076506e-05,-0.000253657767259163,3.53159438661876e-05,-0.000114186126916493,0.000520620951251161,-7.18669632417956e-05,-7.35684013086768e-06,-1.47266712753336e-05,4.78936667658303e-06,-1.2329269629241e-05,3.39322234479411e-05,8.39208708987016e-05,0.000298674947663002,-0.00572556734095553,-9.78188700422322e-05,1.7757932600837e-05,-3.62849266188903e-07,0.00138452965193725,5.57799783411639e-05,-2.48443839101498e-05,6.90983679483281e-05,-2.26859563543513e-05,-0.00572556734095553,-9.78188700422322e-05,6.41278810880053e-05,0.000298674947663002,0.000176503534726535,-0.000213793548188512
"10:67423588:C:T",-0.000896184387704224,-0.000132809171394577,-0.005923756052022,-0.00528815312129449,-0.000659229014170926,-0.000969405870492324,-4.90503877363935e-05,3.08647473534762e-05,-0.000969017257711258,0.000163383786700777,0.00149758686832957,-0.000453227054161509,-0.00272934266131841,-0.00673839845523894,3.08647473534762e-05,-0.0021329469109701,-0.000202973046232735,0.000163383786700777,-6.8943398693122e-05,-0.00169643773297601,9.08665054870639e-05,-0.00290684687721932,-0.000844391722978344,0.00149758686832957,0.000184620606267671,-0.005923756052022,3.08647473534762e-05,2.17963312296732e-05,-0.0021329469109701,8.95063677130992e-06,-4.95512822800137e-05,4.26262141672851e-06,-0.000209460768912706,-0.00117280063283509,-0.0019426344082385,-0.0018953745160184,-0.00475823330422553,3.08647473534762e-05,0.00149758686832957,0.000400563214878247,-0.00673839845523894,-0.00122911593766251,-0.00181738972531331,-4.90503877363935e-05,-5.31557737408761e-05,0.000173273142848984,-4.48976328524253e-05,0.00149758686832957,-0.00252891400880628,-0.00173764589071457,-0.000149058658446499,-0.000991843043016694,0.000394071567013654,-0.00057456738724726,-0.000199672396193229,2.17963312296732e-05,0.00149758686832957,0.169845596966465,0.000115647452143541,-0.000991843043016694,-0.00240614957661212,-0.000289307268547923,-0.00282198611779361,-0.000969405870492324,-0.00673839845523894,0.000229382460198657,9.57110577166631e-05,0.00149758686832957,0.00329961513975796,0.000173273142849872,-0.00350059915825529,-0.0101919806779724,-0.00252891400880628,-0.00446711835671554,0.000966362825370659,-0.00274891056940785,-0.00769333366044567,-0.00408055261500362,-0.00258061211138916,-0.00673839845523894,-0.00769333366044567,-0.000139981954090374,-0.00339992134928213,-0.000674848823416951,7.66530204323601e-05,-0.000295506713800187,-6.91194700666031e-05,0.000263462533507841,-0.00769333366044567,-0.000791375947127193,-0.0016869550109293,-0.00268176508587992,-0.000674848823416951,-0.00116135196298739,-0.000290533358721312,-0.00339992134928213,-0.00103146941025667,1.73387872317576e-05,-0.00195683264367208,-0.0025254307258713,-0.00263148043233929,6.45501225706724e-05,-0.00769333366044567,-0.000519773747005736,6.4310223282682e-05,-2.16715255616506e-05,3.54457876214909e-05,0.000263462533507841,-0.000132809171393689,-0.00128820749295055,-0.00109745934537742,-0.00769333366044567,-0.000519773747005736,0.000311384408601789,6.45501225706724e-05,-0.00192721456971512,-0.00132401777211077
"10:67427727:C:T",-0.00155210618143808,2.18719624323072e-05,-4.76990809437083e-05,-3.16847969470402e-05,0.000115647452143541,1.73851043046014e-05,-0.00184411245014093,-0.000355827947136511,6.69997640763142e-05,-3.32116546175598e-05,2.61118429820684e-05,7.48070940108647e-05,-0.00117189041353694,6.15759994531118e-05,-0.000355827947136511,-0.00265088798321944,3.28992564284647e-05,-3.32116546175598e-05,-0.00153537963362904,6.62276818044205e-05,-1.90055262025979e-05,-9.38720637897461e-05,-0.000585821517601559,2.61118429820684e-05,-0.00296372130882006,-4.76990809437083e-05,-0.000355827947136511,-6.40312877475679e-06,-0.00265088798321944,-0.00183493921078526,-0.000849933597008246,-1.24481818986055e-06,-0.00186837900004999,-9.0950130120504e-06,-0.000869599434445867,-0.00345527320357686,-3.32116546175598e-05,-0.000355827947136511,2.61118429820684e-05,-8.53409262635552e-05,6.15759994531118e-05,-6.40312877475679e-06,5.24574957614377e-05,-0.00184411245014093,7.33582112388831e-06,-0.00044419930584727,-0.00385895519019286,2.61118429820684e-05,-0.00154070669236805,-0.00361939794430288,-0.00166553122575941,5.33474693833469e-05,-8.33366684567238e-05,-0.00196881974618979,-0.00417493919455225,-6.40312877475679e-06,2.61118429820684e-05,0.000115647452143541,0.140977439973062,5.33474693833469e-05,-0.00318992367090232,4.93637044591821e-05,-8.53409262635552e-05,1.73851043046014e-05,6.15759994531118e-05,-4.60537194797439e-05,-2.04370804013365e-05,2.61118429820684e-05,-0.00512753566811686,-0.00044419930584727,-0.00383533753934184,-0.000136256951380531,-0.00154070669236805,-0.00215276754558014,9.31588829908847e-05,-5.98812964547335e-07,-1.75943090363617e-05,-0.00446430823538613,-0.00123582497486652,6.15759994531118e-05,-1.75943090363617e-05,2.40215174107661e-05,-0.0015534073523602,-0.00596494228015665,-1.48312311782917e-05,-0.00450997792307462,1.20586407730272e-05,-0.00318809798744457,-1.75943090363617e-05,-0.00296335520333546,-0.00433288865424064,-0.00352876565007332,-0.00596494228015665,-0.00273745299202233,6.15759994531118e-05,-0.0015534073523602,-0.00466949528982319,-5.08595278159163e-06,-0.00209701476320046,-3.32116546175598e-05,-0.00144528360195384,-0.00197651477495064,-1.75943090363617e-05,8.07355439897961e-05,-0.00676857393434815,-0.00189686848818216,7.41454748984793e-05,-0.00318809798744457,-0.00213985360849378,-0.00829874877677561,-0.00207142663862836,-1.75943090363617e-05,8.07355439897961e-05,-6.42549600513576e-05,-0.00197651477495064,-0.000336979725162223,-0.00199358517788806
"10:67428794:A:G",-0.000600227661970543,-0.0027682623836407,-0.00109290527793959,-0.00349552848443313,-0.000991843043016694,-0.00293849949840741,-1.77895796609207e-05,1.67468927223524e-05,-0.00125638303172781,-0.00329542376068659,0.000273564552756511,-0.000200200676149898,-0.000851467610675449,-0.000161529715605901,1.67468927223524e-05,-0.00170455470039022,-8.4575915991536e-05,-0.00329542376068659,-1.78620962483222e-05,-0.00137890233160043,4.03776969823966e-05,8.40581225975967e-05,-0.000471691503689975,0.000273564552756511,8.12924113624547e-05,-0.00109290527793959,1.67468927223524e-05,1.18386585228336e-05,-0.00170455470039022,-0.00123254940529804,-0.000234172801730104,2.31983235732258e-06,-8.85639778340774e-05,-0.00170409109393699,-0.00309322005154211,-0.00221671184319483,-0.00169166138072718,1.67468927223524e-05,0.000273564552756511,0.000167998371565226,-0.000161529715605901,-0.00175571262467678,0.00067707292135033,-1.77895796609207e-05,-2.00954276792231e-05,-0.000204082784462045,-1.54592769314732e-05,0.000273564552756511,-0.00159119651807593,-0.00233729552913342,-5.16482314756317e-05,0.000755633549743173,0.00016496279491296,-0.00118419898734468,-0.00321935664551987,1.18386585228336e-05,0.000273564552756511,-0.000991843043016694,5.33474693833469e-05,0.126774270416619,0.00019007268928295,-0.000639777578497203,0.000167998371565226,-0.00293849949840741,-0.000161529715605901,-0.00039250166238336,4.29191559518927e-05,0.000273564552756511,-0.00126163227583209,-0.000204082784462045,3.6739782596662e-05,-0.00452274247043061,-0.00159119651807593,-0.000904983173011242,-0.000265514517058918,-0.00534651350370208,-0.000242173102815713,-0.00661311032108447,-0.00244770926583104,-0.000161529715605901,-0.000242173102815713,-0.00111791903370939,-0.00158769009904525,-0.000163626330869526,-0.000474859337453282,-0.00921042476003286,-2.90816815784467e-05,-0.00186021237876677,-0.000242173102815713,-0.000227864363682606,-0.00104622991796877,-0.00270161290633997,-0.000163626330869526,-0.00708971896690258,-0.000549090766448934,-0.00158769009904525,-0.00275982960676746,-0.00180215784402282,-0.00295852074179059,-0.00169166138072718,-0.00651832843923383,-2.42117757469629e-05,-0.000242173102815713,-0.00124618772521856,3.47605320012434e-05,-0.000157119835521691,-0.000790637296291585,-0.00186021237876677,-5.50346025640636e-05,-0.00156924731128161,-5.07367171733719e-05,-0.000242173102815713,-0.00124618772521856,0.000131175282968243,-2.42117757469629e-05,-0.00211619083017567,-0.000563030203988735
"10:67428812:C:T",-0.00386032981538875,7.69300460623512e-05,-0.000170150257099877,-0.00011415181881258,-0.00240614957661212,5.74480881718742e-05,-0.0014053627429913,-0.00295763626204426,0.000244282329912693,-0.000120203964542931,9.54175895593323e-05,-0.000546652593460095,-0.000131230742810295,0.000229244513406002,-0.00295763626204426,-0.000711903608496822,0.000116576955144332,-0.000120203964542931,-0.00583369941351641,0.000240479765181156,-7.05166270025259e-05,-0.00347408939547478,-0.000868214693695357,9.54175895593323e-05,-0.000145230063377966,-0.000170150257099877,-0.00295763626204426,-2.6542162399501e-05,-0.000711903608496822,-0.00477615112036922,-0.00457053122978923,-5.17171444158748e-06,-0.00225546007065969,-0.00295763626204426,-2.29134823408472e-05,0.00212206952502125,-0.000120203964542931,-0.00295763626204426,9.54175895593323e-05,-0.000549629462304857,0.000229244513406002,-2.6542162399501e-05,0.000185857261835842,-0.0014053627429913,2.2947064426404e-05,-0.00100827200597831,-0.00269961552378195,9.54175895593323e-05,-0.00256014675376637,0.00182661180914412,-0.00891816624576336,0.00019007268928295,-0.000353696595113639,0.000345623000018058,0.000112016349354427,-2.6542162399501e-05,9.54175895593323e-05,-0.00240614957661212,-0.00318992367090232,0.00019007268928295,0.102237990811876,0.000181883333852717,-0.000300089392686331,5.74480881718742e-05,0.000229244513406002,-0.000163756663983605,-0.00760913292754228,9.54175895593323e-05,0.000140395352950407,-0.00100827200597742,-0.00231014855066025,-9.7099123572697e-05,-0.00256014675376637,-0.000751426532561439,-0.00225628254659682,-1.98385002825319e-05,-6.48034533954345e-05,-0.00141377743400373,-0.000196589073189202,0.000229244513406002,-6.48034533954345e-05,8.62933288994228e-05,-0.00150369041986043,-0.00273011905397347,-5.35980392522006e-05,0.000280162072715306,4.2991239529222e-05,-0.000203423626480514,-6.48034533954345e-05,-0.000176776935570722,-0.00118895547177944,0.00030334129120213,-0.00273011905397347,0.000485125031306488,0.000229244513406002,-0.00150369041986043,3.15716450289827e-05,-2.10943392726648e-05,-0.00130713247558489,-0.000120203964542931,-0.000316764240588796,0.000130110525040195,-6.48034533954345e-05,0.000300760656432253,-0.00295098692063611,-1.47990295884526e-05,0.000279638819922212,-0.000203423626480514,-0.00256247779194663,-0.00339686819387586,-0.00159688735992436,-6.48034533954345e-05,0.000300760656432253,-0.00011195287879584,0.000130110525040195,0.00171225475121162,-0.00187766809284895
"10:67431371:A:G",-0.000495911909701441,-4.92327999896958e-05,9.31514437487735e-05,6.28309228893897e-05,-0.000289307268547923,-0.00493495535244204,-1.58915628798439e-05,1.54981522006992e-05,-0.000564976157312103,6.53272134591987e-05,-5.67702356795152e-05,-0.000174258108788905,0.000159013690022469,-0.000141578031706224,1.54981522006992e-05,-0.000439942406703864,-7.51284679854081e-05,6.53272134591987e-05,-1.53733654837396e-05,-0.000595491525764658,3.71812569728291e-05,7.82297328809634e-05,-0.000844823021378005,-5.67702356795152e-05,7.55915199412982e-05,9.31514437487735e-05,1.54981522006992e-05,1.09468830293835e-05,-0.000439942406703864,-0.00112450258676322,-0.000202330502677484,2.14169470780234e-06,-7.87119216294485e-05,1.54981522006992e-05,-0.000923883118790769,-0.00155658837159667,6.53272134591987e-05,1.54981522006992e-05,-5.67702356795152e-05,0.000159751961695598,-0.000141578031706224,1.09468830293835e-05,-0.000663510198450012,-1.58915628798439e-05,-1.80045872806289e-05,-0.00084718290940522,-1.37546089939988e-05,-5.67702356795152e-05,0.0002280494991167,-0.00167335802678181,-4.5405816307742e-05,-0.000639777578497203,0.000156728376041748,0.000222079917479689,-7.33059353077437e-05,1.09468830293835e-05,-5.67702356795152e-05,-0.000289307268547923,4.93637044591821e-05,-0.000639777578497203,0.000181883333852717,0.0346049597685143,0.000159751961695598,-0.00493495535244204,-0.000141578031706224,9.05187855151368e-05,3.95638309891311e-05,-5.67702356795152e-05,-0.000551052098026084,-0.00084718290940522,-0.000799873652654881,0.000228230401485341,0.0002280494991167,-0.000310542415983051,-0.000351602495618053,-1.06664621988273e-05,3.48247568888738e-05,-0.00161602704634323,-0.00121173126691954,-0.000141578031706224,3.48247568888738e-05,-5.30432693999217e-05,-1.76836550149773e-05,-3.19008927025521e-05,3.01882872415504e-05,-0.000792737750495043,-2.62252455280887e-05,0.000106756065185287,3.48247568888738e-05,-0.000196736601573377,-0.00157178149696247,6.78509587022091e-05,-3.19008927025521e-05,-0.000489731593956044,0.00208958239286172,-1.76836550149773e-05,-3.09731646757072e-05,8.70903365690623e-06,-2.66490745097769e-05,6.53272134591987e-05,0.000159537104902796,-9.14409261731919e-05,3.48247568888738e-05,-0.000194406035091355,3.22675144053264e-05,-0.00107844199696494,0.000448485485606831,0.000106756065185287,-4.92327999896958e-05,-0.000211149416983858,-4.53359915484342e-05,3.48247568888738e-05,-0.000194406035091355,0.000123454132300971,-9.14409261731919e-05,-0.00145500439903579,-0.00469057384712723
"10:67436012:T:C",-0.00459181847731926,6.74856249229805e-05,-0.000145748532459855,-9.80585567464942e-05,-0.00282198611779361,5.09068469343177e-05,1.61193322991693e-05,-3.17639770051059e-05,0.000216132378485945,-0.000103110370249127,-0.00214603285848813,0.000249808465461854,-0.000948559836528418,0.000201887252383237,-3.17639770051059e-05,-0.0052768838936279,0.00010247882065606,-0.000103110370249127,-4.21587953880476e-06,0.00021283468288491,-6.04665969401452e-05,-0.000625194627899006,-0.000629521079236639,-0.00214603285848813,-0.000123949239448251,-0.000145748532459855,-3.17639770051059e-05,-2.24098803576211e-05,-0.0052768838936279,-0.00419589625797556,0.000286144230581264,-4.37450962387231e-06,0.000110138912282842,-0.000834711000407218,-0.000876319273764636,-0.000637412755207123,-0.000103110370249127,-3.17639770051059e-05,-0.00214603285848813,-0.00025502772790098,0.000201887252383237,-2.24098803576211e-05,0.000164368309609308,1.61193322991693e-05,2.05027860973317e-05,-0.000487390248872899,1.16813509922764e-05,-0.00214603285848813,-0.00149684587941135,-0.000599181530084536,3.83697086334678e-05,0.000167998371565226,-0.00024890979537151,-0.00470878164505706,9.85772585604394e-05,-2.24098803576211e-05,-0.00214603285848813,-0.00282198611779361,-8.53409262635552e-05,0.000167998371565226,-0.000300089392686331,0.000159751961695598,0.12042680033433,5.09068469343177e-05,0.000201887252383237,-0.00014043897206939,-6.53193081889825e-05,-0.00214603285848813,-0.00302676927323198,-0.000487390248872899,0.000179993837620351,-0.000411004239548873,-0.00149684587941135,-0.000212331829642309,0.00031318750707765,-1.42853967490808e-05,-0.00541705014247729,-0.00260413473931376,-0.000167650330300084,0.000201887252383237,-0.00541705014247729,7.54748854392417e-05,7.17355190360536e-07,-0.00135588289317035,-4.62573883242001e-05,-0.00238558608586992,3.75109184886924e-05,-0.000173297915162962,-0.00541705014247729,0.000272348799162714,-0.00401031522259743,-0.000108224184548256,-0.00135588289317035,-0.00368164931216342,0.000201887252383237,7.17355190360536e-07,2.89779759112818e-05,-1.78184726902231e-05,-0.000311163325054764,-0.000103110370249127,-0.000267456281485501,-0.00169436423937075,-0.00541705014247729,-0.0037917536688985,-0.000881418738118533,-1.13631695644045e-05,0.000246930867269235,-0.000173297915162962,6.74856249229805e-05,-0.00598944945121449,5.92987503624798e-05,-0.00541705014247729,-0.0037917536688985,-0.000194015196409936,-0.00169436423937075,-0.000704060744669555,-0.00479218162464701
"10:67437802:T:C",7.23146812893205e-05,-0.00140916373311217,3.09943264173995e-05,2.13333900900281e-05,-0.000969405870492324,0.000127408913302318,-5.14743935031703e-06,5.87967079290763e-06,-0.00311545398085755,2.22076539859728e-05,-2.04776131225159e-05,-6.68451574501461e-05,-0.00191534641746838,-5.32572638389794e-05,5.87967079290763e-06,-0.000257962936739631,-2.6892955726332e-05,2.22076539859728e-05,-0.00377538190819138,-0.00305640161553189,1.29845720779898e-05,2.66783526106096e-05,-0.00328875373788939,-2.04776131225159e-05,-0.00429093626915922,3.09943264173995e-05,5.87967079290763e-06,4.16472543740554e-06,-0.000257962936739631,6.33238942615577e-06,-0.000493756767984799,8.19219116543479e-07,-2.84174008022831e-05,-0.00235480655399201,-4.25757120376957e-05,9.16153202910053e-05,2.22076539859728e-05,5.87967079290763e-06,-2.04776131225159e-05,5.09068469343177e-05,-5.32572638389794e-05,4.16472543740554e-06,-0.00289387067693436,-5.14743935031703e-06,-0.00168519844625159,-0.00489198615787867,-4.31045924109696e-06,-2.04776131225159e-05,7.02695192975611e-05,9.69988459091908e-05,-0.00364179726229441,-0.00293849949840741,4.99937227766978e-05,-0.000127887662408011,-0.000162540506348563,4.16472543740554e-06,-2.04776131225159e-05,-0.000969405870492324,1.73851043046014e-05,-0.00293849949840741,5.74480881718742e-05,-0.00493495535244204,5.09068469343177e-05,0.103108697993606,-5.32572638389794e-05,3.01097891535207e-05,-0.00207746689990529,-2.04776131225159e-05,-0.00121488487773913,-0.00489198615787867,-0.000128555317487233,-0.00201171880714313,7.02695192975611e-05,-0.000254475738202142,-0.0010680079500327,6.06020033009358e-05,1.2125179062572e-05,-0.00317364561407452,3.45950611633228e-05,-5.32572638389794e-05,1.2125179062572e-05,-1.89405143915522e-05,-0.00377506312389553,-0.000288606151779724,1.0426605403957e-05,-0.000111030806689172,-9.22478581433239e-06,-0.0039278284232962,1.2125179062572e-05,-0.00106741042840763,-0.00193280345254054,2.30884760519245e-05,-0.000288606151779724,-0.000131851550857043,-0.00530432953468374,-0.00377506312389553,-0.000218895328334412,3.31791029406503e-06,-8.23796219417972e-06,2.22076539859728e-05,-0.00089963735103904,-0.00324829999146115,1.2125179062572e-05,-7.45096759091624e-05,-0.00228798595673396,-0.00243543228904741,-6.62473600510083e-05,-0.0039278284232962,-1.73755451724489e-05,9.15118116902036e-05,-1.57820093846794e-05,1.2125179062572e-05,-7.45096759091624e-05,4.02477634899867e-05,-0.00324829999146115,9.33977775918748e-05,-0.00170737261859166
"10:67440122:C:G",-0.000903227822420583,-6.2771865422917e-05,0.000117698766926466,7.93276125454767e-05,-0.0169150004571081,-5.32572638389794e-05,-2.07886683698533e-05,1.88666829377127e-05,-0.000203506726579761,8.23868863424337e-05,-7.18669632417956e-05,-0.000220329132889496,0.000197395585726845,0.00362223872318435,1.88666829377127e-05,-0.00342290772252074,-9.57659828859647e-05,8.23868863424337e-05,-2.18847926571897e-05,-0.000201866632739467,4.66893247255129e-05,9.82034834784429e-05,-0.0141577300823723,-7.18669632417956e-05,9.49688475442301e-05,0.000117698766926466,1.88666829377127e-05,-0.000974739418810877,-0.00342290772252074,-0.000780985895048047,-0.000255981943088734,2.60658619488652e-06,-0.000100067079997324,1.88666829377127e-05,-4.13712019255996e-05,0.000411205507630186,8.23868863424337e-05,1.88666829377127e-05,-7.18669632417956e-05,0.000201887252383237,0.00362223872318435,1.33251346223773e-05,-0.00015963521115836,-2.07886683698533e-05,-2.33509487843619e-05,-0.0146016753141938,-1.81971761410438e-05,-7.18669632417956e-05,0.000286380122969554,0.000447079071156153,-6.00692006527126e-05,-0.000161529715605901,0.000198151329256824,7.09463941577226e-05,-9.35782441908728e-05,-0.000974739418810877,-7.18669632417956e-05,-0.00673839845523894,6.15759994531118e-05,-0.000161529715605901,0.000229244513406002,-0.000141578031706224,0.000201887252383237,-5.32572638389794e-05,0.105983250122728,0.000114463207105509,4.96002809988738e-05,-7.18669632417956e-05,-0.0062374718181486,-0.0146016753141938,-0.00540742335698141,-0.0018794373561537,0.000286380122969554,-0.000247095289527266,-0.0064116588518015,-1.61969930649875e-05,4.38104610180901e-05,-0.00868812304008415,0.000131003673536689,0.00362223872318435,4.38104610180901e-05,-6.73700997229076e-05,-2.46761797093598e-05,-0.000135870436393404,3.81469132699763e-05,-0.000261843286795127,-3.33176077056407e-05,0.000134423629193137,4.38104610180901e-05,-0.000249525725035227,-0.00221605318901474,8.54800738778749e-05,-0.000135870436393404,-0.000410410081289392,-0.000179294572340893,-2.46761797093598e-05,-4.07285785941625e-05,1.06006904196931e-05,-3.55063563226565e-05,8.23868863424337e-05,0.000200570151844381,-0.00158452019080091,4.38104610180901e-05,-0.000246835476661822,-0.00197585068206596,-4.78355161614985e-06,-0.000218886395233042,0.000134423629193137,-6.2771865422917e-05,0.0005119841515695,-5.8068795102173e-05,4.38104610180901e-05,-0.000246835476661822,0.000156075424234459,-0.00158452019080091,0.000421799261076217,-0.00386220538991289
"10:67440815:G:A",-0.000221270110896121,3.86929290598914e-05,0.00307942155287932,0.00108845961712145,0.000229382460198657,3.01097891535207e-05,2.04964375303263e-05,-1.65036780046535e-05,-0.000528555366047456,-5.69487131931723e-05,4.68814428824516e-05,0.000141440823750116,-0.0001570159572859,0.000114463207105509,-1.65036780046535e-05,-5.60901622925769e-07,5.88157297185532e-05,-5.69487131931723e-05,1.68504988895535e-06,-0.000471613896327661,-3.31407289033692e-05,-7.05598949899411e-05,0.000124965667779087,4.68814428824516e-05,-6.77724392286194e-05,0.00307942155287932,-1.65036780046535e-05,-1.16492317259187e-05,-5.60901622925769e-07,-2.20567750686129e-05,0.000162558867141449,-2.27612733194604e-06,6.27753607496118e-05,-1.65036780046535e-05,5.69902878613249e-05,-0.000297974836831472,0.000868210554791915,-1.65036780046535e-05,4.68814428824516e-05,-0.00014043897206939,0.000114463207105509,-1.16492317259187e-05,-0.000350224113358166,2.04964375303263e-05,1.24331999629135e-05,0.000220548251363972,7.8596023262989e-06,4.68814428824516e-05,-0.000212926464965513,-0.000324007900832868,2.58135057658038e-05,-0.00039250166238336,-0.000137265870879588,-0.0004597017922503,5.68002968428516e-05,-1.16492317259187e-05,4.68814428824516e-05,0.000229382460198657,-4.60537194797439e-05,-0.00039250166238336,-0.000163756663983605,9.05187855151368e-05,-0.00014043897206939,3.01097891535207e-05,0.000114463207105509,0.012166252907492,-3.56624600730271e-05,4.68814428824516e-05,0.000248362863563223,0.000220548251363972,-0.000127555716050054,0.000102664564575861,-0.000212926464965513,5.59566740712114e-05,0.000179117029531994,-3.48877019273885e-06,-0.00318615108911224,-0.000895793240899501,-9.20648950701874e-05,0.000114463207105509,-0.00318615108911224,4.2834793198665e-05,4.22188790594191e-06,-0.000163481100513785,-2.57497253919325e-05,0.000147538379580148,2.12635944105699e-05,-9.49944139954084e-05,-0.00318615108911224,0.000155550050534359,0.000157382731959643,-5.96068816625106e-05,-0.000163481100513785,0.000250209579972349,0.000114463207105509,4.22188790594191e-06,1.87811039991104e-05,-9.26472087670049e-06,1.40501263317105e-05,0.000768577802112702,-0.000145319299042157,-0.00128352398912757,-0.00318615108911224,0.000152626695640201,-3.44471029967153e-05,-4.06772319649917e-06,0.000139967245851302,-9.49944139954084e-05,3.86929290598914e-05,0.000237105225401102,-0.000195727844499949,-0.00318615108911224,0.000152626695640201,-0.000107290873978982,-0.00128352398912757,-0.000307112207343252,0.000265824899386757
"10:67441547:A:G",-0.00320833615559124,1.73805530723214e-05,-3.69042470067527e-05,-2.46281179734353e-05,9.57110577166631e-05,-0.00207746689990529,4.89185215002408e-06,-7.03805163926319e-06,5.4170351973859e-05,-2.57896781246103e-05,2.07294228831145e-05,6.05962361985846e-05,-0.00283958644435156,4.96002809988738e-05,-7.03805163926319e-06,-0.000294019757545172,-0.00241648790052906,-2.57896781246103e-05,2.01910294705954e-06,5.35383662123579e-05,-1.48014111820416e-05,-3.1837044558003e-05,-0.00226703198277178,2.07294228831145e-05,-3.05945586243084e-05,-3.69042470067527e-05,-7.03805163926319e-06,-4.96022646601091e-06,-0.000294019757545172,-0.00396253111082778,6.92454373405482e-05,-9.66290887305377e-07,2.78383291405504e-05,-7.03805163926319e-06,-0.00256075713623893,-0.00796176738725674,-2.57896781246103e-05,-7.03805163926319e-06,2.07294228831145e-05,-6.53193081889825e-05,4.96002809988738e-05,-4.96022646601091e-06,4.22003510465174e-05,4.89185215002408e-06,5.84534231773404e-06,-0.00210965248148032,3.92553746397795e-06,2.07294228831145e-05,-9.99383692850131e-05,-0.00828049331950975,1.28193206929694e-05,4.29191559518927e-05,-6.38353789268464e-05,-0.00455553242589257,2.54354864903661e-05,-4.96022646601091e-06,2.07294228831145e-05,9.57110577166631e-05,-2.04370804013365e-05,4.29191559518927e-05,-0.00760913292754228,3.95638309891311e-05,-6.53193081889825e-05,-0.00207746689990529,4.96002809988738e-05,-3.56624600730271e-05,0.0664223445833239,2.07294228831145e-05,0.000103295568550266,-0.00210965248148032,-0.00225384481484525,0.000239313482322423,-9.99383692850131e-05,-0.000211361816768729,7.61847927464032e-05,-0.00174524312765723,-1.37188200355354e-05,7.25485606487553e-05,-4.20413848232215e-05,4.96002809988738e-05,-1.37188200355354e-05,1.90767308261286e-05,3.0839097924229e-06,6.58168537803761e-06,-1.15959004727273e-05,6.49437164712552e-05,9.53596467745399e-06,-4.33698894859447e-05,-1.37188200355354e-05,6.67069325483993e-05,-0.000521413673075344,-2.6966789422822e-05,6.58168537803761e-06,0.000103865213118226,4.96002809988738e-05,3.0839097924229e-06,-0.00191349990638834,-3.94192323227571e-06,7.19281626970769e-06,-2.57896781246103e-05,-6.71027772538579e-05,3.05331260541664e-05,-1.37188200355354e-05,6.56442408981661e-05,-1.47733572033459e-05,-1.10763065030994e-06,6.00491507558587e-05,-4.33698894859447e-05,1.73805530723214e-05,-0.000719136197537829,1.56391736014783e-05,-1.37188200355354e-05,6.56442408981661e-05,-4.94837170927909e-05,3.05331260541664e-05,-0.00359418786471988,-0.00182847781264694
"10:67445832:A:G",-0.000348665859079667,-2.48443839110379e-05,4.83234858474901e-05,3.25637992384387e-05,0.00149758686832957,-2.04776131225159e-05,-7.64670092934239e-06,8.52470748746725e-06,0.000364627433661724,3.39322234479411e-05,0.00364785420513503,-8.85141717885674e-05,8.54690258975666e-05,-7.18669632417956e-05,8.52470748746725e-06,-0.000213883434974527,-3.78539724747995e-05,3.39322234479411e-05,-6.07511778927261e-06,0.000333425913664698,1.94213660176246e-05,4.1009035243178e-05,0.000247741567482862,0.00364785420513503,3.9561491255391e-05,4.83234858474901e-05,8.52470748746725e-06,6.02044650488409e-06,-0.000213883434974527,8.81395469498614e-06,-0.000102446536557999,1.17754508988099e-06,-3.98493695108471e-05,8.52470748746725e-06,-5.84400410854613e-05,0.000171805945716308,3.39322234479411e-05,8.52470748746725e-06,0.00364785420513503,8.32735938036677e-05,-7.18669632417956e-05,6.02044650488409e-06,0.000249050638713832,-7.64670092934239e-06,-8.81258574292332e-06,0.00042706401588255,-6.46746926857844e-06,0.00364785420513503,0.000120823277809379,0.000186773913300797,-2.12906684842196e-05,0.000273564552756511,8.16162157653011e-05,0.000385656892089692,-3.68389953875337e-05,6.02044650488409e-06,0.00364785420513503,0.00149758686832957,2.61118429820684e-05,0.000273564552756511,9.54175895593323e-05,-5.67702356795152e-05,-0.00214603285848813,-2.04776131225159e-05,-7.18669632417956e-05,4.68814428824516e-05,2.07294228831145e-05,0.00354874508895975,0.00102854368810856,0.00042706401588255,0.000129640808840925,0.000121763026943,0.000120823277809379,7.18227157090467e-05,-0.000114523672174016,-3.46329437128645e-06,-0.00572556734095553,-0.00019322416089107,5.42549132562797e-05,-7.18669632417956e-05,-0.00572556734095553,-2.69545694324691e-05,-7.35684013086768e-06,-0.000114186126916493,1.55833532957672e-05,0.000158440302183926,-1.33470886165554e-05,5.57799783411639e-05,-0.00572556734095553,-9.9179888076506e-05,-0.000253657767259163,3.53159438661876e-05,-0.000114186126916493,0.000520620951251161,-7.18669632417956e-05,-7.35684013086768e-06,-1.47266712753336e-05,4.78936667658303e-06,-1.2329269629241e-05,3.39322234479411e-05,8.39208708987016e-05,0.000298674947663002,-0.00572556734095553,-9.78188700422322e-05,1.7757932600837e-05,-3.62849266188903e-07,0.00138452965193725,5.57799783411639e-05,-2.48443839101498e-05,6.90983679483281e-05,-2.26859563543513e-05,-0.00572556734095553,-9.78188700422322e-05,6.41278810880053e-05,0.000298674947663002,0.000176503534726535,-0.000213793548188512
"10:67448395:A:T",0.000359953478575648,-0.000146576623379246,-0.00613907604123209,-0.00550904076747827,-5.79640351503485e-05,-0.00121488487773913,-0.00302052650604878,-0.00223030836680937,-0.00124815903548381,0.000176900094539079,0.00102854368810856,-0.000501311449520259,-0.000670597973044806,-0.0062374718181486,-0.00223030836680937,-0.00406348424346614,-0.00022453814474499,0.000176900094539079,-0.00185941965664238,-0.00219540209646674,9.82262043631721e-05,-0.00118278058039678,-0.00276234102163908,0.00102854368810856,-0.00172210930724503,-0.00613907604123209,-0.00223030836680937,2.27585261391994e-05,-0.00406348424346614,-0.00294222596832494,-0.000745930600313471,4.45093053169643e-06,-0.00112768051176015,-0.00140462745139303,-0.00055567512169219,0.000459500600482166,-0.00474566670950871,-0.00223030836680937,0.00102854368810856,0.000431155678264794,-0.0062374718181486,-0.00146139947637636,-0.00230741386493083,-0.00302052650604878,-5.92669331345164e-05,-0.00158674801899483,-0.00141559139438385,0.00102854368810856,-0.00295270431785166,0.000476379613637334,-0.00202491662798465,-0.00126163227583209,0.000424372254820504,-0.000415425599185948,-0.00222891187817797,2.27585261391994e-05,0.00102854368810856,0.00329961513975796,-0.00512753566811686,-0.00126163227583209,0.000140395352950407,-0.000551052098026084,-0.00302676927323198,-0.00121488487773913,-0.0062374718181486,0.000248362863563223,0.000103295568550266,0.00102854368810856,0.223976812457306,-0.00158674801899483,-0.0044020148081314,-0.00800570989132687,-0.00295270431785166,-0.00783553260604775,0.00275048304495851,-0.00183903549800934,-0.00814339643730211,-0.0035191952897442,-0.00461828872511738,-0.0062374718181486,-0.00814339643730211,-0.00015399223643886,-0.00430657706717863,-0.00040719064654926,8.3352060278763e-05,-0.00121397727024419,-7.58714598632082e-05,-0.00184549286041147,-0.00814339643730211,-0.00116552445833751,-0.00362692629883599,-0.000278483599258195,-0.00040719064654926,-0.00146749464867568,-0.000781453318872138,-0.00430657706717863,-0.00406175173606016,1.81043473217457e-05,-0.00379311865669596,-0.0019691934967403,-0.00205978742560919,-0.00145479150602679,-0.00814339643730211,-0.000578955167618744,-0.000917730898411406,-0.000501513785991392,-0.000243388200101613,-0.00184549286041147,-0.00130273693330629,-0.00471847210522069,-0.00037761419307536,-0.00814339643730211,-0.000578955167618744,0.000336210192114272,-0.00145479150602679,0.000514105493453876,-0.000893987258848039
"10:67448596:C:T",-1.91277934060707e-05,-0.000137006999386458,-0.00648813395331693,-0.00229887161055764,0.000173273142849872,-0.00489198615787867,-4.99804945039983e-05,-1.90341132313421e-05,-0.000234781110780347,-0.00174190437197819,0.00042706401588255,-0.000142004584498423,-0.00811246241088703,-0.0146016753141938,-1.90341132313421e-05,-0.00453127999659131,-0.000393360322801684,-0.00174190437197819,-0.000236852208415961,-0.000477167190101824,-0.00201114964347671,-0.00114470422874469,-0.00472948816395835,0.00042706401588255,0.0001797427384016,-0.00648813395331693,-1.90341132313421e-05,-2.81150486562964e-05,-0.00453127999659131,-0.000179378650468465,-0.00417312718610763,4.26922795959683e-06,-0.000412482126079361,-1.90341132313421e-05,-0.00870008637090791,-0.0015498394478044,-0.00634977500224299,-1.90341132313421e-05,0.00042706401588255,-0.000487390248872899,-0.0146016753141938,-8.06370576409421e-05,-0.000560437804709046,-4.99804945039983e-05,7.22447822010253e-06,0.00124639203721522,-0.000172738010721929,0.00042706401588255,-0.000953464817574634,-0.00127095690420109,-0.000336958205500615,-0.000204082784462045,-0.00110162163976835,-0.00835184266234101,-6.58400783200008e-05,-2.81150486562964e-05,0.00042706401588255,0.000173273142849872,-0.00044419930584727,-0.000204082784462045,-0.00100827200597742,-0.00084718290940522,-0.000487390248872899,-0.00489198615787867,-0.0146016753141938,0.000220548251363972,-0.00210965248148032,0.00042706401588255,-0.00158674801899483,0.284257560448654,-0.00103073641235429,-0.0018782324062574,-0.000953464817574634,-0.0090251390641285,0.000369976800563165,-0.000667772857130267,-0.00877269072172737,-0.00662577862813807,-0.00144849084794441,-0.0146016753141938,-0.00877269072172737,-0.00248175138789897,-0.00240284912324995,-0.00201519168981612,7.58549969059885e-05,-0.000174011672656071,-7.03049028896174e-05,0.000252605014935625,-0.00877269072172737,-0.00308859084600943,-0.00866931908269741,-0.00376767916024523,-0.00201519168981612,-0.00194528429347418,-0.00137071581888826,-0.00240284912324995,-0.000823154889868505,-0.00117835040948311,-0.00293709093621963,-0.00124605746427875,-0.00141831560687411,-0.00364690085187913,-0.00877269072172737,-0.000288417974637412,-0.000773274240295052,-0.00220538456202668,-0.000693526334961447,0.000252605014935625,-0.0030185449765785,-0.00556424170843828,-0.00164660548528239,-0.00877269072172737,-0.000288417974637412,0.000294741980342295,-0.00364690085187913,-0.00660081568636262,-0.00265780909517366
"10:67451254:T:C",-0.00129401830091247,-0.00299861647771404,-0.000827735539065344,-0.000556802509571241,-0.00692214985717143,-0.000128555317487233,-0.0023544085786833,-0.000247682853581566,-0.000107067312891118,-0.00342087148355663,0.000129640808840925,-1.3957463337988e-05,-0.00256022393867283,-0.00540742335698141,-0.000247682853581566,-0.00491650330625149,-0.00284572302943698,-0.00342087148355663,-0.000172320180047869,-0.000229238814786648,4.66735639941263e-05,1.49105777929037e-05,-0.00209468741349106,0.000129640808840925,-0.00224795751576234,-0.000827735539065344,-0.000247682853581566,-0.00188660850673816,-0.00491650330625149,-0.00241570834670313,-0.0010873556414861,2.66763033529571e-06,-0.00302196203569505,-0.00183441683535701,-0.00468174874247218,-0.00525628069798412,-0.00338573055460234,-0.000247682853581566,0.000129640808840925,-0.0009703753839716,-0.00540742335698141,-0.000497165646888398,-4.14730478173198e-05,-0.0023544085786833,3.28946143710596e-05,-0.00103073641235429,-3.19068360470354e-05,0.000129640808840925,-0.00137805869136454,-0.00555183131922643,-0.00023650222650673,3.6739782596662e-05,-0.000784365238662765,-0.0117118829302854,-4.56133436532724e-05,-0.00188660850673816,0.000129640808840925,-0.00350059915825529,-0.00383533753934184,3.6739782596662e-05,-0.00231014855066025,-0.000799873652654881,0.000179993837620351,-0.000128555317487233,-0.00540742335698141,-0.000127555716050054,-0.00225384481484525,0.000129640808840925,-0.0044020148081314,-0.00103073641235429,0.206425544867474,-0.00488191338441535,-0.00137805869136454,-0.00241598795704023,-0.00775505008242217,-0.00162511571343504,-0.000179734309594615,-0.00566096332113109,-0.000203229502182545,-0.00540742335698141,-0.000179734309594615,-0.00118204209376938,-0.000780037805962586,-0.000183274864706817,-0.000219305204988807,-0.00148211735096382,-3.51434250518423e-05,-3.42050544315242e-05,-0.000179734309594615,-0.00297176400989496,-0.00222108791177744,-0.00683607832491884,-0.000183274864706817,-0.00111335562569082,-0.000719802976399286,-0.000780037805962586,-0.000197192309105532,-0.000580156816057276,-0.0049529961470105,-0.00338573055460234,-0.00287781505222195,-1.05872098901116e-05,-0.000179734309594615,-0.000802576787036102,-0.000181231283750805,-0.000291596563909202,-0.0010864862671891,-3.42050544315242e-05,-0.00163795434310821,-0.00474716105778228,-0.0026377096764536,-0.000179734309594615,-0.000802576787036102,0.000144107451864883,-1.05872098901116e-05,-0.00504643069062816,-0.00089882792941598
"10:67453105:A:G",-0.000485750729457557,-4.17655486248947e-05,-0.000608835099552785,-0.000151886055839157,-0.0146457947445748,-0.00201171880714313,-0.0023715211218196,-5.20669877035473e-05,-0.00214019102522123,-0.00016051352880897,0.000121763026943,0.000349314327062977,-0.000441117651217127,-0.0018794373561537,-5.20669877035473e-05,-0.000200834211733447,-0.00229058306757146,-0.00016051352880897,-9.88742441698776e-06,-0.00208592006184283,-9.41288126163897e-05,-0.00611995932823195,-0.00241506264857883,0.000121763026943,-0.000253776486976776,-0.000608835099552785,-5.20669877035473e-05,-3.00442285725566e-05,-0.000200834211733447,-0.000795509622766311,-0.000470575671641882,-7.08824474049408e-06,-0.00236725032078056,-4.51537116745726e-05,7.75342653023259e-05,-0.00149017986727973,-0.00111180135205302,-5.20669877035473e-05,0.000121763026943,-0.00253280318151905,-0.0018794373561537,-3.6589300353107e-05,-0.00442451283557155,-0.0023715211218196,-0.00460824586671915,-0.0018782324062574,1.34923696313294e-05,0.000121763026943,-0.00198313616159229,-0.00177560211739003,4.22402231050611e-05,-0.00452274247043061,-0.0021592846897267,-0.000996671396315207,0.000140404066008237,-3.00442285725566e-05,0.000121763026943,-0.0101919806779724,-0.000136256951380531,-0.00452274247043061,-9.7099123572697e-05,0.000228230401485341,-0.000411004239548873,-0.00201171880714313,-0.0018794373561537,0.000102664564575861,0.000239313482322423,0.000121763026943,-0.00800570989132687,-0.0018782324062574,-0.00488191338441535,0.21611901380131,-0.00198313616159229,-0.0025288337256919,-0.00952329846623545,-0.00128338006005269,-0.00143423288166122,-0.00395368963128284,-0.000266686099518409,-0.0018794373561537,-0.00143423288166122,0.000109657198921198,-0.000300061496243842,2.03636038076382e-06,-7.0437954752478e-05,-0.00721957588815947,5.49854437217334e-05,-0.00634563884426687,-0.00143423288166122,-0.00264788086795864,-0.00807420638424938,-0.000402829857068632,2.03636038076382e-06,-0.000777226194131231,0.000285433489863429,-0.000300061496243842,-0.00187522888081126,-2.90364762047801e-05,-0.0018202016334099,-0.00111180135205302,5.5415578867013e-05,-0.00373867951645934,-0.00143423288166122,-0.00535960514849076,-0.00256829237786427,-0.00224182687014807,-0.00211366439410909,-0.00634563884426687,-0.00210824938469401,-0.00857617218664819,-0.00206511207451587,-0.00143423288166122,-0.00535960514849076,-0.00200027752311005,-0.00373867951645934,-0.00139816049989605,-0.00225491741363415
"10:67454045:G:A",-0.000409959572544416,9.62874514893741e-05,-0.000221746452916172,-0.000148203143810477,-0.00252891400880628,7.02695192975611e-05,4.02964346868373e-06,-5.08689491036662e-05,-0.00133767875321489,-0.00434644677711304,0.000120823277809379,-9.95164464372422e-05,-0.000509784549469927,0.000286380122969554,-5.08689491036662e-05,-0.00235166129038467,-0.000207139654763822,-0.00434644677711304,-0.000987449200835933,-0.00139418434105565,-9.20497473435589e-05,-0.00142412385961421,-0.00138591046706171,0.000120823277809379,-0.00281388233428093,-0.000221746452916172,-5.08689491036662e-05,-5.13115580718093e-05,-0.00235166129038467,-0.00249144264438872,0.000400293764291071,-6.9527413320003e-06,-4.52785356142016e-06,-0.00166038433881521,-0.00198465349017152,-0.00363793481441999,-0.000156495526830724,-5.08689491036662e-05,0.000120823277809379,-0.000856907092893877,0.000286380122969554,-0.00014250394092219,-0.00163993343578372,4.02964346868373e-06,-0.00192085747027892,-0.000953464817574634,1.34680364460849e-05,0.000120823277809379,0.00162071930963226,-0.00345176317705054,-0.000199006500399612,-0.00159119651807593,-0.000658201053191476,-0.00649185478066183,2.08204060880846e-05,-5.13115580718093e-05,0.000120823277809379,-0.00252891400880628,-0.00154070669236805,-0.00159119651807593,-0.00256014675376637,0.0002280494991167,-0.00149684587941135,7.02695192975611e-05,0.000286380122969554,-0.000212926464965513,-9.99383692850131e-05,0.000120823277809379,-0.00295270431785166,-0.000953464817574634,-0.00137805869136454,-0.00198313616159229,0.118685971307421,-0.00167515065614943,-0.00291162163537972,-5.09533776957838e-05,-8.42766564721487e-05,-0.0109626932491391,-0.00364374056684458,0.000286380122969554,-8.42766564721487e-05,-0.00385880783707737,-0.000184624243051879,3.8868464227626e-05,-6.9067267219225e-05,-0.00413345865235648,5.43490205915376e-05,-0.00129679167375407,-8.42766564721487e-05,0.000380232836751482,-0.00288009159899572,-0.000164911375625465,3.8868464227626e-05,-0.00333470683443871,0.000286380122969554,-0.000184624243051879,-0.000332650519933253,-0.000107842335864028,-0.000434513980861695,-0.000156495526830724,-0.000133334685528119,-6.64926940583399e-05,-8.42766564721487e-05,-0.00398010704329277,-0.00165138254745134,-0.00240524252023366,0.000348072327312821,-0.00129679167375407,3.38173787266527e-05,0.000254963858417501,4.63071076071131e-05,-8.42766564721487e-05,-0.00398010704329277,-0.000395228192465069,-6.64926940583399e-05,1.95344713587176e-05,-0.00117603145613909
"10:67458393:C:T",-0.00209173870541601,-0.000348281464350286,-0.00147741232899268,-7.20157111189224e-05,-0.00664545440586739,-0.000254475738202142,2.53317982643608e-05,-0.00381921962806597,-0.00146043445379407,-0.00118431232132288,7.18227157090467e-05,-0.000189963654328551,0.00015257774647548,-0.000247095289527266,-0.00381921962806597,-0.0154654512715204,-0.00100732400986203,-0.00118431232132288,-0.0028576094252295,-0.00120924910799047,-0.000122183058283376,9.69393146896813e-05,-0.00938809173525845,7.18227157090467e-05,-0.00387322842384652,-0.00147741232899268,-0.00381921962806597,-0.000566406261767405,-0.0154654512715204,-0.00186192984868683,-0.00234171746324474,-2.23601702131759e-06,-0.00172014255463626,5.93006002969076e-06,-0.00412058267004056,-0.00631339066630909,-0.00118431232132288,-0.00381921962806597,7.18227157090467e-05,0.00020966677735057,-0.000247095289527266,-0.00243717228796836,-0.000758250779817615,2.53317982643608e-05,-0.000970386709135518,-0.0090251390641285,-0.00251420112264533,7.18227157090467e-05,-0.00167515065614943,-0.00332156638192904,-0.000272306490112229,-0.000904983173011242,-0.00250332152223987,-0.0126829198846385,-0.00143292625119651,-0.000566406261767405,7.18227157090467e-05,-0.00446711835671554,-0.00215276754558014,-0.000904983173011242,-0.000751426532561439,-0.000310542415983051,-0.000212331829642309,-0.000254475738202142,-0.000247095289527266,5.59566740712114e-05,-0.000211361816768729,7.18227157090467e-05,-0.00783553260604775,-0.0090251390641285,-0.00241598795704023,-0.0025288337256919,-0.00167515065614943,0.313519552723411,-0.00458114494052708,-0.000783140793661374,-0.0039420771938028,-0.00680208173958574,-0.00056539036717318,-0.000247095289527266,-0.0039420771938028,-0.00539159154306912,-0.000267476858281768,-0.0039316480416165,-7.32786788777418e-05,-0.0103318229221951,-0.00158758232793588,-0.00314211937429265,-0.0039420771938028,-0.00505657560425288,-0.00408931249062006,-0.00729466859005079,-0.0039316480416165,-0.000610643585185588,-0.00279267641483205,-0.000267476858281768,-0.00176316283390232,-0.000755233982002501,-0.000797681426672359,-0.00376828586875089,-0.0124773298136849,-0.0024134413323611,-0.0039420771938028,-0.00166994963542511,-0.00205631096481795,-0.00513737596216846,-0.00244054562362006,-0.00314211937429265,-0.00543327410946315,-0.00359814702719552,-3.98678269828423e-05,-0.0039420771938028,-0.00166994963542511,-0.00218645372901705,-0.0024134413323611,-0.00382289124390178,-0.00576533511081223
"10:67458404:G:T",0.000447984544237556,-0.000101974251620618,-0.00610148752530293,-0.0054490281591999,0.00112500009948846,-0.0010680079500327,-3.59654356030248e-05,2.6567318086812e-05,-0.000333089573649303,0.000128326160099945,-0.000114523672174016,-0.000354034858178309,-0.00222644249838133,-0.0064116588518015,2.6567318086812e-05,-0.00334552317029768,-0.000155927358982844,0.000128326160099945,-4.55430985724092e-05,-0.00102822069014508,7.20584106046473e-05,-0.00270103400449706,-0.000378612824881053,-0.000114523672174016,0.000146249063988968,-0.00610148752530293,2.6567318086812e-05,1.87642818545442e-05,-0.00334552317029768,1.4514567731716e-05,-0.000200886502269348,3.67069085704941e-06,-0.000161772919502035,-0.00130439940095073,-0.00283174372040929,-0.00182439777749099,-0.00479410558459126,2.6567318086812e-05,-0.000114523672174016,0.00031318750707765,-0.0064116588518015,-0.0013592518098724,-0.00106223423914997,-3.59654356030248e-05,-3.95420373413558e-05,0.000369976800563165,-3.2348042453556e-05,-0.000114523672174016,-0.00291162163537972,-0.00168360389117161,-0.000107392581139898,-0.000265514517058918,0.000307824777254773,-0.00178837736022519,-0.000152953835758751,1.87642818545442e-05,-0.000114523672174016,0.000966362825370659,9.31588829908847e-05,-0.000265514517058918,-0.00225628254659682,-0.000351602495618053,0.00031318750707765,-0.0010680079500327,-0.0064116588518015,0.000179117029531994,7.61847927464032e-05,-0.000114523672174016,0.00275048304495851,0.000369976800563165,-0.00775505008242217,-0.00952329846623545,-0.00291162163537972,-0.00458114494052708,0.133124091303874,-0.00233241133676465,6.79773451404131e-05,-0.0020076984890931,-0.00239059283817333,-0.0064116588518015,6.79773451404131e-05,-0.000108319055903472,-0.00281057028185572,-0.000173092567698596,5.99482183005762e-05,-0.000846901713448034,-5.34540050383114e-05,0.000207654204436025,6.79773451404131e-05,-0.000802790998044145,-0.000924792416595821,-0.00247302609197941,-0.000173092567698596,-0.000674994847912558,-0.000475631344378336,-0.00281057028185572,-0.00113288686351964,1.49278910779316e-05,-0.00219993364810822,-0.00231598220082407,-0.00246675165929489,0.000322956629357662,6.79773451404131e-05,-0.000402519553986735,5.53260139612988e-05,-1.42029596057469e-05,-0.000352239159606249,0.000207654204436025,-0.000101974251620618,-0.0010712403920885,-0.0011949840004819,6.79773451404131e-05,-0.000402519553986735,0.000243263800396853,0.000322956629357662,-0.0018596372000097,-0.00190092938319308
"10:67459198:T:C",-3.75019659770714e-05,-0.00160026110033051,-3.79668443706294e-06,-0.00090977957108862,-0.00274891056940785,6.06020033009358e-05,-4.6157414246295e-07,2.11627237511891e-07,-0.00570366106317088,-1.40565576600693e-06,-3.46329437128645e-06,-5.98006896774805e-05,-0.00256792679817774,-1.61969930649875e-05,2.11627237511891e-07,-0.00388228164506366,-0.00333541333536935,-1.40565576600693e-06,-0.00245625361223123,-0.00556811345725361,-7.67957857306101e-08,-2.53377599346294e-06,-0.0010275293942783,-3.46329437128645e-06,-0.00345904037168587,-3.79668443706294e-06,2.11627237511891e-07,-0.00217591967725639,-0.00388228164506366,2.06091617549475e-07,-0.00140786285193251,5.42672546899325e-08,-0.00159482653576948,4.00726623350778e-06,-0.00349731340857851,-7.21965154548698e-05,-0.00122725769130394,2.11627237511891e-07,-3.46329437128645e-06,-0.00088225272827902,-1.61969930649875e-05,3.8519095681977e-06,-0.00524371356033093,-4.6157414246295e-07,2.94295787020005e-05,-0.000667772857130267,-3.61164217643761e-07,-3.46329437128645e-06,-5.09533776957838e-05,-8.61541004448796e-05,-0.00221498615431948,-0.00534651350370208,-0.000692827192207091,-0.00595105758402292,-0.000103386177907616,-0.00217591967725639,-3.46329437128645e-06,-0.00274891056940785,-5.98812964547335e-07,-0.00534651350370208,-1.98385002825319e-05,-1.06664621988273e-05,-1.42853967490808e-05,6.06020033009358e-05,-1.61969930649875e-05,-3.48877019273885e-06,-0.00174524312765723,-3.46329437128645e-06,-0.00183903549800934,-0.000667772857130267,-0.00162511571343504,-0.00128338006005269,-5.09533776957838e-05,-0.000783140793661374,-0.00233241133676465,0.125574362253693,-6.51959819464309e-09,-0.000856192741858663,-1.37075874437897e-05,-1.61969930649875e-05,-6.51959819464309e-09,-3.05203153949662e-06,-0.000318298782495674,-0.000424224420845221,1.02985898919883e-07,-0.0050921070925769,-1.05905642744375e-06,-0.00310707906493679,-6.51959819464309e-09,-5.7602269498247e-05,-0.000877585992982599,-0.00318543790645709,-0.000424224420845221,-0.00129264745518043,-1.61969930649875e-05,-0.000318298782495674,-0.00040512149455818,3.76297596638153e-06,-0.00179302765090128,-0.00122725769130394,-0.00145253356206787,-0.000273094058294454,-6.51959819464309e-09,-2.81419803940253e-05,-0.00409802542833493,-0.00205623628333118,-2.32692351636032e-05,-0.00310707906493679,-2.6559306531837e-06,-0.000187453646955937,-2.27651896089753e-06,-6.51959819464309e-09,-2.81419803940253e-05,-7.69429559088763e-06,-0.000273094058294454,-0.00294263447185461,-0.00264145240040925
"10:67459614:G:A",-0.00369699538213464,1.52015690160212e-05,-0.00629255795024442,-0.000544627127977648,-0.00769333366044567,1.2125179062572e-05,-0.00165197499408443,-6.06261406321806e-06,-0.000283528410880862,-2.22139403112109e-05,-0.00572556734095553,5.37292013937929e-05,-6.04966257009565e-05,4.38104610180901e-05,-6.06261406321806e-06,-0.00181802378729934,2.3021008878743e-05,-2.22139403112109e-05,1.87085799119302e-06,-0.000264804744581681,-1.27803761511558e-05,-2.73478735834942e-05,-0.00904759575371106,-0.00572556734095553,-2.62945915201485e-05,-0.00629255795024442,-6.06261406321806e-06,-4.27576135386687e-06,-0.00181802378729934,-7.48403794403885e-06,6.16049646993133e-05,-8.34084366907462e-07,2.44186253546275e-05,-6.06261406321806e-06,-0.000187550730106345,-0.000120739631979561,-0.00851816021073049,-6.06261406321806e-06,-0.00572556734095553,-5.56727441489713e-05,4.38104610180901e-05,-4.27576135386687e-06,-0.000230941719501665,-0.00165197499408443,5.11324833674109e-06,-0.00877269072172737,3.4513846918216e-06,-0.00572556734095553,-8.42766564721487e-05,-0.000131967947763378,1.12955790632085e-05,-0.000242173102815713,-5.44354379625744e-05,-0.00164317857386909,2.23088689157436e-05,-4.27576135386687e-06,-0.00572556734095553,-0.00769333366044567,-1.75943090363617e-05,-0.000242173102815713,-6.48034533954345e-05,3.48247568888738e-05,-0.00541705014247729,1.2125179062572e-05,4.38104610180901e-05,-0.00318615108911224,-1.37188200355354e-05,-0.00572556734095553,-0.00814339643730211,-0.00877269072172737,-0.000179734309594615,-0.00143423288166122,-8.42766564721487e-05,-0.0039420771938028,6.79773451404131e-05,-6.51959819464309e-09,0.148894398456007,-0.00412925660979546,-3.60356885256152e-05,4.38104610180901e-05,0.000414821673140331,1.6682773199328e-05,2.79015362458779e-06,-1.20360870941028e-05,-1.00344951761144e-05,-0.00282003472982684,8.31437497694765e-06,-3.71551840201434e-05,0.000414821673140331,5.93046742105585e-05,-0.000271016636349763,-2.32147307421826e-05,-1.20360870941028e-05,-0.00235778539710729,4.38104610180901e-05,2.79015362458779e-06,8.05049275953706e-06,-3.39914714597711e-06,6.34407906208168e-06,-0.000862960664516521,-5.70907078696337e-05,-0.000464477692604603,0.000414821673140331,5.83434466259192e-05,-1.2693110360118e-05,-8.94951433849656e-07,-0.00160628902760074,-3.71551840201434e-05,1.52015690160212e-05,-0.00133267456737229,-0.00188314409928658,0.000414821673140331,5.83434466259192e-05,-4.23604434587332e-05,-0.000464477692604603,-0.000124516188967583,0.000108003924634836
"10:67459878:A:T",-0.00258410597333114,-0.00528670432609246,-0.00124307462262774,-0.00716048606563113,-0.00408055261500362,-0.00317364561407452,-0.00242501064314204,-0.00233365422256782,-0.00668620986411028,-0.00501421494298437,-0.00019322416089107,-0.00037316205310578,-0.0028649072341409,-0.00868812304008415,-0.00233365422256782,-0.00645488323315924,-0.000330114648556368,-0.00501421494298437,-0.00493231514123416,-0.0143866275820628,6.86274043397717e-05,-0.000440609004216164,-0.00684909400652201,-0.00019322416089107,-0.00170233726675662,-0.00124307462262774,-0.00233365422256782,1.83025322808561e-05,-0.00645488323315924,-5.80334404647331e-05,-0.00111869332536241,3.58724166815705e-06,-0.000163301398880655,-0.00387578856293747,-0.00859316205172789,0.000208843300721462,-0.000677479806484804,-0.00233365422256782,-0.00019322416089107,-0.00355391471417921,-0.00868812304008415,-0.00411863652744948,-0.0142695693675563,-0.00242501064314204,-3.85584911857251e-05,-0.00662577862813807,-0.00260064132461224,-0.00019322416089107,-0.0109626932491391,0.000276763221980225,-0.00513565192339183,-0.00661311032108447,-0.00442588513103814,-0.00236503770157759,-0.0031047617794524,1.83025322808561e-05,-0.00019322416089107,-0.00408055261500362,-0.00446430823538613,-0.00661311032108447,-0.00141377743400373,-0.00161602704634323,-0.00260413473931376,-0.00317364561407452,-0.00868812304008415,-0.000895793240899501,7.25485606487553e-05,-0.00019322416089107,-0.0035191952897442,-0.00662577862813807,-0.00566096332113109,-0.00395368963128284,-0.0109626932491391,-0.00680208173958574,-0.0020076984890931,-0.000856192741858663,-0.00412925660979546,0.359757745976327,-0.000339651087348791,-0.00868812304008415,-0.00412925660979546,0.000310831933933109,-0.00206934794143976,-0.0029967971053857,-0.00025694844966484,-0.00207399814112019,-5.24056852526655e-05,-0.00158690567857356,-0.00412925660979546,-0.00129210319948658,-0.00335980663871505,-0.000157554634935941,-0.0029967971053857,-1.03699497371323e-05,-0.00138366358305753,-0.00206934794143976,-0.000126790905307317,-0.00188108611300919,-0.00173354597225561,-0.00628852242274913,-0.00459437643246297,-0.00824407089920154,-0.00412925660979546,0.000546265829665771,5.37052368168034e-05,-1.80801303795164e-05,-0.00064046354070868,-0.00158690567857356,-0.000101348126249512,-0.00487055605677744,-0.000155214936306436,-0.00412925660979546,0.000546265829665771,0.000220070121710769,-0.00824407089920154,-0.000559201754185779,-0.00184361328878735
"10:67466973:T:A",-0.00124045595842759,4.46731990750848e-05,-9.54167048945465e-05,-6.39925698520116e-05,-0.00258061211138916,3.45950611633228e-05,1.15585259239381e-05,-0.00140048793236147,-0.00230880344681772,-6.71598430441733e-05,5.42549132562797e-05,0.000161260211434033,2.80292998695586e-05,0.000131003673536689,-0.00140048793236147,-0.000475141653930145,6.77075512598435e-05,-6.71598430441733e-05,-0.00296288420436497,-0.00234301660088843,-3.90195178852082e-05,-8.36181854007023e-05,-0.00149593943167581,5.42549132562797e-05,-8.02409085274292e-05,-9.54167048945465e-05,-0.00140048793236147,-1.38358030001839e-05,-0.000475141653930145,-0.00140835796863481,0.000184653034533078,-2.69841823108408e-06,7.23180239035059e-05,-1.9619981247665e-05,-0.000442106167690248,-0.000364678574464428,-0.000661045060573073,-0.00140048793236147,5.42549132562797e-05,-0.000167650330300084,0.000131003673536689,-1.38358030001839e-05,-0.00247556355787637,1.15585259239381e-05,-0.0017035983654452,-0.00144849084794441,-0.00157955678920008,5.42549132562797e-05,-0.00364374056684458,-0.000397834968647537,-0.000151305433907289,-0.00244770926583104,-0.000163730257821904,-0.00150083770295506,6.53578794018728e-05,-1.38358030001839e-05,5.42549132562797e-05,-0.00258061211138916,-0.00123582497486652,-0.00244770926583104,-0.000196589073189202,-0.00121173126691954,-0.000167650330300084,3.45950611633228e-05,0.000131003673536689,-9.20648950701874e-05,-4.20413848232215e-05,5.42549132562797e-05,-0.00461828872511738,-0.00144849084794441,-0.000203229502182545,-0.000266686099518409,-0.00364374056684458,-0.00056539036717318,-0.00239059283817333,-1.37075874437897e-05,-3.60356885256152e-05,-0.000339651087348791,0.0710751973129842,0.000131003673536689,-3.60356885256152e-05,4.95237984603492e-05,-0.000171501961623299,-0.0013985201311808,-3.01793220174318e-05,-0.000366371546434152,2.46636463563377e-05,-0.000112834541725171,-3.60356885256152e-05,0.000176745935730693,-0.000546660323420767,-7.03675302933249e-05,-0.0013985201311808,-0.00111044567787566,0.000131003673536689,-0.000171501961623299,2.12388615903336e-05,-1.0998602203216e-05,1.56428838238298e-05,-6.71598430441733e-05,-0.00109049119184856,7.74445659770251e-05,-3.60356885256152e-05,-0.0012544463508295,-0.00135950597156409,-0.00140566298876887,0.000159589235543933,-0.000112834541725171,4.4673199075973e-05,-0.000786017162758945,3.96985523405391e-05,-3.60356885256152e-05,-0.0012544463508295,-0.000127369897263918,7.74445659770251e-05,-0.000376512167174603,0.000103813518443907
"10:67469217:T:C",-0.000903227822420583,-6.2771865422917e-05,0.000117698766926466,7.93276125454767e-05,-0.0169150004571081,-5.32572638389794e-05,-2.07886683698533e-05,1.88666829377127e-05,-0.000203506726579761,8.23868863424337e-05,-7.18669632417956e-05,-0.000220329132889496,0.000197395585726845,0.00362223872318435,1.88666829377127e-05,-0.00342290772252074,-9.57659828859647e-05,8.23868863424337e-05,-2.18847926571897e-05,-0.000201866632739467,4.66893247255129e-05,9.82034834784429e-05,-0.0141577300823723,-7.18669632417956e-05,9.49688475442301e-05,0.000117698766926466,1.88666829377127e-05,-0.000974739418810877,-0.00342290772252074,-0.000780985895048047,-0.000255981943088734,2.60658619488652e-06,-0.000100067079997324,1.88666829377127e-05,-4.13712019255996e-05,0.000411205507630186,8.23868863424337e-05,1.88666829377127e-05,-7.18669632417956e-05,0.000201887252383237,0.00362223872318435,1.33251346223773e-05,-0.00015963521115836,-2.07886683698533e-05,-2.33509487843619e-05,-0.0146016753141938,-1.81971761410438e-05,-7.18669632417956e-05,0.000286380122969554,0.000447079071156153,-6.00692006527126e-05,-0.000161529715605901,0.000198151329256824,7.09463941577226e-05,-9.35782441908728e-05,-0.000974739418810877,-7.18669632417956e-05,-0.00673839845523894,6.15759994531118e-05,-0.000161529715605901,0.000229244513406002,-0.000141578031706224,0.000201887252383237,-5.32572638389794e-05,0.00362223872318435,0.000114463207105509,4.96002809988738e-05,-7.18669632417956e-05,-0.0062374718181486,-0.0146016753141938,-0.00540742335698141,-0.0018794373561537,0.000286380122969554,-0.000247095289527266,-0.0064116588518015,-1.61969930649875e-05,4.38104610180901e-05,-0.00868812304008415,0.000131003673536689,0.105983250122728,4.38104610180901e-05,-6.73700997229076e-05,-2.46761797093598e-05,-0.000135870436393404,3.81469132699763e-05,-0.000261843286795127,-3.33176077056407e-05,0.000134423629193137,4.38104610180901e-05,-0.000249525725035227,-0.00221605318901474,8.54800738778749e-05,-0.000135870436393404,-0.000410410081289392,-0.000179294572340893,-2.46761797093598e-05,-4.07285785941625e-05,1.06006904196931e-05,-3.55063563226565e-05,8.23868863424337e-05,0.000200570151844381,-0.00158452019080091,4.38104610180901e-05,-0.000246835476661822,-0.00197585068206596,-4.78355161614985e-06,-0.000218886395233042,0.000134423629193137,-6.2771865422917e-05,0.0005119841515695,-5.8068795102173e-05,4.38104610180901e-05,-0.000246835476661822,0.000156075424234459,-0.00158452019080091,0.000421799261076217,-0.00386220538991289
"10:67472660:T:G",-0.00369699538213464,1.52015690160212e-05,-0.00629255795024442,-0.000544627127977648,-0.00769333366044567,1.2125179062572e-05,-0.00165197499408443,-6.06261406321806e-06,-0.000283528410880862,-2.22139403112109e-05,-0.00572556734095553,5.37292013937929e-05,-6.04966257009565e-05,4.38104610180901e-05,-6.06261406321806e-06,-0.00181802378729934,2.3021008878743e-05,-2.22139403112109e-05,1.87085799119302e-06,-0.000264804744581681,-1.27803761511558e-05,-2.73478735834942e-05,-0.00904759575371106,-0.00572556734095553,-2.62945915201485e-05,-0.00629255795024442,-6.06261406321806e-06,-4.27576135386687e-06,-0.00181802378729934,-7.48403794403885e-06,6.16049646993133e-05,-8.34084366907462e-07,2.44186253546275e-05,-6.06261406321806e-06,-0.000187550730106345,-0.000120739631979561,-0.00851816021073049,-6.06261406321806e-06,-0.00572556734095553,-5.56727441489713e-05,4.38104610180901e-05,-4.27576135386687e-06,-0.000230941719501665,-0.00165197499408443,5.11324833674109e-06,-0.00877269072172737,3.4513846918216e-06,-0.00572556734095553,-8.42766564721487e-05,-0.000131967947763378,1.12955790632085e-05,-0.000242173102815713,-5.44354379625744e-05,-0.00164317857386909,2.23088689157436e-05,-4.27576135386687e-06,-0.00572556734095553,-0.00769333366044567,-1.75943090363617e-05,-0.000242173102815713,-6.48034533954345e-05,3.48247568888738e-05,-0.00541705014247729,1.2125179062572e-05,4.38104610180901e-05,-0.00318615108911224,-1.37188200355354e-05,-0.00572556734095553,-0.00814339643730211,-0.00877269072172737,-0.000179734309594615,-0.00143423288166122,-8.42766564721487e-05,-0.0039420771938028,6.79773451404131e-05,-6.51959819464309e-09,0.000414821673140331,-0.00412925660979546,-3.60356885256152e-05,4.38104610180901e-05,0.148894398456007,1.6682773199328e-05,2.79015362458779e-06,-1.20360870941028e-05,-1.00344951761144e-05,-0.00282003472982684,8.31437497694765e-06,-3.71551840201434e-05,0.000414821673140331,5.93046742105585e-05,-0.000271016636349763,-2.32147307421826e-05,-1.20360870941028e-05,-0.00235778539710729,4.38104610180901e-05,2.79015362458779e-06,8.05049275953706e-06,-3.39914714597711e-06,6.34407906208168e-06,-0.000862960664516521,-5.70907078696337e-05,-0.000464477692604603,0.000414821673140331,5.83434466259192e-05,-1.2693110360118e-05,-8.94951433849656e-07,-0.00160628902760074,-3.71551840201434e-05,1.52015690160212e-05,-0.00133267456737229,-0.00188314409928658,0.000414821673140331,5.83434466259192e-05,-4.23604434587332e-05,-0.000464477692604603,-0.000124516188967583,0.000108003924634836
"10:67475733:T:A",0.000112490610646887,-2.30349024539223e-05,4.41446296424175e-05,2.98559069520365e-05,-0.000139981954090374,-1.89405143915522e-05,-7.03390061307374e-06,7.89776159049183e-06,-0.00112155287133131,-0.0099109050958015,-2.69545694324691e-05,-8.32798728040984e-05,-0.00341316623187282,-6.73700997229076e-05,7.89776159049183e-06,-0.00317810557566833,-3.51994313838588e-05,-0.0099109050958015,-5.48432150893063e-06,-0.00111931728324155,1.78733884697024e-05,3.75666518017681e-05,-0.00266364459070889,-2.69545694324691e-05,3.62469355543737e-05,4.41446296424175e-05,7.89776159049183e-06,5.58044540177605e-06,-0.00317810557566833,8.25000532245213e-06,-9.66656378968977e-05,1.09253053892644e-06,-3.70833018958905e-05,7.89776159049183e-06,-0.000439062568622361,0.00015255280869475,3.11071634646609e-05,7.89776159049183e-06,-2.69545694324691e-05,7.54748854392417e-05,-6.73700997229076e-05,-0.00152156391648806,-0.00112364585819602,-7.03390061307374e-06,-8.12016132645255e-06,-0.00248175138789897,-5.93570354823214e-06,-2.69545694324691e-05,-0.00385880783707737,0.000165212498616896,-1.96150223512603e-05,-0.00111791903370939,7.39938282681152e-05,-0.00252254276108665,-0.00428961666106709,5.58044540177605e-06,-2.69545694324691e-05,-0.000139981954090374,2.40215174107661e-05,-0.00111791903370939,8.62933288994228e-05,-5.30432693999217e-05,7.54748854392417e-05,-1.89405143915522e-05,-6.73700997229076e-05,4.2834793198665e-05,1.90767308261286e-05,-2.69545694324691e-05,-0.00015399223643886,-0.00248175138789897,-0.00118204209376938,0.000109657198921198,-0.00385880783707737,-0.00539159154306912,-0.000108319055903472,-3.05203153949662e-06,1.6682773199328e-05,0.000310831933933109,4.95237984603492e-05,-6.73700997229076e-05,1.6682773199328e-05,0.0760505321403784,-6.67883322424956e-06,-1.25585019192798e-05,-0.00161483678606,0.000324174770168106,-1.23496354875741e-05,5.09046629622034e-05,1.6682773199328e-05,-9.35020338026504e-05,-0.00283292140992675,3.23716817813846e-05,-1.25585019192798e-05,0.000725997073351081,-6.73700997229076e-05,-6.67883322424956e-06,-0.00385702280785605,-0.00156667101922103,-1.13184831933566e-05,3.11071634646609e-05,7.61325570364235e-05,-4.22433657076837e-05,1.6682773199328e-05,0.000706092390300839,1.64217143368006e-05,-2.58622960380706e-07,-8.25986422841041e-05,5.09046629622034e-05,-2.30349024521459e-05,-0.00287638968970949,-2.10102682673963e-05,1.6682773199328e-05,0.000706092390300839,5.8369251890511e-05,-4.22433657076837e-05,0.000156563345266925,-0.000206532484558153
"10:67475921:A:G",-0.00163388526957764,-6.00544911932843e-06,4.19652424099581e-06,3.96085335996332e-06,-0.00114851342685007,-0.00377506312389553,-1.49916205405276e-06,-0.000596970354920678,-0.00148699425352561,4.02820958989025e-06,-7.35684013086768e-06,0.00116160488797323,-0.000871473396424349,-2.46761797093598e-05,-0.000596970354920678,-0.00119922167107411,-0.00155765062167301,4.02820958989025e-06,0.00180882019167061,-0.00151865432151688,2.94028937908308e-06,-0.00164494916821756,-0.00199917401329142,-7.35684013086768e-06,-0.0026023707273195,4.19652424099581e-06,-0.000596970354920678,1.13456873851447e-06,-0.00119922167107411,-0.00203432580111151,-0.000653250814063533,2.35347023647137e-07,0.00025202580397643,-0.00212118768268521,3.48970781161029e-08,-0.00180232088221288,-0.000502541819463964,-0.000596970354920678,-7.35684013086768e-06,-0.000804638462031271,-2.46761797093598e-05,1.13456873851447e-06,-0.00161279015255644,-1.49916205405276e-06,-0.00188068042265943,-0.00240284912324995,-0.000856257488015544,-7.35684013086768e-06,-0.000184624243051879,-0.00210726973072628,0.00177660123873835,-0.00158769009904525,-0.00141286278232222,-6.95146097937638e-05,-9.80978815512401e-06,1.13456873851447e-06,-7.35684013086768e-06,-0.00339992134928213,-0.0015534073523602,-0.00158769009904525,-0.00150369041986043,-1.76836550149773e-05,7.17355190360536e-07,-0.00377506312389553,-2.46761797093598e-05,4.22188790594191e-06,3.0839097924229e-06,-7.35684013086768e-06,-0.00430657706717863,-0.00240284912324995,-0.000780037805962586,-0.000300061496243842,-0.000184624243051879,-0.000267476858281768,-0.00281057028185572,-0.000318298782495674,2.79015362458779e-06,-0.00206934794143976,-0.000171501961623299,-2.46761797093598e-05,2.79015362458779e-06,-6.67883322424956e-06,0.0871078600747381,-0.000626113482853796,2.47138167530636e-06,-8.59301389199985e-05,-2.92218602382377e-06,-0.00281094718060881,2.79015362458779e-06,-3.96140266181177e-05,-0.000435207172606145,-0.00140068876889554,-0.000626113482853796,-0.000360689981578233,-2.46761797093598e-05,0.00183139563125234,-1.63829677815031e-05,9.16498229308615e-07,-2.43232394314674e-06,-0.00123971394803046,4.19974331755668e-07,-0.00240081292843364,2.79015362458779e-06,-3.87444599931897e-05,6.44477266487087e-06,-2.06885645770427e-06,-0.000462956247768709,-0.00281094718060881,0.00176792130019354,-0.000859004649268247,-5.337652307702e-06,2.79015362458779e-06,-3.87444599931897e-05,-0.00764253839159945,-0.00240081292843364,-0.00160702697905535,-0.00115005675064861
"10:67476227:G:C",-0.00195128012145673,-1.13602863347495e-05,-0.000749108514830787,-0.00239260601636104,-0.000674848823416951,-0.000288606151779724,-0.00454340671111098,-0.00204042429219431,-0.000111988115097716,9.23076024417213e-06,-0.000114186126916493,-5.8662979145474e-05,-0.000282871098814752,-0.000135870436393404,-0.00204042429219431,-0.000551182843800735,-0.000151501777138741,9.23076024417213e-06,-0.000618279430508295,-0.000724817635435748,6.23922430253998e-06,-0.000101570653047389,-0.00218264462372719,-0.000114186126916493,-5.42174476647617e-05,-0.000749108514830787,-0.00204042429219431,-0.000692126734883836,-0.000551182843800735,1.36110888071528e-06,0.000570888790096369,4.63652633619915e-07,-0.00156030402211194,4.26472628323182e-06,-0.000296791592264256,-0.000201561626991698,-0.000577359305962588,-0.00204042429219431,-0.000114186126916493,8.89884536192653e-06,-0.000135870436393404,-0.00210035422297228,-0.000889609320759988,-0.00454340671111098,-0.00239468349523264,-0.00201519168981612,-0.00207532008831635,-0.000114186126916493,3.8868464227626e-05,-0.000270440452161402,-0.000702623211132902,-0.000163626330869526,9.19353405581802e-06,-0.00165008930778487,-0.00332341281031567,-0.000692126734883836,-0.000114186126916493,-0.000674848823416951,-0.00596494228015665,-0.000163626330869526,-0.00273011905397347,-3.19008927025521e-05,-0.00135588289317035,-0.000288606151779724,-0.000135870436393404,-0.000163481100513785,6.58168537803761e-06,-0.000114186126916493,-0.00040719064654926,-0.00201519168981612,-0.000183274864706817,2.03636038076382e-06,3.8868464227626e-05,-0.0039316480416165,-0.000173092567698596,-0.000424224420845221,-1.20360870941028e-05,-0.0029967971053857,-0.0013985201311808,-0.000135870436393404,-1.20360870941028e-05,-1.25585019192798e-05,-0.000626113482853796,0.104078886968757,5.16557137153484e-06,-5.17111044766594e-05,-5.63580073009717e-06,-0.00276453762058892,-1.20360870941028e-05,-0.000898516194693499,-0.00277308527974141,-0.00312717291706477,0.00182139475650089,-0.000382284540516586,-0.000788336755703334,-0.000626113482853796,-0.00592332028501641,-0.00214614992573559,-0.000300541956688605,-0.00125417220946034,-0.00330572188197475,-2.06923374443946e-05,-1.20360870941028e-05,-6.26390332802984e-05,-0.00029172418021961,-4.05448225393457e-06,-0.00044391731410176,-0.00276453762058892,-0.00181111817907809,-0.00126755176925375,-0.000978228573887741,-1.20360870941028e-05,-6.26390332802984e-05,1.09944777673121e-05,-2.06923374443946e-05,-0.000170117055578345,-0.000486588942707922
"10:67477650:T:C",-7.16909086717621e-05,1.30653618430898e-05,-2.66150414232058e-05,-1.7903192986779e-05,7.66530204323601e-05,1.0426605403957e-05,3.68764713076786e-06,-5.12039849809298e-06,-0.000628934111601254,-1.87240526248189e-05,1.55833532957672e-05,4.70140638375582e-05,-4.99560398914412e-05,3.81469132699763e-05,-5.12039849809298e-06,-0.00017856199597599,1.98590555458011e-05,-1.87240526248189e-05,1.69211651712686e-06,-0.000570930634261835,-1.08106461826907e-05,-2.29760244234711e-05,4.41975766642955e-05,1.55833532957672e-05,-2.2105353263413e-05,-2.66150414232058e-05,-5.12039849809298e-06,-3.61447029373352e-06,-0.00017856199597599,-6.26065557174371e-06,5.41327088328103e-05,-7.06302828668015e-07,2.10697272278182e-05,-5.12039849809298e-06,4.04040188923815e-05,-9.76812977651065e-05,-1.87240526248189e-05,-5.12039849809298e-06,1.55833532957672e-05,-4.62573883242001e-05,3.81469132699763e-05,-3.61447029373352e-06,-0.000431402656681179,3.68764713076786e-06,4.38989509099486e-06,7.58549969059885e-05,2.9770411638097e-06,1.55833532957672e-05,-6.9067267219225e-05,-0.000106331980365582,9.77380048450271e-06,-0.000474859337453282,-4.52582291199377e-05,8.57175498634177e-05,-0.000543305234590896,-3.61447029373352e-06,1.55833532957672e-05,7.66530204323601e-05,-1.48312311782917e-05,-0.000474859337453282,-5.35980392522006e-05,3.01882872415504e-05,-4.62573883242001e-05,1.0426605403957e-05,3.81469132699763e-05,-2.57497253919325e-05,-1.15959004727273e-05,1.55833532957672e-05,8.3352060278763e-05,7.58549969059885e-05,-0.000219305204988807,-7.0437954752478e-05,-6.9067267219225e-05,-7.32786788777418e-05,5.99482183005762e-05,1.02985898919883e-07,-1.00344951761144e-05,-0.00025694844966484,-3.01793220174318e-05,3.81469132699763e-05,-1.00344951761144e-05,-0.00161483678606,2.47138167530636e-06,5.16557137153484e-06,0.0081391105846107,-0.000277304132817235,7.11818869802983e-06,-3.10970718473413e-05,-1.00344951761144e-05,5.20623169784074e-05,0.000278339431200259,-1.95545265011532e-05,5.16557137153484e-06,-0.000931678685208048,3.81469132699763e-05,2.47138167530636e-06,-0.000142959797666542,-2.87469436344168e-06,5.49091026069704e-06,-1.87240526248189e-05,-4.73471173858542e-05,2.32331660257046e-05,-1.00344951761144e-05,-0.00089629065427399,-1.06852740273666e-05,-7.06742207867705e-07,4.65737659736121e-05,-3.10970718473413e-05,1.30653618430898e-05,0.000324904408382842,1.17616158838985e-05,-1.00344951761144e-05,-0.00089629065427399,-3.54038847616422e-05,2.32331660257046e-05,-0.000100577805178581,9.75883082352524e-05
"10:67478463:C:T",-0.000112234333006889,2.21894447216542e-05,0.000151371844942183,-0.00777912539959758,-0.000295506713800187,-0.000111030806689172,-3.01178763333354e-05,-0.00234912285849465,-0.00986026656073058,-0.0101344693444991,0.000158440302183926,-2.90249646521801e-05,-0.00368185724790226,-0.000261843286795127,-0.00234912285849465,-0.000303143582097043,-0.00277718725341014,-0.0101344693444991,-0.00010285124699827,-0.0129964488086936,6.13453071940384e-05,3.3852090210118e-05,-0.00105685873973282,0.000158440302183926,0.000122528550605239,0.000151371844942183,-0.00234912285849465,-0.0018308592298375,-0.000303143582097043,-5.81439981299781e-05,-0.000667219069044656,3.29320921022003e-06,-0.00140087908136444,-0.00177709473572474,-0.00835057868393907,-0.00217400122068767,0.000107333386390351,-0.00234912285849465,0.000158440302183926,-0.000603042925833464,-0.000261843286795127,-0.00411684977879911,-0.0121221752045058,-3.01178763333354e-05,-0.00445408164445116,-0.000174011672656071,-0.00260882041035959,0.000158440302183926,-0.00413345865235648,-0.0022902878749651,-9.14877389082136e-05,-0.00921042476003286,-0.00121567128780864,-0.00403879819852326,-0.00309653715208658,-0.0018308592298375,0.000158440302183926,-0.000295506713800187,-0.00450997792307462,-0.00921042476003286,0.000280162072715306,-0.000792737750495043,-0.00238558608586992,-0.000111030806689172,-0.000261843286795127,0.000147538379580148,6.49437164712552e-05,0.000158440302183926,-0.00121397727024419,-0.000174011672656071,-0.00148211735096382,-0.00721957588815947,-0.00413345865235648,-0.0103318229221951,-0.000846901713448034,-0.0050921070925769,-0.00282003472982684,-0.00207399814112019,-0.000366371546434152,-0.000261843286795127,-0.00282003472982684,0.000324174770168106,-8.59301389199985e-05,-5.17111044766594e-05,-0.000277304132817235,0.242693418797713,-4.61212000573141e-05,-0.00162142103488794,-0.00282003472982684,-0.00398397522031413,-0.00677526413937146,-0.00274611799227653,-5.17111044766594e-05,-0.00276406324258005,-0.000723695230039567,-8.59301389199985e-05,-0.0026099726939206,-0.00436190326552577,-0.00172930506228308,-0.00351053945505519,-0.00429527410387021,-0.00018756970834044,-0.00282003472982684,0.000754440671115297,-0.00226444782281998,-0.0039282834986949,0.000286608481917305,-0.00162142103488794,-8.86672915996201e-05,-0.00145246577387814,-8.26065449439639e-05,-0.00282003472982684,0.000754440671115297,0.000197463998379277,-0.00018756970834044,0.000290163736960558,-0.00109723139282325
"10:67479304:A:G",-0.00188426270528197,-1.13305771956007e-05,2.19294863681441e-05,1.48369395649439e-05,-6.91194700666031e-05,-9.22478581433239e-06,-0.0016950512833942,4.03944277937995e-06,-3.70721287819009e-05,1.54741757896204e-05,-1.33470886165554e-05,-4.12341029871754e-05,3.91733575355602e-05,-3.33176077056407e-05,4.03944277937995e-06,-0.00158015702797165,-1.73124295557159e-05,1.54741757896204e-05,-2.30849732485439e-06,-3.66671915639216e-05,8.92194438861793e-06,1.87631291055368e-05,-4.0937001542396e-05,-1.33470886165554e-05,1.80912717819837e-05,2.19294863681441e-05,4.03944277937995e-06,2.85442108349798e-06,-0.00158015702797165,-0.00153332591559341,-4.78191147177398e-05,-0.00145262123686507,-1.82849292738041e-05,4.03944277937995e-06,-3.21521091173338e-06,7.59236760554671e-05,1.54741757896204e-05,4.03944277937995e-06,-1.33470886165554e-05,3.75109184886924e-05,-3.33176077056407e-05,2.85442108349798e-06,-2.86308857520012e-05,-0.0016950512833942,-3.92797764359187e-06,-7.03049028896174e-05,-2.80794073237445e-06,-1.33470886165554e-05,5.43490205915376e-05,8.21868940965587e-05,-9.27284718255095e-06,-2.90816815784467e-05,3.67604289106538e-05,-0.00125171796135515,-1.68180845845356e-05,2.85442108349798e-06,-1.33470886165554e-05,-6.91194700666031e-05,1.20586407730272e-05,-2.90816815784467e-05,4.2991239529222e-05,-2.62252455280887e-05,3.75109184886924e-05,-9.22478581433239e-06,-3.33176077056407e-05,2.12635944105699e-05,9.53596467745399e-06,-1.33470886165554e-05,-7.58714598632082e-05,-7.03049028896174e-05,-3.51434250518423e-05,5.49854437217334e-05,5.43490205915376e-05,-0.00158758232793588,-5.34540050383114e-05,-1.05905642744375e-06,8.31437497694765e-06,-5.24056852526655e-05,2.46636463563377e-05,-3.33176077056407e-05,8.31437497694765e-06,-1.23496354875741e-05,-2.92218602382377e-06,-5.63580073009717e-06,7.11818869802983e-06,-4.61212000573141e-05,0.0227846449378646,2.5365393867105e-05,8.31437497694765e-06,-4.61450517619255e-05,0.000104365180692234,1.61181202766869e-05,-5.63580073009717e-06,-7.62430403398184e-05,-3.33176077056407e-05,-2.92218602382377e-06,-6.45774370600094e-06,2.27137522479381e-06,9.96921102922599e-05,1.54741757896204e-05,3.80012468816915e-05,-2.06270696869737e-05,8.31437497694765e-06,-4.54482420790825e-05,8.39689866616311e-06,-0.00538855878106492,-4.08765505630626e-05,2.5365393867105e-05,-1.13305771956007e-05,3.41283928646519e-05,-0.00146041107076567,8.31437497694765e-06,-4.54482420790825e-05,2.89900012901967e-05,-2.06270696869737e-05,7.7944442014477e-05,-0.001410748693913
"10:67482926:C:T",-0.00350834387277121,-0.00216957297896503,-9.84706197693086e-05,-6.59982828938865e-05,0.000263462533507841,-0.0039278284232962,1.18383342204709e-05,-0.00298280325988731,-0.00199243180896769,-6.92793474366127e-05,5.57799783411639e-05,0.000165360547231153,-0.000197056099945137,0.000134423629193137,-0.00298280325988731,-0.00133309400434989,6.9539249793138e-05,-6.92793474366127e-05,-0.00281675513175017,-0.00193573308533246,-4.02425884491464e-05,-8.6338199071001e-05,0.000144486684509282,5.57799783411639e-05,0.000587254870992204,-9.84706197693086e-05,-0.00298280325988731,-1.42965462153199e-05,-0.00133309400434989,-0.00285082816169258,0.000189222941037848,-2.78734667258362e-06,7.42870288279462e-05,-2.0276842701783e-05,-0.00142902118345223,-0.00103328263201163,-6.92793474366127e-05,-0.00298280325988731,5.57799783411639e-05,-0.000173297915162962,0.000134423629193137,-1.42965462153199e-05,-0.00181822649463026,1.18383342204709e-05,1.46134750584892e-05,0.000252605014935625,-0.00274577109329321,5.57799783411639e-05,-0.00129679167375407,-0.000981487729189823,-0.00272025682866772,-0.00186021237876677,-0.00016922031591271,-0.000174510713343068,-0.00237314529046895,-1.42965462153199e-05,5.57799783411639e-05,0.000263462533507841,-0.00318809798744457,-0.00186021237876677,-0.000203423626480514,0.000106756065185287,-0.000173297915162962,-0.0039278284232962,0.000134423629193137,-9.49944139954084e-05,-4.33698894859447e-05,5.57799783411639e-05,-0.00184549286041147,0.000252605014935625,-3.42050544315242e-05,-0.00634563884426687,-0.00129679167375407,-0.00314211937429265,0.000207654204436025,-0.00310707906493679,-3.71551840201434e-05,-0.00158690567857356,-0.000112834541725171,0.000134423629193137,-3.71551840201434e-05,5.09046629622034e-05,-0.00281094718060881,-0.00276453762058892,-3.10970718473413e-05,-0.00162142103488794,2.5365393867105e-05,0.106738361062976,-3.71551840201434e-05,-0.0024869200635198,-0.00127893529556822,-7.26028627973108e-05,-0.00276453762058892,-0.00219791013683501,0.000134423629193137,-0.00281094718060881,-0.00267586307985646,-1.1363899724337e-05,1.59474341669963e-05,-6.92793474366127e-05,-0.000180254017355885,7.94590355965852e-05,-3.71551840201434e-05,-0.0022373354740779,-0.00295590171619242,-5.59862444404757e-06,0.000163647966781255,0.00128054694317381,4.59046588847656e-05,-0.000100649660794261,4.07751497863984e-05,-3.71551840201434e-05,-0.0022373354740779,-0.000131533316713117,7.94590355965852e-05,-0.00109466026600735,-0.00301997056064085
"10:67486354:C:T",-0.00369699538213464,1.52015690160212e-05,-0.00629255795024442,-0.000544627127977648,-0.00769333366044567,1.2125179062572e-05,-0.00165197499408443,-6.06261406321806e-06,-0.000283528410880862,-2.22139403112109e-05,-0.00572556734095553,5.37292013937929e-05,-6.04966257009565e-05,4.38104610180901e-05,-6.06261406321806e-06,-0.00181802378729934,2.3021008878743e-05,-2.22139403112109e-05,1.87085799119302e-06,-0.000264804744581681,-1.27803761511558e-05,-2.73478735834942e-05,-0.00904759575371106,-0.00572556734095553,-2.62945915201485e-05,-0.00629255795024442,-6.06261406321806e-06,-4.27576135386687e-06,-0.00181802378729934,-7.48403794403885e-06,6.16049646993133e-05,-8.34084366907462e-07,2.44186253546275e-05,-6.06261406321806e-06,-0.000187550730106345,-0.000120739631979561,-0.00851816021073049,-6.06261406321806e-06,-0.00572556734095553,-5.56727441489713e-05,4.38104610180901e-05,-4.27576135386687e-06,-0.000230941719501665,-0.00165197499408443,5.11324833674109e-06,-0.00877269072172737,3.4513846918216e-06,-0.00572556734095553,-8.42766564721487e-05,-0.000131967947763378,1.12955790632085e-05,-0.000242173102815713,-5.44354379625744e-05,-0.00164317857386909,2.23088689157436e-05,-4.27576135386687e-06,-0.00572556734095553,-0.00769333366044567,-1.75943090363617e-05,-0.000242173102815713,-6.48034533954345e-05,3.48247568888738e-05,-0.00541705014247729,1.2125179062572e-05,4.38104610180901e-05,-0.00318615108911224,-1.37188200355354e-05,-0.00572556734095553,-0.00814339643730211,-0.00877269072172737,-0.000179734309594615,-0.00143423288166122,-8.42766564721487e-05,-0.0039420771938028,6.79773451404131e-05,-6.51959819464309e-09,0.000414821673140331,-0.00412925660979546,-3.60356885256152e-05,4.38104610180901e-05,0.000414821673140331,1.6682773199328e-05,2.79015362458779e-06,-1.20360870941028e-05,-1.00344951761144e-05,-0.00282003472982684,8.31437497694765e-06,-3.71551840201434e-05,0.148894398456007,5.93046742105585e-05,-0.000271016636349763,-2.32147307421826e-05,-1.20360870941028e-05,-0.00235778539710729,4.38104610180901e-05,2.79015362458779e-06,8.05049275953706e-06,-3.39914714597711e-06,6.34407906208168e-06,-0.000862960664516521,-5.70907078696337e-05,-0.000464477692604603,0.000414821673140331,5.83434466259192e-05,-1.2693110360118e-05,-8.94951433849656e-07,-0.00160628902760074,-3.71551840201434e-05,1.52015690160212e-05,-0.00133267456737229,-0.00188314409928658,0.000414821673140331,5.83434466259192e-05,-4.23604434587332e-05,-0.000464477692604603,-0.000124516188967583,0.000108003924634836
"10:67486870:T:A",-7.76360896761474e-05,-8.76965567151444e-05,0.000159697666138214,0.000107790182624079,-0.000791375947127193,-0.00106741042840763,-0.00330281528174847,-0.00322002798242504,-0.000286513651310827,0.000111708383358611,-9.9179888076506e-05,-0.000306571424300017,-0.00290065842636178,-0.000249525725035227,-0.00322002798242504,-0.00247505411543125,-0.000134080112863089,0.000111708383358611,-3.60919636799295e-05,-0.00028455768813096,6.29854876228464e-05,-0.00387015874662655,-0.00324432484892156,-9.9179888076506e-05,-0.00269934091048452,0.000159697666138214,-0.00322002798242504,-0.00327572441450208,-0.00247505411543125,-1.55467708840007e-05,0.00198538255587888,3.32429486249453e-06,-0.000139466673518385,2.40556582262741e-05,-0.000656146585394701,-0.00064209405626503,0.000111708383358611,-0.00322002798242504,-9.9179888076506e-05,0.000272348799162714,-0.000249525725035227,1.69914144541039e-05,-0.000225553996683558,-0.00330281528174847,-0.001133735808037,-0.00308859084600943,-0.00347876078615084,-9.9179888076506e-05,0.000380232836751482,-0.00106423828558899,-0.00121079483848252,-0.000227864363682606,0.000267565062642028,-0.0135425265463218,-0.00198895476868088,-0.00327572441450208,-9.9179888076506e-05,-0.000791375947127193,-0.00296335520333546,-0.000227864363682606,-0.000176776935570722,-0.000196736601573377,0.000272348799162714,-0.00106741042840763,-0.000249525725035227,0.000155550050534359,6.67069325483993e-05,-9.9179888076506e-05,-0.00116552445833751,-0.00308859084600943,-0.00297176400989496,-0.00264788086795864,0.000380232836751482,-0.00505657560425288,-0.000802790998044145,-5.7602269498247e-05,5.93046742105585e-05,-0.00129210319948658,0.000176745935730693,-0.000249525725035227,5.93046742105585e-05,-9.35020338026504e-05,-3.96140266181177e-05,-0.000898516194693499,5.20623169784074e-05,-0.00398397522031413,-4.61450517619255e-05,-0.0024869200635198,5.93046742105585e-05,0.131012625571116,-0.00321833227059143,-0.00250089517419205,-0.000898516194693499,-0.000581847838034832,-0.000249525725035227,-3.96140266181177e-05,-0.00238779754882668,1.35179184006518e-05,-0.00105655729124976,0.000111708383358611,-0.00251580608937996,-0.00107811939472757,5.93046742105585e-05,-0.000346958830873767,-0.00222608344727693,-9.91769594183012e-06,-0.000304851533943662,-0.0024869200635198,-8.76965567142562e-05,-0.00249872675439322,-0.00359530572255995,5.93046742105585e-05,-0.000346958830873767,0.000211380472895151,-0.00107811939472757,-0.00195273038467647,-0.00122712136839809
"10:67487667:T:G",-0.00186002653338058,-0.00227760949117251,-0.00157881085597467,-0.00254718928641307,-0.000972488726167064,-0.00193280345254054,-0.00209053220559596,-0.00511453957053298,-0.00175924562451479,-0.00327860615313913,-0.000253657767259163,0.000355722929967328,-0.00774536438895623,-0.00221605318901474,-0.00511453957053298,-0.00290724620054572,0.000180699673681062,-0.00327860615313913,-3.62323153182409e-05,-0.000990733565693347,-0.00185349911795196,-0.00527210014007196,-0.00827137077163664,-0.000253657767259163,-0.00211341101486084,-0.00157881085597467,-0.00511453957053298,-3.35400287108101e-05,-0.00290724620054572,-0.00254164476869523,-0.00420206300697945,-1.87618571665382e-05,-0.00268151024921881,-0.00201534191296826,-0.00897691242068488,0.00037962069180697,-0.00279925772525047,-0.00511453957053298,-0.000253657767259163,-0.00135945159515938,-0.00221605318901474,-0.00183964999568875,-0.000625832245714886,-0.00209053220559596,-0.000703165507076164,-0.00866931908269741,-0.00377956827812298,-0.000253657767259163,-0.00288009159899572,0.00057050864401198,-0.000555466751058997,-0.00104622991796877,-0.00133961757268164,-0.00541889513632698,-0.00400969741177359,-3.35400287108101e-05,-0.000253657767259163,-0.0016869550109293,-0.00433288865424064,-0.00104622991796877,-0.00118895547177944,-0.00157178149696247,-0.00401031522259743,-0.00193280345254054,-0.00221605318901474,0.000157382731959643,-0.000521413673075344,-0.000253657767259163,-0.00362692629883599,-0.00866931908269741,-0.00222108791177744,-0.00807420638424938,-0.00288009159899572,-0.00408931249062006,-0.000924792416595821,-0.000877585992982599,-0.000271016636349763,-0.00335980663871505,-0.000546660323420767,-0.00221605318901474,-0.000271016636349763,-0.00283292140992675,-0.000435207172606145,-0.00277308527974141,0.000278339431200259,-0.00677526413937146,0.000104365180692234,-0.00127893529556822,-0.000271016636349763,-0.00321833227059143,0.256739417305872,-0.0030315672645207,-0.00277308527974141,-0.00120823373313028,0.000338901580160922,-0.000435207172606145,-0.00237262316648756,-0.000440939538483676,-0.00163645728911899,-0.00453070985273207,-0.00261712109451118,-0.00145652434031573,-0.000271016636349763,-0.000936337581902258,-0.00424230017414917,-7.38517628651181e-05,-0.000824926713578478,-0.00127893529556822,-0.00241380167197214,-0.00122860992845508,-0.00134357436288735,-0.000271016636349763,-0.000936337581902258,-0.0017533027266543,-0.00145652434031573,0.00072936006446378,-0.00889704658079449
"10:67488110:C:A",-0.00115944545893942,2.93542092038024e-05,-6.17052639553251e-05,-4.13785014012902e-05,-0.00268176508587992,2.30884760519245e-05,-0.00141487099978566,-0.00333722847406026,-0.00257358327815815,-4.33595575852763e-05,3.53159438661876e-05,0.000105101850995659,-0.00129361915521908,8.54800738778749e-05,-0.00333722847406026,-0.00441217969851326,4.44957436052107e-05,-4.33595575852763e-05,2.21666049693425e-06,-0.00260698469282072,-2.50790646072474e-05,-5.36475429102623e-05,-0.00354622171935493,3.53159438661876e-05,-5.15372955298687e-05,-6.17052639553251e-05,-0.00333722847406026,-8.63561512787214e-06,-0.00441217969851326,-0.00141174851370351,-0.00476920446373796,-1.6848761470456e-06,4.73567397545338e-05,-0.00333722847406026,-0.000238869233136541,-0.00120920759164544,-4.33595575852763e-05,-0.00333722847406026,3.53159438661876e-05,-0.000108224184548256,8.54800738778749e-05,-8.63561512787214e-06,-0.00272857280225214,-0.00141487099978566,9.62629451795038e-06,-0.00376767916024523,-0.00311109589950931,3.53159438661876e-05,-0.000164911375625465,-0.00105549111204528,2.05076508814628e-05,-0.00270161290633997,-0.000105768538719353,-0.00348746371409625,4.3038100094428e-05,-8.63561512787214e-06,3.53159438661876e-05,-0.00268176508587992,-0.00352876565007332,-0.00270161290633997,0.00030334129120213,6.78509587022091e-05,-0.000108224184548256,2.30884760519245e-05,8.54800738778749e-05,-5.96068816625106e-05,-2.6966789422822e-05,3.53159438661876e-05,-0.000278483599258195,-0.00376767916024523,-0.00683607832491884,-0.000402829857068632,-0.000164911375625465,-0.00729466859005079,-0.00247302609197941,-0.00318543790645709,-2.32147307421826e-05,-0.000157554634935941,-7.03675302933249e-05,8.54800738778749e-05,-2.32147307421826e-05,3.23716817813846e-05,-0.00140068876889554,-0.00312717291706477,-1.95545265011532e-05,-0.00274611799227653,1.61181202766869e-05,-7.26028627973108e-05,-2.32147307421826e-05,-0.00250089517419205,-0.0030315672645207,0.143070029837602,-0.00312717291706477,-0.00224620097716954,8.54800738778749e-05,-0.00140068876889554,1.47923761728563e-05,-6.86545936190441e-06,-0.00297842573834828,-4.33595575852763e-05,-0.00011166804164553,5.14396816084783e-05,-2.32147307421826e-05,-0.00239627051847879,-0.00330090022661,-2.55256731485076e-06,0.000104073736881816,-7.26028627973108e-05,2.93542092046906e-05,-0.00956547873428093,-0.00163719930986606,-2.32147307421826e-05,-0.00239627051847879,-8.23587027971584e-05,5.14396816084783e-05,0.000964291347303359,-0.00205717054764865
"10:67488312:T:C",-0.00195128012145673,-1.13602863347495e-05,-0.000749108514830787,-0.00239260601636104,-0.000674848823416951,-0.000288606151779724,-0.00454340671111098,-0.00204042429219431,-0.000111988115097716,9.23076024417213e-06,-0.000114186126916493,-5.8662979145474e-05,-0.000282871098814752,-0.000135870436393404,-0.00204042429219431,-0.000551182843800735,-0.000151501777138741,9.23076024417213e-06,-0.000618279430508295,-0.000724817635435748,6.23922430253998e-06,-0.000101570653047389,-0.00218264462372719,-0.000114186126916493,-5.42174476647617e-05,-0.000749108514830787,-0.00204042429219431,-0.000692126734883836,-0.000551182843800735,1.36110888071528e-06,0.000570888790096369,4.63652633619915e-07,-0.00156030402211194,4.26472628323182e-06,-0.000296791592264256,-0.000201561626991698,-0.000577359305962588,-0.00204042429219431,-0.000114186126916493,8.89884536192653e-06,-0.000135870436393404,-0.00210035422297228,-0.000889609320759988,-0.00454340671111098,-0.00239468349523264,-0.00201519168981612,-0.00207532008831635,-0.000114186126916493,3.8868464227626e-05,-0.000270440452161402,-0.000702623211132902,-0.000163626330869526,9.19353405581802e-06,-0.00165008930778487,-0.00332341281031567,-0.000692126734883836,-0.000114186126916493,-0.000674848823416951,-0.00596494228015665,-0.000163626330869526,-0.00273011905397347,-3.19008927025521e-05,-0.00135588289317035,-0.000288606151779724,-0.000135870436393404,-0.000163481100513785,6.58168537803761e-06,-0.000114186126916493,-0.00040719064654926,-0.00201519168981612,-0.000183274864706817,2.03636038076382e-06,3.8868464227626e-05,-0.0039316480416165,-0.000173092567698596,-0.000424224420845221,-1.20360870941028e-05,-0.0029967971053857,-0.0013985201311808,-0.000135870436393404,-1.20360870941028e-05,-1.25585019192798e-05,-0.000626113482853796,0.00182139475650089,5.16557137153484e-06,-5.17111044766594e-05,-5.63580073009717e-06,-0.00276453762058892,-1.20360870941028e-05,-0.000898516194693499,-0.00277308527974141,-0.00312717291706477,0.104078886968757,-0.000382284540516586,-0.000788336755703334,-0.000626113482853796,-0.00592332028501641,-0.00214614992573559,-0.000300541956688605,-0.00125417220946034,-0.00330572188197475,-2.06923374443946e-05,-1.20360870941028e-05,-6.26390332802984e-05,-0.00029172418021961,-4.05448225393457e-06,-0.00044391731410176,-0.00276453762058892,-0.00181111817907809,-0.00126755176925375,-0.000978228573887741,-1.20360870941028e-05,-6.26390332802984e-05,1.09944777673121e-05,-2.06923374443946e-05,-0.000170117055578345,-0.000486588942707922
"10:67489664:C:T",-0.00157389208300263,0.000185551699038555,0.000256030119235362,0.000172630855695743,-0.00116135196298739,-0.000131851550857043,-5.53352711012423e-05,-0.00302871480565514,-0.00835039652668446,-0.00921716544937023,0.000520620951251161,-0.000501955996859316,-0.00061004909163298,-0.000410410081289392,-0.00302871480565514,-0.000452185900260638,-0.00102349720032002,-0.00921716544937023,-0.00315711169134758,-0.0070513291358516,9.87774992751156e-05,-0.000116225905134826,-0.000430172968684417,0.000520620951251161,0.000200414001049865,0.000256030119235362,-0.00302871480565514,2.28156053392325e-05,-0.000452185900260638,-7.45584953145695e-05,-0.000588088890898675,4.46191690794961e-06,-0.000231995834013787,-0.00134188581376549,-0.00617261588474438,-0.00133203238390678,0.000178064103219633,-0.00302871480565514,0.000520620951251161,-0.00295970525875244,-0.000410410081289392,-0.00139869562002737,-0.00574669290458996,-5.53352711012423e-05,-5.96123388740821e-05,-0.00194528429347418,-0.00332021064625554,0.000520620951251161,-0.00333470683443871,-0.00140269395335491,-0.00331572784546452,-0.00708971896690258,-0.0038343797697129,0.000545206009276988,-0.00386939231500438,2.28156053392325e-05,0.000520620951251161,-0.00116135196298739,-0.00273745299202233,-0.00708971896690258,0.000485125031306488,-0.000489731593956044,-0.00368164931216342,-0.000131851550857043,-0.000410410081289392,0.000250209579972349,0.000103865213118226,0.000520620951251161,-0.00146749464867568,-0.00194528429347418,-0.00111335562569082,-0.000777226194131231,-0.00333470683443871,-0.000610643585185588,-0.000674994847912558,-0.00129264745518043,-0.00235778539710729,-1.03699497371323e-05,-0.00111044567787566,-0.000410410081289392,-0.00235778539710729,0.000725997073351081,-0.000360689981578233,-0.000382284540516586,-0.000931678685208048,-0.00276406324258005,-7.62430403398184e-05,-0.00219791013683501,-0.00235778539710729,-0.000581847838034832,-0.00120823373313028,-0.00224620097716954,-0.000382284540516586,0.162678955149379,-0.000450204032924617,-0.000360689981578233,-0.00334902396245251,-0.00144768709424703,7.258934667842e-05,-0.00209259603997225,-0.00134823159272024,-0.000103881047421872,-0.00235778539710729,0.00212500325866838,6.7318941711747e-05,-0.000408219004044419,0.0020207967361987,-0.00219791013683501,-0.00014721529973194,-0.000834696222472342,-0.000139622228449099,-0.00235778539710729,0.00212500325866838,0.000338957169105036,-0.000103881047421872,-0.00121886836014529,-0.00597662380412523
"10:67491466:G:A",-0.00393036168446503,-6.2771865422917e-05,0.000117698766926466,7.93276125454767e-05,-0.000290533358721312,-0.00530432953468374,-2.07886683698533e-05,1.88666829377127e-05,-0.000482913245481775,8.23868863424337e-05,-7.18669632417956e-05,-0.000220329132889496,0.000197395585726845,-0.000179294572340893,1.88666829377127e-05,-0.00427039567717902,-9.57659828859647e-05,8.23868863424337e-05,-0.00494223588998732,-0.000513138985881234,4.66893247255129e-05,9.82034834784429e-05,-0.00145918403283574,-7.18669632417956e-05,9.49688475442301e-05,0.000117698766926466,1.88666829377127e-05,-0.00494647159259909,-0.00427039567717902,-0.00177640617144625,-0.000255981943088734,2.60658619488652e-06,-0.000100067079997324,1.88666829377127e-05,-0.00081001545222037,-0.00134558981454003,8.23868863424337e-05,1.88666829377127e-05,-7.18669632417956e-05,0.000201887252383237,-0.000179294572340893,1.33251346223773e-05,-0.000572480026709066,-2.07886683698533e-05,-2.33509487843619e-05,-0.00137071581888826,-1.81971761410438e-05,-7.18669632417956e-05,0.000286380122969554,-0.00145462184411294,-0.00504879592581364,-0.000549090766448934,0.000198151329256824,-0.0032646843821631,-9.35782441908728e-05,-0.00494647159259909,-7.18669632417956e-05,-0.000290533358721312,6.15759994531118e-05,-0.000549090766448934,0.000229244513406002,0.00208958239286172,0.000201887252383237,-0.00530432953468374,-0.000179294572340893,0.000114463207105509,4.96002809988738e-05,-7.18669632417956e-05,-0.000781453318872138,-0.00137071581888826,-0.000719802976399286,0.000285433489863429,0.000286380122969554,-0.00279267641483205,-0.000475631344378336,-1.61969930649875e-05,4.38104610180901e-05,-0.00138366358305753,0.000131003673536689,-0.000179294572340893,4.38104610180901e-05,-6.73700997229076e-05,-2.46761797093598e-05,-0.000788336755703334,3.81469132699763e-05,-0.000723695230039567,-3.33176077056407e-05,0.000134423629193137,4.38104610180901e-05,-0.000249525725035227,0.000338901580160922,8.54800738778749e-05,-0.000788336755703334,-0.000450204032924617,0.0681989922311086,-2.46761797093598e-05,-4.07285785941625e-05,1.06006904196931e-05,-3.55063563226565e-05,8.23868863424337e-05,0.000200570151844381,-0.00062883514208778,4.38104610180901e-05,-0.000246835476661822,3.92924147529783e-05,-0.00182708321331315,0.000527836141516858,0.000134423629193137,-6.2771865422917e-05,0.000438760093737223,-5.8068795102173e-05,4.38104610180901e-05,-0.000246835476661822,0.000156075424234459,-0.00062883514208778,-0.0012418108750385,-0.000389565134534031
"10:67494061:T:G",-0.00163388526957764,-6.00544911932843e-06,4.19652424099581e-06,3.96085335996332e-06,-0.00114851342685007,-0.00377506312389553,-1.49916205405276e-06,-0.000596970354920678,-0.00148699425352561,4.02820958989025e-06,-7.35684013086768e-06,0.00116160488797323,-0.000871473396424349,-2.46761797093598e-05,-0.000596970354920678,-0.00119922167107411,-0.00155765062167301,4.02820958989025e-06,0.00180882019167061,-0.00151865432151688,2.94028937908308e-06,-0.00164494916821756,-0.00199917401329142,-7.35684013086768e-06,-0.0026023707273195,4.19652424099581e-06,-0.000596970354920678,1.13456873851447e-06,-0.00119922167107411,-0.00203432580111151,-0.000653250814063533,2.35347023647137e-07,0.00025202580397643,-0.00212118768268521,3.48970781161029e-08,-0.00180232088221288,-0.000502541819463964,-0.000596970354920678,-7.35684013086768e-06,-0.000804638462031271,-2.46761797093598e-05,1.13456873851447e-06,-0.00161279015255644,-1.49916205405276e-06,-0.00188068042265943,-0.00240284912324995,-0.000856257488015544,-7.35684013086768e-06,-0.000184624243051879,-0.00210726973072628,0.00177660123873835,-0.00158769009904525,-0.00141286278232222,-6.95146097937638e-05,-9.80978815512401e-06,1.13456873851447e-06,-7.35684013086768e-06,-0.00339992134928213,-0.0015534073523602,-0.00158769009904525,-0.00150369041986043,-1.76836550149773e-05,7.17355190360536e-07,-0.00377506312389553,-2.46761797093598e-05,4.22188790594191e-06,3.0839097924229e-06,-7.35684013086768e-06,-0.00430657706717863,-0.00240284912324995,-0.000780037805962586,-0.000300061496243842,-0.000184624243051879,-0.000267476858281768,-0.00281057028185572,-0.000318298782495674,2.79015362458779e-06,-0.00206934794143976,-0.000171501961623299,-2.46761797093598e-05,2.79015362458779e-06,-6.67883322424956e-06,0.00183139563125234,-0.000626113482853796,2.47138167530636e-06,-8.59301389199985e-05,-2.92218602382377e-06,-0.00281094718060881,2.79015362458779e-06,-3.96140266181177e-05,-0.000435207172606145,-0.00140068876889554,-0.000626113482853796,-0.000360689981578233,-2.46761797093598e-05,0.0871078600747381,-1.63829677815031e-05,9.16498229308615e-07,-2.43232394314674e-06,-0.00123971394803046,4.19974331755668e-07,-0.00240081292843364,2.79015362458779e-06,-3.87444599931897e-05,6.44477266487087e-06,-2.06885645770427e-06,-0.000462956247768709,-0.00281094718060881,0.00176792130019354,-0.000859004649268247,-5.337652307702e-06,2.79015362458779e-06,-3.87444599931897e-05,-0.00764253839159945,-0.00240081292843364,-0.00160702697905535,-0.00115005675064861
"10:67495153:G:A",-0.000336479269122059,-1.23763120507547e-05,1.92748213043714e-05,-0.00107270833119699,-0.00103146941025667,-0.000218895328334412,-3.51968355705168e-06,-0.00436480729781152,-0.00293483993350563,-0.00138957306801224,-1.47266712753336e-05,-5.22456010330075e-05,-0.000567454985204385,-4.07285785941625e-05,-0.00436480729781152,-0.00112026791490205,-1.95501661810482e-05,-0.00138957306801224,-0.00220171117050416,-0.00600235086213985,8.60534873581287e-06,1.69037731385657e-05,-0.000999791153248886,-1.47266712753336e-05,-0.00247329124981377,1.92748213043714e-05,-0.00436480729781152,2.86342913380366e-06,-0.00112026791490205,-8.16209888387931e-06,-0.00123181960779739,5.6829405181702e-07,-2.0743467716855e-05,-0.00218818033056856,-3.21948268107164e-05,-0.00136581947982606,1.42644473912767e-05,-0.00436480729781152,-1.47266712753336e-05,2.89779759112818e-05,-4.07285785941625e-05,2.86342913380366e-06,-0.0056746848780227,-3.51968355705168e-06,-4.11307796444049e-06,-0.000823154889868505,-0.00390353417455458,-1.47266712753336e-05,-0.000332650519933253,-0.00128010846133364,-0.00227806967938537,-0.00275982960676746,2.85876899424053e-05,-0.000906125940744129,-0.000214262147092192,2.86342913380366e-06,-1.47266712753336e-05,-0.00103146941025667,-0.00466949528982319,-0.00275982960676746,3.15716450289827e-05,-3.09731646757072e-05,2.89779759112818e-05,-0.000218895328334412,-4.07285785941625e-05,1.87811039991104e-05,-0.00191349990638834,-1.47266712753336e-05,-0.00406175173606016,-0.000823154889868505,-0.000197192309105532,-0.00187522888081126,-0.000332650519933253,-0.00176316283390232,-0.00113288686351964,-0.00040512149455818,8.05049275953706e-06,-0.000126790905307317,2.12388615903336e-05,-4.07285785941625e-05,8.05049275953706e-06,-0.00385702280785605,-1.63829677815031e-05,-0.00592332028501641,-0.000142959797666542,-0.0026099726939206,-6.45774370600094e-06,-0.00267586307985646,8.05049275953706e-06,-0.00238779754882668,-0.00237262316648756,1.47923761728563e-05,-0.00592332028501641,-0.00334902396245251,-4.07285785941625e-05,-1.63829677815031e-05,0.135365022786175,2.28643618260804e-06,-0.00244309603869564,1.42644473912767e-05,2.92661830449958e-05,-2.37626833294868e-05,8.05049275953706e-06,-0.00322464235875142,-0.00653202471945402,9.93124036341442e-08,-5.17245308389036e-05,-0.00267586307985646,-1.23763120498666e-05,-0.00123076074221906,-1.11798372097738e-05,8.05049275953706e-06,-0.00322464235875142,2.40981309298505e-05,-2.37626833294868e-05,-0.00141552281447055,-0.000518540172500082
"10:67496585:C:T",-2.97266120341533e-05,4.07925330581094e-06,-9.59961935098619e-06,-6.25781156138316e-06,1.73387872317576e-05,3.31791029406503e-06,1.22360203391736e-06,-1.67048934418546e-06,-0.00169198420556871,-6.55901922375079e-06,4.78936667658303e-06,1.24997795474258e-05,-0.000532895989425519,1.06006904196931e-05,-1.67048934418546e-06,-4.86450480901013e-05,-0.0017839710499068,-6.55901922375079e-06,6.72706760518338e-07,-0.00172420946264218,-3.66819194308476e-06,-0.00174190393922125,-0.00101235331097982,4.78936667658303e-06,-7.81741223221388e-06,-9.59961935098619e-06,-1.67048934418546e-06,-0.00216580311376546,-4.86450480901013e-05,-1.98203733781099e-06,1.38844644954617e-05,-2.26514956125357e-07,6.34432544455166e-06,-1.67048934418546e-06,7.28766565405436e-06,-4.37435997833191e-05,-6.55901922375079e-06,-1.67048934418546e-06,4.78936667658303e-06,-1.78184726902231e-05,1.06006904196931e-05,1.99129033404688e-05,-0.00182782638082024,1.22360203391736e-06,-0.00245037657885572,-0.00117835040948311,1.00286335324995e-06,4.78936667658303e-06,-0.000107842335864028,-4.87417671051205e-05,3.20189437630347e-06,-0.00180215784402282,-1.73827452600861e-05,1.42288871174401e-05,5.85795023777536e-06,-0.00216580311376546,4.78936667658303e-06,1.73387872317576e-05,-5.08595278159163e-06,-0.00180215784402282,-2.10943392726648e-05,8.70903365690623e-06,-1.78184726902231e-05,3.31791029406503e-06,1.06006904196931e-05,-9.26472087670049e-06,-3.94192323227571e-06,4.78936667658303e-06,1.81043473217457e-05,-0.00117835040948311,-0.000580156816057276,-2.90364762047801e-05,-0.000107842335864028,-0.000755233982002501,1.49278910779316e-05,3.76297596638153e-06,-3.39914714597711e-06,-0.00188108611300919,-1.0998602203216e-05,1.06006904196931e-05,-3.39914714597711e-06,-0.00156667101922103,9.16498229308615e-07,-0.00214614992573559,-2.87469436344168e-06,-0.00436190326552577,2.27137522479381e-06,-1.1363899724337e-05,-3.39914714597711e-06,1.35179184006518e-05,-0.000440939538483676,-6.86545936190441e-06,-0.00214614992573559,-0.00144768709424703,1.06006904196931e-05,9.16498229308615e-07,2.28643618260804e-06,0.0533449849137568,-0.00235743895935769,-6.55901922375079e-06,-0.00277433352984602,6.98093790418852e-06,-3.39914714597711e-06,-0.00153346311691216,-0.00205783420939198,-1.61784469376869e-07,1.24140391575267e-05,-1.1363899724337e-05,4.07925330669912e-06,-0.00415021726311515,3.70528725746055e-06,-3.39914714597711e-06,-0.00153346311691216,-1.31638999469885e-05,6.98093790418852e-06,-0.000173550178785398,9.54797352559211e-06
"10:67499027:T:G",-0.0003160691148274,-1.02994665773792e-05,1.43772415084342e-05,1.0561655987118e-05,-0.00195683264367208,-8.23796219417972e-06,-0.00194983737000154,3.23183715522646e-06,-0.00274758310247858,1.09416493758729e-05,-1.2329269629241e-05,-4.61575101553535e-05,-0.00325336591592151,-3.55063563226565e-05,3.23183715522646e-06,-0.00198028563664776,-0.00137815744260283,1.09416493758729e-05,-2.75426417726266e-05,-0.00280813169509386,-9.67454148037561e-05,-0.00136348922998053,-0.00269069706297831,-1.2329269629241e-05,1.24339690446007e-05,1.43772415084342e-05,3.23183715522646e-06,2.30860220984397e-06,-0.00198028563664776,-2.1553478239511e-05,-5.56744961039968e-05,-2.31323895514279e-05,-1.75501788719501e-05,3.01966461675462e-05,-0.000247595027979663,-0.0015217576847224,1.09416493758729e-05,3.23183715522646e-06,-1.2329269629241e-05,-0.00393448024633347,-3.55063563226565e-05,-0.000948372326523561,-0.0030054210829098,-0.00194983737000154,-3.34682101765793e-06,-0.00293709093621963,-0.0017303165842808,-1.2329269629241e-05,-0.000434513980861695,-0.00174030586207508,-3.88574982297385e-05,-0.00295852074179059,-0.004802037669422,-0.00240867021980318,-0.00286664165246719,2.30860220984397e-06,-1.2329269629241e-05,-0.00195683264367208,-0.00209701476320046,-0.00295852074179059,-0.00130713247558489,-2.66490745097769e-05,-0.000311163325054764,-8.23796219417972e-06,-3.55063563226565e-05,1.40501263317105e-05,7.19281626970769e-06,-1.2329269629241e-05,-0.00379311865669596,-0.00293709093621963,-0.0049529961470105,-0.0018202016334099,-0.000434513980861695,-0.000797681426672359,-0.00219993364810822,-0.00179302765090128,6.34407906208168e-06,-0.00173354597225561,1.56428838238298e-05,-3.55063563226565e-05,6.34407906208168e-06,-1.13184831933566e-05,-2.43232394314674e-06,-0.000300541956688605,5.49091026069704e-06,-0.00172930506228308,9.96921102922599e-05,1.59474341669963e-05,6.34407906208168e-06,-0.00105655729124976,-0.00163645728911899,-0.00297842573834828,-0.000300541956688605,7.258934667842e-05,-3.55063563226565e-05,-2.43232394314674e-06,-0.00244309603869564,-0.00235743895935769,0.123064141299408,1.09416493758729e-05,-0.0048710019160243,-0.00152672105421736,6.34407906208168e-06,-0.00329139510564147,-1.63457463777661e-05,-0.00233939875510991,-0.00069198169799467,1.59474341669963e-05,-1.02994665756029e-05,-0.000602849830239727,-0.00171400706876312,6.34407906208168e-06,-0.00329139510564147,1.73492459580871e-05,-0.00152672105421736,-0.00138209873846229,-0.00578169641336101
"10:67500110:T:G",-0.00434226575937657,2.8213105354169e-05,6.37070402786932e-05,-0.000168512234279383,-0.0025254307258713,2.22076539859728e-05,-0.00391966627356677,-1.16926160140807e-05,-0.00183564050847451,-4.14518786948648e-05,3.39322234479411e-05,0.000101413970043929,-0.00112708921239335,8.23868863424337e-05,-1.16926160140807e-05,-0.00562951669721112,4.28025264112009e-05,-4.14518786948648e-05,-0.0012350358508515,-0.00177820281870567,-2.39908817487589e-05,-5.12308553899388e-05,-0.00128077279660488,3.39322234479411e-05,-4.9226042107442e-05,6.37070402786932e-05,-1.16926160140807e-05,-8.24917978103912e-06,-0.00562951669721112,-1.51170648736709e-05,0.000116399877110318,-1.61023537437188e-06,-0.00196601859055523,-1.16926160140807e-05,-0.00285756296467188,-0.00022157483406815,-0.000487686028876055,-1.16926160140807e-05,3.39322234479411e-05,-0.000103110370249127,8.23868863424337e-05,-8.24917978103912e-06,-0.00164884263952825,-0.00391966627356677,9.26087733343905e-06,-0.00124605746427875,6.03825401057634e-06,3.39322234479411e-05,-0.000156495526830724,-0.000241590279002502,-0.00128533673720543,-0.00169166138072718,-0.000100790102509407,-0.00453354532734807,4.14025560706577e-05,-8.24917978103912e-06,3.39322234479411e-05,-0.0025254307258713,-3.32116546175598e-05,-0.00169166138072718,-0.000120203964542931,6.53272134591987e-05,-0.000103110370249127,2.22076539859728e-05,8.23868863424337e-05,0.000768577802112702,-2.57896781246103e-05,3.39322234479411e-05,-0.0019691934967403,-0.00124605746427875,-0.00338573055460234,-0.00111180135205302,-0.000156495526830724,-0.00376828586875089,-0.00231598220082407,-0.00122725769130394,-0.000862960664516521,-0.00628852242274913,-6.71598430441733e-05,8.23868863424337e-05,-0.000862960664516521,3.11071634646609e-05,-0.00123971394803046,-0.00125417220946034,-1.87240526248189e-05,-0.00351053945505519,1.54741757896204e-05,-6.92793474366127e-05,-0.000862960664516521,0.000111708383358611,-0.00453070985273207,-4.33595575852763e-05,-0.00125417220946034,-0.00209259603997225,8.23868863424337e-05,-0.00123971394803046,1.42644473912767e-05,-6.55901922375079e-06,1.09416493758729e-05,0.10842390345628,-0.000876625226561956,-0.00153460458560151,-0.000862960664516521,0.000109749302439788,-2.44503469826185e-05,-2.380392664314e-06,0.00010041872216604,-6.92793474366127e-05,-0.00166509394403214,-0.00229060293050143,-0.00366059154193454,-0.000862960664516521,0.000109749302439788,-7.85833366068189e-05,-0.00153460458560151,-0.000228477640448865,-0.00307970135940305
"10:67500355:G:C",-0.000441774515937077,6.81323881721596e-05,-0.000150942066388993,-0.000554302228088055,-0.00263148043233929,-0.00089963735103904,1.6307462447962e-05,-3.2585501459792e-05,-0.00744444957052171,-0.000106299723374725,8.39208708987016e-05,-0.000328906677805385,-0.00253681369336078,0.000200570151844381,-3.2585501459792e-05,-0.00115565611390167,-0.00198976970119169,-0.000106299723374725,-0.00299246776515183,-0.00698172949269082,-6.20625037983658e-05,-0.000133902514066087,-0.00110576127028938,8.39208708987016e-05,-0.000128226551835198,-0.000150942066388993,-3.2585501459792e-05,-0.00273547004292496,-0.00115565611390167,-4.77891009555975e-05,-0.000876788897596903,-4.46816590127241e-06,-0.00201664372095411,-3.2585501459792e-05,-0.00574811528446251,-0.000595584680252337,-0.000106299723374725,-3.2585501459792e-05,8.39208708987016e-05,-0.000680200193110991,0.000200570151844381,-0.00273547004292496,-0.00617428616698046,1.6307462447962e-05,-0.00265190379911573,-0.00141831560687411,1.17876911778225e-05,8.39208708987016e-05,-0.000133334685528119,-0.000650611604569029,-0.00280484224020849,-0.00651832843923383,-0.000485071708380858,-0.0101920240886693,9.91893805792898e-05,-0.00273547004292496,8.39208708987016e-05,-0.00263148043233929,-0.00144528360195384,-0.00651832843923383,-0.000316764240588796,0.000159537104902796,-0.000267456281485501,-0.00089963735103904,0.000200570151844381,-0.000145319299042157,-6.71027772538579e-05,8.39208708987016e-05,-0.00205978742560919,-0.00141831560687411,-0.00287781505222195,5.5415578867013e-05,-0.000133334685528119,-0.0124773298136849,-0.00246675165929489,-0.00145253356206787,-5.70907078696337e-05,-0.00459437643246297,-0.00109049119184856,0.000200570151844381,-5.70907078696337e-05,7.61325570364235e-05,4.19974331755668e-07,-0.00330572188197475,-4.73471173858542e-05,-0.00429527410387021,3.80012468816915e-05,-0.000180254017355885,-5.70907078696337e-05,-0.00251580608937996,-0.00261712109451118,-0.00011166804164553,-0.00330572188197475,-0.00134823159272024,0.000200570151844381,4.19974331755668e-07,2.92661830449958e-05,-0.00277433352984602,-0.0048710019160243,-0.000876625226561956,0.157095673846085,-0.0017936672906389,-5.70907078696337e-05,0.00026292414102258,-0.00156247433913759,-0.00349872758304226,0.000243903210826346,-0.000180254017355885,6.81323881730478e-05,-0.000637826656132212,5.99117032065166e-05,-5.70907078696337e-05,0.00026292414102258,-0.000202017791814946,-0.0017936672906389,-0.00142548656076258,-0.00104894718683335
"10:67502452:C:T",-0.000378274680128854,-3.90322380505737e-05,-0.00150802733024058,-0.00239870880987425,6.45501225706724e-05,-0.00324829999146115,-0.00241417286670931,-0.00183275006655403,1.15348438960439e-05,4.95359934538087e-05,0.000298674947663002,-0.000146547607311476,-0.00140895151954812,-0.00158452019080091,-0.00183275006655403,-0.00236218478197658,-0.000236926988185893,4.95359934538087e-05,-0.00239272158758119,-0.000377808614936193,2.86835788880779e-05,5.92216392014677e-05,-0.00413749787944884,0.000298674947663002,-0.00189803222554907,-0.00150802733024058,-0.00183275006655403,8.7668976123112e-06,-0.00236218478197658,-0.00354723983986016,-0.000995248386016279,1.7212129268529e-06,-6.33721085909755e-05,-0.00183275006655403,-0.000593400165092461,-0.00137067793991807,-0.00135308815573243,-0.00183275006655403,0.000298674947663002,0.000115268451177819,-0.00158452019080091,8.7668976123112e-06,-0.000525708561532667,-0.00241417286670931,-1.38734803805107e-05,-0.00364690085187913,-0.00164708170976624,0.000298674947663002,-6.64926940583399e-05,-0.00126970206886234,-0.00248576092828667,-2.42117757469629e-05,0.000113210907375816,1.56347176409888e-05,-5.87165719778682e-05,8.7668976123112e-06,0.000298674947663002,6.45501225706724e-05,-0.00197651477495064,-2.42117757469629e-05,0.000130110525040195,-9.14409261731919e-05,-0.00169436423937075,-0.00324829999146115,-0.00158452019080091,-0.00128352398912757,3.05331260541664e-05,0.000298674947663002,-0.00145479150602679,-0.00364690085187913,-1.05872098901116e-05,-0.00373867951645934,-6.64926940583399e-05,-0.0024134413323611,0.000322956629357662,-0.000273094058294454,-0.000464477692604603,-0.00824407089920154,7.74445659770251e-05,-0.00158452019080091,-0.000464477692604603,-4.22433657076837e-05,-0.00240081292843364,-2.06923374443946e-05,2.32331660257046e-05,-0.00018756970834044,-2.06270696869737e-05,7.94590355965852e-05,-0.000464477692604603,-0.00107811939472757,-0.00145652434031573,5.14396816084783e-05,-2.06923374443946e-05,-0.000103881047421872,-0.00062883514208778,-0.00240081292843364,-2.37626833294868e-05,6.98093790418852e-06,-0.00152672105421736,-0.00153460458560151,-0.0017936672906389,0.111511992161158,-0.000464477692604603,4.54373894251958e-05,-0.00176847768402855,-0.00167827753203031,-0.00029902002921034,7.94590355965852e-05,-3.90322380496855e-05,-0.000489661409050601,-9.9832969757685e-05,-0.000464477692604603,4.54373894251958e-05,9.07302483934558e-05,0.000340511497442186,-0.0014158210267281,-0.00331415358666165
"10:67502553:C:T",-0.00369699538213464,1.52015690160212e-05,-0.00629255795024442,-0.000544627127977648,-0.00769333366044567,1.2125179062572e-05,-0.00165197499408443,-6.06261406321806e-06,-0.000283528410880862,-2.22139403112109e-05,-0.00572556734095553,5.37292013937929e-05,-6.04966257009565e-05,4.38104610180901e-05,-6.06261406321806e-06,-0.00181802378729934,2.3021008878743e-05,-2.22139403112109e-05,1.87085799119302e-06,-0.000264804744581681,-1.27803761511558e-05,-2.73478735834942e-05,-0.00904759575371106,-0.00572556734095553,-2.62945915201485e-05,-0.00629255795024442,-6.06261406321806e-06,-4.27576135386687e-06,-0.00181802378729934,-7.48403794403885e-06,6.16049646993133e-05,-8.34084366907462e-07,2.44186253546275e-05,-6.06261406321806e-06,-0.000187550730106345,-0.000120739631979561,-0.00851816021073049,-6.06261406321806e-06,-0.00572556734095553,-5.56727441489713e-05,4.38104610180901e-05,-4.27576135386687e-06,-0.000230941719501665,-0.00165197499408443,5.11324833674109e-06,-0.00877269072172737,3.4513846918216e-06,-0.00572556734095553,-8.42766564721487e-05,-0.000131967947763378,1.12955790632085e-05,-0.000242173102815713,-5.44354379625744e-05,-0.00164317857386909,2.23088689157436e-05,-4.27576135386687e-06,-0.00572556734095553,-0.00769333366044567,-1.75943090363617e-05,-0.000242173102815713,-6.48034533954345e-05,3.48247568888738e-05,-0.00541705014247729,1.2125179062572e-05,4.38104610180901e-05,-0.00318615108911224,-1.37188200355354e-05,-0.00572556734095553,-0.00814339643730211,-0.00877269072172737,-0.000179734309594615,-0.00143423288166122,-8.42766564721487e-05,-0.0039420771938028,6.79773451404131e-05,-6.51959819464309e-09,0.000414821673140331,-0.00412925660979546,-3.60356885256152e-05,4.38104610180901e-05,0.000414821673140331,1.6682773199328e-05,2.79015362458779e-06,-1.20360870941028e-05,-1.00344951761144e-05,-0.00282003472982684,8.31437497694765e-06,-3.71551840201434e-05,0.000414821673140331,5.93046742105585e-05,-0.000271016636349763,-2.32147307421826e-05,-1.20360870941028e-05,-0.00235778539710729,4.38104610180901e-05,2.79015362458779e-06,8.05049275953706e-06,-3.39914714597711e-06,6.34407906208168e-06,-0.000862960664516521,-5.70907078696337e-05,-0.000464477692604603,0.148894398456007,5.83434466259192e-05,-1.2693110360118e-05,-8.94951433849656e-07,-0.00160628902760074,-3.71551840201434e-05,1.52015690160212e-05,-0.00133267456737229,-0.00188314409928658,0.000414821673140331,5.83434466259192e-05,-4.23604434587332e-05,-0.000464477692604603,-0.000124516188967583,0.000108003924634836
"10:67504808:A:G",-0.00138340136471093,-0.00226516364280815,0.000156700540674848,0.000105892612001668,-0.000519773747005736,-7.45096759091624e-05,-2.96932530829963e-05,2.37748766975798e-05,-0.00257825289305114,-0.00947094607879073,-9.78188700422322e-05,-0.00030361687664282,-2.95796470428655e-05,-0.000246835476661822,2.37748766975798e-05,0.000130055497206349,-0.00101338213098945,-0.00947094607879073,-3.52536622845179e-05,-0.0026337715116842,6.19739908565009e-05,-0.00247997255748444,-0.000216668013117705,-9.78188700422322e-05,0.000125600632872924,0.000156700540674848,2.37748766975798e-05,1.67945599018893e-05,0.000130055497206349,-3.11511775912265e-05,-0.00035440121838004,3.28633474300233e-06,-0.000137626278522873,2.37748766975798e-05,-0.0019030759443277,-0.0017436475301027,0.000109749302439788,2.37748766975798e-05,-9.78188700422322e-05,0.000266586861285667,-0.000246835476661822,-0.00148588910649483,-0.00125774767237097,-2.96932530829963e-05,-3.29144761375133e-05,-0.000288417974637412,-2.64357342985022e-05,-9.78188700422322e-05,-0.00398010704329277,-0.00184428195044006,-8.78654963409886e-05,-0.00124618772521856,0.000261912008139298,-0.000666784087601791,-0.0037063878757424,1.67945599018893e-05,-9.78188700422322e-05,-0.000519773747005736,8.07355439897961e-05,-0.00124618772521856,0.000300760656432253,-0.000194406035091355,-0.0037917536688985,-7.45096759091624e-05,-0.000246835476661822,0.000152626695640201,6.56442408981661e-05,-9.78188700422322e-05,-0.000578955167618744,-0.000288417974637412,-0.000802576787036102,-0.00535960514849076,-0.00398010704329277,-0.00166994963542511,-0.000402519553986735,-2.81419803940253e-05,5.83434466259192e-05,0.000546265829665771,-0.0012544463508295,-0.000246835476661822,5.83434466259192e-05,0.000706092390300839,-3.87444599931897e-05,-6.26390332802984e-05,-0.00089629065427399,0.000754440671115297,-4.54482420790825e-05,-0.0022373354740779,5.83434466259192e-05,-0.000346958830873767,-0.000936337581902258,-0.00239627051847879,-6.26390332802984e-05,0.00212500325866838,-0.000246835476661822,-3.87444599931897e-05,-0.00322464235875142,-0.00153346311691216,-0.00329139510564147,0.000109749302439788,0.00026292414102258,4.54373894251958e-05,5.83434466259192e-05,0.0876092786739817,4.94828168493555e-05,-3.35051927962127e-05,-0.00030189948965198,-0.0022373354740779,-8.64248937970657e-05,-0.00137700017070763,-8.05346448702338e-05,5.83434466259192e-05,0.00216039128960155,0.000207167862962265,4.54373894251958e-05,-0.00163756889407907,-0.00296896830204707
"10:67505835:C:A",-0.00528419126401491,1.50371860492271e-05,-3.57296291939591e-05,-2.32965514594952e-05,6.4310223282682e-05,-0.00228798595673396,-0.0019841302309862,-0.00222928154105784,4.2402265490793e-05,-2.44503469826185e-05,1.7757932600837e-05,4.63672953179284e-05,-6.67994743590583e-05,-0.00197585068206596,-0.00222928154105784,-0.000542379294190987,-0.00162602204671902,-2.44503469826185e-05,5.76570636390272e-06,4.1999931071679e-05,-1.37239669060207e-05,-0.000131818387181681,-0.000559598219464164,1.7757932600837e-05,-0.00273475964645531,-3.57296291939591e-05,-0.00222928154105784,-0.00238875458262111,-0.000542379294190987,-0.00413457147972629,-0.000662171961169911,-8.66719699565976e-07,-0.00165968155388985,-0.00196579829621335,-0.00022109692812311,-0.00320936676463113,-2.44503469826185e-05,-0.00222928154105784,1.7757932600837e-05,-6.64184878331753e-05,-0.00197585068206596,-0.00201337438573557,3.42589653197223e-05,-0.0019841302309862,-0.00229136634415905,-0.000773274240295052,-0.00284963191314258,1.7757932600837e-05,-0.00165138254745134,-0.0033730666330456,1.01666786092025e-05,3.47605320012434e-05,-6.47469963643843e-05,-0.00239979642948462,-0.00363141802340827,-0.00238875458262111,1.7757932600837e-05,6.4310223282682e-05,-0.00676857393434815,3.47605320012434e-05,-0.00295098692063611,3.22675144053264e-05,-0.000881418738118533,-0.00228798595673396,-0.00197585068206596,-3.44471029967153e-05,-1.47733572033459e-05,1.7757932600837e-05,-0.000917730898411406,-0.000773274240295052,-0.000181231283750805,-0.00256829237786427,-0.00165138254745134,-0.00205631096481795,5.53260139612988e-05,-0.00409802542833493,-1.2693110360118e-05,5.37052368168034e-05,-0.00135950597156409,-0.00197585068206596,-1.2693110360118e-05,1.64217143368006e-05,6.44477266487087e-06,-0.00029172418021961,-1.06852740273666e-05,-0.00226444782281998,8.39689866616311e-06,-0.00295590171619242,-1.2693110360118e-05,-0.00222608344727693,-0.00424230017414917,-0.00330090022661,-0.00029172418021961,6.7318941711747e-05,3.92924147529783e-05,6.44477266487087e-06,-0.00653202471945402,-0.00205783420939198,-1.63457463777661e-05,-2.44503469826185e-05,-0.00156247433913759,-0.00176847768402855,-1.2693110360118e-05,4.94828168493555e-05,0.141890506892784,-0.00203450765964241,4.60387182741329e-05,-0.00295590171619242,-0.00192683302469199,-0.000822921461630877,-0.00221606355727655,-1.2693110360118e-05,4.94828168493555e-05,-4.89942085044603e-05,-0.00176847768402855,-0.00312335620214199,-0.00327988917871513
"10:67507715:T:C",-0.00260177407411621,-1.65051959655216e-07,-4.29923703926249e-06,-0.000991596010766038,-2.16715255616506e-05,-0.00243543228904741,1.11105799227573e-07,-0.00209514241986142,-9.49565590699919e-05,-2.380392664314e-06,-3.62849266188903e-07,-7.77131892348848e-06,-0.00159679736000307,-4.78355161614985e-06,-0.00209514241986142,-0.00229135312603646,-8.65025372220884e-07,-2.380392664314e-06,-1.83432132327965e-06,-0.000112150339814043,-9.98134032315079e-07,-3.3226870197467e-06,-0.00222968865295847,-3.62849266188903e-07,-3.11743124736807e-06,-4.29923703926249e-06,-0.00209514241986142,-0.00214436040570032,-0.00229135312603646,-0.000500464380700727,-1.07458825269191e-05,-0.00392278844698613,-1.02427589787624e-06,-3.35834336340213e-07,-0.00650223396462124,-0.00297222218153692,-0.00130911139085832,-0.00209514241986142,-3.62849266188903e-07,-1.13631695644045e-05,-4.78355161614985e-06,-2.14497904771349e-07,-0.000174158721874207,1.11105799227573e-07,-0.0024316436838534,-0.00220538456202668,-0.00230254541149044,-3.62849266188903e-07,-0.00240524252023366,-0.00312508671438483,-0.000744251190719858,-0.000157119835521691,-1.09304006246091e-05,-0.00585683070822762,-7.88532781292872e-07,-0.00214436040570032,-3.62849266188903e-07,-2.16715255616506e-05,-0.00189686848818216,-0.000157119835521691,-1.47990295884526e-05,-0.00107844199696494,-1.13631695644045e-05,-0.00243543228904741,-4.78355161614985e-06,-4.06772319649917e-06,-1.10763065030994e-06,-3.62849266188903e-07,-0.000501513785991392,-0.00220538456202668,-0.000291596563909202,-0.00224182687014807,-0.00240524252023366,-0.00513737596216846,-1.42029596057469e-05,-0.00205623628333118,-8.94951433849656e-07,-1.80801303795164e-05,-0.00140566298876887,-4.78355161614985e-06,-8.94951433849656e-07,-2.58622960380706e-07,-2.06885645770427e-06,-4.05448225393457e-06,-7.06742207867705e-07,-0.0039282834986949,-0.00538855878106492,-5.59862444404757e-06,-8.94951433849656e-07,-9.91769594183012e-06,-7.38517628651181e-05,-2.55256731485076e-06,-4.05448225393457e-06,-0.000408219004044419,-0.00182708321331315,-2.06885645770427e-06,9.93124036341442e-08,-1.61784469376869e-07,-0.00233939875510991,-2.380392664314e-06,-0.00349872758304226,-0.00167827753203031,-8.94951433849656e-07,-3.35051927962127e-05,-0.00203450765964241,0.115289793568902,-0.000422774037434515,-5.59862444404757e-06,-1.65051957878859e-07,-0.00230762120364281,-8.30025728149053e-08,-8.94951433849656e-07,-3.35051927962127e-05,-7.06012174767068e-06,-0.00167827753203031,-0.00288225034828304,-0.00277278042368057
"10:67508177:C:T",-0.00419452204593185,-0.000131270858196864,0.00014380457150498,9.68042185069962e-05,3.54457876214909e-05,-6.62473600510083e-05,-2.62772193737604e-05,2.20974504721028e-05,-0.00053221254517144,0.00010041872216604,0.00138452965193725,-0.000268425589539767,-0.000385410117346829,-0.000218886395233042,2.20974504721028e-05,-0.000848433901049717,-0.0001178104065227,0.00010041872216604,-2.98690349147535e-05,-0.000609150163041861,5.66237208863285e-05,-0.000866274355396435,-0.000749935532987855,0.00138452965193725,0.000115288773324451,0.00014380457150498,2.20974504721028e-05,1.56053260447209e-05,-0.000848433901049717,-0.00451865935842388,-0.000311935148247677,3.05200872130484e-06,-0.000122759906771464,-0.000561760132606004,-0.00121823824943768,0.000504091779527371,0.00010041872216604,2.20974504721028e-05,0.00138452965193725,-0.00235294698288246,-0.000218886395233042,1.56053260447209e-05,-0.000849994413809618,-2.62772193737604e-05,-2.92634612923948e-05,-0.000693526334961447,-2.32566450133476e-05,0.00138452965193725,0.000348072327312821,0.000548836425947385,-7.67034633124553e-05,-0.000790637296291585,-0.0032251026215242,0.000916526567100284,-0.000115292575204151,1.56053260447209e-05,0.00138452965193725,3.54457876214909e-05,7.41454748984793e-05,-0.000790637296291585,0.000279638819922212,0.000448485485606831,0.000246930867269235,-6.62473600510083e-05,-0.000218886395233042,0.000139967245851302,6.00491507558587e-05,0.00138452965193725,-0.000243388200101613,-0.000693526334961447,-0.0010864862671891,-0.00211366439410909,0.000348072327312821,-0.00244054562362006,-0.000352239159606249,-2.32692351636032e-05,-0.00160628902760074,-0.00064046354070868,0.000159589235543933,-0.000218886395233042,-0.00160628902760074,-8.25986422841041e-05,-0.000462956247768709,-0.00044391731410176,4.65737659736121e-05,0.000286608481917305,-4.08765505630626e-05,0.000163647966781255,-0.00160628902760074,-0.000304851533943662,-0.000824926713578478,0.000104073736881816,-0.00044391731410176,0.0020207967361987,0.000527836141516858,-0.000462956247768709,-5.17245308389036e-05,1.24140391575267e-05,-0.00069198169799467,0.00010041872216604,0.000243903210826346,-0.00029902002921034,-0.00160628902760074,-0.00030189948965198,4.60387182741329e-05,-0.000422774037434515,0.0319013008392091,0.000163647966781255,-7.72719882657924e-05,-0.000640682378937996,-7.18229823331029e-05,-0.00160628902760074,-0.00030189948965198,0.000190887574323284,-0.00029902002921034,0.000516944204848713,-0.00160022492163581
"10:67509573:G:A",-0.00350834387277121,-0.00216957297896503,-9.84706197693086e-05,-6.59982828938865e-05,0.000263462533507841,-0.0039278284232962,1.18383342204709e-05,-0.00298280325988731,-0.00199243180896769,-6.92793474366127e-05,5.57799783411639e-05,0.000165360547231153,-0.000197056099945137,0.000134423629193137,-0.00298280325988731,-0.00133309400434989,6.9539249793138e-05,-6.92793474366127e-05,-0.00281675513175017,-0.00193573308533246,-4.02425884491464e-05,-8.6338199071001e-05,0.000144486684509282,5.57799783411639e-05,0.000587254870992204,-9.84706197693086e-05,-0.00298280325988731,-1.42965462153199e-05,-0.00133309400434989,-0.00285082816169258,0.000189222941037848,-2.78734667258362e-06,7.42870288279462e-05,-2.0276842701783e-05,-0.00142902118345223,-0.00103328263201163,-6.92793474366127e-05,-0.00298280325988731,5.57799783411639e-05,-0.000173297915162962,0.000134423629193137,-1.42965462153199e-05,-0.00181822649463026,1.18383342204709e-05,1.46134750584892e-05,0.000252605014935625,-0.00274577109329321,5.57799783411639e-05,-0.00129679167375407,-0.000981487729189823,-0.00272025682866772,-0.00186021237876677,-0.00016922031591271,-0.000174510713343068,-0.00237314529046895,-1.42965462153199e-05,5.57799783411639e-05,0.000263462533507841,-0.00318809798744457,-0.00186021237876677,-0.000203423626480514,0.000106756065185287,-0.000173297915162962,-0.0039278284232962,0.000134423629193137,-9.49944139954084e-05,-4.33698894859447e-05,5.57799783411639e-05,-0.00184549286041147,0.000252605014935625,-3.42050544315242e-05,-0.00634563884426687,-0.00129679167375407,-0.00314211937429265,0.000207654204436025,-0.00310707906493679,-3.71551840201434e-05,-0.00158690567857356,-0.000112834541725171,0.000134423629193137,-3.71551840201434e-05,5.09046629622034e-05,-0.00281094718060881,-0.00276453762058892,-3.10970718473413e-05,-0.00162142103488794,2.5365393867105e-05,0.00128054694317381,-3.71551840201434e-05,-0.0024869200635198,-0.00127893529556822,-7.26028627973108e-05,-0.00276453762058892,-0.00219791013683501,0.000134423629193137,-0.00281094718060881,-0.00267586307985646,-1.1363899724337e-05,1.59474341669963e-05,-6.92793474366127e-05,-0.000180254017355885,7.94590355965852e-05,-3.71551840201434e-05,-0.0022373354740779,-0.00295590171619242,-5.59862444404757e-06,0.000163647966781255,0.106738361062976,4.59046588847656e-05,-0.000100649660794261,4.07751497863984e-05,-3.71551840201434e-05,-0.0022373354740779,-0.000131533316713117,7.94590355965852e-05,-0.00109466026600735,-0.00301997056064085
"10:67509752:A:G",9.9497571781626e-05,-2.11877264923999e-05,3.98659272269342e-05,2.70831327391363e-05,-0.000132809171393689,-1.73755451724489e-05,-6.41312562787988e-06,-0.00198557939879862,-7.03170281246557e-05,2.82131053550572e-05,-2.48443839101498e-05,-0.00105399939496742,-0.00219757550582589,-6.2771865422917e-05,-0.00198557939879862,-0.00100776328197583,-3.24889382392612e-05,2.82131053550572e-05,0.00176617871893914,-6.9577611907512e-05,1.62856359535724e-05,3.40331887231926e-05,-0.00281694795274579,-2.48443839101498e-05,3.28459265155345e-05,3.98659272269342e-05,-0.00198557939879862,5.12498737847977e-06,-0.00100776328197583,7.64990695589773e-06,-9.07533789291648e-05,1.00456487306388e-06,0.000362311375188717,7.24865562684585e-06,-7.57021498731802e-06,-0.00267689440079888,2.82131053550572e-05,-0.00198557939879862,-2.48443839101498e-05,6.74856249229805e-05,-6.2771865422917e-05,5.12498737847977e-06,-5.42123985702858e-05,-6.41312562787988e-06,-7.41690773153891e-06,-0.0030185449765785,-0.00179037260380621,-2.48443839101498e-05,3.38173787266527e-05,-0.00281137805951204,0.00181906512809782,-5.50346025640636e-05,6.61871786551416e-05,-0.00617439320059709,-3.15905477474843e-05,5.12498737847977e-06,-2.48443839101498e-05,-0.000132809171393689,-0.00213985360849378,-5.50346025640636e-05,-0.00256247779194663,-4.92327999896958e-05,6.74856249229805e-05,-1.73755451724489e-05,-6.2771865422917e-05,3.86929290598914e-05,1.73805530723214e-05,-2.48443839101498e-05,-0.00130273693330629,-0.0030185449765785,-0.00163795434310821,-0.00210824938469401,3.38173787266527e-05,-0.00543327410946315,-0.000101974251620618,-2.6559306531837e-06,1.52015690160212e-05,-0.000101348126249512,4.4673199075973e-05,-6.2771865422917e-05,1.52015690160212e-05,-2.30349024521459e-05,0.00176792130019354,-0.00181111817907809,1.30653618430898e-05,-8.86672915996201e-05,-1.13305771956007e-05,4.59046588847656e-05,1.52015690160212e-05,-8.76965567142562e-05,-0.00241380167197214,2.93542092046906e-05,-0.00181111817907809,-0.00014721529973194,-6.2771865422917e-05,0.00176792130019354,-1.23763120498666e-05,4.07925330669912e-06,-1.02994665756029e-05,-0.00166509394403214,6.81323881730478e-05,-3.90322380496855e-05,1.52015690160212e-05,-8.64248937970657e-05,-0.00192683302469199,-1.65051957878859e-07,-7.72719882657924e-05,4.59046588847656e-05,0.0608880463983157,-0.00247044455906753,-1.93016816636415e-05,1.52015690160212e-05,-8.64248937970657e-05,5.24730550486296e-05,-3.90322380496855e-05,-0.00258072997421532,-0.00184632952740227
"10:67511092:G:C",-0.00204481533070977,-1.18814555039037e-05,-0.00167036232106543,-0.00252107875672003,-0.00128820749295055,9.15118116902036e-05,-0.000297059495453666,-0.00647943077271762,-0.00259018906071251,-0.00359737071389787,6.90983679483281e-05,0.00040302382967905,-0.00326397228444675,0.0005119841515695,-0.00647943077271762,-0.00197850554671319,-0.00182829718874977,-0.00359737071389787,-0.00240639983877822,-0.00132321872795549,-0.000431060996265664,-0.00215691523128569,-0.00442496721121355,6.90983679483281e-05,-0.00209850659586142,-0.00167036232106543,-0.00647943077271762,-0.000349640854417466,-0.00197850554671319,-0.00267310566191714,-0.00425504595501458,-4.26379818474487e-06,-0.00275329188105911,-0.00340868434797592,-0.00434949826123887,0.00102503365167017,-0.00290554743540383,-0.00647943077271762,6.90983679483281e-05,-0.00189722012579452,0.0005119841515695,-0.00670628079971003,-0.00076419948531381,-0.000297059495453666,-0.000687320646974854,-0.00556424170843828,-0.00796105017166671,6.90983679483281e-05,0.000254963858417501,0.000942943768290849,-0.00302744572256008,-0.00156924731128161,-0.00182357332997363,-0.00671507494870616,-0.0020082177118228,-0.000349640854417466,6.90983679483281e-05,-0.00128820749295055,-0.00829874877677561,-0.00156924731128161,-0.00339686819387586,-0.000211149416983858,-0.00598944945121449,9.15118116902036e-05,0.0005119841515695,0.000237105225401102,-0.000719136197537829,6.90983679483281e-05,-0.00471847210522069,-0.00556424170843828,-0.00474716105778228,-0.00857617218664819,0.000254963858417501,-0.00359814702719552,-0.0010712403920885,-0.000187453646955937,-0.00133267456737229,-0.00487055605677744,-0.000786017162758945,0.0005119841515695,-0.00133267456737229,-0.00287638968970949,-0.000859004649268247,-0.00126755176925375,0.000324904408382842,-0.00145246577387814,3.41283928646519e-05,-0.000100649660794261,-0.00133267456737229,-0.00249872675439322,-0.00122860992845508,-0.00956547873428093,-0.00126755176925375,-0.000834696222472342,0.000438760093737223,-0.000859004649268247,-0.00123076074221906,-0.00415021726311515,-0.000602849830239727,-0.00229060293050143,-0.000637826656132212,-0.000489661409050601,-0.00133267456737229,-0.00137700017070763,-0.000822921461630877,-0.00230762120364281,-0.000640682378937996,-0.000100649660794261,-0.00247044455906753,0.227227128489122,2.77954876182207e-05,-0.00133267456737229,-0.00137700017070763,-0.00208657209948893,-0.000489661409050601,0.000271819159301856,-0.000781457664434271
"10:67512737:A:T",5.13584814685331e-05,-1.93016816636415e-05,-0.00308577404367671,2.42431183856695e-05,-0.00109745934537742,-1.57820093846794e-05,2.32651052298749e-05,-0.00228355233021205,-6.51753742726413e-05,2.52474957509463e-05,-2.26859563543513e-05,-7.24495802861824e-05,6.13769047488333e-05,-5.8068795102173e-05,-0.00228355233021205,-0.00326650450617372,-2.97207265260724e-05,2.52474957509463e-05,-4.3280116939215e-06,-6.44699333891552e-05,1.4656569923055e-05,3.04050263641997e-05,-0.00171124183357385,-2.26859563543513e-05,2.93550705494638e-05,-0.00308577404367671,-0.00228355233021205,4.65333963983738e-06,-0.00326650450617372,-1.02085563415955e-05,-8.47052313197594e-05,-0.00386076481218645,-3.13693215634459e-05,6.57633237732824e-06,-6.58195351910251e-06,-0.00139324303423205,-0.000499876720816417,-0.00228355233021205,-2.26859563543513e-05,-0.00399859879603426,-5.8068795102173e-05,4.65333963983738e-06,-4.99593172715862e-05,2.32651052298749e-05,-6.7026316656893e-06,-0.00164660548528239,-0.00250253614688578,-2.26859563543513e-05,4.63071076071131e-05,-0.00129897335658491,-1.62075788567861e-05,-5.07367171733719e-05,5.81895079649897e-05,-0.00165360203786857,-2.88838463289309e-05,4.65333963983738e-06,-2.26859563543513e-05,-0.00109745934537742,-0.00207142663862836,-5.07367171733719e-05,-0.00159688735992436,-4.53359915484342e-05,5.92987503624798e-05,-1.57820093846794e-05,-5.8068795102173e-05,-0.000195727844499949,1.56391736014783e-05,-2.26859563543513e-05,-0.00037761419307536,-0.00164660548528239,-0.0026377096764536,-0.00206511207451587,4.63071076071131e-05,-3.98678269828423e-05,-0.0011949840004819,-2.27651896089753e-06,-0.00188314409928658,-0.000155214936306436,3.96985523405391e-05,-5.8068795102173e-05,-0.00188314409928658,-2.10102682673963e-05,-5.337652307702e-06,-0.000978228573887741,1.17616158838985e-05,-8.26065449439639e-05,-0.00146041107076567,4.07751497863984e-05,-0.00188314409928658,-0.00359530572255995,-0.00134357436288735,-0.00163719930986606,-0.000978228573887741,-0.000139622228449099,-5.8068795102173e-05,-5.337652307702e-06,-1.11798372097738e-05,3.70528725746055e-06,-0.00171400706876312,-0.00366059154193454,5.99117032065166e-05,-9.9832969757685e-05,-0.00188314409928658,-8.05346448702338e-05,-0.00221606355727655,-8.30025728149053e-08,-7.18229823331029e-05,4.07751497863984e-05,-1.93016816636415e-05,2.77954876182207e-05,0.090260593246315,-0.00188314409928658,-8.05346448702338e-05,4.64343028276915e-05,-9.9832969757685e-05,-0.00144038296425286,-0.00625194775215743
"10:67514573:A:T",-0.00369699538213464,1.52015690160212e-05,-0.00629255795024442,-0.000544627127977648,-0.00769333366044567,1.2125179062572e-05,-0.00165197499408443,-6.06261406321806e-06,-0.000283528410880862,-2.22139403112109e-05,-0.00572556734095553,5.37292013937929e-05,-6.04966257009565e-05,4.38104610180901e-05,-6.06261406321806e-06,-0.00181802378729934,2.3021008878743e-05,-2.22139403112109e-05,1.87085799119302e-06,-0.000264804744581681,-1.27803761511558e-05,-2.73478735834942e-05,-0.00904759575371106,-0.00572556734095553,-2.62945915201485e-05,-0.00629255795024442,-6.06261406321806e-06,-4.27576135386687e-06,-0.00181802378729934,-7.48403794403885e-06,6.16049646993133e-05,-8.34084366907462e-07,2.44186253546275e-05,-6.06261406321806e-06,-0.000187550730106345,-0.000120739631979561,-0.00851816021073049,-6.06261406321806e-06,-0.00572556734095553,-5.56727441489713e-05,4.38104610180901e-05,-4.27576135386687e-06,-0.000230941719501665,-0.00165197499408443,5.11324833674109e-06,-0.00877269072172737,3.4513846918216e-06,-0.00572556734095553,-8.42766564721487e-05,-0.000131967947763378,1.12955790632085e-05,-0.000242173102815713,-5.44354379625744e-05,-0.00164317857386909,2.23088689157436e-05,-4.27576135386687e-06,-0.00572556734095553,-0.00769333366044567,-1.75943090363617e-05,-0.000242173102815713,-6.48034533954345e-05,3.48247568888738e-05,-0.00541705014247729,1.2125179062572e-05,4.38104610180901e-05,-0.00318615108911224,-1.37188200355354e-05,-0.00572556734095553,-0.00814339643730211,-0.00877269072172737,-0.000179734309594615,-0.00143423288166122,-8.42766564721487e-05,-0.0039420771938028,6.79773451404131e-05,-6.51959819464309e-09,0.000414821673140331,-0.00412925660979546,-3.60356885256152e-05,4.38104610180901e-05,0.000414821673140331,1.6682773199328e-05,2.79015362458779e-06,-1.20360870941028e-05,-1.00344951761144e-05,-0.00282003472982684,8.31437497694765e-06,-3.71551840201434e-05,0.000414821673140331,5.93046742105585e-05,-0.000271016636349763,-2.32147307421826e-05,-1.20360870941028e-05,-0.00235778539710729,4.38104610180901e-05,2.79015362458779e-06,8.05049275953706e-06,-3.39914714597711e-06,6.34407906208168e-06,-0.000862960664516521,-5.70907078696337e-05,-0.000464477692604603,0.000414821673140331,5.83434466259192e-05,-1.2693110360118e-05,-8.94951433849656e-07,-0.00160628902760074,-3.71551840201434e-05,1.52015690160212e-05,-0.00133267456737229,-0.00188314409928658,0.148894398456007,5.83434466259192e-05,-4.23604434587332e-05,-0.000464477692604603,-0.000124516188967583,0.000108003924634836
"10:67515846:C:T",-0.00138340136471093,-0.00226516364280815,0.000156700540674848,0.000105892612001668,-0.000519773747005736,-7.45096759091624e-05,-2.96932530829963e-05,2.37748766975798e-05,-0.00257825289305114,-0.00947094607879073,-9.78188700422322e-05,-0.00030361687664282,-2.95796470428655e-05,-0.000246835476661822,2.37748766975798e-05,0.000130055497206349,-0.00101338213098945,-0.00947094607879073,-3.52536622845179e-05,-0.0026337715116842,6.19739908565009e-05,-0.00247997255748444,-0.000216668013117705,-9.78188700422322e-05,0.000125600632872924,0.000156700540674848,2.37748766975798e-05,1.67945599018893e-05,0.000130055497206349,-3.11511775912265e-05,-0.00035440121838004,3.28633474300233e-06,-0.000137626278522873,2.37748766975798e-05,-0.0019030759443277,-0.0017436475301027,0.000109749302439788,2.37748766975798e-05,-9.78188700422322e-05,0.000266586861285667,-0.000246835476661822,-0.00148588910649483,-0.00125774767237097,-2.96932530829963e-05,-3.29144761375133e-05,-0.000288417974637412,-2.64357342985022e-05,-9.78188700422322e-05,-0.00398010704329277,-0.00184428195044006,-8.78654963409886e-05,-0.00124618772521856,0.000261912008139298,-0.000666784087601791,-0.0037063878757424,1.67945599018893e-05,-9.78188700422322e-05,-0.000519773747005736,8.07355439897961e-05,-0.00124618772521856,0.000300760656432253,-0.000194406035091355,-0.0037917536688985,-7.45096759091624e-05,-0.000246835476661822,0.000152626695640201,6.56442408981661e-05,-9.78188700422322e-05,-0.000578955167618744,-0.000288417974637412,-0.000802576787036102,-0.00535960514849076,-0.00398010704329277,-0.00166994963542511,-0.000402519553986735,-2.81419803940253e-05,5.83434466259192e-05,0.000546265829665771,-0.0012544463508295,-0.000246835476661822,5.83434466259192e-05,0.000706092390300839,-3.87444599931897e-05,-6.26390332802984e-05,-0.00089629065427399,0.000754440671115297,-4.54482420790825e-05,-0.0022373354740779,5.83434466259192e-05,-0.000346958830873767,-0.000936337581902258,-0.00239627051847879,-6.26390332802984e-05,0.00212500325866838,-0.000246835476661822,-3.87444599931897e-05,-0.00322464235875142,-0.00153346311691216,-0.00329139510564147,0.000109749302439788,0.00026292414102258,4.54373894251958e-05,5.83434466259192e-05,0.00216039128960155,4.94828168493555e-05,-3.35051927962127e-05,-0.00030189948965198,-0.0022373354740779,-8.64248937970657e-05,-0.00137700017070763,-8.05346448702338e-05,5.83434466259192e-05,0.0876092786739817,0.000207167862962265,4.54373894251958e-05,-0.00163756889407907,-0.00296896830204707
"10:67516759:C:G",-0.000309201594531849,5.24730550477415e-05,-0.000111211192363569,-7.485263164142e-05,0.000311384408601789,4.02477634899867e-05,1.31972905252908e-05,-2.34563023679968e-05,0.000168298344966011,-7.85833366068189e-05,6.41278810880053e-05,0.00019300103528952,-0.000221232658105919,0.000156075424234459,-2.34563023679968e-05,-0.00266128975460411,7.97267919017131e-05,-7.85833366068189e-05,-0.00764884936605537,0.000165882971203679,-4.59008687148099e-05,-9.79232056170787e-05,0.000164624281151937,6.41278810880053e-05,-9.3960931610404e-05,-0.000111211192363569,-2.34563023679968e-05,-1.65535530509686e-05,-0.00266128975460411,-3.27070364329884e-05,0.000221474918206788,-3.23315461692175e-06,8.53727778595825e-05,-2.34563023679968e-05,-1.36550752207754e-05,-0.000139096688509532,-7.85833366068189e-05,-2.34563023679968e-05,6.41278810880053e-05,0.0035559318219418,0.000156075424234459,-1.65535530509686e-05,0.000128511892033778,1.31972905252908e-05,1.64316687811805e-05,0.000294741980342295,9.92361244911422e-06,6.41278810880053e-05,-0.000395228192465069,-8.91345728639692e-05,-0.00754854488042334,0.000131175282968243,0.00417600753129754,-0.00225926442926649,7.68522496734647e-05,-1.65535530509686e-05,6.41278810880053e-05,0.000311384408601789,-6.42549600513576e-05,0.000131175282968243,-0.00011195287879584,0.000123454132300971,-0.000194015196409936,4.02477634899867e-05,0.000156075424234459,-0.000107290873978982,-4.94837170927909e-05,6.41278810880053e-05,0.000336210192114272,0.000294741980342295,0.000144107451864883,-0.00200027752311005,-0.000395228192465069,-0.00218645372901705,0.000243263800396853,-7.69429559088763e-06,-4.23604434587332e-05,0.000220070121710769,-0.000127369897263918,0.000156075424234459,-4.23604434587332e-05,5.8369251890511e-05,-0.00764253839159945,1.09944777673121e-05,-3.54038847616422e-05,0.000197463998379277,2.89900012901967e-05,-0.000131533316713117,-4.23604434587332e-05,0.000211380472895151,-0.0017533027266543,-8.23587027971584e-05,1.09944777673121e-05,0.000338957169105036,0.000156075424234459,-0.00764253839159945,2.40981309298505e-05,-1.31638999469885e-05,1.73492459580871e-05,-7.85833366068189e-05,-0.000202017791814946,9.07302483934558e-05,-4.23604434587332e-05,0.000207167862962265,-4.89942085044603e-05,-7.06012174767068e-06,0.000190887574323284,-0.000131533316713117,5.24730550486296e-05,-0.00208657209948893,4.64343028276915e-05,-4.23604434587332e-05,0.000207167862962265,0.0438356741002712,9.07302483934558e-05,-0.000201189733739504,-0.0080950262263304
"10:67517265:T:C",-0.000378274680128854,-3.90322380505737e-05,-0.00150802733024058,-0.00239870880987425,6.45501225706724e-05,-0.00324829999146115,-0.00241417286670931,-0.00183275006655403,1.15348438960439e-05,4.95359934538087e-05,0.000298674947663002,-0.000146547607311476,-0.00140895151954812,-0.00158452019080091,-0.00183275006655403,-0.00236218478197658,-0.000236926988185893,4.95359934538087e-05,-0.00239272158758119,-0.000377808614936193,2.86835788880779e-05,5.92216392014677e-05,-0.00413749787944884,0.000298674947663002,-0.00189803222554907,-0.00150802733024058,-0.00183275006655403,8.7668976123112e-06,-0.00236218478197658,-0.00354723983986016,-0.000995248386016279,1.7212129268529e-06,-6.33721085909755e-05,-0.00183275006655403,-0.000593400165092461,-0.00137067793991807,-0.00135308815573243,-0.00183275006655403,0.000298674947663002,0.000115268451177819,-0.00158452019080091,8.7668976123112e-06,-0.000525708561532667,-0.00241417286670931,-1.38734803805107e-05,-0.00364690085187913,-0.00164708170976624,0.000298674947663002,-6.64926940583399e-05,-0.00126970206886234,-0.00248576092828667,-2.42117757469629e-05,0.000113210907375816,1.56347176409888e-05,-5.87165719778682e-05,8.7668976123112e-06,0.000298674947663002,6.45501225706724e-05,-0.00197651477495064,-2.42117757469629e-05,0.000130110525040195,-9.14409261731919e-05,-0.00169436423937075,-0.00324829999146115,-0.00158452019080091,-0.00128352398912757,3.05331260541664e-05,0.000298674947663002,-0.00145479150602679,-0.00364690085187913,-1.05872098901116e-05,-0.00373867951645934,-6.64926940583399e-05,-0.0024134413323611,0.000322956629357662,-0.000273094058294454,-0.000464477692604603,-0.00824407089920154,7.74445659770251e-05,-0.00158452019080091,-0.000464477692604603,-4.22433657076837e-05,-0.00240081292843364,-2.06923374443946e-05,2.32331660257046e-05,-0.00018756970834044,-2.06270696869737e-05,7.94590355965852e-05,-0.000464477692604603,-0.00107811939472757,-0.00145652434031573,5.14396816084783e-05,-2.06923374443946e-05,-0.000103881047421872,-0.00062883514208778,-0.00240081292843364,-2.37626833294868e-05,6.98093790418852e-06,-0.00152672105421736,-0.00153460458560151,-0.0017936672906389,0.000340511497442186,-0.000464477692604603,4.54373894251958e-05,-0.00176847768402855,-0.00167827753203031,-0.00029902002921034,7.94590355965852e-05,-3.90322380496855e-05,-0.000489661409050601,-9.9832969757685e-05,-0.000464477692604603,4.54373894251958e-05,9.07302483934558e-05,0.111511992161158,-0.0014158210267281,-0.00331415358666165
"10:67520032:G:A",-0.00504253436430524,0.000136080733193822,-0.000320613893296517,-0.000215621714518832,-0.00192721456971512,9.33977775918748e-05,-0.00129066270252132,-0.00307966570565732,-0.0019043756747319,-0.000228477640448865,0.000176503534726535,-0.000380755276131239,-0.00415920212708709,0.000421799261076217,-0.00307966570565732,-0.00353131904940973,-0.00221801709484382,-0.000228477640448865,-0.0037853107475101,-0.00194591242056763,-0.000136729949857362,-0.000295476757454338,-0.00634481889679872,0.000176503534726535,-0.00114622647297402,-0.000320613893296517,-0.00307966570565732,-0.00018506744999236,-0.00353131904940973,-0.00439968325092366,-0.0126196608354237,-1.11181039406105e-05,-0.00223206445755686,-0.00645414621081208,-0.000414520690273257,0.000483861074930481,-0.000228477640448865,-0.00307966570565732,0.000176503534726535,-0.000704060744669555,0.000421799261076217,-0.00018506744999236,-0.0021519793595095,-0.00129066270252132,3.4468817251998e-05,-0.00660081568636262,-0.0027787859145354,0.000176503534726535,1.95344713587176e-05,0.00231991899815398,-0.00609697886096949,-0.00211619083017567,-0.000500393026536372,-0.00216535283798125,0.000196312933888443,-0.00018506744999236,0.000176503534726535,-0.00192721456971512,-0.000336979725162223,-0.00211619083017567,0.00171225475121162,-0.00145500439903579,-0.000704060744669555,9.33977775918748e-05,0.000421799261076217,-0.000307112207343252,-0.00359418786471988,0.000176503534726535,0.000514105493453876,-0.00660081568636262,-0.00504643069062816,-0.00139816049989605,1.95344713587176e-05,-0.00382289124390178,-0.0018596372000097,-0.00294263447185461,-0.000124516188967583,-0.000559201754185779,-0.000376512167174603,0.000421799261076217,-0.000124516188967583,0.000156563345266925,-0.00160702697905535,-0.000170117055578345,-0.000100577805178581,0.000290163736960558,7.7944442014477e-05,-0.00109466026600735,-0.000124516188967583,-0.00195273038467647,0.00072936006446378,0.000964291347303359,-0.000170117055578345,-0.00121886836014529,-0.0012418108750385,-0.00160702697905535,-0.00141552281447055,-0.000173550178785398,-0.00138209873846229,-0.000228477640448865,-0.00142548656076258,-0.0014158210267281,-0.000124516188967583,-0.00163756889407907,-0.00312335620214199,-0.00288225034828304,0.000516944204848713,-0.00109466026600735,-0.00258072997421532,0.000271819159301856,-0.00144038296425286,-0.000124516188967583,-0.00163756889407907,-0.000201189733739504,-0.0014158210267281,0.156405333492322,-0.000302033061386986
"10:67523172:T:C",-0.00752263824324517,-0.0058760218783851,-0.00284489979057234,-0.000893000646287945,-0.00314932188643402,-0.00170737261859166,-0.00527396039903039,-0.00230726830731598,-0.00143189995293191,-0.00303221569170375,-0.000213793548188512,4.98091565956926e-05,-0.00809961921522806,-0.00386220538991289,-0.00230726830731598,-0.0067969889256525,-0.00880698673488833,-0.00303221569170375,-4.41434937989982e-05,-0.000403884247272224,-6.84129969386049e-06,-0.00187562319171253,-0.00308490973394226,-0.000213793548188512,-0.000365484230001378,-0.00284489979057234,-0.00230726830731598,-0.00262063773177967,-0.0067969889256525,-0.00181258534006945,-0.00292377723906068,4.79091199689918e-06,-0.00347799742971056,-9.7336208146892e-05,-0.00327277515983626,-0.00152806024587093,-0.0102890834058202,-0.00230726830731598,-0.000213793548188512,-0.00494977267181884,-0.00386220538991289,-0.000529705634887634,-0.000148775333779216,-0.00527396039903039,-0.000373884399048841,-0.00265780909517366,-0.00230188396802866,-0.000213793548188512,-0.00117603145613909,-0.00158990250918878,3.50305494434267e-05,-0.000563030203988735,-0.00865009922184079,-0.00688832089762048,-0.000285214210923534,-0.00262063773177967,-0.000213793548188512,-0.00132401777211077,-0.00199358517788806,-0.000563030203988735,-0.00187766809284895,-0.00469057384712723,-0.00479218162464701,-0.00170737261859166,-0.00386220538991289,0.000265824899386757,-0.00182847781264694,-0.000213793548188512,-0.000893987258848039,-0.00265780909517366,-0.00089882792941598,-0.00225491741363415,-0.00117603145613909,-0.00576533511081223,-0.00190092938319308,-0.00264145240040925,0.000108003924634836,-0.00184361328878735,0.000103813518443907,-0.00386220538991289,0.000108003924634836,-0.000206532484558153,-0.00115005675064861,-0.000486588942707922,9.75883082352524e-05,-0.00109723139282325,-0.001410748693913,-0.00301997056064085,0.000108003924634836,-0.00122712136839809,-0.00889704658079449,-0.00205717054764865,-0.000486588942707922,-0.00597662380412523,-0.000389565134534031,-0.00115005675064861,-0.000518540172500082,9.54797352559211e-06,-0.00578169641336101,-0.00307970135940305,-0.00104894718683335,-0.00331415358666165,0.000108003924634836,-0.00296896830204707,-0.00327988917871513,-0.00277278042368057,-0.00160022492163581,-0.00301997056064085,-0.00184632952740227,-0.000781457664434271,-0.00625194775215743,0.000108003924634836,-0.00296896830204707,-0.0080950262263304,-0.00331415358666165,-0.000302033061386986,0.280085328884399
