"","8:126109679:G:T","8:126113433:A:C","8:126115291:C:T","8:126116256:G:T","8:126118736:T:A","8:126119164:G:C","8:126122655:T:C","8:126124385:G:A","8:126124764:C:T","8:126127430:G:A","8:126129113:A:T","8:126129932:A:G","8:126137246:A:G","8:126139022:A:C","8:126145703:C:T","8:126149369:C:T","8:126149650:A:G","8:126154113:C:T","8:126155164:G:T","8:126157256:C:A","8:126158904:C:T","8:126158976:T:C","8:126159346:A:G","8:126161353:G:A","8:126162174:A:G","8:126162363:C:T","8:126163061:T:C","8:126174692:C:G","8:126179880:A:G","8:126180404:C:T","8:126184443:C:T","8:126186214:C:T","8:126187044:C:G","8:126188930:C:T","8:126190164:G:C","8:126200196:C:T","8:126206485:G:C","8:126206569:T:C","8:126209823:T:C","8:126210160:G:A","8:126210337:G:A","8:126210692:T:C","8:126215272:T:C","8:126216280:A:G","8:126217020:C:T","8:126217305:C:G","8:126220899:T:A","8:126228594:C:T","8:126228967:T:C","8:126230150:G:A","8:126232162:C:T","8:126241439:C:A","8:126246076:G:A","8:126258670:C:T","8:126259930:G:A","8:126264716:T:C","8:126267928:G:T","8:126268046:T:C","8:126273462:C:A","8:126274077:G:A","8:126274395:C:T","8:126275179:T:C","8:126276895:G:C","8:126277290:A:T","8:126282768:T:C","8:126284507:C:T","8:126288007:A:G","8:126289068:G:A","8:126295353:A:G","8:126298504:A:G","8:126300935:A:G","8:126301935:G:A","8:126308271:C:G","8:126308764:G:A","8:126309873:G:A","8:126310874:C:T","8:126310892:G:A","8:126315917:C:T","8:126316085:A:G","8:126318173:T:G","8:126321986:T:A","8:126326234:G:A","8:126326446:G:A","8:126327174:A:C","8:126328599:T:C","8:126330986:T:C","8:126331647:A:G","8:126332735:G:A","8:126333632:T:C","8:126335310:T:C","8:126335896:A:G","8:126338304:C:A","8:126338314:A:G","8:126340259:T:C","8:126345938:G:A","8:126346926:C:T","8:126349516:C:T","8:126352562:A:G","8:126355162:G:A","8:126356449:T:C","8:126356667:A:G","8:126356816:C:A","8:126358019:G:A","8:126360196:G:A","8:126361904:C:T","8:126364368:G:A","8:126366402:G:C","8:126366404:C:A","8:126367111:C:A","8:126370509:A:G","8:126370524:G:A","8:126374964:A:C","8:126375529:G:A","8:126377522:C:T","8:126379481:G:T"
"8:126109679:G:T",0.0442259681529178,9.19074014404941e-06,-5.09054926309815e-05,-2.04587232266462e-05,-1.6069945477426e-05,9.19074014404941e-06,8.07742992314786e-06,-1.724452661378e-05,1.45250897141125e-05,-1.67990628288095e-05,-0.00201458800086751,2.06899323007548e-06,-2.02680488659013e-06,0.000178618990991808,-2.77048452650419e-05,9.19074014404941e-06,2.06899323007548e-06,3.17956645456974e-05,1.02425782966264e-06,0.000104386370194831,9.19074014404941e-06,-0.00163062419901383,-5.07339320598987e-06,6.44794018178629e-06,5.33224939047727e-06,8.07742992314786e-06,-0.00191668868459338,-6.04854356645035e-06,1.39489720050179e-05,9.19074014404941e-06,2.77901167908823e-05,-0.00201458800086751,-5.90134431330824e-05,4.01198828612337e-05,-2.33766629387233e-05,-0.00161268200415154,2.27283968330383e-05,-0.0093459419684816,1.02425782966264e-06,1.54402845442547e-06,-0.00351269901165541,9.86919329708513e-05,-1.35019897484767e-05,-6.04854356645035e-06,3.6758251447111e-06,3.30874999479036e-05,-0.00161268200415154,2.06899323007548e-06,-0.00128164595635116,6.44794018178629e-06,9.86919329708513e-05,2.97288326498446e-05,9.19074014404941e-06,8.63133472250865e-06,-1.08405650447452e-05,-0.000128411739776624,2.06899323007548e-06,-8.79509048701266e-07,9.75572628458821e-06,2.71561104359108e-05,-0.00224234237847032,1.89595546595811e-05,-0.0015354633333331,-0.00298695471185528,-4.78795559546441e-05,-0.000194162391949249,1.16340161566697e-05,6.44794018178629e-06,-2.85214486464014e-05,8.07742992314786e-06,3.80774925963223e-05,-1.81217220038832e-05,-3.47843126320413e-05,-4.5784345807931e-06,2.52505238211853e-05,2.71561104359108e-05,8.07742992314786e-06,-0.000143059431857218,-9.40532796178672e-06,-0.00150214434870932,-6.04854356645035e-06,-3.0671421971995e-05,-9.83988380918177e-05,6.44794018178629e-06,2.2108062739612e-05,-4.07845553240804e-06,-1.00365804209801e-05,-0.00237193499383359,1.96856973246895e-05,-0.00149486242382313,4.46625095085196e-05,-0.000143059431857218,-6.04854356645035e-06,6.44794018178629e-06,1.5694293143298e-05,-1.07772434629894e-05,-2.60161964193983e-05,4.36077882053354e-05,-9.6735206394527e-05,-0.00153865061759717,-0.000202775127745802,-0.00303997560407598,2.06899323007548e-06,-9.40532796178672e-06,1.45250897141125e-05,6.44794018178629e-06,-1.76853896363127e-05,-0.00222957467549723,1.5694293143298e-05,-9.40532796178672e-06,3.73806620954653e-05,-6.91121380658188e-06,2.02826054538363e-05,-8.91692026350199e-06,-1.35019897484767e-05
"8:126113433:A:C",9.19074014404941e-06,0.109982855516409,8.17755652882113e-05,3.37714008313839e-05,2.69720531811402e-05,-1.8204911899744e-05,-1.58317910168293e-05,-0.00172712396384433,-2.88783458888275e-05,2.95754322268138e-05,-0.00281582691951421,-4.22045053483089e-06,3.11498717575631e-06,9.19074014404941e-06,4.69758188019753e-05,-1.8204911899744e-05,-4.22045053483089e-06,-0.00138477816737836,-2.08204868901163e-06,-0.0014165426371946,-1.8204911899744e-05,-0.00163340768862241,-0.000921543344462705,-1.23904191751123e-05,-1.09971152779664e-05,-1.58317910168293e-05,-0.00269652660242325,1.1109647894969e-05,0.000113885507400546,-1.8204911899744e-05,-5.75846067132346e-05,-0.00281582691951421,9.29530606583739e-05,-0.00144312430640881,-0.00305812284408979,-0.00167717496472441,-4.6537859406115e-05,-1.74473218317317e-05,-2.08204868901163e-06,-0.000138799610105877,1.56838552305416e-05,-0.00143491979967703,2.20661501355579e-05,1.1109647894969e-05,-7.53871917336113e-06,-0.00136623938451486,-0.00167717496472441,-4.22045053483089e-06,-0.000970288700723465,-1.23904191751123e-05,-0.00143491979967703,-0.00130471718192293,-0.00155577264409779,-1.70102532965899e-05,1.93957690086677e-05,-0.00028589476201013,-4.22045053483089e-06,-0.00534797194597125,-1.94160957667222e-05,-5.60722090066079e-05,-6.71233542774985e-05,-3.98203086513504e-05,-0.0109082589342187,-4.13488405186513e-05,7.68157153565596e-05,4.34365346180243e-06,-0.00548435540833836,-1.23904191751123e-05,-0.00186024562972698,-0.00256962314647691,-8.21712027834209e-05,3.2028334612022e-05,5.79833719083211e-05,8.21200237233199e-06,-5.34226267605575e-05,-5.60722090066079e-05,-1.58317910168293e-05,-0.000103775821624907,1.66307731364057e-05,-0.00725068739035173,1.1109647894969e-05,-0.00434512504525575,-0.00771373507100304,-1.23904191751123e-05,-0.00348739278337007,7.22006821263221e-06,1.66944955726223e-05,2.02930042840777e-05,-0.00140129017960966,-0.00440980426638138,-0.00142975181960203,-0.000103775821624907,1.1109647894969e-05,-1.23904191751123e-05,-3.14663334792797e-05,-0.00519810683481481,4.39549292918784e-05,-9.57208996101855e-05,-0.00764570150128474,-0.000501491434883761,5.74340939607509e-06,-5.81592428350319e-06,-4.22045053483089e-06,1.66307731364057e-05,-2.88783458888275e-05,-1.23904191751123e-05,3.12214990252357e-05,-0.00310268069262509,-3.14663334792797e-05,1.66307731364057e-05,-8.03907514033142e-05,1.17629355909088e-05,-4.09125606770644e-05,1.56838552305416e-05,-0.00515517974621282
"8:126115291:C:T",-5.09054926309815e-05,8.17755652882113e-05,0.103750497081449,-0.00296163413350126,-0.00194025941575937,8.17755652882113e-05,7.33564814741072e-05,-0.000166995888362109,0.000135366066397857,-0.00016410754273366,0.000193313737494094,1.51038815223714e-05,-0.000940234012912988,-5.09054926309815e-05,-0.00475805831460985,8.17755652882113e-05,1.51038815223714e-05,-0.000192590495926126,7.46820143593396e-06,0.000255578200096807,8.17755652882113e-05,-0.00246245227308961,-5.09054926309815e-05,6.10738888182638e-05,-0.00103610692634071,-0.00168101680416921,0.000126886869468379,-5.77723016919052e-05,0.000130884642289608,8.17755652882113e-05,0.000264342976747045,0.000193313737494094,-0.000545072515306444,-0.000185058518340497,-0.000225365923066434,-0.00235680471994382,0.000212083310652034,-0.00345006634288758,7.46820143593396e-06,1.12647567958035e-05,-9.37535358103148e-05,0.000242559472497739,-0.00100586926524482,-5.77723016919052e-05,2.68839476964544e-05,-0.00122813972300317,-0.00235680471994382,1.51038815223714e-05,-0.00110950505191632,6.10738888182638e-05,0.000242559472497739,0.000280356134446436,8.17755652882113e-05,-0.00147913056454652,-0.000106830923136236,-0.00606703446034018,1.51038815223714e-05,-0.000118367248807871,-0.00128189701400228,0.000259123906015901,0.000296924769179086,-0.00359489947371561,-0.00385136119064189,-0.00358766048884185,-0.000890287458918948,-0.00100445526045068,-0.000630969233318623,6.10738888182638e-05,5.49763210200283e-05,7.33564814741072e-05,-0.000459262345769318,-0.000172675344563444,-0.000745697708879334,-0.00218706461591367,-0.00338954238250189,0.000259123906015901,7.33564814741072e-05,-0.00318011791318362,-9.70791715975139e-05,-0.00347382836431542,-5.77723016919052e-05,-0.00104191831499278,-0.00207787703480733,6.10738888182638e-05,-0.00173821726253021,-4.38837545884141e-05,-0.000828147548689095,-0.000110008559484953,0.000187698762903921,-0.00348520614703229,-0.00298084369874196,-0.00318011791318362,-5.77723016919052e-05,6.10738888182638e-05,-0.00155997130854502,-0.00408206223801777,-0.00101106852834576,0.000418928339731117,-0.00454642596009069,-0.000368840693301564,-0.00402937697426875,-0.0010388099722789,1.51038815223714e-05,-9.70791715975139e-05,0.000135366066397857,6.10738888182638e-05,-0.000169851639467034,0.000404805020434829,-0.00155997130854502,-0.00442065095001087,0.000355186815850672,-0.000893685290526136,0.000192467754967396,-0.000843859332456454,-0.00412837747560868
"8:126116256:G:T",-2.04587232266462e-05,3.37714008313839e-05,-0.00296163413350126,0.166385675925385,-0.00059907355764377,-0.00270157733788068,2.99745231213677e-05,-0.000517524993418839,5.2945612940114e-05,-0.0012952773638828,-0.00869426052115418,7.35676733309987e-06,-0.00237794264370539,-2.04587232266462e-05,-0.000260662551709423,-0.00225582314457817,-0.00313737750758936,-0.0031527368288482,3.65041485750339e-06,-0.0006215577553359,-0.00270157733788068,-0.000202104542458947,-2.04587232266462e-05,2.43761741414161e-05,-0.00214485937382936,2.99745231213677e-05,-0.00657712251131937,-2.40313500432521e-05,5.10539479998684e-05,-0.00225582314457817,-0.00275488666604318,-0.00869426052115418,-0.000589114777790556,-0.00315850780545812,-0.00244333225352822,-0.000936978131330868,8.00862980288031e-05,-7.37472459828581e-05,3.65041485750339e-06,5.49654879034023e-06,-0.00161018842922012,-0.000697378939898741,-0.0026838052227971,-2.40313500432521e-05,-0.00194152271446324,-0.00160054887004701,-0.000936978131330868,7.35676733309987e-06,-0.000470624000635134,2.43761741414161e-05,-0.000697378939898741,-0.00120222837102002,-0.00225582314457817,3.18664655072354e-05,-4.43724191798722e-05,-0.00440963401714045,-0.00468711107084463,-6.73231466539193e-05,-0.00193978811361273,9.42453644459107e-05,-0.00358431160064931,-0.00146975006403949,-0.00055353003944969,4.23957032706923e-05,-8.47141376363325e-05,-0.000816482470136215,-0.00381229608946931,2.43761741414161e-05,-0.0043415161615652,2.99745231213677e-05,-9.07525233602158e-05,-0.000665166406274231,-0.000550746873028807,-1.86502434535996e-05,-0.00177551126787279,9.42453644459107e-05,2.99745231213677e-05,-0.00570621251923598,-0.00157557594758551,-0.00123713362587541,7.25991648575786e-05,-0.00417307535469202,-0.00184029142366526,2.43761741414161e-05,7.81747956057899e-05,-0.0059957947414242,-0.000313541544691986,-0.000572300885435695,7.06219506705352e-05,-0.00125394679433022,-0.000192712177365273,-0.006673669789107,7.25991648575786e-05,2.43761741414161e-05,5.67631109964495e-05,-0.00432289794531382,-0.000204017545010871,-0.00327938596986233,-0.00209201291212624,-0.00113689732708711,-0.00917201223341024,-0.000706180472678675,-0.00203760197309855,-0.00157557594758551,5.2945612940114e-05,2.43761741414161e-05,-0.000987450807223844,-0.00236161910373234,5.67631109964495e-05,-0.000121210624301149,-0.0032483377342869,-6.58640488682138e-05,7.24960013611664e-05,-0.000102427850749542,-0.00251983281827695
"8:126118736:T:A",-1.6069945477426e-05,2.69720531811402e-05,-0.00194025941575937,-0.00059907355764377,0.123620468744666,-0.00510228650830147,-0.00184104275355601,-5.62441297864424e-05,4.22179001349221e-05,-5.48660401795686e-05,6.14051570666518e-05,-0.00226731082943843,-0.00179313495597899,-1.6069945477426e-05,-0.00297441878572169,2.69720531811402e-05,-0.00226731082943843,-0.000227860876385932,-0.00234299891203538,-0.00171126838657099,-0.00510228650830147,-0.00187874151476741,-1.6069945477426e-05,1.93499737610736e-05,-0.0019361511802769,-0.00184104275355601,4.30167884841737e-05,4.86080229942232e-05,4.06800479995084e-05,2.69720531811402e-05,7.69778345377503e-05,6.14051570666518e-05,-0.00102723380767777,-0.000167717679203427,-0.00117834268597861,-0.00210880973619654,-0.00153627448677707,-0.00139597594073759,-0.00234299891203538,4.45525445424977e-06,-2.90151464170663e-05,-0.00183482766440424,-0.0043867098158108,4.86080229942232e-05,1.05547608555412e-05,2.08021420116111e-05,-0.00210880973619654,-0.00226731082943843,-0.000125401687743221,1.93499737610736e-05,-0.00183482766440424,-0.00342316021868427,-1.12505238805127e-05,-0.00188338077364048,-1.41263529620517e-05,-0.00143872531139699,-0.00475722777666121,-0.000170169636565909,-0.00221516421814805,7.54520766008682e-05,8.62582680545287e-05,-0.000501565588034936,-0.00015952904649108,-8.58201787039548e-05,0.000389297385281928,-2.54158375998514e-05,-0.00140251700319727,1.93499737610736e-05,-0.0028192950093775,2.38916553287893e-05,0.000100830299501808,-5.89627780209767e-05,9.65771715666364e-05,-0.00167990353977121,-0.000333230500351611,7.54520766008682e-05,2.38916553287893e-05,-0.00162939213599955,-0.00016220324518379,0.000104212952522609,4.86080229942232e-05,-0.00112345157236327,-0.000572707370086967,1.93499737610736e-05,-0.000398169077866051,-1.31260328002369e-05,-0.0023204427430592,-0.0012261116371981,5.63475445511941e-05,0.000113973445913018,-0.000357560943274216,-0.00162939213599955,4.86080229942232e-05,1.93499737610736e-05,-0.00166828995877566,-0.00249100987850781,-0.00263411233404565,-0.0104567698378393,-0.000709483415515244,-0.00144998454760881,-0.00585132730487814,-5.1920894934554e-06,5.96291366328217e-06,-0.00016220324518379,4.22179001349221e-05,1.93499737610736e-05,-5.76096579791852e-05,0.000111476718381631,-0.00166828995877566,-3.04879999832863e-05,-0.00981131432927906,-0.000774911559761726,5.78758024474268e-05,-2.90151464170663e-05,-0.0011963837287281
"8:126119164:G:C",9.19074014404941e-06,-1.8204911899744e-05,8.17755652882113e-05,-0.00270157733788068,-0.00510228650830147,0.0790785922431105,-1.58317910168293e-05,3.04039355851771e-05,-2.88783458888275e-05,-0.00185131688409257,-0.00344244472965816,-4.22045053483089e-06,3.11498717575631e-06,9.19074014404941e-06,-0.00237435947379794,-1.8204911899744e-05,-4.22045053483089e-06,-7.54523475032798e-05,-2.08204868901163e-06,-0.0014165426371946,0.000278555526387336,-0.00358525845767677,9.19074014404941e-06,-1.23904191751123e-05,-1.09971152779664e-05,-1.58317910168293e-05,-0.00163840629226453,1.1109647894969e-05,-2.76107339098886e-05,-1.8204911899744e-05,-0.000956346383629736,-0.00344244472965816,9.29530606583739e-05,-9.54531776935497e-05,4.04835029570449e-05,-0.00380329828760129,-4.6537859406115e-05,-0.00383566258960499,-2.08204868901163e-06,-3.14406621626517e-06,1.56838552305416e-05,-0.00143491979967703,-0.00869507167995742,1.1109647894969e-05,-7.53871917336113e-06,-7.04913204021551e-05,-0.00380329828760129,-4.22045053483089e-06,0.000106229618510589,-1.23904191751123e-05,-0.00143491979967703,-0.00326116376425567,-1.8204911899744e-05,-1.70102532965899e-05,1.93957690086677e-05,-0.000357466464065759,-4.22045053483089e-06,-1.69853564102596e-06,-1.94160957667222e-05,-5.60722090066079e-05,-6.71233542774985e-05,-3.98203086513504e-05,-0.00353705494022716,-0.00172201125599969,-0.00185555775994306,4.34365346180243e-06,-2.57119330395739e-05,-1.23904191751123e-05,4.84246618235318e-05,-1.58317910168293e-05,-0.00123445031939173,3.2028334612022e-05,-0.00185238947347965,8.21200237233199e-06,-5.34226267605575e-05,-5.60722090066079e-05,-1.58317910168293e-05,0.000216892717451067,1.66307731364057e-05,2.32783257061442e-05,1.1109647894969e-05,-4.83076433965834e-06,-0.00193914624947933,-1.23904191751123e-05,-4.51020168306115e-05,7.22006821263221e-06,1.66944955726223e-05,2.02930042840777e-05,-3.95541241795527e-05,2.19819767881546e-05,-9.94552229318657e-05,-0.00201956687781379,1.1109647894969e-05,-1.23904191751123e-05,-3.14663334792797e-05,1.6768105798981e-05,4.39549292918784e-05,-0.00155006957121095,-0.00199493144644247,-0.000851723063170162,-2.62251325739982e-05,-5.81592428350319e-06,-4.22045053483089e-06,1.66307731364057e-05,-2.88783458888275e-05,-1.23904191751123e-05,-0.00153816298055798,-0.00138483534759182,-3.14663334792797e-05,1.66307731364057e-05,2.54419407701434e-05,-0.0023030404117117,-4.09125606770644e-05,-0.00216505411164913,2.20661501355579e-05
"8:126122655:T:C",8.07742992314786e-06,-1.58317910168293e-05,7.33564814741072e-05,2.99745231213677e-05,-0.00184104275355601,-1.58317910168293e-05,0.0607373993144495,2.68520252788562e-05,-2.50790646072474e-05,2.61194881687743e-05,-3.93371677160914e-05,-3.66819194308476e-06,2.77593303632528e-06,8.07742992314786e-06,-0.00230791124183138,-1.58317910168293e-05,-3.66819194308476e-06,-9.18354075727379e-05,-1.81071460403359e-06,0.000339083440626275,-1.58317910168293e-05,-0.0017186728424976,8.07742992314786e-06,-1.08106461826907e-05,-9.53982515916607e-06,-1.37843575265251e-05,-2.69293599295395e-05,9.75585167406479e-06,-2.39908817487589e-05,-1.58317910168293e-05,-4.96988460998438e-05,-3.93371677160914e-05,8.37024367639216e-05,-7.0923667257361e-05,3.58553596413458e-05,-0.0016553295140227,-4.02425884491464e-05,-0.00168922490955392,-1.81071460403359e-06,-2.73349665125266e-06,1.38260418767189e-05,0.000339585593524205,-0.00179444006549812,9.75585167406479e-06,-6.54608342820495e-06,-0.00128572476391309,-0.0016553295140227,-3.66819194308476e-06,9.61754524180236e-05,-1.08106461826907e-05,0.000339585593524205,-5.3651947453659e-05,-1.58317910168293e-05,-0.00337960015099092,1.70845784310814e-05,-0.00760365735738855,-3.66819194308476e-06,-7.85933548890227e-05,-1.68757574883216e-05,-4.84160678535517e-05,-0.00132545966913256,-0.0016468529523177,-0.00258570068643937,-0.00164555506829167,6.8824932059286e-05,-0.00276162303363758,-9.63448109692067e-05,-1.08106461826907e-05,4.30012159293724e-05,-1.37843575265251e-05,-7.05166270025259e-05,2.82894795091693e-05,5.16381796451526e-05,7.22210661852074e-06,-0.00151682487743354,-4.84160678535517e-05,-1.37843575265251e-05,-8.83789853647343e-05,1.46565699239432e-05,-0.00372058508000439,9.75585167406479e-06,-0.00357287102731618,-0.000193323327581929,-1.08106461826907e-05,-0.00110752355305177,6.35576771124136e-06,1.47827600187611e-05,1.78733884697024e-05,-3.428595459809e-05,-0.0037234710440277,-8.49804315414815e-05,-8.83789853647343e-05,9.75585167406479e-06,-1.08106461826907e-05,-2.72985728964059e-05,-6.85189512381612e-05,3.9012502432989e-05,-8.19453942595416e-05,-0.000151973250825499,-0.00445173981314717,5.21841088740871e-06,-4.98249888636337e-06,-3.66819194308476e-06,1.46565699239432e-05,-2.50790646072474e-05,-1.08106461826907e-05,2.75752979668198e-05,-0.00130069157357049,-2.72985728964059e-05,1.46565699239432e-05,-6.90210335667629e-05,-0.00191798891871908,-3.54461511440363e-05,-0.00252514139221915,-0.00180234445792049
"8:126124385:G:A",-1.724452661378e-05,-0.00172712396384433,-0.000166995888362109,-0.000517524993418839,-5.62441297864424e-05,3.04039355851771e-05,2.68520252788562e-05,0.0656045639550173,4.87607600483386e-05,-5.64139303884659e-05,-0.00309484814498884,-0.00352404355273972,-7.77731393419856e-06,-1.724452661378e-05,-9.29654100918498e-05,3.04039355851771e-05,6.50084938680351e-06,-0.0052507515690996,3.21571201933324e-06,-9.17673422105025e-05,3.04039355851771e-05,-0.00029070449891222,-1.724452661378e-05,2.16644779129638e-05,1.67959435009024e-05,2.68520252788562e-05,-0.00321744461573115,-2.02658133652278e-05,-0.0030207169421308,3.04039355851771e-05,9.43906748096524e-05,-0.00309484814498884,-0.00019229713826352,-0.00537017751858926,-7.80214743576479e-05,-0.000257698772648141,-0.00047968489696526,-0.00125327344563342,3.21571201933324e-06,4.84946335355119e-06,-0.00107541503433506,-0.000107488859190319,-4.85367763465305e-05,-2.02658133652278e-05,1.15637051534279e-05,0.000112063240853999,-0.000257698772648141,-0.00352404355273972,-0.0009888746680069,2.16644779129638e-05,-0.000107488859190319,0.000100838671910353,3.04039355851771e-05,2.86184255822164e-05,-3.65765168774956e-05,-0.00454392523522529,-0.00150781754861473,-0.000435326177812279,3.22088654485242e-05,-0.00305975035489059,-0.00289008265242963,6.18462925254804e-05,-0.000129794668707994,-0.00130365190787796,-0.000235919939426843,-0.00128226245785701,-0.000506595797046039,2.16644779129638e-05,-9.53488348978127e-05,-0.00204221167248253,0.00012990331481344,-0.000123824713979204,-0.000214984320367151,-1.57093535193553e-05,8.37217863516315e-05,-0.00305975035489059,2.68520252788562e-05,0.00015280275949614,-3.21812803498744e-05,-0.0001708410326966,-2.02658133652278e-05,-0.00112786788684449,7.00389444929783e-05,2.16644779129638e-05,7.4579933646568e-05,-0.00116616463524011,-3.59264857161534e-05,-3.80097943519786e-05,6.66508036379909e-05,-0.000171722156466103,0.000152375012494765,0.00015280275949614,-2.02658133652278e-05,2.16644779129638e-05,5.25413771201855e-05,-0.000339940709198849,-8.80283094604195e-05,0.00014971667879049,9.95978042315215e-05,-0.000333837653418101,-1.90543798623821e-05,-0.00135299009409628,6.50084938680351e-06,-3.21812803498744e-05,4.87607600483386e-05,2.16644779129638e-05,-5.90845986927491e-05,-0.00280359451046408,5.25413771201855e-05,-3.21812803498744e-05,0.000127542303881789,-0.000265583769250455,6.86016358910635e-05,-3.06835158720986e-05,-0.000313600071342179
"8:126124764:C:T",1.45250897141125e-05,-2.88783458888275e-05,0.000135366066397857,5.2945612940114e-05,4.22179001349221e-05,-2.88783458888275e-05,-2.50790646072474e-05,4.87607600483386e-05,0.0935712007721605,4.73567397545338e-05,-7.15603241623342e-05,-6.86545936190441e-06,4.53995832394583e-06,1.45250897141125e-05,7.57506125568241e-05,-2.88783458888275e-05,-6.86545936190441e-06,-0.00281348945161053,-3.39048759556704e-06,-0.00427509131956416,-2.88783458888275e-05,-0.00309764702989757,1.45250897141125e-05,-1.95545265011532e-05,-1.7829919945811e-05,-0.00399458089690086,-4.94100097503392e-05,1.7691803494202e-05,-4.33595575852763e-05,-2.88783458888275e-05,-8.9263729778466e-05,-7.15603241623342e-05,0.000155216232697875,-0.00276774656699263,6.52853151574817e-05,-0.00307424585462091,-7.26028627973108e-05,5.86847284527181e-05,-3.39048759556704e-06,-5.11721772245011e-06,-0.0022918897458748,-0.00419524467470822,3.39311217736338e-05,1.7691803494202e-05,-1.22433301310565e-05,-0.000109044322035956,-0.00307424585462091,-6.86545936190441e-06,0.00017794392544257,-1.95545265011532e-05,-0.00419524467470822,-9.64393405231689e-05,-2.88783458888275e-05,-0.00115240143735118,3.08722657784699e-05,0.000118128009253482,-6.86545936190441e-06,-0.00139912597707337,-0.00120230552357103,-8.69327497001748e-05,-0.00105747113425458,-6.3111414378092e-05,-0.00625128459989721,0.000119209268433451,0.000126182525782781,-0.00321859326517782,-0.00138986649298101,-1.95545265011532e-05,7.82756293640219e-05,-2.50790646072474e-05,-0.000126336252586512,5.1517453566241e-05,9.42265307779522e-05,1.29123543040066e-05,-8.37772788484514e-05,-8.69327497001748e-05,-0.0017055709517324,-0.000159714357630847,2.62607718592989e-05,-0.00277786383173595,1.7691803494202e-05,-0.00285547168828604,-0.00674378424761546,-1.95545265011532e-05,-7.03675302933249e-05,1.12795477162919e-05,-0.00306854485907682,3.23716817813846e-05,-6.17052639553251e-05,-0.00276897807580667,-0.000152280949376582,-0.000159714357630847,1.7691803494202e-05,-1.95545265011532e-05,-0.000980332648532922,-0.00144970880896622,-0.00282043849928204,-0.00014628342859524,-0.00684002497366798,-0.00282808047105298,7.51865694859077e-06,3.716281833821e-05,-0.00383531765423673,2.62607718592989e-05,-4.53654902701217e-05,-1.95545265011532e-05,5.01475600342971e-05,-0.00105061765719494,-0.000980332648532922,-0.00288369147624046,-0.00012364539370413,1.81754753523222e-05,-6.38300164697014e-05,2.46846678084722e-05,3.39311217736338e-05
"8:126127430:G:A",-1.67990628288095e-05,2.95754322268138e-05,-0.00016410754273366,-0.0012952773638828,-5.48660401795686e-05,-0.00185131688409257,2.61194881687743e-05,-5.64139303884659e-05,4.73567397545338e-05,0.101270722672282,-0.00366222252607962,6.34432544455166e-06,-7.54169295813512e-06,-1.67990628288095e-05,-9.09707619998201e-05,2.95754322268138e-05,6.34432544455166e-06,-0.000166037415468168,3.13881217905987e-06,0.000361304962369857,-0.00185131688409257,-0.00283352224042233,-1.67990628288095e-05,2.10697272287064e-05,1.63828592594228e-05,2.61194881687743e-05,-0.00347167635893708,-1.97551825218412e-05,4.55512091175336e-05,2.95754322268138e-05,9.13997691842638e-05,-0.00366222252607962,-0.000189224040287428,-0.000137822399170595,-0.00447367521339004,-0.00279877958783281,7.42870288288344e-05,-0.00304021608557647,3.13881217905987e-06,4.7330999572992e-06,-2.99014887756854e-05,0.000339554765254491,-6.00921618243433e-05,-1.97551825218412e-05,1.12823500186821e-05,0.000108429262951404,-0.00279877958783281,6.34432544455166e-06,-0.00110844077768935,2.10697272287064e-05,0.000339554765254491,9.76175355686948e-05,2.95754322268138e-05,2.78383291414386e-05,-3.56779031864818e-05,0.000250851964992194,6.34432544455166e-06,-0.0030947150074736,3.13310873174544e-05,8.9370006224776e-05,-0.000207276385190802,6.0109395614738e-05,-0.00210975787973311,-0.00292170847388729,-0.00214327978798856,-0.00140516515543698,-0.00677573196421832,2.10697272287064e-05,-9.33226527379816e-05,2.61194881687743e-05,0.000125519282460296,-5.90103002169329e-05,-0.00208249376909375,-1.52973346603247e-05,8.12181102416432e-05,8.9370006224776e-05,2.61194881687743e-05,-0.00150009558958075,-3.13693215634459e-05,-0.00179201752521596,-1.97551825218412e-05,-0.000398529551738136,-0.00118680040087948,2.10697272287064e-05,7.23180239035059e-05,-1.37794909722544e-05,-0.00134772084695189,-3.70833018958905e-05,6.46446026157932e-05,-0.00179897083397496,0.000147059524313597,-0.00150009558958075,-1.97551825218412e-05,2.10697272287064e-05,5.10250433825021e-05,-0.0122195782296544,-0.00119587440551516,-0.00225085403256386,-0.0011794100269098,-0.000533314959806575,-1.84433750209934e-05,-0.00147642269204784,6.34432544455166e-06,-3.13693215634459e-05,-0.00240446033596697,2.10697272287064e-05,-0.00221385858477241,-0.000563252434027106,5.10250433825021e-05,-3.13693215634459e-05,-0.00214233751012571,-0.0012783013121398,6.65331888098919e-05,-2.99014887756854e-05,-0.0123510994000631
"8:126129113:A:T",-0.00201458800086751,-0.00281582691951421,0.000193313737494094,-0.00869426052115418,6.14051570666518e-05,-0.00344244472965816,-3.93371677160914e-05,-0.00309484814498884,-7.15603241623342e-05,-0.00366222252607962,0.157798830494017,-0.0025371259707283,6.06302197070363e-06,-0.00201458800086751,-0.00374156320391084,-4.55611637768527e-05,-1.09991160490708e-05,-6.12133489719113e-05,-5.42017226123903e-06,-0.000658466894552845,-0.00344244472965816,-0.00611136004184276,2.1901599066787e-05,-3.03362707203547e-05,-2.87591185337277e-05,-3.93371677160914e-05,-0.0015306237997823,2.688185736055e-05,-0.00414814686373521,-4.55611637768527e-05,-0.000143322339813068,0.000544149621256373,-0.00553432040013657,-7.26409688436291e-05,9.66133874671371e-05,-0.0094490961245266,-0.00324384611860484,-0.000110849843136585,-5.42017226123903e-06,-8.18937808944042e-06,3.66895860341998e-05,-0.000676671088052139,-0.00449410191821187,2.688185736055e-05,-1.96803315803962e-05,-0.000177757733878181,-0.0094490961245266,-0.0025371259707283,-0.00080762484291963,-3.03362707203547e-05,-0.000676671088052139,-0.00136568942218673,-4.55611637768527e-05,-4.24261870666243e-05,-0.00276341457028284,-0.00332787927308109,-1.09991160490708e-05,-0.000304264644669594,-4.87430968822977e-05,-0.000139308970537932,-0.0057068554224573,-0.000105045356252553,2.80291004273181e-06,-0.00357020823584797,-0.000258499039363258,-0.00227861923689687,-7.4506178115108e-05,-3.03362707203547e-05,0.000114845949136466,-0.00312045901059754,-0.00413171964236536,7.69320083495728e-05,-3.80071392642733e-05,-0.00238239335968871,-0.000144425826203332,-0.000139308970537932,-3.93371677160914e-05,-0.00336569081680871,-0.00198115516171438,0.000143894553503721,2.688185736055e-05,7.29836238484438e-05,-0.00384900527848098,-3.03362707203547e-05,-0.000112314649421741,-0.00214678382979461,3.69761033134353e-05,-0.00159436125758194,-9.7659888848689e-05,0.000143515577117448,-0.000289909062789917,-0.00336569081680871,2.688185736055e-05,-3.03362707203547e-05,-0.00311103537721635,-0.000349256658799035,0.000103247543830065,-0.00240523473383814,-0.00375892565682223,-0.000378437896067396,-0.00145744218698596,-0.0023921328168468,-1.09991160490708e-05,-0.00198115516171438,-7.1560324161446e-05,-3.03362707203547e-05,7.48492978344117e-05,-0.00152566273218646,-0.00311103537721635,3.91545444378139e-05,-0.00128356583361455,-0.00194429885684144,-0.000815886426242862,-0.00202033440340621,-0.00037379963714379
"8:126129932:A:G",2.06899323007548e-06,-4.22045053483089e-06,1.51038815223714e-05,7.35676733309987e-06,-0.00226731082943843,-4.22045053483089e-06,-3.66819194308476e-06,-0.00352404355273972,-6.86545936190441e-06,6.34432544455166e-06,-0.0025371259707283,0.0544527870389286,7.78189431116516e-07,2.06899323007548e-06,9.67523581962837e-06,-4.22045053483089e-06,-9.29751416300917e-07,-1.0285145498834e-05,-4.56918383129334e-07,-0.000267918185558713,-4.22045053483089e-06,-4.12869460753029e-06,2.06899323007548e-06,-2.87469436344168e-06,-2.45144442612144e-06,-3.66819194308476e-06,-0.00242864686613231,2.47033254652251e-06,-6.55901922375079e-06,-4.22045053483089e-06,-1.43331826381043e-05,-0.0025371259707283,1.64825243063049e-05,-1.61288266378179e-05,8.44602409699746e-06,-8.6879236462778e-06,-0.000988751276498334,-0.00208793753082581,-4.56918383129334e-07,-6.91299823607494e-07,3.51331481862616e-06,-0.000224560260153162,-0.00221763848476098,2.47033254652251e-06,-0.0021170071238954,-1.77727998789123e-05,-8.6879236462778e-06,1.9912903341357e-05,-0.00168295818478903,-2.87469436344168e-06,-0.000224560260153162,-0.000106635785749987,-4.22045053483089e-06,-3.94192323227571e-06,4.26139990938879e-06,-2.9542287580675e-05,-9.29751416300917e-07,-1.42532030622533e-09,-4.50388659878342e-06,-1.39366219382708e-05,-0.00278041046230193,-0.00203022997567359,-0.00564822398280818,-9.8129108536682e-06,-0.00277405011266385,1.15568375669284e-06,-5.73413841742365e-06,-2.87469436344168e-06,9.91912543835127e-06,-3.66819194308476e-06,-2.10943392726648e-05,6.80587809753774e-06,-0.00286585616348489,1.86310748429008e-06,-1.12597240082835e-05,-1.39366219382708e-05,-3.66819194308476e-06,-2.69062192934655e-05,3.70528725834873e-06,-0.00192682861347482,2.47033254652251e-06,-0.00101502631530792,-0.00243782287606109,-2.87469436344168e-06,-1.0998602203216e-05,1.65363661164264e-06,3.8310198648972e-06,4.44042057878846e-06,-9.59961935098619e-06,-0.00191906466394176,-5.40618434898832e-05,-2.69062192934655e-05,2.47033254652251e-06,-2.87469436344168e-06,-7.49452848403109e-06,3.97770027227295e-06,9.15988431504644e-06,-2.50327184163623e-05,-0.00241665581007577,-5.6581143335066e-06,1.58211195788738e-06,-1.17278835443102e-06,-9.29751416300917e-07,3.70528725834873e-06,-6.86545936190441e-06,-2.87469436344168e-06,6.65467978144818e-06,-0.00278755995510238,-7.49452848403109e-06,3.70528725834873e-06,-2.06007956364829e-05,-0.00233345885323999,-9.94031986323307e-06,3.51331481862616e-06,5.01980999878526e-06
"8:126137246:A:G",-2.02680488659013e-06,3.11498717575631e-06,-0.000940234012912988,-0.00237794264370539,-0.00179313495597899,3.11498717575631e-06,2.77593303632528e-06,-7.77731393419856e-06,4.53995832394583e-06,-7.54169295813512e-06,6.06302197070363e-06,7.78189431116516e-07,0.0670128443517415,-2.02680488659013e-06,-1.36110736566053e-05,-0.00194340680948457,7.78189431116516e-07,-0.00267901208980081,3.90129472727097e-07,-3.28974353145384e-05,3.11498717575631e-06,-3.81455849298717e-05,-2.02680488659013e-06,2.25792706753936e-06,-0.000547997111407739,2.77593303632528e-06,4.70800922602876e-06,-2.45053097280845e-06,4.39668137186544e-06,-0.00194340680948457,6.82009087871194e-06,6.06302197070363e-06,-3.56589995291756e-05,-0.0026768165002391,-0.00351925555849597,-4.29807096447021e-05,6.17868103525154e-06,-0.00215645649580765,3.90129472727097e-07,5.84446910423253e-07,-3.69366336450128e-06,-2.5471967780355e-05,-0.00182467905874439,-2.45053097280845e-06,-0.00218688997141214,-0.00286626212767516,-4.29807096447021e-05,7.78189431116516e-07,-0.000165005663871121,2.25792706753936e-06,-2.5471967780355e-05,6.99246265600806e-06,3.11498717575631e-06,2.94614158580231e-06,-4.59994322987711e-06,-0.00149306911630775,7.78189431116516e-07,-0.00240344584161001,-0.00196201408561869,6.75401753724714e-06,7.12238345723648e-06,-0.000676474337098831,-0.0040166972200959,-0.00201698112317406,-2.70647894939913e-05,-0.000688763810855697,-0.000732908166463986,2.25792706753936e-06,-1.41117081682296e-05,2.77593303632528e-06,7.20553713051686e-06,-8.24579439218098e-06,-1.80282352326699e-05,-1.81487370731759e-06,-0.000532641666542766,6.75401753724714e-06,2.77593303632528e-06,-0.00190671988377922,-3.92085410805265e-06,-3.13456881260166e-05,-2.45053097280845e-06,-0.000998304495082536,-0.00278174675551224,2.25792706753936e-06,6.07857174372839e-06,-0.0018058617273482,-4.15880658799495e-06,-4.82537311263798e-06,5.6467134585958e-06,-0.000410888784990071,-0.000342715614082501,-0.00190671988377922,-2.45053097280845e-06,2.25792706753936e-06,4.82013232527834e-06,-3.80704606044446e-05,-1.25908921200235e-05,6.85986022563867e-06,-0.00388293757874747,-0.000275890539195522,-0.00228677939430444,-0.00474510080401824,7.78189431116516e-07,-3.92085410805265e-06,4.53995832394583e-06,2.25792706753936e-06,-8.01201965039411e-06,6.89423330424432e-06,4.82013232527834e-06,-3.92085410805265e-06,7.22121967200451e-06,-2.78171251721915e-06,-0.00114819299166857,-0.00170095835956996,-0.000362797588844721
"8:126139022:A:C",0.000178618990991808,9.19074014404941e-06,-5.09054926309815e-05,-2.04587232266462e-05,-1.6069945477426e-05,9.19074014404941e-06,8.07742992314786e-06,-1.724452661378e-05,1.45250897141125e-05,-1.67990628288095e-05,-0.00201458800086751,2.06899323007548e-06,-2.02680488659013e-06,0.0442259681529178,-2.77048452650419e-05,9.19074014404941e-06,2.06899323007548e-06,3.17956645456974e-05,1.02425782966264e-06,0.000104386370194831,9.19074014404941e-06,-0.00163062419901383,-5.07339320598987e-06,6.44794018178629e-06,5.33224939047727e-06,8.07742992314786e-06,-0.00191668868459338,-6.04854356645035e-06,1.39489720050179e-05,9.19074014404941e-06,2.77901167908823e-05,-0.00201458800086751,-5.90134431330824e-05,4.01198828612337e-05,-2.33766629387233e-05,-0.00161268200415154,2.27283968330383e-05,-0.0093459419684816,1.02425782966264e-06,1.54402845442547e-06,-0.00351269901165541,9.86919329708513e-05,-1.35019897484767e-05,-6.04854356645035e-06,3.6758251447111e-06,3.30874999479036e-05,-0.00161268200415154,2.06899323007548e-06,-0.00128164595635116,6.44794018178629e-06,9.86919329708513e-05,2.97288326498446e-05,9.19074014404941e-06,8.63133472250865e-06,-1.08405650447452e-05,-0.000128411739776624,2.06899323007548e-06,-8.79509048701266e-07,9.75572628458821e-06,2.71561104359108e-05,-0.00224234237847032,1.89595546595811e-05,-0.0015354633333331,-0.00298695471185528,-4.78795559546441e-05,-0.000194162391949249,1.16340161566697e-05,6.44794018178629e-06,-2.85214486464014e-05,8.07742992314786e-06,3.80774925963223e-05,-1.81217220038832e-05,-3.47843126320413e-05,-4.5784345807931e-06,2.52505238211853e-05,2.71561104359108e-05,8.07742992314786e-06,-0.000143059431857218,-9.40532796178672e-06,-0.00150214434870932,-6.04854356645035e-06,-3.0671421971995e-05,-9.83988380918177e-05,6.44794018178629e-06,2.2108062739612e-05,-4.07845553240804e-06,-1.00365804209801e-05,-0.00237193499383359,1.96856973246895e-05,-0.00149486242382313,4.46625095085196e-05,-0.000143059431857218,-6.04854356645035e-06,6.44794018178629e-06,1.5694293143298e-05,-1.07772434629894e-05,-2.60161964193983e-05,4.36077882053354e-05,-9.6735206394527e-05,-0.00153865061759717,-0.000202775127745802,-0.00303997560407598,2.06899323007548e-06,-9.40532796178672e-06,1.45250897141125e-05,6.44794018178629e-06,-1.76853896363127e-05,-0.00222957467549723,1.5694293143298e-05,-9.40532796178672e-06,3.73806620954653e-05,-6.91121380658188e-06,2.02826054538363e-05,-8.91692026350199e-06,-1.35019897484767e-05
"8:126145703:C:T",-2.77048452650419e-05,4.69758188019753e-05,-0.00475805831460985,-0.000260662551709423,-0.00297441878572169,-0.00237435947379794,-0.00230791124183138,-9.29654100918498e-05,7.57506125568241e-05,-9.09707619998201e-05,-0.00374156320391084,9.67523581962837e-06,-1.36110736566053e-05,-2.77048452650419e-05,0.102554325437609,4.69758188019753e-05,9.67523581962837e-06,-0.000509886628819345,4.78740721643334e-06,-0.000239325895330822,-0.00237435947379794,-0.00156518482629409,-2.77048452650419e-05,3.40042905282445e-05,2.49733678687747e-05,4.17068003466525e-05,-0.00356366811017672,-3.22070921523476e-05,7.29996765720387e-05,4.69758188019753e-05,0.000145544886779092,-0.00374156320391084,-0.000315517133641308,-0.000545838158831913,-0.000126077447172079,-0.00149629114781824,0.000118225546564155,-0.000286400158485023,4.78740721643334e-06,7.21857519181412e-06,-5.00378643657484e-05,0.000356214578065561,-0.00301614553002327,-3.22070921523476e-05,-0.000103920906375343,-0.00191733240542824,-0.00149629114781824,9.67523581962837e-06,-0.00374864358217408,3.40042905282445e-05,0.000356214578065561,0.000154966236168619,4.69758188019753e-05,4.43276351314026e-05,-5.88086314730063e-05,1.6932984925333e-06,9.67523581962837e-06,-0.00143824728759245,4.96517735806279e-05,0.00014246709232868,-0.00189590423262942,-0.0012160866228097,-0.00229302339250737,-0.00150570432870012,-0.00123940083619711,-0.0089945441737509,-0.00148267405988722,3.40042905282445e-05,-0.000155225525067415,4.17068003466525e-05,0.000198332081417618,-9.68903870415261e-05,-0.00114766320577875,-2.5417991645682e-05,-0.00103941876870461,0.00014246709232868,4.17068003466525e-05,0.000106054953405987,-5.22663908499865e-05,-0.000121619746989765,-3.22070921523476e-05,-0.00370077570576299,-0.000130256334468282,3.40042905282445e-05,-0.00238083247729737,-0.00313818511753361,-0.00286291939615779,-6.09428612197149e-05,0.000103565436074149,-0.00011680702931649,-0.000746495948266812,0.000106054953405987,-3.22070921523476e-05,3.40042905282445e-05,8.13377107036217e-05,-7.04139343907784e-05,-0.00252261281707167,-0.00168405593637821,-0.000175144258948823,0.000148935595168709,-0.0014423571967086,-0.0087525885249109,9.67523581962837e-06,-5.22663908499865e-05,7.57506125568241e-05,3.40042905282445e-05,-9.49385033583994e-05,-0.00409503011972845,8.13377107036217e-05,-0.00129455087189712,-0.00180489001003803,-0.00140570774165383,-0.00359047359935261,-0.000832799313765342,-8.25228407901335e-05
"8:126149369:C:T",9.19074014404941e-06,-1.8204911899744e-05,8.17755652882113e-05,-0.00225582314457817,2.69720531811402e-05,-1.8204911899744e-05,-1.58317910168293e-05,3.04039355851771e-05,-2.88783458888275e-05,2.95754322268138e-05,-4.55611637768527e-05,-4.22045053483089e-06,-0.00194340680948457,9.19074014404941e-06,4.69758188019753e-05,0.0751793137320522,-4.22045053483089e-06,-0.00583901254556185,-2.08204868901163e-06,-0.0014165426371946,-1.8204911899744e-05,-6.85232302677363e-05,9.19074014404941e-06,-1.23904191751123e-05,-0.00175367903058454,-1.58317910168293e-05,-3.11192726458742e-05,1.1109647894969e-05,-2.76107339098886e-05,0.000278555526387336,-5.75846067132346e-05,-4.55611637768527e-05,9.29530606583739e-05,-0.00574539063352475,4.04835029570449e-05,-7.07781533026974e-05,-4.6537859406115e-05,-1.74473218317317e-05,-2.08204868901163e-06,-3.14406621626517e-06,1.56838552305416e-05,-0.00143491979967703,2.20661501355579e-05,1.1109647894969e-05,-7.53871917336113e-06,-0.00136623938451486,-7.07781533026974e-05,-4.22045053483089e-06,-3.04971771587503e-05,-1.23904191751123e-05,-0.00143491979967703,-6.22517015367308e-05,-1.8204911899744e-05,-1.70102532965899e-05,1.93957690086677e-05,-0.00161929403503702,-4.22045053483089e-06,-0.00390156962337684,-1.94160957667222e-05,-5.60722090066079e-05,-6.71233542774985e-05,-0.00259381105528966,-0.00167325958528153,-4.13488405186513e-05,-0.00146960880967217,-0.00245000155322206,-0.00383947354619529,-1.23904191751123e-05,4.84246618235318e-05,-1.58317910168293e-05,-8.21712027834209e-05,3.2028334612022e-05,5.79833719083211e-05,8.21200237233199e-06,-5.34226267605575e-05,-5.60722090066079e-05,-1.58317910168293e-05,-0.00186867558190063,-0.00216566822967756,7.94749949459828e-05,1.1109647894969e-05,4.89770425327052e-05,-0.00174379111558487,-1.23904191751123e-05,-4.51020168306115e-05,7.22006821263221e-06,-0.00103998937929362,2.02930042840777e-05,-3.95541241795527e-05,8.00407527155045e-05,-9.94552229318657e-05,-0.00186867558190063,1.1109647894969e-05,-1.23904191751123e-05,-3.14663334792797e-05,-0.00405283606212414,-0.00480581898461363,-0.000307934210666438,-0.0017713079016044,7.46098075889989e-05,-0.00317968805224567,-0.00254920136885151,-4.22045053483089e-06,-0.00216566822967756,-2.88783458888275e-05,-1.23904191751123e-05,3.12214990252357e-05,-9.54065597333908e-05,-3.14663334792797e-05,-0.00217437618179517,-0.000245143982904317,1.17629355909088e-05,-4.09125606770644e-05,1.56838552305416e-05,-0.00412192505436249
"8:126149650:A:G",2.06899323007548e-06,-4.22045053483089e-06,1.51038815223714e-05,-0.00313737750758936,-0.00226731082943843,-4.22045053483089e-06,-3.66819194308476e-06,6.50084938680351e-06,-6.86545936190441e-06,6.34432544455166e-06,-1.09991160490708e-05,-9.29751416300917e-07,7.78189431116516e-07,2.06899323007548e-06,9.67523581962837e-06,-4.22045053483089e-06,0.104061979080271,-0.00240276685071095,-4.56918383129334e-07,-0.0015539938137108,-4.22045053483089e-06,-0.00867362874105826,2.06899323007548e-06,-2.87469436344168e-06,-2.45144442612144e-06,-3.66819194308476e-06,-7.29605780769305e-06,2.47033254652251e-06,-6.55901922375079e-06,-4.22045053483089e-06,-1.43331826381043e-05,-1.09991160490708e-05,1.64825243063049e-05,-0.00244630978866578,8.44602409699746e-06,-0.0084070206132516,-1.1363899724337e-05,-3.49070742089452e-06,-4.56918383129334e-07,-6.91299823607494e-07,3.51331481862616e-06,-0.00158684174152146,-0.00221763848476098,2.47033254652251e-06,-1.67048934418546e-06,-1.77727998789123e-05,-0.0084070206132516,-9.29751416300917e-07,1.7931564042506e-05,-2.87469436344168e-06,-0.00158684174152146,-0.00159489586546524,-4.22045053483089e-06,-3.94192323227571e-06,4.26139990938879e-06,-0.00229416111630432,-9.29751416300917e-07,-0.00219071212404298,-4.50388659878342e-06,-1.39366219382708e-05,-1.68658417889489e-05,-0.00203022997567359,-0.00897048970003134,-9.8129108536682e-06,-0.00277405011266385,1.15568375669284e-06,-5.73413841742365e-06,-2.87469436344168e-06,9.91912543835127e-06,-3.66819194308476e-06,-0.00151062983735617,6.80587809753774e-06,-0.00286585616348489,1.86310748429008e-06,-0.00189209829141923,-1.39366219382708e-05,-3.66819194308476e-06,-0.00249146933483058,3.70528725834873e-06,1.49376579186011e-05,2.47033254652251e-06,-0.00235628321672632,-0.00448924318878685,-2.87469436344168e-06,-1.0998602203216e-05,1.65363661164264e-06,-0.00488423518580117,-0.00376128413628152,-9.59961935098619e-06,1.50070273159386e-05,-0.00169430994182385,-0.00249146933483058,2.47033254652251e-06,-2.87469436344168e-06,-7.49452848403109e-06,3.97770027227295e-06,-0.00447537371526519,-2.50327184163623e-05,-0.00440171363249586,1.43255757958372e-05,-0.0021137789734027,-1.17278835443102e-06,-9.29751416300917e-07,3.70528725834873e-06,-6.86545936190441e-06,-2.87469436344168e-06,6.65467978144818e-06,-2.48164464897727e-05,-7.49452848403109e-06,-0.00194390734428396,-2.06007956364829e-05,2.71026847187272e-06,-9.94031986323307e-06,3.51331481862616e-06,5.01980999878526e-06
"8:126154113:C:T",3.17956645456974e-05,-0.00138477816737836,-0.000192590495926126,-0.0031527368288482,-0.000227860876385932,-7.54523475032798e-05,-9.18354075727379e-05,-0.0052507515690996,-0.00281348945161053,-0.000166037415468168,-6.12133489719113e-05,-1.0285145498834e-05,-0.00267901208980081,3.17956645456974e-05,-0.000509886628819345,-0.00583901254556185,-0.00240276685071095,0.213896514299491,-0.00219129420097897,-0.000801968433860267,-7.54523475032798e-05,-0.000280957537932558,-0.00185885036494149,-4.80677863912149e-05,-0.00267594009288175,-6.4081547739292e-05,-9.31161926205348e-05,3.91855585535339e-05,-0.000614311246752486,-0.00583901254556185,-0.000926176693353931,-6.12133489719113e-05,-0.00111514484791631,0.000359388658083937,-8.07364960762058e-05,-0.000186324801059179,-0.000492340718920126,-0.000311166483757841,-0.00219129420097897,-0.00247741990330752,-5.486393194154e-05,-0.000666313610192759,-0.000636013173598293,3.91855585535339e-05,-0.00355947915073873,-0.00176059807824114,-0.000186324801059179,-1.0285145498834e-05,-0.000132241410774725,-4.80677863912149e-05,-0.000666313610192759,-0.00199932003288783,-0.00270895083592748,-0.0016065412937758,-0.000172503047905614,-0.00220693418304396,-0.000539874681057206,-0.00537736631585961,-0.000897209717166447,-0.00307844048677453,-0.00250718334483135,-0.000604520644164275,-0.0043718041413392,-0.00154527347280542,-0.00502516286042987,-0.0130487516824891,-0.000444233693951634,-4.80677863912149e-05,-3.44726413770147e-05,-0.000135671095536694,-0.00209378558365714,-0.000816937793355343,-0.00334499912379282,-0.00168515383093215,-0.000155429497669779,-0.00307844048677453,-0.00155801502687858,-0.000199873205309231,-0.00493502288691339,-0.0041786872172902,3.91855585535339e-05,-0.00199914212242058,-0.0020246884158035,-4.80677863912149e-05,-0.00271255897402778,-0.00440616362721524,-0.00312421537059482,-0.00142536369206336,-0.00742458524262801,-0.00522633933088512,-0.000986449501896303,-0.000199873205309231,3.91855585535339e-05,-4.80677863912149e-05,-0.00232880877963559,-0.00309491672403439,-0.00682052260278887,-0.0003173491525299,-0.00497046325314887,-0.0108818500132766,-0.00016270904927751,-0.00344529682317329,-0.00192391963133343,-0.00493502288691339,-0.000400122793963398,-4.80677863912149e-05,-0.00385037621419837,-0.00296202445891147,-0.00232880877963559,-0.0029253610990887,-0.000388345321788108,-0.00282964108048489,-0.00365568825300944,-5.486393194154e-05,-0.00316485656015075
"8:126155164:G:T",1.02425782966264e-06,-2.08204868901163e-06,7.46820143593396e-06,3.65041485750339e-06,-0.00234299891203538,-2.08204868901163e-06,-1.81071460403359e-06,3.21571201933324e-06,-3.39048759556704e-06,3.13881217905987e-06,-5.42017226123903e-06,-4.56918383129334e-07,3.90129472727097e-07,1.02425782966264e-06,4.78740721643334e-06,-2.08204868901163e-06,-4.56918383129334e-07,-0.00219129420097897,0.067719394701351,-4.53540599085756e-05,-2.08204868901163e-06,-0.00252405265088562,1.02425782966264e-06,-1.42075762887828e-06,-1.20435531059115e-06,-1.81071460403359e-06,-3.5921527965499e-06,-0.000583698948931399,-3.23991338024854e-06,-2.08204868901163e-06,-7.07888418460811e-06,-5.42017226123903e-06,8.14904026302798e-06,-0.00215677880479337,-0.0017526448055456,-0.00261597411334336,-5.60999588561373e-06,-0.0023617099884321,9.84416599614235e-06,-3.39750687139428e-07,1.74119570406361e-06,-4.11002069844457e-05,2.49664291729346e-06,-0.000583698948931399,-8.20818850222338e-07,-0.00191744542025862,-0.00261597411334336,-4.56918383129334e-07,8.86670644995036e-06,-1.42075762887828e-06,-4.11002069844457e-05,-7.6842043794656e-06,-2.08204868901163e-06,-1.94521041141371e-06,2.10868806149733e-06,-0.00808666116547663,4.72316711164211e-06,2.73688103291647e-08,-2.2212841690461e-06,-6.88406915116957e-06,-8.32261134142698e-06,-0.0025859624927369,-0.00355097885904598,-0.00229860148184979,7.16084935525885e-06,5.83997946002057e-07,-2.80348789694074e-06,-1.42075762887828e-06,4.90714687284566e-06,-0.00328155716408407,-1.04104686879936e-05,3.36559472913223e-06,5.72375025420513e-06,9.23086590276512e-07,-6.40619734237902e-06,-6.88406915116957e-06,-1.81071460403359e-06,-0.00212314948916781,1.83548645527054e-06,7.3915880474118e-06,1.22150336778759e-06,5.0927535051315e-06,-0.00825979587217773,-1.42075762887828e-06,-5.43056676338693e-06,8.20164051340555e-07,-0.00249150078091631,2.19665372735989e-06,-4.74322883015077e-06,7.42554236143889e-06,-1.2804175042902e-05,-0.00212314948916781,1.22150336778759e-06,-1.42075762887828e-06,-3.6995431136333e-06,1.9861631077589e-06,4.53447765824677e-06,-0.000197914526067322,-0.00828304997533724,7.0922091541803e-06,-0.002485363787323,-5.67588827493637e-07,-4.56918383129334e-07,1.83548645527054e-06,-3.39048759556704e-06,-1.42075762887828e-06,3.29129625331603e-06,-1.22368427968311e-05,-3.6995431136333e-06,1.83548645527054e-06,-0.000148156530819676,1.34687225195051e-06,-4.91064531615848e-06,1.74119570406361e-06,2.49664291640528e-06
"8:126157256:C:A",0.000104386370194831,-0.0014165426371946,0.000255578200096807,-0.0006215577553359,-0.00171126838657099,-0.0014165426371946,0.000339083440626275,-9.17673422105025e-05,-0.00427509131956416,0.000361304962369857,-0.000658466894552845,-0.000267918185558713,-3.28974353145384e-05,0.000104386370194831,-0.000239325895330822,-0.0014165426371946,-0.0015539938137108,-0.000801968433860267,-4.53540599085756e-05,0.150510478690554,-0.0014165426371946,-0.0053031262120693,-0.00234927687032993,0.000499824747159927,-0.000241262607439729,-0.000588190973247471,-0.000680093490669442,0.000147439271271921,-0.000399136046008053,-0.0014165426371946,-0.00130086389583539,-0.000658466894551957,-0.00116439086095443,-0.000981977821772784,-0.00140241884517778,-0.0061238751833641,0.00127903524595308,-0.0054917773943659,-4.53540599085756e-05,-0.00161344782091355,-0.00782541298487871,0.00694285549776197,-0.00641052968165301,0.000147439271271921,-0.000285892453882219,-0.00194360697588447,-0.0061238751833641,-0.000267918185558713,0.00056552015070821,0.000499824747159927,0.00694285549776197,-0.000344032331833333,0.000212900446077136,0.000227079239354389,0.000232326540322347,-0.00299992177108077,-9.20916827036322e-05,-0.00010359182473163,-0.00287340104218359,0.0019463056415816,-0.00108377560518047,-0.00198681790368482,-0.00263862165004669,-0.000927043983986131,0.000120562959982529,-0.0116411914190264,-0.000316285846976072,0.000499824747159927,-0.00068434192373612,-0.00024515149436688,0.00128233742774153,-0.00274117461121559,0.000489605257420145,8.23711485971046e-05,-0.000215017374858739,0.0019463056415816,-0.00368539348653396,-0.00226389826187567,6.0673054683491e-05,-0.00279828744966082,0.000147439271271921,-0.0051851788201045,-0.00290131141008398,0.000499824747159927,-0.00138262085039909,-0.00246190239326971,-0.00299340805923887,0.000253174682377733,-0.000559265624723082,-0.00377083254919874,-2.23743353853223e-05,-0.00226389826187567,0.000147439271271921,0.000499824747159927,0.000116642072988782,-0.000359817002725471,-0.00125717192493102,-0.0039747163629178,-0.00271860504721078,-0.00498676244094565,-9.45662762372734e-05,-0.0089650990996093,-0.00297696629419963,6.0673054683491e-05,-0.00427509131956416,0.000499824747159927,-0.00135238935915272,-0.00264015067547252,0.000116642072988782,-0.00168407596177378,-0.00434613201600875,-0.000153020775602641,-0.00549747063707606,-0.00491616150549667,-0.000179543418044936
"8:126158904:C:T",9.19074014404941e-06,-1.8204911899744e-05,8.17755652882113e-05,-0.00270157733788068,-0.00510228650830147,0.000278555526387336,-1.58317910168293e-05,3.04039355851771e-05,-2.88783458888275e-05,-0.00185131688409257,-0.00344244472965816,-4.22045053483089e-06,3.11498717575631e-06,9.19074014404941e-06,-0.00237435947379794,-1.8204911899744e-05,-4.22045053483089e-06,-7.54523475032798e-05,-2.08204868901163e-06,-0.0014165426371946,0.0790785922431105,-0.00358525845767677,9.19074014404941e-06,-1.23904191751123e-05,-1.09971152779664e-05,-1.58317910168293e-05,-0.00163840629226453,1.1109647894969e-05,-2.76107339098886e-05,-1.8204911899744e-05,-0.000956346383629736,-0.00344244472965816,9.29530606583739e-05,-9.54531776935497e-05,4.04835029570449e-05,-0.00380329828760129,-4.6537859406115e-05,-0.00383566258960499,-2.08204868901163e-06,-3.14406621626517e-06,1.56838552305416e-05,-0.00143491979967703,-0.00869507167995742,1.1109647894969e-05,-7.53871917336113e-06,-7.04913204021551e-05,-0.00380329828760129,-4.22045053483089e-06,0.000106229618510589,-1.23904191751123e-05,-0.00143491979967703,-0.00326116376425567,-1.8204911899744e-05,-1.70102532965899e-05,1.93957690086677e-05,-0.000357466464065759,-4.22045053483089e-06,-1.69853564102596e-06,-1.94160957667222e-05,-5.60722090066079e-05,-6.71233542774985e-05,-3.98203086513504e-05,-0.00353705494022716,-0.00172201125599969,-0.00185555775994306,4.34365346180243e-06,-2.57119330395739e-05,-1.23904191751123e-05,4.84246618235318e-05,-1.58317910168293e-05,-0.00123445031939173,3.2028334612022e-05,-0.00185238947347965,8.21200237233199e-06,-5.34226267605575e-05,-5.60722090066079e-05,-1.58317910168293e-05,0.000216892717451067,1.66307731364057e-05,2.32783257061442e-05,1.1109647894969e-05,-4.83076433965834e-06,-0.00193914624947933,-1.23904191751123e-05,-4.51020168306115e-05,7.22006821263221e-06,1.66944955726223e-05,2.02930042840777e-05,-3.95541241795527e-05,2.19819767881546e-05,-9.94552229318657e-05,-0.00201956687781379,1.1109647894969e-05,-1.23904191751123e-05,-3.14663334792797e-05,1.6768105798981e-05,4.39549292918784e-05,-0.00155006957121095,-0.00199493144644247,-0.000851723063170162,-2.62251325739982e-05,-5.81592428350319e-06,-4.22045053483089e-06,1.66307731364057e-05,-2.88783458888275e-05,-1.23904191751123e-05,-0.00153816298055798,-0.00138483534759182,-3.14663334792797e-05,1.66307731364057e-05,2.54419407701434e-05,-0.0023030404117117,-4.09125606770644e-05,-0.00216505411164913,2.20661501355579e-05
"8:126158976:T:C",-0.00163062419901383,-0.00163340768862241,-0.00246245227308961,-0.000202104542458947,-0.00187874151476741,-0.00358525845767677,-0.0017186728424976,-0.00029070449891222,-0.00309764702989757,-0.00283352224042233,-0.00611136004184276,-4.12869460753029e-06,-3.81455849298717e-05,-0.00163062419901383,-0.00156518482629409,-6.85232302677363e-05,-0.00867362874105826,-0.000280957537932558,-0.00252405265088562,-0.0053031262120693,-0.00358525845767677,0.321830699319495,-0.000210249783020089,-3.14364194418104e-05,-8.25345127353216e-07,-0.00654965143497321,-0.00503581628050354,-7.64695111934444e-05,-0.00298454679231597,-6.85232302677363e-05,-0.00600928988530658,-0.00611136004184276,-0.00523982672902523,-0.00044598547471697,-0.00799818894576898,-0.0017486705380545,-0.00016213088049355,-0.00697072330736415,-0.00252405265088562,-0.00100387441912186,-0.00789661842155631,-0.00391632479915405,-0.000625079996281919,-7.64695111934444e-05,-0.00165368342403394,-0.000786270582644022,-0.0017486705380545,-4.12869460753029e-06,-0.000501370195108652,-3.14364194418104e-05,-0.00391632479915405,-0.000161496866737387,-0.000107920895977998,-0.00257059390951309,-0.00585741930056738,-0.00636071318599685,-0.0103904977206772,-1.37593839735217e-05,-0.00160546628762948,-0.00158251863420755,-0.00208709255744877,-0.00713907416981563,-0.00438470658925549,-0.000540720770521919,-0.000798007326165084,-0.00368020419295734,-0.00028241166546783,-3.14364194418104e-05,-0.000340494294762017,-0.0003053796830077,-0.00302540404092699,-0.00307859782652464,-0.000818645282999686,-9.67017373207923e-05,-0.00771647012506449,-0.00158251863420755,-0.00637813486248806,-0.00590435208055684,-0.00422236256890685,-0.0035736724377835,-7.64695111934444e-05,-0.00408819790735571,-0.0065577395739056,-3.14364194418104e-05,-0.00455795816610394,-0.000144274096763652,-0.000145911597978721,9.37119087218719e-06,-0.00314406394993849,-0.00359042895409711,-0.012106723191911,-0.00590435208055684,-7.64695111934444e-05,-3.14364194418104e-05,-0.00341934143457134,-6.02676140322167e-05,-0.00224754618205392,-0.010139077636393,-0.00665830565347747,-0.00162243482393043,-0.00106296917868187,-0.00319946168590679,-0.00859478003475811,-0.00422236256890685,-0.00309764702989757,-3.14364194418104e-05,-0.00639733177213753,-0.0053615385619139,-0.00341934143457134,-0.000187820417372642,-0.00967561635447112,-0.000513331867639799,-0.000847145396953408,-0.00245687995136112,-8.70751465198438e-05
"8:126159346:A:G",-5.07339320598987e-06,-0.000921543344462705,-5.09054926309815e-05,-2.04587232266462e-05,-1.6069945477426e-05,9.19074014404941e-06,8.07742992314786e-06,-1.724452661378e-05,1.45250897141125e-05,-1.67990628288095e-05,2.1901599066787e-05,2.06899323007548e-06,-2.02680488659013e-06,-5.07339320598987e-06,-2.77048452650419e-05,9.19074014404941e-06,2.06899323007548e-06,-0.00185885036494149,1.02425782966264e-06,-0.00234927687032993,9.19074014404941e-06,-0.000210249783020089,0.0625836291765305,6.44794018178629e-06,5.33224939047727e-06,8.07742992314786e-06,1.5105718313535e-05,-6.04854356645035e-06,1.39489720050179e-05,9.19074014404941e-06,2.77901167908823e-05,2.1901599066787e-05,-5.90134431330824e-05,-0.00188835691207068,-0.00444435571217383,-0.000213375200866395,2.27283968330383e-05,6.53423570895484e-06,1.02425782966264e-06,-0.00203259200709649,-8.91692026350199e-06,-0.00239621361452702,-1.35019897484767e-05,-6.04854356645035e-06,3.6758251447111e-06,3.30874999479036e-05,-0.000213375200866395,2.06899323007548e-06,-0.00128164595635116,6.44794018178629e-06,-0.00239621361452702,2.97288326498446e-05,-0.00285172805124922,8.63133472250865e-06,-1.08405650447452e-05,-0.000503395418439467,2.06899323007548e-06,-0.0017008193593977,9.75572628458821e-06,2.71561104359108e-05,3.17243815075585e-05,1.89595546595811e-05,-0.00373937766576393,1.96260567495443e-05,-4.78795559546441e-05,-3.18764613815858e-06,-0.00174036515509801,6.44794018178629e-06,-0.00120476892386456,8.07742992314786e-06,3.80774925963223e-05,-1.81217220038832e-05,-3.47843126320413e-05,-4.5784345807931e-06,2.52505238211853e-05,2.71561104359108e-05,8.07742992314786e-06,4.54508141958243e-05,-9.40532796178672e-06,-0.00343713739732543,-6.04854356645035e-06,-0.00338606766508054,-0.00447783958666825,6.44794018178629e-06,-0.00268749064943652,-4.07845553240804e-06,-1.00365804209801e-05,-1.13092328284381e-05,-0.00507124491160038,-5.10915175215843e-05,-0.00261243604133465,4.54508141958243e-05,-6.04854356645035e-06,6.44794018178629e-06,1.5694293143298e-05,-0.00164353619732971,-2.60161964193983e-05,4.36077882053354e-05,-0.00442886932292463,-0.00153865061759717,-4.51700933368215e-06,2.34188349779174e-06,2.06899323007548e-06,-9.40532796178672e-06,1.45250897141125e-05,6.44794018178629e-06,-1.76853896363127e-05,4.31486105165746e-05,1.5694293143298e-05,-9.40532796178672e-06,3.73806620954653e-05,-6.91121380658188e-06,2.02826054538363e-05,-8.91692026350199e-06,-0.0016250282646082
"8:126161353:G:A",6.44794018178629e-06,-1.23904191751123e-05,6.10738888182638e-05,2.43761741414161e-05,1.93499737610736e-05,-1.23904191751123e-05,-1.08106461826907e-05,2.16644779129638e-05,-1.95545265011532e-05,2.10697272287064e-05,-3.03362707203547e-05,-2.87469436344168e-06,2.25792706753936e-06,6.44794018178629e-06,3.40042905282445e-05,-1.23904191751123e-05,-2.87469436344168e-06,-4.80677863912149e-05,-1.42075762887828e-06,0.000499824747159927,-1.23904191751123e-05,-3.14364194418104e-05,6.44794018178629e-06,-0.0135198520779998,-7.44762585647152e-06,-1.08106461826907e-05,-2.08834882187148e-05,7.78077916763209e-06,-1.87240526248189e-05,-1.23904191751123e-05,-3.82299555399257e-05,-3.03362707203547e-05,7.02107751369141e-05,-6.03388186828369e-05,2.90971600129808e-05,-5.13374083510598e-05,0.000565139126880609,-1.12202210207357e-05,-1.42075762887828e-06,-2.14350637772753e-06,1.10980885885681e-05,0.000470567568186198,1.58755854338111e-05,7.78077916763209e-06,-5.12039849809298e-06,-4.62835195191857e-05,-5.13374083510598e-05,-2.87469436344168e-06,8.15037779799965e-05,0.00205388993281996,0.000470567568186198,-4.11586496937844e-05,-1.23904191751123e-05,-1.15959004727273e-05,1.37058518845379e-05,0.000267313192611418,-2.87469436344168e-06,-7.07958265344644e-07,-1.31943672529999e-05,0.000995350919183124,-4.41956621735073e-05,-2.6510442737937e-05,-0.000139157345996566,-2.74913132498611e-05,5.71557769095676e-05,3.24070699342371e-06,-1.70375926824562e-05,0.00205388993281996,3.50773622130873e-05,-1.08106461826907e-05,-5.35980392522006e-05,2.28334189147361e-05,4.2369213972826e-05,5.7699000644007e-06,-3.53253793488051e-05,0.000995350919183124,-1.08106461826907e-05,-6.62423226547304e-05,1.17616158847866e-05,5.94136706419945e-05,7.78077916763209e-06,-0.000191934013490602,-0.000124127522005857,0.00205388993281996,-3.01793220174318e-05,5.08393166676058e-06,1.19454565394861e-05,1.43389289801732e-05,-2.66150414232058e-05,5.98588358835528e-05,-6.40265094515868e-05,-6.62423226547304e-05,7.78077916763209e-06,0.00205388993281996,-2.12450007737175e-05,1.21604436360556e-05,3.17777049483325e-05,-6.19379179394031e-05,-0.000126993987592527,5.56133255207314e-05,4.3608485107427e-06,-3.82054054348657e-06,-2.87469436344168e-06,1.17616158847866e-05,-1.95545265011532e-05,0.00205388993281996,2.22523354205251e-05,-6.16040423242481e-05,-2.12450007737175e-05,1.17616158847866e-05,-5.25106456290558e-05,8.36296320194663e-06,-2.74904783212904e-05,1.10980885885681e-05,1.58755854320347e-05
"8:126162174:A:G",5.33224939047727e-06,-1.09971152779664e-05,-0.00103610692634071,-0.00214485937382936,-0.0019361511802769,-1.09971152779664e-05,-9.53982515916607e-06,1.67959435009024e-05,-1.7829919945811e-05,1.63828592594228e-05,-2.87591185337277e-05,-2.45144442612144e-06,-0.000547997111407739,5.33224939047727e-06,2.49733678687747e-05,-0.00175367903058454,-2.45144442612144e-06,-0.00267594009288175,-1.20435531059115e-06,-0.000241262607439729,-1.09971152779664e-05,-8.25345127353216e-07,5.33224939047727e-06,-7.44762585647152e-06,0.061656779098842,-9.53982515916607e-06,-1.91299541736356e-05,6.3902641498359e-06,-1.70215453838551e-05,-0.00175367903058454,-3.72160724584347e-05,-2.87591185337277e-05,-0.00230712582244053,-0.00264785086257469,-0.00328299709672475,-6.35393881420754e-06,-2.95462097588128e-05,-0.00196163497332069,-1.20435531059115e-06,-1.82243299917673e-06,9.02278877124019e-06,-0.000218632232620308,-0.00197189004959775,6.3902641498359e-06,-0.00198881845041132,-0.00242203002701569,-6.35393881420754e-06,-2.45144442612144e-06,-0.000180329586018324,-7.44762585647152e-06,-0.000218632232620308,-4.04715570878622e-05,-1.09971152779664e-05,-1.026202408827e-05,-0.00303220216978595,-0.000773930115494981,-2.45144442612144e-06,-0.00183712737581398,-0.00177313038011029,-3.61692595838292e-05,-4.39096472693024e-05,-0.000459109355998244,-0.000790983656135058,-0.00221415349763188,3.7416195453055e-05,-0.000204883178887449,-0.000503811398126608,-7.44762585647152e-06,2.56184325273523e-05,-9.53982515916607e-06,-5.48975739143032e-05,1.76005598708784e-05,2.98904982170001e-05,4.78923510449647e-06,-3.00308239022939e-05,-3.61692595838292e-05,-9.53982515916607e-06,-0.00177694674066764,9.52984933366707e-06,-0.000795069694476069,6.3902641498359e-06,-0.00193445145721594,-0.000654644962113426,-7.44762585647152e-06,-2.85814542655416e-05,-0.00196440251014707,9.73199631815191e-06,1.14699828470677e-05,-2.48897350951793e-05,-0.000181708569976458,-0.000126356640009817,-0.00177694674066764,6.3902641498359e-06,-7.44762585647152e-06,-1.94901843206807e-05,3.28845089025975e-06,2.36088282772329e-05,-6.51076909683468e-05,-0.00445310857652181,-3.91871848481884e-06,-0.0020760744280679,-0.00113188612824011,-2.45144442612144e-06,9.52984933366707e-06,-1.7829919945811e-05,-7.44762585647152e-06,1.72017876058916e-05,-6.47598107716973e-05,-1.94901843206807e-05,9.52984933366707e-06,-5.35918271458158e-05,6.89985262614101e-06,-0.000975820494010016,-0.00185278327299621,-0.000517782486037177
"8:126162363:C:T",8.07742992314786e-06,-1.58317910168293e-05,-0.00168101680416921,2.99745231213677e-05,-0.00184104275355601,-1.58317910168293e-05,-1.37843575265251e-05,2.68520252788562e-05,-0.00399458089690086,2.61194881687743e-05,-3.93371677160914e-05,-3.66819194308476e-06,2.77593303632528e-06,8.07742992314786e-06,4.17068003466525e-05,-1.58317910168293e-05,-3.66819194308476e-06,-6.4081547739292e-05,-1.81071460403359e-06,-0.000588190973247471,-1.58317910168293e-05,-0.00654965143497321,8.07742992314786e-06,-1.08106461826907e-05,-9.53982515916607e-06,0.071122720128467,-2.69293599295395e-05,9.75585167406479e-06,-2.39908817487589e-05,-1.58317910168293e-05,-4.96988460998438e-05,-3.93371677160914e-05,-0.00120999987953496,-8.0908922895695e-05,3.58553596413458e-05,-0.00628632036542953,-0.00117231035657372,-0.0027864251529639,-1.81071460403359e-06,-2.73349665125266e-06,-0.00252514139221915,-0.000526728816219624,-0.00179444006549812,9.75585167406479e-06,-6.54608342820495e-06,-6.06114575392169e-05,-0.00628632036542953,-3.66819194308476e-06,-9.30824821256948e-05,-1.08106461826907e-05,-0.000526728816219624,-5.3651947453659e-05,-1.58317910168293e-05,-1.48014111820416e-05,1.70845784310814e-05,-0.0043525095492134,-3.66819194308476e-06,-1.24442142812597e-06,-1.68757574883216e-05,-0.000744018848021,-5.7769720767098e-05,-0.0016468529523177,-0.0019464805080549,-0.00289987367278499,6.8824932059286e-05,3.91769077445758e-06,-2.2127364538882e-05,-1.08106461826907e-05,-0.0021773052302958,-1.37843575265251e-05,-7.05166270025259e-05,2.82894795091693e-05,5.16381796451526e-05,7.22210661852074e-06,-0.00151682487743354,-0.000744018848021,-0.00357591678364777,-0.00152002202298007,1.46565699239432e-05,-0.000260071224768232,9.75585167406479e-06,4.36560340171255e-05,-0.00165019936174549,-1.08106461826907e-05,-3.90195178852082e-05,6.35576771124136e-06,1.47827600187611e-05,1.78733884697024e-05,-3.428595459809e-05,-0.000263453190662233,-0.00134500703147999,-0.00152002202298007,9.75585167406479e-06,-1.08106461826907e-05,0.000164314236014818,1.49300223846183e-05,3.9012502432989e-05,-0.00103907786348678,-0.00160971920803821,-0.000246815683746959,5.21841088740871e-06,-4.98249888636337e-06,-0.00301126761873149,1.46565699239432e-05,-2.50790646072474e-05,-1.08106461826907e-05,2.75752979668198e-05,-8.16011479960466e-05,0.000164314236014818,1.46565699239432e-05,-0.00111376213394454,1.03923276615348e-05,-3.54461511440363e-05,1.38260418767189e-05,1.95754074541199e-05
"8:126163061:T:C",-0.00191668868459338,-0.00269652660242325,0.000126886869468379,-0.00657712251131937,4.30167884841737e-05,-0.00163840629226453,-2.69293599295395e-05,-0.00321744461573115,-4.94100097503392e-05,-0.00347167635893708,-0.0015306237997823,-0.00242864686613231,4.70800922602876e-06,-0.00191668868459338,-0.00356366811017672,-3.11192726458742e-05,-7.29605780769305e-06,-9.31161926205348e-05,-3.5921527965499e-06,-0.000680093490669442,-0.00163840629226453,-0.00503581628050354,1.5105718313535e-05,-2.08834882187148e-05,-1.91299541736356e-05,-2.69293599295395e-05,0.145264454415207,1.83634486079498e-05,-0.00402233944468122,-3.11192726458742e-05,-0.000100179318580196,-0.0015306237997823,-0.00571009835940028,-9.06854701447912e-05,6.52228461213156e-05,-0.00807776734715615,-0.00310339657412317,-0.000187609099516095,-3.5921527965499e-06,-5.42982933371405e-06,2.54700369515248e-05,-0.000711681253419805,-0.00429191774323545,1.83634486079498e-05,-1.30725065465853e-05,-0.000124254015895886,-0.00807776734715615,-0.00242864686613231,-0.000991955022398017,-2.08834882187148e-05,-0.000711681253419805,-0.00141878370971682,-3.11192726458742e-05,-2.90079099034557e-05,-0.00287730629147998,-0.00391699436441728,-7.29605780769305e-06,-0.000396951506797194,-3.32641889544405e-05,-9.73850762155948e-05,-0.00551307157513659,-6.3742251239951e-05,0.000111154586048379,-0.00374755338726107,-0.000197597271209382,-0.00217380779757814,-4.18537386499551e-05,-2.08834882187148e-05,7.73735064436565e-05,-0.00300330227414491,-0.00440240220733212,5.20482386603405e-05,-7.41927854281954e-05,-0.00248760744902921,-9.3417073259161e-05,-9.73850762155948e-05,-2.69293599295395e-05,-0.00225399385322689,-0.00188829983101613,9.16484232433845e-05,1.83634486079498e-05,4.82008838975645e-05,-0.00323960645640309,-2.08834882187148e-05,-7.80145488219475e-05,-0.0020470094747429,2.64725209930816e-05,-0.00150508584152487,-6.7923766605027e-05,9.06304093248878e-05,-0.00020687441551015,-0.00225399385322689,1.83634486079498e-05,-2.08834882187148e-05,-0.00298182731523422,-0.000456589215007241,7.0203611977071e-05,-0.00126371883502241,-0.00314583489800446,-0.000533273541413415,-0.00167486018601259,-0.00228001070837536,-7.29605780769305e-06,-0.00188829983101613,-4.94100097503392e-05,-2.08834882187148e-05,5.07251026240496e-05,-0.00114828564235214,-0.00298182731523422,2.70674954307992e-05,-0.00132384665701579,-0.0020517464352432,-0.000884568512586448,-0.00192655470667358,-0.00048567216994666
"8:126174692:C:G",-6.04854356645035e-06,1.1109647894969e-05,-5.77723016919052e-05,-2.40313500432521e-05,4.86080229942232e-05,1.1109647894969e-05,9.75585167406479e-06,-2.02658133652278e-05,1.7691803494202e-05,-1.97551825218412e-05,2.688185736055e-05,2.47033254652251e-06,-2.45053097280845e-06,-6.04854356645035e-06,-3.22070921523476e-05,1.1109647894969e-05,2.47033254652251e-06,3.91855585535339e-05,-0.000583698948931399,0.000147439271271921,1.1109647894969e-05,-7.64695111934444e-05,-6.04854356645035e-06,7.78077916763209e-06,6.3902641498359e-06,9.75585167406479e-06,1.83634486079498e-05,0.00209362336661645,1.69811899768391e-05,1.1109647894969e-05,3.44421869211686e-05,2.688185736055e-05,-6.64521152220487e-05,5.01274226039072e-05,-2.72893687869313e-05,-0.000146158228119475,2.79694569185196e-05,7.66629130133367e-06,-0.000583698948931399,1.84244523282473e-06,-1.05953242170997e-05,0.000137631098469093,-1.60127144948063e-05,0.00182032951166811,4.39685253894595e-06,4.12684962158849e-05,-0.000146158228119475,2.47033254652251e-06,-7.85071443099028e-05,7.78077916763209e-06,0.000137631098469093,3.6928811206316e-05,1.1109647894969e-05,1.04289585758366e-05,-1.28347736954026e-05,0.000153320838929716,-0.00031009029773621,-1.19647043739235e-06,1.17980485025981e-05,3.36318596998453e-05,3.95023018464613e-05,-0.000144415646863294,0.000118532109644853,2.39787994225082e-05,-5.45185080023103e-05,-3.87122458800349e-06,1.39896540352069e-05,7.78077916763209e-06,-3.3121544883663e-05,9.75585167406479e-06,4.78421805336637e-05,-2.12700145123534e-05,-4.01318248313132e-05,-5.46561927272649e-06,3.11121879308374e-05,3.36318596998453e-05,9.75585167406479e-06,-0.00026594714299133,-1.11647665104186e-05,-5.76617671175228e-05,-7.19518179792544e-06,-3.56299411690131e-05,-0.000131230778652736,7.78077916763209e-06,2.71877142008492e-05,-4.87614766786493e-06,-1.19467893080483e-05,-1.33790257148547e-05,2.41471140718374e-05,-5.80229653301956e-05,5.66069566803051e-05,-0.00026594714299133,-7.19518179792544e-06,7.78077916763209e-06,1.91370806783553e-05,-1.28619041142031e-05,-3.0311720178311e-05,-0.00101375433065165,-0.000174076857825334,-5.45825235427344e-05,-5.49206103439559e-06,2.75126142490478e-06,2.47033254652251e-06,-1.11647665104186e-05,1.7691803494202e-05,7.78077916763209e-06,-2.0770725516428e-05,5.4576338698098e-05,1.91370806783553e-05,-1.11647665104186e-05,-0.000892606783318151,-8.25068879617419e-06,2.48945964180791e-05,-1.05953242170997e-05,-1.60127144956945e-05
"8:126179880:A:G",1.39489720050179e-05,0.000113885507400546,0.000130884642289608,5.10539479998684e-05,4.06800479995084e-05,-2.76107339098886e-05,-2.39908817487589e-05,-0.0030207169421308,-4.33595575852763e-05,4.55512091175336e-05,-0.00414814686373521,-6.55901922375079e-06,4.39668137186544e-06,1.39489720050179e-05,7.29996765720387e-05,-2.76107339098886e-05,-6.55901922375079e-06,-0.000614311246752486,-3.23991338024854e-06,-0.000399136046008053,-2.76107339098886e-05,-0.00298454679231597,1.39489720050179e-05,-1.87240526248189e-05,-1.70215453838551e-05,-2.39908817487589e-05,-0.00402233944468122,1.69811899768391e-05,0.0843063689998056,-2.76107339098886e-05,-8.51216320469916e-05,-0.00414814686373521,0.000150263224503178,-0.000642130689068487,6.28558606674545e-05,-0.00302455079000641,-6.92793474366127e-05,-2.86678283973885e-05,-3.23991338024854e-06,-0.00141451829172379,2.37370266198411e-05,-0.000370422573688245,3.2732536348945e-05,1.69811899768391e-05,-1.16926160140807e-05,-0.000853938804263876,-0.00302455079000641,-6.55901922375079e-06,-0.00400390038771548,-1.87240526248189e-05,-0.000370422573688245,-0.000788864351341623,-2.76107339098886e-05,-2.57896781246103e-05,2.96689158689745e-05,0.000168471330678877,-6.55901922375079e-06,-0.0037512958317647,-2.94544635988103e-05,-8.29150479182417e-05,-9.89646203946037e-05,-6.01477451880328e-05,-0.00602123830856982,-6.24201587555717e-05,0.000121967166733405,5.79116422372294e-06,-0.00383815371807028,-1.87240526248189e-05,7.54344555389252e-05,-0.00146358926893964,-0.000120203964542931,4.95506872892904e-05,9.0895082474951e-05,1.24052480936498e-05,-7.97983871265728e-05,-8.29150479182417e-05,-2.39908817487589e-05,-0.000151446474155215,2.52474957518345e-05,-0.00334806782307151,1.69811899768391e-05,-0.00140557353058668,-0.00586161858867129,-1.87240526248189e-05,-6.71598430441733e-05,1.08426654872318e-05,2.47701053393001e-05,3.11071634646609e-05,-5.89409897067128e-05,-0.00337064875019255,-0.000144629634693416,-0.000151446474155215,1.69811899768391e-05,-1.87240526248189e-05,-4.72461941249946e-05,-0.00365499559915605,6.79404817187645e-05,-0.000139057610913262,-0.00584513183757007,-0.00323778647573114,7.38083269169465e-06,-9.51466600351836e-06,-6.55901922375079e-06,2.52474957518345e-05,-4.33595575852763e-05,-1.87240526248189e-05,4.82336041596199e-05,-0.00445548120669503,-4.72461941249946e-05,2.52474957518345e-05,-0.000117666625268242,1.75025069415469e-05,-6.09577816099716e-05,2.37370266198411e-05,-0.00362432833207738
"8:126180404:C:T",9.19074014404941e-06,-1.8204911899744e-05,8.17755652882113e-05,-0.00225582314457817,2.69720531811402e-05,-1.8204911899744e-05,-1.58317910168293e-05,3.04039355851771e-05,-2.88783458888275e-05,2.95754322268138e-05,-4.55611637768527e-05,-4.22045053483089e-06,-0.00194340680948457,9.19074014404941e-06,4.69758188019753e-05,0.000278555526387336,-4.22045053483089e-06,-0.00583901254556185,-2.08204868901163e-06,-0.0014165426371946,-1.8204911899744e-05,-6.85232302677363e-05,9.19074014404941e-06,-1.23904191751123e-05,-0.00175367903058454,-1.58317910168293e-05,-3.11192726458742e-05,1.1109647894969e-05,-2.76107339098886e-05,0.0751793137320522,-5.75846067132346e-05,-4.55611637768527e-05,9.29530606583739e-05,-0.00574539063352475,4.04835029570449e-05,-7.07781533026974e-05,-4.6537859406115e-05,-1.74473218317317e-05,-2.08204868901163e-06,-3.14406621626517e-06,1.56838552305416e-05,-0.00143491979967703,2.20661501355579e-05,1.1109647894969e-05,-7.53871917336113e-06,-0.00136623938451486,-7.07781533026974e-05,-4.22045053483089e-06,-3.04971771587503e-05,-1.23904191751123e-05,-0.00143491979967703,-6.22517015367308e-05,-1.8204911899744e-05,-1.70102532965899e-05,1.93957690086677e-05,-0.00161929403503702,-4.22045053483089e-06,-0.00390156962337684,-1.94160957667222e-05,-5.60722090066079e-05,-6.71233542774985e-05,-0.00259381105528966,-0.00167325958528153,-4.13488405186513e-05,-0.00146960880967217,-0.00245000155322206,-0.00383947354619529,-1.23904191751123e-05,4.84246618235318e-05,-1.58317910168293e-05,-8.21712027834209e-05,3.2028334612022e-05,5.79833719083211e-05,8.21200237233199e-06,-5.34226267605575e-05,-5.60722090066079e-05,-1.58317910168293e-05,-0.00186867558190063,-0.00216566822967756,7.94749949459828e-05,1.1109647894969e-05,4.89770425327052e-05,-0.00174379111558487,-1.23904191751123e-05,-4.51020168306115e-05,7.22006821263221e-06,-0.00103998937929362,2.02930042840777e-05,-3.95541241795527e-05,8.00407527155045e-05,-9.94552229318657e-05,-0.00186867558190063,1.1109647894969e-05,-1.23904191751123e-05,-3.14663334792797e-05,-0.00405283606212414,-0.00480581898461363,-0.000307934210666438,-0.0017713079016044,7.46098075889989e-05,-0.00317968805224567,-0.00254920136885151,-4.22045053483089e-06,-0.00216566822967756,-2.88783458888275e-05,-1.23904191751123e-05,3.12214990252357e-05,-9.54065597333908e-05,-3.14663334792797e-05,-0.00217437618179517,-0.000245143982904317,1.17629355909088e-05,-4.09125606770644e-05,1.56838552305416e-05,-0.00412192505436249
"8:126184443:C:T",2.77901167908823e-05,-5.75846067132346e-05,0.000264342976747045,-0.00275488666604318,7.69778345377503e-05,-0.000956346383629736,-4.96988460998438e-05,9.43906748096524e-05,-8.9263729778466e-05,9.13997691842638e-05,-0.000143322339813068,-1.43331826381043e-05,6.82009087871194e-06,2.77901167908823e-05,0.000145544886779092,-5.75846067132346e-05,-1.43331826381043e-05,-0.000926176693353931,-7.07888418460811e-06,-0.00130086389583539,-0.000956346383629736,-0.00600928988530658,2.77901167908823e-05,-3.82299555399257e-05,-3.72160724584347e-05,-4.96988460998438e-05,-0.000100179318580196,3.44421869211686e-05,-8.51216320469916e-05,-5.75846067132346e-05,0.0692728616932907,-0.000143322339813068,0.000304384916724132,-0.000943635187792502,0.000126515393348292,-0.00419915878421406,-0.000142989577854635,-7.39019557585152e-05,-7.07888418460811e-06,-1.06837027837869e-05,4.63457092605424e-05,-0.00128392813122247,5.91871024218094e-05,3.44421869211686e-05,-2.55580215533513e-05,-0.000215278489649862,-0.00419915878421406,-1.43331826381043e-05,-0.00141031038608119,-3.82299555399257e-05,-0.00128392813122247,-0.000189516249954558,-0.000956346383629736,-5.36171468663582e-05,5.94281785497586e-05,0.000690373856617299,-1.43331826381043e-05,-0.000237022839788104,-0.000978887389087468,-0.000170077245169153,-0.000204769482021305,-0.000128585449065355,0.000244918710881947,-0.000133552253963387,0.000243641257366534,-0.000386027060025107,-0.0015786090448584,-3.82299555399257e-05,0.000151019622479431,-4.96988460998438e-05,0.000360240491926511,0.000100263443318482,0.000181882954624513,2.44026631897043e-05,-0.000168515268866187,-0.000170077245169153,-4.96988460998438e-05,-0.00117690638891332,4.96778290628441e-05,-0.00279756516040219,3.44421869211686e-05,-0.00243147292526036,-0.000528493465341562,-3.82299555399257e-05,-0.000638645292649898,-0.0015717492745928,-0.00119544968772445,6.25987932254546e-05,-0.000120599481260086,-0.00281908976280043,-0.000300971984536602,-0.00117690638891332,3.44421869211686e-05,-3.82299555399257e-05,-0.00428064802103822,-0.00386454361835309,-0.0013653714598556,-0.000673507805842632,-0.00056562521568182,-0.00449993323898124,6.57971750950281e-06,-0.00110105304114594,-1.43331826381043e-05,4.96778290628441e-05,0.000969447867655404,-3.82299555399257e-05,9.73450110954843e-05,-0.000288675589330545,-0.00428064802103822,4.96778290628441e-05,-0.000717717768632831,-0.00132757685710772,-0.00012496581321475,4.63457092605424e-05,-0.00291609347787247
"8:126186214:C:T",-0.00201458800086751,-0.00281582691951421,0.000193313737494094,-0.00869426052115418,6.14051570666518e-05,-0.00344244472965816,-3.93371677160914e-05,-0.00309484814498884,-7.15603241623342e-05,-0.00366222252607962,0.000544149621256373,-0.0025371259707283,6.06302197070363e-06,-0.00201458800086751,-0.00374156320391084,-4.55611637768527e-05,-1.09991160490708e-05,-6.12133489719113e-05,-5.42017226123903e-06,-0.000658466894551957,-0.00344244472965816,-0.00611136004184276,2.1901599066787e-05,-3.03362707203547e-05,-2.87591185337277e-05,-3.93371677160914e-05,-0.0015306237997823,2.688185736055e-05,-0.00414814686373521,-4.55611637768527e-05,-0.000143322339813068,0.157798830494016,-0.00553432040013657,-7.26409688436291e-05,9.66133874671371e-05,-0.0094490961245266,-0.00324384611860484,-0.000110849843136585,-5.42017226123903e-06,-8.18937808944042e-06,3.66895860341998e-05,-0.000676671088052139,-0.00449410191821187,2.688185736055e-05,-1.96803315803962e-05,-0.000177757733878181,-0.0094490961245266,-0.0025371259707283,-0.00080762484291963,-3.03362707203547e-05,-0.000676671088052139,-0.00136568942218673,-4.55611637768527e-05,-4.24261870666243e-05,-0.00276341457028284,-0.00332787927308109,-1.09991160490708e-05,-0.000304264644669594,-4.87430968822977e-05,-0.000139308970537932,-0.0057068554224573,-0.000105045356252553,2.80291004273181e-06,-0.00357020823584797,-0.000258499039363258,-0.00227861923689687,-7.4506178115108e-05,-3.03362707203547e-05,0.000114845949136466,-0.00312045901059754,-0.00413171964236536,7.69320083495728e-05,-3.80071392642733e-05,-0.00238239335968871,-0.000144425826203332,-0.000139308970537932,-3.93371677160914e-05,-0.00336569081680871,-0.00198115516171438,0.000143894553503721,2.688185736055e-05,7.29836238484438e-05,-0.00384900527848098,-3.03362707203547e-05,-0.000112314649421741,-0.00214678382979461,3.69761033134353e-05,-0.00159436125758194,-9.7659888848689e-05,0.000143515577117448,-0.000289909062789917,-0.00336569081680871,2.688185736055e-05,-3.03362707203547e-05,-0.00311103537721635,-0.000349256658799035,0.000103247543830065,-0.00240523473383814,-0.00375892565682223,-0.000378437896067396,-0.00145744218698596,-0.0023921328168468,-1.09991160490708e-05,-0.00198115516171438,-7.1560324161446e-05,-3.03362707203547e-05,7.48492978344117e-05,-0.00152566273218646,-0.00311103537721635,3.91545444378139e-05,-0.00128356583361455,-0.00194429885684144,-0.000815886426242862,-0.00202033440340621,-0.00037379963714379
"8:126187044:C:G",-5.90134431330824e-05,9.29530606583739e-05,-0.000545072515306444,-0.000589114777790556,-0.00102723380767777,9.29530606583739e-05,8.37024367639216e-05,-0.00019229713826352,0.000155216232697875,-0.000189224040287428,-0.00553432040013657,1.64825243063049e-05,-3.56589995291756e-05,-5.90134431330824e-05,-0.000315517133641308,9.29530606583739e-05,1.64825243063049e-05,-0.00111514484791631,8.14904026302798e-06,-0.00116439086095443,9.29530606583739e-05,-0.00523982672902523,-5.90134431330824e-05,7.02107751369141e-05,-0.00230712582244053,-0.00120999987953496,-0.00571009835940028,-6.64521152220487e-05,0.000150263224503178,9.29530606583739e-05,0.000304384916724132,-0.00553432040013657,0.104948992633066,-0.0020450058526027,-0.000259173398818646,-0.00570716242130853,0.000243280784927968,-0.0010658155186194,8.14904026302798e-06,1.22923376384421e-05,-0.000109371327577712,-0.00115261005080836,-0.00106062497322945,-6.64521152220487e-05,2.93425171120631e-05,-0.00205633927294269,-0.00570716242130853,1.64825243063049e-05,0.00181485228298151,7.02107751369141e-05,-0.00115261005080836,0.000322287194698845,9.29530606583739e-05,8.83015500301454e-05,-0.00536336309427643,0.000909234162705275,1.64825243063049e-05,-7.7235546309673e-05,9.76578691789243e-05,0.000298552289351051,0.00034082102638866,0.000175307177670447,-0.00811426217653555,-0.000405800788867872,-0.000570125186373005,-0.00117724677127562,7.13000937775377e-05,7.02107751369141e-05,-0.000320400751784078,8.37024367639216e-05,-0.000877495986165044,-0.000198339383838508,-0.000335996146122675,-5.52310396466638e-05,-0.000487101416509539,0.000298552289351051,-0.00120999987953496,-0.00104984985504508,-0.000344308307035135,0.000188379553791584,-6.64521152220487e-05,-0.00278992130977151,-0.00878500213680766,7.02107751369141e-05,0.000237735637649727,-0.000427333849772005,-0.00055064627720558,-0.000126838535552842,0.000216173843403666,0.000216397207214669,-0.000496252539135433,-0.0019594082458374,-6.64521152220487e-05,7.02107751369141e-05,0.000165291698134951,-0.000176590387470199,-0.00051143598539749,-0.00101178147708314,-0.00888680324068059,0.000291680936513217,-0.00160353574824335,-0.00131169131283038,-0.000722118026581064,-0.000344308307035135,0.000155216232697875,7.02107751369141e-05,0.000290500373681724,-0.00507345464045894,0.000165291698134951,-0.000112945478894844,-0.000956492147885513,-0.000447397724569143,-0.00476311053030987,-0.000109371327577712,-0.000194656481303568
"8:126188930:C:T",4.01198828612337e-05,-0.00144312430640881,-0.000185058518340497,-0.00315850780545812,-0.000167717679203427,-9.54531776935497e-05,-7.0923667257361e-05,-0.00537017751858926,-0.00276774656699263,-0.000137822399170595,-7.26409688436291e-05,-1.61288266378179e-05,-0.0026768165002391,4.01198828612337e-05,-0.000545838158831913,-0.00574539063352475,-0.00244630978866578,0.000359388658083937,-0.00215677880479337,-0.000981977821772784,-9.54531776935497e-05,-0.00044598547471697,-0.00188835691207068,-6.03388186828369e-05,-0.00264785086257469,-8.0908922895695e-05,-9.06854701447912e-05,5.01274226039072e-05,-0.000642130689068487,-0.00574539063352475,-0.000943635187792502,-7.26409688436291e-05,-0.0020450058526027,0.218533439886967,-7.97582760627691e-05,-0.000283406602173741,-0.000539656651725728,-6.49502377609856e-05,-0.00215677880479337,-0.00251941759239127,-4.24056186352217e-05,-0.000829440983722396,-0.00053969588882774,5.01274226039072e-05,-0.00345459319708397,-0.00168783635265868,-0.000283406602173741,-1.61288266378179e-05,-7.45366351075916e-05,-6.03388186828369e-05,-0.000829440983722396,-0.00210026657542706,-0.00276684406789229,-0.00158735102972329,-0.00275810623631045,-0.00245137110339844,-0.000507847738094647,-0.00523244132276446,-0.00083980460643307,-0.00306787231075845,-0.00252293716998508,-0.000568763074813461,-0.00430424842756949,-0.00156706376000137,-0.00490562390323301,-0.0132226866151424,-0.000370738901978029,-6.03388186828369e-05,1.31795677331681e-05,-0.000152573712536963,-0.00221458557855936,-0.000822837995881009,-0.0033256278867162,-0.00167925920399004,-0.000172676441335895,-0.00306787231075845,-0.00153736721434417,-0.000184009569832,-0.00484464585667777,-0.00447192828593002,5.01274226039072e-05,-0.00222640570968302,-0.00204741764052097,-6.03388186828369e-05,-0.00268259372917523,-0.00447717150472826,-0.00301830852552154,-0.00144375503654448,-0.00750071265336771,-0.00605238952177256,-0.00108479324302735,-0.000184009569832,5.01274226039072e-05,-6.03388186828369e-05,-0.00225679726029604,-0.00294846064024101,-0.00664514733569632,-0.000333054970633739,-0.00497239724969045,-0.0110026324756274,-0.000127220575225184,-0.00352754771333963,-0.00189206789040597,-0.00484464585667777,-0.000353655508723349,-6.03388186828369e-05,-0.00378190692799585,-0.00304440859997879,-0.00225679726029604,-0.00283461030224696,-0.00039065918772252,-0.00280704851695646,-0.00358178242780305,-4.24056186352217e-05,-0.00307865975654398
"8:126190164:G:C",-2.33766629387233e-05,-0.00305812284408979,-0.000225365923066434,-0.00244333225352822,-0.00117834268597861,4.04835029570449e-05,3.58553596413458e-05,-7.80214743576479e-05,6.52853151574817e-05,-0.00447367521339004,9.66133874671371e-05,8.44602409699746e-06,-0.00351925555849597,-2.33766629387233e-05,-0.000126077447172079,4.04835029570449e-05,8.44602409699746e-06,-8.07364960762058e-05,-0.0017526448055456,-0.00140241884517778,4.04835029570449e-05,-0.00799818894576898,-0.00444435571217383,2.90971600129808e-05,-0.00328299709672475,3.58553596413458e-05,6.52228461213156e-05,-2.72893687869313e-05,6.28558606674545e-05,4.04835029570449e-05,0.000126515393348292,9.66133874671371e-05,-0.000259173398818646,-7.97582760627691e-05,0.102773360927269,-0.00790643557441228,0.000102496324687174,1.58288837841525e-05,-0.0017526448055456,-0.00350940532910915,-4.18880120127696e-05,-0.00138548008559614,-0.000474383599082806,-2.72893687869313e-05,1.50253881416873e-05,-0.00270980503991503,-0.00790643557441228,8.44602409699746e-06,-0.00103921557864251,2.90971600129808e-05,-0.00138548008559614,0.000134972051586857,4.04835029570449e-05,3.81568990635017e-05,-4.94935215620274e-05,-0.000750448472252252,8.44602409699746e-06,-0.00122886104926412,4.28355810440095e-05,0.00012375663450559,0.000143709684969906,-0.00125639092004182,-0.00374816121662924,8.43053149690576e-05,-0.000930806921191518,-1.90962067865286e-05,4.46545292254186e-05,2.90971600129808e-05,-0.000129103561453903,-0.00200327278075196,-0.001866274758898,-8.14147770764606e-05,-0.000852421997035613,-0.00109817686377323,-0.00137461606111167,0.00012375663450559,3.58553596413458e-05,-0.00129041821052756,-4.38212311912878e-05,-0.00386370047167173,-2.72893687869313e-05,8.80542592440747e-06,-0.000602153232593494,2.90971600129808e-05,-0.00213027204088956,-1.93782380764063e-05,-0.000455226530217345,-5.13429855102387e-05,-0.00189383475427363,-0.00387519171679607,-0.00152177653779795,-0.00129041821052756,-2.72893687869313e-05,2.90971600129808e-05,7.02233505194272e-05,-5.71863237128767e-05,-0.000564590608940208,0.000200514225244142,-0.000689827620814931,-0.000644713933880325,-0.00117149978350994,6.58064092018407e-06,8.44602409699746e-06,-4.38212311912878e-05,6.52853151574817e-05,2.90971600129808e-05,-0.00554432391392812,0.0001965322702695,7.02233505194272e-05,-0.000507905319445001,0.000170715087296713,-0.00113457020597263,9.20065186944541e-05,-4.18880120127696e-05,-6.76962197116993e-05
"8:126200196:C:T",-0.00161268200415154,-0.00167717496472441,-0.00235680471994382,-0.000936978131330868,-0.00210880973619654,-0.00380329828760129,-0.0016553295140227,-0.000257698772648141,-0.00307424585462091,-0.00279877958783281,-0.0094490961245266,-8.6879236462778e-06,-4.29807096447021e-05,-0.00161268200415154,-0.00149629114781824,-7.07781533026974e-05,-0.0084070206132516,-0.000186324801059179,-0.00261597411334336,-0.0061238751833641,-0.00380329828760129,-0.0017486705380545,-0.000213375200866395,-5.13374083510598e-05,-6.35393881420754e-06,-0.00628632036542953,-0.00807776734715615,-0.000146158228119475,-0.00302455079000641,-7.07781533026974e-05,-0.00419915878421406,-0.0094490961245266,-0.00570716242130853,-0.000283406602173741,-0.00790643557441228,0.341052572701499,-0.000141181272785396,-0.00674309821322394,-0.00261597411334336,-0.00102718758331655,-0.00782079064376795,-0.00473853927833101,-0.000546781945825803,-0.000146158228119475,-0.0016175414075148,-0.000853353439455251,0.000155370648175612,-8.6879236462778e-06,-0.000706645382168247,-5.13374083510598e-05,-0.00473853927833101,-0.000205850993089562,-0.000270994750563247,-0.00252665689058951,-0.00610849730643803,-0.00664764299816056,-0.010514321094556,-1.68939761633347e-05,-0.0016491556938254,-0.00157965830501539,-0.00338780497973445,-0.00676846070614134,-0.00594181713792485,-0.000535337435802141,-0.000961643432501713,-0.00369601775798989,-5.19957321150066e-05,-5.13374083510598e-05,-0.000274323791548348,-0.000327412489443901,-0.00307663719042939,-0.00302493030824191,-0.000888035668581644,-9.97550912469336e-05,-0.007278087634635,-0.00157965830501539,-0.00633712091499739,-0.00646365973299634,-0.00439285498140851,-0.00396829389214348,-0.000146158228119475,-0.00427376902251853,-0.00655938688211011,-5.13374083510598e-05,-0.00439227585632107,-0.000149427308103078,-0.000144072619510549,2.42169642810097e-05,-0.0031145246664197,-0.0040455684863403,-0.0116715867834709,-0.00646365973299634,-0.000146158228119475,-5.13374083510598e-05,-0.00327989421598218,-0.000321100282385522,-0.00225041167980322,-0.0105264769097211,-0.00678073642951116,-0.00265592480999111,-0.00130914667419546,-0.00323478132018495,-0.00862345480419435,-0.00439285498140851,-0.00307424585462091,-5.13374083510598e-05,-0.00641184943703266,-0.00778260837888567,-0.00327989421598218,-0.000172668810285437,-0.010039503867163,-0.000515578752643187,-0.000843774694136989,-0.00240245809976791,-0.000424141227629793
"8:126206485:G:C",2.27283968330383e-05,-4.6537859406115e-05,0.000212083310652034,8.00862980288031e-05,-0.00153627448677707,-4.6537859406115e-05,-4.02425884491464e-05,-0.00047968489696526,-7.26028627973108e-05,7.42870288288344e-05,-0.00324384611860484,-0.000988751276498334,6.17868103525154e-06,2.27283968330383e-05,0.000118225546564155,-4.6537859406115e-05,-1.1363899724337e-05,-0.000492340718920126,-5.60999588561373e-06,0.00127903524595308,-4.6537859406115e-05,-0.00016213088049355,2.27283968330383e-05,0.000565139126880609,-2.95462097588128e-05,-0.00117231035657372,-0.00310339657412317,2.79694569185196e-05,-6.92793474366127e-05,-4.6537859406115e-05,-0.000142989577854635,-0.00324384611860484,0.000243280784927968,-0.000539656651725728,0.000102496324687174,-0.000141181272785396,0.0516076510560728,-0.00489398674467001,-5.60999588561373e-06,-8.46861784431496e-06,3.81602578434226e-05,0.00128015817481764,-0.00149831770944076,2.79694569185196e-05,-0.00146472338824388,-0.000175882756367152,-0.000141181272785396,-0.000988751276498334,-0.00202696046044881,0.000565139126880609,0.00128015817481764,-0.000374016980447145,-4.6537859406115e-05,-4.33698894859447e-05,4.84205423543216e-05,-1.84872364670241e-05,-1.1363899724337e-05,-0.00145486394548922,-4.97472904168461e-05,0.0012154623327465,-0.00353190640717926,-0.0014498038298818,-0.00109502997845201,-0.00302288779822213,-6.55374110793971e-05,-0.00280500652135363,-0.00146703986947472,0.000565139126880609,0.000122433564518687,-4.02425884491464e-05,-0.000203423626480514,8.11857077316347e-05,-0.000146019500403938,2.00578410955998e-05,-0.000262608580001711,0.0012154623327465,-4.02425884491464e-05,-0.000262266874250017,4.07751497872866e-05,4.17060838815431e-05,2.79694569185196e-05,-0.0011283773904518,-0.000787593345888737,0.000565139126880609,-0.000112834541725171,-0.00267278019029149,3.82593857430891e-05,5.09046629622034e-05,-9.84706197693086e-05,4.16317499354335e-05,0.000139213570069074,-0.000262266874250017,2.79694569185196e-05,0.000565139126880609,-7.93805560386218e-05,-0.00322734762010057,0.000109466808973835,-0.000235435339774881,-0.00080011401990987,-0.000165457508283673,7.87856180828328e-06,-0.0029187870524181,-1.1363899724337e-05,4.07751497872866e-05,-7.26028627973108e-05,0.000565139126880609,7.89151344342542e-05,-0.00360195826075138,-7.93805560386218e-05,4.07751497872866e-05,-0.000198942319494577,-0.000118548842020338,-0.00010199185157056,3.81602578434226e-05,-0.00328852097028509
"8:126206569:T:C",-0.0093459419684816,-1.74473218317317e-05,-0.00345006634288758,-7.37472459828581e-05,-0.00139597594073759,-0.00383566258960499,-0.00168922490955392,-0.00125327344563342,5.86847284527181e-05,-0.00304021608557647,-0.000110849843136585,-0.00208793753082581,-0.00215645649580765,-0.0093459419684816,-0.000286400158485023,-1.74473218317317e-05,-3.49070742089452e-06,-0.000311166483757841,-0.0023617099884321,-0.0054917773943659,-0.00383566258960499,-0.00697072330736415,6.53423570895484e-06,-1.12202210207357e-05,-0.00196163497332069,-0.0027864251529639,-0.000187609099516095,7.66629130133367e-06,-2.86678283973885e-05,-1.74473218317317e-05,-7.39019557585152e-05,-0.000110849843136585,-0.0010658155186194,-6.49502377609856e-05,1.58288837841525e-05,-0.00674309821322394,-0.00489398674467001,0.303248345459296,-0.0023617099884321,-2.56755834637801e-06,-0.00374259109925834,-0.00304380859106512,-7.62888759267e-05,7.66629130133367e-06,-0.000167362154049222,-0.000161685960430091,-0.00674309821322394,-0.00208793753082581,-0.011920441149738,-1.12202210207357e-05,-0.00304380859106512,-0.00281135779663,-0.00247842303609414,-0.00173399373792016,-0.000228155091667404,-0.00173298216466033,-0.00476562075969067,-0.000208172678998864,-3.25395694318331e-05,-0.00220540858316198,-0.000913920499170828,-0.000274450843806839,-0.0145582118839469,-0.000372893500927063,-0.00809478030550359,-0.0099218693867309,-0.00231239540752792,-1.12202210207357e-05,-0.0025933903760178,-1.48284356944473e-05,-0.00380900184813981,-0.00845598371746359,-0.00654716265706323,-7.13447242564058e-05,-0.000296332896389195,-0.00220540858316198,4.86377012700601e-05,-0.00672099752069188,-5.35862984092361e-05,-0.0014899699563049,7.66629130133367e-06,-0.0117037568094762,-0.0129355757904066,-1.12202210207357e-05,-0.00521619418477925,-0.00243904979229548,-0.00181493057418525,-0.0036338258106543,-4.49601592942273e-05,-0.00148797470945539,-0.00021321345739711,-0.0065205487866562,7.66629130133367e-06,-1.12202210207357e-05,-0.0015538686769867,-0.00335707473002334,-0.00160497530925685,-0.00761327983138926,-0.010979984425858,-0.000525585943290885,-0.00259098074810193,-0.0059136218375917,-0.00208387166850521,-5.35862984092361e-05,-0.00138829364101589,-1.12202210207357e-05,1.52919582347977e-05,-0.00011948561285724,-0.0015538686769867,-0.00121513244706239,-0.00815664442616626,-0.00684424556887286,-4.37773471961833e-05,-0.00533409592251832,-0.00314427511831195
"8:126209823:T:C",1.02425782966264e-06,-2.08204868901163e-06,7.46820143593396e-06,3.65041485750339e-06,-0.00234299891203538,-2.08204868901163e-06,-1.81071460403359e-06,3.21571201933324e-06,-3.39048759556704e-06,3.13881217905987e-06,-5.42017226123903e-06,-4.56918383129334e-07,3.90129472727097e-07,1.02425782966264e-06,4.78740721643334e-06,-2.08204868901163e-06,-4.56918383129334e-07,-0.00219129420097897,9.84416599614235e-06,-4.53540599085756e-05,-2.08204868901163e-06,-0.00252405265088562,1.02425782966264e-06,-1.42075762887828e-06,-1.20435531059115e-06,-1.81071460403359e-06,-3.5921527965499e-06,-0.000583698948931399,-3.23991338024854e-06,-2.08204868901163e-06,-7.07888418460811e-06,-5.42017226123903e-06,8.14904026302798e-06,-0.00215677880479337,-0.0017526448055456,-0.00261597411334336,-5.60999588561373e-06,-0.0023617099884321,0.067719394701351,-3.39750687139428e-07,1.74119570406361e-06,-4.11002069844457e-05,2.49664291729346e-06,-0.000583698948931399,-8.20818850222338e-07,-0.00191744542025862,-0.00261597411334336,-4.56918383129334e-07,8.86670644995036e-06,-1.42075762887828e-06,-4.11002069844457e-05,-7.6842043794656e-06,-2.08204868901163e-06,-1.94521041141371e-06,2.10868806149733e-06,-0.00808666116547663,4.72316711164211e-06,2.73688103291647e-08,-2.2212841690461e-06,-6.88406915116957e-06,-8.32261134142698e-06,-0.0025859624927369,-0.00355097885904598,-0.00229860148184979,7.16084935525885e-06,5.83997946002057e-07,-2.80348789694074e-06,-1.42075762887828e-06,4.90714687284566e-06,-0.00328155716408407,-1.04104686879936e-05,3.36559472913223e-06,5.72375025420513e-06,9.23086590276512e-07,-6.40619734237902e-06,-6.88406915116957e-06,-1.81071460403359e-06,-0.00212314948916781,1.83548645527054e-06,7.3915880474118e-06,1.22150336778759e-06,5.0927535051315e-06,-0.00825979587217773,-1.42075762887828e-06,-5.43056676338693e-06,8.20164051340555e-07,-0.00249150078091631,2.19665372735989e-06,-4.74322883015077e-06,7.42554236143889e-06,-1.2804175042902e-05,-0.00212314948916781,1.22150336778759e-06,-1.42075762887828e-06,-3.6995431136333e-06,1.9861631077589e-06,4.53447765824677e-06,-0.000197914526067322,-0.00828304997533724,7.0922091541803e-06,-0.002485363787323,-5.67588827493637e-07,-4.56918383129334e-07,1.83548645527054e-06,-3.39048759556704e-06,-1.42075762887828e-06,3.29129625331603e-06,-1.22368427968311e-05,-3.6995431136333e-06,1.83548645527054e-06,-0.000148156530819676,1.34687225195051e-06,-4.91064531615848e-06,1.74119570406361e-06,2.49664291640528e-06
"8:126210160:G:A",1.54402845442547e-06,-0.000138799610105877,1.12647567958035e-05,5.49654879034023e-06,4.45525445424977e-06,-3.14406621626517e-06,-2.73349665125266e-06,4.84946335355119e-06,-5.11721772245011e-06,4.7330999572992e-06,-8.18937808944042e-06,-6.91299823607494e-07,5.84446910423253e-07,1.54402845442547e-06,7.21857519181412e-06,-3.14406621626517e-06,-6.91299823607494e-07,-0.00247741990330752,-3.39750687139428e-07,-0.00161344782091355,-3.14406621626517e-06,-0.00100387441912186,-0.00203259200709649,-2.14350637772753e-06,-1.82243299917673e-06,-2.73349665125266e-06,-5.42982933371405e-06,1.84244523282473e-06,-0.00141451829172379,-3.14406621626517e-06,-1.06837027837869e-05,-8.18937808944042e-06,1.22923376384421e-05,-0.00251941759239127,-0.00350940532910915,-0.00102718758331655,-8.46861784431496e-06,-2.56755834637801e-06,-3.39750687139428e-07,0.0719882036513733,2.62334352107985e-06,-0.00164839943711304,3.75493045012831e-06,1.84244523282473e-06,-1.24196394946097e-06,-1.3240060968478e-05,-0.00102718758331655,-6.91299823607494e-07,-9.53785141728503e-05,-2.14350637772753e-06,-0.00164839943711304,-1.15997916578792e-05,-0.00195856104425829,-2.9370039582588e-06,3.17945616767901e-06,-0.00136207987761594,-6.91299823607494e-07,-0.00227064023399848,-3.35476674084845e-06,-1.03889015949932e-05,-1.25661097589713e-05,-7.0168609962451e-06,-0.00611571171551528,-7.29941157562308e-06,1.07994489235708e-05,8.71466806273702e-07,-0.00232670170694238,-2.14350637772753e-06,-0.00173809038830175,-0.00188681594751561,-1.57175649722063e-05,5.07624590362354e-06,8.63154573682579e-06,1.39095311180171e-06,-9.6825481703533e-06,-1.03889015949932e-05,-2.73349665125266e-06,-2.00093641682386e-05,2.76604118898405e-06,-0.00590668933459693,1.84244523282473e-06,-0.00244026437373268,-0.00589447514908503,-2.14350637772753e-06,-0.00328684228379394,1.23522016881594e-06,2.86545315653086e-06,3.31255421670562e-06,-0.00198065459386676,-0.00247906705554524,-0.00176968043728287,-2.00093641682386e-05,1.84244523282473e-06,-2.14350637772753e-06,-5.58487821855636e-06,-0.00220026066130519,6.83565058068325e-06,-1.86538943154346e-05,-0.0058486841731531,-9.31400878378952e-06,1.19549411969899e-06,-8.65349691459016e-07,-6.91299823607494e-07,2.76604118898405e-06,-5.11721772245011e-06,-2.14350637772753e-06,4.96383019310542e-06,-1.84829184837199e-05,-5.58487821855636e-06,2.76604118898405e-06,-1.53507976072831e-05,2.02650192271392e-06,-7.41033550344383e-06,2.62334352107985e-06,-0.00217793422745594
"8:126210337:G:A",-0.00351269901165541,1.56838552305416e-05,-9.37535358103148e-05,-0.00161018842922012,-2.90151464170663e-05,1.56838552305416e-05,1.38260418767189e-05,-0.00107541503433506,-0.0022918897458748,-2.99014887756854e-05,3.66895860341998e-05,3.51331481862616e-06,-3.69366336450128e-06,-0.00351269901165541,-5.00378643657484e-05,1.56838552305416e-05,3.51331481862616e-06,-5.486393194154e-05,1.74119570406361e-06,-0.00782541298487871,1.56838552305416e-05,-0.00789661842155631,-8.91692026350199e-06,1.10980885885681e-05,9.02278877124019e-06,-0.00252514139221915,2.54700369515248e-05,-1.05953242170997e-05,2.37370266198411e-05,1.56838552305416e-05,4.63457092605424e-05,3.66895860341998e-05,-0.000109371327577712,-4.24056186352217e-05,-4.18880120127696e-05,-0.00782079064376795,3.81602578434226e-05,-0.00374259109925834,1.74119570406361e-06,2.62334352107985e-06,0.145660884105359,-0.00768194701146552,-2.45248077108684e-05,-1.05953242170997e-05,6.23111656405939e-06,5.46433593040518e-05,-0.00782079064376884,3.51331481862616e-06,-0.000132799356856061,1.10980885885681e-05,-0.00768194701146552,4.93993420844774e-05,1.56838552305416e-05,-0.00213841023677563,-1.91662664814629e-05,-0.000911298952988471,3.51331481862616e-06,-5.12759497874882e-05,-0.00218294789402318,4.53429661684268e-05,-0.00192979084938916,3.17665443168025e-05,-0.00195088953416178,-0.000430081233707469,-0.000271223987817315,-0.00855390529318534,-0.00424284001541153,1.10980885885681e-05,-5.14917646325941e-05,1.38260418767189e-05,-0.00247870880767032,-8.41858134545959e-05,-0.000277621652361226,-8.0662135033549e-06,4.20576160529151e-05,4.53429661684268e-05,-0.00438057883635246,-0.00192411360029876,-1.6675046382808e-05,-0.00156233053313404,-1.05953242170997e-05,-0.00154877923254215,-0.00207652457350793,1.10980885885681e-05,-0.00174548405273622,-7.20770652407055e-06,-0.00358122451465714,-0.00409288221250037,3.32526949335943e-05,-0.00155535574254984,7.2320710680529e-05,-0.00192411360029876,-1.05953242170997e-05,1.10980885885681e-05,-0.00193215802101765,-0.0038201678670422,-0.0032060177250921,7.08299538896284e-05,-0.00209917950733018,-0.000168112384760555,-0.00165463526651788,-0.00299334206372848,-0.00653894248681652,-1.6675046382808e-05,2.46846678084722e-05,1.10980885885681e-05,-3.14580076610227e-05,-0.00186438991519378,-0.00193215802101765,-0.00332878522198232,6.13531108903942e-05,-8.04441583390769e-05,3.42188225843643e-05,-1.58287408016378e-05,-0.00131579374695256
"8:126210692:T:C",9.86919329708513e-05,-0.00143491979967703,0.000242559472497739,-0.000697378939898741,-0.00183482766440424,-0.00143491979967703,0.000339585593524205,-0.000107488859190319,-0.00419524467470822,0.000339554765254491,-0.000676671088052139,-0.000224560260153162,-2.5471967780355e-05,9.86919329708513e-05,0.000356214578065561,-0.00143491979967703,-0.00158684174152146,-0.000666313610192759,-4.11002069844457e-05,0.00694285549776197,-0.00143491979967703,-0.00391632479915405,-0.00239621361452702,0.000470567568186198,-0.000218632232620308,-0.000526728816219624,-0.000711681253419805,0.000137631098469093,-0.000370422573688245,-0.00143491979967703,-0.00128392813122247,-0.000676671088052139,-0.00115261005080836,-0.000829440983722396,-0.00138548008559614,-0.00473853927833101,0.00128015817481764,-0.00304380859106512,-4.11002069844457e-05,-0.00164839943711304,-0.00768194701146552,0.136517505699387,-0.00657610887795546,0.000137631098469093,-0.00138128231350088,-0.00190486100335541,-0.00473853927833101,-0.000224560260153162,0.000526283141416783,0.000470567568186198,0.008496920683422,-0.000312519111320242,0.000236251074819727,0.000221363951122378,0.000218679757656659,-0.00201299111824538,-8.34541051029092e-05,-7.23425229276486e-05,-0.00293235557294569,0.00187362548481484,-0.00113391446573985,-0.00122427794278845,-0.00165713907689113,-0.000826074722152015,3.21220751784423e-05,-0.0114172539270596,-0.000261283895945041,0.000470567568186198,-0.000744991973166798,-0.000226457882937403,0.0011355270359994,-0.00267101842554407,0.000456357572926613,7.87803997619463e-05,4.93812499335888e-06,0.00187362548481484,-0.00361799105751892,-0.00230730927149736,6.11602870508321e-05,-0.00255605762933353,0.000137631098469093,-0.00419812192214764,-0.00218773667951355,0.000470567568186198,-0.00137588846142478,-0.00241457585897287,-0.00307075442358862,0.00023749629789549,-0.000562161454237042,-0.00348594808866576,0.000128448524584712,-0.00230730927149736,0.000137631098469093,0.000470567568186198,0.000147627986813781,-0.00028764292888539,-0.00132170255576725,-0.00406582016067869,-0.00205477430554968,-0.004657820693029,-8.81677368615996e-05,-0.00878737092735182,-0.00291958372607315,6.11602870508321e-05,-0.00419524467470822,0.000470567568186198,-0.00132937878693795,-0.00275429298378427,0.000147627986813781,-0.00173306352498948,-0.00445017189426622,-0.000184223568437503,-0.00540760413133157,-0.00482276863934938,-0.000130405609659157
"8:126215272:T:C",-1.35019897484767e-05,2.20661501355579e-05,-0.00100586926524482,-0.0026838052227971,-0.0043867098158108,-0.00869507167995742,-0.00179444006549812,-4.85367763465305e-05,3.39311217736338e-05,-6.00921618243433e-05,-0.00449410191821187,-0.00221763848476098,-0.00182467905874439,-1.35019897484767e-05,-0.00301614553002327,2.20661501355579e-05,-0.00221763848476098,-0.000636013173598293,2.49664291729346e-06,-0.00641052968165301,-0.00869507167995742,-0.000625079996281919,-1.35019897484767e-05,1.58755854338111e-05,-0.00197189004959775,-0.00179444006549812,-0.00429191774323545,-1.60127144948063e-05,3.2732536348945e-05,2.20661501355579e-05,5.91871024218094e-05,-0.00449410191821187,-0.00106062497322945,-0.00053969588882774,-0.000474383599082806,-0.000546781945825803,-0.00149831770944076,-7.62888759267e-05,2.49664291729346e-06,3.75493045012831e-06,-2.45248077108684e-05,-0.00657610887795546,0.145526807157756,-1.60127144948063e-05,8.85351979729165e-06,4.4010268434036e-06,-0.000546781945825803,-0.00221763848476098,-0.000260968477586054,1.58755854338111e-05,-0.00657610887795546,-0.00332044817287169,-0.00186329120279005,-0.00183702086524207,-3.87867760194283e-05,-0.00230459616822065,-0.00210157199331906,-0.000478828148510857,-8.43677073980587e-07,5.8131728433608e-05,1.16415221107502e-05,-0.000499492932523715,1.87551943842124e-06,-0.000694619217614267,-0.00067314109950356,-0.000413418373631735,-0.00038616459489127,1.58755854338111e-05,-0.00139683802937007,1.95754074550081e-05,7.44032116397619e-05,-5.09987427088632e-05,0.000376404105793426,-0.00171018362646436,-0.000109731746358754,5.8131728433608e-05,1.95754074550081e-05,-0.00167819507935629,-0.000187471574835563,-0.000172808121705614,1.90282603043102e-05,-0.000414821025328749,-0.000328326082927877,1.58755854338111e-05,-0.000234426726036574,-1.09593000807706e-05,-4.37032123565828e-05,-0.00125312344415818,4.45157217283665e-05,-0.000177279540831243,-0.000329077304974668,-0.00167819507935629,1.90282603043102e-05,1.58755854338111e-05,-0.00162589284975923,-0.000608881619115209,-0.00013231457906393,-0.0105585625749702,-0.000403655638422151,-0.00152496816953018,-0.00569477796201046,-0.000491961629571769,-0.00210157199331906,-0.000187471574835563,-0.00146542744260802,1.58755854338111e-05,-0.00229446359394547,-0.000962291751974043,-0.00162589284975923,-2.58216182409399e-05,-0.00990592707901339,-5.52847309007731e-05,4.56542727196307e-05,-2.45248077108684e-05,-0.000671494831861352
"8:126216280:A:G",-6.04854356645035e-06,1.1109647894969e-05,-5.77723016919052e-05,-2.40313500432521e-05,4.86080229942232e-05,1.1109647894969e-05,9.75585167406479e-06,-2.02658133652278e-05,1.7691803494202e-05,-1.97551825218412e-05,2.688185736055e-05,2.47033254652251e-06,-2.45053097280845e-06,-6.04854356645035e-06,-3.22070921523476e-05,1.1109647894969e-05,2.47033254652251e-06,3.91855585535339e-05,-0.000583698948931399,0.000147439271271921,1.1109647894969e-05,-7.64695111934444e-05,-6.04854356645035e-06,7.78077916763209e-06,6.3902641498359e-06,9.75585167406479e-06,1.83634486079498e-05,0.00182032951166811,1.69811899768391e-05,1.1109647894969e-05,3.44421869211686e-05,2.688185736055e-05,-6.64521152220487e-05,5.01274226039072e-05,-2.72893687869313e-05,-0.000146158228119475,2.79694569185196e-05,7.66629130133367e-06,-0.000583698948931399,1.84244523282473e-06,-1.05953242170997e-05,0.000137631098469093,-1.60127144948063e-05,0.00209362336661645,4.39685253894595e-06,4.12684962158849e-05,-0.000146158228119475,2.47033254652251e-06,-7.85071443099028e-05,7.78077916763209e-06,0.000137631098469093,3.6928811206316e-05,1.1109647894969e-05,1.04289585758366e-05,-1.28347736954026e-05,0.000153320838929716,-0.00031009029773621,-1.19647043739235e-06,1.17980485025981e-05,3.36318596998453e-05,3.95023018464613e-05,-0.000144415646863294,0.000118532109644853,2.39787994225082e-05,-5.45185080023103e-05,-3.87122458800349e-06,1.39896540352069e-05,7.78077916763209e-06,-3.3121544883663e-05,9.75585167406479e-06,4.78421805336637e-05,-2.12700145123534e-05,-4.01318248313132e-05,-5.46561927272649e-06,3.11121879308374e-05,3.36318596998453e-05,9.75585167406479e-06,-0.00026594714299133,-1.11647665104186e-05,-5.76617671175228e-05,-7.19518179792544e-06,-3.56299411690131e-05,-0.000131230778652736,7.78077916763209e-06,2.71877142008492e-05,-4.87614766786493e-06,-1.19467893080483e-05,-1.33790257148547e-05,2.41471140718374e-05,-5.80229653301956e-05,5.66069566803051e-05,-0.00026594714299133,-7.19518179792544e-06,7.78077916763209e-06,1.91370806783553e-05,-1.28619041142031e-05,-3.0311720178311e-05,-0.00101375433065165,-0.000174076857825334,-5.45825235427344e-05,-5.49206103439559e-06,2.75126142490478e-06,2.47033254652251e-06,-1.11647665104186e-05,1.7691803494202e-05,7.78077916763209e-06,-2.0770725516428e-05,5.4576338698098e-05,1.91370806783553e-05,-1.11647665104186e-05,-0.000892606783318151,-8.25068879617419e-06,2.48945964180791e-05,-1.05953242170997e-05,-1.60127144956945e-05
"8:126217020:C:T",3.6758251447111e-06,-7.53871917336113e-06,2.68839476964544e-05,-0.00194152271446324,1.05547608555412e-05,-7.53871917336113e-06,-6.54608342820495e-06,1.15637051534279e-05,-1.22433301310565e-05,1.12823500186821e-05,-1.96803315803962e-05,-0.0021170071238954,-0.00218688997141214,3.6758251447111e-06,-0.000103920906375343,-7.53871917336113e-06,-1.67048934418546e-06,-0.00355947915073873,-8.20818850222338e-07,-0.000285892453882219,-7.53871917336113e-06,-0.00165368342403394,3.6758251447111e-06,-5.12039849809298e-06,-0.00198881845041132,-6.54608342820495e-06,-1.30725065465853e-05,4.39685253894595e-06,-1.16926160140807e-05,-7.53871917336113e-06,-2.55580215533513e-05,-1.96803315803962e-05,2.93425171120631e-05,-0.00345459319708397,1.50253881416873e-05,-0.0016175414075148,-0.00146472338824388,-0.000167362154049222,-8.20818850222338e-07,-1.24196394946097e-06,6.23111656405939e-06,-0.00138128231350088,8.85351979729165e-06,4.39685253894595e-06,0.0602586766345246,-0.00345095794479366,-0.0016175414075148,-0.0021170071238954,3.19151001111351e-05,-5.12039849809298e-06,-0.00138128231350088,-2.77743336241087e-05,-7.53871917336113e-06,-7.03805163926319e-06,7.57604324963523e-06,-0.000108114569932205,-1.67048934418546e-06,2.66563204487369e-06,-8.04829245826255e-06,-2.48451137734307e-05,-3.01137293785558e-05,3.54541887048754e-05,-0.000130010108373213,-1.76078409950264e-05,2.57565873234e-05,1.98695690745154e-06,-0.00216338306151798,-5.12039849809298e-06,1.76410536303351e-05,-6.54608342820495e-06,-0.00633121677773651,1.21118711717827e-05,2.05804746835625e-05,-0.00266820154857861,-3.09869637371563e-05,-2.48451137734307e-05,-6.54608342820495e-06,-4.83176606387303e-05,6.57633237732824e-06,-0.00227818108526634,4.39685253894595e-06,-0.000438835240831992,-6.38826591421449e-05,-5.12039849809298e-06,-1.9619981247665e-05,2.92938334567339e-06,-0.00203357045291863,7.89776159049183e-06,-1.71053980277946e-05,-0.00228879404071947,-0.000359641887269113,-4.83176606387303e-05,4.39685253894595e-06,-5.12039849809298e-06,-1.3374121979659e-05,-0.00202609514350893,-0.00182056966729061,-4.46739270056895e-05,-6.74832969318473e-05,-0.00222513923249235,2.7017402430829e-06,-2.15608720655069e-06,-1.67048934418546e-06,6.57633237732824e-06,-1.22433301310565e-05,-5.12039849809298e-06,1.18401747037922e-05,-4.43602247361952e-05,-1.3374121979659e-05,6.57633237732824e-06,-3.67683886048908e-05,4.78642187129452e-06,-1.77176378848287e-05,-0.00241626474825374,-0.002002463019803
"8:126217305:C:G",3.30874999479036e-05,-0.00136623938451486,-0.00122813972300317,-0.00160054887004701,2.08021420116111e-05,-7.04913204021551e-05,-0.00128572476391309,0.000112063240853999,-0.000109044322035956,0.000108429262951404,-0.000177757733878181,-1.77727998789123e-05,-0.00286626212767516,3.30874999479036e-05,-0.00191733240542824,-0.00136623938451486,-1.77727998789123e-05,-0.00176059807824114,-0.00191744542025862,-0.00194360697588447,-7.04913204021551e-05,-0.000786270582644022,3.30874999479036e-05,-4.62835195191857e-05,-0.00242203002701569,-6.06114575392169e-05,-0.000124254015895886,4.12684962158849e-05,-0.000853938804263876,-0.00136623938451486,-0.000215278489649862,-0.000177757733878181,-0.00205633927294269,-0.00168783635265868,-0.00270980503991503,-0.000853353439455251,-0.000175882756367152,-0.000161685960430091,-0.00191744542025862,-1.3240060968478e-05,5.46433593040518e-05,-0.00190486100335541,4.4010268434036e-06,4.12684962158849e-05,-0.00345095794479366,0.0922768612163964,-0.000853353439455251,-1.77727998789123e-05,3.9525229869497e-05,-4.62835195191857e-05,-0.00190486100335541,-0.000234136382452732,-7.04913204021551e-05,-6.55177159778475e-05,-0.00252703968640144,-0.00311847217605887,-0.00165077882682496,-0.000849047701551697,-0.00138969645972065,-0.00020916687115502,6.22641241738719e-05,-0.000808898297570693,-0.00157679792074328,-0.00282098194596525,0.000283989497126491,-0.000603751919358686,-0.000173017117175434,-4.62835195191857e-05,0.000177909104057683,-0.00128572476391309,-0.00030871216476136,0.000119187590508218,0.000213533900405238,2.89147199783457e-05,8.72980533328516e-05,-0.00020916687115502,-6.06114575392169e-05,-0.00303708447797657,5.87359031447576e-05,-0.00156090159796207,4.12684962158849e-05,-0.000182367780028336,-0.00143588742148282,-4.62835195191857e-05,-0.000170026821890268,-0.00240486028095521,-0.00242117372411244,7.45624397966438e-05,-0.00014739800574759,-0.00158488054911388,8.93467917499891e-05,-0.00303708447797657,4.12684962158849e-05,-4.62835195191857e-05,-0.000264038583274839,-8.86023940038783e-05,-0.00211056040382296,-0.0011379085311054,-0.00349882259342138,1.80224295540654e-05,-0.0016228068076547,-0.00219593198822565,-1.77727998789123e-05,5.87359031447576e-05,-0.000109044322035956,-4.62835195191857e-05,0.000115649035564047,-1.56973973464147e-06,-0.000264038583274839,-0.00222790266183548,-0.00117081609300307,3.76953659468882e-05,-0.000655906154694463,-0.00226878930323782,-0.00102177758993616
"8:126220899:T:A",-0.00161268200415154,-0.00167717496472441,-0.00235680471994382,-0.000936978131330868,-0.00210880973619654,-0.00380329828760129,-0.0016553295140227,-0.000257698772648141,-0.00307424585462091,-0.00279877958783281,-0.0094490961245266,-8.6879236462778e-06,-4.29807096447021e-05,-0.00161268200415154,-0.00149629114781824,-7.07781533026974e-05,-0.0084070206132516,-0.000186324801059179,-0.00261597411334336,-0.0061238751833641,-0.00380329828760129,-0.0017486705380545,-0.000213375200866395,-5.13374083510598e-05,-6.35393881420754e-06,-0.00628632036542953,-0.00807776734715615,-0.000146158228119475,-0.00302455079000641,-7.07781533026974e-05,-0.00419915878421406,-0.0094490961245266,-0.00570716242130853,-0.000283406602173741,-0.00790643557441228,0.000155370648175612,-0.000141181272785396,-0.00674309821322394,-0.00261597411334336,-0.00102718758331655,-0.00782079064376884,-0.00473853927833101,-0.000546781945825803,-0.000146158228119475,-0.0016175414075148,-0.000853353439455251,0.3410525727015,-8.6879236462778e-06,-0.000706645382168247,-5.13374083510598e-05,-0.00473853927833101,-0.000205850993089562,-0.000270994750563247,-0.00252665689058951,-0.00610849730643803,-0.00664764299816056,-0.010514321094556,-1.68939761633347e-05,-0.0016491556938254,-0.00157965830501539,-0.00338780497973445,-0.00676846070614134,-0.00594181713792485,-0.000535337435802141,-0.000961643432501713,-0.00369601775798989,-5.19957321150066e-05,-5.13374083510598e-05,-0.000274323791548348,-0.000327412489443901,-0.00307663719042939,-0.00302493030824191,-0.000888035668581644,-9.97550912469336e-05,-0.007278087634635,-0.00157965830501539,-0.00633712091499739,-0.00646365973299634,-0.00439285498140851,-0.00396829389214348,-0.000146158228119475,-0.00427376902251853,-0.00655938688211011,-5.13374083510598e-05,-0.00439227585632107,-0.000149427308103078,-0.000144072619510549,2.42169642810097e-05,-0.0031145246664197,-0.0040455684863403,-0.0116715867834709,-0.00646365973299634,-0.000146158228119475,-5.13374083510598e-05,-0.00327989421598218,-0.000321100282385522,-0.00225041167980322,-0.0105264769097211,-0.00678073642951116,-0.00265592480999111,-0.00130914667419546,-0.00323478132018495,-0.00862345480419435,-0.00439285498140851,-0.00307424585462091,-5.13374083510598e-05,-0.00641184943703266,-0.00778260837888567,-0.00327989421598218,-0.000172668810285437,-0.010039503867163,-0.000515578752643187,-0.000843774694136989,-0.00240245809976791,-0.000424141227629793
"8:126228594:C:T",2.06899323007548e-06,-4.22045053483089e-06,1.51038815223714e-05,7.35676733309987e-06,-0.00226731082943843,-4.22045053483089e-06,-3.66819194308476e-06,-0.00352404355273972,-6.86545936190441e-06,6.34432544455166e-06,-0.0025371259707283,1.9912903341357e-05,7.78189431116516e-07,2.06899323007548e-06,9.67523581962837e-06,-4.22045053483089e-06,-9.29751416300917e-07,-1.0285145498834e-05,-4.56918383129334e-07,-0.000267918185558713,-4.22045053483089e-06,-4.12869460753029e-06,2.06899323007548e-06,-2.87469436344168e-06,-2.45144442612144e-06,-3.66819194308476e-06,-0.00242864686613231,2.47033254652251e-06,-6.55901922375079e-06,-4.22045053483089e-06,-1.43331826381043e-05,-0.0025371259707283,1.64825243063049e-05,-1.61288266378179e-05,8.44602409699746e-06,-8.6879236462778e-06,-0.000988751276498334,-0.00208793753082581,-4.56918383129334e-07,-6.91299823607494e-07,3.51331481862616e-06,-0.000224560260153162,-0.00221763848476098,2.47033254652251e-06,-0.0021170071238954,-1.77727998789123e-05,-8.6879236462778e-06,0.0544527870389286,-0.00168295818478903,-2.87469436344168e-06,-0.000224560260153162,-0.000106635785749987,-4.22045053483089e-06,-3.94192323227571e-06,4.26139990938879e-06,-2.9542287580675e-05,-9.29751416300917e-07,-1.42532030622533e-09,-4.50388659878342e-06,-1.39366219382708e-05,-0.00278041046230193,-0.00203022997567359,-0.00564822398280818,-9.8129108536682e-06,-0.00277405011266385,1.15568375669284e-06,-5.73413841742365e-06,-2.87469436344168e-06,9.91912543835127e-06,-3.66819194308476e-06,-2.10943392726648e-05,6.80587809753774e-06,-0.00286585616348489,1.86310748429008e-06,-1.12597240082835e-05,-1.39366219382708e-05,-3.66819194308476e-06,-2.69062192934655e-05,3.70528725834873e-06,-0.00192682861347482,2.47033254652251e-06,-0.00101502631530792,-0.00243782287606109,-2.87469436344168e-06,-1.0998602203216e-05,1.65363661164264e-06,3.8310198648972e-06,4.44042057878846e-06,-9.59961935098619e-06,-0.00191906466394176,-5.40618434898832e-05,-2.69062192934655e-05,2.47033254652251e-06,-2.87469436344168e-06,-7.49452848403109e-06,3.97770027227295e-06,9.15988431504644e-06,-2.50327184163623e-05,-0.00241665581007577,-5.6581143335066e-06,1.58211195788738e-06,-1.17278835443102e-06,-9.29751416300917e-07,3.70528725834873e-06,-6.86545936190441e-06,-2.87469436344168e-06,6.65467978144818e-06,-0.00278755995510238,-7.49452848403109e-06,3.70528725834873e-06,-2.06007956364829e-05,-0.00233345885323999,-9.94031986323307e-06,3.51331481862616e-06,5.01980999878526e-06
"8:126228967:T:C",-0.00128164595635116,-0.000970288700723465,-0.00110950505191632,-0.000470624000635134,-0.000125401687743221,0.000106229618510589,9.61754524180236e-05,-0.0009888746680069,0.00017794392544257,-0.00110844077768935,-0.00080762484291963,-0.00168295818478903,-0.000165005663871121,-0.00128164595635116,-0.00374864358217408,-3.04971771587503e-05,1.7931564042506e-05,-0.000132241410774725,8.86670644995036e-06,0.00056552015070821,0.000106229618510589,-0.000501370195108652,-0.00128164595635116,8.15037779799965e-05,-0.000180329586018324,-9.30824821256948e-05,-0.000991955022398017,-7.85071443099028e-05,-0.00400390038771548,-3.04971771587503e-05,-0.00141031038608119,-0.00080762484291963,0.00181485228298151,-7.45366351075916e-05,-0.00103921557864251,-0.000706645382168247,-0.00202696046044881,-0.011920441149738,8.86670644995036e-06,-9.53785141728503e-05,-0.000132799356856061,0.000526283141416783,-0.000260968477586054,-7.85071443099028e-05,3.19151001111351e-05,3.9525229869497e-05,-0.000706645382168247,-0.00168295818478903,0.160125437103561,8.15037779799965e-05,0.000526283141416783,0.000363654217577114,-0.0022900671789623,-0.00226713422960501,-0.00312750616881186,-0.00582765547050634,-0.00168295818478903,-0.000342069180554461,0.000111341358223882,0.000338288631113848,0.000224035335985917,-0.000996863608713205,-0.00132194207582392,-0.00480484013931459,-0.00051882159057115,-0.00078157149437974,-0.000158082863777054,8.15037779799965e-05,-5.56098094142143e-05,-0.00512626865040389,-2.92620836113144e-05,-0.000237851286076562,-0.000194573874694015,-0.00335581896536841,-0.000769252668944453,0.000338288631113848,-0.00216099999779118,-0.00521468044961271,1.87330558727439e-05,-0.00667027311765178,-7.85071443099028e-05,-0.000450756156018528,-0.0070205784682793,8.15037779799965e-05,-0.000958785134545614,-0.00139919798389787,-0.0018082048935355,-0.000968045631982939,-0.00531423100648976,-0.00589660534822567,-0.000351152882356764,-0.00693780380621245,-7.85071443099028e-05,8.15037779799965e-05,-0.00198475449978996,-0.000214692336914624,-0.00113340768893977,-0.00466800271822798,-0.00726730568188128,-0.00734150094109598,-0.00381356830319746,-0.000916064555770646,-0.00168295818478903,1.87330558727439e-05,0.00017794392544257,8.15037779799965e-05,-0.00294898633201335,-0.000350274075478829,-0.00198475449978996,-0.0013277452231657,-0.00448005555889885,-0.000551187574369116,-0.00134824284450197,-0.00279801895092913,-0.000216424854398767
"8:126230150:G:A",6.44794018178629e-06,-1.23904191751123e-05,6.10738888182638e-05,2.43761741414161e-05,1.93499737610736e-05,-1.23904191751123e-05,-1.08106461826907e-05,2.16644779129638e-05,-1.95545265011532e-05,2.10697272287064e-05,-3.03362707203547e-05,-2.87469436344168e-06,2.25792706753936e-06,6.44794018178629e-06,3.40042905282445e-05,-1.23904191751123e-05,-2.87469436344168e-06,-4.80677863912149e-05,-1.42075762887828e-06,0.000499824747159927,-1.23904191751123e-05,-3.14364194418104e-05,6.44794018178629e-06,0.00205388993281996,-7.44762585647152e-06,-1.08106461826907e-05,-2.08834882187148e-05,7.78077916763209e-06,-1.87240526248189e-05,-1.23904191751123e-05,-3.82299555399257e-05,-3.03362707203547e-05,7.02107751369141e-05,-6.03388186828369e-05,2.90971600129808e-05,-5.13374083510598e-05,0.000565139126880609,-1.12202210207357e-05,-1.42075762887828e-06,-2.14350637772753e-06,1.10980885885681e-05,0.000470567568186198,1.58755854338111e-05,7.78077916763209e-06,-5.12039849809298e-06,-4.62835195191857e-05,-5.13374083510598e-05,-2.87469436344168e-06,8.15037779799965e-05,-0.0135198520779998,0.000470567568186198,-4.11586496937844e-05,-1.23904191751123e-05,-1.15959004727273e-05,1.37058518845379e-05,0.000267313192611418,-2.87469436344168e-06,-7.07958265344644e-07,-1.31943672529999e-05,0.000995350919183124,-4.41956621735073e-05,-2.6510442737937e-05,-0.000139157345996566,-2.74913132498611e-05,5.71557769095676e-05,3.24070699342371e-06,-1.70375926824562e-05,0.00205388993281996,3.50773622130873e-05,-1.08106461826907e-05,-5.35980392522006e-05,2.28334189147361e-05,4.2369213972826e-05,5.7699000644007e-06,-3.53253793488051e-05,0.000995350919183124,-1.08106461826907e-05,-6.62423226547304e-05,1.17616158847866e-05,5.94136706419945e-05,7.78077916763209e-06,-0.000191934013490602,-0.000124127522005857,0.00205388993281996,-3.01793220174318e-05,5.08393166676058e-06,1.19454565394861e-05,1.43389289801732e-05,-2.66150414232058e-05,5.98588358835528e-05,-6.40265094515868e-05,-6.62423226547304e-05,7.78077916763209e-06,0.00205388993281996,-2.12450007737175e-05,1.21604436360556e-05,3.17777049483325e-05,-6.19379179394031e-05,-0.000126993987592527,5.56133255207314e-05,4.3608485107427e-06,-3.82054054348657e-06,-2.87469436344168e-06,1.17616158847866e-05,-1.95545265011532e-05,0.00205388993281996,2.22523354205251e-05,-6.16040423242481e-05,-2.12450007737175e-05,1.17616158847866e-05,-5.25106456290558e-05,8.36296320194663e-06,-2.74904783212904e-05,1.10980885885681e-05,1.58755854320347e-05
"8:126232162:C:T",9.86919329708513e-05,-0.00143491979967703,0.000242559472497739,-0.000697378939898741,-0.00183482766440424,-0.00143491979967703,0.000339585593524205,-0.000107488859190319,-0.00419524467470822,0.000339554765254491,-0.000676671088052139,-0.000224560260153162,-2.5471967780355e-05,9.86919329708513e-05,0.000356214578065561,-0.00143491979967703,-0.00158684174152146,-0.000666313610192759,-4.11002069844457e-05,0.00694285549776197,-0.00143491979967703,-0.00391632479915405,-0.00239621361452702,0.000470567568186198,-0.000218632232620308,-0.000526728816219624,-0.000711681253419805,0.000137631098469093,-0.000370422573688245,-0.00143491979967703,-0.00128392813122247,-0.000676671088052139,-0.00115261005080836,-0.000829440983722396,-0.00138548008559614,-0.00473853927833101,0.00128015817481764,-0.00304380859106512,-4.11002069844457e-05,-0.00164839943711304,-0.00768194701146552,0.008496920683422,-0.00657610887795546,0.000137631098469093,-0.00138128231350088,-0.00190486100335541,-0.00473853927833101,-0.000224560260153162,0.000526283141416783,0.000470567568186198,0.136517505699387,-0.000312519111320242,0.000236251074819727,0.000221363951122378,0.000218679757656659,-0.00201299111824538,-8.34541051029092e-05,-7.23425229276486e-05,-0.00293235557294569,0.00187362548481484,-0.00113391446573985,-0.00122427794278845,-0.00165713907689113,-0.000826074722152015,3.21220751784423e-05,-0.0114172539270596,-0.000261283895945041,0.000470567568186198,-0.000744991973166798,-0.000226457882937403,0.0011355270359994,-0.00267101842554407,0.000456357572926613,7.87803997619463e-05,4.93812499335888e-06,0.00187362548481484,-0.00361799105751892,-0.00230730927149736,6.11602870508321e-05,-0.00255605762933353,0.000137631098469093,-0.00419812192214764,-0.00218773667951355,0.000470567568186198,-0.00137588846142478,-0.00241457585897287,-0.00307075442358862,0.00023749629789549,-0.000562161454237042,-0.00348594808866576,0.000128448524584712,-0.00230730927149736,0.000137631098469093,0.000470567568186198,0.000147627986813781,-0.00028764292888539,-0.00132170255576725,-0.00406582016067869,-0.00205477430554968,-0.004657820693029,-8.81677368615996e-05,-0.00878737092735182,-0.00291958372607315,6.11602870508321e-05,-0.00419524467470822,0.000470567568186198,-0.00132937878693795,-0.00275429298378427,0.000147627986813781,-0.00173306352498948,-0.00445017189426622,-0.000184223568437503,-0.00540760413133157,-0.00482276863934938,-0.000130405609659157
"8:126241439:C:A",2.97288326498446e-05,-0.00130471718192293,0.000280356134446436,-0.00120222837102002,-0.00342316021868427,-0.00326116376425567,-5.3651947453659e-05,0.000100838671910353,-9.64393405231689e-05,9.76175355686948e-05,-0.00136568942218673,-0.000106635785749987,6.99246265600806e-06,2.97288326498446e-05,0.000154966236168619,-6.22517015367308e-05,-0.00159489586546524,-0.00199932003288783,-7.6842043794656e-06,-0.000344032331833333,-0.00326116376425567,-0.000161496866737387,2.97288326498446e-05,-4.11586496937844e-05,-4.04715570878622e-05,-5.3651947453659e-05,-0.00141878370971682,3.6928811206316e-05,-0.000788864351341623,-6.22517015367308e-05,-0.000189516249954558,-0.00136568942218673,0.000322287194698845,-0.00210026657542706,0.000134972051586857,-0.000205850993089562,-0.000374016980447145,-0.00281135779663,-7.6842043794656e-06,-1.15997916578792e-05,4.93993420844774e-05,-0.000312519111320242,-0.00332044817287169,3.6928811206316e-05,-2.77743336241087e-05,-0.000234136382452732,-0.000205850993089562,-0.000106635785749987,0.000363654217577114,-4.11586496937844e-05,-0.000312519111320242,0.0921040683640122,-6.22517015367308e-05,-0.00127315838444986,6.35409880125337e-05,0.000292333673521217,-1.556561859406e-05,-0.00272364959298077,-0.00319163485400686,-0.000184267882533895,-0.00126346183461479,-0.00152447126694621,-0.00089413579900377,-0.00296130419051099,-0.00432529217921385,-0.00270928845534524,-0.00285162235160641,-4.11586496937844e-05,0.000160837975572647,-0.00122534687822107,-0.00112452190222623,0.000107159717871674,-0.0046442226685226,2.60600649566456e-05,-0.00142592054269297,-0.000184267882533895,-5.3651947453659e-05,-0.00333312671310626,5.30035055543721e-05,-0.000131597836109165,3.6928811206316e-05,-0.00161969995002842,-0.000136867350331915,-4.11586496937844e-05,-0.000993431786640464,2.23442760880488e-05,-0.00153683853178865,-0.0030691666408762,-0.000130337225261457,-0.000142637856706429,-0.00135878450842242,-0.000353018801745542,3.6928811206316e-05,-4.11586496937844e-05,-0.00112576279204646,-0.0055686140086868,-0.00170117591988372,-0.000312117296290992,-5.80515028838491e-05,-0.0010075571417909,5.73122791180936e-06,-2.62669918438263e-05,-1.556561859406e-05,5.30035055543721e-05,-9.64393405231689e-05,-4.11586496937844e-05,0.000104019145417134,-0.00130478444950377,-0.00112576279204646,5.30035055543721e-05,-0.000264050136741467,-0.00166964852880902,-0.000135124383051632,4.93993420844774e-05,-0.00254665497648432
"8:126246076:G:A",9.19074014404941e-06,-0.00155577264409779,8.17755652882113e-05,-0.00225582314457817,-1.12505238805127e-05,-1.8204911899744e-05,-1.58317910168293e-05,3.04039355851771e-05,-2.88783458888275e-05,2.95754322268138e-05,-4.55611637768527e-05,-4.22045053483089e-06,3.11498717575631e-06,9.19074014404941e-06,4.69758188019753e-05,-1.8204911899744e-05,-4.22045053483089e-06,-0.00270895083592748,-2.08204868901163e-06,0.000212900446077136,-1.8204911899744e-05,-0.000107920895977998,-0.00285172805124922,-1.23904191751123e-05,-1.09971152779664e-05,-1.58317910168293e-05,-3.11192726458742e-05,1.1109647894969e-05,-2.76107339098886e-05,-1.8204911899744e-05,-0.000956346383629736,-4.55611637768527e-05,9.29530606583739e-05,-0.00276684406789229,4.04835029570449e-05,-0.000270994750563247,-4.6537859406115e-05,-0.00247842303609414,-2.08204868901163e-06,-0.00195856104425829,1.56838552305416e-05,0.000236251074819727,-0.00186329120279005,1.1109647894969e-05,-7.53871917336113e-06,-7.04913204021551e-05,-0.000270994750563247,-4.22045053483089e-06,-0.0022900671789623,-1.23904191751123e-05,0.000236251074819727,-6.22517015367308e-05,0.106349169119343,-1.70102532965899e-05,1.93957690086677e-05,-0.00477188719061772,-4.22045053483089e-06,-0.00243772309575441,-0.001575678316728,-5.60722090066079e-05,-6.71233542774985e-05,-0.00376975801240143,-0.0030565425292961,-0.00259475345325821,7.68157153565596e-05,-0.00245000155322206,-0.00119015454428695,-1.23904191751123e-05,4.84246618235318e-05,-1.58317910168293e-05,-0.00123445031939173,3.2028334612022e-05,5.79833719083211e-05,8.21200237233199e-06,-0.00349315634945935,-5.60722090066079e-05,-1.58317910168293e-05,-0.00281734355559315,1.66307731364057e-05,-0.00171199696278546,1.1109647894969e-05,-0.00197941500685772,-0.00568975777539826,-1.23904191751123e-05,-4.51020168306115e-05,7.22006821263221e-06,1.66944955726223e-05,2.02930042840777e-05,-0.000462370341962171,-0.000393107221960953,-0.00524711810061973,-0.00281734355559315,1.1109647894969e-05,-1.23904191751123e-05,-3.14663334792797e-05,-0.00873722765510365,4.39549292918784e-05,-9.57208996101855e-05,-0.00558220355913353,-0.000287164401169271,-0.00235659952128042,-0.00254920136885151,-4.22045053483089e-06,1.66307731364057e-05,-0.00368727078837328,-1.23904191751123e-05,3.12214990252357e-05,-9.54065597333908e-05,-3.14663334792797e-05,1.66307731364057e-05,-8.03907514033142e-05,1.17629355909088e-05,-0.00476483177291964,1.56838552305416e-05,-0.00868578145138077
"8:126258670:C:T",8.63133472250865e-06,-1.70102532965899e-05,-0.00147913056454652,3.18664655072354e-05,-0.00188338077364048,-1.70102532965899e-05,-0.00337960015099092,2.86184255822164e-05,-0.00115240143735118,2.78383291414386e-05,-4.24261870666243e-05,-3.94192323227571e-06,2.94614158580231e-06,8.63133472250865e-06,4.43276351314026e-05,-1.70102532965899e-05,-3.94192323227571e-06,-0.0016065412937758,-1.94521041141371e-06,0.000227079239354389,-1.70102532965899e-05,-0.00257059390951309,8.63133472250865e-06,-1.15959004727273e-05,-1.026202408827e-05,-1.48014111820416e-05,-2.90079099034557e-05,1.04289585758366e-05,-2.57896781246103e-05,-1.70102532965899e-05,-5.36171468663582e-05,-4.24261870666243e-05,8.83015500301454e-05,-0.00158735102972329,3.81568990635017e-05,-0.00252665689058951,-4.33698894859447e-05,-0.00173399373792016,-1.94521041141371e-06,-2.9370039582588e-06,-0.00213841023677563,0.000221363951122378,-0.00183702086524207,1.04289585758366e-05,-7.03805163926319e-06,-6.55177159778475e-05,-0.00252665689058951,-3.94192323227571e-06,-0.00226713422960501,-1.15959004727273e-05,0.000221363951122378,-0.00127315838444986,-1.70102532965899e-05,0.0676579083167477,1.8234182858734e-05,0.000209689540001001,-3.94192323227571e-06,-4.25109242252475e-05,-0.00299765525327444,-5.22205772703899e-05,-6.24153070827305e-05,-0.00169311423931529,-0.00310868833469957,-0.00169191424686232,7.27987369568694e-05,-3.70168795775783e-05,-6.17987894662164e-05,-1.15959004727273e-05,-0.00197705924095803,-1.48014111820416e-05,-0.000493829547098201,3.01485338560781e-05,5.47938370010215e-05,7.71484301065328e-06,-0.00156399718348155,-5.22205772703899e-05,-0.0014537291760135,-9.60114065042816e-05,1.56391736005901e-05,-0.00222543554500731,1.04289585758366e-05,-0.00436538012943988,-0.00198820568918823,-1.15959004727273e-05,-4.20413848232215e-05,6.78625804262367e-06,-3.21567256245103e-05,1.90767308261286e-05,-3.69042470067527e-05,-0.00221712980774136,-0.0013954838294703,-9.60114065042816e-05,1.04289585758366e-05,-1.15959004727273e-05,-2.93689086134918e-05,-3.13172816843732e-05,-0.00224393418838797,-8.87882958204855e-05,-0.00196867482097307,-0.00227070119272899,5.48586087401048e-06,-5.39310662617254e-06,-0.00185028617290417,1.56391736005901e-05,-2.6966789422822e-05,-1.15959004727273e-05,2.93884296915792e-05,-8.84551351365559e-05,-2.93689086134918e-05,-0.00228934096752553,-7.46686696819765e-05,1.10758730951233e-05,-3.81626973471327e-05,1.47509723840145e-05,-0.00184492525766444
"8:126259930:G:A",-1.08405650447452e-05,1.93957690086677e-05,-0.000106830923136236,-4.43724191798722e-05,-1.41263529620517e-05,1.93957690086677e-05,1.70845784310814e-05,-3.65765168774956e-05,3.08722657784699e-05,-3.56779031864818e-05,-0.00276341457028284,4.26139990938879e-06,-4.59994322987711e-06,-1.08405650447452e-05,-5.88086314730063e-05,1.93957690086677e-05,4.26139990938879e-06,-0.000172503047905614,2.10868806149733e-06,0.000232326540322347,1.93957690086677e-05,-0.00585741930056738,-1.08405650447452e-05,1.37058518845379e-05,-0.00303220216978595,1.70845784310814e-05,-0.00287730629147998,-1.28347736954026e-05,2.96689158689745e-05,1.93957690086677e-05,5.94281785497586e-05,-0.00276341457028284,-0.00536336309427643,-0.00275810623631045,-4.94935215620274e-05,-0.00610849730643803,4.84205423543216e-05,-0.000228155091667404,2.10868806149733e-06,3.17945616767901e-06,-1.91662664814629e-05,0.000218679757656659,-3.87867760194283e-05,-1.28347736954026e-05,7.57604324963523e-06,-0.00252703968640144,-0.00610849730643803,4.26139990938879e-06,-0.00312750616881186,1.37058518845379e-05,0.000218679757656659,6.35409880125337e-05,1.93957690086677e-05,1.8234182858734e-05,0.103603196041591,-0.00282846035465489,4.26139990938879e-06,-3.35077652735549e-06,2.05695227446512e-05,5.80849096598612e-05,6.77827533817066e-05,3.97748247245033e-05,-0.00861482692503035,-0.000979510385732851,-0.00240012540915302,-0.00149677785938707,2.35831084438587e-05,1.37058518845379e-05,-6.04304241225151e-05,1.70845784310814e-05,8.16421448348592e-05,-3.83451313625827e-05,-0.00101991269592716,-9.82775557378801e-06,5.33927667119016e-05,5.80849096598612e-05,1.70845784310814e-05,-0.000136384005251955,-0.00124803501640613,-0.00207934173648638,-1.28347736954026e-05,-0.00340083876589325,-0.00663539983662886,1.37058518845379e-05,4.71137141913047e-05,-8.80425685600983e-06,-0.00143162148449871,-2.40307567445086e-05,4.2017981439102e-05,-0.00206044629250091,9.58074478427662e-05,-0.000136384005251955,-1.28347736954026e-05,1.37058518845379e-05,3.33163392731706e-05,-2.41552368827058e-05,-0.00126219068951094,-0.00239720832723034,-0.00665536540517842,-0.00103916052741404,-0.00426273296225244,-0.00157438605715665,4.26139990938879e-06,-0.00124803501640613,3.08722657784699e-05,1.37058518845379e-05,-3.74655423343029e-05,-0.00250020563533226,3.33163392731706e-05,-2.0160145389525e-05,-0.00228122430813826,-0.00136598899762141,-0.00200195357638933,-1.91662664814629e-05,-2.96566603985582e-05
"8:126264716:T:C",-0.000128411739776624,-0.00028589476201013,-0.00606703446034018,-0.00440963401714045,-0.00143872531139699,-0.000357466464065759,-0.00760365735738855,-0.00454392523522529,0.000118128009253482,0.000250851964992194,-0.00332787927308109,-2.9542287580675e-05,-0.00149306911630775,-0.000128411739776624,1.6932984925333e-06,-0.00161929403503702,-0.00229416111630432,-0.00220693418304396,-0.00808666116547663,-0.00299992177108077,-0.000357466464065759,-0.00636071318599685,-0.000503395418439467,0.000267313192611418,-0.000773930115494981,-0.0043525095492134,-0.00391699436441728,0.000153320838929716,0.000168471330678877,-0.00161929403503702,0.000690373856617299,-0.00332787927308109,0.000909234162705275,-0.00245137110339844,-0.000750448472252252,-0.00664764299816056,-1.84872364670241e-05,-0.00173298216466033,-0.00808666116547663,-0.00136207987761594,-0.000911298952988471,-0.00201299111824538,-0.00230459616822065,0.000153320838929716,-0.000108114569932205,-0.00311847217605887,-0.00664764299816056,-2.9542287580675e-05,-0.00582765547050634,0.000267313192611418,-0.00201299111824538,0.000292333673521217,-0.00477188719061772,0.000209689540001001,-0.00282846035465489,0.278495848013076,-0.00289406067622888,-0.000415725533753797,-0.00206107483478046,0.000234324803237485,-0.000991156876859023,-0.00151275182674704,-0.001261454967727,-0.0047621116392067,0.000560581906865032,-0.0036840832721956,-0.00288970409836109,0.000267313192611418,-0.00229154817656685,-0.000389372171392566,-0.000800988248780055,-0.00217354583597906,0.000351034336920186,-0.0144980199102598,-0.00522273259340844,0.000234324803237485,-0.00237282613216117,-0.00521683745907131,-0.000266498358650225,-0.00624418995485021,0.000153320838929716,-0.00522352794603975,-0.00207904957714566,0.000267313192611418,-0.00167608670999631,-0.000650775751902977,-0.00416037908648592,-0.000374205331071131,-0.00342771391665053,-0.00585233197080104,-0.00388822921300225,-0.00462423670157985,0.000153320838929716,0.000267313192611418,-0.00168493169836736,-0.0058949877895409,-0.00845453077095559,-0.0056631565168459,-0.00400782859575033,-0.00228832728165962,-0.00525118145069747,-0.00391876885589548,-0.00439048578518086,-0.000266498358650225,-0.00371952970058764,0.000267313192611418,-0.00193599179012516,-0.0050553174576935,-0.00168493169836736,-0.00192562628329629,-0.00474000551885023,-0.00223836712275016,-0.00104977582123134,-0.00202621516508827,-0.00677624391377574
"8:126267928:G:T",2.06899323007548e-06,-4.22045053483089e-06,1.51038815223714e-05,-0.00468711107084463,-0.00475722777666121,-4.22045053483089e-06,-3.66819194308476e-06,-0.00150781754861473,-6.86545936190441e-06,6.34432544455166e-06,-1.09991160490708e-05,-9.29751416300917e-07,7.78189431116516e-07,2.06899323007548e-06,9.67523581962837e-06,-4.22045053483089e-06,-9.29751416300917e-07,-0.000539874681057206,4.72316711164211e-06,-9.20916827036322e-05,-4.22045053483089e-06,-0.0103904977206772,2.06899323007548e-06,-2.87469436344168e-06,-2.45144442612144e-06,-3.66819194308476e-06,-7.29605780769305e-06,-0.00031009029773621,-6.55901922375079e-06,-4.22045053483089e-06,-1.43331826381043e-05,-1.09991160490708e-05,1.64825243063049e-05,-0.000507847738094647,8.44602409699746e-06,-0.010514321094556,-1.1363899724337e-05,-0.00476562075969067,4.72316711164211e-06,-6.91299823607494e-07,3.51331481862616e-06,-8.34541051029092e-05,-0.00210157199331906,-0.00031009029773621,-1.67048934418546e-06,-0.00165077882682496,-0.010514321094556,-9.29751416300917e-07,-0.00168295818478903,-2.87469436344168e-06,-8.34541051029092e-05,-1.556561859406e-05,-4.22045053483089e-06,-3.94192323227571e-06,4.26139990938879e-06,-0.00289406067622888,0.118841971713974,-0.00219071212404298,-4.50388659878342e-06,-1.39366219382708e-05,-1.68658417889489e-05,-0.00525516072178789,-0.00306521657776493,-0.00202806821463852,1.44776699437799e-05,1.15568375669284e-06,-0.00224831000614678,-2.87469436344168e-06,9.91912543835127e-06,-3.66819194308476e-06,-2.10943392726648e-05,6.80587809753774e-06,1.1570607793665e-05,1.86310748429008e-06,-0.0024699419108698,-1.39366219382708e-05,-3.66819194308476e-06,-0.00480186253647297,3.70528725834873e-06,-0.00238342503145539,-0.00031009029773621,-0.00195588791883416,-0.00660071394477413,-2.87469436344168e-06,-1.0998602203216e-05,1.65363661164264e-06,3.8310198648972e-06,4.44042057878846e-06,-9.59961935098619e-06,-0.00239407648731849,-2.59732760463649e-05,-0.00480186253647297,-0.00031009029773621,-2.87469436344168e-06,-7.49452848403109e-06,-0.00211921331245879,9.15988431504644e-06,-0.00360111851920486,-0.00662809649932061,-0.00233004273497173,-3.03181665639585e-06,-1.17278835443102e-06,-9.29751416300917e-07,3.70528725834873e-06,-6.86545936190441e-06,-2.87469436344168e-06,6.65467978144818e-06,-2.48164464897727e-05,-7.49452848403109e-06,3.70528725834873e-06,-0.00369602731525553,2.71026847187272e-06,-9.94031986323307e-06,3.51331481862616e-06,-0.00209657047447642
"8:126268046:T:C",-8.79509048701266e-07,-0.00534797194597125,-0.000118367248807871,-6.73231466539193e-05,-0.000170169636565909,-1.69853564102596e-06,-7.85933548890227e-05,-0.000435326177812279,-0.00139912597707337,-0.0030947150074736,-0.000304264644669594,-1.42532030622533e-09,-0.00240344584161001,-8.79509048701266e-07,-0.00143824728759245,-0.00390156962337684,-0.00219071212404298,-0.00537736631585961,2.73688103291647e-08,-0.00010359182473163,-1.69853564102596e-06,-1.37593839735217e-05,-0.0017008193593977,-7.07958265344644e-07,-0.00183712737581398,-1.24442142812597e-06,-0.000396951506797194,-1.19647043739235e-06,-0.0037512958317647,-0.00390156962337684,-0.000237022839788104,-0.000304264644669594,-7.7235546309673e-05,-0.00523244132276446,-0.00122886104926412,-1.68939761633347e-05,-0.00145486394548922,-0.000208172678998864,2.73688103291647e-08,-0.00227064023399848,-5.12759497874882e-05,-7.23425229276486e-05,-0.000478828148510857,-1.19647043739235e-06,2.66563204487369e-06,-0.000849047701551697,-1.68939761633347e-05,-1.42532030622533e-09,-0.000342069180554461,-7.07958265344644e-07,-7.23425229276486e-05,-0.00272364959298077,-0.00243772309575441,-4.25109242252475e-05,-3.35077652735549e-06,-0.000415725533753797,-0.00219071212404298,0.148650986705273,-0.0035120390034038,-0.000634798613578624,-0.00160108965370753,-0.000311933809281406,-0.00282900277359133,-0.000204047536220386,-0.000656043942777629,-0.000599640722935391,-0.00391973840518745,-7.07958265344644e-07,-0.000200924361910992,-0.00274820876567361,-0.00142562182041317,-8.6189462527031e-06,-0.00459597269282419,-0.00172724548805636,-2.01074311618754e-05,-0.000634798613578624,-1.24442142812597e-06,-4.35902057782656e-05,-0.00251411469511531,-0.000585690397143068,-1.19647043739235e-06,-0.000127265036704571,-0.00139601599827088,-7.07958265344644e-07,-1.1876936430788e-05,-6.03641170826563e-07,-0.00707544802470661,-3.62273913978584e-06,-0.00706564577652369,-0.00057400119071005,-0.000157542802265986,-4.35902057782656e-05,-1.19647043739235e-06,-7.07958265344644e-07,-5.6294201611351e-06,-0.00133464063722943,-0.0104921665327291,-0.000238865768058538,-0.00410160345746702,-0.00257294854871581,-3.70448746931373e-05,-0.00169773978515675,-1.42532030622533e-09,-0.00251411469511531,-0.000755949970812964,-7.07958265344644e-07,-0.0041631898028518,-0.000147004652824911,-5.6294201611351e-06,-0.00251411469511531,-0.000176621847467473,-0.00377522021515642,-0.00762875932493667,-0.00243168831830243,-5.60705127439221e-05
"8:126273462:C:A",9.75572628458821e-06,-1.94160957667222e-05,-0.00128189701400228,-0.00193978811361273,-0.00221516421814805,-1.94160957667222e-05,-1.68757574883216e-05,3.22088654485242e-05,-0.00120230552357103,3.13310873174544e-05,-4.87430968822977e-05,-4.50388659878342e-06,-0.00196201408561869,9.75572628458821e-06,4.96517735806279e-05,-1.94160957667222e-05,-4.50388659878342e-06,-0.000897209717166447,-2.2212841690461e-06,-0.00287340104218359,-1.94160957667222e-05,-0.00160546628762948,9.75572628458821e-06,-1.31943672529999e-05,-0.00177313038011029,-1.68757574883216e-05,-3.32641889544405e-05,1.17980485025981e-05,-2.94544635988103e-05,-1.94160957667222e-05,-0.000978887389087468,-4.87430968822977e-05,9.76578691789243e-05,-0.00083980460643307,4.28355810440095e-05,-0.0016491556938254,-4.97472904168461e-05,-3.25395694318331e-05,-2.2212841690461e-06,-3.35476674084845e-06,-0.00218294789402318,-0.00293235557294569,-8.43677073980587e-07,1.17980485025981e-05,-8.04829245826255e-06,-0.00138969645972065,-0.0016491556938254,-4.50388659878342e-06,0.000111341358223882,-1.31943672529999e-05,-0.00293235557294569,-0.00319163485400686,-0.001575678316728,-0.00299765525327444,2.05695227446512e-05,-0.00206107483478046,-4.50388659878342e-06,-0.0035120390034038,0.0615948020977841,-5.99718420764006e-05,-7.18951169069726e-05,-4.26162138502661e-05,0.000148942495845183,-5.4968439151537e-05,8.08765670967659e-05,4.54831130358713e-06,4.14346671746557e-05,-1.31943672529999e-05,5.11799924165501e-05,-1.68757574883216e-05,-8.81156387633197e-05,3.39292307236505e-05,6.12073268779767e-05,-0.00220594916517847,-5.72128326661314e-05,-5.99718420764006e-05,-1.68757574883216e-05,-0.000164234631649052,1.76314827617929e-05,-0.00199651527913858,1.17980485025981e-05,-0.000741365804871386,-0.000249011144732414,-1.31943672529999e-05,-4.82021599736981e-05,7.65722661366652e-06,1.76562299980532e-05,2.15224172119832e-05,-4.22361607306243e-05,-0.00200673532528839,-0.000106850785373425,-0.000164234631649052,1.17980485025981e-05,-1.31943672529999e-05,-3.35913772611107e-05,-0.000320467414581138,4.6462927960178e-05,-0.00114865218676652,-0.00254589360512369,-0.00194683245099458,-1.71664178143516e-05,-0.00174280346784261,-4.50388659878342e-06,1.76314827617929e-05,-0.00120230552357103,-1.31943672529999e-05,3.30748358070565e-05,-0.000102457481286677,-3.35913772611107e-05,1.76314827617929e-05,-0.00121990668888294,1.24534946808197e-05,-4.36963567382875e-05,1.6624779322072e-05,-1.60343418453834e-06
"8:126274077:G:A",2.71561104359108e-05,-5.60722090066079e-05,0.000259123906015901,9.42453644459107e-05,7.54520766008682e-05,-5.60722090066079e-05,-4.84160678535517e-05,-0.00305975035489059,-8.69327497001748e-05,8.9370006224776e-05,-0.000139308970537932,-1.39366219382708e-05,6.75401753724714e-06,2.71561104359108e-05,0.00014246709232868,-5.60722090066079e-05,-1.39366219382708e-05,-0.00307844048677453,-6.88406915116957e-06,0.0019463056415816,-5.60722090066079e-05,-0.00158251863420755,2.71561104359108e-05,0.000995350919183124,-3.61692595838292e-05,-0.000744018848021,-9.73850762155948e-05,3.36318596998453e-05,-8.29150479182417e-05,-5.60722090066079e-05,-0.000170077245169153,-0.000139308970537932,0.000298552289351051,-0.00306787231075845,0.00012375663450559,-0.00157965830501539,0.0012154623327465,-0.00220540858316198,-6.88406915116957e-06,-1.03889015949932e-05,4.53429661684268e-05,0.00187362548481484,5.8131728433608e-05,3.36318596998453e-05,-2.48451137734307e-05,-0.00020916687115502,-0.00157965830501539,-1.39366219382708e-05,0.000338288631113848,0.000995350919183124,0.00187362548481484,-0.000184267882533895,-5.60722090066079e-05,-5.22205772703899e-05,5.80849096598612e-05,0.000234324803237485,-1.39366219382708e-05,-0.000634798613578624,-5.99718420764006e-05,0.0338417237907516,-0.000199012797251541,-0.000124897839855365,0.000467842903983495,-0.00217739758578173,-0.00309060846001241,-0.000610113274265522,-0.00104610999683263,0.000995350919183124,0.000147814345875297,-4.84160678535517e-05,-0.000241105185085466,9.8015443436239e-05,-0.0031282137316504,2.38591575163483e-05,-0.000163680956977608,0.00286020843460566,-4.84160678535517e-05,-0.000311514336733154,4.85876520892603e-05,-0.00104375268164958,3.36318596998453e-05,-0.00257639907356211,-0.000943360731723075,0.000995350919183124,-0.000134674227848741,-0.00370795480751429,4.44347187302796e-05,6.11741109191044e-05,-0.000117432162703324,-0.00105240055349043,-0.000848119784394363,-0.000311514336733154,3.36318596998453e-05,0.000995350919183124,-9.51183465893735e-05,-0.00235326153743287,0.000131354378408943,-0.000278167729911516,-0.000979823220249365,-0.000419570469083475,6.81497058252489e-06,-0.000636996772117371,-1.39366219382708e-05,4.85876520892603e-05,-8.69327497001748e-05,0.000995350919183124,9.5168476258678e-05,-0.000280136419685384,-9.51183465893735e-05,4.85876520892603e-05,-0.000235819495637557,-0.00367827377863783,-0.000121663116568804,4.53429661684268e-05,-0.00241117114693878
"8:126274395:C:T",-0.00224234237847032,-6.71233542774985e-05,0.000296924769179086,-0.00358431160064931,8.62582680545287e-05,-6.71233542774985e-05,-0.00132545966913256,-0.00289008265242963,-0.00105747113425458,-0.000207276385190802,-0.0057068554224573,-0.00278041046230193,7.12238345723648e-06,-0.00224234237847032,-0.00189590423262942,-6.71233542774985e-05,-1.68658417889489e-05,-0.00250718334483135,-8.32261134142698e-06,-0.00108377560518047,-6.71233542774985e-05,-0.00208709255744877,3.17243815075585e-05,-4.41956621735073e-05,-4.39096472693024e-05,-5.7769720767098e-05,-0.00551307157513659,3.95023018464613e-05,-9.89646203946037e-05,-6.71233542774985e-05,-0.000204769482021305,-0.0057068554224573,0.00034082102638866,-0.00252293716998508,0.000143709684969906,-0.00338780497973445,-0.00353190640717926,-0.000913920499170828,-8.32261134142698e-06,-1.25661097589713e-05,-0.00192979084938916,-0.00113391446573985,1.16415221107502e-05,3.95023018464613e-05,-3.01137293785558e-05,6.22641241738719e-05,-0.00338780497973445,-0.00278041046230193,0.000224035335985917,-4.41956621735073e-05,-0.00113391446573985,-0.00126346183461479,-6.71233542774985e-05,-6.24153070827305e-05,6.77827533817066e-05,-0.000991156876859023,-1.68658417889489e-05,-0.00160108965370753,-7.18951169069726e-05,-0.000199012797251541,0.121575281193192,-0.000191469518449061,0.000406442359605741,-0.00329591147069053,9.15107691694672e-05,-0.00159006014210572,-0.00163712858181242,-4.41956621735073e-05,0.000170971244632057,-5.7769720767098e-05,-0.0023905734394134,0.000114293573130198,-7.66208984082084e-06,2.77587377466304e-05,-0.000243998957833114,-0.000199012797251541,-0.00132545966913256,-0.00167622615790286,5.64139191245872e-05,-0.00361199915063182,3.95023018464613e-05,-7.10596286079834e-06,-0.00208464463412783,-4.41956621735073e-05,-0.00016179831163754,2.37406307777022e-05,5.02590378044232e-05,-0.00180939041366468,-0.000140444287999308,-0.00363331307763382,-0.000431215601095936,-0.00167622615790286,3.95023018464613e-05,-4.41956621735073e-05,-0.00338367020054697,-0.00344304595599709,0.000151565873172999,-0.000338813155688733,-0.00208131189086647,-0.00565176668498246,-0.00166478188712826,-2.89761550229528e-05,-0.00169234366548476,5.64139191245872e-05,-0.00105747113425458,-4.41956621735073e-05,0.00011091857701917,-0.00287531968328558,-0.00338367020054697,5.64139191245872e-05,-0.000286255803666258,-0.00176393489512616,-0.000145675574092508,5.25222374267997e-05,-0.00349809741720808
"8:126275179:T:C",1.89595546595811e-05,-3.98203086513504e-05,-0.00359489947371561,-0.00146975006403949,-0.000501565588034936,-3.98203086513504e-05,-0.0016468529523177,6.18462925254804e-05,-6.3111414378092e-05,6.0109395614738e-05,-0.000105045356252553,-0.00203022997567359,-0.000676474337098831,1.89595546595811e-05,-0.0012160866228097,-0.00259381105528966,-0.00203022997567359,-0.000604520644164275,-0.0025859624927369,-0.00198681790368482,-3.98203086513504e-05,-0.00713907416981563,1.89595546595811e-05,-2.6510442737937e-05,-0.000459109355998244,-0.0016468529523177,-6.3742251239951e-05,-0.000144415646863294,-6.01477451880328e-05,-0.00259381105528966,-0.000128585449065355,-0.000105045356252553,0.000175307177670447,-0.000568763074813461,-0.00125639092004182,-0.00676846070614134,-0.0014498038298818,-0.000274450843806839,-0.0025859624927369,-7.0168609962451e-06,3.17665443168025e-05,-0.00122427794278845,-0.000499492932523715,-0.000144415646863294,3.54541887048754e-05,-0.000808898297570693,-0.00676846070614134,-0.00203022997567359,-0.000996863608713205,-2.6510442737937e-05,-0.00122427794278845,-0.00152447126694621,-0.00376975801240143,-0.00169311423931529,3.97748247245033e-05,-0.00151275182674704,-0.00525516072178789,-0.000311933809281406,-4.26162138502661e-05,-0.000124897839855365,-0.000191469518449061,0.208270229184865,-0.00185998851172453,-8.37100621495779e-05,0.000147579552898236,1.16106663359261e-05,-0.0036785948908582,-2.6510442737937e-05,9.63596456609039e-05,-3.43655111825214e-05,-0.00178533605082798,6.52375168002095e-05,0.000114103850845204,-0.00256113445140116,-0.00918655538570867,-0.000124897839855365,-3.43655111825214e-05,-0.00392881912197574,-0.00237741837783023,-0.0123519011933038,-0.000144415646863294,-0.00316405221215454,-0.00105241723817029,-2.6510442737937e-05,-0.00138303370661852,1.46353414978151e-05,2.73172481488615e-05,4.1696815085146e-05,-8.67634609855727e-05,-0.012426211220756,-0.000880094610336002,-0.00392881912197574,-0.000144415646863294,-2.6510442737937e-05,-6.91879399186135e-05,-0.0112287226170391,-0.000262298681201756,-0.00920949718401864,-0.00193434278404281,-0.0132721108796243,-0.00420017298493569,-6.79245828649755e-06,-0.00231895681912508,-0.00237741837783023,-6.3111414378092e-05,-2.6510442737937e-05,6.35554583210407e-05,-0.000260117419270678,-6.91879399186135e-05,3.38181576546859e-05,-0.00883440743687824,-0.0021240608446691,-0.000979582846764693,-0.00498813414868327,-0.0111732633259427
"8:126276895:G:C",-0.0015354633333331,-0.0109082589342187,-0.00385136119064189,-0.00055353003944969,-0.00015952904649108,-0.00353705494022716,-0.00258570068643937,-0.000129794668707994,-0.00625128459989721,-0.00210975787973311,2.80291004273181e-06,-0.00564822398280818,-0.0040166972200959,-0.0015354633333331,-0.00229302339250737,-0.00167325958528153,-0.00897048970003134,-0.0043718041413392,-0.00355097885904598,-0.00263862165004669,-0.00353705494022716,-0.00438470658925549,-0.00373937766576393,-0.000139157345996566,-0.000790983656135058,-0.0019464805080549,0.000111154586048379,0.000118532109644853,-0.00602123830856982,-0.00167325958528153,0.000244918710881947,2.80291004273181e-06,-0.00811426217653555,-0.00430424842756949,-0.00374816121662924,-0.00594181713792485,-0.00109502997845201,-0.0145582118839469,-0.00355097885904598,-0.00611571171551528,-0.00195088953416178,-0.00165713907689113,1.87551943842124e-06,0.000118532109644853,-0.000130010108373213,-0.00157679792074328,-0.00594181713792485,-0.00564822398280818,-0.00132194207582392,-0.000139157345996566,-0.00165713907689113,-0.00089413579900377,-0.0030565425292961,-0.00310868833469957,-0.00861482692503035,-0.001261454967727,-0.00306521657776493,-0.00282900277359133,0.000148942495845183,0.000467842903983495,0.000406442359605741,-0.00185998851172453,0.306022654258288,-0.000220059250013449,0.0007312039531433,-0.000692921426295179,-0.0028106517980202,-0.000139157345996566,-0.00339581182011806,-0.00228704305394523,0.000316432986325221,-0.00201009782777906,0.000435908568622523,-0.000173088504048735,-0.0055046010792732,0.000467842903983495,-0.012291646869441,-0.00826781030723689,-5.32137270639055e-05,-0.000600048700023059,0.000118532109644853,-0.00431862259326543,-0.00408318805232399,-0.000139157345996566,-0.00126378474931066,-0.000391405466328543,-0.00276334149269664,-0.0055217986863294,-0.00355547185221816,-0.00295947209973235,-0.00304080027331155,-0.00872706371338561,0.000118532109644853,-0.000139157345996566,4.67334710370082e-05,-0.0032711376594019,-0.00539268936870974,-0.00412911861254983,-0.0070123864029541,-0.00173284414298669,-0.0030789044752364,-0.00015410168424479,-0.0143132904208745,-5.32137270639055e-05,0.000173230407706448,-0.000139157345996566,-0.00101949344428398,0.000503631833696616,4.67334710370082e-05,-0.000182707818118466,-0.00345293061578111,-0.00189050306724914,-0.00438682999655793,-0.00134156914893424,-0.00301103952023096
"8:126277290:A:T",-0.00298695471185528,-4.13488405186513e-05,-0.00358766048884185,4.23957032706923e-05,-8.58201787039548e-05,-0.00172201125599969,-0.00164555506829167,-0.00130365190787796,0.000119209268433451,-0.00292170847388729,-0.00357020823584797,-9.8129108536682e-06,-0.00201698112317406,-0.00298695471185528,-0.00150570432870012,-4.13488405186513e-05,-9.8129108536682e-06,-0.00154527347280542,-0.00229860148184979,-0.000927043983986131,-0.00172201125599969,-0.000540720770521919,1.96260567495443e-05,-2.74913132498611e-05,-0.00221415349763188,-0.00289987367278499,-0.00374755338726107,2.39787994225082e-05,-6.24201587555717e-05,-4.13488405186513e-05,-0.000133552253963387,-0.00357020823584797,-0.000405800788867872,-0.00156706376000137,8.43053149690576e-05,-0.000535337435802141,-0.00302288779822213,-0.000372893500927063,-0.00229860148184979,-7.29941157562308e-06,-0.000430081233707469,-0.000826074722152015,-0.000694619217614267,2.39787994225082e-05,-1.76078409950264e-05,-0.00282098194596525,-0.000535337435802141,-9.8129108536682e-06,-0.00480484013931459,-2.74913132498611e-05,-0.000826074722152015,-0.00296130419051099,-0.00259475345325821,-0.00169191424686232,-0.000979510385732851,-0.0047621116392067,-0.00202806821463852,-0.000204047536220386,-5.4968439151537e-05,-0.00217739758578173,-0.00329591147069053,-8.37100621495779e-05,-0.000220059250013449,0.146312738384808,2.13088713998388e-05,-0.00404052596428972,-0.00104551299972666,-2.74913132498611e-05,-7.6703675554235e-05,-3.56685577749261e-05,-0.00306732310987901,-0.000628221709623844,-4.42361794394941e-05,1.7396285936222e-05,-0.000121553701241339,-0.00217739758578173,0.000102464651105194,-0.00341259330145949,-0.00237380834209411,-0.00354726660103655,2.39787994225082e-05,-0.000115833247934738,-0.00150529157528023,-2.74913132498611e-05,-0.00138410505833253,1.51298140025347e-05,-0.000297304870246151,4.31688462594337e-05,-9.00510970858193e-05,-0.00353109118907202,-0.000261719991861753,-0.00406186756365567,2.39787994225082e-05,-2.74913132498611e-05,-0.00152936850118035,8.07547548564713e-06,-0.000258302878338945,-0.00271323898941489,-0.000532725727670158,-0.00124708417196118,-0.000390548466708829,-0.000416396471060843,-0.00201373221055334,-0.00237380834209411,-0.00136073206860488,-2.74913132498611e-05,6.57845660789746e-05,-0.00681805001045976,-0.00152936850118035,-0.000324125037948875,-0.0028624935254502,9.22151065374521e-06,-0.00443222935552789,-0.00180625602321705,2.1103551235413e-06
"8:126282768:T:C",-4.78795559546441e-05,7.68157153565596e-05,-0.000890287458918948,-8.47141376363325e-05,0.000389297385281928,-0.00185555775994306,6.8824932059286e-05,-0.000235919939426843,0.000126182525782781,-0.00214327978798856,-0.000258499039363258,-0.00277405011266385,-2.70647894939913e-05,-4.78795559546441e-05,-0.00123940083619711,-0.00146960880967217,-0.00277405011266385,-0.00502516286042987,7.16084935525885e-06,0.000120562959982529,-0.00185555775994306,-0.000798007326165084,-4.78795559546441e-05,5.71557769095676e-05,3.7416195453055e-05,6.8824932059286e-05,-0.000197597271209382,-5.45185080023103e-05,0.000121967166733405,-0.00146960880967217,0.000243641257366534,-0.000258499039363258,-0.000570125186373005,-0.00490562390323301,-0.000930806921191518,-0.000961643432501713,-6.55374110793971e-05,-0.00809478030550359,7.16084935525885e-06,1.07994489235708e-05,-0.000271223987817315,3.21220751784423e-05,-0.00067314109950356,-5.45185080023103e-05,2.57565873234e-05,0.000283989497126491,-0.000961643432501713,-0.00277405011266385,-0.00051882159057115,5.71557769095676e-05,3.21220751784423e-05,-0.00432529217921385,7.68157153565596e-05,7.27987369568694e-05,-0.00240012540915302,0.000560581906865032,1.44776699437799e-05,-0.000656043942777629,8.08765670967659e-05,-0.00309060846001241,9.15107691694672e-05,0.000147579552898236,0.0007312039531433,2.13088713998388e-05,0.092466329141923,-0.00306619043808354,-0.000656683392442403,5.71557769095676e-05,-0.00116079808083036,6.8824932059286e-05,0.000330694043357838,-0.00340527315088224,0.00136258082140017,-0.00132489721395057,0.000205394291518779,-0.00309060846001241,6.8824932059286e-05,-0.000560263458026178,0.000158208489636991,-0.000608480946396206,-5.45185080023103e-05,-0.000220311896463876,-0.00424126970390581,5.71557769095676e-05,-0.00241958241065188,-0.00136642374752238,-0.000121938175468905,-0.000747908586404833,0.000173923597921899,-0.000597057786073663,0.000381976731422817,-0.000560263458026178,-5.45185080023103e-05,5.71557769095676e-05,0.000134749514342225,-0.000134793478414608,-0.00269520325787376,-0.00101046845714503,-0.00441250797367188,-7.30708300960003e-05,-0.00280233563998422,-0.00321364119425827,1.44776699437799e-05,0.000158208489636991,0.000126182525782781,5.71557769095676e-05,-0.000161629478076186,0.000187383610883884,0.000134749514342225,-0.00127192816481347,-0.000876690519338474,-0.00400345703914251,0.000178367084004094,-8.83075830167002e-05,-0.000133577801346263
"8:126284507:C:T",-0.000194162391949249,4.34365346180243e-06,-0.00100445526045068,-0.000816482470136215,-2.54158375998514e-05,4.34365346180243e-06,-0.00276162303363758,-0.00128226245785701,-0.00321859326517782,-0.00140516515543698,-0.00227861923689687,1.15568375669284e-06,-0.000688763810855697,-0.000194162391949249,-0.0089945441737509,-0.00245000155322206,1.15568375669284e-06,-0.0130487516824891,5.83997946002057e-07,-0.0116411914190264,4.34365346180243e-06,-0.00368020419295734,-3.18764613815858e-06,3.24070699342371e-06,-0.000204883178887449,3.91769077445758e-06,-0.00217380779757814,-3.87122458800349e-06,5.79116422372294e-06,-0.00245000155322206,-0.000386027060025107,-0.00227861923689687,-0.00117724677127562,-0.0132226866151424,-1.90962067865286e-05,-0.00369601775798989,-0.00280500652135363,-0.0099218693867309,5.83997946002057e-07,8.71466806273702e-07,-0.00855390529318534,-0.0114172539270596,-0.000413418373631735,-3.87122458800349e-06,1.98695690745154e-06,-0.000603751919358686,-0.00369601775798989,1.15568375669284e-06,-0.00078157149437974,3.24070699342371e-06,-0.0114172539270596,-0.00270928845534524,-0.00245000155322206,-3.70168795775783e-05,-0.00149677785938707,-0.0036840832721956,1.15568375669284e-06,-0.000599640722935391,4.54831130358713e-06,-0.000610113274265522,-0.00159006014210572,1.16106663359261e-05,-0.000692921426295179,-0.00404052596428972,-0.00306619043808354,0.200802497399239,-0.000541306825564192,3.24070699342371e-06,-0.00144322985535528,3.91769077445758e-06,-0.00581787555359092,-1.38587865441409e-05,-0.00145144107617146,-2.84821666429735e-06,6.13468288523933e-06,-0.000610113274264634,-0.0040245225966693,-0.00220019815138883,-0.00170967753925577,-0.000677761749743766,-3.87122458800349e-06,-8.74160137405156e-05,-0.00257187270755566,3.24070699342371e-06,6.95861867061609e-06,-5.53533252931615e-05,-0.00215193945586467,-0.000517636636724106,6.79146801996211e-06,-0.000665942107479722,-3.01957260289143e-05,-0.00220019815138883,-3.87122458800349e-06,3.24070699342371e-06,6.19114603939153e-06,-1.35708941684243e-05,-0.00242643039694457,9.23552606835187e-07,-0.00152574801545979,-0.00073909232474012,-0.00147909450162587,0.0017286386839972,-0.00491072015833893,-0.00170967753925577,-0.00140593705780478,3.24070699342371e-06,-0.00249879923054408,-0.0011371872106567,6.19114603939153e-06,-6.33676836159225e-06,4.13660667142324e-06,-0.00183139753843786,-0.000996854740496822,-0.00526831613504353,-1.86972792537432e-05
"8:126288007:A:G",1.16340161566697e-05,-0.00548435540833836,-0.000630969233318623,-0.00381229608946931,-0.00140251700319727,-2.57119330395739e-05,-9.63448109692067e-05,-0.000506595797046039,-0.00138986649298101,-0.00677573196421832,-7.4506178115108e-05,-5.73413841742365e-06,-0.000732908166463986,1.16340161566697e-05,-0.00148267405988722,-0.00383947354619529,-5.73413841742365e-06,-0.000444233693951634,-2.80348789694074e-06,-0.000316285846976072,-2.57119330395739e-05,-0.00028241166546783,-0.00174036515509801,-1.70375926824562e-05,-0.000503811398126608,-2.2127364538882e-05,-4.18537386499551e-05,1.39896540352069e-05,-0.00383815371807028,-0.00383947354619529,-0.0015786090448584,-7.4506178115108e-05,7.13000937775377e-05,-0.000370738901978029,4.46545292254186e-05,-5.19957321150066e-05,-0.00146703986947472,-0.00231239540752792,-2.80348789694074e-06,-0.00232670170694238,-0.00424284001541153,-0.000261283895945041,-0.00038616459489127,1.39896540352069e-05,-0.00216338306151798,-0.000173017117175434,-5.19957321150066e-05,-5.73413841742365e-06,-0.000158082863777054,-1.70375926824562e-05,-0.000261283895945041,-0.00285162235160641,-0.00119015454428695,-6.17987894662164e-05,2.35831084438587e-05,-0.00288970409836109,-0.00224831000614678,-0.00391973840518745,4.14346671746557e-05,-0.00104610999683263,-0.00163712858181242,-0.0036785948908582,-0.0028106517980202,-0.00104551299972666,-0.000656683392442403,-0.000541306825564192,0.151775770530851,-1.70375926824562e-05,-0.00273921645083597,-0.00282060794499728,-0.00147833658014562,3.68200406146713e-05,-0.0047009209528408,-0.00182322628221954,-0.00234487408871153,-0.00104610999683263,-2.2127364538882e-05,-0.000497673129619791,-0.00244331352159666,-6.03861549119955e-05,1.39896540352069e-05,-0.000889346292731297,-0.000706063192317696,-1.70375926824562e-05,-0.00140119939152061,-0.00242159483492266,-0.00386540731658602,2.45879126890003e-05,-0.00716662597907369,-6.88182963530792e-05,-0.00298616371217797,-0.000497673129619791,1.39896540352069e-05,-1.70375926824562e-05,-4.62584418148282e-05,-0.00278446694873047,-0.00722253659052186,-0.000348569043970848,-0.00336793814152969,2.99151648501805e-05,-0.00141983317227989,-0.00161315676631091,-5.73413841742365e-06,-0.00244331352159666,-0.00204142440678634,-1.70375926824562e-05,-0.00407127949709363,-0.000206685782357496,-4.62584418148282e-05,-0.00244331352159666,-0.000270263069523935,-0.00038678925386737,-0.00433581181904685,1.93202832150519e-05,-0.0012225274208868
"8:126289068:G:A",6.44794018178629e-06,-1.23904191751123e-05,6.10738888182638e-05,2.43761741414161e-05,1.93499737610736e-05,-1.23904191751123e-05,-1.08106461826907e-05,2.16644779129638e-05,-1.95545265011532e-05,2.10697272287064e-05,-3.03362707203547e-05,-2.87469436344168e-06,2.25792706753936e-06,6.44794018178629e-06,3.40042905282445e-05,-1.23904191751123e-05,-2.87469436344168e-06,-4.80677863912149e-05,-1.42075762887828e-06,0.000499824747159927,-1.23904191751123e-05,-3.14364194418104e-05,6.44794018178629e-06,0.00205388993281996,-7.44762585647152e-06,-1.08106461826907e-05,-2.08834882187148e-05,7.78077916763209e-06,-1.87240526248189e-05,-1.23904191751123e-05,-3.82299555399257e-05,-3.03362707203547e-05,7.02107751369141e-05,-6.03388186828369e-05,2.90971600129808e-05,-5.13374083510598e-05,0.000565139126880609,-1.12202210207357e-05,-1.42075762887828e-06,-2.14350637772753e-06,1.10980885885681e-05,0.000470567568186198,1.58755854338111e-05,7.78077916763209e-06,-5.12039849809298e-06,-4.62835195191857e-05,-5.13374083510598e-05,-2.87469436344168e-06,8.15037779799965e-05,0.00205388993281996,0.000470567568186198,-4.11586496937844e-05,-1.23904191751123e-05,-1.15959004727273e-05,1.37058518845379e-05,0.000267313192611418,-2.87469436344168e-06,-7.07958265344644e-07,-1.31943672529999e-05,0.000995350919183124,-4.41956621735073e-05,-2.6510442737937e-05,-0.000139157345996566,-2.74913132498611e-05,5.71557769095676e-05,3.24070699342371e-06,-1.70375926824562e-05,-0.0135198520779998,3.50773622130873e-05,-1.08106461826907e-05,-5.35980392522006e-05,2.28334189147361e-05,4.2369213972826e-05,5.7699000644007e-06,-3.53253793488051e-05,0.000995350919183124,-1.08106461826907e-05,-6.62423226547304e-05,1.17616158847866e-05,5.94136706419945e-05,7.78077916763209e-06,-0.000191934013490602,-0.000124127522005857,0.00205388993281996,-3.01793220174318e-05,5.08393166676058e-06,1.19454565394861e-05,1.43389289801732e-05,-2.66150414232058e-05,5.98588358835528e-05,-6.40265094515868e-05,-6.62423226547304e-05,7.78077916763209e-06,0.00205388993281996,-2.12450007737175e-05,1.21604436360556e-05,3.17777049483325e-05,-6.19379179394031e-05,-0.000126993987592527,5.56133255207314e-05,4.3608485107427e-06,-3.82054054348657e-06,-2.87469436344168e-06,1.17616158847866e-05,-1.95545265011532e-05,0.00205388993281996,2.22523354205251e-05,-6.16040423242481e-05,-2.12450007737175e-05,1.17616158847866e-05,-5.25106456290558e-05,8.36296320194663e-06,-2.74904783212904e-05,1.10980885885681e-05,1.58755854320347e-05
"8:126295353:A:G",-2.85214486464014e-05,-0.00186024562972698,5.49763210200283e-05,-0.0043415161615652,-0.0028192950093775,4.84246618235318e-05,4.30012159293724e-05,-9.53488348978127e-05,7.82756293640219e-05,-9.33226527379816e-05,0.000114845949136466,9.91912543835127e-06,-1.41117081682296e-05,-2.85214486464014e-05,-0.000155225525067415,4.84246618235318e-05,9.91912543835127e-06,-3.44726413770147e-05,4.90714687284566e-06,-0.00068434192373612,4.84246618235318e-05,-0.000340494294762017,-0.00120476892386456,3.50773622130873e-05,2.56184325273523e-05,-0.0021773052302958,7.73735064436565e-05,-3.3121544883663e-05,7.54344555389252e-05,4.84246618235318e-05,0.000151019622479431,0.000114845949136466,-0.000320400751784078,1.31795677331681e-05,-0.000129103561453903,-0.000274323791548348,0.000122433564518687,-0.0025933903760178,4.90714687284566e-06,-0.00173809038830175,-5.14917646325941e-05,-0.000744991973166798,-0.00139683802937007,-3.3121544883663e-05,1.76410536303351e-05,0.000177909104057683,-0.000274323791548348,9.91912543835127e-06,-5.56098094142143e-05,3.50773622130873e-05,-0.000744991973166798,0.000160837975572647,4.84246618235318e-05,-0.00197705924095803,-6.04304241225151e-05,-0.00229154817656685,9.91912543835127e-06,-0.000200924361910992,5.11799924165501e-05,0.000147814345875297,0.000170971244632057,9.63596456609039e-05,-0.00339581182011806,-7.6703675554235e-05,-0.00116079808083036,-0.00144322985535528,-0.00273921645083597,3.50773622130873e-05,0.0694204136913492,4.30012159293724e-05,-0.00265130516925183,-9.93351731848335e-05,-0.00106818111934714,-0.0012836883761409,0.000131570068495179,0.000147814345875297,4.30012159293724e-05,-0.00232234484244476,-5.37634402872911e-05,-0.000292142831749942,-3.3121544883663e-05,-0.0013524577706745,-0.000725239463543303,3.50773622130873e-05,-0.00527641393694722,-2.38219562218589e-05,-0.00185080234461044,-6.26047299130406e-05,0.000107228790567682,-0.000293304960419682,0.000240398475321868,-0.00232234484244476,-3.3121544883663e-05,3.50773622130873e-05,-0.00208671907676461,-0.000259036837919169,-0.000374238600821641,0.00023763142843336,-0.00063010423589871,-0.00277364934362989,-0.00296643269678398,-0.00150202969360702,9.91912543835127e-06,-5.37634402872911e-05,7.82756293640219e-05,3.50773622130873e-05,-9.7352888690061e-05,0.000232546631016461,-0.00208671907676461,-0.00336497775723021,0.000202788304910939,-0.00132305769744345,0.000110206808472846,-5.14917646325941e-05,-0.000274011607956481
"8:126298504:A:G",8.07742992314786e-06,-0.00256962314647691,7.33564814741072e-05,2.99745231213677e-05,2.38916553287893e-05,-1.58317910168293e-05,-1.37843575265251e-05,-0.00204221167248253,-2.50790646072474e-05,2.61194881687743e-05,-0.00312045901059754,-3.66819194308476e-06,2.77593303632528e-06,8.07742992314786e-06,4.17068003466525e-05,-1.58317910168293e-05,-3.66819194308476e-06,-0.000135671095536694,-0.00328155716408407,-0.00024515149436688,-1.58317910168293e-05,-0.0003053796830077,8.07742992314786e-06,-1.08106461826907e-05,-9.53982515916607e-06,-1.37843575265251e-05,-0.00300330227414491,9.75585167406479e-06,-0.00146358926893964,-1.58317910168293e-05,-4.96988460998438e-05,-0.00312045901059754,8.37024367639216e-05,-0.000152573712536963,-0.00200327278075196,-0.000327412489443901,-4.02425884491464e-05,-1.48284356944473e-05,-0.00328155716408407,-0.00188681594751561,1.38260418767189e-05,-0.000226457882937403,1.95754074550081e-05,9.75585167406479e-06,-6.54608342820495e-06,-0.00128572476391309,-0.000327412489443901,-3.66819194308476e-06,-0.00512626865040389,-1.08106461826907e-05,-0.000226457882937403,-0.00122534687822107,-1.58317910168293e-05,-1.48014111820416e-05,1.70845784310814e-05,-0.000389372171392566,-3.66819194308476e-06,-0.00274820876567361,-1.68757574883216e-05,-4.84160678535517e-05,-5.7769720767098e-05,-3.43655111825214e-05,-0.00228704305394523,-3.56685577749261e-05,6.8824932059286e-05,3.91769077445758e-06,-0.00282060794499728,-1.08106461826907e-05,4.30012159293724e-05,0.0835027042498693,-7.05166270025259e-05,2.82894795091693e-05,5.16381796451526e-05,7.22210661852074e-06,-4.60167472322581e-05,-4.84160678535517e-05,-1.37843575265251e-05,-8.83789853647343e-05,1.46565699239432e-05,-0.00444927717000265,9.75585167406479e-06,-0.00191324482873334,-0.00776047307502203,-1.08106461826907e-05,-3.90195178852082e-05,6.35576771124136e-06,1.47827600187611e-05,1.78733884697024e-05,-3.428595459809e-05,-0.00447222942517556,-8.49804315414815e-05,-8.83789853647343e-05,9.75585167406479e-06,-1.08106461826907e-05,-2.72985728964059e-05,-0.00266437658480001,3.9012502432989e-05,-8.19453942595416e-05,-0.0077166965947848,-0.00433582733515525,5.21841088740871e-06,-4.98249888636337e-06,-3.66819194308476e-06,1.46565699239432e-05,-2.50790646072474e-05,-1.08106461826907e-05,2.75752979668198e-05,-0.00339934236602701,-2.72985728964059e-05,1.46565699239432e-05,-6.90210335667629e-05,1.03923276615348e-05,-3.54461511440363e-05,1.38260418767189e-05,-0.00263785598627653
"8:126300935:A:G",3.80774925963223e-05,-8.21712027834209e-05,-0.000459262345769318,-9.07525233602158e-05,0.000100830299501808,-0.00123445031939173,-7.05166270025259e-05,0.00012990331481344,-0.000126336252586512,0.000125519282460296,-0.00413171964236536,-2.10943392726648e-05,7.20553713051686e-06,3.80774925963223e-05,0.000198332081417618,-8.21712027834209e-05,-0.00151062983735617,-0.00209378558365714,-1.04104686879936e-05,0.00128233742774153,-0.00123445031939173,-0.00302540404092699,3.80774925963223e-05,-5.35980392522006e-05,-5.48975739143032e-05,-7.05166270025259e-05,-0.00440240220733212,4.78421805336637e-05,-0.000120203964542931,-8.21712027834209e-05,0.000360240491926511,-0.00413171964236536,-0.000877495986165044,-0.00221458557855936,-0.001866274758898,-0.00307663719042939,-0.000203423626480514,-0.00380900184813981,-1.04104686879936e-05,-1.57175649722063e-05,-0.00247870880767032,0.0011355270359994,7.44032116397619e-05,4.78421805336637e-05,-0.00633121677773651,-0.00030871216476136,-0.00307663719042939,-2.10943392726648e-05,-2.92620836113144e-05,-5.35980392522006e-05,0.0011355270359994,-0.00112452190222623,-0.00123445031939173,-0.000493829547098201,8.16421448348592e-05,-0.000800988248780055,-2.10943392726648e-05,-0.00142562182041317,-8.81156387633197e-05,-0.000241105185085466,-0.0023905734394134,-0.00178533605082798,0.000316432986325221,-0.00306732310987901,0.000330694043357838,-0.00581787555359092,-0.00147833658014562,-5.35980392522006e-05,-0.00265130516925183,-7.05166270025259e-05,0.0991939649127853,-0.00141872780990315,0.000248033419514293,3.3099720448071e-05,-0.00200216928148134,-0.000241105185085466,-7.05166270025259e-05,-0.000713978985029229,-0.00243698044122187,-6.53881332635109e-06,4.78421805336637e-05,-0.000113091153576939,-0.00292661705174524,-5.35980392522006e-05,-0.000196589073189202,2.80566722166142e-05,-0.00143633447590918,8.62933288994228e-05,-0.000170150257099877,-1.66756531498891e-05,-0.00247249624757906,-0.000713978985029229,4.78421805336637e-05,-5.35980392522006e-05,-0.000138847650239526,-0.00142311930665873,0.000181583094846616,-0.00104749037823204,-0.00306445197258887,3.20821737060939e-05,-0.00141389510967116,-0.00289759713305937,-2.10943392726648e-05,-0.00243698044122187,-0.000126336252586512,-5.35980392522006e-05,0.000134230750973963,-0.00500350611462697,-0.000138847650239526,6.7318285293716e-05,-0.00107292039337725,4.2135111412378e-05,-0.000176628592438277,6.24161342193119e-05,-0.00142891824710123
"8:126301935:G:A",-1.81217220038832e-05,3.2028334612022e-05,-0.000172675344563444,-0.000665166406274231,-5.89627780209767e-05,3.2028334612022e-05,2.82894795091693e-05,-0.000123824713979204,5.1517453566241e-05,-5.90103002169329e-05,7.69320083495728e-05,6.80587809753774e-06,-8.24579439218098e-06,-1.81217220038832e-05,-9.68903870415261e-05,3.2028334612022e-05,6.80587809753774e-06,-0.000816937793355343,3.36559472913223e-06,-0.00274117461121559,3.2028334612022e-05,-0.00307859782652464,-1.81217220038832e-05,2.28334189147361e-05,1.76005598708784e-05,2.82894795091693e-05,5.20482386603405e-05,-2.12700145123534e-05,4.95506872892904e-05,3.2028334612022e-05,0.000100263443318482,7.69320083495728e-05,-0.000198339383838508,-0.000822837995881009,-8.14147770764606e-05,-0.00302493030824191,8.11857077316347e-05,-0.00845598371746359,3.36559472913223e-06,5.07624590362354e-06,-8.41858134545959e-05,-0.00267101842554407,-5.09987427088632e-05,-2.12700145123534e-05,1.21118711717827e-05,0.000119187590508218,-0.00302493030824191,6.80587809753774e-06,-0.000237851286076562,2.28334189147361e-05,-0.00267101842554407,0.000107159717871674,3.2028334612022e-05,3.01485338560781e-05,-3.83451313625827e-05,-0.00217354583597906,6.80587809753774e-06,-8.6189462527031e-06,3.39292307236505e-05,9.8015443436239e-05,0.000114293573130198,6.52375168002095e-05,-0.00201009782777906,-0.000628221709623844,-0.00340527315088224,-1.38587865441409e-05,3.68200406146713e-05,2.28334189147361e-05,-9.93351731848335e-05,2.82894795091693e-05,-0.00141872780990315,0.0593676496191815,-0.00339300870952375,-1.65213818501542e-05,8.86176442067566e-05,9.8015443436239e-05,2.82894795091693e-05,-0.000847793790044626,-3.37811134523136e-05,-0.000176684547744443,-2.12700145123534e-05,-0.000111985308555163,-0.00181315302920027,2.28334189147361e-05,-0.00626297685128296,-1.49031897143104e-05,-3.77968790719052e-05,-3.98327263448905e-05,7.05925188517753e-05,-0.000177574616806453,0.000162785007298716,-0.000847793790044626,-2.12700145123534e-05,2.28334189147361e-05,5.55168423748142e-05,-4.25054220629661e-05,-9.18235640874343e-05,0.000160041766420704,-0.00175892938585864,-0.00329800759763721,-0.00068276169799919,6.0240254597943e-06,6.80587809753774e-06,-3.37811134523136e-05,5.1517453566241e-05,2.28334189147361e-05,-6.17705022021298e-05,0.000157163014317341,5.55168423748142e-05,-3.37811134523136e-05,0.000135958650584023,-0.00315230747703144,7.26646350033278e-05,-3.22250680149239e-05,-5.09987427088632e-05
"8:126308271:C:G",-3.47843126320413e-05,5.79833719083211e-05,-0.000745697708879334,-0.000550746873028807,9.65771715666364e-05,-0.00185238947347965,5.16381796451526e-05,-0.000214984320367151,9.42265307779522e-05,-0.00208249376909375,-3.80071392642733e-05,-0.00286585616348489,-1.80282352326699e-05,-3.47843126320413e-05,-0.00114766320577875,5.79833719083211e-05,-0.00286585616348489,-0.00334499912379282,5.72375025420513e-06,0.000489605257420145,-0.00185238947347965,-0.000818645282999686,-3.47843126320413e-05,4.2369213972826e-05,2.98904982170001e-05,5.16381796451526e-05,-7.41927854281954e-05,-4.01318248313132e-05,9.0895082474951e-05,5.79833719083211e-05,0.000181882954624513,-3.80071392642733e-05,-0.000335996146122675,-0.0033256278867162,-0.000852421997035613,-0.000888035668581644,-0.000146019500403938,-0.00654716265706323,5.72375025420513e-06,8.63154573682579e-06,-0.000277621652361226,0.000456357572926613,0.000376404105793426,-4.01318248313132e-05,2.05804746835625e-05,0.000213533900405238,-0.000888035668581644,-0.00286585616348489,-0.000194573874694015,4.2369213972826e-05,0.000456357572926613,-0.0046442226685226,5.79833719083211e-05,5.47938370010215e-05,-0.00101991269592716,0.000351034336920186,1.1570607793665e-05,-0.00459597269282419,6.12073268779767e-05,-0.0031282137316504,-7.66208984082084e-06,0.000114103850845204,0.000435908568622523,-4.42361794394941e-05,0.00136258082140017,-0.00145144107617146,-0.0047009209528408,4.2369213972826e-05,-0.00106818111934714,5.16381796451526e-05,0.000248033419514293,-0.00339300870952375,0.0922195947904365,-3.20671585942733e-05,0.00015675794197989,-0.0031282137316504,5.16381796451526e-05,0.000117647359519246,-6.58730571556632e-05,-0.000456772059497901,-4.01318248313132e-05,-0.0001883940657601,-0.00387711425153014,4.2369213972826e-05,-0.00359696400674459,-0.00133331275471793,-0.00141681962559304,-0.000751380436902593,0.000129353882797112,-0.000445192598339972,0.000288152972363065,0.000117647359519246,-4.01318248313132e-05,4.2369213972826e-05,0.000100995946410443,-0.0028751486343479,-0.00131654190390407,-0.00214069096492508,-0.00398245135749287,-0.000475548625652245,-0.00293607271615759,-0.00150353907431189,1.1570607793665e-05,-6.58730571556632e-05,9.42265307779522e-05,4.2369213972826e-05,-0.000118267502443814,6.53376089552182e-05,0.000100995946410443,-6.58730571556632e-05,-0.00205252558774571,-0.00450007896786797,0.000132852301126363,-6.32421550923468e-05,-0.00285554009902445
"8:126308764:G:A",-4.5784345807931e-06,8.21200237233199e-06,-0.00218706461591367,-1.86502434535996e-05,-0.00167990353977121,8.21200237233199e-06,7.22210661852074e-06,-1.57093535193553e-05,1.29123543040066e-05,-1.52973346603247e-05,-0.00238239335968871,1.86310748429008e-06,-1.81487370731759e-06,-4.5784345807931e-06,-2.5417991645682e-05,8.21200237233199e-06,1.86310748429008e-06,-0.00168515383093215,9.23086590276512e-07,8.23711485971046e-05,8.21200237233199e-06,-9.67017373207923e-05,-4.5784345807931e-06,5.7699000644007e-06,4.78923510449647e-06,7.22210661852074e-06,-0.00248760744902921,-5.46561927272649e-06,1.24052480936498e-05,8.21200237233199e-06,2.44026631897043e-05,-0.00238239335968871,-5.52310396466638e-05,-0.00167925920399004,-0.00109817686377323,-9.97550912469336e-05,2.00578410955998e-05,-7.13447242564058e-05,9.23086590276512e-07,1.39095311180171e-06,-8.0662135033549e-06,7.87803997619463e-05,-0.00171018362646436,-5.46561927272649e-06,-0.00266820154857861,2.89147199783457e-05,-9.97550912469336e-05,1.86310748429008e-06,-0.00335581896536841,5.7699000644007e-06,7.87803997619463e-05,2.60600649566456e-05,8.21200237233199e-06,7.71484301065328e-06,-9.82775557378801e-06,-0.0144980199102598,1.86310748429008e-06,-0.00172724548805636,-0.00220594916517847,2.38591575163483e-05,2.77587377466304e-05,-0.00256113445140116,-0.000173088504048735,1.7396285936222e-05,-0.00132489721395057,-2.84821666429735e-06,-0.00182322628221954,5.7699000644007e-06,-0.0012836883761409,7.22210661852074e-06,3.3099720448071e-05,-1.65213818501542e-05,-3.20671585942733e-05,0.0713286878079602,-0.00241401721827117,2.38591575163483e-05,7.22210661852074e-06,-0.00201892332437925,-0.00154858902915933,-4.72450986492845e-05,-5.46561927272649e-06,-0.000135794672058154,-0.000422706373285564,5.7699000644007e-06,1.95203723549753e-05,-3.67455191074839e-06,-0.00278428986884727,-1.02576407519095e-05,1.74152814880202e-05,-4.75701780970894e-05,-0.00218718616635094,-0.00201892332437925,-5.46561927272649e-06,5.7699000644007e-06,1.39398687064585e-05,-9.72951167721448e-06,-0.00305626860356778,3.76797500560855e-05,-0.000397760287168758,-4.44845428884122e-05,-0.00171274306279567,2.12573003288696e-06,1.86310748429008e-06,-0.00154858902915933,1.29123543040066e-05,5.7699000644007e-06,-1.61173503041567e-05,-0.00214723663099381,1.39398687064585e-05,-8.51301664450688e-06,3.25162218128838e-05,-6.23458873860727e-06,1.79349334645806e-05,-8.0662135033549e-06,-1.22346449540345e-05
"8:126309873:G:A",2.52505238211853e-05,-5.34226267605575e-05,-0.00338954238250189,-0.00177551126787279,-0.000333230500351611,-5.34226267605575e-05,-0.00151682487743354,8.37217863516315e-05,-8.37772788484514e-05,8.12181102416432e-05,-0.000144425826203332,-1.12597240082835e-05,-0.000532641666542766,2.52505238211853e-05,-0.00103941876870461,-5.34226267605575e-05,-0.00189209829141923,-0.000155429497669779,-6.40619734237902e-06,-0.000215017374858739,-5.34226267605575e-05,-0.00771647012506449,2.52505238211853e-05,-3.53253793488051e-05,-3.00308239022939e-05,-0.00151682487743354,-9.3417073259161e-05,3.11121879308374e-05,-7.97983871265728e-05,-5.34226267605575e-05,-0.000168515268866187,-0.000144425826203332,-0.000487101416509539,-0.000172676441335895,-0.00137461606111167,-0.007278087634635,-0.000262608580001711,-0.000296332896389195,-6.40619734237902e-06,-9.6825481703533e-06,4.20576160529151e-05,4.93812499335888e-06,-0.000109731746358754,3.11121879308374e-05,-3.09869637371563e-05,8.72980533328516e-05,-0.007278087634635,-1.12597240082835e-05,-0.000769252668944453,-3.53253793488051e-05,4.93812499335888e-06,-0.00142592054269297,-0.00349315634945935,-0.00156399718348155,5.33927667119016e-05,-0.00522273259340844,-0.0024699419108698,-2.01074311618754e-05,-5.72128326661314e-05,-0.000163680956977608,-0.000243998957833114,-0.00918655538570867,-0.0055046010792732,-0.000121553701241339,0.000205394291518779,6.13468288523933e-06,-0.00234487408871153,-3.53253793488051e-05,0.000131570068495179,-4.60167472322581e-05,-0.00200216928148134,8.86176442067566e-05,0.00015675794197989,-0.00241401721827117,0.175123264753986,-0.000163680956977608,-4.60167472322581e-05,-0.00531061184946857,-0.00222439257071638,-0.0115005223032991,-0.000283749502559161,-0.00386681395711186,-0.00253210852516972,-3.53253793488051e-05,-0.00127307511614738,1.92093866848708e-05,-0.000402035287542901,5.61202861568688e-05,-0.000114339460973056,-0.0115746143877065,-0.0015123233233707,-0.00531061184946857,-0.000283749502559161,-3.53253793488051e-05,-9.1923111506631e-05,-0.00932689019032651,6.95766088254501e-05,-0.00130974732423006,-0.00397491188582544,-0.012422608633937,-0.00390737184707035,-1.91393650821325e-05,-0.0024699419108698,-0.00222439257071638,-8.37772788484514e-05,-3.53253793488051e-05,8.61880287308381e-05,-0.000331627999280215,-9.1923111506631e-05,4.49570661524845e-05,-0.00135219614916426,-0.00197507366285077,-0.000866539726645854,-0.00468733766092821,-0.00925778530137578
"8:126310874:C:T",2.71561104359108e-05,-5.60722090066079e-05,0.000259123906015901,9.42453644459107e-05,7.54520766008682e-05,-5.60722090066079e-05,-4.84160678535517e-05,-0.00305975035489059,-8.69327497001748e-05,8.9370006224776e-05,-0.000139308970537932,-1.39366219382708e-05,6.75401753724714e-06,2.71561104359108e-05,0.00014246709232868,-5.60722090066079e-05,-1.39366219382708e-05,-0.00307844048677453,-6.88406915116957e-06,0.0019463056415816,-5.60722090066079e-05,-0.00158251863420755,2.71561104359108e-05,0.000995350919183124,-3.61692595838292e-05,-0.000744018848021,-9.73850762155948e-05,3.36318596998453e-05,-8.29150479182417e-05,-5.60722090066079e-05,-0.000170077245169153,-0.000139308970537932,0.000298552289351051,-0.00306787231075845,0.00012375663450559,-0.00157965830501539,0.0012154623327465,-0.00220540858316198,-6.88406915116957e-06,-1.03889015949932e-05,4.53429661684268e-05,0.00187362548481484,5.8131728433608e-05,3.36318596998453e-05,-2.48451137734307e-05,-0.00020916687115502,-0.00157965830501539,-1.39366219382708e-05,0.000338288631113848,0.000995350919183124,0.00187362548481484,-0.000184267882533895,-5.60722090066079e-05,-5.22205772703899e-05,5.80849096598612e-05,0.000234324803237485,-1.39366219382708e-05,-0.000634798613578624,-5.99718420764006e-05,0.00286020843460566,-0.000199012797251541,-0.000124897839855365,0.000467842903983495,-0.00217739758578173,-0.00309060846001241,-0.000610113274264634,-0.00104610999683263,0.000995350919183124,0.000147814345875297,-4.84160678535517e-05,-0.000241105185085466,9.8015443436239e-05,-0.0031282137316504,2.38591575163483e-05,-0.000163680956977608,0.0338417237907507,-4.84160678535517e-05,-0.000311514336733154,4.85876520892603e-05,-0.00104375268164958,3.36318596998453e-05,-0.00257639907356211,-0.000943360731723075,0.000995350919183124,-0.000134674227848741,-0.00370795480751429,4.44347187302796e-05,6.11741109191044e-05,-0.000117432162703324,-0.00105240055349043,-0.000848119784394363,-0.000311514336733154,3.36318596998453e-05,0.000995350919183124,-9.51183465893735e-05,-0.00235326153743287,0.000131354378408943,-0.000278167729911516,-0.000979823220249365,-0.000419570469083475,6.81497058252489e-06,-0.000636996772117371,-1.39366219382708e-05,4.85876520892603e-05,-8.69327497001748e-05,0.000995350919183124,9.5168476258678e-05,-0.000280136419685384,-9.51183465893735e-05,4.85876520892603e-05,-0.000235819495637557,-0.00367827377863783,-0.000121663116568804,4.53429661684268e-05,-0.00241117114693878
"8:126310892:G:A",8.07742992314786e-06,-1.58317910168293e-05,7.33564814741072e-05,2.99745231213677e-05,2.38916553287893e-05,-1.58317910168293e-05,-1.37843575265251e-05,2.68520252788562e-05,-0.0017055709517324,2.61194881687743e-05,-3.93371677160914e-05,-3.66819194308476e-06,2.77593303632528e-06,8.07742992314786e-06,4.17068003466525e-05,-1.58317910168293e-05,-3.66819194308476e-06,-0.00155801502687858,-1.81071460403359e-06,-0.00368539348653396,-1.58317910168293e-05,-0.00637813486248806,8.07742992314786e-06,-1.08106461826907e-05,-9.53982515916607e-06,-0.00357591678364777,-2.69293599295395e-05,9.75585167406479e-06,-2.39908817487589e-05,-1.58317910168293e-05,-4.96988460998438e-05,-3.93371677160914e-05,-0.00120999987953496,-0.00153736721434417,3.58553596413458e-05,-0.00633712091499739,-4.02425884491464e-05,4.86377012700601e-05,-1.81071460403359e-06,-2.73349665125266e-06,-0.00438057883635246,-0.00361799105751892,1.95754074550081e-05,9.75585167406479e-06,-6.54608342820495e-06,-6.06114575392169e-05,-0.00633712091499739,-3.66819194308476e-06,-0.00216099999779118,-1.08106461826907e-05,-0.00361799105751892,-5.3651947453659e-05,-1.58317910168293e-05,-0.0014537291760135,1.70845784310814e-05,-0.00237282613216117,-3.66819194308476e-06,-1.24442142812597e-06,-1.68757574883216e-05,-4.84160678535517e-05,-0.00132545966913256,-3.43655111825214e-05,-0.012291646869441,0.000102464651105194,6.8824932059286e-05,-0.0040245225966693,-2.2127364538882e-05,-1.08106461826907e-05,4.30012159293724e-05,-1.37843575265251e-05,-7.05166270025259e-05,2.82894795091693e-05,5.16381796451526e-05,7.22210661852074e-06,-4.60167472322581e-05,-4.84160678535517e-05,0.116493832788027,-8.83789853647343e-05,1.46565699239432e-05,-0.0024270864011342,9.75585167406479e-06,-0.00247940212208153,-0.0127906721533195,-1.08106461826907e-05,-3.90195178852082e-05,6.35576771124136e-06,1.47827600187611e-05,1.78733884697024e-05,-3.428595459809e-05,-0.00241881248896547,-8.49804315414815e-05,-0.00311201191891808,9.75585167406479e-06,-1.08106461826907e-05,-0.00127181109974117,1.49300223846183e-05,3.9012502432989e-05,-8.19453942595416e-05,-0.0128828917518691,-0.00247207093676582,-0.00266820920877464,-0.00165166383470439,-0.00179066075665268,1.46565699239432e-05,-2.50790646072474e-05,-1.08106461826907e-05,2.75752979668198e-05,-0.00130069157357049,-0.00127181109974117,1.46565699239432e-05,-6.90210335667629e-05,1.03923276615348e-05,-3.54461511440363e-05,1.38260418767189e-05,1.95754074541199e-05
"8:126315917:C:T",-0.000143059431857218,-0.000103775821624907,-0.00318011791318362,-0.00570621251923598,-0.00162939213599955,0.000216892717451067,-8.83789853647343e-05,0.00015280275949614,-0.000159714357630847,-0.00150009558958075,-0.00336569081680871,-2.69062192934655e-05,-0.00190671988377922,-0.000143059431857218,0.000106054953405987,-0.00186867558190063,-0.00249146933483058,-0.000199873205309231,-0.00212314948916781,-0.00226389826187567,0.000216892717451067,-0.00590435208055684,4.54508141958243e-05,-6.62423226547304e-05,-0.00177694674066764,-0.00152002202298007,-0.00225399385322689,-0.00026594714299133,-0.000151446474155215,-0.00186867558190063,-0.00117690638891332,-0.00336569081680871,-0.00104984985504508,-0.000184009569832,-0.00129041821052756,-0.00646365973299634,-0.000262266874250017,-0.00672099752069188,-0.00212314948916781,-2.00093641682386e-05,-0.00192411360029876,-0.00230730927149736,-0.00167819507935629,-0.00026594714299133,-4.83176606387303e-05,-0.00303708447797657,-0.00646365973299634,-2.69062192934655e-05,-0.00521468044961271,-6.62423226547304e-05,-0.00230730927149736,-0.00333312671310626,-0.00281734355559315,-9.60114065042816e-05,-0.000136384005251955,-0.00521683745907131,-0.00480186253647297,-4.35902057782656e-05,-0.000164234631649052,-0.000311514336733154,-0.00167622615790286,-0.00392881912197574,-0.00826781030723689,-0.00341259330145949,-0.000560263458026178,-0.00220019815138883,-0.000497673129619791,-6.62423226547304e-05,-0.00232234484244476,-8.83789853647343e-05,-0.000713978985029229,-0.000847793790044626,0.000117647359519246,-0.00201892332437925,-0.00531061184946857,-0.000311514336733154,-8.83789853647343e-05,0.166860470683121,-0.000793358513350384,4.18803481583296e-06,5.75512576270754e-05,-0.000134482471909614,-0.000542357648642522,-6.62423226547304e-05,-0.000252703724454406,-0.00216739647266362,-0.000322594152615707,-0.0014791460435104,-0.000216076762628248,1.32035749862425e-05,-0.0047395783941111,-0.00292801741311521,5.75512576270754e-05,-6.62423226547304e-05,-0.00145355248438328,-0.000594933715482249,-0.000934933914760627,0.0001594567268004,-0.000971211226192814,-3.25759652497482e-06,-0.0035131679088396,-0.000914518762858307,-2.69062192934655e-05,-0.000793358513350384,-0.000159714357630847,-6.62423226547304e-05,-0.00117736570809956,-0.00621865628769847,-0.00145355248438328,-7.52934310552789e-05,0.000309935853860743,3.14079621031027e-05,-0.000224997608922806,2.70083895816953e-05,-0.000149462128699263
"8:126316085:A:G",-9.40532796178672e-06,1.66307731364057e-05,-9.70791715975139e-05,-0.00157557594758551,-0.00016220324518379,1.66307731364057e-05,1.46565699239432e-05,-3.21812803498744e-05,2.62607718592989e-05,-3.13693215634459e-05,-0.00198115516171438,3.70528725834873e-06,-3.92085410805265e-06,-9.40532796178672e-06,-5.22663908499865e-05,-0.00216566822967756,3.70528725834873e-06,-0.00493502288691339,1.83548645527054e-06,6.0673054683491e-05,1.66307731364057e-05,-0.00422236256890685,-9.40532796178672e-06,1.17616158847866e-05,9.52984933366707e-06,1.46565699239432e-05,-0.00188829983101613,-1.11647665104186e-05,2.52474957518345e-05,-0.00216566822967756,4.96778290628441e-05,-0.00198115516171438,-0.000344308307035135,-0.00484464585667777,-4.38212311912878e-05,-0.00439285498140851,4.07751497872866e-05,-5.35862984092361e-05,1.83548645527054e-06,2.76604118898405e-06,-1.6675046382808e-05,6.11602870508321e-05,-0.000187471574835563,-1.11647665104186e-05,6.57633237732824e-06,5.87359031447576e-05,-0.00439285498140851,3.70528725834873e-06,1.87330558727439e-05,1.17616158847866e-05,6.11602870508321e-05,5.30035055543721e-05,1.66307731364057e-05,1.56391736005901e-05,-0.00124803501640613,-0.000266498358650225,3.70528725834873e-06,-0.00251411469511531,1.76314827617929e-05,4.85876520892603e-05,5.64139191245872e-05,-0.00237741837783023,-5.32137270639055e-05,-0.00237380834209411,0.000158208489636991,-0.00170967753925577,-0.00244331352159666,1.17616158847866e-05,-5.37634402872911e-05,1.46565699239432e-05,-0.00243698044122187,-3.37811134523136e-05,-6.58730571556632e-05,-0.00154858902915933,-0.00222439257071638,4.85876520892603e-05,1.46565699239432e-05,-0.000793358513350384,0.0704493399706481,-0.00152951191124995,-1.11647665104186e-05,-5.91259454729709e-05,-0.000105284938085148,1.17616158847866e-05,3.96985523414273e-05,-7.6121570797838e-06,-9.14144724148969e-05,-2.10102682665081e-05,3.54837585296863e-05,-0.0015225505197165,7.83190368363051e-05,-0.000793358513350384,-1.11647665104186e-05,1.17616158847866e-05,2.83144501054267e-05,-0.00261187883747382,-0.00146942048498477,-0.0001774539323387,-0.000151575765957368,-0.00156329868919247,-5.52127396176161e-05,-0.00178899011511202,3.70528725834873e-06,0.000208553968317204,2.62607718592989e-05,1.17616158847866e-05,-3.29851721811991e-05,7.58045967863552e-05,2.83144501054267e-05,-0.00145921322251219,-0.000140376356548622,-1.30486353002723e-05,3.65239225184055e-05,-1.6675046382808e-05,-0.0026480608120929
"8:126318173:T:G",-0.00150214434870932,-0.00725068739035173,-0.00347382836431542,-0.00123713362587541,0.000104212952522609,2.32783257061442e-05,-0.00372058508000439,-0.0001708410326966,-0.00277786383173595,-0.00179201752521596,0.000143894553503721,-0.00192682861347482,-3.13456881260166e-05,-0.00150214434870932,-0.000121619746989765,7.94749949459828e-05,1.49376579186011e-05,-0.0041786872172902,7.3915880474118e-06,-0.00279828744966082,2.32783257061442e-05,-0.0035736724377835,-0.00343713739732543,5.94136706419945e-05,-0.000795069694476069,-0.000260071224768232,9.16484232433845e-05,-5.76617671175228e-05,-0.00334806782307151,7.94749949459828e-05,-0.00279756516040219,0.000143894553503721,0.000188379553791584,-0.00447192828593002,-0.00386370047167173,-0.00396829389214348,4.17060838815431e-05,-0.0014899699563049,7.3915880474118e-06,-0.00590668933459693,-0.00156233053313404,-0.00255605762933353,-0.000172808121705614,-5.76617671175228e-05,-0.00227818108526634,-0.00156090159796207,-0.00396829389214348,-0.00192682861347482,-0.00667027311765178,5.94136706419945e-05,-0.00255605762933353,-0.000131597836109165,-0.00171199696278546,-0.00222543554500731,-0.00207934173648638,-0.00624418995485021,-0.00238342503145539,-0.000585690397143068,-0.00199651527913858,-0.00104375268164958,-0.00361199915063182,-0.0123519011933038,-0.000600048700023059,-0.00354726660103655,-0.000608480946396206,-0.000677761749743766,-6.03861549119955e-05,5.94136706419945e-05,-0.000292142831749942,-0.00444927717000265,-6.53881332635109e-06,-0.000176684547744443,-0.000456772059497901,-4.72450986492845e-05,-0.0115005223032991,-0.00104375268164958,-0.0024270864011342,4.18803481583296e-06,-0.00152951191124995,0.188555447170845,-5.76617671175228e-05,-0.000711276689475682,-0.00111374060710645,5.94136706419945e-05,-0.00013922226644425,-0.000117068734758696,-0.0072844467176294,-0.00116738510858294,-0.00201170065222289,0.00206052317795447,-0.00418521665825899,4.18803481583296e-06,-5.76617671175228e-05,5.94136706419945e-05,-0.00231193628111992,-9.53755715649152e-05,-0.00663322936851163,0.000105267100443562,-0.000968500664256133,-0.000205636919708319,-0.00336271437184177,-0.00018013331257194,-0.00192682861347482,-0.00152951191124995,-0.00277786383173595,5.94136706419945e-05,0.000327814779351066,-5.91601432491373e-05,-0.00231193628111992,-9.7965969211522e-05,8.06789132745678e-06,-4.08940972969063e-05,-0.00108305694848276,-9.10874805475359e-05,-0.000297169639666528
"8:126321986:T:A",-6.04854356645035e-06,1.1109647894969e-05,-5.77723016919052e-05,7.25991648575786e-05,4.86080229942232e-05,1.1109647894969e-05,9.75585167406479e-06,-2.02658133652278e-05,1.7691803494202e-05,-1.97551825218412e-05,2.688185736055e-05,2.47033254652251e-06,-2.45053097280845e-06,-6.04854356645035e-06,-3.22070921523476e-05,1.1109647894969e-05,2.47033254652251e-06,3.91855585535339e-05,1.22150336778759e-06,0.000147439271271921,1.1109647894969e-05,-7.64695111934444e-05,-6.04854356645035e-06,7.78077916763209e-06,6.3902641498359e-06,9.75585167406479e-06,1.83634486079498e-05,-7.19518179792544e-06,1.69811899768391e-05,1.1109647894969e-05,3.44421869211686e-05,2.688185736055e-05,-6.64521152220487e-05,5.01274226039072e-05,-2.72893687869313e-05,-0.000146158228119475,2.79694569185196e-05,7.66629130133367e-06,1.22150336778759e-06,1.84244523282473e-06,-1.05953242170997e-05,0.000137631098469093,1.90282603043102e-05,-7.19518179792544e-06,4.39685253894595e-06,4.12684962158849e-05,-0.000146158228119475,2.47033254652251e-06,-7.85071443099028e-05,7.78077916763209e-06,0.000137631098469093,3.6928811206316e-05,1.1109647894969e-05,1.04289585758366e-05,-1.28347736954026e-05,0.000153320838929716,-0.00031009029773621,-1.19647043739235e-06,1.17980485025981e-05,3.36318596998453e-05,3.95023018464613e-05,-0.000144415646863294,0.000118532109644853,2.39787994225082e-05,-5.45185080023103e-05,-3.87122458800349e-06,1.39896540352069e-05,7.78077916763209e-06,-3.3121544883663e-05,9.75585167406479e-06,4.78421805336637e-05,-2.12700145123534e-05,-4.01318248313132e-05,-5.46561927272649e-06,-0.000283749502559161,3.36318596998453e-05,9.75585167406479e-06,5.75512576270754e-05,-1.11647665104186e-05,-5.76617671175228e-05,-0.0017248114388595,0.00014063170822709,-0.000131230778652736,7.78077916763209e-06,2.71877142008492e-05,-4.87614766786493e-06,-1.19467893080483e-05,-1.33790257148547e-05,2.41471140718374e-05,-5.80229653301956e-05,5.66069566803051e-05,5.75512576270754e-05,0.00182032951166811,7.78077916763209e-06,1.91370806783553e-05,-1.28619041142031e-05,-3.0311720178311e-05,5.52397602602284e-05,-0.000174076857825334,-5.45825235427344e-05,-5.49206103439559e-06,2.75126142490478e-06,2.47033254652251e-06,-1.11647665104186e-05,1.7691803494202e-05,7.78077916763209e-06,-2.0770725516428e-05,5.4576338698098e-05,1.91370806783553e-05,-1.11647665104186e-05,4.69247768046799e-05,-8.25068879617419e-06,2.48945964180791e-05,-1.05953242170997e-05,-1.60127144956945e-05
"8:126326234:G:A",-3.0671421971995e-05,-0.00434512504525575,-0.00104191831499278,-0.00417307535469202,-0.00112345157236327,-4.83076433965834e-06,-0.00357287102731618,-0.00112786788684449,-0.00285547168828604,-0.000398529551738136,7.29836238484438e-05,-0.00101502631530792,-0.000998304495082536,-3.0671421971995e-05,-0.00370077570576299,4.89770425327052e-05,-0.00235628321672632,-0.00199914212242058,5.0927535051315e-06,-0.0051851788201045,-4.83076433965834e-06,-0.00408819790735571,-0.00338606766508054,-0.000191934013490602,-0.00193445145721594,4.36560340171255e-05,4.82008838975645e-05,-3.56299411690131e-05,-0.00140557353058668,4.89770425327052e-05,-0.00243147292526036,7.29836238484438e-05,-0.00278992130977151,-0.00222640570968302,8.80542592440747e-06,-0.00427376902251853,-0.0011283773904518,-0.0117037568094762,5.0927535051315e-06,-0.00244026437373268,-0.00154877923254215,-0.00419812192214764,-0.000414821025328749,-3.56299411690131e-05,-0.000438835240831992,-0.000182367780028336,-0.00427376902251853,-0.00101502631530792,-0.000450756156018528,-0.000191934013490602,-0.00419812192214764,-0.00161969995002842,-0.00197941500685772,-0.00436538012943988,-0.00340083876589325,-0.00522352794603975,-0.00195588791883416,-0.000127265036704571,-0.000741365804871386,-0.00257639907356211,-7.10596286079834e-06,-0.00316405221215454,-0.00431862259326543,-0.000115833247934738,-0.000220311896463876,-8.74160137405156e-05,-0.000889346292731297,-0.000191934013490602,-0.0013524577706745,-0.00191324482873334,-0.000113091153576939,-0.000111985308555163,-0.0001883940657601,-0.000135794672058154,-0.00386681395711186,-0.00257639907356211,-0.00247940212208153,-0.000134482471909614,-5.91259454729709e-05,-0.000711276689475682,0.00014063170822709,0.162074684636238,-4.75418604706235e-05,-0.000191934013490602,-0.000382472615803486,-9.70182696446997e-05,-0.000566214386784836,-0.00399547945984047,-0.000805902636816569,-0.00286308013132697,-0.00152355061351006,0.000118199242995054,0.00014063170822709,-0.000191934013490602,-0.000326617567676379,-0.000182471454008848,-0.000287722827744474,-0.00130662988118591,9.87743647926642e-05,-0.00154371810237475,-6.2420206361935e-05,-0.000790050664916997,-0.00450847071211857,-5.91259454729709e-05,-0.000190320044629821,-0.000191934013490602,-0.000971967843724109,-0.00225095036460665,-0.000326617567676379,-0.00151489922519144,-0.00141938470344272,-2.95056943322436e-05,-0.00112592941789291,-0.00154877923254215,-5.01673328372476e-05
"8:126326446:G:A",-9.83988380918177e-05,-0.00771373507100304,-0.00207787703480733,-0.00184029142366526,-0.000572707370086967,-0.00193914624947933,-0.000193323327581929,7.00389444929783e-05,-0.00674378424761546,-0.00118680040087948,-0.00384900527848098,-0.00243782287606109,-0.00278174675551224,-9.83988380918177e-05,-0.000130256334468282,-0.00174379111558487,-0.00448924318878685,-0.0020246884158035,-0.00825979587217773,-0.00290131141008398,-0.00193914624947933,-0.0065577395739056,-0.00447783958666825,-0.000124127522005857,-0.000654644962113426,-0.00165019936174549,-0.00323960645640309,-0.000131230778652736,-0.00586161858867129,-0.00174379111558487,-0.000528493465341562,-0.00384900527848098,-0.00878500213680766,-0.00204741764052097,-0.000602153232593494,-0.00655938688211011,-0.000787593345888737,-0.0129355757904066,-0.00825979587217773,-0.00589447514908503,-0.00207652457350793,-0.00218773667951355,-0.000328326082927877,-0.000131230778652736,-6.38826591421449e-05,-0.00143588742148282,-0.00655938688211011,-0.00243782287606109,-0.0070205784682793,-0.000124127522005857,-0.00218773667951355,-0.000136867350331915,-0.00568975777539826,-0.00198820568918823,-0.00663539983662886,-0.00207904957714566,-0.00660071394477413,-0.00139601599827088,-0.000249011144732414,-0.000943360731723075,-0.00208464463412783,-0.00105241723817029,-0.00408318805232399,-0.00150529157528023,-0.00424126970390581,-0.00257187270755566,-0.000706063192317696,-0.000124127522005857,-0.000725239463543303,-0.00776047307502203,-0.00292661705174524,-0.00181315302920027,-0.00387711425153014,-0.000422706373285564,-0.00253210852516972,-0.000943360731723075,-0.0127906721533195,-0.000542357648642522,-0.000105284938085148,-0.00111374060710645,-0.000131230778652736,-4.75418604706235e-05,0.280789248282712,-0.000124127522005857,-0.00032762379769391,-0.000482700404201175,-0.00168420061943753,-2.32399702371211e-05,-0.00350255333828819,-0.00198814939101544,-0.00163221554179804,-0.000478826653060871,-0.000131230778652736,-0.000124127522005857,-3.16196527654355e-05,-0.00214789528882831,-0.00328715719509587,-0.00187609605640482,-0.00505827471202736,-0.000797632434505591,-0.000134190476193563,-0.000440422587423495,-0.01486832397371,-0.00010528493808426,-0.00210533941504654,-0.000124127522005857,-7.27531023070327e-06,-0.00114563737957685,-3.16196527654355e-05,-6.18780650061268e-05,-0.00131048829362834,-0.000624498856511391,-0.00432978760261804,-7.14312620955226e-05,-0.00171824619280558
"8:126327174:A:C",6.44794018178629e-06,-1.23904191751123e-05,6.10738888182638e-05,2.43761741414161e-05,1.93499737610736e-05,-1.23904191751123e-05,-1.08106461826907e-05,2.16644779129638e-05,-1.95545265011532e-05,2.10697272287064e-05,-3.03362707203547e-05,-2.87469436344168e-06,2.25792706753936e-06,6.44794018178629e-06,3.40042905282445e-05,-1.23904191751123e-05,-2.87469436344168e-06,-4.80677863912149e-05,-1.42075762887828e-06,0.000499824747159927,-1.23904191751123e-05,-3.14364194418104e-05,6.44794018178629e-06,0.00205388993281996,-7.44762585647152e-06,-1.08106461826907e-05,-2.08834882187148e-05,7.78077916763209e-06,-1.87240526248189e-05,-1.23904191751123e-05,-3.82299555399257e-05,-3.03362707203547e-05,7.02107751369141e-05,-6.03388186828369e-05,2.90971600129808e-05,-5.13374083510598e-05,0.000565139126880609,-1.12202210207357e-05,-1.42075762887828e-06,-2.14350637772753e-06,1.10980885885681e-05,0.000470567568186198,1.58755854338111e-05,7.78077916763209e-06,-5.12039849809298e-06,-4.62835195191857e-05,-5.13374083510598e-05,-2.87469436344168e-06,8.15037779799965e-05,0.00205388993281996,0.000470567568186198,-4.11586496937844e-05,-1.23904191751123e-05,-1.15959004727273e-05,1.37058518845379e-05,0.000267313192611418,-2.87469436344168e-06,-7.07958265344644e-07,-1.31943672529999e-05,0.000995350919183124,-4.41956621735073e-05,-2.6510442737937e-05,-0.000139157345996566,-2.74913132498611e-05,5.71557769095676e-05,3.24070699342371e-06,-1.70375926824562e-05,0.00205388993281996,3.50773622130873e-05,-1.08106461826907e-05,-5.35980392522006e-05,2.28334189147361e-05,4.2369213972826e-05,5.7699000644007e-06,-3.53253793488051e-05,0.000995350919183124,-1.08106461826907e-05,-6.62423226547304e-05,1.17616158847866e-05,5.94136706419945e-05,7.78077916763209e-06,-0.000191934013490602,-0.000124127522005857,-0.0135198520779998,-3.01793220174318e-05,5.08393166676058e-06,1.19454565394861e-05,1.43389289801732e-05,-2.66150414232058e-05,5.98588358835528e-05,-6.40265094515868e-05,-6.62423226547304e-05,7.78077916763209e-06,0.00205388993281996,-2.12450007737175e-05,1.21604436360556e-05,3.17777049483325e-05,-6.19379179394031e-05,-0.000126993987592527,5.56133255207314e-05,4.3608485107427e-06,-3.82054054348657e-06,-2.87469436344168e-06,1.17616158847866e-05,-1.95545265011532e-05,0.00205388993281996,2.22523354205251e-05,-6.16040423242481e-05,-2.12450007737175e-05,1.17616158847866e-05,-5.25106456290558e-05,8.36296320194663e-06,-2.74904783212904e-05,1.10980885885681e-05,1.58755854320347e-05
"8:126328599:T:C",2.2108062739612e-05,-0.00348739278337007,-0.00173821726253021,7.81747956057899e-05,-0.000398169077866051,-4.51020168306115e-05,-0.00110752355305177,7.4579933646568e-05,-7.03675302933249e-05,7.23180239035059e-05,-0.000112314649421741,-1.0998602203216e-05,6.07857174372839e-06,2.2108062739612e-05,-0.00238083247729737,-4.51020168306115e-05,-1.0998602203216e-05,-0.00271255897402778,-5.43056676338693e-06,-0.00138262085039909,-4.51020168306115e-05,-0.00455795816610394,-0.00268749064943652,-3.01793220174318e-05,-2.85814542655416e-05,-3.90195178852082e-05,-7.80145488219475e-05,2.71877142008492e-05,-6.71598430441733e-05,-4.51020168306115e-05,-0.000638645292649898,-0.000112314649421741,0.000237735637649727,-0.00268259372917523,-0.00213027204088956,-0.00439227585632107,-0.000112834541725171,-0.00521619418477925,-5.43056676338693e-06,-0.00328684228379394,-0.00174548405273622,-0.00137588846142478,-0.000234426726036574,2.71877142008492e-05,-1.9619981247665e-05,-0.000170026821890268,-0.00439227585632107,-1.0998602203216e-05,-0.000958785134545614,-3.01793220174318e-05,-0.00137588846142478,-0.000993431786640464,-4.51020168306115e-05,-4.20413848232215e-05,4.71137141913047e-05,-0.00167608670999631,-1.0998602203216e-05,-1.1876936430788e-05,-4.82021599736981e-05,-0.000134674227848741,-0.00016179831163754,-0.00138303370661852,-0.00126378474931066,-0.00138410505833253,-0.00241958241065188,6.95861867061609e-06,-0.00140119939152061,-3.01793220174318e-05,-0.00527641393694722,-3.90195178852082e-05,-0.000196589073189202,-0.00626297685128296,-0.00359696400674459,1.95203723549753e-05,-0.00127307511614738,-0.000134674227848741,-3.90195178852082e-05,-0.000252703724454406,3.96985523414273e-05,-0.00013922226644425,2.71877142008492e-05,-0.000382472615803486,-0.00032762379769391,-3.01793220174318e-05,0.0946968083538424,1.68999694221128e-05,-0.0014447933191466,4.95237984603492e-05,-9.54167048945465e-05,-0.000150978069667573,-0.00023812010961155,-0.000252703724454406,2.71877142008492e-05,-3.01793220174318e-05,-7.69072598281184e-05,3.46224817686647e-05,-0.00163408657546071,-0.000227413352835271,-0.000291127453212248,-0.00522495694521119,7.95855601509743e-06,-1.73393396885047e-05,-1.0998602203216e-05,3.96985523414273e-05,-7.03675302933249e-05,-3.01793220174318e-05,7.68136754674131e-05,-0.000228428857901086,-7.69072598281184e-05,3.96985523414273e-05,-0.000192286892137794,-0.00645715717052919,-9.88113202815555e-05,3.71632216884521e-05,4.90705803537494e-05
"8:126330986:T:C",-4.07845553240804e-06,7.22006821263221e-06,-4.38837545884141e-05,-0.0059957947414242,-1.31260328002369e-05,7.22006821263221e-06,6.35576771124136e-06,-0.00116616463524011,1.12795477162919e-05,-1.37794909722544e-05,-0.00214678382979461,1.65363661164264e-06,-0.0018058617273482,-4.07845553240804e-06,-0.00313818511753361,7.22006821263221e-06,1.65363661164264e-06,-0.00440616362721524,8.20164051340555e-07,-0.00246190239326971,7.22006821263221e-06,-0.000144274096763652,-4.07845553240804e-06,5.08393166676058e-06,-0.00196440251014707,6.35576771124136e-06,-0.0020470094747429,-4.87614766786493e-06,1.08426654872318e-05,7.22006821263221e-06,-0.0015717492745928,-0.00214678382979461,-0.000427333849772005,-0.00447717150472826,-1.93782380764063e-05,-0.000149427308103078,-0.00267278019029149,-0.00243904979229548,8.20164051340555e-07,1.23522016881594e-06,-7.20770652407055e-06,-0.00241457585897287,-1.09593000807706e-05,-4.87614766786493e-06,2.92938334567339e-06,-0.00240486028095521,-0.000149427308103078,1.65363661164264e-06,-0.00139919798389787,5.08393166676058e-06,-0.00241457585897287,2.23442760880488e-05,7.22006821263221e-06,6.78625804262367e-06,-8.80425685600983e-06,-0.000650775751902977,1.65363661164264e-06,-6.03641170826563e-07,7.65722661366652e-06,-0.00370795480751429,2.37406307777022e-05,1.46353414978151e-05,-0.000391405466328543,1.51298140025347e-05,-0.00136642374752238,-5.53533252931615e-05,-0.00242159483492266,5.08393166676058e-06,-2.38219562218589e-05,6.35576771124136e-06,2.80566722166142e-05,-1.49031897143104e-05,-0.00133331275471793,-3.67455191074839e-06,1.92093866848708e-05,-0.00370795480751429,6.35576771124136e-06,-0.00216739647266362,-7.6121570797838e-06,-0.000117068734758696,-4.87614766786493e-06,-9.70182696446997e-05,-0.000482700404201175,5.08393166676058e-06,1.68999694221128e-05,0.0864039622512704,-8.10190037014991e-06,-9.19467847904087e-06,1.51177623033405e-05,-0.000119230764708433,3.23783406104283e-05,-0.00216739647266362,-4.87614766786493e-06,5.08393166676058e-06,1.21628615339375e-05,-0.00256623288315705,-2.16326728637029e-05,3.16750884419292e-05,-0.0019716660339375,-0.000215206894311315,-0.00257321667890764,-0.000153573781900285,1.65363661164264e-06,-7.6121570797838e-06,-0.00183506470195649,5.08393166676058e-06,-0.000978491308852192,-0.00236877116432943,1.21628615339375e-05,-7.6121570797838e-06,2.75886024683203e-05,-0.00171408196558964,1.55588045096522e-05,-0.00288149080781963,-0.00260000271780481
"8:126331647:A:G",-1.00365804209801e-05,1.66944955726223e-05,-0.000828147548689095,-0.000313541544691986,-0.0023204427430592,1.66944955726223e-05,1.47827600187611e-05,-3.59264857161534e-05,-0.00306854485907682,-0.00134772084695189,3.69761033134353e-05,3.8310198648972e-06,-4.15880658799495e-06,-1.00365804209801e-05,-0.00286291939615779,-0.00103998937929362,-0.00488423518580117,-0.00312421537059482,-0.00249150078091631,-0.00299340805923887,1.66944955726223e-05,-0.000145911597978721,-1.00365804209801e-05,1.19454565394861e-05,9.73199631815191e-06,1.47827600187611e-05,2.64725209930816e-05,-1.19467893080483e-05,2.47701053393001e-05,-0.00103998937929362,-0.00119544968772445,3.69761033134353e-05,-0.00055064627720558,-0.00301830852552154,-0.000455226530217345,-0.000144072619510549,3.82593857430891e-05,-0.00181493057418525,-0.00249150078091631,2.86545315653086e-06,-0.00358122451465714,-0.00307075442358862,-4.37032123565828e-05,-1.19467893080483e-05,-0.00203357045291863,-0.00242117372411244,-0.000144072619510549,3.8310198648972e-06,-0.0018082048935355,1.19454565394861e-05,-0.00307075442358862,-0.00153683853178865,1.66944955726223e-05,-3.21567256245103e-05,-0.00143162148449871,-0.00416037908648592,3.8310198648972e-06,-0.00707544802470661,1.76562299980532e-05,4.44347187302796e-05,5.02590378044232e-05,2.73172481488615e-05,-0.00276334149269664,-0.000297304870246151,-0.000121938175468905,-0.00215193945586467,-0.00386540731658602,1.19454565394861e-05,-0.00185080234461044,1.47827600187611e-05,-0.00143633447590918,-3.77968790719052e-05,-0.00141681962559304,-0.00278428986884727,-0.000402035287542901,4.44347187302796e-05,1.47827600187611e-05,-0.000322594152615707,-9.14144724148969e-05,-0.0072844467176294,-1.19467893080483e-05,-0.000566214386784836,-0.00168420061943753,1.19454565394861e-05,-0.0014447933191466,-8.10190037014991e-06,0.11562148698822,-2.29544333407716e-05,3.38095028853402e-05,-0.00725997814179991,-0.000187791399505421,-0.000322594152614819,-1.19467893080483e-05,1.19454565394861e-05,-6.93278649031015e-05,-0.00225690379111931,0.000685074065206237,-0.000131688134141328,-0.00173511535271054,-0.00230237367111741,-7.97932079601438e-05,-6.79326657149204e-08,3.8310198648972e-06,-9.14144724140087e-05,2.56963921012598e-05,1.19454565394861e-05,-0.00103829476831763,6.25336014845601e-05,-6.93278649031015e-05,0.000192261514562198,-9.03538012551053e-05,-0.00236077586194128,3.46977187533071e-05,-0.00167809154573906,-0.00234341149338224
"8:126332735:G:A",-0.00237193499383359,2.02930042840777e-05,-0.000110008559484953,-0.000572300885435695,-0.0012261116371981,2.02930042840777e-05,1.78733884697024e-05,-3.80097943519786e-05,3.23716817813846e-05,-3.70833018958905e-05,-0.00159436125758194,4.44042057878846e-06,-4.82537311263798e-06,-0.00237193499383359,-6.09428612197149e-05,2.02930042840777e-05,-0.00376128413628152,-0.00142536369206336,2.19665372735989e-06,0.000253174682377733,2.02930042840777e-05,9.37119087218719e-06,-1.13092328284381e-05,1.43389289801732e-05,1.14699828470677e-05,1.78733884697024e-05,-0.00150508584152487,-1.33790257148547e-05,3.11071634646609e-05,2.02930042840777e-05,6.25987932254546e-05,-0.00159436125758194,-0.000126838535552842,-0.00144375503654448,-5.13429855102387e-05,2.42169642810097e-05,5.09046629622034e-05,-0.0036338258106543,2.19665372735989e-06,3.31255421670562e-06,-0.00409288221250037,0.00023749629789549,-0.00125312344415818,-1.33790257148547e-05,7.89776159049183e-06,7.45624397966438e-05,2.42169642810097e-05,4.44042057878846e-06,-0.000968045631982939,1.43389289801732e-05,0.00023749629789549,-0.0030691666408762,2.02930042840777e-05,1.90767308261286e-05,-2.40307567445086e-05,-0.000374205331071131,4.44042057878846e-06,-3.62273913978584e-06,2.15224172119832e-05,6.11741109191044e-05,-0.00180939041366468,4.1696815085146e-05,-0.0055217986863294,4.31688462594337e-05,-0.000747908586404833,-0.000517636636724106,2.45879126890003e-05,1.43389289801732e-05,-6.26047299130406e-05,1.78733884697024e-05,8.62933288994228e-05,-3.98327263448905e-05,-0.000751380436902593,-1.02576407519095e-05,5.61202861568688e-05,6.11741109191044e-05,1.78733884697024e-05,-0.0014791460435104,-2.10102682665081e-05,-0.00116738510858294,-1.33790257148547e-05,-0.00399547945984047,-2.32399702371211e-05,1.43389289801732e-05,4.95237984603492e-05,-9.19467847904087e-06,-2.29544333407716e-05,0.0563540955211703,4.41446296424175e-05,-0.00116047451175039,0.000101473882944347,-0.0014791460435104,-1.33790257148547e-05,1.43389289801732e-05,3.49413505285057e-05,-2.52355985148611e-05,-5.75012060917146e-05,9.93657964212247e-05,4.46599311842988e-06,-0.00120072288996376,-0.00124413846374338,-0.0036073537317387,4.44042057878846e-06,-2.10102682665081e-05,3.23716817813846e-05,1.43389289801732e-05,-3.89262148576819e-05,-0.00178128425022717,3.49413505285057e-05,-2.10102682665081e-05,8.46977018760242e-05,-1.57479406226457e-05,4.54682296977538e-05,-1.99811247156845e-05,-3.09166984724385e-05
"8:126333632:T:C",1.96856973246895e-05,-0.00140129017960966,0.000187698762903921,7.06219506705352e-05,5.63475445511941e-05,-3.95541241795527e-05,-3.428595459809e-05,6.66508036379909e-05,-6.17052639553251e-05,6.46446026157932e-05,-9.7659888848689e-05,-9.59961935098619e-06,5.6467134585958e-06,1.96856973246895e-05,0.000103565436074149,-3.95541241795527e-05,-9.59961935098619e-06,-0.00742458524262801,-4.74322883015077e-06,-0.000559265624723082,-3.95541241795527e-05,-0.00314406394993849,-0.00507124491160038,-2.66150414232058e-05,-2.48897350951793e-05,-3.428595459809e-05,-6.7923766605027e-05,2.41471140718374e-05,-5.89409897067128e-05,-3.95541241795527e-05,-0.000120599481260086,-9.7659888848689e-05,0.000216173843403666,-0.00750071265336771,-0.00189383475427363,-0.0031145246664197,-9.84706197693086e-05,-4.49601592942273e-05,-4.74322883015077e-06,-0.00198065459386676,3.32526949335943e-05,-0.000562161454237042,4.45157217283665e-05,2.41471140718374e-05,-1.71053980277946e-05,-0.00014739800574759,-0.0031145246664197,-9.59961935098619e-06,-0.00531423100648976,-2.66150414232058e-05,-0.000562161454237042,-0.000130337225261457,-0.000462370341962171,-3.69042470067527e-05,4.2017981439102e-05,-0.00342771391665053,-9.59961935098619e-06,-0.00706564577652369,-4.22361607306243e-05,-0.000117432162703324,-0.000140444287999308,-8.67634609855727e-05,-0.00355547185221816,-9.00510970858193e-05,0.000173923597921899,6.79146801996211e-06,-0.00716662597907369,-2.66150414232058e-05,0.000107228790567682,-3.428595459809e-05,-0.000170150257099877,7.05925188517753e-05,0.000129353882797112,1.74152814880202e-05,-0.000114339460973056,-0.000117432162703324,-3.428595459809e-05,-0.000216076762628248,3.54837585296863e-05,-0.00201170065222289,2.41471140718374e-05,-0.000805902636816569,-0.00350255333828819,-2.66150414232058e-05,-9.54167048945465e-05,1.51177623033405e-05,3.38095028853402e-05,4.41446296424175e-05,0.0907667807493455,-0.000773930403446421,-0.000419688145377073,-0.000216076762628248,2.41471140718374e-05,-2.66150414232058e-05,-6.73343776407265e-05,-0.00695674609554686,9.59588203794937e-05,-0.000196364155269357,-0.00351210891884524,-0.000722479703625822,8.09584983318956e-06,-1.4756705726704e-05,-9.59961935098619e-06,3.54837585296863e-05,-6.17052639553251e-05,-2.66150414232058e-05,6.86333032513531e-05,-0.000196824227713499,-6.73343776407265e-05,3.54837585296863e-05,-0.000166532201189007,2.40502875197279e-05,-8.6474325406094e-05,3.32526949335943e-05,-0.00692166870080957
"8:126335310:T:C",-0.00149486242382313,-0.00440980426638138,-0.00348520614703229,-0.00125394679433022,0.000113973445913018,2.19819767881546e-05,-0.0037234710440277,-0.000171722156466103,-0.00276897807580667,-0.00179897083397496,0.000143515577117448,-0.00191906466394176,-0.000410888784990071,-0.00149486242382313,-0.00011680702931649,8.00407527155045e-05,1.50070273159386e-05,-0.00522633933088512,7.42554236143889e-06,-0.00377083254919874,2.19819767881546e-05,-0.00359042895409711,-5.10915175215843e-05,5.98588358835528e-05,-0.000181708569976458,-0.000263453190662233,9.06304093248878e-05,-5.80229653301956e-05,-0.00337064875019255,8.00407527155045e-05,-0.00281908976280043,0.000143515577117448,0.000216397207214669,-0.00605238952177256,-0.00387519171679607,-0.0040455684863403,4.16317499354335e-05,-0.00148797470945539,7.42554236143889e-06,-0.00247906705554524,-0.00155535574254984,-0.00348594808866576,-0.000177279540831243,-5.80229653301956e-05,-0.00228879404071947,-0.00158488054911388,-0.0040455684863403,-0.00191906466394176,-0.00589660534822567,5.98588358835528e-05,-0.00348594808866576,-0.000142637856706429,-0.000393107221960953,-0.00221712980774136,-0.00206044629250091,-0.00585233197080104,-0.00239407648731849,-0.00057400119071005,-0.00200673532528839,-0.00105240055349043,-0.00363331307763382,-0.012426211220756,-0.00295947209973235,-0.00353109118907202,-0.000597057786073663,-0.000665942107479722,-6.88182963530792e-05,5.98588358835528e-05,-0.000293304960419682,-0.00447222942517556,-1.66756531498891e-05,-0.000177574616806453,-0.000445192598339972,-4.75701780970894e-05,-0.0115746143877065,-0.00105240055349043,-0.00241881248896547,1.32035749862425e-05,-0.0015225505197165,0.00206052317795447,-5.80229653301956e-05,-0.00286308013132697,-0.00198814939101544,5.98588358835528e-05,-0.000150978069667573,-0.000119230764708433,-0.00725997814179991,-0.00116047451175039,-0.000773930403446421,0.194454668073244,-0.00782353145597003,1.32035749862425e-05,-5.80229653301956e-05,5.98588358835528e-05,-0.00230296820414555,-9.35167963964645e-05,-0.00660984688046184,9.59168132270705e-05,-0.00332013723341573,-0.00258056850109245,-0.00334897576875459,-0.000175567139370614,-0.00191906466394176,-0.0015225505197165,-0.00276897807580667,5.98588358835528e-05,0.000345490019211248,-6.8851910740797e-05,-0.00230296820414555,-9.85774788917482e-05,-2.12691678402877e-06,-3.68449708947338e-05,-0.00109235738329971,-0.000108627289163721,-0.000304241944853345
"8:126335896:A:G",4.46625095085196e-05,-0.00142975181960203,-0.00298084369874196,-0.000192712177365273,-0.000357560943274216,-9.94552229318657e-05,-8.49804315414815e-05,0.000152375012494765,-0.000152280949376582,0.000147059524313597,-0.000289909062789917,-5.40618434898832e-05,-0.000342715614082501,4.46625095085196e-05,-0.000746495948266812,-9.94552229318657e-05,-0.00169430994182385,-0.000986449501896303,-1.2804175042902e-05,-2.23743353853223e-05,-9.94552229318657e-05,-0.012106723191911,-0.00261243604133465,-6.40265094515868e-05,-0.000126356640009817,-0.00134500703147999,-0.00020687441551015,5.66069566803051e-05,-0.000144629634693416,-9.94552229318657e-05,-0.000300971984536602,-0.000289909062789917,-0.000496252539135433,-0.00108479324302735,-0.00152177653779795,-0.0116715867834709,0.000139213570069074,-0.00021321345739711,-1.2804175042902e-05,-0.00176968043728287,7.2320710680529e-05,0.000128448524584712,-0.000329077304974668,5.66069566803051e-05,-0.000359641887269113,8.93467917499891e-05,-0.0116715867834709,-5.40618434898832e-05,-0.000351152882356764,-6.40265094515868e-05,0.000128448524584712,-0.00135878450842242,-0.00524711810061973,-0.0013954838294703,9.58074478427662e-05,-0.00388822921300225,-2.59732760463649e-05,-0.000157542802265986,-0.000106850785373425,-0.000848119784394363,-0.000431215601095936,-0.000880094610336002,-0.00304080027331155,-0.000261719991861753,0.000381976731422817,-3.01957260289143e-05,-0.00298616371217797,-6.40265094515868e-05,0.000240398475321868,-8.49804315414815e-05,-0.00247249624757906,0.000162785007298716,0.000288152972363065,-0.00218718616635094,-0.0015123233233707,-0.000848119784394363,-8.49804315414815e-05,-0.0047395783941111,7.83190368363051e-05,-0.00418521665825899,5.66069566803051e-05,-0.00152355061351006,-0.00163221554179804,-6.40265094515868e-05,-0.00023812010961155,3.23783406104283e-05,-0.000187791399505421,0.000101473882944347,-0.000419688145377073,-0.00782353145597003,0.150222181885979,-0.0047395783941111,5.66069566803051e-05,-6.40265094515868e-05,-0.000167918608294571,-0.010359169879175,0.000131650803873562,-0.00131398499225455,-0.00274771645748162,-0.00751734735161236,-0.00345404611488132,-7.66194725025926e-05,-2.59732760463649e-05,7.83190368363051e-05,-0.000152280949376582,-6.40265094515868e-05,0.000157616332639776,-0.000585155723961783,-0.000167918608294571,7.83190368363051e-05,-0.00132479282699105,4.74335174747154e-05,-0.000749893519079947,-0.00422475026140745,-0.0102667943916002
"8:126338304:C:A",-0.000143059431857218,-0.000103775821624907,-0.00318011791318362,-0.006673669789107,-0.00162939213599955,-0.00201956687781379,-8.83789853647343e-05,0.00015280275949614,-0.000159714357630847,-0.00150009558958075,-0.00336569081680871,-2.69062192934655e-05,-0.00190671988377922,-0.000143059431857218,0.000106054953405987,-0.00186867558190063,-0.00249146933483058,-0.000199873205309231,-0.00212314948916781,-0.00226389826187567,-0.00201956687781379,-0.00590435208055684,4.54508141958243e-05,-6.62423226547304e-05,-0.00177694674066764,-0.00152002202298007,-0.00225399385322689,-0.00026594714299133,-0.000151446474155215,-0.00186867558190063,-0.00117690638891332,-0.00336569081680871,-0.0019594082458374,-0.000184009569832,-0.00129041821052756,-0.00646365973299634,-0.000262266874250017,-0.0065205487866562,-0.00212314948916781,-2.00093641682386e-05,-0.00192411360029876,-0.00230730927149736,-0.00167819507935629,-0.00026594714299133,-4.83176606387303e-05,-0.00303708447797657,-0.00646365973299634,-2.69062192934655e-05,-0.00693780380621245,-6.62423226547304e-05,-0.00230730927149736,-0.000353018801745542,-0.00281734355559315,-9.60114065042816e-05,-0.000136384005251955,-0.00462423670157985,-0.00480186253647297,-4.35902057782656e-05,-0.000164234631649052,-0.000311514336733154,-0.00167622615790286,-0.00392881912197574,-0.00872706371338561,-0.00406186756365567,-0.000560263458026178,-0.00220019815138883,-0.000497673129619791,-6.62423226547304e-05,-0.00232234484244476,-8.83789853647343e-05,-0.000713978985029229,-0.000847793790044626,0.000117647359519246,-0.00201892332437925,-0.00531061184946857,-0.000311514336733154,-0.00311201191891808,-0.00292801741311521,-0.000793358513350384,4.18803481583296e-06,5.75512576270754e-05,0.000118199242995054,-0.000478826653060871,-6.62423226547304e-05,-0.000252703724454406,-0.00216739647266362,-0.000322594152614819,-0.0014791460435104,-0.000216076762628248,1.32035749862425e-05,-0.0047395783941111,0.176349665977373,5.75512576270754e-05,-6.62423226547304e-05,-0.00145355248438328,-0.000594933715482249,-0.000934933914760627,0.0001594567268004,-0.000508806286603214,-3.25759652497482e-06,-0.00288132387622575,-0.000914518762858307,-0.00249450178943267,-0.000793358513350384,-0.000159714357630847,-6.62423226547304e-05,-0.00117736570809956,-0.00621865628769847,-0.00145355248438328,-7.52934310552789e-05,0.000309935853860743,3.14079621031027e-05,-0.000224997608922806,2.70083895816953e-05,-0.000149462128699263
"8:126338314:A:G",-6.04854356645035e-06,1.1109647894969e-05,-5.77723016919052e-05,7.25991648575786e-05,4.86080229942232e-05,1.1109647894969e-05,9.75585167406479e-06,-2.02658133652278e-05,1.7691803494202e-05,-1.97551825218412e-05,2.688185736055e-05,2.47033254652251e-06,-2.45053097280845e-06,-6.04854356645035e-06,-3.22070921523476e-05,1.1109647894969e-05,2.47033254652251e-06,3.91855585535339e-05,1.22150336778759e-06,0.000147439271271921,1.1109647894969e-05,-7.64695111934444e-05,-6.04854356645035e-06,7.78077916763209e-06,6.3902641498359e-06,9.75585167406479e-06,1.83634486079498e-05,-7.19518179792544e-06,1.69811899768391e-05,1.1109647894969e-05,3.44421869211686e-05,2.688185736055e-05,-6.64521152220487e-05,5.01274226039072e-05,-2.72893687869313e-05,-0.000146158228119475,2.79694569185196e-05,7.66629130133367e-06,1.22150336778759e-06,1.84244523282473e-06,-1.05953242170997e-05,0.000137631098469093,1.90282603043102e-05,-7.19518179792544e-06,4.39685253894595e-06,4.12684962158849e-05,-0.000146158228119475,2.47033254652251e-06,-7.85071443099028e-05,7.78077916763209e-06,0.000137631098469093,3.6928811206316e-05,1.1109647894969e-05,1.04289585758366e-05,-1.28347736954026e-05,0.000153320838929716,-0.00031009029773621,-1.19647043739235e-06,1.17980485025981e-05,3.36318596998453e-05,3.95023018464613e-05,-0.000144415646863294,0.000118532109644853,2.39787994225082e-05,-5.45185080023103e-05,-3.87122458800349e-06,1.39896540352069e-05,7.78077916763209e-06,-3.3121544883663e-05,9.75585167406479e-06,4.78421805336637e-05,-2.12700145123534e-05,-4.01318248313132e-05,-5.46561927272649e-06,-0.000283749502559161,3.36318596998453e-05,9.75585167406479e-06,5.75512576270754e-05,-1.11647665104186e-05,-5.76617671175228e-05,0.00182032951166811,0.00014063170822709,-0.000131230778652736,7.78077916763209e-06,2.71877142008492e-05,-4.87614766786493e-06,-1.19467893080483e-05,-1.33790257148547e-05,2.41471140718374e-05,-5.80229653301956e-05,5.66069566803051e-05,5.75512576270754e-05,-0.0017248114388595,7.78077916763209e-06,1.91370806783553e-05,-1.28619041142031e-05,-3.0311720178311e-05,5.52397602602284e-05,-0.000174076857825334,-5.45825235427344e-05,-5.49206103439559e-06,2.75126142490478e-06,2.47033254652251e-06,-1.11647665104186e-05,1.7691803494202e-05,7.78077916763209e-06,-2.0770725516428e-05,5.4576338698098e-05,1.91370806783553e-05,-1.11647665104186e-05,4.69247768046799e-05,-8.25068879617419e-06,2.48945964180791e-05,-1.05953242170997e-05,-1.60127144956945e-05
"8:126340259:T:C",6.44794018178629e-06,-1.23904191751123e-05,6.10738888182638e-05,2.43761741414161e-05,1.93499737610736e-05,-1.23904191751123e-05,-1.08106461826907e-05,2.16644779129638e-05,-1.95545265011532e-05,2.10697272287064e-05,-3.03362707203547e-05,-2.87469436344168e-06,2.25792706753936e-06,6.44794018178629e-06,3.40042905282445e-05,-1.23904191751123e-05,-2.87469436344168e-06,-4.80677863912149e-05,-1.42075762887828e-06,0.000499824747159927,-1.23904191751123e-05,-3.14364194418104e-05,6.44794018178629e-06,0.00205388993281996,-7.44762585647152e-06,-1.08106461826907e-05,-2.08834882187148e-05,7.78077916763209e-06,-1.87240526248189e-05,-1.23904191751123e-05,-3.82299555399257e-05,-3.03362707203547e-05,7.02107751369141e-05,-6.03388186828369e-05,2.90971600129808e-05,-5.13374083510598e-05,0.000565139126880609,-1.12202210207357e-05,-1.42075762887828e-06,-2.14350637772753e-06,1.10980885885681e-05,0.000470567568186198,1.58755854338111e-05,7.78077916763209e-06,-5.12039849809298e-06,-4.62835195191857e-05,-5.13374083510598e-05,-2.87469436344168e-06,8.15037779799965e-05,0.00205388993281996,0.000470567568186198,-4.11586496937844e-05,-1.23904191751123e-05,-1.15959004727273e-05,1.37058518845379e-05,0.000267313192611418,-2.87469436344168e-06,-7.07958265344644e-07,-1.31943672529999e-05,0.000995350919183124,-4.41956621735073e-05,-2.6510442737937e-05,-0.000139157345996566,-2.74913132498611e-05,5.71557769095676e-05,3.24070699342371e-06,-1.70375926824562e-05,0.00205388993281996,3.50773622130873e-05,-1.08106461826907e-05,-5.35980392522006e-05,2.28334189147361e-05,4.2369213972826e-05,5.7699000644007e-06,-3.53253793488051e-05,0.000995350919183124,-1.08106461826907e-05,-6.62423226547304e-05,1.17616158847866e-05,5.94136706419945e-05,7.78077916763209e-06,-0.000191934013490602,-0.000124127522005857,0.00205388993281996,-3.01793220174318e-05,5.08393166676058e-06,1.19454565394861e-05,1.43389289801732e-05,-2.66150414232058e-05,5.98588358835528e-05,-6.40265094515868e-05,-6.62423226547304e-05,7.78077916763209e-06,-0.0135198520779998,-2.12450007737175e-05,1.21604436360556e-05,3.17777049483325e-05,-6.19379179394031e-05,-0.000126993987592527,5.56133255207314e-05,4.3608485107427e-06,-3.82054054348657e-06,-2.87469436344168e-06,1.17616158847866e-05,-1.95545265011532e-05,0.00205388993281996,2.22523354205251e-05,-6.16040423242481e-05,-2.12450007737175e-05,1.17616158847866e-05,-5.25106456290558e-05,8.36296320194663e-06,-2.74904783212904e-05,1.10980885885681e-05,1.58755854320347e-05
"8:126345938:G:A",1.5694293143298e-05,-3.14663334792797e-05,-0.00155997130854502,5.67631109964495e-05,-0.00166828995877566,-3.14663334792797e-05,-2.72985728964059e-05,5.25413771201855e-05,-0.000980332648532922,5.10250433825021e-05,-0.00311103537721635,-7.49452848403109e-06,4.82013232527834e-06,1.5694293143298e-05,8.13377107036217e-05,-3.14663334792797e-05,-7.49452848403109e-06,-0.00232880877963559,-3.6995431136333e-06,0.000116642072988782,-3.14663334792797e-05,-0.00341934143457134,1.5694293143298e-05,-2.12450007737175e-05,-1.94901843206807e-05,0.000164314236014818,-0.00298182731523422,1.91370806783553e-05,-4.72461941249946e-05,-3.14663334792797e-05,-0.00428064802103822,-0.00311103537721635,0.000165291698134951,-0.00225679726029604,7.02233505194272e-05,-0.00327989421598218,-7.93805560386218e-05,-0.0015538686769867,-3.6995431136333e-06,-5.58487821855636e-06,-0.00193215802101765,0.000147627986813781,-0.00162589284975923,1.91370806783553e-05,-1.3374121979659e-05,-0.000264038583274839,-0.00327989421598218,-7.49452848403109e-06,-0.00198475449978996,-2.12450007737175e-05,0.000147627986813781,-0.00112576279204646,-3.14663334792797e-05,-2.93689086134918e-05,3.33163392731706e-05,-0.00168493169836736,-7.49452848403109e-06,-5.6294201611351e-06,-3.35913772611107e-05,-9.51183465893735e-05,-0.00338367020054697,-6.91879399186135e-05,4.67334710370082e-05,-0.00152936850118035,0.000134749514342225,6.19114603939153e-06,-4.62584418148282e-05,-2.12450007737175e-05,-0.00208671907676461,-2.72985728964059e-05,-0.000138847650239526,5.55168423748142e-05,0.000100995946410443,1.39398687064585e-05,-9.1923111506631e-05,-9.51183465893735e-05,-0.00127181109974117,-0.00145355248438328,2.83144501054267e-05,-0.00231193628111992,1.91370806783553e-05,-0.000326617567676379,-3.16196527654355e-05,-2.12450007737175e-05,-7.69072598281184e-05,1.21628615339375e-05,-6.93278649031015e-05,3.49413505285057e-05,-6.73343776407265e-05,-0.00230296820414555,-0.000167918608294571,-0.00145355248438328,1.91370806783553e-05,-2.12450007737175e-05,0.0673692684562051,2.66634053405213e-05,-6.15279719156092e-05,-0.000965908872728072,-6.27225737339643e-05,-0.00236288061303558,7.75392267460262e-06,-1.10930272114729e-05,-0.00165949519667485,2.83144501054267e-05,-4.94538724771232e-05,-2.12450007737175e-05,5.40385236051932e-05,-0.00343099468937869,0.000753700589650741,-0.000127644030025742,-0.001028566091688,1.95297360221502e-05,-6.96807911948483e-05,2.66034949421012e-05,3.63359797024287e-05
"8:126346926:C:T",-1.07772434629894e-05,-0.00519810683481481,-0.00408206223801777,-0.00432289794531382,-0.00249100987850781,1.6768105798981e-05,-6.85189512381612e-05,-0.000339940709198849,-0.00144970880896622,-0.0122195782296544,-0.000349256658799035,3.97770027227295e-06,-3.80704606044446e-05,-1.07772434629894e-05,-7.04139343907784e-05,-0.00405283606212414,3.97770027227295e-06,-0.00309491672403439,1.9861631077589e-06,-0.000359817002725471,1.6768105798981e-05,-6.02676140322167e-05,-0.00164353619732971,1.21604436360556e-05,3.28845089025975e-06,1.49300223846183e-05,-0.000456589215007241,-1.28619041142031e-05,-0.00365499559915605,-0.00405283606212414,-0.00386454361835309,-0.000349256658799035,-0.000176590387470199,-0.00294846064024101,-5.71863237128767e-05,-0.000321100282385522,-0.00322734762010057,-0.00335707473002334,1.9861631077589e-06,-0.00220026066130519,-0.0038201678670422,-0.00028764292888539,-0.000608881619115209,-1.28619041142031e-05,-0.00202609514350893,-8.86023940038783e-05,-0.000321100282385522,3.97770027227295e-06,-0.000214692336914624,1.21604436360556e-05,-0.00028764292888539,-0.0055686140086868,-0.00873722765510365,-3.13172816843732e-05,-2.41552368827058e-05,-0.0058949877895409,-0.00211921331245879,-0.00133464063722943,-0.000320467414581138,-0.00235326153743287,-0.00344304595599709,-0.0112287226170391,-0.0032711376594019,8.07547548564713e-06,-0.000134793478414608,-1.35708941684243e-05,-0.00278446694873047,1.21604436360556e-05,-0.000259036837919169,-0.00266437658480001,-0.00142311930665873,-4.25054220629661e-05,-0.0028751486343479,-9.72951167721448e-06,-0.00932689019032651,-0.00235326153743287,1.49300223846183e-05,-0.000594933715482249,-0.00261187883747382,-9.53755715649152e-05,-1.28619041142031e-05,-0.000182471454008848,-0.00214789528882831,1.21604436360556e-05,3.46224817686647e-05,-0.00256623288315705,-0.00225690379111931,-2.52355985148611e-05,-0.00695674609554686,-9.35167963964645e-05,-0.010359169879175,-0.000594933715482249,-1.28619041142031e-05,1.21604436360556e-05,2.66634053405213e-05,0.212471836455823,-0.00807707557224902,-0.000146627971927771,-0.0049603132520768,-0.000951172620725416,-0.00173776499093847,-0.000596940536111923,3.97770027227295e-06,-0.00261187883747382,-0.0035574412340118,1.21604436360556e-05,-0.00427516453213528,-0.000925450173762776,2.66634053405213e-05,-0.00261187883747382,-0.000100250194176255,-0.00365746962603719,-0.0117266303158079,-1.97804917991817e-05,0.000162439198452269
"8:126349516:C:T",-2.60161964193983e-05,4.39549292918784e-05,-0.00101106852834576,-0.000204017545010871,-0.00263411233404565,4.39549292918784e-05,3.9012502432989e-05,-8.80283094604195e-05,-0.00282043849928204,-0.00119587440551516,0.000103247543830065,9.15988431504644e-06,-1.25908921200235e-05,-2.60161964193983e-05,-0.00252261281707167,-0.00480581898461363,-0.00447537371526519,-0.00682052260278887,4.53447765824677e-06,-0.00125717192493102,4.39549292918784e-05,-0.00224754618205392,-2.60161964193983e-05,3.17777049483325e-05,2.36088282772329e-05,3.9012502432989e-05,7.0203611977071e-05,-3.0311720178311e-05,6.79404817187645e-05,-0.00480581898461363,-0.0013653714598556,0.000103247543830065,-0.00051143598539749,-0.00664514733569632,-0.000564590608940208,-0.00225041167980322,0.000109466808973835,-0.00160497530925685,4.53447765824677e-06,6.83565058068325e-06,-0.0032060177250921,-0.00132170255576725,-0.00013231457906393,-3.0311720178311e-05,-0.00182056966729061,-0.00211056040382296,-0.00225041167980322,9.15988431504644e-06,-0.00113340768893977,3.17777049483325e-05,-0.00132170255576725,-0.00170117591988372,4.39549292918784e-05,-0.00224393418838797,-0.00126219068951094,-0.00845453077095559,9.15988431504644e-06,-0.0104921665327291,4.6462927960178e-05,0.000131354378408943,0.000151565873172999,-0.000262298681201756,-0.00539268936870974,-0.000258302878338945,-0.00269520325787376,-0.00242643039694457,-0.00722253659052186,3.17777049483325e-05,-0.000374238600821641,3.9012502432989e-05,0.000181583094846616,-9.18235640874343e-05,-0.00131654190390407,-0.00305626860356778,6.95766088254501e-05,0.000131354378408943,3.9012502432989e-05,-0.000934933914760627,-0.00146942048498477,-0.00663322936851163,-3.0311720178311e-05,-0.000287722827744474,-0.00328715719509587,3.17777049483325e-05,-0.00163408657546071,-2.16326728637029e-05,0.000685074065206237,-5.75012060917146e-05,9.59588203794937e-05,-0.00660984688046184,0.000131650803873562,-0.000934933914760627,-3.0311720178311e-05,3.17777049483325e-05,-6.15279719156092e-05,-0.00807707557224902,0.156380076631857,-2.81381346329823e-05,-0.00333231642435283,-0.00184046346864974,-0.00094375912116007,-3.75326310146917e-05,9.15988431504644e-06,-0.00146942048498477,7.05006424022159e-05,3.17777049483325e-05,-0.000888647453400893,0.000203842336663485,-6.15279719156092e-05,0.000137020334164184,-9.56414006481054e-06,-0.00264315276838278,9.8609990880405e-05,-0.00150363019251998,-0.00821096205239868
"8:126352562:A:G",4.36077882053354e-05,-9.57208996101855e-05,0.000418928339731117,-0.00327938596986233,-0.0104567698378393,-0.00155006957121095,-8.19453942595416e-05,0.00014971667879049,-0.00014628342859524,-0.00225085403256386,-0.00240523473383814,-2.50327184163623e-05,6.85986022563867e-06,4.36077882053354e-05,-0.00168405593637821,-0.000307934210666438,-2.50327184163623e-05,-0.0003173491525299,-0.000197914526067322,-0.0039747163629178,-0.00155006957121095,-0.010139077636393,4.36077882053354e-05,-6.19379179394031e-05,-6.51076909683468e-05,-0.00103907786348678,-0.00126371883502241,-0.00101375433065165,-0.000139057610913262,-0.000307934210666438,-0.000673507805842632,-0.00240523473383814,-0.00101178147708314,-0.000333054970633739,0.000200514225244142,-0.0105264769097211,-0.000235435339774881,-0.00761327983138926,-0.000197914526067322,-1.86538943154346e-05,7.08299538896284e-05,-0.00406582016067869,-0.0105585625749702,-0.00101375433065165,-4.46739270056895e-05,-0.0011379085311054,-0.0105264769097211,-2.50327184163623e-05,-0.00466800271822798,-6.19379179394031e-05,-0.00406582016067869,-0.000312117296290992,-9.57208996101855e-05,-8.87882958204855e-05,-0.00239720832723034,-0.0056631565168459,-0.00360111851920486,-0.000238865768058538,-0.00114865218676652,-0.000278167729911516,-0.000338813155688733,-0.00920949718401864,-0.00412911861254983,-0.00271323898941489,-0.00101046845714503,9.23552606835187e-07,-0.000348569043970848,-6.19379179394031e-05,0.00023763142843336,-8.19453942595416e-05,-0.00104749037823204,0.000160041766420704,-0.00214069096492508,3.76797500560855e-05,-0.00130974732423006,-0.000278167729911516,-8.19453942595416e-05,0.0001594567268004,-0.0001774539323387,0.000105267100443562,5.52397602602284e-05,-0.00130662988118591,-0.00187609605640482,-6.19379179394031e-05,-0.000227413352835271,3.16750884419292e-05,-0.000131688134141328,9.93657964212247e-05,-0.000196364155269357,9.59168132270705e-05,-0.00131398499225455,0.0001594567268004,5.52397602602284e-05,-6.19379179394031e-05,-0.000965908872728072,-0.000146627971927771,-2.81381346329823e-05,0.157853993520498,-0.0018493660083152,-0.000128781394860944,-0.000729398647417057,-4.69404480103464e-05,-2.50327184163623e-05,-0.0001774539323387,-0.00014628342859524,-6.19379179394031e-05,-0.0019283134370065,-0.00125245328061396,-0.000965908872728072,-0.00167722703522255,0.000966562145944039,-0.00278478065068555,-0.000203974676721508,-0.00160056628655258,-0.00278673161932019
"8:126355162:G:A",-9.6735206394527e-05,-0.00764570150128474,-0.00454642596009069,-0.00209201291212624,-0.000709483415515244,-0.00199493144644247,-0.000151973250825499,9.95978042315215e-05,-0.00684002497366798,-0.0011794100269098,-0.00375892565682223,-0.00241665581007577,-0.00388293757874747,-9.6735206394527e-05,-0.000175144258948823,-0.0017713079016044,-0.00440171363249586,-0.00497046325314887,-0.00828304997533724,-0.00271860504721078,-0.00199493144644247,-0.00665830565347747,-0.00442886932292463,-0.000126993987592527,-0.00445310857652181,-0.00160971920803821,-0.00314583489800446,-0.000174076857825334,-0.00584513183757007,-0.0017713079016044,-0.00056562521568182,-0.00375892565682223,-0.00888680324068059,-0.00497239724969045,-0.000689827620814931,-0.00678073642951116,-0.00080011401990987,-0.010979984425858,-0.00828304997533724,-0.0058486841731531,-0.00209917950733018,-0.00205477430554968,-0.000403655638422151,-0.000174076857825334,-6.74832969318473e-05,-0.00349882259342138,-0.00678073642951116,-0.00241665581007577,-0.00726730568188128,-0.000126993987592527,-0.00205477430554968,-5.80515028838491e-05,-0.00558220355913353,-0.00196867482097307,-0.00665536540517842,-0.00400782859575033,-0.00662809649932061,-0.00410160345746702,-0.00254589360512369,-0.000979823220249365,-0.00208131189086647,-0.00193434278404281,-0.0070123864029541,-0.000532725727670158,-0.00441250797367188,-0.00152574801545979,-0.00336793814152969,-0.000126993987592527,-0.00063010423589871,-0.0077166965947848,-0.00306445197258887,-0.00175892938585864,-0.00398245135749287,-0.000397760287168758,-0.00397491188582544,-0.000979823220249365,-0.0128828917518691,-0.000971211226192814,-0.000151575765957368,-0.000968500664256133,-0.000174076857825334,9.87743647926642e-05,-0.00505827471202736,-0.000126993987592527,-0.000291127453212248,-0.0019716660339375,-0.00173511535271054,4.46599311842988e-06,-0.00351210891884524,-0.00332013723341573,-0.00274771645748162,-0.000508806286603214,-0.000174076857825334,-0.000126993987592527,-6.27225737339643e-05,-0.0049603132520768,-0.00333231642435283,-0.0018493660083152,0.315603468483828,-0.0013727991518806,2.00863651342864e-05,-0.000112321181411357,-0.0149586546638201,-0.000151575765957368,-0.00217946102066335,-0.000126993987592527,-4.8032528900066e-05,-0.00119796763502666,-6.27225737339643e-05,-3.37578457871857e-05,-0.0012795902743874,-0.000735011726213042,-0.00433958202693407,-4.50626006882615e-05,-0.00177912056695639
"8:126356449:T:C",-0.00153865061759717,-0.000501491434883761,-0.000368840693301564,-0.00113689732708711,-0.00144998454760881,-0.000851723063170162,-0.00445173981314717,-0.000333837653418101,-0.00282808047105298,-0.000533314959806575,-0.000378437896067396,-5.6581143335066e-06,-0.000275890539195522,-0.00153865061759717,0.000148935595168709,7.46098075889989e-05,1.43255757958372e-05,-0.0108818500132766,7.0922091541803e-06,-0.00498676244094565,-0.000851723063170162,-0.00162243482393043,-0.00153865061759717,5.56133255207314e-05,-3.91871848481884e-06,-0.000246815683746959,-0.000533273541413415,-5.45825235427344e-05,-0.00323778647573114,7.46098075889989e-05,-0.00449993323898124,-0.000378437896067396,0.000291680936513217,-0.0110026324756274,-0.000644713933880325,-0.00265592480999111,-0.000165457508283673,-0.000525585943290885,7.0922091541803e-06,-9.31400878378952e-06,-0.000168112384760555,-0.004657820693029,-0.00152496816953018,-5.45825235427344e-05,-0.00222513923249235,1.80224295540654e-05,-0.00265592480999111,-5.6581143335066e-06,-0.00734150094109598,5.56133255207314e-05,-0.004657820693029,-0.0010075571417909,-0.000287164401169271,-0.00227070119272899,-0.00103916052741404,-0.00228832728165962,-0.00233004273497173,-0.00257294854871581,-0.00194683245099458,-0.000419570469083475,-0.00565176668498246,-0.0132721108796243,-0.00173284414298669,-0.00124708417196118,-7.30708300960003e-05,-0.00073909232474012,2.99151648501805e-05,5.56133255207314e-05,-0.00277364934362989,-0.00433582733515525,3.20821737060939e-05,-0.00329800759763721,-0.000475548625652245,-4.44845428884122e-05,-0.012422608633937,-0.000419570469083475,-0.00247207093676582,-3.25759652497482e-06,-0.00156329868919247,-0.000205636919708319,-5.45825235427344e-05,-0.00154371810237475,-0.000797632434505591,5.56133255207314e-05,-0.00522495694521119,-0.000215206894311315,-0.00230237367111741,-0.00120072288996376,-0.000722479703625822,-0.00258056850109245,-0.00751734735161236,-3.25759652497482e-06,-5.45825235427344e-05,5.56133255207314e-05,-0.00236288061303558,-0.000951172620725416,-0.00184046346864974,-0.000128781394860944,-0.0013727991518806,0.189875300202656,-0.000271209586532706,-0.000205554745726921,-0.0019674606741944,-0.00156329868919247,-0.00282808047105298,5.56133255207314e-05,0.000239023167845076,-0.000941664509551465,-0.00236288061303558,-9.27669727968095e-05,-6.83428242549411e-05,-0.00124238113198594,-0.00104121285339698,-0.00111242788013044,-0.000358804394360313
"8:126356667:A:G",-0.000202775127745802,5.74340939607509e-06,-0.00402937697426875,-0.00917201223341024,-0.00585132730487814,-2.62251325739982e-05,5.21841088740871e-06,-1.90543798623821e-05,7.51865694859077e-06,-1.84433750209934e-05,-0.00145744218698596,1.58211195788738e-06,-0.00228677939430444,-0.000202775127745802,-0.0014423571967086,-0.00317968805224567,-0.0021137789734027,-0.00016270904927751,-0.002485363787323,-9.45662762372734e-05,-2.62251325739982e-05,-0.00106296917868187,-4.51700933368215e-06,4.3608485107427e-06,-0.0020760744280679,5.21841088740871e-06,-0.00167486018601259,-5.49206103439559e-06,7.38083269169465e-06,-0.00317968805224567,6.57971750950281e-06,-0.00145744218698596,-0.00160353574824335,-0.000127220575225184,-0.00117149978350994,-0.00130914667419546,7.87856180828328e-06,-0.00259098074810193,-0.002485363787323,1.19549411969899e-06,-0.00165463526651788,-8.81677368615996e-05,-0.00569477796201046,-5.49206103439559e-06,2.7017402430829e-06,-0.0016228068076547,-0.00130914667419546,1.58211195788738e-06,-0.00381356830319746,4.3608485107427e-06,-8.81677368615996e-05,5.73122791180936e-06,-0.00235659952128042,5.48586087401048e-06,-0.00426273296225244,-0.00525118145069747,-3.03181665639585e-06,-3.70448746931373e-05,-1.71664178143516e-05,6.81497058252489e-06,-0.00166478188712826,-0.00420017298493569,-0.0030789044752364,-0.000390548466708829,-0.00280233563998422,-0.00147909450162587,-0.00141983317227989,4.3608485107427e-06,-0.00296643269678398,5.21841088740871e-06,-0.00141389510967116,-0.00068276169799919,-0.00293607271615759,-0.00171274306279567,-0.00390737184707035,6.81497058252489e-06,-0.00266820920877464,-0.0035131679088396,-5.52127396176161e-05,-0.00336271437184177,-5.49206103439559e-06,-6.2420206361935e-05,-0.000134190476193563,4.3608485107427e-06,7.95855601509743e-06,-0.00257321667890764,-7.97932079601438e-05,-0.00124413846374338,8.09584983318956e-06,-0.00334897576875459,-0.00345404611488132,-0.00288132387622575,-5.49206103439559e-06,4.3608485107427e-06,7.75392267460262e-06,-0.00173776499093847,-0.00094375912116007,-0.000729398647417057,2.00863651342864e-05,-0.000271209586532706,0.148262889076868,-0.000505987987841294,-0.00211592898988666,-5.52127396176161e-05,7.51865694859077e-06,4.3608485107427e-06,-1.96645789936056e-05,-0.0052777709794638,7.75392267460262e-06,-0.000180875310584305,-0.000551567136855446,-0.00234625547492318,8.08758851178482e-06,-0.00165463526651788,-0.00228139200043653
"8:126356816:C:A",-0.00303997560407598,-5.81592428350319e-06,-0.0010388099722789,-0.000706180472678675,-5.1920894934554e-06,-5.81592428350319e-06,-4.98249888636337e-06,-0.00135299009409628,3.716281833821e-05,-0.00147642269204784,-0.0023921328168468,-1.17278835443102e-06,-0.00474510080401824,-0.00303997560407598,-0.0087525885249109,-0.00254920136885151,-1.17278835443102e-06,-0.00344529682317329,-5.67588827493637e-07,-0.0089650990996093,-5.81592428350319e-06,-0.00319946168590679,2.34188349779174e-06,-3.82054054348657e-06,-0.00113188612824011,-4.98249888636337e-06,-0.00228001070837536,2.75126142490478e-06,-9.51466600351836e-06,-0.00254920136885151,-0.00110105304114594,-0.0023921328168468,-0.00131169131283038,-0.00352754771333963,6.58064092018407e-06,-0.00323478132018495,-0.0029187870524181,-0.0059136218375917,-5.67588827493637e-07,-8.65349691459016e-07,-0.00299334206372848,-0.00878737092735182,-0.000491961629571769,2.75126142490478e-06,-2.15608720655069e-06,-0.00219593198822565,-0.00323478132018495,-1.17278835443102e-06,-0.000916064555770646,-3.82054054348657e-06,-0.00878737092735182,-2.62669918438263e-05,-0.00254920136885151,-5.39310662617254e-06,-0.00157438605715665,-0.00391876885589548,-1.17278835443102e-06,-0.00169773978515675,-0.00174280346784261,-0.000636996772117371,-2.89761550229528e-05,-6.79245828649755e-06,-0.00015410168424479,-0.000416396471060843,-0.00321364119425827,0.0017286386839972,-0.00161315676631091,-3.82054054348657e-06,-0.00150202969360702,-4.98249888636337e-06,-0.00289759713305937,6.0240254597943e-06,-0.00150353907431189,2.12573003288696e-06,-1.91393650821325e-05,-0.000636996772117371,-0.00165166383470439,-0.000914518762858307,-0.00178899011511202,-0.00018013331257194,2.75126142490478e-06,-0.000790050664916997,-0.000440422587423495,-3.82054054348657e-06,-1.73393396885047e-05,-0.000153573781900285,-6.79326657149204e-08,-0.0036073537317387,-1.4756705726704e-05,-0.000175567139370614,-7.66194725025926e-05,-0.000914518762858307,2.75126142490478e-06,-3.82054054348657e-06,-1.10930272114729e-05,-0.000596940536111923,-3.75326310146917e-05,-4.69404480103464e-05,-0.000112321181411357,-0.000205554745726921,-0.000505987987841294,0.156293162464601,-0.00205588159884051,-0.00178899011511202,-0.00134258883801408,-3.82054054348657e-06,-0.00267695671484525,-0.00548712160982845,-1.10930272114729e-05,-0.00178899011511202,-3.69533215263118e-05,-0.00191368259516622,-0.000939912161272538,-0.00510801255804427,-1.34345253588464e-06
"8:126358019:G:A",2.06899323007548e-06,-4.22045053483089e-06,1.51038815223714e-05,-0.00203760197309855,5.96291366328217e-06,-4.22045053483089e-06,-3.66819194308476e-06,6.50084938680351e-06,-0.00383531765423673,6.34432544455166e-06,-1.09991160490708e-05,-9.29751416300917e-07,7.78189431116516e-07,2.06899323007548e-06,9.67523581962837e-06,-4.22045053483089e-06,-9.29751416300917e-07,-0.00192391963133343,-4.56918383129334e-07,-0.00297696629419963,-4.22045053483089e-06,-0.00859478003475811,2.06899323007548e-06,-2.87469436344168e-06,-2.45144442612144e-06,-0.00301126761873149,-7.29605780769305e-06,2.47033254652251e-06,-6.55901922375079e-06,-4.22045053483089e-06,-1.43331826381043e-05,-1.09991160490708e-05,-0.000722118026581064,-0.00189206789040597,8.44602409699746e-06,-0.00862345480419435,-1.1363899724337e-05,-0.00208387166850521,-4.56918383129334e-07,-6.91299823607494e-07,-0.00653894248681652,-0.00291958372607315,-0.00210157199331906,2.47033254652251e-06,-1.67048934418546e-06,-1.77727998789123e-05,-0.00862345480419435,-9.29751416300917e-07,-0.00168295818478903,-2.87469436344168e-06,-0.00291958372607315,-1.556561859406e-05,-4.22045053483089e-06,-0.00185028617290417,4.26139990938879e-06,-0.00439048578518086,-9.29751416300917e-07,-1.42532030622533e-09,-4.50388659878342e-06,-1.39366219382708e-05,-0.00169234366548476,-0.00231895681912508,-0.0143132904208745,-0.00201373221055334,1.44776699437799e-05,-0.00491072015833893,-5.73413841742365e-06,-2.87469436344168e-06,9.91912543835127e-06,-3.66819194308476e-06,-2.10943392726648e-05,6.80587809753774e-06,1.1570607793665e-05,1.86310748429008e-06,-0.0024699419108698,-1.39366219382708e-05,-0.00179066075665268,-2.69062192934655e-05,3.70528725834873e-06,-0.00192682861347482,2.47033254652251e-06,-0.00450847071211857,-0.01486832397371,-2.87469436344168e-06,-1.0998602203216e-05,1.65363661164264e-06,3.8310198648972e-06,4.44042057878846e-06,-9.59961935098619e-06,-0.00191906466394176,-2.59732760463649e-05,-0.00249450178943267,2.47033254652251e-06,-2.87469436344168e-06,-0.00165949519667485,3.97770027227295e-06,9.15988431504644e-06,-2.50327184163623e-05,-0.0149586546638201,-0.0019674606741944,-0.00211592898988666,-0.00205588159884051,0.148203578293181,3.70528725834873e-06,-6.86545936190441e-06,-2.87469436344168e-06,6.65467978144818e-06,-0.00165210173459052,-0.00165949519667485,3.70528725834873e-06,-2.06007956364829e-05,2.71026847187272e-06,-9.94031986323307e-06,3.51331481862616e-06,5.01980999878526e-06
"8:126360196:G:A",-9.40532796178672e-06,1.66307731364057e-05,-9.70791715975139e-05,-0.00157557594758551,-0.00016220324518379,1.66307731364057e-05,1.46565699239432e-05,-3.21812803498744e-05,2.62607718592989e-05,-3.13693215634459e-05,-0.00198115516171438,3.70528725834873e-06,-3.92085410805265e-06,-9.40532796178672e-06,-5.22663908499865e-05,-0.00216566822967756,3.70528725834873e-06,-0.00493502288691339,1.83548645527054e-06,6.0673054683491e-05,1.66307731364057e-05,-0.00422236256890685,-9.40532796178672e-06,1.17616158847866e-05,9.52984933366707e-06,1.46565699239432e-05,-0.00188829983101613,-1.11647665104186e-05,2.52474957518345e-05,-0.00216566822967756,4.96778290628441e-05,-0.00198115516171438,-0.000344308307035135,-0.00484464585667777,-4.38212311912878e-05,-0.00439285498140851,4.07751497872866e-05,-5.35862984092361e-05,1.83548645527054e-06,2.76604118898405e-06,-1.6675046382808e-05,6.11602870508321e-05,-0.000187471574835563,-1.11647665104186e-05,6.57633237732824e-06,5.87359031447576e-05,-0.00439285498140851,3.70528725834873e-06,1.87330558727439e-05,1.17616158847866e-05,6.11602870508321e-05,5.30035055543721e-05,1.66307731364057e-05,1.56391736005901e-05,-0.00124803501640613,-0.000266498358650225,3.70528725834873e-06,-0.00251411469511531,1.76314827617929e-05,4.85876520892603e-05,5.64139191245872e-05,-0.00237741837783023,-5.32137270639055e-05,-0.00237380834209411,0.000158208489636991,-0.00170967753925577,-0.00244331352159666,1.17616158847866e-05,-5.37634402872911e-05,1.46565699239432e-05,-0.00243698044122187,-3.37811134523136e-05,-6.58730571556632e-05,-0.00154858902915933,-0.00222439257071638,4.85876520892603e-05,1.46565699239432e-05,-0.000793358513350384,0.000208553968317204,-0.00152951191124995,-1.11647665104186e-05,-5.91259454729709e-05,-0.00010528493808426,1.17616158847866e-05,3.96985523414273e-05,-7.6121570797838e-06,-9.14144724140087e-05,-2.10102682665081e-05,3.54837585296863e-05,-0.0015225505197165,7.83190368363051e-05,-0.000793358513350384,-1.11647665104186e-05,1.17616158847866e-05,2.83144501054267e-05,-0.00261187883747382,-0.00146942048498477,-0.0001774539323387,-0.000151575765957368,-0.00156329868919247,-5.52127396176161e-05,-0.00178899011511202,3.70528725834873e-06,0.0704493399706463,2.62607718592989e-05,1.17616158847866e-05,-3.29851721811991e-05,7.58045967863552e-05,2.83144501054267e-05,-0.00145921322251219,-0.000140376356548622,-1.30486353002723e-05,3.65239225184055e-05,-1.6675046382808e-05,-0.0026480608120929
"8:126361904:C:T",1.45250897141125e-05,-2.88783458888275e-05,0.000135366066397857,5.2945612940114e-05,4.22179001349221e-05,-2.88783458888275e-05,-2.50790646072474e-05,4.87607600483386e-05,-4.53654902701217e-05,-0.00240446033596697,-7.1560324161446e-05,-6.86545936190441e-06,4.53995832394583e-06,1.45250897141125e-05,7.57506125568241e-05,-2.88783458888275e-05,-6.86545936190441e-06,-0.000400122793963398,-3.39048759556704e-06,-0.00427509131956416,-2.88783458888275e-05,-0.00309764702989757,1.45250897141125e-05,-1.95545265011532e-05,-1.7829919945811e-05,-2.50790646072474e-05,-4.94100097503392e-05,1.7691803494202e-05,-4.33595575852763e-05,-2.88783458888275e-05,0.000969447867655404,-7.1560324161446e-05,0.000155216232697875,-0.000353655508723349,6.52853151574817e-05,-0.00307424585462091,-7.26028627973108e-05,-0.00138829364101589,-3.39048759556704e-06,-5.11721772245011e-06,2.46846678084722e-05,-0.00419524467470822,-0.00146542744260802,1.7691803494202e-05,-1.22433301310565e-05,-0.000109044322035956,-0.00307424585462091,-6.86545936190441e-06,0.00017794392544257,-1.95545265011532e-05,-0.00419524467470822,-9.64393405231689e-05,-0.00368727078837328,-2.6966789422822e-05,3.08722657784699e-05,-0.00371952970058764,-6.86545936190441e-06,-0.000755949970812964,-0.00120230552357103,-8.69327497001748e-05,-0.00105747113425458,-6.3111414378092e-05,0.000173230407706448,-0.00136073206860488,0.000126182525782781,-0.00140593705780478,-0.00204142440678634,-1.95545265011532e-05,7.82756293640219e-05,-2.50790646072474e-05,-0.000126336252586512,5.1517453566241e-05,9.42265307779522e-05,1.29123543040066e-05,-8.37772788484514e-05,-8.69327497001748e-05,-2.50790646072474e-05,-0.000159714357630847,2.62607718592989e-05,-0.00277786383173595,1.7691803494202e-05,-0.000190320044629821,-0.00210533941504654,-1.95545265011532e-05,-7.03675302933249e-05,-0.00183506470195649,2.56963921012598e-05,3.23716817813846e-05,-6.17052639553251e-05,-0.00276897807580667,-0.000152280949376582,-0.000159714357630847,1.7691803494202e-05,-1.95545265011532e-05,-4.94538724771232e-05,-0.0035574412340118,7.05006424022159e-05,-0.00014628342859524,-0.00217946102066335,-0.00282808047105298,7.51865694859077e-06,-0.00134258883801408,-6.86545936190441e-06,2.62607718592989e-05,0.0655122412546696,-1.95545265011532e-05,5.01475600342971e-05,-0.00105061765719494,-4.94538724771232e-05,2.62607718592989e-05,-0.00012364539370413,1.81754753523222e-05,-6.38300164697014e-05,2.46846678084722e-05,-0.00195559974972159
"8:126364368:G:A",6.44794018178629e-06,-1.23904191751123e-05,6.10738888182638e-05,2.43761741414161e-05,1.93499737610736e-05,-1.23904191751123e-05,-1.08106461826907e-05,2.16644779129638e-05,-1.95545265011532e-05,2.10697272287064e-05,-3.03362707203547e-05,-2.87469436344168e-06,2.25792706753936e-06,6.44794018178629e-06,3.40042905282445e-05,-1.23904191751123e-05,-2.87469436344168e-06,-4.80677863912149e-05,-1.42075762887828e-06,0.000499824747159927,-1.23904191751123e-05,-3.14364194418104e-05,6.44794018178629e-06,0.00205388993281996,-7.44762585647152e-06,-1.08106461826907e-05,-2.08834882187148e-05,7.78077916763209e-06,-1.87240526248189e-05,-1.23904191751123e-05,-3.82299555399257e-05,-3.03362707203547e-05,7.02107751369141e-05,-6.03388186828369e-05,2.90971600129808e-05,-5.13374083510598e-05,0.000565139126880609,-1.12202210207357e-05,-1.42075762887828e-06,-2.14350637772753e-06,1.10980885885681e-05,0.000470567568186198,1.58755854338111e-05,7.78077916763209e-06,-5.12039849809298e-06,-4.62835195191857e-05,-5.13374083510598e-05,-2.87469436344168e-06,8.15037779799965e-05,0.00205388993281996,0.000470567568186198,-4.11586496937844e-05,-1.23904191751123e-05,-1.15959004727273e-05,1.37058518845379e-05,0.000267313192611418,-2.87469436344168e-06,-7.07958265344644e-07,-1.31943672529999e-05,0.000995350919183124,-4.41956621735073e-05,-2.6510442737937e-05,-0.000139157345996566,-2.74913132498611e-05,5.71557769095676e-05,3.24070699342371e-06,-1.70375926824562e-05,0.00205388993281996,3.50773622130873e-05,-1.08106461826907e-05,-5.35980392522006e-05,2.28334189147361e-05,4.2369213972826e-05,5.7699000644007e-06,-3.53253793488051e-05,0.000995350919183124,-1.08106461826907e-05,-6.62423226547304e-05,1.17616158847866e-05,5.94136706419945e-05,7.78077916763209e-06,-0.000191934013490602,-0.000124127522005857,0.00205388993281996,-3.01793220174318e-05,5.08393166676058e-06,1.19454565394861e-05,1.43389289801732e-05,-2.66150414232058e-05,5.98588358835528e-05,-6.40265094515868e-05,-6.62423226547304e-05,7.78077916763209e-06,0.00205388993281996,-2.12450007737175e-05,1.21604436360556e-05,3.17777049483325e-05,-6.19379179394031e-05,-0.000126993987592527,5.56133255207314e-05,4.3608485107427e-06,-3.82054054348657e-06,-2.87469436344168e-06,1.17616158847866e-05,-1.95545265011532e-05,-0.0135198520779998,2.22523354205251e-05,-6.16040423242481e-05,-2.12450007737175e-05,1.17616158847866e-05,-5.25106456290558e-05,8.36296320194663e-06,-2.74904783212904e-05,1.10980885885681e-05,1.58755854320347e-05
"8:126366402:G:C",-1.76853896363127e-05,3.12214990252357e-05,-0.000169851639467034,-0.000987450807223844,-5.76096579791852e-05,-0.00153816298055798,2.75752979668198e-05,-5.90845986927491e-05,5.01475600342971e-05,-0.00221385858477241,7.48492978344117e-05,6.65467978144818e-06,-8.01201965039411e-06,-1.76853896363127e-05,-9.49385033583994e-05,3.12214990252357e-05,6.65467978144818e-06,-0.00385037621419837,3.29129625331603e-06,-0.00135238935915272,-0.00153816298055798,-0.00639733177213753,-1.76853896363127e-05,2.22523354205251e-05,1.72017876058916e-05,2.75752979668198e-05,5.07251026240496e-05,-2.0770725516428e-05,4.82336041596199e-05,3.12214990252357e-05,9.73450110954843e-05,7.48492978344117e-05,0.000290500373681724,-0.00378190692799585,-0.00554432391392812,-0.00641184943703266,7.89151344342542e-05,1.52919582347977e-05,3.29129625331603e-06,4.96383019310542e-06,-3.14580076610227e-05,-0.00132937878693795,-0.00229446359394547,-2.0770725516428e-05,1.18401747037922e-05,0.000115649035564047,-0.00641184943703266,6.65467978144818e-06,-0.00294898633201335,2.22523354205251e-05,-0.00132937878693795,0.000104019145417134,3.12214990252357e-05,2.93884296915792e-05,-3.74655423343029e-05,-0.00193599179012516,6.65467978144818e-06,-0.0041631898028518,3.30748358070565e-05,9.5168476258678e-05,0.00011091857701917,6.35554583210407e-05,-0.00101949344428398,6.57845660789746e-05,-0.000161629478076186,-0.00249879923054408,-0.00407127949709363,2.22523354205251e-05,-9.7352888690061e-05,2.75752979668198e-05,0.000134230750973963,-6.17705022021298e-05,-0.000118267502443814,-1.61173503041567e-05,8.61880287308381e-05,9.5168476258678e-05,2.75752979668198e-05,-0.00117736570809956,-3.29851721811991e-05,0.000327814779351066,-2.0770725516428e-05,-0.000971967843724109,-7.27531023070327e-06,2.22523354205251e-05,7.68136754674131e-05,-0.000978491308852192,-0.00103829476831763,-3.89262148576819e-05,6.86333032513531e-05,0.000345490019211248,0.000157616332639776,-0.00117736570809956,-2.0770725516428e-05,2.22523354205251e-05,5.40385236051932e-05,-0.00427516453213528,-0.000888647453400893,-0.0019283134370065,-4.8032528900066e-05,0.000239023167845076,-1.96645789936056e-05,-0.00267695671484525,6.65467978144818e-06,-3.29851721811991e-05,5.01475600342971e-05,2.22523354205251e-05,0.0804334483964331,0.000152207038775387,5.40385236051932e-05,-3.29851721811991e-05,-0.00182183398421731,-2.51730390710136e-05,7.06453039134303e-05,-3.14580076610227e-05,-0.00431427563248121
"8:126366404:C:A",-0.00222957467549723,-0.00310268069262509,0.000404805020434829,-0.00236161910373234,0.000111476718381631,-0.00138483534759182,-0.00130069157357049,-0.00280359451046408,-0.00105061765719494,-0.000563252434027106,-0.00152566273218646,-0.00278755995510238,6.89423330424432e-06,-0.00222957467549723,-0.00409503011972845,-9.54065597333908e-05,-2.48164464897727e-05,-0.00296202445891147,-1.22368427968311e-05,-0.00264015067547252,-0.00138483534759182,-0.0053615385619139,4.31486105165746e-05,-6.16040423242481e-05,-6.47598107716973e-05,-8.16011479960466e-05,-0.00114828564235214,5.4576338698098e-05,-0.00445548120669503,-9.54065597333908e-05,-0.000288675589330545,-0.00152566273218646,-0.00507345464045894,-0.00304440859997879,0.0001965322702695,-0.00778260837888567,-0.00360195826075138,-0.00011948561285724,-1.22368427968311e-05,-1.84829184837199e-05,-0.00186438991519378,-0.00275429298378427,-0.000962291751974043,5.4576338698098e-05,-4.43602247361952e-05,-1.56973973464147e-06,-0.00778260837888567,-0.00278755995510238,-0.000350274075478829,-6.16040423242481e-05,-0.00275429298378427,-0.00130478444950377,-9.54065597333908e-05,-8.84551351365559e-05,-0.00250020563533226,-0.0050553174576935,-2.48164464897727e-05,-0.000147004652824911,-0.000102457481286677,-0.000280136419685384,-0.00287531968328558,-0.000260117419270678,0.000503631833696616,-0.00681805001045976,0.000187383610883884,-0.0011371872106567,-0.000206685782357496,-6.16040423242481e-05,0.000232546631016461,-0.00339934236602701,-0.00500350611462697,0.000157163014317341,6.53376089552182e-05,-0.00214723663099381,-0.000331627999280215,-0.000280136419685384,-0.00130069157357049,-0.00621865628769847,7.58045967863552e-05,-5.91601432491373e-05,5.4576338698098e-05,-0.00225095036460665,-0.00114563737957685,-6.16040423242481e-05,-0.000228428857901086,-0.00236877116432943,6.25336014845601e-05,-0.00178128425022717,-0.000196824227713499,-6.8851910740797e-05,-0.000585155723961783,-0.00621865628769847,5.4576338698098e-05,-6.16040423242481e-05,-0.00343099468937869,-0.000925450173762776,0.000203842336663485,-0.00125245328061396,-0.00119796763502666,-0.000941664509551465,-0.0052777709794638,-0.00548712160982845,-0.00165210173459052,7.58045967863552e-05,-0.00105061765719494,-6.16040423242481e-05,0.000152207038775387,0.168131517708902,-0.00343099468937869,7.58045967863552e-05,-0.00126667026283478,-0.00170553205307122,-0.000700748583569499,-0.00222415337093285,-0.000980161531926704
"8:126367111:C:A",1.5694293143298e-05,-3.14663334792797e-05,-0.00155997130854502,5.67631109964495e-05,-0.00166828995877566,-3.14663334792797e-05,-2.72985728964059e-05,5.25413771201855e-05,-0.000980332648532922,5.10250433825021e-05,-0.00311103537721635,-7.49452848403109e-06,4.82013232527834e-06,1.5694293143298e-05,8.13377107036217e-05,-3.14663334792797e-05,-7.49452848403109e-06,-0.00232880877963559,-3.6995431136333e-06,0.000116642072988782,-3.14663334792797e-05,-0.00341934143457134,1.5694293143298e-05,-2.12450007737175e-05,-1.94901843206807e-05,0.000164314236014818,-0.00298182731523422,1.91370806783553e-05,-4.72461941249946e-05,-3.14663334792797e-05,-0.00428064802103822,-0.00311103537721635,0.000165291698134951,-0.00225679726029604,7.02233505194272e-05,-0.00327989421598218,-7.93805560386218e-05,-0.0015538686769867,-3.6995431136333e-06,-5.58487821855636e-06,-0.00193215802101765,0.000147627986813781,-0.00162589284975923,1.91370806783553e-05,-1.3374121979659e-05,-0.000264038583274839,-0.00327989421598218,-7.49452848403109e-06,-0.00198475449978996,-2.12450007737175e-05,0.000147627986813781,-0.00112576279204646,-3.14663334792797e-05,-2.93689086134918e-05,3.33163392731706e-05,-0.00168493169836736,-7.49452848403109e-06,-5.6294201611351e-06,-3.35913772611107e-05,-9.51183465893735e-05,-0.00338367020054697,-6.91879399186135e-05,4.67334710370082e-05,-0.00152936850118035,0.000134749514342225,6.19114603939153e-06,-4.62584418148282e-05,-2.12450007737175e-05,-0.00208671907676461,-2.72985728964059e-05,-0.000138847650239526,5.55168423748142e-05,0.000100995946410443,1.39398687064585e-05,-9.1923111506631e-05,-9.51183465893735e-05,-0.00127181109974117,-0.00145355248438328,2.83144501054267e-05,-0.00231193628111992,1.91370806783553e-05,-0.000326617567676379,-3.16196527654355e-05,-2.12450007737175e-05,-7.69072598281184e-05,1.21628615339375e-05,-6.93278649031015e-05,3.49413505285057e-05,-6.73343776407265e-05,-0.00230296820414555,-0.000167918608294571,-0.00145355248438328,1.91370806783553e-05,-2.12450007737175e-05,0.000753700589650741,2.66634053405213e-05,-6.15279719156092e-05,-0.000965908872728072,-6.27225737339643e-05,-0.00236288061303558,7.75392267460262e-06,-1.10930272114729e-05,-0.00165949519667485,2.83144501054267e-05,-4.94538724771232e-05,-2.12450007737175e-05,5.40385236051932e-05,-0.00343099468937869,0.0673692684562051,-0.000127644030025742,-0.001028566091688,1.95297360221502e-05,-6.96807911948483e-05,2.66034949421012e-05,3.63359797024287e-05
"8:126370509:A:G",-9.40532796178672e-06,1.66307731364057e-05,-0.00442065095001087,-0.000121210624301149,-3.04879999832863e-05,1.66307731364057e-05,1.46565699239432e-05,-3.21812803498744e-05,-0.00288369147624046,-3.13693215634459e-05,3.91545444378139e-05,3.70528725834873e-06,-3.92085410805265e-06,-9.40532796178672e-06,-0.00129455087189712,-0.00217437618179517,-0.00194390734428396,-0.0029253610990887,1.83548645527054e-06,-0.00168407596177378,1.66307731364057e-05,-0.000187820417372642,-9.40532796178672e-06,1.17616158847866e-05,9.52984933366707e-06,1.46565699239432e-05,2.70674954307992e-05,-1.11647665104186e-05,2.52474957518345e-05,-0.00217437618179517,4.96778290628441e-05,3.91545444378139e-05,-0.000112945478894844,-0.00283461030224696,-0.000507905319445001,-0.000172668810285437,4.07751497872866e-05,-0.00121513244706239,1.83548645527054e-06,2.76604118898405e-06,-0.00332878522198232,-0.00173306352498948,-2.58216182409399e-05,-1.11647665104186e-05,6.57633237732824e-06,-0.00222790266183548,-0.000172668810285437,3.70528725834873e-06,-0.0013277452231657,1.17616158847866e-05,-0.00173306352498948,5.30035055543721e-05,1.66307731364057e-05,-0.00228934096752553,-2.0160145389525e-05,-0.00192562628329629,3.70528725834873e-06,-0.00251411469511531,1.76314827617929e-05,4.85876520892603e-05,5.64139191245872e-05,3.38181576546859e-05,-0.000182707818118466,-0.000324125037948875,-0.00127192816481347,-6.33676836159225e-06,-0.00244331352159666,1.17616158847866e-05,-0.00336497775723021,1.46565699239432e-05,6.7318285293716e-05,-3.37811134523136e-05,-6.58730571556632e-05,-8.51301664450688e-06,4.49570661524845e-05,4.85876520892603e-05,1.46565699239432e-05,-7.52934310552789e-05,-0.00145921322251219,-9.7965969211522e-05,-1.11647665104186e-05,-0.00151489922519144,-6.18780650061268e-05,1.17616158847866e-05,3.96985523414273e-05,-7.6121570797838e-06,0.000192261514562198,-2.10102682665081e-05,3.54837585296863e-05,-9.85774788917482e-05,7.83190368363051e-05,-7.52934310552789e-05,-1.11647665104186e-05,1.17616158847866e-05,-0.000127644030025742,-0.00261187883747382,0.000137020334164184,-0.00167722703522255,-3.37578457871857e-05,-9.27669727968095e-05,-0.000180875310584305,-0.00178899011511202,3.70528725834873e-06,-0.00145921322251219,2.62607718592989e-05,1.17616158847866e-05,-3.29851721811991e-05,7.58045967863552e-05,-0.000127644030025742,0.0643760578671531,-0.00177543132844349,-1.30486353002723e-05,3.65239225184055e-05,-1.6675046382808e-05,-0.0026480608120929
"8:126370524:G:A",3.73806620954653e-05,-8.03907514033142e-05,0.000355186815850672,-0.0032483377342869,-0.00981131432927906,2.54419407701434e-05,-6.90210335667629e-05,0.000127542303881789,-0.00012364539370413,-0.00214233751012571,-0.00128356583361455,-2.06007956364829e-05,7.22121967200451e-06,3.73806620954653e-05,-0.00180489001003803,-0.000245143982904317,-2.06007956364829e-05,-0.000388345321788108,-0.000148156530819676,-0.00434613201600875,2.54419407701434e-05,-0.00967561635447112,3.73806620954653e-05,-5.25106456290558e-05,-5.35918271458158e-05,-0.00111376213394454,-0.00132384665701579,-0.000892606783318151,-0.000117666625268242,-0.000245143982904317,-0.000717717768632831,-0.00128356583361455,-0.000956492147885513,-0.00039065918772252,0.000170715087296713,-0.010039503867163,-0.000198942319494577,-0.00815664442616626,-0.000148156530819676,-1.53507976072831e-05,6.13531108903942e-05,-0.00445017189426622,-0.00990592707901339,-0.000892606783318151,-3.67683886048908e-05,-0.00117081609300307,-0.010039503867163,-2.06007956364829e-05,-0.00448005555889885,-5.25106456290558e-05,-0.00445017189426622,-0.000264050136741467,-8.03907514033142e-05,-7.46686696819765e-05,-0.00228122430813826,-0.00474000551885023,-0.00369602731525553,-0.000176621847467473,-0.00121990668888294,-0.000235819495637557,-0.000286255803666258,-0.00883440743687824,-0.00345293061578111,-0.0028624935254502,-0.000876690519338474,4.13660667142324e-06,-0.000270263069523935,-5.25106456290558e-05,0.000202788304910939,-6.90210335667629e-05,-0.00107292039337725,0.000135958650584023,-0.00205252558774571,3.25162218128838e-05,-0.00135219614916426,-0.000235819495637557,-6.90210335667629e-05,0.000309935853860743,-0.000140376356548622,8.06789132745678e-06,4.69247768046799e-05,-0.00141938470344272,-0.00131048829362834,-5.25106456290558e-05,-0.000192286892137794,2.75886024683203e-05,-9.03538012551053e-05,8.46977018760242e-05,-0.000166532201189007,-2.12691678402877e-06,-0.00132479282699105,0.000309935853860743,4.69247768046799e-05,-5.25106456290558e-05,-0.001028566091688,-0.000100250194176255,-9.56414006481054e-06,0.000966562145944039,-0.0012795902743874,-6.83428242549411e-05,-0.000551567136855446,-3.69533215263118e-05,-2.06007956364829e-05,-0.000140376356548622,-0.00012364539370413,-5.25106456290558e-05,-0.00182183398421731,-0.00126667026283478,-0.001028566091688,-0.00177543132844349,0.147057389197813,-0.00265978143820078,-0.000172844203917499,-0.00169777300334584,-0.0026630772510039
"8:126374964:A:C",-6.91121380658188e-06,1.17629355909088e-05,-0.000893685290526136,-6.58640488682138e-05,-0.000774911559761726,-0.0023030404117117,-0.00191798891871908,-0.000265583769250455,1.81754753523222e-05,-0.0012783013121398,-0.00194429885684144,-0.00233345885323999,-2.78171251721915e-06,-6.91121380658188e-06,-0.00140570774165383,1.17629355909088e-05,2.71026847187272e-06,-0.00282964108048489,1.34687225195051e-06,-0.000153020775602641,-0.0023030404117117,-0.000513331867639799,-6.91121380658188e-06,8.36296320194663e-06,6.89985262614101e-06,1.03923276615348e-05,-0.0020517464352432,-8.25068879617419e-06,1.75025069415469e-05,1.17629355909088e-05,-0.00132757685710772,-0.00194429885684144,-0.000447397724569143,-0.00280704851695646,-0.00113457020597263,-0.000515578752643187,-0.000118548842020338,-0.00684424556887286,1.34687225195051e-06,2.02650192271392e-06,-8.04441583390769e-05,-0.000184223568437503,-5.52847309007731e-05,-8.25068879617419e-06,4.78642187129452e-06,3.76953659468882e-05,-0.000515578752643187,-0.00233345885323999,-0.000551187574369116,8.36296320194663e-06,-0.000184223568437503,-0.00166964852880902,1.17629355909088e-05,1.10758730951233e-05,-0.00136598899762141,-0.00223836712275016,2.71026847187272e-06,-0.00377522021515642,1.24534946808197e-05,-0.00367827377863783,-0.00176393489512616,-0.0021240608446691,-0.00189050306724914,9.22151065374521e-06,-0.00400345703914251,-0.00183139753843786,-0.00038678925386737,8.36296320194663e-06,-0.00132305769744345,1.03923276615348e-05,4.2135111412378e-05,-0.00315230747703144,-0.00450007896786797,-6.23458873860727e-06,-0.00197507366285077,-0.00367827377863783,1.03923276615348e-05,3.14079621031027e-05,-1.30486353002723e-05,-4.08940972969063e-05,-8.25068879617419e-06,-2.95056943322436e-05,-0.000624498856511391,8.36296320194663e-06,-0.00645715717052919,-0.00171408196558964,-0.00236077586194128,-1.57479406226457e-05,2.40502875197279e-05,-3.68449708947338e-05,4.74335174747154e-05,3.14079621031027e-05,-8.25068879617419e-06,8.36296320194663e-06,1.95297360221502e-05,-0.00365746962603719,-0.00264315276838278,-0.00278478065068555,-0.000735011726213042,-0.00124238113198594,-0.00234625547492318,-0.00191368259516622,2.71026847187272e-06,-1.30486353002723e-05,1.81754753523222e-05,8.36296320194663e-06,-2.51730390710136e-05,-0.00170553205307122,1.95297360221502e-05,-1.30486353002723e-05,-0.00265978143820078,0.113648258908927,2.47066231615634e-05,-1.2361117714299e-05,-0.00362499586469411
"8:126375529:G:A",2.02826054538363e-05,-4.09125606770644e-05,0.000192467754967396,7.24960013611664e-05,5.78758024474268e-05,-4.09125606770644e-05,-3.54461511440363e-05,6.86016358910635e-05,-6.38300164697014e-05,6.65331888098919e-05,-0.000815886426242862,-9.94031986323307e-06,-0.00114819299166857,2.02826054538363e-05,-0.00359047359935261,-4.09125606770644e-05,-9.94031986323307e-06,-0.00365568825300944,-4.91064531615848e-06,-0.00549747063707606,-4.09125606770644e-05,-0.000847145396953408,2.02826054538363e-05,-2.74904783212904e-05,-0.000975820494010016,-3.54461511440363e-05,-0.000884568512586448,2.48945964180791e-05,-6.09577816099716e-05,-4.09125606770644e-05,-0.00012496581321475,-0.000815886426242862,-0.00476311053030987,-0.00358178242780305,9.20065186944541e-05,-0.000843774694136989,-0.00010199185157056,-4.37773471961833e-05,-4.91064531615848e-06,-7.41033550344383e-06,3.42188225843643e-05,-0.00540760413133157,4.56542727196307e-05,2.48945964180791e-05,-1.77176378848287e-05,-0.000655906154694463,-0.000843774694136989,-9.94031986323307e-06,-0.00134824284450197,-2.74904783212904e-05,-0.00540760413133157,-0.000135124383051632,-0.00476483177291964,-3.81626973471327e-05,-0.00200195357638933,-0.00104977582123134,-9.94031986323307e-06,-0.00762875932493667,-4.36963567382875e-05,-0.000121663116568804,-0.000145675574092508,-0.000979582846764693,-0.00438682999655793,-0.00443222935552789,0.000178367084004094,-0.000996854740496822,-0.00433581181904685,-2.74904783212904e-05,0.000110206808472846,-3.54461511440363e-05,-0.000176628592438277,7.26646350033278e-05,0.000132852301126363,1.79349334645806e-05,-0.000866539726645854,-0.000121663116568804,-3.54461511440363e-05,-0.000224997608922806,3.65239225184055e-05,-0.00108305694848276,2.48945964180791e-05,-0.00112592941789291,-0.00432978760261804,-2.74904783212904e-05,-9.88113202815555e-05,1.55588045096522e-05,3.46977187533071e-05,4.54682296977538e-05,-8.6474325406094e-05,-0.00109235738329971,-0.000749893519079947,-0.000224997608922806,2.48945964180791e-05,-2.74904783212904e-05,-6.96807911948483e-05,-0.0117266303158079,9.8609990880405e-05,-0.000203974676721508,-0.00433958202693407,-0.00104121285339698,8.08758851178482e-06,-0.000939912161272538,-9.94031986323307e-06,3.65239225184055e-05,-6.38300164697014e-05,-2.74904783212904e-05,7.06453039134303e-05,-0.000700748583569499,-6.96807911948483e-05,3.65239225184055e-05,-0.000172844203917499,2.47066231615634e-05,0.113963812887126,-0.0013539398559379,-0.0116749437503669
"8:126377522:C:T",-8.91692026350199e-06,1.56838552305416e-05,-0.000843859332456454,-0.000102427850749542,-2.90151464170663e-05,-0.00216505411164913,-0.00252514139221915,-3.06835158720986e-05,2.46846678084722e-05,-2.99014887756854e-05,-0.00202033440340621,3.51331481862616e-06,-0.00170095835956996,-8.91692026350199e-06,-0.000832799313765342,1.56838552305416e-05,3.51331481862616e-06,-5.486393194154e-05,1.74119570406361e-06,-0.00491616150549667,-0.00216505411164913,-0.00245687995136112,-8.91692026350199e-06,1.10980885885681e-05,-0.00185278327299621,1.38260418767189e-05,-0.00192655470667358,-1.05953242170997e-05,2.37370266198411e-05,1.56838552305416e-05,4.63457092605424e-05,-0.00202033440340621,-0.000109371327577712,-4.24056186352217e-05,-4.18880120127696e-05,-0.00240245809976791,3.81602578434226e-05,-0.00533409592251832,1.74119570406361e-06,2.62334352107985e-06,-1.58287408016378e-05,-0.00482276863934938,-2.45248077108684e-05,-1.05953242170997e-05,-0.00241626474825374,-0.00226878930323782,-0.00240245809976791,3.51331481862616e-06,-0.00279801895092913,1.10980885885681e-05,-0.00482276863934938,4.93993420844774e-05,1.56838552305416e-05,1.47509723840145e-05,-1.91662664814629e-05,-0.00202621516508827,3.51331481862616e-06,-0.00243168831830243,1.6624779322072e-05,4.53429661684268e-05,5.25222374267997e-05,-0.00498813414868327,-0.00134156914893424,-0.00180625602321705,-8.83075830167002e-05,-0.00526831613504353,1.93202832150519e-05,1.10980885885681e-05,-5.14917646325941e-05,1.38260418767189e-05,6.24161342193119e-05,-3.22250680149239e-05,-6.32421550923468e-05,-8.0662135033549e-06,-0.00468733766092821,4.53429661684268e-05,1.38260418767189e-05,2.70083895816953e-05,-1.6675046382808e-05,-9.10874805475359e-05,-1.05953242170997e-05,-0.00154877923254215,-7.14312620955226e-05,1.10980885885681e-05,3.71632216884521e-05,-0.00288149080781963,-0.00167809154573906,-1.99811247156845e-05,3.32526949335943e-05,-0.000108627289163721,-0.00422475026140745,2.70083895816953e-05,-1.05953242170997e-05,1.10980885885681e-05,2.66034949421012e-05,-1.97804917991817e-05,-0.00150363019251998,-0.00160056628655258,-4.50626006882615e-05,-0.00111242788013044,-0.00165463526651788,-0.00510801255804427,3.51331481862616e-06,-1.6675046382808e-05,2.46846678084722e-05,1.10980885885681e-05,-3.14580076610227e-05,-0.00222415337093285,2.66034949421012e-05,-1.6675046382808e-05,-0.00169777300334584,-1.2361117714299e-05,-0.0013539398559379,0.102282738916545,-2.45248077117566e-05
"8:126379481:G:T",-1.35019897484767e-05,-0.00515517974621282,-0.00412837747560868,-0.00251983281827695,-0.0011963837287281,2.20661501355579e-05,-0.00180234445792049,-0.000313600071342179,3.39311217736338e-05,-0.0123510994000631,-0.00037379963714379,5.01980999878526e-06,-0.000362797588844721,-1.35019897484767e-05,-8.25228407901335e-05,-0.00412192505436249,5.01980999878526e-06,-0.00316485656015075,2.49664291640528e-06,-0.000179543418044936,2.20661501355579e-05,-8.70751465198438e-05,-0.0016250282646082,1.58755854320347e-05,-0.000517782486037177,1.95754074541199e-05,-0.00048567216994666,-1.60127144956945e-05,-0.00362432833207738,-0.00412192505436249,-0.00291609347787247,-0.00037379963714379,-0.000194656481303568,-0.00307865975654398,-6.76962197116993e-05,-0.000424141227629793,-0.00328852097028509,-0.00314427511831195,2.49664291640528e-06,-0.00217793422745594,-0.00131579374695256,-0.000130405609659157,-0.000671494831861352,-1.60127144956945e-05,-0.002002463019803,-0.00102177758993616,-0.000424141227629793,5.01980999878526e-06,-0.000216424854398767,1.58755854320347e-05,-0.000130405609659157,-0.00254665497648432,-0.00868578145138077,-0.00184492525766444,-2.96566603985582e-05,-0.00677624391377574,-0.00209657047447642,-5.60705127439221e-05,-1.60343418453834e-06,-0.00241117114693878,-0.00349809741720808,-0.0111732633259427,-0.00301103952023096,2.1103551235413e-06,-0.000133577801346263,-1.86972792537432e-05,-0.0012225274208868,1.58755854320347e-05,-0.000274011607956481,-0.00263785598627653,-0.00142891824710123,-5.09987427088632e-05,-0.00285554009902445,-1.22346449540345e-05,-0.00925778530137578,-0.00241117114693878,1.95754074541199e-05,-0.000149462128699263,-0.0026480608120929,-0.000297169639666528,-1.60127144956945e-05,-5.01673328372476e-05,-0.00171824619280558,1.58755854320347e-05,4.90705803537494e-05,-0.00260000271780481,-0.00234341149338224,-3.09166984724385e-05,-0.00692166870080957,-0.000304241944853345,-0.0102667943916002,-0.000149462128699263,-1.60127144956945e-05,1.58755854320347e-05,3.63359797024287e-05,0.000162439198452269,-0.00821096205239868,-0.00278673161932019,-0.00177912056695639,-0.000358804394360313,-0.00228139200043653,-1.34345253588464e-06,5.01980999878526e-06,-0.0026480608120929,-0.00195559974972159,1.58755854320347e-05,-0.00431427563248121,-0.000980161531926704,3.63359797024287e-05,-0.0026480608120929,-0.0026630772510039,-0.00362499586469411,-0.0116749437503669,-2.45248077117566e-05,0.203226035175047
