"","12:47477993:A:C","12:47484308:A:C","12:47486762:A:C","12:47486936:T:A","12:47487620:A:G","12:47488239:A:G","12:47488722:T:C","12:47488744:C:G","12:47488807:G:A","12:47489157:T:G","12:47489508:A:G","12:47492512:G:A","12:47494503:G:A","12:47494778:G:A","12:47494920:C:T","12:47495380:A:G","12:47501815:A:G","12:47502419:C:T","12:47504161:C:T","12:47505325:G:A","12:47505609:A:G","12:47506172:C:A","12:47506872:T:C","12:47508853:G:A","12:47509942:C:T","12:47514504:G:C","12:47514623:T:C","12:47515797:G:A","12:47515924:G:A","12:47516271:T:G","12:47517971:C:T","12:47523353:T:C","12:47523384:T:A","12:47523982:T:G","12:47526328:T:C","12:47526874:T:G","12:47527623:T:C","12:47527782:G:A","12:47528867:T:C","12:47528946:G:A","12:47529273:C:T","12:47529806:A:G","12:47531003:A:G","12:47533650:G:A","12:47536610:T:A","12:47540435:A:G","12:47542807:T:C","12:47542844:C:A","12:47546599:T:C","12:47547616:G:T","12:47548076:A:C","12:47553238:G:A","12:47553280:G:T","12:47555878:A:G","12:47555914:A:G","12:47560653:A:G","12:47561741:C:T","12:47563837:C:T","12:47564959:C:T","12:47565618:T:G","12:47568203:C:A","12:47570235:C:G","12:47570329:C:T","12:47571308:T:C","12:47575088:C:T","12:47579502:G:A","12:47580712:T:A","12:47581120:C:T","12:47581920:A:G","12:47582930:T:C","12:47585314:T:C","12:47586906:C:T","12:47587682:T:A","12:47588408:T:C","12:47588869:T:C","12:47590896:C:T","12:47592097:G:A","12:47592201:A:T","12:47593129:A:G","12:47593580:G:A","12:47595476:G:A","12:47597202:C:A","12:47611344:T:G","12:47612878:T:G","12:47613070:G:A","12:47613176:G:C","12:47614432:A:G","12:47614967:G:A","12:47616426:T:G","12:47619154:T:C","12:47619610:C:T","12:47620102:T:C","12:47623111:C:T","12:47624433:C:T","12:47624986:G:A","12:47625089:G:A","12:47626316:C:G","12:47626581:T:C","12:47626921:T:C","12:47627351:A:G"
"12:47477993:A:C",0.108968562824191,0.00026627254608691,-0.000670813379481494,-0.000297168948416804,0.000971501594444923,-0.000961290318890917,-0.00493701948345748,-0.000319655047680278,-0.000299114468855777,-5.80769764084721e-05,3.50971275535628e-05,-0.00161555172176975,-5.11895670802787e-05,1.90576835228384e-05,-0.00952868316733202,-0.000974796419829005,-5.80769764084721e-05,-0.0015321176414762,-0.00418778940589792,0.000271588178054394,0.000289640232455923,-0.000195845248643245,-5.46524069786614e-05,-0.00110082759132268,7.3778283678827e-05,-0.00323927613793096,-0.000285669339173289,0.000287901335215501,0.000150045657035136,-5.46524069786614e-05,-0.000178469655793378,-0.00101801667144485,-0.000113708309993577,-4.31921647043865e-05,-5.46524069786614e-05,0.000159526091319862,-0.00334852353067294,-0.00151962144884088,1.90576835228384e-05,-0.000320884592875714,8.2236016003101e-05,-8.68096089767789e-05,-0.000339746640809935,-0.000683505171960697,-4.41464817981796e-05,-0.000210321715913508,-0.00148830671101585,0.00021352237093808,0.000299092611470542,-0.00157442372427763,-0.00108307642077943,-0.000164867916874201,-0.000443840749294822,-0.00964708827336835,-0.000797933237579151,7.3778283678827e-05,0.00026627254608691,-0.000683505171960697,1.33281703185162e-06,-0.00119158035425393,-0.00221099985730344,-0.000107373802979538,-0.000210321715913508,-0.000712041428159615,-0.000858869856267042,-0.000929803819240682,7.97213721384082e-05,-0.000292868136846813,-0.000339746640809047,8.75673060010129e-05,-0.00490725063345998,-0.000113708309993577,-4.41464817981796e-05,-0.000700767331869301,-0.000443840749294822,-0.00537645185141411,-0.000245186002127529,7.79833903745697e-05,0.000203542228121023,-0.0018844389477497,6.14402493743782e-05,-0.00129349100564902,-0.00784810396624103,-0.0020346647535785,-0.00268960601981361,0.000422420279750924,0.000150045657035136,1.13068240974457e-05,-0.00710078083286492,-0.000746759192345792,-0.00624245386208599,-0.000443840749294822,-0.000440946982307011,-0.000113708309993577,-0.000589899764251278,0.000136222164707434,-0.00200823026878716,-0.00114306990162039,-0.00339742142766042,-0.00274923313799125
"12:47484308:A:C",0.00026627254608691,0.0975387648011967,-0.00156405217498978,0.000171597119623002,0.00180025677841744,-0.00279184870490656,-0.00106570369913772,-0.000795148127147982,4.78928039715498e-05,3.44421869211686e-05,-3.32803872726828e-05,-0.00294941976923546,-0.00219503268138066,-1.80281564778895e-05,-0.000593268431740235,-2.55580215533513e-05,3.44421869211686e-05,-0.00012120105053004,-0.000479659912412167,-0.000179672457292668,-0.00114183199517015,0.000164789780694896,3.11363763598749e-05,-0.00197315609751847,-4.96988460998438e-05,-0.00227596805315766,-0.00242325905532148,-0.000194534389286183,-0.000102005825584506,3.11363763598749e-05,7.33862349404646e-05,-0.00202191547857566,6.5730862318425e-05,-0.00263801677366438,3.11363763598749e-05,-0.00011077384926228,-0.000199618367119569,-0.00251784113762898,-1.80281564778895e-05,9.43906748096524e-05,-5.75846067132346e-05,0.000233565338042752,0.000181882954625401,4.96778290628441e-05,-0.0015717492745928,0.000109132024355141,-0.0024125001564741,-0.00157538765472598,-0.000204769482021305,-4.96988460998438e-05,-0.00374195707504654,9.13997691842638e-05,0.000123708334462513,-0.000997391883009513,2.90341261850457e-05,-4.96988460998438e-05,-0.000994803752514706,4.96778290628441e-05,0.000119185093393703,-0.00111225218485078,-0.000174844368461713,5.94281785497586e-05,0.000109132024355141,0.000106103671388524,-0.00288750509648317,-0.00359391495774197,-0.00982411072959,0.000166641291450276,0.000181882954624513,0.000235660893705969,0.000239167400325258,6.5730862318425e-05,2.09732521723183e-05,-0.00166217658472867,0.000123708334462513,-0.00265545014215807,-0.0100732455769643,-5.36171468663582e-05,-0.00013386390062653,0.000359576795369243,-3.82299555399257e-05,-0.00023199871869295,-5.6768526706108e-06,-0.00181279357003472,-0.00792651107831599,-0.000286485857509788,-0.000102005825584506,-0.00132781873997612,-0.00253110507236975,0.000170420155889417,0.000262389280306863,0.000123708334462513,9.13997691842638e-05,6.5730862318425e-05,-0.00402991616548842,-8.9263729778466e-05,-0.000287226829726706,-0.00985576774129004,0.000270815686550741,-0.00319526414909799
"12:47486762:A:C",-0.000670813379481494,-0.00156405217498978,0.123150464237983,-9.3400967155155e-05,-0.00070131645884608,5.84625118138504e-05,-0.0110013692037905,-0.00128944047419299,-0.00053592204628039,-1.76534838702835e-05,1.31231337476834e-05,-0.00506438334712112,-1.49697469069565e-05,-0.00182974691817606,-0.00179428394933945,1.01057043462305e-05,-1.76534838702835e-05,-3.86951090289855e-05,-0.00255705621152202,8.07920633736359e-05,-0.00250063302919923,-0.000839112785977925,-1.63182227845837e-05,-0.00161652484420483,2.30930730173995e-05,-0.00126042405563886,-8.92855149290384e-05,-0.00183324246061467,4.63823078584724e-05,-1.63182227845837e-05,-0.000920067616215547,-0.0016869806419697,-3.45491024020816e-05,-0.00016664688120116,-1.63182227845837e-05,-0.00211972085545487,8.78932414760669e-05,-0.00173281448223506,-0.00256594807479615,-5.08913463770355e-05,2.61475800025224e-05,-0.000131997277731166,-0.000104024851876439,-2.8038411187481e-05,-1.2232381790156e-05,-0.00132804921813978,-0.00179788573354411,-0.00241613186253975,8.97093043290553e-05,-0.00200597796402491,-0.000353009883586441,-4.96688388649247e-05,-6.80511011559304e-05,-0.00743270615916369,-0.00327750836717478,2.30930730182877e-05,-0.00302735707257096,-2.8038411187481e-05,-0.00566327730367533,-7.91105631323674e-05,7.90565591346493e-05,-3.19844143152892e-05,-6.21175084489778e-05,-0.00287072934623378,-0.000172152726387154,-0.000284268739452642,-8.83393364201623e-05,-0.00550565808111436,-0.00010402485187555,-0.000132830875863021,-0.00263892315905689,-3.45491024020816e-05,-1.2232381790156e-05,-0.00338685271731176,-6.80511011559304e-05,-0.00123215942181698,-0.00133769383889648,2.46129950625118e-05,6.13040619805716e-05,-0.00219396180224063,1.86193093325571e-05,0.000101826045304954,-2.51806980262614e-05,-0.00359451288839896,-0.000304977648349247,0.000122707159481372,-0.0020606151864131,4.24672475141108e-06,-0.0112967640309396,-0.00220597573678205,-0.00177410573554049,-6.80511011559304e-05,-4.96688388649247e-05,-3.45491024020816e-05,0.000108823259854063,-0.00280191277464592,-0.00428853112752314,2.46359843862898e-05,-0.00274866197123114,-0.000285443369713256
"12:47486936:T:A",-0.000297168948416804,0.000171597119623002,-9.3400967155155e-05,-0.00969381552677007,-0.000828559435657183,-0.00101772010160595,-0.00017100519390123,0.000602485062518809,-7.56395846801539e-05,0.00182032951166722,-0.000502984915303095,-7.69393534163498e-05,-3.16165238061217e-05,1.35921568675812e-05,0.000160049366105142,-0.000172590289992058,0.00182032951166722,-6.21321802913855e-05,6.27807695074978e-05,0.000175310329149525,0.000713583503831217,-0.000124413572742732,0.000364864562459211,-0.00088011364445606,4.78576593110347e-05,5.1624371501191e-05,0.000631946298744523,0.000186708491690446,9.74973764780174e-05,0.000364864562459211,-0.000422141919612429,-0.000949659676708237,0.00124530636335951,-0.000383776252784962,0.000364864562459211,0.000104172953284021,0.000190596572446466,0.00147897597684921,-0.000225107462287433,0.000551772699231456,5.38459969749994e-05,-0.000258782307895444,-0.000208786642382108,-5.94451032789323e-05,-2.65456737542635e-05,0.000434244694269559,0.00135391970119247,-0.00199390183895876,0.000194530301768303,4.78576593110347e-05,-0.00027553671896019,-0.000102217119420267,-0.000138584597126901,-9.22587418079601e-05,4.31654019514838e-05,4.78576593110347e-05,0.000171597119623002,-5.94451032789323e-05,0.000510250621532649,-1.06201418059726e-05,0.000171597119623002,-6.65681616505154e-05,-0.000128465088999441,0.000176947798486538,-0.000142311395820549,2.79772144953228e-05,0.000424076386025263,0.00196905935850111,-0.000208786642382108,-0.000260048929302314,0.000541760938212121,-7.11841947049763e-05,-2.65456737542635e-05,0.000261261644165955,-0.000138584597126901,0.000226157232577684,0.000290086552899638,5.08349267462904e-05,0.000131226597476441,0.000284383426988555,3.91230750382832e-05,0.000224071898759171,0.000637183151999565,0.00140217892313999,9.22748672662621e-05,0.00027412208511457,9.74973764780174e-05,8.06387945928577e-06,-0.000525017722506682,-0.000622905464312318,-0.000295018176272421,-0.000138584597126901,0.000430836433807258,0.000846332181269283,-0.000130200072802289,8.7765465505818e-05,-0.00024087882918078,-0.000560772121922959,7.21420588529753e-05,-5.45583239111025e-05
"12:47487620:A:G",0.000971501594444923,0.00180025677841744,-0.00070131645884608,-0.000828559435657183,0.271951526846079,-0.000918880747830642,0.000643422896204449,-0.00608884841730184,-0.00110043973919449,0.000131100756489921,-0.00145886547340535,-0.00561375755573756,-0.00236888062493978,-0.00152373114882032,-0.0107042588408213,-0.00151309739928784,0.000131100756489921,-0.00193477546344401,-0.000313692938117782,-0.00903478262514579,1.37557820063527e-05,-0.000469927285160487,-0.00208376291176915,-0.00420923418367014,-0.005336845297089,-0.000230906094378369,-0.000206455365719727,-0.00356711783663499,-0.00402975115835247,-0.00208376291176915,3.2597492351627e-05,-0.00433922018436661,-0.00143337908038532,-0.000621783341888005,-0.00208376291176915,-0.00411966276766229,-0.00909505887738238,-0.000913234382867945,-0.00293874589648002,-0.00817341434747121,-0.00138882237296389,-0.0059125021453772,-0.00489044128700389,-0.000846439555882483,-0.00177402080126843,-0.00292936152296619,-0.000666933736262809,-1.88585152081089e-05,-0.00631810656246223,-0.000214503771776897,-0.00277834132259036,-0.00174021731962704,-0.00200543419775112,-0.00187663527189486,-0.000266905570662779,-0.000214503771776897,-0.00279034562277669,-0.000846439555882483,-0.0028915292249283,-0.00336193186891354,-0.00121568187188181,-0.00223153888269856,-0.00933568171100774,-0.000273408518413731,-0.00505837035429302,-0.00297263434743922,-0.0127384598331424,-0.00247672401290888,-0.010673471339782,-0.0033933377105555,-7.13363950355372e-05,-0.00143337908038532,-0.00059704278008077,-0.00317520034542085,-0.00200543419775112,-0.00227928705921698,-0.0113321282494514,-0.00134102053868368,-0.000562915929677388,0.000372683624306092,-0.000152288675246304,-0.0015867188191887,-0.00607218334173076,-0.00341708980408484,-0.00729393022517399,-0.0105978298574616,-0.00402975115835247,-0.00844618783534568,-0.0024761510007032,-5.31957058198529e-05,0.000947889494176124,-0.00200543419775112,9.36116220007222e-06,0.000244131524708813,-0.00275812592787528,-0.00112049101594902,-0.000876327110445274,-0.00943065264141518,-2.57882198422266e-05,3.20556876793887e-05
"12:47488239:A:G",-0.000961290318890917,-0.00279184870490656,5.84625118138504e-05,-0.00101772010160595,-0.000918880747830642,0.37386163437291,-0.00624748235586425,-0.00135534985983732,-0.00409067613277525,-0.000608915909263708,-0.00126006823630931,-0.00045621577083832,-7.77535989815448e-06,-0.000126437082520248,-0.0121288280658747,-0.000212687742376261,-0.000608915909263708,-0.00365905001401323,-0.00286318879494862,-0.000974392906886834,-0.00423531234441832,-0.00359937345835881,-0.00608839843436293,-0.00892615774845673,-0.00380700098123121,-0.00209398029594299,-0.00436027237984771,-0.00140523631197809,-0.000171181899117911,-0.00608839843436293,-0.00392554632171827,-0.00978689334723937,-0.00598512307038312,-0.00173009195073481,-0.00608839843436293,-0.00463532048926574,-0.00203832257117753,-0.00428506033028508,-3.1538482467397e-05,-0.0047589576383924,-0.00285314885162524,-0.00101836746761119,-0.00206532778670443,-0.00217519353458506,-0.000379786738137433,-0.000865699418596044,-0.00434307388940569,-0.0015386867843814,-0.000581032474173071,-0.000301211086446429,-0.00391078085551566,-0.00603214834957111,-0.0102919924976401,-0.00811603916761383,-0.00711560040394943,-0.00386919847961398,-0.0088957213791554,-0.00217519353458506,-0.00291695472092801,-0.00573524282274107,-0.00205606462078212,-0.00131635495470572,-0.00316833120511006,-0.00513271215293454,-0.0020246736149967,-0.00172779362457032,-0.0152245049915116,0.000264048029595898,-0.00712573764787816,-0.00278691801932673,-0.014890331324366,-0.00244650926641654,-0.0024192414775861,-0.000293357319073984,-0.00780360894494425,-0.000282588509308734,-0.0135296092083239,-0.00036364585050741,-0.00017027985950957,-0.00129762463463257,0.00045649616266541,-0.00532944906921706,-0.0140267399780529,-0.00444926013222924,-0.00274858045229642,-0.00271376645821242,-0.0011752978786328,1.59876701566475e-06,-0.0173329598324483,-0.00301176559588257,0.000270227071828444,-0.00780360894494425,-0.00395829091553246,-0.00248710077971825,-0.00329732775138103,-0.0047279296793814,-0.00590403391094441,-0.00274701666805788,-0.00650136100959964,-0.00312740145182477
"12:47488722:T:C",-0.00493701948345748,-0.00106570369913772,-0.0110013692037905,-0.00017100519390123,0.000643422896204449,-0.00624748235586425,0.24310479370229,-0.00118855370695048,-0.00152251716168639,7.58464417689453e-05,2.20605780736349e-05,-0.000512542374975666,-5.74236732244771e-05,-0.00432882980314364,-0.0053443437163847,-0.00188158143929495,-6.48234117601731e-05,-0.00974950609690284,-0.00103133118253851,-0.00278033254331422,-0.00109787585685561,-0.00156824698075297,-6.11432523625055e-05,-0.00754040253287203,-0.00156241632803589,-0.00217582709425468,-0.00228974279260008,-0.00901554657624803,0.000158029286710715,-6.11432523625055e-05,-0.00184655641869291,-0.00762794060634109,0.000258420733753262,-0.000640151005715239,-6.11432523625055e-05,-0.00922206789648072,-0.00301573180936643,-0.00328493836695065,-0.00086429453864767,-0.00124830737977533,-0.00189473338790602,-0.000900858260682647,-0.00091540208771157,-0.00204344239147769,-0.00168626321414056,-0.000761702047140211,-0.00330040992003067,-0.00238616650699885,-0.000810504542744006,-0.00929579154312599,-0.00875562051728229,-0.000602505279939436,-0.000246929036110899,-0.0031521226004454,-9.65923059599305e-05,-0.00183154611642067,-0.00296361555047842,-0.00204344239147769,-0.00332294200570615,-5.78730559190888e-05,-0.000140054342595342,-4.45418114498608e-05,-0.000614441987878855,-0.00175803183246259,-0.000777651255576828,-0.00367401789671895,-0.00525868175548672,-0.00178503668240371,-0.00523197368450745,-0.00141132861453386,-0.00228825515755471,-0.000129022801673706,-0.00153729243959599,-0.00037305264335874,-0.000246929036110899,-0.000741307873591168,-0.00762530916834248,8.35166290142908e-05,-0.000687593149166332,-0.00505165791858353,6.63163588541238e-05,0.000168072534659558,-0.00226754360235626,-0.00187839652734922,-0.00709366315775251,-0.00125991678368109,-0.00164768866220033,1.19833834997252e-05,-0.00456384517602082,-0.00225677046725892,-0.00186511880038509,-0.000246929036110899,-0.00277459956156623,-0.000925184521363143,0.000304148882825039,-0.00689158794408851,-0.000806021159067249,-0.0120201841980196,-0.000146443112691408,-0.0067402349174488
"12:47488744:C:G",-0.000319655047680278,-0.000795148127147982,-0.00128944047419299,0.000602485062518809,-0.00608884841730184,-0.00135534985983732,-0.00118855370695048,0.109161772498768,-0.00246709867505324,0.00012093795513124,-0.000160756039064403,0.000122137909656317,8.84778305616507e-05,-8.68991579068279e-05,0.000124886661515333,-0.0001233226596149,0.00012093795513124,-0.000228592569524899,-0.000409118607270997,-0.000913247945667273,-0.00335716474130088,0.000334448700935575,0.000104814556743271,-0.00137028013176499,-0.000441701183858001,-0.0012579298927653,0.000549672309497318,-0.00115783852562501,-0.000749058931512891,0.000104814556743271,-0.000300584864698195,-0.00138020832414787,0.000226337923430187,-0.000421062500329583,0.000104814556743271,-0.00110498195619435,-0.00121896280315603,-0.00677896664956501,-0.00148521730349849,-0.00212913043510454,-0.00101496855536176,-0.00127715506207959,-0.002204748119504,-0.00136504810412053,-0.00142585393973071,-0.00120665745059068,-0.00389494999303297,-0.000547634907023919,7.59476089360334e-05,-0.000193465588526287,-0.00428041474002638,-0.00458914014683298,-0.00131278987763483,-0.000220499040847422,-0.00257874543766068,-0.000193465588526287,-0.000654574074824943,-0.00136504810412053,-0.00169104837456047,-0.0034308020560303,-0.000654574074824943,0.000195074683714935,-0.00256060203478548,-0.00287546412856265,-0.00130787086651996,-0.00116556436696236,0.000331336897691159,0.000576428510293603,-0.0020886513747298,-0.00108846186147549,0.000355256870956389,0.000226337923430187,5.51472852947654e-05,-0.00106765083425397,-0.00328823119837374,-0.00489870724149277,-0.00203263504038231,-0.000543417747034702,-0.000802282201271431,-0.00085217547710581,-0.000138867429184231,-0.00087846793345836,-0.00101292344212833,0.000284554385672209,-0.0044748442668241,0.000182560573444235,-0.000749058931512891,-5.14453431579298e-05,-0.00275296014132165,5.17799214874159e-05,0.00089546326554224,-0.00328823119837374,0.00030288221672059,0.000226337923430187,-0.000340194546754269,-0.00033761763117468,0.000248367605037103,-0.00365143724203865,0.000406956166195904,-0.00125250506974872
"12:47488807:G:A",-0.000299114468855777,4.78928039715498e-05,-0.00053592204628039,-7.56395846801539e-05,-0.00110043973919449,-0.00409067613277525,-0.00152251716168639,-0.00246709867505324,0.130127795349548,-3.88068807168906e-05,9.98906733684635e-06,-5.47514131170601e-05,-1.18868524134896e-05,-0.00468962952280272,-0.000643666870275172,-0.00206862628165094,-1.41471301722262e-05,-0.00194192673504912,1.78799056342882e-05,-0.000226033968080408,-0.000984604844494363,-0.00390144644747092,-1.30197241858809e-05,-0.000732895304929038,-0.000492929208888881,-0.000885899458597628,-0.00114812314105794,-1.85604758256019e-05,-0.000171519789178731,-1.30197241858809e-05,-0.0043844403825819,-0.00080098431919895,-0.000991714315671466,-0.00048868076161579,-1.30197241858809e-05,-0.000222918106482339,-0.0013290115110518,-0.00646938179672851,-0.000704585828518844,-0.000852348338628239,-0.00179567225699451,-0.00130478864803418,-0.000171144464985673,-2.2892126904317e-05,-0.00252044623288583,0.000203542712379878,-0.00569373299201104,4.13931422604819e-05,-0.00555464365995206,-0.00171154424690556,-0.00542972454176605,-0.00233365726206092,-0.000203596545094165,-0.00224588923618096,-3.40359710895299e-05,-0.00172650226010962,4.78928039715498e-05,-2.2892126904317e-05,-0.00497982969076594,-0.00203819256777393,4.78928039715498e-05,-0.00147068919950932,-0.00014180411817577,0.000184279189602954,-0.00664384687017616,1.27493006614188e-05,-0.00117614757277096,0.00103641687420009,-0.00142728274658666,-0.00205482277575531,-0.000206393143527883,-2.86990421605182e-05,-0.00181257116300326,0.000151455259737254,-0.00140065802250877,-0.000670503676577283,-0.000466207526948814,-2.53852893576934e-05,-0.00507489551274354,-0.00273609881166426,1.36769706271522e-05,-0.00123442218420422,-0.00274184464814242,1.1068604176323e-05,-0.000262435372855752,-0.000169991592877672,-0.00110070535643647,3.3002112154179e-06,-0.00325300487636282,-0.0019003893829419,-0.00225299760145781,-0.00140065802250877,-0.00138931485994664,-0.000991714315671466,2.79008629373578e-05,2.86697254017199e-05,-9.59098068937791e-05,-0.00669187882418765,-0.000256736431287763,-0.000746615343691914
"12:47489157:T:G",-5.80769764084721e-05,3.44421869211686e-05,-1.76534838702835e-05,0.00182032951166722,0.000131100756489921,-0.000608915909263708,7.58464417689453e-05,0.00012093795513124,-3.88068807168906e-05,-0.00466691116736584,5.71814736360921e-06,-1.37311739321078e-05,-6.04854356645035e-06,3.10528250935249e-06,4.53702133738076e-05,-0.000217683690545201,-7.19518179792544e-06,-6.31390227958661e-05,1.43318736647302e-05,3.5261682954868e-05,8.87527843573821e-06,4.27634239805741e-05,-6.62502903825413e-06,0.000299552555621752,9.75585167317661e-06,1.31714454720822e-05,0.00074519584326449,3.77767673542806e-05,1.98720172566169e-05,-6.62502903825413e-06,3.46888941571422e-05,0.00031253217145899,-1.39172413762267e-05,-1.8772382386345e-06,-6.62502903825413e-06,2.13671921578396e-05,3.86345403988742e-05,8.93924811000701e-05,3.10528250935249e-06,-2.02658133652278e-05,1.1109647894969e-05,-5.06252384715467e-05,-4.01318248322013e-05,-1.11647665104186e-05,-4.87614766786493e-06,-2.43520230869265e-05,9.15401500343194e-05,2.79694569185196e-05,3.95023018455731e-05,9.75585167406479e-06,-0.000118223388551719,-1.97551825218412e-05,-2.68138113037608e-05,-1.3238261511006e-05,-7.64722095603076e-06,9.75585167406479e-06,3.44421869211686e-05,-1.11647665104186e-05,8.66251441706822e-05,-1.19543099152963e-06,3.44421869211686e-05,-1.28347736954026e-05,-2.43520230869265e-05,-2.38421687068779e-05,-2.56919697676494e-05,6.3902641498359e-06,6.06753196175092e-05,-3.5740978083787e-05,-4.01318248322013e-05,-5.09658463627716e-05,-5.38189019421154e-05,-1.39172413762267e-05,-4.87614766786493e-06,-4.73746678535392e-05,-2.68138113037608e-05,-5.38189019412272e-05,7.6064985314872e-05,1.04289585758366e-05,2.64147541377824e-05,0.000584826651321535,7.78077916763209e-06,4.5121515134916e-05,0.000146850851043823,-5.52010366865474e-05,7.66736857302774e-05,5.5239760258452e-05,1.98720172566169e-05,1.84244523282473e-06,3.9605077985172e-05,2.7707570054325e-05,-5.74640607844401e-05,-2.68138113037608e-05,0.000482772846424062,0.000873816771861158,4.87700451765605e-05,1.7691803494202e-05,-4.58137584571361e-05,-0.000162659512010777,-6.13804564926212e-05,-1.00193110492697e-05
"12:47489508:A:G",3.50971275535628e-05,-3.32803872726828e-05,1.31231337476834e-05,-0.000502984915303095,-0.00145886547340535,-0.00126006823630931,2.20605780736349e-05,-0.000160756039064403,9.98906733684635e-06,5.71814736360921e-06,0.151125726653543,-0.00221461743685847,4.77446002555837e-06,-2.75741018462838e-06,-0.000367712557864941,-3.93007822285796e-06,5.71814736360921e-06,-0.00416508966621532,-1.38304381627208e-05,-0.00733302597245089,-0.00355674556292396,-0.0024361665791135,-0.00528241292537679,-0.000586866918077078,-8.52861492628421e-06,-0.00223843968621118,2.40193039928727e-05,-0.00142558631864009,-1.81845992948126e-05,-0.00528241292537679,-0.00235424890889124,-0.000593471313576899,-0.00296853033602229,-2.26805979721689e-05,-0.00528241292537679,-0.00165849612961289,-0.00287147910590857,-0.00656732918692793,-2.75741018462838e-06,-0.00138456049228441,-9.82821391737332e-06,-0.00088614471543913,-0.00565358708641295,8.53597609928869e-06,3.79730094479669e-06,-0.00464630898784879,-0.00602238946815792,-0.00645903044505758,-0.000132471261638401,-8.52861492628421e-06,-0.00206684330430207,1.46641472271725e-05,1.92162292380615e-05,-0.00208861477058608,-0.000815482579373139,-8.52861492628421e-06,-3.32803872726828e-05,8.53597609928869e-06,-0.00467346831862869,6.48473122311088e-07,-3.32803872726828e-05,9.84497159262077e-06,-0.00539040880545638,-0.00170722877132512,-0.00473126528151013,2.81478344632546e-07,-0.00396189095661947,-0.00211971626328111,-0.00281322639655723,3.21440386601424e-05,-0.000471978829861719,1.06799891499421e-05,-0.00197277486474512,-0.000302147727033741,1.92162292380615e-05,-0.000110135090551466,-0.00469069594063676,-9.1726840203421e-06,-0.00129269579713753,-0.0013159997797052,-6.66255284098582e-06,-4.56440449712048e-05,-0.0065792429373861,-0.000183242801572447,-0.00194103649970234,-0.00028383587055103,-1.81845992948126e-05,-1.6255004089416e-06,-0.00316619552923836,-0.00240994210749612,3.48280462283412e-05,1.92162292380615e-05,1.46641472271725e-05,1.06799891499421e-05,-0.00129549378368488,-1.59437907267801e-05,2.9511258292203e-05,-0.00779594056249433,-0.00122749842000225,-2.68486062671158e-05
"12:47492512:G:A",-0.00161555172176975,-0.00294941976923546,-0.00506438334712112,-7.69393534163498e-05,-0.00561375755573756,-0.00045621577083832,-0.000512542374975666,0.000122137909656317,-5.47514131170601e-05,-1.37311739321078e-05,-0.00221461743685847,0.164395377218665,-0.00334476277804896,-0.00229502717990204,-0.000542098130218882,-0.00193327095925788,-1.37311739321078e-05,-0.00710503704571774,-3.36065675519137e-05,-0.00294547583231264,-0.00809500412094932,-0.000583208831971938,-1.26566734781619e-05,-0.00400078903981083,1.73958693991949e-05,-0.00126126418851857,-0.00100809925197876,6.03986200218287e-05,-5.20463044360042e-05,-1.26566734781619e-05,-0.000512428093690787,-0.0040032057586008,-2.72311834867978e-05,-0.000793058513792744,-1.26566734781619e-05,3.64484012731481e-05,-0.00162191024009939,-0.00934484888289999,5.55173898764139e-06,-0.00113138499771015,-0.00198953453903172,-0.00011141205667542,-0.00621464580651487,-0.000116722343975084,-0.00271305897923657,-4.98498542480519e-05,-0.00896439889931155,-0.000346410259909113,-5.73398622227828e-05,1.73958693991949e-05,-0.00389245188635234,-3.95662184917711e-05,-5.49755432057708e-05,-0.00143684985947345,-1.51315177143729e-05,1.73958693991949e-05,-0.00125593739328522,-0.000116722343975084,-0.00247798958008882,-7.67762952360584e-05,-0.00131301195033195,-2.51134752291549e-05,-0.00590422736651952,-4.87952468644082e-05,-2.43554186480921e-05,1.13075177869959e-05,-0.00395492172375134,-0.000682393261298486,-0.00318658994756493,-0.000112186632577504,-0.000120973581408279,-0.000856827255942605,-9.38233674840916e-06,-0.00190639500159673,-5.49755432057708e-05,-0.00272925591378481,-0.00283936674159202,-0.00196311924859849,-0.00295183728241888,-0.000787546561662467,1.40354491824368e-05,-0.00141913558093698,-0.00332354811640556,-0.000684739996009043,-0.00921402558265516,-0.000170828051437866,-5.20463044360042e-05,-0.00242395065689482,-0.00323867903648578,-0.00202978254470043,-0.00200092591836309,-5.49755432057708e-05,-0.00125359643831491,-2.72311834867978e-05,-0.00185808634333284,-0.00159311081968561,-0.00148616854773831,-0.0034874608644655,-0.000111404015910033,-0.0016093321782904
"12:47494503:G:A",-5.11895670802787e-05,-0.00219503268138066,-1.49697469069565e-05,-3.16165238061217e-05,-0.00236888062493978,-7.77535989815448e-06,-5.74236732244771e-05,8.84778305616507e-05,-1.18868524134896e-05,-6.04854356645035e-06,4.77446002555837e-06,-0.00334476277804896,0.0660023073133589,2.59922868650619e-06,-0.00935362938326101,3.6758251447111e-06,-6.04854356645035e-06,1.43339544722565e-05,1.18683541430187e-05,-0.00229128747796015,8.07945729874859e-06,3.42764085417002e-05,-5.56340535684541e-06,3.69040508720886e-05,8.07742992225968e-06,-0.00183709432247969,-3.01021602879814e-05,3.03875849292368e-05,1.6287540694826e-05,-5.56340535684541e-06,2.80588954417738e-05,4.2617221780894e-05,-1.17731500148821e-05,-0.00316930723474762,-5.56340535684541e-06,1.74917431312593e-05,-0.0025065600307288,-0.00039007930201862,2.59922868650619e-06,-1.724452661378e-05,9.19074014404941e-06,-4.43234340936627e-05,-3.47843126320413e-05,-9.40532796178672e-06,-4.07845553240804e-06,-2.07861192382808e-05,-0.00033353623700183,-0.00250431688325925,3.17243815075585e-05,8.07742992314786e-06,-0.00357721464497196,-1.67990628288095e-05,-2.29563792695231e-05,-0.00400752319267905,-6.39635641697112e-06,8.07742992314786e-06,-0.00219503268138066,-9.40532796178672e-06,-0.00199690087389648,-9.68824868330387e-07,2.77901167908823e-05,-0.00125571585284945,-2.07861192382808e-05,-2.03377751537559e-05,-0.0043587203087565,5.33224939047727e-06,-0.00159277407615566,-3.08673735709419e-05,-3.47843126320413e-05,-4.46372050530996e-05,-0.00129228206133725,-1.17731500148821e-05,-4.07845553240804e-06,-4.13371336094315e-05,-2.29563792695231e-05,-0.00122433592566651,-0.00156609785791595,8.63133472250865e-06,2.14937076554733e-05,-7.2334695586207e-05,6.44794018178629e-06,3.60067982194678e-05,-6.32781751210842e-05,-4.85130956242585e-05,-0.00012584298961027,4.36077882044472e-05,1.6287540694826e-05,-0.00441217594619214,-0.00451727012104453,2.2557590326322e-05,-5.06182210413542e-05,-2.29563792695231e-05,-1.67990628288095e-05,-1.17731500148821e-05,3.88183826993682e-05,1.45250897141125e-05,-3.99083878024342e-05,-0.00189017307271566,-0.00134600356546954,-8.42338570539169e-06
"12:47494778:G:A",1.90576835228384e-05,-1.80281564778895e-05,-0.00182974691817606,1.35921568675812e-05,-0.00152373114882032,-0.000126437082520248,-0.00432882980314364,-8.68991579068279e-05,-0.00468962952280272,3.10528250935249e-06,-2.75741018462838e-06,-0.00229502717990204,2.59922868650619e-06,0.131874794978608,-0.000356991515633176,-2.10656857291269e-06,3.10528250935249e-06,1.69152215363511e-05,-0.00212640918711671,-0.00130522538172695,-0.00645794262691979,-2.35727268629304e-05,2.85442108349798e-06,-0.0120504291440859,-4.61503013315934e-06,-6.80949905174089e-06,1.30486525984352e-05,-0.00148574276132862,-9.83619880923214e-06,2.85442108349798e-06,-1.86000048829627e-05,-0.0119579171739366,5.80233390490292e-06,-4.90604104896875e-07,2.85442108349798e-06,-0.00172612952879891,-0.00152490923735371,-0.00667210836762777,-1.4783337469737e-06,8.17015595711013e-06,-5.31148930882352e-06,1.73645310495019e-05,1.4541439161242e-05,4.65333963894921e-06,-0.00204485737025717,-0.00178670355393962,-0.00678335781561312,-0.0015084346607912,-0.00152444096798732,-0.00296838091201135,-0.0010386002627385,7.97275796582397e-06,1.04449356639336e-05,-0.0006328479981077,-0.00203783215791908,-4.61503013227116e-06,-0.00120790354011735,4.65333963894921e-06,-0.00963446396483292,3.89097377428982e-07,-5.27761145745487e-05,5.35469331097715e-06,9.54665346952766e-06,-0.00181589289051498,9.851330069921e-06,-0.00229031341870112,-0.0018713714158638,1.33251346223773e-05,1.4541439161242e-05,1.74537522728002e-05,-0.00167232101727777,5.80233390490292e-06,2.07544683039629e-06,1.64854422539662e-05,1.04449356639336e-05,1.80196174843772e-05,-0.00313077348854485,-4.96022646601091e-06,-1.33831130524342e-05,2.2843342773804e-05,-3.61447029373352e-06,-7.23769828310239e-05,-0.00514509361141169,1.83661153574377e-05,-0.00674850078288713,-0.00130202428728854,-9.83619880923214e-06,-8.71670333246755e-07,-0.00460497716552855,-1.43386350908159e-05,1.89136194661543e-05,1.04449356639336e-05,7.97275796582397e-06,5.80233390490292e-06,-0.000364289767395221,-8.63561512787214e-06,-0.000369649984521381,-0.00890398549674565,-6.11849919440743e-05,-0.00196469622503592
"12:47494920:C:T",-0.00952868316733202,-0.000593268431740235,-0.00179428394933945,0.000160049366105142,-0.0107042588408213,-0.0121288280658747,-0.0053443437163847,0.000124886661515333,-0.000643666870275172,4.53702133738076e-05,-0.000367712557864941,-0.000542098130218882,-0.00935362938326101,-0.000356991515633176,0.338748620012886,-0.0148570986458951,4.53702133738076e-05,-0.00120167279056993,-0.00164137456426072,-0.00262802089032821,-0.00677749137292061,0.000284036930682241,-0.00538530157660588,-0.00188005902809874,-5.57015895452651e-05,-0.00168294428821625,-0.00464252845467872,0.000160551387076158,-0.00216824774304136,-0.00538530157660588,0.000102240469191717,-0.0021509565171054,-0.00593584306202821,-0.00522558557976138,-0.00538530157660588,-8.46809353469702e-05,-0.0067579770529651,-0.000889420884014225,-0.000938846232723556,-0.00630342025228092,-0.000211428262909763,-0.00604540263806808,-0.000787057988945961,-1.53395538680101e-05,-0.00152223029714627,-0.000393210799093602,-0.00157824459951117,-0.0118793586911954,-0.000490422520622147,-0.00772099498373713,-0.00864166675079803,-0.00277961367908208,-0.00187260565316638,-0.0036780030970256,-6.32538759801626e-05,-0.000263335353075433,-0.00777598848449479,-1.53395538680101e-05,-0.00189844385838223,-0.00234978347578796,-0.00220265139426612,-0.00302276994472095,-0.00187715645795716,-6.77461806479762e-05,-0.00358016391635774,-0.000949749995120985,-0.00182338052616382,-0.00527918311109499,-0.00626586684932606,-0.00680549808581343,-0.00184917149689712,-0.000808232090252048,-0.00920827060981466,-0.00195257978283658,-0.000493637114569623,-0.00541901499332331,-0.00399675082357875,-0.000369277571845572,-0.00909637015559905,-0.00237756350072615,-0.000134882726569252,-0.00103251334244669,-0.0161028835582324,-0.00183786128328967,-0.00189052993914718,-0.00277418275720676,-0.00163151253090454,-0.0121337464356044,-0.00743972243005508,-0.000833773792428882,-0.000479998665242398,-0.000493637114569623,-0.00608020529239806,-0.00650513579253609,-0.0023382037595816,-0.00109813507195788,-0.00739518020776186,-0.00660244183835479,-0.00190800958986515,-0.000196271166037487
"12:47495380:A:G",-0.000974796419829005,-2.55580215533513e-05,1.01057043462305e-05,-0.000172590289992058,-0.00151309739928784,-0.000212687742376261,-0.00188158143929495,-0.0001233226596149,-0.00206862628165094,-0.000217683690545201,-3.93007822285796e-06,-0.00193327095925788,3.6758251447111e-06,-2.10656857291269e-06,-0.0148570986458951,0.120807263343028,4.39685253894595e-06,-7.55516174422155e-06,-0.00738222308260461,-2.62836559654644e-05,-0.00479131987233572,-0.00244893937145818,4.03944277937995e-06,-0.00267870251795443,-0.00124791998524643,-9.75522004953433e-06,-0.00913004462431122,-2.85400146884385e-05,-1.39546661745982e-05,4.03944277937995e-06,-0.00236925789813025,-0.002602048606132,8.21394084482563e-06,-2.00938927719108e-07,4.03944277937995e-06,-1.51472700515853e-05,-0.00148367000606697,-0.00104507324573433,-2.10656857291269e-06,1.15637051534279e-05,-7.53871917336113e-06,2.45876692543945e-05,2.05804746844507e-05,6.57633237732824e-06,2.92938334567339e-06,-6.89640128088698e-05,-0.00109560270318454,-2.0276842701783e-05,-3.0113729379444e-05,-6.54608342820495e-06,-0.00208584492622865,-0.00306718636844838,1.47826790950489e-05,-0.0073530382370901,-8.90393553643065e-06,-6.54608342820495e-06,-2.55580215533513e-05,6.57633237732824e-06,-0.00332823669889493,-0.00223258967625739,-2.55580215533513e-05,7.57604324963523e-06,1.35017019911032e-05,-5.58324787514053e-05,-1.08947685717453e-05,1.30898409391733e-05,-0.00195854637778314,1.88666829377127e-05,-0.00151360744855022,2.47148505962969e-05,-8.12088462263105e-05,8.21394084482563e-06,2.92938334567339e-06,-0.00155103818553659,1.47826790950489e-05,-0.000117825799685001,-0.00228639116827711,-7.03805163926319e-06,-1.89746716268147e-05,-0.00542007577586112,-5.12039849809298e-06,-3.50398435857713e-05,-0.000263267482885077,-0.0014312850199163,-0.00633118235803964,-4.46739270056895e-05,-1.39546661745982e-05,-1.24196394946097e-06,-0.000631705436330066,-2.03773644207317e-05,-0.00355334383691552,1.47826790950489e-05,-0.00685069866720323,-0.0011535319585354,-0.00107543603286597,-1.22433301310565e-05,-0.00255023998029102,-0.00345597947469134,-5.29936626323391e-05,-0.001916482434134
"12:47501815:A:G",-5.80769764084721e-05,3.44421869211686e-05,-1.76534838702835e-05,0.00182032951166722,0.000131100756489921,-0.000608915909263708,-6.48234117601731e-05,0.00012093795513124,-1.41471301722262e-05,-7.19518179792544e-06,5.71814736360921e-06,-1.37311739321078e-05,-6.04854356645035e-06,3.10528250935249e-06,4.53702133738076e-05,4.39685253894595e-06,-0.00420531233372756,-6.31390227958661e-05,1.43318736647302e-05,3.5261682954868e-05,0.000417651806806418,4.27634239805741e-05,0.000362813790874661,-0.000282626802095898,9.75585167317661e-06,1.31714454720822e-05,-3.48877800577796e-05,3.77767673542806e-05,1.98720172566169e-05,0.000362813790874661,3.46888941571422e-05,-0.000302640085268813,-1.39172413762267e-05,-1.61772434656982e-05,0.000362813790874661,2.13671921578396e-05,3.86345403988742e-05,0.0006076551268972,3.10528250935249e-06,-2.02658133652278e-05,1.1109647894969e-05,-5.06252384715467e-05,-4.01318248322013e-05,-1.11647665104186e-05,-4.87614766786493e-06,0.000275861560786517,0.000542869860439055,2.79694569185196e-05,3.95023018455731e-05,9.75585167406479e-06,-0.000118223388551719,-1.97551825218412e-05,-2.68138113037608e-05,-1.3238261511006e-05,-7.64722095603076e-06,9.75585167406479e-06,3.44421869211686e-05,-1.11647665104186e-05,8.66251441706822e-05,-1.19543099152963e-06,3.44421869211686e-05,-1.28347736954026e-05,-2.43520230869265e-05,-2.38421687068779e-05,-2.56919697676494e-05,6.3902641498359e-06,0.000191473113029694,-3.5740978083787e-05,-4.01318248322013e-05,-5.09658463627716e-05,0.000352180376094857,-1.39172413762267e-05,-4.87614766786493e-06,-4.73746678535392e-05,-2.68138113037608e-05,-5.38189019412272e-05,-4.59221435367141e-06,1.04289585758366e-05,2.64147541377824e-05,-8.04707226782497e-05,7.78077916763209e-06,4.5121515134916e-05,0.000146850851043823,0.000536555367682823,-0.00019728269362318,5.5239760258452e-05,1.98720172566169e-05,1.84244523282473e-06,8.34726641185668e-05,2.7707570054325e-05,-5.74640607844401e-05,-2.68138113037608e-05,-1.97551825218412e-05,-1.39172413762267e-05,-0.00035007756355121,1.7691803494202e-05,-4.58137584571361e-05,0.000111107071042227,-6.13804564926212e-05,-1.00193110492697e-05
"12:47502419:C:T",-0.0015321176414762,-0.00012120105053004,-3.86951090289855e-05,-6.21321802913855e-05,-0.00193477546344401,-0.00365905001401323,-0.00974950609690284,-0.000228592569524899,-0.00194192673504912,-6.31390227958661e-05,-0.00416508966621532,-0.00710503704571774,1.43339544722565e-05,1.69152215363511e-05,-0.00120167279056993,-7.55516174422155e-06,-6.31390227958661e-05,0.247983950179918,-0.00482996635357402,-8.98382856542312e-05,-0.00535487232655463,-0.000685713238939734,-0.00143746702219616,-0.00184023648776677,-0.00105288415162264,-0.000861578510725991,-0.00233650368951999,-0.000169721540536294,-0.00358789294805639,-0.00143746702219616,-0.000787687966617767,-0.00180874396220032,3.097243146577e-05,-0.00199199260248317,-0.00143746702219616,2.24006788647202e-05,-0.000497054494503324,-0.0138317950401223,-9.31030473161343e-06,-0.00123649913410606,-0.00347284039413687,-0.00430442618169202,-0.00025276267886376,-0.00584858013850287,-0.00184866062601241,-0.00319956402773514,-0.0150092555636707,-0.000690788374230422,-0.00023446272094052,-0.000102652352727439,-0.00966143939363295,-0.00360798491284164,-0.000225564870892647,-0.000295106858606786,-0.00020923785661342,-0.00169209768939371,-0.000222558544318296,-0.00584858013850287,-0.0100214485580405,-0.0003161045183111,-0.00098584387119427,-0.00147144851704439,-0.000425611192557795,-0.000972084818974928,-0.00805552164653545,-1.93044059138003e-06,-0.00225579625171823,-0.00482113189153122,-0.00140771339930978,-0.00257748820680792,-0.00118107863625472,-0.00620211909824775,-0.00429858295015073,-0.000477389162259811,-0.000225564870892647,-0.00142670525217703,-0.00186853106206897,-0.00714905198264226,-0.00458791271030545,-0.000926460258730444,-2.16921077935694e-05,3.56406432260314e-05,-0.00176057222161941,-0.00150884580006672,-0.00915297840823381,-2.88637296197436e-05,-0.0021579972753587,-5.44033818528078e-06,-0.00947875512523,-0.00252023286212033,3.08444246321926e-05,-0.000225564870892647,-0.00136100539871276,-0.00255735010867841,-0.00468675443864708,-0.00753609064491823,-0.000548763376515105,-0.00876185369409477,-0.000227175886791997,-5.471695257242e-05
"12:47504161:C:T",-0.00418778940589792,-0.000479659912412167,-0.00255705621152202,6.27807695074978e-05,-0.000313692938117782,-0.00286318879494862,-0.00103133118253851,-0.000409118607270997,1.78799056342882e-05,1.43318736647302e-05,-1.38304381627208e-05,-3.36065675519137e-05,1.18683541430187e-05,-0.00212640918711671,-0.00164137456426072,-0.00738222308260461,1.43318736647302e-05,-0.00482996635357402,0.140980132206214,-8.65931982358958e-05,-7.79160327759598e-05,-0.00233437827251315,1.31112156518398e-05,-0.00575738222791466,-2.16284942711198e-05,-0.00167968348497993,-0.00358862404895,-0.00589619839810496,-4.61769862498684e-05,1.31112156518398e-05,-0.00223768944070191,-0.00567504023015086,2.67300893472822e-05,-0.000209115944572957,1.31112156518398e-05,-0.00519457536573142,-0.0016104763609226,0.000149208840170889,-7.20372982243589e-06,3.75755542485479e-05,-2.50285562533037e-05,8.01640885272903e-05,6.6850713009714e-05,-0.00355259549184606,-3.68790644111883e-05,-0.00256123670445429,0.000174469959060009,-0.00164467306977389,-9.97710145860253e-05,-0.00179249602752041,-0.00308065427765669,-0.00130866997952062,4.80184421167706e-05,-0.00143260361750741,-0.00226553346098868,-0.004136713978939,-0.00282055769845435,-0.00355259549184606,0.000407630221484823,-8.62721307726133e-08,-0.000479659912412167,2.45479832479134e-05,4.36120755491487e-05,-0.00250998974340266,-0.000211154372213862,-0.00202932488652596,-0.00104552379273182,-0.000676526296811808,6.68507130088258e-05,8.06001994488881e-05,-0.00130594309283438,-0.000933600867540463,-0.00179070602444664,-0.00275033748429987,4.80184421167706e-05,-0.00186710094505571,-0.00123966385112029,-2.33129139912691e-05,-6.24847810319906e-05,-0.00216047107773587,-1.67551396543786e-05,-0.000665296766276136,0.000112354267492787,-0.00292780164405126,-0.00895968099009048,-0.00014764405792711,-4.61769862498684e-05,-0.00226506222086176,-0.00524819740652616,-6.832715234939e-05,-0.00292628748678148,4.80184421167706e-05,-0.000232145120927285,2.67300893472822e-05,-0.00380366548177236,-0.00316683035027054,-1.8645739364942e-05,-0.00249748824933382,0.000118127066952134,-2.23368146725633e-05
"12:47505325:G:A",0.000271588178054394,-0.000179672457292668,8.07920633736359e-05,0.000175310329149525,-0.00903478262514579,-0.000974392906886834,-0.00278033254331422,-0.000913247945667273,-0.000226033968080408,3.5261682954868e-05,-0.00733302597245089,-0.00294547583231264,-0.00229128747796015,-0.00130522538172695,-0.00262802089032821,-2.62836559654644e-05,3.5261682954868e-05,-8.98382856542312e-05,-8.65931982358958e-05,0.181499936606145,-0.00131088729616291,-0.000238038413042041,3.18669439520747e-05,-0.00487048272439683,-0.000509264412766441,-0.000357273992537266,0.000165047376427196,-0.000200021941651585,-0.000104760572971152,3.18669439520747e-05,-0.000195612784738231,-0.00500351654433029,6.72521058593389e-05,-0.00682138953893041,3.18669439520747e-05,-0.000113803192971496,-0.00490220025448451,-0.0107190870969065,-1.85371651078015e-05,9.65169990045922e-05,-5.91183569866871e-05,0.000238358094073021,-0.00252555660347653,5.07771333895235e-05,-0.00166816834994155,-0.00609934575870863,-0.0109945855296258,-0.000146909930480277,-0.000210605413345277,-5.09988544594719e-05,-0.0059494423646127,9.34507250258676e-05,-0.00217314350642894,-0.00130056056854855,-0.00209993212022042,-5.09988544594719e-05,-0.000179672457292668,5.07771333895235e-05,-0.00149718258508447,-6.74790954668936e-07,-0.000179672457292668,6.07851433231943e-05,-0.00269867401793178,-0.00184634162561181,-0.00137193513812495,-3.82817529827051e-05,-0.012755067802571,0.000170242187533809,-0.00240945985870233,0.000240496768390663,-0.00233512013941972,6.72521058593389e-05,2.14274506831202e-05,0.000217846571102243,-0.00217314350642894,0.000243930302225692,-0.013174870103482,-5.50329833375329e-05,-0.000648835567795381,-0.00750051641747085,-3.9194511509244e-05,-0.000238631901705588,-0.00198192936215946,-0.00226635326704994,-0.00668878251448835,-0.000294915328582945,-0.000104760572971152,-0.00142495471318682,-0.000175177847486552,-0.000152460018686185,-0.00198826285460907,-0.00217314350642894,9.34507250258676e-05,6.72521058593389e-05,-0.000268076199325229,-0.000702513532802485,-0.00362302810647908,-0.01138186162071,-0.00230552285064611,4.3890894962928e-05
"12:47505609:A:G",0.000289640232455923,-0.00114183199517015,-0.00250063302919923,0.000713583503831217,1.37557820063527e-05,-0.00423531234441832,-0.00109787585685561,-0.00335716474130088,-0.000984604844494363,8.87527843573821e-06,-0.00355674556292396,-0.00809500412094932,8.07945729874859e-06,-0.00645794262691979,-0.00677749137292061,-0.00479131987233572,0.000417651806806418,-0.00535487232655463,-7.79160327759598e-05,-0.00131088729616291,0.271777891900812,-0.000991544061252458,-0.0015854962170847,-0.00271079775328964,-0.000532443665163029,-0.00713713960074269,-0.000405510266402231,-0.00215431525242504,-0.000222410073215329,-0.0015854962170847,-0.000712765064293297,-0.00284326083686093,-0.00267876103765907,-0.00197529150450482,-0.0015854962170847,-0.00196118241377352,-0.0029861419620687,-0.00477882998794987,1.10943992632784e-05,-0.000129258917770159,-0.00111225056913522,-0.000515093662741606,-4.01186698644196e-05,-0.00129007056834318,-0.00194233612908867,-0.00369032698036831,-0.00558544255228766,-0.000223395705316598,3.32696973490698e-05,-0.0036583541212547,-0.0197304845387714,0.000105405087731825,-0.00285836366573999,-0.00344072774118453,-0.00150203156896778,-0.00173668073546018,-0.00227288930492886,-0.00129007056834318,-0.00773093028659622,-0.000975309915038469,-0.00523032050807792,-0.000230872836124441,-0.000308332674871181,-0.000694710043230184,-0.00054939667911702,-0.00165391608032195,-0.00333108648228553,-0.00247744478525913,-0.00123473453472123,-0.00102546185509134,-0.00325573353817443,8.03832857609876e-06,-0.00304603642928214,-0.0013715028996053,-0.00161463355118219,-0.00324538131990204,-0.00487357417091872,-0.000141444531002399,-0.012847153658571,-0.00127272226774,-0.000608024846174615,-0.00380984274969087,-0.0150350045430794,-0.0034484475951464,-0.00421587117411448,0.000175364860947713,-0.0003542574706632,-4.38982176920177e-06,-0.0171837830967454,-0.000169387495430051,-0.00256188541384716,-0.00161463355118219,-0.000152403211739482,-0.00702834253150275,-0.00468959412067971,-0.00630759960532767,-0.00129009829378957,-0.00170952161137006,-0.00364033558770283,-0.00502414841504351
"12:47506172:C:A",-0.000195845248643245,0.000164789780694896,-0.000839112785977925,-0.000124413572742732,-0.000469927285160487,-0.00359937345835881,-0.00156824698075297,0.000334448700935575,-0.00390144644747092,4.27634239805741e-05,-0.0024361665791135,-0.000583208831971938,3.42764085417002e-05,-2.35727268629304e-05,0.000284036930682241,-0.00244893937145818,4.27634239805741e-05,-0.000685713238939734,-0.00233437827251315,-0.000238038413042041,-0.000991544061252458,0.125048767154496,3.8551494062844e-05,-0.000636545159329316,-0.0010134905487682,5.32748290389407e-05,-0.00121442136667049,-0.00137690295794446,-0.00300062453150307,3.8551494062844e-05,-0.0012359987100039,-0.000647406437039866,-0.00122059748875447,-0.000776193776172995,3.8551494062844e-05,-0.00151574007398558,-0.000266828699039934,0.00046410445562195,-0.00179096420471669,-0.00130227238937675,-7.44487555754958e-05,-0.000806037166635853,-0.00352487296661419,6.05995491929079e-05,-0.0021573389915126,0.000131610395285975,0.000674745979834857,-0.0032961355984682,-0.0014282925105249,-0.00312376915639323,-0.00164796792386701,-0.00620099253865902,-0.0010408265929378,-4.86030478326072e-05,3.42291631456604e-05,-0.00312376915639323,-0.000231124516157699,6.05995491929079e-05,-0.00105076891906997,-0.00363151169474296,-0.000231124516157699,-0.00271764198805968,-0.00382070536989687,0.000127903596804479,-0.0139417313725749,-0.00505930564111789,-0.00136811580170981,-0.00122795755658522,-0.000163212070207308,-0.000627195169903061,-0.00205048991574674,8.07880216955326e-05,2.5531178651228e-05,-0.000386236680713026,-0.00237859780198857,-0.00327754117307233,-0.000160215543404618,-0.00152854718521223,-0.000438186138087993,0.000403912041884169,-4.8571177798884e-05,-0.00365244442040424,-0.00131127533753705,-0.000108379570805894,-0.000415136198552268,-0.001308703242489,-0.00300062453150307,-1.3929582085126e-05,-0.00223585524309478,-0.00137211693093242,0.000304293915168508,-0.00237859780198857,0.000111248971663258,8.07880216955326e-05,-9.43338723438103e-05,-0.000115547643092739,-0.000212508865320871,-0.00328690285877187,-0.00193556042157805,1.05348013121898e-05
"12:47506872:T:C",-5.46524069786614e-05,3.11363763598749e-05,-1.63182227845837e-05,0.000364864562459211,-0.00208376291176915,-0.00608839843436293,-6.11432523625055e-05,0.000104814556743271,-1.30197241858809e-05,-6.62502903825413e-06,-0.00528241292537679,-1.26566734781619e-05,-5.56340535684541e-06,2.85442108349798e-06,-0.00538530157660588,4.03944277937995e-06,0.000362813790874661,-0.00143746702219616,1.31112156518398e-05,3.18669439520747e-05,-0.0015854962170847,3.8551494062844e-05,0.0373908711288049,-0.000289663881016367,8.92194438772975e-06,1.20803861145546e-05,-3.25080193235294e-05,3.4105659272754e-05,1.80912717819837e-05,0.000367100882473714,3.13995686767043e-05,-0.000312237856299191,-1.28510196741871e-05,-1.3470586472053e-05,0.000367100882473714,1.94422460966237e-05,3.48679866224444e-05,-0.0016445452682019,2.85442108349798e-06,-1.87632592947296e-05,1.0156538506223e-05,-4.74918082407072e-05,-3.74723808329591e-05,-1.0289206679559e-05,-4.47897512501072e-06,0.000227753583859069,-0.00158767210392341,2.5365393867105e-05,3.5638574090946e-05,8.92194438861793e-06,-0.000114024216636643,-1.82849292738041e-05,-2.48953956196729e-05,-1.21418418128627e-05,-7.02367483462751e-06,8.92194438861793e-06,3.11363763598749e-05,-1.0289206679559e-05,7.68320929793731e-05,-1.08128589637602e-06,3.11363763598749e-05,-1.1842850468291e-05,-2.25780727642899e-05,-2.20986946128932e-05,-0.00132896510225144,5.86585363926417e-06,-0.00143508119115587,-3.33176077056407e-05,-3.74723808329591e-05,-4.78191147177398e-05,-0.00110241547307499,-1.28510196741871e-05,-4.47897512501072e-06,-0.00165672906196868,-2.48953956196729e-05,-5.05426217136673e-05,-0.00138329239513091,9.53596467745399e-06,2.3969296065296e-05,-7.64254327823011e-05,7.11818869802983e-06,4.05926340105722e-05,0.000126307109259649,0.000348651888207208,-0.00137825394656321,4.9460653487543e-05,1.80912717819837e-05,1.69450634412982e-06,-0.00183628517267831,2.51511655697811e-05,-5.40600916227874e-05,-2.48953956196729e-05,-1.82849292738041e-05,-1.28510196741871e-05,-0.00181352391658951,1.61181202766869e-05,-4.28767388571671e-05,-0.00163841700423895,-5.78275506244452e-05,-9.22478581433239e-06
"12:47508853:G:A",-0.00110082759132268,-0.00197315609751847,-0.00161652484420483,-0.00088011364445606,-0.00420923418367014,-0.00892615774845673,-0.00754040253287203,-0.00137028013176499,-0.000732895304929038,0.000299552555621752,-0.000586866918077078,-0.00400078903981083,3.69040508720886e-05,-0.0120504291440859,-0.00188005902809874,-0.00267870251795443,-0.000282626802095898,-0.00184023648776677,-0.00575738222791466,-0.00487048272439683,-0.00271079775328964,-0.000636545159329316,-0.000289663881016367,0.22691973474053,-0.00104788846465897,-0.000858937332305576,-0.0027110284869698,-0.00143070080985463,0.000470905687780743,-0.000289663881016367,-0.000524353644072661,0.0040004651101011,-0.000929999036164197,-0.0013290806416637,-0.000289663881016367,0.000429696933662349,-0.0026456993082844,-0.00674341322923944,-0.0002939238118147,-0.0004527103040326,-0.00235498017163405,-0.00603646442577865,0.000155266016275579,-0.000554633621288048,-0.000543458310811928,-0.0029002505032576,-0.00591584511579679,0.000231561291238691,-0.000329126804756719,1.74128816432528e-06,-0.00886653475218546,-0.00582184815560183,0.000883648705642059,-0.0122689041191677,-0.00107186905035306,-0.000980961963121807,-0.00110729489508099,-0.000554633621288048,0.00182688213198379,-0.00128981466983458,-0.00507822525612056,-0.000839059597561587,0.000149844218651829,-0.00215384949684916,0.000161479451550761,-0.000493454565235751,-0.00661864979824855,-0.00278470432988343,-0.00551235494388047,0.000597275525644037,-0.00557351042532472,-0.00237763050159945,-0.00218331400170158,-0.00146282693483357,0.000883648705642059,-0.00600536578176936,-0.0103258378665334,-0.00423519776066605,-0.00207203731695049,-0.000552814244155098,0.000268618960577172,-0.00388597392418344,-0.000302604620308067,-0.000768314453928554,-0.00810682034020704,-0.00120950598595648,-0.00176084765395057,-7.7886299398422e-05,-0.00153465602798608,-0.000521724249630928,0.000406831765304538,0.000883648705642059,-0.00287283851585141,-0.000988075427398094,-0.002747176249009,-0.00947690500481979,-0.00211059868435548,-0.00119737731107872,-0.00519179256248492,-0.00150791893894286
"12:47509942:C:T",7.3778283678827e-05,-4.96988460998438e-05,2.30930730173995e-05,4.78576593110347e-05,-0.005336845297089,-0.00380700098123121,-0.00156241632803589,-0.000441701183858001,-0.000492929208888881,9.75585167317661e-06,-8.52861492628421e-06,1.73958693991949e-05,8.07742992225968e-06,-4.61503013315934e-06,-5.57015895452651e-05,-0.00124791998524643,9.75585167317661e-06,-0.00105288415162264,-2.16284942711198e-05,-0.000509264412766441,-0.000532443665163029,-0.0010134905487682,8.92194438772975e-06,-0.00104788846465897,0.0684138649326309,-2.08613183705353e-05,4.54912445571054e-05,-5.50057481696342e-05,-2.84304647300004e-05,8.92194438772975e-06,-0.0010673963641743,-0.00107894844080736,1.86522559362245e-05,9.4334784606076e-07,8.92194438772975e-06,-3.0739995693807e-05,-5.63782117595224e-05,-0.000196878330688044,-4.61503013315934e-06,2.6852025277968e-05,-1.58317910168293e-05,6.49322993995227e-05,-0.00323591309586924,1.46565699239432e-05,6.35576771035318e-06,3.16664635091612e-05,-0.000210686546878058,-4.02425884491464e-05,-0.000661644826457142,-1.37843575265251e-05,-0.00280334570662966,-0.000661759494070324,-0.00226778200513955,1.40418163940836e-05,9.5048773127715e-06,-1.37843575265251e-05,-4.96988460998438e-05,1.46565699239432e-05,-0.000996245502955517,9.14143098107445e-07,-4.96988460998438e-05,1.70845784310814e-05,-0.00335478004915579,3.0935675845889e-05,-1.86816480400864e-05,-0.00121459625766196,-0.00290101980583835,4.66893247246247e-05,-0.00311981635109415,6.54038209964014e-05,-0.00410411265760224,1.86522559362245e-05,6.35576771035318e-06,6.04062958577956e-05,-0.00226778200513955,6.78441513981554e-05,-0.00275697226054561,-1.48014111829298e-05,-3.78126299649395e-05,9.9047750357073e-05,-1.08106461835789e-05,-6.60913370129634e-05,-0.00311599352316083,6.97795710031812e-05,-0.000939591036109633,-0.000818269578364728,-2.84304647300004e-05,-2.73349665125266e-06,-0.00564750695543292,-0.00102617657718174,7.29293043271184e-05,-0.00226778200513955,2.61194881678861e-05,1.86522559362245e-05,-0.000586389647049934,-2.50790646072474e-05,5.82161026896344e-05,-0.00280300672651546,-0.00167724827490279,1.29845720771016e-05
"12:47514504:G:C",-0.00323927613793096,-0.00227596805315766,-0.00126042405563886,5.1624371501191e-05,-0.000230906094378369,-0.00209398029594299,-0.00217582709425468,-0.0012579298927653,-0.000885899458597628,1.31714454720822e-05,-0.00223843968621118,-0.00126126418851857,-0.00183709432247969,-6.80949905174089e-06,-0.00168294428821625,-9.75522004953433e-06,1.31714454720822e-05,-0.000861578510725991,-0.00167968348497993,-0.000357273992537266,-0.00713713960074269,5.32748290389407e-05,1.20803861145546e-05,-0.000858937332305576,-2.08613183705353e-05,0.151981283096601,-0.00118886127652562,-9.72026577059637e-05,-4.5722251662994e-05,1.20803861145546e-05,1.98999232692287e-05,-0.00096307443776622,-0.00111071400809237,-0.0115202778972785,1.20803861145546e-05,-4.99837781928747e-05,-0.00287010471808635,-0.00665075448077967,-0.000517005420950234,-0.00303058857340677,-0.00166045277318538,6.13890107059589e-05,-0.00122178507292858,-0.00106614359343293,8.65433851071629e-06,-0.00560414579222002,-0.00685529131413132,-0.0030104151200403,-2.69738091329685e-06,-2.08613183705353e-05,-0.00166567037370235,-0.000170999360507906,-0.000413778664173137,-0.00491654162174271,-0.00195674717792382,-2.08613183705353e-05,-0.0036549702753188,-0.00106614359343293,-0.00373203528286403,1.14392174133116e-05,-8.59513669171363e-05,-0.00159421789575287,-0.00105184095774735,-0.00361264678843121,-0.000159508351517346,-0.00223238114276469,-7.07587362134277e-05,-0.00326190656470793,-0.00151712638824719,6.15772298608874e-05,-0.00706289878878774,-0.00111071400809237,8.65433851071629e-06,-0.00191099354882418,-0.000413778664173137,-0.00252914897039247,-0.000465335243146736,-2.25296182732038e-05,0.000194988331429613,-0.000247665989267176,0.000146725034523953,-0.000120782650395057,-0.00398429303134362,-0.00455670662915519,-0.0027479452174064,6.5545633587405e-05,-4.5722251662994e-05,-0.00242243737424896,-0.0060563275128982,-0.000844114332938517,-9.9820708703291e-05,-0.000413778664173137,-0.00148694665769078,2.40496231498355e-05,-0.000138908396681181,-3.96743029131841e-05,-9.89469535808141e-05,-0.000523222248740574,-0.00138426341268527,-0.00398257359835519
"12:47514623:T:C",-0.000285669339173289,-0.00242325905532148,-8.92855149290384e-05,0.000631946298744523,-0.000206455365719727,-0.00436027237984771,-0.00228974279260008,0.000549672309497318,-0.00114812314105794,0.00074519584326449,2.40193039928727e-05,-0.00100809925197876,-3.01021602879814e-05,1.30486525984352e-05,-0.00464252845467872,-0.00913004462431122,-3.48877800577796e-05,-0.00233650368951999,-0.00358862404895,0.000165047376427196,-0.000405510266402231,-0.00121442136667049,-3.25080193235294e-05,-0.0027110284869698,4.54912445571054e-05,-0.00118886127652562,0.0853074873909523,0.000175734268371031,9.23749380179473e-05,-3.25080193235294e-05,-0.00117971699602037,-0.0026204226027895,-6.80426496666442e-05,-0.00366812066932098,-3.25080193235294e-05,9.8705454017356e-05,0.000179376528777198,0.0011075431672376,1.30486525984352e-05,-9.99549847460202e-05,5.12071994922536e-05,-0.000250564977505974,-0.000201384792339887,-0.000910053783937492,-2.52104141740261e-05,-0.00422304733899992,0.00102997627673407,0.000130528591590462,0.000183059893093862,4.54912445579936e-05,0.00024873419457716,-9.78690805615301e-05,-0.000133038156326926,-0.00333823254652099,-0.00381894532587612,4.54912445579936e-05,0.000161562870203191,-0.000910053783937492,-0.00308854323717878,-9.86197286234614e-06,0.000161562870203191,-0.000703607675416329,-0.000123140101472075,-0.00416922550375265,-0.00102516324080959,2.68400114658007e-05,0.000555620657407552,-0.000113688056981864,-0.000729914319208547,-0.000251821207335468,-0.000273589326564405,-0.000227199886825957,-2.52104141740261e-05,-0.000238574377084966,-0.000133038156326926,-0.000273589326564405,0.000151573565862151,4.83335198318002e-05,0.000123927473442365,-0.00363915634793877,3.71477935336983e-05,0.00021026358227072,-0.000144372651114111,-0.000278419992296719,-0.00253668710722055,0.000256346868724222,9.23749380179473e-05,7.7434740806126e-06,-0.0032816737192789,-0.00127528652160347,-0.000286327037889222,-0.000133038156326926,-0.00460237887188963,-0.000227199886825957,-0.000771297784471159,8.31380713437468e-05,-0.00436867335782143,-8.70263119994164e-05,-0.00099437990698803,-5.1930158125657e-05
"12:47515797:G:A",0.000287901335215501,-0.000194534389286183,-0.00183324246061467,0.000186708491690446,-0.00356711783663499,-0.00140523631197809,-0.00901554657624803,-0.00115783852562501,-1.85604758256019e-05,3.77767673542806e-05,-0.00142558631864009,6.03986200218287e-05,3.03875849292368e-05,-0.00148574276132862,0.000160551387076158,-2.85400146884385e-05,3.77767673542806e-05,-0.000169721540536294,-0.00589619839810496,-0.000200021941651585,-0.00215431525242504,-0.00137690295794446,3.4105659272754e-05,-0.00143070080985463,-5.50057481696342e-05,-9.72026577059637e-05,0.000175734268371031,0.124941437862562,-0.000113254675812691,3.4105659272754e-05,-0.00139702114394513,-0.00144183862431024,7.19180067028091e-05,-0.000110893772772513,3.4105659272754e-05,-0.00243207921212552,-0.000222730571459273,-0.00251787129746095,-2.0119572622157e-05,0.00010303476485074,-0.00123811067894319,-0.0013491555577243,0.000197371821018422,5.41307656751755e-05,2.28069101275707e-05,-0.00181491358948449,-0.00240549373341548,-0.00040448997937137,-0.00107439688151523,-0.00115851980201409,-0.00240262716526152,9.97340672173053e-05,0.000134765934293846,-0.00680266728705092,-0.00157783938205025,-0.00115851980201409,-0.000706427860580838,5.41307656751755e-05,-0.00171872788231919,-1.1609595675921e-06,-0.000728848357746337,6.49402918027064e-05,0.000118711144595274,-0.00176592778061657,0.000114819078495643,-0.00142029463662041,4.09700871877305e-05,-0.00412682649793084,0.000197371821017533,-0.00117042476324425,-0.00175165862575266,-0.00559391582860336,-0.0055319274859551,-0.00192137552356986,0.000134765934293846,-0.00197990593129127,-0.000232400671191346,-5.94000786984239e-05,-0.000148658142325786,-0.00165846887708199,-4.21586585925837e-05,-0.00178165268939434,-0.0016244584300269,-0.00206982257033417,-0.00126339306085965,-0.000933124913747641,-0.000113254675812691,-1.19161387397426e-05,-0.00480128222741616,-0.00132185567094645,-0.00157200769697496,0.000134765934293846,9.97340672173053e-05,-0.00174880512162723,-0.00265403777825313,-0.009386189003604,-0.00174611344930042,-0.00350700040750995,0.000292161385681666,-0.00170914273968847
"12:47515924:G:A",0.000150045657035136,-0.000102005825584506,4.63823078584724e-05,9.74973764780174e-05,-0.00402975115835247,-0.000171181899117911,0.000158029286710715,-0.000749058931512891,-0.000171519789178731,1.98720172566169e-05,-1.81845992948126e-05,-5.20463044360042e-05,1.6287540694826e-05,-9.83619880923214e-06,-0.00216824774304136,-1.39546661745982e-05,1.98720172566169e-05,-0.00358789294805639,-4.61769862498684e-05,-0.000104760572971152,-0.000222410073215329,-0.00300062453150307,1.80912717819837e-05,0.000470905687780743,-2.84304647300004e-05,-4.5722251662994e-05,9.23749380179473e-05,-0.000113254675812691,0.0632742350372268,1.80912717819837e-05,-0.0031095052304817,0.000496688294545855,3.79148146407715e-05,-8.44396481625154e-08,1.80912717819837e-05,-6.35679301295156e-05,-0.000116165302932458,0.000330367328206904,-9.83619880923214e-06,5.44624246803238e-05,-0.00312126012901803,0.00013208112381502,-0.00202915775649437,2.93550705494638e-05,-0.00204349792087388,6.36939382641089e-05,0.000297691799068467,-8.28364426821437e-05,-0.0011546732394212,-2.84304647291123e-05,-0.00045235867734128,5.28884177724009e-05,7.12754447942388e-05,-0.00246617555032635,1.83067359538214e-05,-2.84304647291123e-05,-0.000102005825584506,2.93550705494638e-05,-0.0031172272626403,-5.93967177300314e-05,-0.000102005825584506,3.4557445749428e-05,-0.00216901479256482,6.21159027733853e-05,6.3923995186066e-05,-0.00158748787794227,-0.00291274923786222,9.49688475442301e-05,-0.00191306101172017,0.000133113297245302,0.000136932710313786,3.79148146407715e-05,1.26093372081471e-05,0.000122163164640199,7.12754447942388e-05,0.000136932710314674,-0.00287145004160649,-0.00232223629721506,-7.76802198920734e-05,-0.00166583939077825,-2.2105353263413e-05,-0.000135855839001664,-0.0015340776594277,0.00014121366113784,-0.00164522675814016,-0.00097104087013733,-0.00213048228864121,-5.82489661304919e-06,-0.00504451388320515,-0.00305184263299196,-0.00153026095492503,7.12754447942388e-05,5.28884177724009e-05,3.79148146407715e-05,-0.00297380397422575,-5.15372955298687e-05,-4.30493178917857e-05,-2.3194617461364e-05,0.000154583261066321,2.57707955721997e-05
"12:47516271:T:G",-5.46524069786614e-05,3.11363763598749e-05,-1.63182227845837e-05,0.000364864562459211,-0.00208376291176915,-0.00608839843436293,-6.11432523625055e-05,0.000104814556743271,-1.30197241858809e-05,-6.62502903825413e-06,-0.00528241292537679,-1.26566734781619e-05,-5.56340535684541e-06,2.85442108349798e-06,-0.00538530157660588,4.03944277937995e-06,0.000362813790874661,-0.00143746702219616,1.31112156518398e-05,3.18669439520747e-05,-0.0015854962170847,3.8551494062844e-05,0.000367100882473714,-0.000289663881016367,8.92194438772975e-06,1.20803861145546e-05,-3.25080193235294e-05,3.4105659272754e-05,1.80912717819837e-05,0.0373908711288049,3.13995686767043e-05,-0.000312237856299191,-1.28510196741871e-05,-1.3470586472053e-05,0.000367100882473714,1.94422460966237e-05,3.48679866224444e-05,-0.0016445452682019,2.85442108349798e-06,-1.87632592947296e-05,1.0156538506223e-05,-4.74918082407072e-05,-3.74723808329591e-05,-1.0289206679559e-05,-4.47897512501072e-06,0.000227753583859069,-0.00158767210392341,2.5365393867105e-05,3.5638574090946e-05,8.92194438861793e-06,-0.000114024216636643,-1.82849292738041e-05,-2.48953956196729e-05,-1.21418418128627e-05,-7.02367483462751e-06,8.92194438861793e-06,3.11363763598749e-05,-1.0289206679559e-05,7.68320929793731e-05,-1.08128589637602e-06,3.11363763598749e-05,-1.1842850468291e-05,-2.25780727642899e-05,-2.20986946128932e-05,-0.00132896510225144,5.86585363926417e-06,-0.00143508119115587,-3.33176077056407e-05,-3.74723808329591e-05,-4.78191147177398e-05,-0.00110241547307499,-1.28510196741871e-05,-4.47897512501072e-06,-0.00165672906196868,-2.48953956196729e-05,-5.05426217136673e-05,-0.00138329239513091,9.53596467745399e-06,2.3969296065296e-05,-7.64254327823011e-05,7.11818869802983e-06,4.05926340105722e-05,0.000126307109259649,0.000348651888207208,-0.00137825394656321,4.9460653487543e-05,1.80912717819837e-05,1.69450634412982e-06,-0.00183628517267831,2.51511655697811e-05,-5.40600916227874e-05,-2.48953956196729e-05,-1.82849292738041e-05,-1.28510196741871e-05,-0.00181352391658951,1.61181202766869e-05,-4.28767388571671e-05,-0.00163841700423895,-5.78275506244452e-05,-9.22478581433239e-06
"12:47517971:C:T",-0.000178469655793378,7.33862349404646e-05,-0.000920067616215547,-0.000422141919612429,3.2597492351627e-05,-0.00392554632171827,-0.00184655641869291,-0.000300584864698195,-0.0043844403825819,3.46888941571422e-05,-0.00235424890889124,-0.000512428093690787,2.80588954417738e-05,-1.86000048829627e-05,0.000102240469191717,-0.00236925789813025,3.46888941571422e-05,-0.000787687966617767,-0.00223768944070191,-0.000195612784738231,-0.000712765064293297,-0.0012359987100039,3.13995686767043e-05,-0.000524353644072661,-0.0010673963641743,1.98999232692287e-05,-0.00117971699602037,-0.00139702114394513,-0.0031095052304817,3.13995686767043e-05,0.124236313376844,-0.000557236244046244,-0.00116345306498111,-0.00202420840609641,3.13995686767043e-05,-0.00155496995109594,-0.00021915120566085,3.8045257602537e-05,-2.84960946128621e-06,-0.00103992956169652,-6.01599114773421e-05,-0.000789303987239087,-0.00341646907903481,4.97969705000045e-05,-0.00222775675671549,-0.0017105859024662,0.000380232998246743,-0.00318941362100489,-0.00144584845632512,-0.0030392259758294,-0.00180273951012877,-0.00635556406817361,-0.000907701727402177,-1.55891258399876e-05,-0.00203551422339032,-0.0030392259758294,-0.000189969207895047,4.97969705000045e-05,-0.00166386817210418,-0.00376393084083215,-0.000189969207895047,-0.00279728333078211,-0.00369472921828784,-0.00174270487522943,-0.0143872517228045,-0.00489922631521456,-0.000974140279266678,-0.00126211708126345,-0.000123818522329344,-0.000611154305758532,0.00011312291887311,6.54376551176838e-05,2.1218832368497e-05,-0.000322684301366394,-0.00215969962365392,-0.00318143658716519,-2.11142745749626e-05,-0.0015814458706398,-0.000401309239125958,0.000315892252254812,-3.95565493773731e-05,-0.00352538905001243,-0.0014020263263288,-5.31242683177169e-05,-0.000419742650540567,-0.00130817129935412,-0.00310950523048081,-1.09841993172211e-05,-0.00151742877314343,0.000477346280003843,0.000241023592569611,-0.00215969962365392,9.01655984915095e-05,6.54376551176838e-05,-9.28757145741699e-05,-9.41855462484043e-05,-0.000177342663072899,-0.00258067607609203,0.00016501825671611,6.93861580991495e-06
"12:47523353:T:C",-0.00101801667144485,-0.00202191547857566,-0.0016869806419697,-0.000949659676708237,-0.00433922018436661,-0.00978689334723937,-0.00762794060634109,-0.00138020832414787,-0.00080098431919895,0.00031253217145899,-0.000593471313576899,-0.0040032057586008,4.2617221780894e-05,-0.0119579171739366,-0.0021509565171054,-0.002602048606132,-0.000302640085268813,-0.00180874396220032,-0.00567504023015086,-0.00500351654433029,-0.00284326083686093,-0.000647406437039866,-0.000312237856299191,0.0040004651101011,-0.00107894844080736,-0.00096307443776622,-0.0026204226027895,-0.00144183862431024,0.000496688294545855,-0.000312237856299191,-0.000557236244046244,0.236300243732959,-0.000939593395608895,-0.00143967256696653,-0.000312237856299191,0.000436530310460093,-0.00276406886923564,-0.00612621916796341,-0.000317397707375378,-0.000422429649806766,-0.00242754321185945,-0.0059475201935113,0.000747412594212626,-0.000585316311202178,-0.000511560149933032,-0.00302923865663818,-0.00530378886420557,0.000279906938311036,-0.000327046699897693,1.73262504841176e-05,-0.00907418264444537,-0.00590431395573621,0.000912622643584271,-0.0122277800937716,-0.0011261082520897,-0.00570486289175243,-0.00103744474046064,-0.000585316311202178,0.00216769133308237,-0.00135966742537796,-0.00502822872602504,-0.000885291244606456,0.000437465790508185,-0.00225094447109342,0.000126819858379257,-0.000452491583052606,-0.00621194655134216,-0.00285775079071104,-0.00458005197294042,0.000651822329633234,-0.00564854957180572,-0.00238466416893424,-0.00215684928095605,-0.00149795565211175,0.000912622643584271,-0.00602133108867742,-0.00979166920068453,-0.00424184080071299,-0.00214269416345569,-0.000527012475741273,0.000286248922078514,-0.010095672113291,-0.000437742458161861,-0.000716630912025451,-0.0081369691453852,-0.00118794659421706,-0.00177198546840618,-8.75973565257482e-05,-0.00175847729338985,-0.000520004065603263,0.000387721984681733,0.000912622643584271,-0.00282446997269226,-0.00100010451225607,-0.00270135032381136,-0.00957557605995252,-0.00207819768834439,-0.00115931959394677,-0.00527700573023537,-0.00146170734948203
"12:47523384:T:A",-0.000113708309993577,6.5730862318425e-05,-3.45491024020816e-05,0.00124530636335951,-0.00143337908038532,-0.00598512307038312,0.000258420733753262,0.000226337923430187,-0.000991714315671466,-1.39172413762267e-05,-0.00296853033602229,-2.72311834867978e-05,-1.17731500148821e-05,5.80233390490292e-06,-0.00593584306202821,8.21394084482563e-06,-1.39172413762267e-05,3.097243146577e-05,2.67300893472822e-05,6.72521058593389e-05,-0.00267876103765907,-0.00122059748875447,-1.28510196741871e-05,-0.000929999036164197,1.86522559362245e-05,-0.00111071400809237,-6.80426496666442e-05,7.19180067028091e-05,3.79148146407715e-05,-1.28510196741871e-05,-0.00116345306498111,-0.000939593395608895,0.0649228319808355,-0.00095523553548027,-1.28510196741871e-05,4.06987208938503e-05,7.35083194447483e-05,-0.000253120874301516,5.80233390490292e-06,-0.000353144882878631,2.11784200843113e-05,-9.8943755610037e-05,-7.86005362654052e-05,-2.18521670278804e-05,-9.58169582432333e-06,-4.76947494840729e-05,-0.000316088571087114,-0.00206978249872058,7.51166324031161e-05,1.86522559362245e-05,-0.00268506230012999,-3.84737115384226e-05,-0.000434069486159316,-2.78565974047851e-05,-1.52839161779994e-05,1.86522559362245e-05,6.5730862318425e-05,-2.18521670278804e-05,-0.00246007487221878,-2.70694565429608e-06,6.5730862318425e-05,-2.49730039518781e-05,-4.76947494840729e-05,-4.67444146892149e-05,-0.00656843022347253,1.1934007291714e-05,-0.00113803793628442,-0.000368864076258468,-7.86005362654052e-05,-9.95722321466275e-05,-0.00696997411100764,-2.69967161514728e-05,-9.58169582432333e-06,-0.000556779762692194,-0.000434069486159316,-0.000570303820716767,-0.00101994414059092,1.99084086967005e-05,5.0466342360167e-05,-0.00015860271820678,1.49647211040715e-05,8.58522034477005e-05,-0.000876063130266225,-0.00137357845340969,-0.000870767038062326,0.000104856028827705,3.79148146407715e-05,3.4433877154072e-06,-0.00124636020431446,-0.00124159859133588,-0.000112586673002291,-0.000434069486159316,-3.84737115384226e-05,-2.69967161514728e-05,9.22608092421839e-05,3.38527972099101e-05,-9.00706117601402e-05,-0.00090424101419817,-0.0069040951711985,-1.97125047955993e-05
"12:47523982:T:G",-4.31921647043865e-05,-0.00263801677366438,-0.00016664688120116,-0.000383776252784962,-0.000621783341888005,-0.00173009195073481,-0.000640151005715239,-0.000421062500329583,-0.00048868076161579,-1.8772382386345e-06,-2.26805979721689e-05,-0.000793058513792744,-0.00316930723474762,-4.90604104896875e-07,-0.00522558557976138,-2.00938927719108e-07,-1.61772434656982e-05,-0.00199199260248317,-0.000209115944572957,-0.00682138953893041,-0.00197529150450482,-0.000776193776172995,-1.3470586472053e-05,-0.0013290806416637,9.4334784606076e-07,-0.0115202778972785,-0.00366812066932098,-0.000110893772772513,-8.44396481625154e-08,-1.3470586472053e-05,-0.00202420840609641,-0.00143967256696653,-0.00095523553548027,0.133330816808684,-1.3470586472053e-05,-0.000290495225572229,-0.00266082717901384,-0.00926027088445958,-0.00211151053501801,-0.00122219467325113,9.24158372050954e-07,-0.000764049854159232,-0.00276492614538792,-3.30768779743806e-06,-0.00253922486681102,-0.000522365909845668,-0.00800830749914727,-0.000640785384141473,-0.000107793187971161,-0.00271036525335777,-0.00338813277774852,-0.00134523466073322,-1.20085153225702e-05,-7.86261410006261e-05,-5.75938798439424e-05,9.43347846948939e-07,-0.000872984680371225,-3.30768779743806e-06,-0.00145910895894907,-2.0546510715036e-07,-0.00120635700459193,-4.02877900018694e-06,-0.00261689711958191,-0.000403422124914954,-0.00081194727651468,-0.00203343531203259,-8.17804343031803e-05,-0.00114317205343184,-0.00022419737119872,-3.44952538382515e-05,-0.000506125927218548,-0.00095523553548027,-0.00179392462499806,-0.000714932406136626,-1.20085153225702e-05,-3.00602542502304e-06,-6.92656381615642e-05,9.38609148626313e-07,-0.00026585645214805,-1.63195978641895e-05,9.02717589568169e-07,-0.00133213854181857,-0.00671008276301688,-0.000469870118798177,-0.00211309200836141,-0.000252097482741576,-0.00166659231711019,-0.00226112967768,-0.00393819157052899,-0.00221174017198766,-4.24232204112585e-05,-1.20085153225702e-05,-0.000276229113590709,-4.52505638204315e-06,-0.000813724930337933,-0.00311932757273325,-0.000112221954894132,-0.000955489409747212,-0.00238297472199722,-0.00171682669810025
"12:47526328:T:C",-5.46524069786614e-05,3.11363763598749e-05,-1.63182227845837e-05,0.000364864562459211,-0.00208376291176915,-0.00608839843436293,-6.11432523625055e-05,0.000104814556743271,-1.30197241858809e-05,-6.62502903825413e-06,-0.00528241292537679,-1.26566734781619e-05,-5.56340535684541e-06,2.85442108349798e-06,-0.00538530157660588,4.03944277937995e-06,0.000362813790874661,-0.00143746702219616,1.31112156518398e-05,3.18669439520747e-05,-0.0015854962170847,3.8551494062844e-05,0.000367100882473714,-0.000289663881016367,8.92194438772975e-06,1.20803861145546e-05,-3.25080193235294e-05,3.4105659272754e-05,1.80912717819837e-05,0.000367100882473714,3.13995686767043e-05,-0.000312237856299191,-1.28510196741871e-05,-1.3470586472053e-05,0.0373908711288049,1.94422460966237e-05,3.48679866224444e-05,-0.0016445452682019,2.85442108349798e-06,-1.87632592947296e-05,1.0156538506223e-05,-4.74918082407072e-05,-3.74723808329591e-05,-1.0289206679559e-05,-4.47897512501072e-06,0.000227753583859069,-0.00158767210392341,2.5365393867105e-05,3.5638574090946e-05,8.92194438861793e-06,-0.000114024216636643,-1.82849292738041e-05,-2.48953956196729e-05,-1.21418418128627e-05,-7.02367483462751e-06,8.92194438861793e-06,3.11363763598749e-05,-1.0289206679559e-05,7.68320929793731e-05,-1.08128589637602e-06,3.11363763598749e-05,-1.1842850468291e-05,-2.25780727642899e-05,-2.20986946128932e-05,-0.00132896510225144,5.86585363926417e-06,-0.00143508119115587,-3.33176077056407e-05,-3.74723808329591e-05,-4.78191147177398e-05,-0.00110241547307499,-1.28510196741871e-05,-4.47897512501072e-06,-0.00165672906196868,-2.48953956196729e-05,-5.05426217136673e-05,-0.00138329239513091,9.53596467745399e-06,2.3969296065296e-05,-7.64254327823011e-05,7.11818869802983e-06,4.05926340105722e-05,0.000126307109259649,0.000348651888207208,-0.00137825394656321,4.9460653487543e-05,1.80912717819837e-05,1.69450634412982e-06,-0.00183628517267831,2.51511655697811e-05,-5.40600916227874e-05,-2.48953956196729e-05,-1.82849292738041e-05,-1.28510196741871e-05,-0.00181352391658951,1.61181202766869e-05,-4.28767388571671e-05,-0.00163841700423895,-5.78275506244452e-05,-9.22478581433239e-06
"12:47526874:T:G",0.000159526091319862,-0.00011077384926228,-0.00211972085545487,0.000104172953284021,-0.00411966276766229,-0.00463532048926574,-0.00922206789648072,-0.00110498195619435,-0.000222918106482339,2.13671921578396e-05,-0.00165849612961289,3.64484012731481e-05,1.74917431312593e-05,-0.00172612952879891,-8.46809353469702e-05,-1.51472700515853e-05,2.13671921578396e-05,2.24006788647202e-05,-0.00519457536573142,-0.000113803192971496,-0.00196118241377352,-0.00151574007398558,1.94422460966237e-05,0.000429696933662349,-3.0739995693807e-05,-4.99837781928747e-05,9.8705454017356e-05,-0.00243207921212552,-6.35679301295156e-05,1.94422460966237e-05,-0.00155496995109594,0.000436530310460093,4.06987208938503e-05,-0.000290495225572229,1.94422460966237e-05,0.112955545205606,-0.000126358263949911,-0.000757834420704206,-1.06726385640243e-05,5.83676715235626e-05,-3.54856980617768e-05,-0.00114304135899879,0.000111424899955637,3.14644301218081e-05,1.35120340694073e-05,-0.00211575162248323,-0.000744046336265569,-0.000250053155387953,-0.00122666309114372,-0.00138401335608762,-0.0010067274101333,5.66751623942707e-05,7.62724177594265e-05,-0.00495036838249163,-0.00184014669513299,-0.00138401335608762,-0.000537407534725531,3.14644301218081e-05,0.000393502241778698,9.04205453622353e-07,-0.000895514647317519,3.7078784491662e-05,6.81360843026724e-05,-0.00206525258956436,6.8209153740284e-05,-0.00165127534187359,-0.000541897821093595,-0.00445585760180833,0.000111424899954748,-0.00096559294954357,-0.00211551010963351,-0.00587438216592862,-0.00599362042115281,0.000130139267107587,7.62724177594265e-05,-0.00177260652543243,-0.000144273615891422,-3.30967092638801e-05,-8.42325404839528e-05,-0.00151240581599676,-2.38572010546889e-05,-0.00221163768274391,-0.00210688952644134,0.000150187663527035,-0.00198471416421953,-0.00104762070073861,-6.35679301295156e-05,-6.31780140114557e-06,-0.00585173656213378,-0.00150005354246296,-0.00137927721136677,7.62724177594265e-05,5.66751623942707e-05,-0.00146196415112065,-0.00307149851370259,-0.00868933679778028,0.000125027548711465,-0.00101748995746576,0.000164158885511689,-0.00197834655170848
"12:47527623:T:C",-0.00334852353067294,-0.000199618367119569,8.78932414760669e-05,0.000190596572446466,-0.00909505887738238,-0.00203832257117753,-0.00301573180936643,-0.00121896280315603,-0.0013290115110518,3.86345403988742e-05,-0.00287147910590857,-0.00162191024009939,-0.0025065600307288,-0.00152490923735371,-0.0067579770529651,-0.00148367000606697,3.86345403988742e-05,-0.000497054494503324,-0.0016104763609226,-0.00490220025448451,-0.0029861419620687,-0.000266828699039934,3.48679866224444e-05,-0.0026456993082844,-5.63782117595224e-05,-0.00287010471808635,0.000179376528777198,-0.000222730571459273,-0.000116165302932458,3.48679866224444e-05,-0.00021915120566085,-0.00276406886923564,7.35083194447483e-05,-0.00266082717901384,3.48679866224444e-05,-0.000126358263949911,0.117960883378463,0.000392099999490192,-2.06662497292953e-05,0.000105254871568761,-6.54759390892323e-05,-0.00309554458601458,-0.00190497696703851,5.52675376761513e-05,-0.00011613902496066,-0.00221323243328975,0.00036021176369605,-0.000163126816301151,-0.000234774789412917,-5.63782117595224e-05,0.000444995361981171,0.000101873145987419,0.000137605116496964,-0.00131654425405969,-8.10974797111896e-05,-5.63782117595224e-05,-0.000199618367119569,5.52675376761513e-05,-0.00616156252034727,-0.00281919057854374,-0.000199618367119569,6.63541394256839e-05,-0.00185123729368009,-5.13560897363874e-05,-0.00346042581627959,-0.00145999371633998,-0.000231460021795193,0.000185058545303818,-0.00209902192512601,-0.00273258798069698,-0.000533319610773297,7.35083194447483e-05,2.32723614104202e-05,-0.00437031927718223,0.000137605116496964,0.000263486793008028,-0.00109564489303038,-0.00124650586865549,-0.000880660295396574,-0.00133869767255046,-4.3170920530855e-05,-0.00026606240757765,0.000350793111740799,-0.00176959374403829,-0.00130736461649361,-0.000329792233329407,-0.00115289428202203,-0.00164386092494251,-0.00442743364410569,-0.000170076393612995,-0.00308417534222993,0.000137605116496964,0.000101873145987419,7.35083194447483e-05,-0.00143037990787498,-0.000101381307914927,-0.000832965273267483,-0.00282172063499564,-0.00160053610917377,-0.00174688784054577
"12:47527782:G:A",-0.00151962144884088,-0.00251784113762898,-0.00173281448223506,0.00147897597684921,-0.000913234382867945,-0.00428506033028508,-0.00328493836695065,-0.00677896664956501,-0.00646938179672851,8.93924811000701e-05,-0.00656732918692793,-0.00934484888289999,-0.00039007930201862,-0.00667210836762777,-0.000889420884014225,-0.00104507324573433,0.0006076551268972,-0.0138317950401223,0.000149208840170889,-0.0107190870969065,-0.00477882998794987,0.00046410445562195,-0.0016445452682019,-0.00674341322923944,-0.000196878330688044,-0.00665075448077967,0.0011075431672376,-0.00251787129746095,0.000330367328206904,-0.0016445452682019,3.8045257602537e-05,-0.00612621916796341,-0.000253120874301516,-0.00926027088445958,-0.0016445452682019,-0.000757834420704206,0.000392099999490192,0.290306370548657,-0.00417178163501486,-0.000752983655410766,-0.000804482717378541,-0.00362110839390972,0.000734334546797832,-0.00109358667978654,-0.000512195585514519,-0.00702047796270122,0.00263276045662231,-0.00332285325373594,0.00070651024550239,0.000233333461614471,-0.0119531804973181,-0.00176115621428163,-0.00206142635227913,-0.00374369901969196,-0.00308089966362779,0.000233333461614471,-0.0073976849352988,-0.00109358667978654,-0.00666498340843447,0.000238017991740058,-8.26108954097293e-05,-0.000628555644243356,-1.73796399538517e-05,-0.00363523224472306,-0.000403486093292216,-7.09302552666102e-05,0.000414666080804427,-0.000714276193396479,-0.000649430346164159,-0.00509422886940936,-0.0069809115235282,-0.000253120874301516,-0.0015231841726866,-0.00251537419956183,-0.00206142635227913,-0.0029363064707062,-0.00213840279805577,-1.28245162862584e-05,-0.00490583043263371,-0.00122759712420972,0.000353275712061674,0.000640663981462453,-0.0199107295372931,-0.00607133913466074,-0.011813224477204,0.000978544288931182,8.71149251713277e-05,-0.00309112666495981,-0.00743109611054837,-0.00198920432376504,-0.00177143679127401,-0.00206142635227913,-0.000316516809546918,-0.00225042888741633,-0.00612248655802405,-0.000518675914486622,-0.00212124895625943,-0.0101465543300714,-0.0119729826835022,-0.000540216423080331
"12:47528867:T:C",1.90576835228384e-05,-1.80281564778895e-05,-0.00256594807479615,-0.000225107462287433,-0.00293874589648002,-3.1538482467397e-05,-0.00086429453864767,-0.00148521730349849,-0.000704585828518844,3.10528250935249e-06,-2.75741018462838e-06,5.55173898764139e-06,2.59922868650619e-06,-1.4783337469737e-06,-0.000938846232723556,-2.10656857291269e-06,3.10528250935249e-06,-9.31030473161343e-06,-7.20372982243589e-06,-1.85371651078015e-05,1.10943992632784e-05,-0.00179096420471669,2.85442108349798e-06,-0.0002939238118147,-4.61503013315934e-06,-0.000517005420950234,1.30486525984352e-05,-2.0119572622157e-05,-9.83619880923214e-06,2.85442108349798e-06,-2.84960946128621e-06,-0.000317397707375378,5.80233390490292e-06,-0.00211151053501801,2.85442108349798e-06,-1.06726385640243e-05,-2.06662497292953e-05,-0.00417178163501486,0.0600229411404163,8.17015595711013e-06,-5.31148930882352e-06,1.73645310495019e-05,-0.00168257833318908,4.65333963894921e-06,2.07544683039629e-06,-0.00178670355393962,-0.00422582751931611,-1.42965462153199e-05,-2.12229216227655e-05,-4.61503013227116e-06,2.50339022258572e-05,7.97275796582397e-06,-0.00152811871398129,-1.34538201823631e-06,-0.00203783215791908,-4.61503013227116e-06,-1.80281564778895e-05,4.65333963894921e-06,-0.00116029619559654,3.89097377428982e-07,-1.80281564778895e-05,-0.00312277374704095,-0.00178670355393962,-0.00181589289051498,-0.00509892582842664,-3.09164916867388e-06,-1.77285808318217e-05,1.33251346223773e-05,-0.00018003354329732,1.74537522728002e-05,-0.00167232101727777,5.80233390490292e-06,2.07544683039629e-06,1.64854422539662e-05,-0.00360269931504664,1.80196174843772e-05,-5.12308960587404e-06,-4.96022646601091e-06,-0.00135814371311049,2.2843342773804e-05,-3.61447029373352e-06,-2.47075221366799e-05,-7.91938000954673e-06,1.83661153574377e-05,-2.28218403544034e-05,-3.14945760697682e-05,-9.83619880923214e-06,-8.71670333246755e-07,-6.55809030858379e-05,-0.00255389029022624,1.89136194661543e-05,-0.00360269931504664,7.97275796582397e-06,5.80233390490292e-06,-2.73973048496856e-05,-8.63561512787214e-06,-0.00171062185327564,-0.000266507220791468,-0.00171754359487064,4.16472543740554e-06
"12:47528946:G:A",-0.000320884592875714,9.43906748096524e-05,-5.08913463770355e-05,0.000551772699231456,-0.00817341434747121,-0.0047589576383924,-0.00124830737977533,-0.00212913043510454,-0.000852348338628239,-2.02658133652278e-05,-0.00138456049228441,-0.00113138499771015,-1.724452661378e-05,8.17015595711013e-06,-0.00630342025228092,1.15637051534279e-05,-2.02658133652278e-05,-0.00123649913410606,3.75755542485479e-05,9.65169990045922e-05,-0.000129258917770159,-0.00130227238937675,-1.87632592947296e-05,-0.0004527103040326,2.6852025277968e-05,-0.00303058857340677,-9.99549847460202e-05,0.00010303476485074,5.44624246803238e-05,-1.87632592947296e-05,-0.00103992956169652,-0.000422429649806766,-0.000353144882878631,-0.00122219467325113,-1.87632592947296e-05,5.83676715235626e-05,0.000105254871568761,-0.000752983655410766,8.17015595711013e-06,0.0812825536905217,3.04039355851771e-05,-0.000239769074624974,-0.00011595935462605,-3.21812803498744e-05,-1.41574725454063e-05,-7.0325880863642e-05,-0.000690947984679724,-0.00203681282718726,-0.00276342468363744,2.68520252788562e-05,-0.00492853965405082,-5.64139303884659e-05,-0.00071992738638027,-0.00119002969956394,-2.29369332984675e-05,2.68520252788562e-05,9.43906748096524e-05,-3.21812803498744e-05,-0.000604209938860123,-0.00341363782204862,9.43906748096524e-05,-3.65765168774956e-05,-7.0325880863642e-05,-6.8991204272173e-05,-7.6011699557732e-05,1.67959435009024e-05,-0.00211745655076268,-0.000195140316754383,-0.00011595935462605,-6.45447002636246e-05,-0.00419007858961074,-3.94275990425186e-05,-1.41574725454063e-05,-0.000861830392977048,-0.00071992738638027,-0.000157071078539239,-0.00178824010471601,2.86184255822164e-05,7.25658671054674e-05,-0.000235661360809658,2.16644779129638e-05,0.000122896580636578,1.434332303063e-05,-0.000767687528960614,-0.000259895199962834,-0.00248875397499582,5.44624246803238e-05,4.84946335355119e-06,-0.00105787249185152,-0.00153826587263772,-0.000166221739064554,-0.00071992738638027,-5.64139303884659e-05,-3.94275990425186e-05,-0.00299104712728937,4.87607600483386e-05,-0.000133402083561052,-0.000747678020731612,-0.00413222029535909,-0.00380553085350854
"12:47529273:C:T",8.2236016003101e-05,-5.75846067132346e-05,2.61475800025224e-05,5.38459969749994e-05,-0.00138882237296389,-0.00285314885162524,-0.00189473338790602,-0.00101496855536176,-0.00179567225699451,1.1109647894969e-05,-9.82821391737332e-06,-0.00198953453903172,9.19074014404941e-06,-5.31148930882352e-06,-0.000211428262909763,-7.53871917336113e-06,1.1109647894969e-05,-0.00347284039413687,-2.50285562533037e-05,-5.91183569866871e-05,-0.00111225056913522,-7.44487555754958e-05,1.0156538506223e-05,-0.00235498017163405,-1.58317910168293e-05,-0.00166045277318538,5.12071994922536e-05,-0.00123811067894319,-0.00312126012901803,1.0156538506223e-05,-6.01599114773421e-05,-0.00242754321185945,2.11784200843113e-05,9.24158372050954e-07,1.0156538506223e-05,-3.54856980617768e-05,-6.54759390892323e-05,-0.000804482717378541,-5.31148930882352e-06,3.04039355851771e-05,0.081083518338386,7.26122361891512e-05,-0.00192677795226714,1.66307731364057e-05,7.22006821263221e-06,3.57674028421684e-05,-0.00069227696270513,-4.6537859406115e-05,-6.71233542774985e-05,-1.58317910168293e-05,-0.00361495713488758,2.95754322268138e-05,3.97238177995973e-05,-1.79527584061034e-05,-0.00231785895797909,-1.58317910168293e-05,-5.75846067132346e-05,1.66307731364057e-05,-0.00148725380649051,9.76069180147476e-07,-5.75846067132346e-05,1.93957690086677e-05,-0.00204807128606976,-0.00207794849932164,-0.00198878304868089,-1.09971152779664e-05,-0.00177661015159369,5.25438690157642e-05,-0.00181068120749295,7.31305395449411e-05,-5.884094208497e-05,2.11784200843113e-05,7.22006821263221e-06,-0.00244768121353012,3.97238177995973e-05,7.57391089658555e-05,-0.00118521725206833,-0.00307062291421278,-0.001097418154135,-0.00160873418621854,-1.23904191751123e-05,-7.69067941801538e-05,-0.000156090387459784,-0.00262273299064386,-0.00244953210827337,-9.57208996110737e-05,-0.00698835368744888,-3.14406621626517e-06,-0.00119851769077339,-4.7086560941878e-05,-0.00144857030505019,3.97238177995973e-05,2.95754322268138e-05,2.11784200843113e-05,-0.00156914140640829,-2.88783458888275e-05,-0.000939257568209229,-0.00710431019722257,-2.34476359937119e-05,1.47238832095553e-05
"12:47529806:A:G",-8.68096089767789e-05,0.000233565338042752,-0.000131997277731166,-0.000258782307895444,-0.0059125021453772,-0.00101836746761119,-0.000900858260682647,-0.00127715506207959,-0.00130478864803418,-5.06252384715467e-05,-0.00088614471543913,-0.00011141205667542,-4.43234340936627e-05,1.73645310495019e-05,-0.00604540263806808,2.45876692543945e-05,-5.06252384715467e-05,-0.00430442618169202,8.01640885272903e-05,0.000238358094073021,-0.000515093662741606,-0.000806037166635853,-4.74918082407072e-05,-0.00603646442577865,6.49322993995227e-05,6.13890107059589e-05,-0.000250564977505974,-0.0013491555577243,0.00013208112381502,-4.74918082407072e-05,-0.000789303987239087,-0.0059475201935113,-9.8943755610037e-05,-0.000764049854159232,-4.74918082407072e-05,-0.00114304135899879,-0.00309554458601458,-0.00362110839390972,1.73645310495019e-05,-0.000239769074624974,7.26122361891512e-05,0.12804368615645,-0.00029409898114352,-8.41287331487806e-05,-0.000709020304451968,-0.000598854066111265,-0.00346642328546487,0.00018764436148544,-0.00126326504860774,6.49322994004109e-05,-0.0035588512216691,-0.000143022760751954,-0.000194074795841104,-0.0107524035706463,-0.000727348328084076,-0.00152379646537248,0.000233565338042752,-8.41287331487806e-05,-0.00368613493934689,-1.76450717921384e-05,0.000233565338042752,-9.31179699641405e-05,-0.000181570483815285,-0.000624914967970902,-0.0014603574227392,3.573674467372e-05,-0.00451145965097055,-0.000254720425237664,-0.000294098981142632,-0.0010940185938848,-0.00168061860621105,-9.8943755610037e-05,-3.78794904873914e-05,-0.00034814646112924,-0.000194074795841104,-0.000639197038478478,-0.00556027160943984,6.87507325736192e-05,0.000178628492643718,-0.000587035149332671,5.37283397807897e-05,-0.0015587294427224,-0.0181438326701189,-0.000405508303883195,-0.00107466063617512,-0.00152099205739908,0.00013208112381502,1.03025145401503e-05,-0.00162904134034836,-0.000896397812978122,-0.000414182180956679,-0.000194074795841104,-0.000143022760751954,-9.8943755610037e-05,-0.00086477104526228,0.000119564080951484,-0.000341465666344298,-0.00547101415769013,-0.00552309132132134,-7.79620887909616e-05
"12:47531003:A:G",-0.000339746640809935,0.000181882954625401,-0.000104024851876439,-0.000208786642382108,-0.00489044128700389,-0.00206532778670443,-0.00091540208771157,-0.002204748119504,-0.000171144464985673,-4.01318248322013e-05,-0.00565358708641295,-0.00621464580651487,-3.47843126320413e-05,1.4541439161242e-05,-0.000787057988945961,2.05804746844507e-05,-4.01318248322013e-05,-0.00025276267886376,6.6850713009714e-05,-0.00252555660347653,-4.01186698644196e-05,-0.00352487296661419,-3.74723808329591e-05,0.000155266016275579,-0.00323591309586924,-0.00122178507292858,-0.000201384792339887,0.000197371821018422,-0.00202915775649437,-3.74723808329591e-05,-0.00341646907903481,0.000747412594212626,-7.86005362654052e-05,-0.00276492614538792,-3.74723808329591e-05,0.000111424899955637,-0.00190497696703851,0.000734334546797832,-0.00168257833318908,-0.00011595935462605,-0.00192677795226714,-0.00029409898114352,0.121006292250304,-6.5873057154775e-05,-2.93204471724096e-05,-0.00333628127474839,0.000773875639267896,0.000147217886655504,-0.00190020581976214,5.16381796451526e-05,0.000109220094401952,-0.000113625537542461,-0.00307319515847748,-0.00296096003028357,-0.00291827755089979,-0.00224482348878308,0.000181882954625401,-6.5873057154775e-05,-0.00197243774103573,-1.21917512645453e-05,0.000181882954625401,-0.00109430117471376,-0.00244305173165138,-0.00328225453633557,-0.00142886686501509,2.98904982178883e-05,-0.000349197702270043,-0.000205127255182624,0.00123707845589927,-0.000295471813527293,-0.00133691631061073,-7.86005362654052e-05,-0.00140770123350542,-0.00265404403530756,-0.00307319515847748,-0.00126897017493999,-0.000291688099171683,-0.00204408722496652,-0.00256530204281713,-0.000876529754569866,4.23692139719378e-05,-0.00233668268396592,-0.00635684677101089,-0.00109362961032389,-0.00155049560068754,-0.00158648952574136,-0.00202915775649437,8.63154573771396e-06,-0.00162258148944838,-0.00164183522987749,-0.00100674504561571,-0.00307319515847748,-0.000113625537542461,-7.86005362654052e-05,-0.00576905935277061,-0.00195029949149195,-0.00132527190437681,-0.000587225300380023,-0.00143063505237695,-6.05816695884442e-05
"12:47533650:G:A",-0.000683505171960697,4.96778290628441e-05,-2.8038411187481e-05,-5.94451032789323e-05,-0.000846439555882483,-0.00217519353458506,-0.00204344239147769,-0.00136504810412053,-2.2892126904317e-05,-1.11647665104186e-05,8.53597609928869e-06,-0.000116722343975084,-9.40532796178672e-06,4.65333963894921e-06,-1.53395538680101e-05,6.57633237732824e-06,-1.11647665104186e-05,-0.00584858013850287,-0.00355259549184606,5.07771333895235e-05,-0.00129007056834318,6.05995491929079e-05,-1.0289206679559e-05,-0.000554633621288048,1.46565699239432e-05,-0.00106614359343293,-0.000910053783937492,5.41307656751755e-05,2.93550705494638e-05,-1.0289206679559e-05,4.97969705000045e-05,-0.000585316311202178,-2.18521670278804e-05,-3.30768779743806e-06,-1.0289206679559e-05,3.14644301218081e-05,5.52675376761513e-05,-0.00109358667978654,4.65333963894921e-06,-3.21812803498744e-05,1.66307731364057e-05,-8.41287331487806e-05,-6.5873057154775e-05,0.0488000938907667,-7.6121570797838e-06,-3.9084860700811e-05,-0.00102360719579142,4.07751497872866e-05,5.64139191245872e-05,1.46565699239432e-05,-8.05134939465546e-05,-3.13693215634459e-05,-4.30521477250423e-05,-0.000169645949950947,-0.00271159466349591,1.46565699239432e-05,4.96778290628441e-05,0.000208553968317204,-0.000509076280806653,-0.00247928542661136,4.96778290628441e-05,-2.0160145389525e-05,-3.9084860700811e-05,-3.82661446494126e-05,-0.00152200006796299,-0.00181571867079988,-0.00207059843093216,-5.80687951030612e-05,-6.58730571556632e-05,-8.47052313197594e-05,-0.00131647701012216,-2.18521670278804e-05,-0.00159285453768288,-7.86458672061841e-05,-4.30521477250423e-05,7.06868947402128e-05,-0.00210888421151445,1.56391736005901e-05,3.86312174853742e-05,-0.00110571560938766,1.17616158847866e-05,6.3825884529578e-05,-0.000114334490483259,-9.27030643200766e-05,-0.000931098351242721,7.66864564001324e-05,2.93550705494638e-05,2.76604118898405e-06,-0.00116918961788581,4.02937495058708e-05,-9.65535378325555e-05,-4.30521477250423e-05,-0.00116296221684831,-2.18521670278804e-05,-0.00196708324819284,2.62607718592989e-05,-7.60252574254494e-05,-0.00125002553701314,3.94495989208821e-06,-0.0015224631981603
"12:47536610:T:A",-4.41464817981796e-05,-0.0015717492745928,-1.2232381790156e-05,-2.65456737542635e-05,-0.00177402080126843,-0.000379786738137433,-0.00168626321414056,-0.00142585393973071,-0.00252044623288583,-4.87614766786493e-06,3.79730094479669e-06,-0.00271305897923657,-4.07845553240804e-06,-0.00204485737025717,-0.00152223029714627,2.92938334567339e-06,-4.87614766786493e-06,-0.00184866062601241,-3.68790644111883e-05,-0.00166816834994155,-0.00194233612908867,-0.0021573389915126,-4.47897512501072e-06,-0.000543458310811928,6.35576771035318e-06,8.65433851071629e-06,-2.52104141740261e-05,2.28069101275707e-05,-0.00204349792087388,-4.47897512501072e-06,-0.00222775675671549,-0.000511560149933032,-9.58169582432333e-06,-0.00253922486681102,-4.47897512501072e-06,1.35120340694073e-05,-0.00011613902496066,-0.000512195585514519,2.07544683039629e-06,-1.41574725454063e-05,7.22006821263221e-06,-0.000709020304451968,-2.93204471724096e-05,-7.6121570797838e-06,0.0824481536566806,-1.71471198129325e-05,-0.000474116329098884,-0.00187966786541249,2.37406307777022e-05,6.35576771124136e-06,-0.000419054255911711,-1.37794909722544e-05,-1.90152092685025e-05,-0.00386021740749953,-5.13038951766021e-06,6.35576771124136e-06,-0.0015717492745928,-7.6121570797838e-06,-0.00347528766844096,-7.49290318680096e-07,-0.00329443490350201,-8.80425685600983e-06,-1.71471198129325e-05,-1.67625725877585e-05,-1.80857207618956e-05,4.23658808923477e-06,-0.00205627259582286,-2.5884508263907e-05,-2.93204471724096e-05,-0.000533116950116153,-4.0498355882157e-05,-9.58169582432333e-06,-3.26722690680015e-06,-3.51672000569181e-05,-1.90152092685025e-05,-4.04983558812688e-05,-0.00233026053457319,6.78625804262367e-06,1.64498931063406e-05,-0.0011751733723866,5.08393166676058e-06,-0.00289345633429949,-0.00455809432905951,-4.16768980366911e-05,-0.000547376037971503,3.16750884410411e-05,-0.00204349792087388,1.23522016881594e-06,-0.0100446349393035,-0.00220065573276162,-0.0009674306089833,-1.90152092685025e-05,-1.37794909722544e-05,-9.58169582432333e-06,2.85775307382607e-05,1.12795477162919e-05,-0.00326556028803804,-0.00191139401328577,-4.69331762973368e-05,-6.79964320760007e-06
"12:47540435:A:G",-0.000210321715913508,0.000109132024355141,-0.00132804921813978,0.000434244694269559,-0.00292936152296619,-0.000865699418596044,-0.000761702047140211,-0.00120665745059068,0.000203542712379878,-2.43520230869265e-05,-0.00464630898784879,-4.98498542480519e-05,-2.07861192382808e-05,-0.00178670355393962,-0.000393210799093602,-6.89640128088698e-05,0.000275861560786517,-0.00319956402773514,-0.00256123670445429,-0.00609934575870863,-0.00369032698036831,0.000131610395285975,0.000227753583859069,-0.0029002505032576,3.16664635091612e-05,-0.00560414579222002,-0.00422304733899992,-0.00181491358948449,6.36939382641089e-05,0.000227753583859069,-0.0017105859024662,-0.00302923865663818,-4.76947494840729e-05,-0.000522365909845668,0.000227753583859069,-0.00211575162248323,-0.00221323243328975,-0.00702047796270122,-0.00178670355393962,-7.0325880863642e-05,3.57674028421684e-05,-0.000598854066111265,-0.00333628127474839,-3.9084860700811e-05,-1.71471198129325e-05,0.138752866522052,-0.0063733761769571,8.90399985218338e-05,-0.00221159937828208,-0.00236369044207052,-0.00582173469084424,-6.87190315566966e-05,-9.40674941860564e-05,-0.00141322826936108,-0.0018977962020541,3.16664635091612e-05,0.000109132024355141,-3.9084860700811e-05,-0.00253834575669876,-5.76891936887591e-06,0.000109132024355141,-4.43043954589939e-05,-0.00314468493964526,-0.00109647643807342,-0.000206782778109371,-0.00169793954465636,-0.00161660301940492,-0.00117865110971049,-0.000425592427002464,-0.000182624225382177,0.000278442553497626,-0.000686604222746467,-0.00149471108543953,-0.000141211032741673,-9.40674941860564e-05,-0.00344261765751686,-0.00359719226230304,3.37067859756957e-05,-0.000261737309229737,-0.000655524094452353,2.56644118410421e-05,0.00014068584945548,-0.00446922372898406,7.74608972520241e-06,-0.00511478162040335,-0.002531557134553,6.36939382641089e-05,5.67067626633388e-06,-0.00541230900601475,-0.00179607827072026,-0.000208472542079008,-9.40674941860564e-05,-0.0036654307717745,-4.76947494840729e-05,-0.000752320316845356,5.71918669658444e-05,-0.000348157911256308,-0.00395900559378592,-0.00215310993565687,-0.00143393340224751
"12:47542807:T:C",-0.00148830671101585,-0.0024125001564741,-0.00179788573354411,0.00135391970119247,-0.000666933736262809,-0.00434307388940569,-0.00330040992003067,-0.00389494999303297,-0.00569373299201104,9.15401500343194e-05,-0.00602238946815792,-0.00896439889931155,-0.00033353623700183,-0.00678335781561312,-0.00157824459951117,-0.00109560270318454,0.000542869860439055,-0.0150092555636707,0.000174469959060009,-0.0109945855296258,-0.00558544255228766,0.000674745979834857,-0.00158767210392341,-0.00591584511579679,-0.000210686546878058,-0.00685529131413132,0.00102997627673407,-0.00240549373341548,0.000297691799068467,-0.00158767210392341,0.000380232998246743,-0.00530378886420557,-0.000316088571087114,-0.00800830749914727,-0.00158767210392341,-0.000744046336265569,0.00036021176369605,0.00263276045662231,-0.00422582751931611,-0.000690947984679724,-0.00069227696270513,-0.00346642328546487,0.000773875639267896,-0.00102360719579142,-0.000474116329098884,-0.0063733761769571,0.290520665211023,-0.00299715852211868,0.000638084193295363,0.000219525245423569,-0.0134369186011316,-0.00188279760929966,-0.00365738463622645,-0.00357228268221377,-0.00263703723130426,0.000219525245423569,-0.00700183973557511,-0.00102360719579142,-0.00718993633503917,0.0002208871335867,-0.00257862292194133,-0.000616677505893115,9.74908412114672e-05,-0.00318721139430789,-0.000405758079256469,-6.22367545259905e-05,3.58923823164936e-05,-0.000909749051862363,-0.000624753189899518,-0.00489934025215,-0.00750176301390759,-0.000316088571087114,-0.00160366122936484,-0.00231900503713289,-0.00365738463622645,-0.00265935402498441,-0.00187809650367088,-3.11620643813626e-05,-0.0048280953688149,-0.00125069125988464,0.000332488091346228,-0.00191348738522823,-0.0202286159056295,-0.00611901425439809,-0.0106767902759102,0.000880817867856099,5.05031852640059e-05,-0.0029685969970652,-0.00684152043837249,-0.00209699302745392,-0.00176047932265444,-0.00365738463622645,-0.000256492425610766,-0.0022423260551907,-0.0046897405237778,-0.000521408964836212,-0.00206459577518947,-0.00824455980358163,-0.0125985195588139,-0.000485288976159737
"12:47542844:C:A",0.00021352237093808,-0.00157538765472598,-0.00241613186253975,-0.00199390183895876,-1.88585152081089e-05,-0.0015386867843814,-0.00238616650699885,-0.000547634907023919,4.13931422604819e-05,2.79694569185196e-05,-0.00645903044505758,-0.000346410259909113,-0.00250431688325925,-0.0015084346607912,-0.0118793586911954,-2.0276842701783e-05,2.79694569185196e-05,-0.000690788374230422,-0.00164467306977389,-0.000146909930480277,-0.000223395705316598,-0.0032961355984682,2.5365393867105e-05,0.000231561291238691,-4.02425884491464e-05,-0.0030104151200403,0.000130528591590462,-0.00040448997937137,-8.28364426821437e-05,2.5365393867105e-05,-0.00318941362100489,0.000279906938311036,-0.00206978249872058,-0.000640785384141473,2.5365393867105e-05,-0.000250053155387953,-0.000163126816301151,-0.00332285325373594,-1.42965462153199e-05,-0.00203681282718726,-4.6537859406115e-05,0.00018764436148544,0.000147217886655504,4.07751497872866e-05,-0.00187966786541249,8.90399985218338e-05,-0.00299715852211868,0.0939545559164277,-0.000167320372289836,-4.02425884491464e-05,0.000145453416340757,7.42870288288344e-05,0.00010032548553518,-0.00149169908340863,2.45575800077447e-05,-4.02425884491464e-05,0.000944582437059971,4.07751497872866e-05,0.000113863001907077,3.68379301285415e-07,-0.000706601196756473,4.84205423543216e-05,8.90399985218338e-05,8.66926377129928e-05,-0.00352107575387972,-2.95462097588128e-05,-0.000425428790946647,-0.00257525661026214,0.000147217886656392,0.000189222941037848,-0.00184535467557456,-0.00247617748388862,1.73530861209414e-05,-0.00209350920983553,0.00010032548553518,-0.00101234844584042,-0.000350763884749306,-4.33698894859447e-05,-0.000109172905879973,0.00028713321920204,-3.10970718473413e-05,-0.000873450259573971,-0.000179153652253738,-0.00452090614127609,-5.47312975354153e-05,-0.000235435339776657,-0.00111013156107909,-0.00162979141455644,-0.000180585508986919,-0.00321815797820157,0.000210625834260902,0.00010032548553518,7.42870288288344e-05,5.33576150623105e-05,-0.00133556677940039,-0.00408706371595446,-0.00220694568223578,-0.000657396087030193,-0.00173841286126386,3.55110693703864e-05
"12:47546599:T:C",0.000299092611470542,-0.000204769482021305,8.97093043290553e-05,0.000194530301768303,-0.00631810656246223,-0.000581032474173071,-0.000810504542744006,7.59476089360334e-05,-0.00555464365995206,3.95023018455731e-05,-0.000132471261638401,-5.73398622227828e-05,3.17243815075585e-05,-0.00152444096798732,-0.000490422520622147,-3.0113729379444e-05,3.95023018455731e-05,-0.00023446272094052,-9.97710145860253e-05,-0.000210605413345277,3.32696973490698e-05,-0.0014282925105249,3.5638574090946e-05,-0.000329126804756719,-0.000661644826457142,-2.69738091329685e-06,0.000183059893093862,-0.00107439688151523,-0.0011546732394212,3.5638574090946e-05,-0.00144584845632512,-0.000327046699897693,7.51166324031161e-05,-0.000107793187971161,3.5638574090946e-05,-0.00122666309114372,-0.000234774789412917,0.00070651024550239,-2.12229216227655e-05,-0.00276342468363744,-6.71233542774985e-05,-0.00126326504860774,-0.00190020581976214,5.64139191245872e-05,2.37406307777022e-05,-0.00221159937828208,0.000638084193295363,-0.000167320372289836,0.081360713385191,-5.7769720767098e-05,-0.00421146561368513,-0.00202717792185503,0.000140475174698729,-0.000129820465116559,-8.04582432634149e-05,-5.7769720767098e-05,-0.000204769482021305,5.64139191245872e-05,-7.13231583384655e-05,-1.52986624435414e-06,-0.000776173291458626,-0.00244552103258311,-0.0018478943193978,-4.88806153811083e-05,-0.00820639274931434,-4.39096472701905e-05,-0.000509241805839888,0.000188869391775981,-0.00209425077784875,-0.00108442537075337,-0.00177991555838464,7.51166324031161e-05,-0.000115568139579914,-0.000773628101093493,0.000140475174698729,-0.0018942584340591,-0.000642009800954302,-6.24153070827305e-05,-0.000156351148731027,-0.0020888787546598,-4.41956621743955e-05,-0.000963456538285001,-0.000369963524049943,-0.00100718586506776,-0.000322178286633612,-0.00141467604682077,-0.000119116933683827,-0.00718682703019091,-0.000748079402849378,-0.00136791644469625,0.000294728326654337,0.000140475174698729,0.000104035127969304,7.51166324031161e-05,-0.00335075326417122,-0.000103901642992454,-0.00203755617671053,-0.00047120665112832,-0.00166350031568907,4.85778053480601e-05
"12:47547616:G:T",-0.00157442372427763,-4.96988460998438e-05,-0.00200597796402491,4.78576593110347e-05,-0.000214503771776897,-0.000301211086446429,-0.00929579154312599,-0.000193465588526287,-0.00171154424690556,9.75585167406479e-06,-8.52861492628421e-06,1.73958693991949e-05,8.07742992314786e-06,-0.00296838091201135,-0.00772099498373713,-6.54608342820495e-06,9.75585167406479e-06,-0.000102652352727439,-0.00179249602752041,-5.09988544594719e-05,-0.0036583541212547,-0.00312376915639323,8.92194438861793e-06,1.74128816432528e-06,-1.37843575265251e-05,-2.08613183705353e-05,4.54912445579936e-05,-0.00115851980201409,-2.84304647291123e-05,8.92194438861793e-06,-0.0030392259758294,1.73262504841176e-05,1.86522559362245e-05,-0.00271036525335777,8.92194438861793e-06,-0.00138401335608762,-5.63782117595224e-05,0.000233333461614471,-4.61503013227116e-06,2.68520252788562e-05,-1.58317910168293e-05,6.49322994004109e-05,5.16381796451526e-05,1.46565699239432e-05,6.35576771124136e-06,-0.00236369044207052,0.000219525245423569,-4.02425884491464e-05,-5.7769720767098e-05,0.0758493738154495,-0.00240854181675942,2.61194881687743e-05,3.51796316273578e-05,-7.22123570682243e-05,-0.00263040996371622,-1.37843575265251e-05,-4.96988460998438e-05,1.46565699239432e-05,-0.00452682993008846,9.14143099883802e-07,-4.96988460998438e-05,1.70845784310814e-05,3.16664635091612e-05,-0.00239345877194808,3.238084504531e-05,3.28702225251831e-05,-0.000434665695529191,4.66893247255129e-05,5.16381796451526e-05,6.54038209972896e-05,6.78441513981554e-05,1.86522559362245e-05,6.35576771124136e-06,6.04062958577956e-05,3.51796316273578e-05,-0.00234018933313518,-0.000379800085878124,-1.48014111820416e-05,-3.78126299640513e-05,9.90477503579612e-05,-1.08106461826907e-05,-6.60913370111871e-05,-0.00439189305529197,6.97795710040694e-05,-0.00215971242711266,-8.19453942604298e-05,-0.00131963359419984,-2.73349665125266e-06,-0.00414296647019086,-4.06351553179363e-05,7.29293043271184e-05,3.51796316273578e-05,2.61194881687743e-05,1.86522559362245e-05,-7.28243810526052e-05,-2.50790646072474e-05,-0.00226817239069277,-0.00014338949453041,7.6609556972862e-05,-0.00185998868551174
"12:47548076:A:C",-0.00108307642077943,-0.00374195707504654,-0.000353009883586441,-0.00027553671896019,-0.00277834132259036,-0.00391078085551566,-0.00875562051728229,-0.00428041474002638,-0.00542972454176605,-0.000118223388551719,-0.00206684330430207,-0.00389245188635234,-0.00357721464497196,-0.0010386002627385,-0.00864166675079803,-0.00208584492622865,-0.000118223388551719,-0.00966143939363295,-0.00308065427765669,-0.0059494423646127,-0.0197304845387714,-0.00164796792386701,-0.000114024216636643,-0.00886653475218546,-0.00280334570662966,-0.00166567037370235,0.00024873419457716,-0.00240262716526152,-0.00045235867734128,-0.000114024216636643,-0.00180273951012877,-0.00907418264444537,-0.00268506230012999,-0.00338813277774852,-0.000114024216636643,-0.0010067274101333,0.000444995361981171,-0.0119531804973181,2.50339022258572e-05,-0.00492853965405082,-0.00361495713488758,-0.0035588512216691,0.000109220094401952,-8.05134939465546e-05,-0.000419054255911711,-0.00582173469084424,-0.0134369186011316,0.000145453416340757,-0.00421146561368513,-0.00240854181675942,0.316946377785329,-0.00714440695816876,-0.00149431844182057,-0.00259825106395306,-0.00110014295748062,-0.00638933388614671,0.000474789690208866,-8.05134939465546e-05,-0.00265267331362162,-0.000567900884960171,0.000474789690208866,7.91326349141031e-05,3.43873985975129e-05,-0.00184138718906235,-0.00158436302583542,-0.00266073444691806,-0.0046926686337776,-0.00528974891435663,-0.00418490574904462,-0.00168967490243688,-0.000363617071741373,-0.0023390509331076,5.56500079680333e-05,-0.00180931815894869,-0.00149431844182057,-0.00112371635396835,-0.00485266067186085,-0.00598443736814147,-0.00142605840013221,-0.00282188371762038,9.58071182237674e-05,-0.00169147733456931,-0.0164047144200987,-0.0046664529596252,-0.00803679036578187,-0.00409678609719677,-0.00607753234773867,-0.000672434986066506,-0.00496876097983101,-0.000241097015511116,-0.00330426916738791,-0.00149431844182057,0.000146695228785632,-0.00657367798051123,-0.00484897486963964,-0.00118792093460218,-0.00179171870357164,-0.000378723824636218,-0.0028912433333983,-0.00662735770849476
"12:47553238:G:A",-0.000164867916874201,9.13997691842638e-05,-4.96688388649247e-05,-0.000102217119420267,-0.00174021731962704,-0.00603214834957111,-0.000602505279939436,-0.00458914014683298,-0.00233365726206092,-1.97551825218412e-05,1.46641472271725e-05,-3.95662184917711e-05,-1.67990628288095e-05,7.97275796582397e-06,-0.00277961367908208,-0.00306718636844838,-1.97551825218412e-05,-0.00360798491284164,-0.00130866997952062,9.34507250258676e-05,0.000105405087731825,-0.00620099253865902,-1.82849292738041e-05,-0.00582184815560183,-0.000661759494070324,-0.000170999360507906,-9.78690805615301e-05,9.97340672173053e-05,5.28884177724009e-05,-1.82849292738041e-05,-0.00635556406817361,-0.00590431395573621,-3.84737115384226e-05,-0.00134523466073322,-1.82849292738041e-05,5.66751623942707e-05,0.000101873145987419,-0.00176115621428163,7.97275796582397e-06,-5.64139303884659e-05,2.95754322268138e-05,-0.000143022760751954,-0.000113625537542461,-3.13693215634459e-05,-1.37794909722544e-05,-6.87190315566966e-05,-0.00188279760929966,7.42870288288344e-05,-0.00202717792185503,2.61194881687743e-05,-0.00714440695816876,0.114745531268087,-0.0042151251092104,-0.00131212665806224,-2.23130048340181e-05,2.61194881687743e-05,9.13997691842638e-05,-3.13693215634459e-05,-0.00175237150063978,-4.3190911398483e-06,9.13997691842638e-05,-3.56779031864818e-05,-6.87190315566966e-05,-6.7405334307935e-05,0.000247763767624143,-0.00302636953159752,0.000250560713870307,-0.000316111946586872,-0.000113625537542461,-0.000143886822667305,-0.000639870390352293,-3.84737115384226e-05,-1.37794909722544e-05,-0.00208753103796688,-0.0042151251092104,-0.00100183216554051,-7.71883814989494e-05,2.78383291414386e-05,7.03695922839032e-05,-0.000232394444678263,2.10697272287064e-05,0.000118789623906324,-0.00821075046160313,-0.000887823078711492,-0.00086918258410229,-0.00235215038979764,5.28884177724009e-05,4.7330999572992e-06,-0.00497632335804354,-0.00275205788681454,-0.000163338355056553,-0.0042151251092104,-5.50944346278115e-05,-0.000475399793618436,-0.00263710007599993,4.73567397545338e-05,-0.00108304920892976,-0.00129211457745271,-0.000776164645206023,-2.84174008013949e-05
"12:47553280:G:T",-0.000443840749294822,0.000123708334462513,-6.80511011559304e-05,-0.000138584597126901,-0.00200543419775112,-0.0102919924976401,-0.000246929036110899,-0.00131278987763483,-0.000203596545094165,-2.68138113037608e-05,1.92162292380615e-05,-5.49755432057708e-05,-2.29563792695231e-05,1.04449356639336e-05,-0.00187260565316638,1.47826790950489e-05,-2.68138113037608e-05,-0.000225564870892647,4.80184421167706e-05,-0.00217314350642894,-0.00285836366573999,-0.0010408265929378,-2.48953956196729e-05,0.000883648705642059,-0.00226778200513955,-0.000413778664173137,-0.000133038156326926,0.000134765934293846,7.12754447942388e-05,-2.48953956196729e-05,-0.000907701727402177,0.000912622643584271,-0.000434069486159316,-1.20085153225702e-05,-2.48953956196729e-05,7.62724177594265e-05,0.000137605116496964,-0.00206142635227913,-0.00152811871398129,-0.00071992738638027,3.97238177995973e-05,-0.000194074795841104,-0.00307319515847748,-4.30521477250423e-05,-1.90152092685025e-05,-9.40674941860564e-05,-0.00365738463622645,0.00010032548553518,0.000140475174698729,3.51796316273578e-05,-0.00149431844182057,-0.0042151251092104,0.0873353109327311,-0.00127417234991434,-3.12744342778615e-05,3.51796316273578e-05,0.000123708334462513,-4.30521477250423e-05,-0.000924957944504534,-0.00321606746145431,0.000123708334462513,-4.86523558240748e-05,-0.000457375743544652,-9.23777431740547e-05,4.36756156263485e-05,2.14699228804349e-05,-0.00250604252416586,-0.000135842242345419,-0.000629881424218937,-0.00019515381342039,-0.00389169618401475,-5.22852327184964e-05,-1.90152092685025e-05,-0.000183781113670456,-0.00190723554610006,-0.00100164533778457,-0.00204962197453273,3.74395664906046e-05,9.5142643111501e-05,-0.000315815290279353,2.85419301508938e-05,0.000160750709271795,-0.0122211155217782,-0.000214899463128582,-0.00143066947574644,0.000195556038218747,7.12754447942388e-05,6.1999446465677e-06,-0.0021921617492886,-0.00339522075431375,-0.000221837052460039,-0.00190723554610006,-7.50686557946523e-05,-5.22852327184964e-05,-0.00149790101406655,6.39784817764166e-05,-0.00107465105647631,-0.00319407746500833,-0.000241666687298192,-3.92141531060375e-05
"12:47555878:A:G",-0.00964708827336835,-0.000997391883009513,-0.00743270615916369,-9.22587418079601e-05,-0.00187663527189486,-0.00811603916761383,-0.0031521226004454,-0.000220499040847422,-0.00224588923618096,-1.3238261511006e-05,-0.00208861477058608,-0.00143684985947345,-0.00400752319267905,-0.0006328479981077,-0.0036780030970256,-0.0073530382370901,-1.3238261511006e-05,-0.000295106858606786,-0.00143260361750741,-0.00130056056854855,-0.00344072774118453,-4.86030478326072e-05,-1.21418418128627e-05,-0.0122689041191677,1.40418163940836e-05,-0.00491654162174271,-0.00333823254652099,-0.00680266728705092,-0.00246617555032635,-1.21418418128627e-05,-1.55891258399876e-05,-0.0122277800937716,-2.78565974047851e-05,-7.86261410006261e-05,-1.21418418128627e-05,-0.00495036838249163,-0.00131654425405969,-0.00374369901969196,-1.34538201823631e-06,-0.00119002969956394,-1.79527584061034e-05,-0.0107524035706463,-0.00296096003028357,-0.000169645949950947,-0.00386021740749953,-0.00141322826936108,-0.00357228268221377,-0.00149169908340863,-0.000129820465116559,-7.22123570682243e-05,-0.00259825106395306,-0.00131212665806224,-0.00127417234991434,0.212257139220167,-6.91165985884368e-05,-0.00413527448224471,-0.00265081886363472,-0.000169645949950947,-0.00118451051465307,-0.00412921529470278,-0.00120400443208979,5.01719028322967e-05,-0.00312990463443619,-0.000230372227328246,-0.000914856975661849,-2.75566700569385e-06,-0.00101531259549636,-0.000748724997436945,-0.00384464967075004,-0.000145958879928187,-0.000717773727563653,-0.000914578185393644,-0.00173680911896223,-9.06755913803181e-05,-0.00127417234991434,-0.00433371240831981,-0.00133626684582788,-0.00243756351036595,-0.000241284966426392,-6.86143234966963e-05,1.157070413349e-05,-0.00449341716761076,-0.00604836179560575,-7.35930552338004e-05,-0.00125738082046212,-0.00431500939596763,-0.00246617555032635,-0.00229782854824379,-0.00293062026093649,-5.03778072591388e-07,-6.45338190148337e-05,-0.00127417234991434,-0.000755594280136052,-2.78565974056733e-05,-0.00421093763484581,2.21986087041159e-05,-0.000708394711913307,-0.00183004355398042,-0.00022243156025592,-0.000124350682776608
"12:47555914:A:G",-0.000797933237579151,2.90341261850457e-05,-0.00327750836717478,4.31654019514838e-05,-0.000266905570662779,-0.00711560040394943,-9.65923059599305e-05,-0.00257874543766068,-3.40359710895299e-05,-7.64722095603076e-06,-0.000815482579373139,-1.51315177143729e-05,-6.39635641697112e-06,-0.00203783215791908,-6.32538759801626e-05,-8.90393553643065e-06,-7.64722095603076e-06,-0.00020923785661342,-0.00226553346098868,-0.00209993212022042,-0.00150203156896778,3.42291631456604e-05,-7.02367483462751e-06,-0.00107186905035306,9.5048773127715e-06,-0.00195674717792382,-0.00381894532587612,-0.00157783938205025,1.83067359538214e-05,-7.02367483462751e-06,-0.00203551422339032,-0.0011261082520897,-1.52839161779994e-05,-5.75938798439424e-05,-7.02367483462751e-06,-0.00184014669513299,-8.10974797111896e-05,-0.00308089966362779,-0.00203783215791908,-2.29369332984675e-05,-0.00231785895797909,-0.000727348328084076,-0.00291827755089979,-0.00271159466349591,-5.13038951766021e-06,-0.0018977962020541,-0.00263703723130426,2.45575800077447e-05,-8.04582432634149e-05,-0.00263040996371622,-0.00110014295748062,-2.23130048340181e-05,-3.12744342778615e-05,-6.91165985884368e-05,0.110100838841241,9.5048773127715e-06,2.90341261850457e-05,-0.00271159466349591,-0.00204594892692667,-1.24189085060067e-06,-0.00328210501982795,-1.40308167111414e-05,-0.00276262359830426,-0.00355335786612709,-0.00249531458559016,-0.00195644411645279,-0.000279844671347451,-4.32934639276183e-05,-0.000262833172559596,-6.56969401120477e-05,-0.00230125291794536,-1.52839161779994e-05,-0.0017273568127445,-6.0388269655931e-05,-3.12744342778615e-05,-0.00299106868592691,-1.41491689609197e-05,1.01252707791488e-05,-0.00146506734850504,-0.000402421009424891,7.65818123582562e-06,-0.00288098400578018,-0.00380680815055356,-7.25932942726715e-05,-0.00087160887675708,-0.000204883006464485,1.83067359538214e-05,1.87046067345875e-06,-0.00108092633498691,-0.0021045745603665,-7.60577902747528e-05,-3.12744342778615e-05,-0.00329582452484622,-1.52839161779994e-05,-0.00164459088957081,1.64949829528638e-05,-7.65925742109985e-05,-0.00275234542414493,-0.00220230368224428,-0.00165439274699519
"12:47560653:A:G",7.3778283678827e-05,-4.96988460998438e-05,2.30930730182877e-05,4.78576593110347e-05,-0.000214503771776897,-0.00386919847961398,-0.00183154611642067,-0.000193465588526287,-0.00172650226010962,9.75585167406479e-06,-8.52861492628421e-06,1.73958693991949e-05,8.07742992314786e-06,-4.61503013227116e-06,-0.000263335353075433,-6.54608342820495e-06,9.75585167406479e-06,-0.00169209768939371,-0.004136713978939,-5.09988544594719e-05,-0.00173668073546018,-0.00312376915639323,8.92194438861793e-06,-0.000980961963121807,-1.37843575265251e-05,-2.08613183705353e-05,4.54912445579936e-05,-0.00115851980201409,-2.84304647291123e-05,8.92194438861793e-06,-0.0030392259758294,-0.00570486289175243,1.86522559362245e-05,9.43347846948939e-07,8.92194438861793e-06,-0.00138401335608762,-5.63782117595224e-05,0.000233333461614471,-4.61503013227116e-06,2.68520252788562e-05,-1.58317910168293e-05,-0.00152379646537248,-0.00224482348878308,1.46565699239432e-05,6.35576771124136e-06,3.16664635091612e-05,0.000219525245423569,-4.02425884491464e-05,-5.7769720767098e-05,-1.37843575265251e-05,-0.00638933388614671,2.61194881687743e-05,3.51796316273578e-05,-0.00413527448224471,9.5048773127715e-06,0.0885697505123471,-4.96988460998438e-05,1.46565699239432e-05,0.000198779450025555,9.14143099883802e-07,-4.96988460998438e-05,1.70845784310814e-05,-0.00236369044207052,3.0935675845889e-05,3.238084504531e-05,-9.53982515916607e-06,-0.00561641303028715,4.66893247255129e-05,-0.00212872674400799,-0.00134704826746201,6.78441513981554e-05,1.86522559362245e-05,6.35576771124136e-06,-0.00216042151278728,3.51796316273578e-05,-0.00535387236234719,-0.00588603962842082,-1.48014111820416e-05,-3.78126299640513e-05,9.90477503579612e-05,-1.08106461826907e-05,0.000101421975096549,-0.00150149322737292,-0.00203422045189949,-0.0134006614339555,-8.19453942604298e-05,-2.84304647291123e-05,-2.73349665125266e-06,1.58546691180206e-05,-4.06351553179363e-05,7.29293043271184e-05,3.51796316273578e-05,2.61194881687743e-05,1.86522559362245e-05,-7.28243810526052e-05,-2.50790646072474e-05,5.82161026905226e-05,-0.00250369047094434,7.6609556972862e-05,1.29845720779898e-05
"12:47561741:C:T",0.00026627254608691,-0.000994803752514706,-0.00302735707257096,0.000171597119623002,-0.00279034562277669,-0.0088957213791554,-0.00296361555047842,-0.000654574074824943,4.78928039715498e-05,3.44421869211686e-05,-3.32803872726828e-05,-0.00125593739328522,-0.00219503268138066,-0.00120790354011735,-0.00777598848449479,-2.55580215533513e-05,3.44421869211686e-05,-0.000222558544318296,-0.00282055769845435,-0.000179672457292668,-0.00227288930492886,-0.000231124516157699,3.11363763598749e-05,-0.00110729489508099,-4.96988460998438e-05,-0.0036549702753188,0.000161562870203191,-0.000706427860580838,-0.000102005825584506,3.11363763598749e-05,-0.000189969207895047,-0.00103744474046064,6.5730862318425e-05,-0.000872984680371225,3.11363763598749e-05,-0.000537407534725531,-0.000199618367119569,-0.0073976849352988,-1.80281564778895e-05,9.43906748096524e-05,-5.75846067132346e-05,0.000233565338042752,0.000181882954625401,4.96778290628441e-05,-0.0015717492745928,0.000109132024355141,-0.00700183973557511,0.000944582437059971,-0.000204769482021305,-4.96988460998438e-05,0.000474789690208866,9.13997691842638e-05,0.000123708334462513,-0.00265081886363472,2.90341261850457e-05,-4.96988460998438e-05,0.0887547877507515,4.96778290628441e-05,0.000119185093393703,-5.29531494208868e-07,-0.000434381236879666,5.94281785497586e-05,0.000109132024355141,0.000106103671388524,-0.00127719334523757,-3.72160724584347e-05,0.000114620636202822,-0.00164888196723645,0.000181882954624513,0.000235660893705969,0.000239167400325258,-0.00273046314599767,2.09732521723183e-05,0.000213479621117507,0.000123708334462513,-0.000301015029741336,-0.00422045257195069,-5.36171468663582e-05,-0.00013386390062653,0.000359576795369243,-3.82299555399257e-05,-0.00061114641947313,-0.000514574355142905,0.000247998135280092,-0.000328761008770329,-0.000286485857509788,-0.000825075469625958,-0.00132781873997612,-0.00112438543471161,-0.000148224323951673,0.000262389280306863,0.000123708334462513,9.13997691842638e-05,6.5730862318425e-05,-0.00107850978444901,-0.00472872310789629,-0.0027947154264627,-0.00534903138301779,0.000270815686550741,4.29712896377055e-05
"12:47563837:C:T",-0.000683505171960697,4.96778290628441e-05,-2.8038411187481e-05,-5.94451032789323e-05,-0.000846439555882483,-0.00217519353458506,-0.00204344239147769,-0.00136504810412053,-2.2892126904317e-05,-1.11647665104186e-05,8.53597609928869e-06,-0.000116722343975084,-9.40532796178672e-06,4.65333963894921e-06,-1.53395538680101e-05,6.57633237732824e-06,-1.11647665104186e-05,-0.00584858013850287,-0.00355259549184606,5.07771333895235e-05,-0.00129007056834318,6.05995491929079e-05,-1.0289206679559e-05,-0.000554633621288048,1.46565699239432e-05,-0.00106614359343293,-0.000910053783937492,5.41307656751755e-05,2.93550705494638e-05,-1.0289206679559e-05,4.97969705000045e-05,-0.000585316311202178,-2.18521670278804e-05,-3.30768779743806e-06,-1.0289206679559e-05,3.14644301218081e-05,5.52675376761513e-05,-0.00109358667978654,4.65333963894921e-06,-3.21812803498744e-05,1.66307731364057e-05,-8.41287331487806e-05,-6.5873057154775e-05,0.000208553968317204,-7.6121570797838e-06,-3.9084860700811e-05,-0.00102360719579142,4.07751497872866e-05,5.64139191245872e-05,1.46565699239432e-05,-8.05134939465546e-05,-3.13693215634459e-05,-4.30521477250423e-05,-0.000169645949950947,-0.00271159466349591,1.46565699239432e-05,4.96778290628441e-05,0.0488000938907667,-0.000509076280806653,-0.00247928542661136,4.96778290628441e-05,-2.0160145389525e-05,-3.9084860700811e-05,-3.82661446494126e-05,-0.00152200006796299,-0.00181571867079988,-0.00207059843093216,-5.80687951030612e-05,-6.58730571556632e-05,-8.47052313197594e-05,-0.00131647701012216,-2.18521670278804e-05,-0.00159285453768288,-7.86458672061841e-05,-4.30521477250423e-05,7.06868947402128e-05,-0.00210888421151445,1.56391736005901e-05,3.86312174853742e-05,-0.00110571560938766,1.17616158847866e-05,6.3825884529578e-05,-0.000114334490483259,-9.27030643200766e-05,-0.000931098351242721,7.66864564001324e-05,2.93550705494638e-05,2.76604118898405e-06,-0.00116918961788581,4.02937495058708e-05,-9.65535378325555e-05,-4.30521477250423e-05,-0.00116296221684831,-2.18521670278804e-05,-0.00196708324819284,2.62607718592989e-05,-7.60252574254494e-05,-0.00125002553701314,3.94495989208821e-06,-0.0015224631981603
"12:47564959:C:T",1.33281703185162e-06,0.000119185093393703,-0.00566327730367533,0.000510250621532649,-0.0028915292249283,-0.00291695472092801,-0.00332294200570615,-0.00169104837456047,-0.00497982969076594,8.66251441706822e-05,-0.00467346831862869,-0.00247798958008882,-0.00199690087389648,-0.00963446396483292,-0.00189844385838223,-0.00332823669889493,8.66251441706822e-05,-0.0100214485580405,0.000407630221484823,-0.00149718258508447,-0.00773093028659622,-0.00105076891906997,7.68320929793731e-05,0.00182688213198379,-0.000996245502955517,-0.00373203528286403,-0.00308854323717878,-0.00171872788231919,-0.0031172272626403,7.68320929793731e-05,-0.00166386817210418,0.00216769133308237,-0.00246007487221878,-0.00145910895894907,7.68320929793731e-05,0.000393502241778698,-0.00616156252034727,-0.00666498340843447,-0.00116029619559654,-0.000604209938860123,-0.00148725380649051,-0.00368613493934689,-0.00197243774103573,-0.000509076280806653,-0.00347528766844096,-0.00253834575669876,-0.00718993633503917,0.000113863001907077,-7.13231583384655e-05,-0.00452682993008846,-0.00265267331362162,-0.00175237150063978,-0.000924957944504534,-0.00118451051465307,-0.00204594892692667,0.000198779450025555,0.000119185093393703,-0.000509076280806653,0.262476174994359,-0.00299053083418954,0.00037417232002479,-0.000314996742925011,-0.00180380066518016,-0.00216884885385937,-0.002952251383042,-0.0023952782698391,-0.00108864401556152,-0.00131975710840848,-0.00924519352988185,-0.00886803213386411,-0.000573186496326983,-0.000731620348878081,-0.000497132811992707,-0.00392461318686044,-0.00219921735755335,-0.00475127935443176,-0.00229880255988579,-0.0029916724309258,-0.00240784401687399,-0.00455995675046816,0.000301663217486592,0.000669924118803955,-0.012643451141201,-0.00727883987300393,-0.010934349963124,0.000295812213077618,-0.0047499236275117,-3.53539685384874e-05,-0.00291579684665555,5.38370045548575e-05,-0.00452459521641835,-0.00219921735755335,-0.00175237150063978,-0.00118517871427404,-0.0106563993543385,-0.00749501583739587,-0.00211538425132529,-0.00778381490255597,-0.00201009755355308,-0.000942721186177664
"12:47565618:T:G",-0.00119158035425393,-0.00111225218485078,-7.91105631323674e-05,-1.06201418059726e-05,-0.00336193186891354,-0.00573524282274107,-5.78730559190888e-05,-0.0034308020560303,-0.00203819256777393,-1.19543099152963e-06,6.48473122311088e-07,-7.67762952360584e-05,-9.68824868330387e-07,3.89097377428982e-07,-0.00234978347578796,-0.00223258967625739,-1.19543099152963e-06,-0.0003161045183111,-8.62721307726133e-08,-6.74790954668936e-07,-0.000975309915038469,-0.00363151169474296,-1.08128589637602e-06,-0.00128981466983458,9.14143098107445e-07,1.14392174133116e-05,-9.86197286234614e-06,-1.1609595675921e-06,-5.93967177300314e-05,-1.08128589637602e-06,-0.00376393084083215,-0.00135966742537796,-2.70694565429608e-06,-2.0546510715036e-07,-1.08128589637602e-06,9.04205453622353e-07,-0.00281919057854374,0.000238017991740058,3.89097377428982e-07,-0.00341363782204862,9.76069180147476e-07,-1.76450717921384e-05,-1.21917512645453e-05,-0.00247928542661136,-7.49290318680096e-07,-5.76891936887591e-06,0.0002208871335867,3.68379301285415e-07,-1.52986624435414e-06,9.14143099883802e-07,-0.000567900884960171,-4.3190911398483e-06,-0.00321606746145431,-0.00412921529470278,-1.24189085060067e-06,9.14143099883802e-07,-5.29531494208868e-07,-0.00247928542661136,-0.00299053083418954,0.106500557506177,-5.29531494208868e-07,-2.42909434611249e-06,-5.76891936887591e-06,-5.59066684768794e-06,-0.000839133349199273,-0.00220074898039169,-0.00502891281722029,-1.02423491981085e-05,-1.21917512645453e-05,-1.78414315286091e-05,-0.0016212737943917,-2.70694565429608e-06,-7.49290318680096e-07,-1.58182535434648e-05,-0.00145831572661859,-0.00330613588480677,-0.00468702851908809,-3.78686183948318e-05,-0.001266357944119,-0.000306184640525231,7.93555753553221e-07,-2.86538501992339e-06,-0.000398848965844856,-0.00143617068112878,-0.00693043648988567,-6.04807780479888e-06,-5.93967177300314e-05,2.41416186597121e-07,-0.00137773607725178,-0.00372638039485107,-0.00117588280883485,-0.00145831572661859,-4.3190911398483e-06,-2.70694565429608e-06,-1.33474994665761e-05,-0.00136509364938497,-0.0056423922097224,-0.00721282121451639,-0.000105129191390496,-1.75500041965648e-06
"12:47568203:C:A",-0.00221099985730344,-0.000174844368461713,7.90565591346493e-05,0.000171597119623002,-0.00121568187188181,-0.00205606462078212,-0.000140054342595342,-0.000654574074824943,4.78928039715498e-05,3.44421869211686e-05,-3.32803872726828e-05,-0.00131301195033195,2.77901167908823e-05,-5.27761145745487e-05,-0.00220265139426612,-2.55580215533513e-05,3.44421869211686e-05,-0.00098584387119427,-0.000479659912412167,-0.000179672457292668,-0.00523032050807792,-0.000231124516157699,3.11363763598749e-05,-0.00507822525612056,-4.96988460998438e-05,-8.59513669171363e-05,0.000161562870203191,-0.000728848357746337,-0.000102005825584506,3.11363763598749e-05,-0.000189969207895047,-0.00502822872602504,6.5730862318425e-05,-0.00120635700459193,3.11363763598749e-05,-0.000895514647317519,-0.000199618367119569,-8.26108954097293e-05,-1.80281564778895e-05,9.43906748096524e-05,-5.75846067132346e-05,0.000233565338042752,0.000181882954625401,4.96778290628441e-05,-0.00329443490350201,0.000109132024355141,-0.00257862292194133,-0.000706601196756473,-0.000776173291458626,-4.96988460998438e-05,0.000474789690208866,9.13997691842638e-05,0.000123708334462513,-0.00120400443208979,-0.00328210501982795,-4.96988460998438e-05,-0.000434381236879666,4.96778290628441e-05,0.00037417232002479,-5.29531494208868e-07,0.0813890928500425,5.94281785497586e-05,0.000109132024355141,-0.00298941812476716,-0.00127719334523757,-3.72160724584347e-05,-0.000396821033507244,0.000166641291450276,0.000181882954624513,0.000235660893705969,-0.00643546075373713,6.5730862318425e-05,-0.0015717492745928,-0.00166217658472867,0.000123708334462513,-0.00160026843835226,-0.000722838725861763,-5.36171468663582e-05,-0.00013386390062653,-0.00234216422869782,-3.82299555399257e-05,0.0022312104867499,-0.00359111734287687,-0.000377347134544515,-0.004206046964081,-0.000624837204218132,-0.000102005825584506,-1.06837027837869e-05,-0.0045419854682196,-0.000148224323951673,-0.00224986399949945,0.000123708334462513,9.13997691842638e-05,6.5730862318425e-05,-0.00211337410880752,-8.9263729778466e-05,0.00020377837495289,-0.000492344518717935,-0.00649527543842954,4.29712896377055e-05
"12:47570235:C:G",-0.000107373802979538,5.94281785497586e-05,-3.19844143152892e-05,-6.65681616505154e-05,-0.00223153888269856,-0.00131635495470572,-4.45418114498608e-05,0.000195074683714935,-0.00147068919950932,-1.28347736954026e-05,9.84497159262077e-06,-2.51134752291549e-05,-0.00125571585284945,5.35469331097715e-06,-0.00302276994472095,7.57604324963523e-06,-1.28347736954026e-05,-0.00147144851704439,2.45479832479134e-05,6.07851433231943e-05,-0.000230872836124441,-0.00271764198805968,-1.1842850468291e-05,-0.000839059597561587,1.70845784310814e-05,-0.00159421789575287,-0.000703607675416329,6.49402918027064e-05,3.4557445749428e-05,-1.1842850468291e-05,-0.00279728333078211,-0.000885291244606456,-2.49730039518781e-05,-4.02877900018694e-06,-1.1842850468291e-05,3.7078784491662e-05,6.63541394256839e-05,-0.000628555644243356,-0.00312277374704095,-3.65765168774956e-05,1.93957690086677e-05,-9.31179699641405e-05,-0.00109430117471376,-2.0160145389525e-05,-8.80425685600983e-06,-4.43043954589939e-05,-0.000616677505893115,4.84205423543216e-05,-0.00244552103258311,1.70845784310814e-05,7.91326349141031e-05,-3.56779031864818e-05,-4.86523558240748e-05,5.01719028322967e-05,-1.40308167111414e-05,1.70845784310814e-05,5.94281785497586e-05,-2.0160145389525e-05,-0.000314996742925011,-2.42909434611249e-06,5.94281785497586e-05,0.0733600949860991,-0.00116424807897442,-4.34052555480235e-05,-0.00337520336745811,1.09977524953564e-05,-0.00537253692564565,-6.50838668603271e-05,-0.00419923884050633,-9.3726206676692e-05,-0.00111283630171854,-2.49730039518781e-05,-8.80425685600983e-06,-8.7321874627122e-05,-4.86523558240748e-05,-9.97977683994122e-05,-0.00568908648383104,1.8234182858734e-05,4.58202421169673e-05,-0.000904504836573672,1.37058518845379e-05,7.7208777666371e-05,-0.00286553934702294,-0.000102254245856415,-0.00571373538414743,-0.002187045271695,3.4557445749428e-05,3.17945616767901e-06,-0.00199883778982368,-0.00277726573469028,-0.000106281813608611,-4.86523558240748e-05,-0.000953658234869259,-2.49730039518781e-05,8.29332821199458e-05,3.08722657784699e-05,-8.45441570573868e-05,-0.00481707960869304,-0.00117391670094147,-1.81615566576809e-05
"12:47570329:C:T",-0.000210321715913508,0.000109132024355141,-6.21175084489778e-05,-0.000128465088999441,-0.00933568171100774,-0.00316833120511006,-0.000614441987878855,-0.00256060203478548,-0.00014180411817577,-2.43520230869265e-05,-0.00539040880545638,-0.00590422736651952,-2.07861192382808e-05,9.54665346952766e-06,-0.00187715645795716,1.35017019911032e-05,-2.43520230869265e-05,-0.000425611192557795,4.36120755491487e-05,-0.00269867401793178,-0.000308332674871181,-0.00382070536989687,-2.25780727642899e-05,0.000149844218651829,-0.00335478004915579,-0.00105184095774735,-0.000123140101472075,0.000118711144595274,-0.00216901479256482,-2.25780727642899e-05,-0.00369472921828784,0.000437465790508185,-4.76947494840729e-05,-0.00261689711958191,-2.25780727642899e-05,6.81360843026724e-05,-0.00185123729368009,-1.73796399538517e-05,-0.00178670355393962,-7.0325880863642e-05,-0.00204807128606976,-0.000181570483815285,-0.00244305173165138,-3.9084860700811e-05,-1.71471198129325e-05,-0.00314468493964526,9.74908412114672e-05,8.90399985218338e-05,-0.0018478943193978,3.16664635091612e-05,3.43873985975129e-05,-6.87190315566966e-05,-0.000457375743544652,-0.00312990463443619,-0.00276262359830426,-0.00236369044207052,0.000109132024355141,-3.9084860700811e-05,-0.00180380066518016,-5.76891936887591e-06,0.000109132024355141,-0.00116424807897442,0.121673054480732,-0.00309122836647102,-0.00146401812302077,1.95877412645373e-05,-0.002588654846575,-0.000125831452772118,-1.70163127393153e-05,-0.000182624225382177,-0.00131234809012515,-4.76947494840729e-05,-1.71471198129325e-05,-0.00236121489832364,-0.000457375743544652,-0.00124440195445352,-0.00265200449265723,-0.00216416005850473,-0.00271965835822385,-0.000655524094452353,2.56644118410421e-05,-0.00253053896713951,-0.00402686147721187,-0.000882826543541881,-0.00403754868185757,-0.00156846183183657,-0.00216901479256482,5.67067626633388e-06,0.00017278868921089,-0.00179607827072026,-0.000839430770729344,-0.000457375743544652,-6.87190315566966e-05,-4.76947494840729e-05,-0.00388929449007325,-0.00185417446285463,-0.00131873341887712,-0.000221689624811727,-0.00138813642299329,-3.55125657716115e-05
"12:47571308:T:C",-0.000712041428159615,0.000106103671388524,-0.00287072934623378,0.000176947798486538,-0.000273408518413731,-0.00513271215293454,-0.00175803183246259,-0.00287546412856265,0.000184279189602954,-2.38421687068779e-05,-0.00170722877132512,-4.87952468644082e-05,-2.03377751537559e-05,-0.00181589289051498,-6.77461806479762e-05,-5.58324787514053e-05,-2.38421687068779e-05,-0.000972084818974928,-0.00250998974340266,-0.00184634162561181,-0.000694710043230184,0.000127903596804479,-2.20986946128932e-05,-0.00215384949684916,3.0935675845889e-05,-0.00361264678843121,-0.00416922550375265,-0.00176592778061657,6.21159027733853e-05,-2.20986946128932e-05,-0.00174270487522943,-0.00225094447109342,-4.67444146892149e-05,-0.000403422124914954,-2.20986946128932e-05,-0.00206525258956436,-5.13560897363874e-05,-0.00363523224472306,-0.00181589289051498,-6.8991204272173e-05,-0.00207794849932164,-0.000624914967970902,-0.00328225453633557,-3.82661446494126e-05,-1.67625725877585e-05,-0.00109647643807342,-0.00318721139430789,8.66926377129928e-05,-4.88806153811083e-05,-0.00239345877194808,-0.00184138718906235,-6.7405334307935e-05,-9.23777431740547e-05,-0.000230372227328246,-0.00355335786612709,3.0935675845889e-05,0.000106103671388524,-3.82661446494126e-05,-0.00216884885385937,-5.59066684768794e-06,-0.00298941812476716,-4.34052555480235e-05,-0.00309122836647102,0.116000070802129,-0.00283160672592597,-0.00172737417149094,-0.00236350963821419,-0.000569504898256135,-0.000409932987727402,-0.000180028456003178,-4.39667153919743e-05,-4.67444146892149e-05,-0.0015232735350672,-0.00124507531658935,-9.23777431740547e-05,-0.00338825389030539,-0.00160601651660874,3.29296236820653e-05,-0.00025052684067628,-0.000639139913579889,2.50677653346187e-05,-0.00256400166366788,-0.00254326850041853,-0.00115714677981504,-0.00301465732431261,-0.000137371193851266,6.21159027733853e-05,5.55900344156868e-06,-0.00195172347761075,-0.00182750003674759,-0.000205703826885895,-9.23777431740547e-05,-0.00361223773357366,-4.67444146892149e-05,-0.00222264290176089,5.57817712127928e-05,-4.83768124581729e-06,-0.00308003001820145,-0.00210852209007584,-0.00146209594908964
"12:47575088:C:T",-0.000858869856267042,-0.00288750509648317,-0.000172152726387154,-0.000142311395820549,-0.00505837035429302,-0.0020246736149967,-0.000777651255576828,-0.00130787086651996,-0.00664384687017616,-2.56919697676494e-05,-0.00473126528151013,-2.43554186480921e-05,-0.0043587203087565,9.851330069921e-06,-0.00358016391635774,-1.08947685717453e-05,-2.56919697676494e-05,-0.00805552164653545,-0.000211154372213862,-0.00137193513812495,-0.00054939667911702,-0.0139417313725749,-0.00132896510225144,0.000161479451550761,-1.86816480400864e-05,-0.000159508351517346,-0.00102516324080959,0.000114819078495643,6.3923995186066e-05,-0.00132896510225144,-0.0143872517228045,0.000126819858379257,-0.00656843022347253,-0.00081194727651468,-0.00132896510225144,6.8209153740284e-05,-0.00346042581627959,-0.000403486093292216,-0.00509892582842664,-7.6011699557732e-05,-0.00198878304868089,-0.0014603574227392,-0.00142886686501509,-0.00152200006796299,-1.80857207618956e-05,-0.000206782778109371,-0.000405758079256469,-0.00352107575387972,-0.00820639274931434,3.238084504531e-05,-0.00158436302583542,0.000247763767624143,4.36756156263485e-05,-0.000914856975661849,-0.00249531458559016,3.238084504531e-05,-0.00127719334523757,-0.00152200006796299,-0.002952251383042,-0.000839133349199273,-0.00127719334523757,-0.00337520336745811,-0.00146401812302077,-0.00283160672592597,0.187429713640566,-0.00468898419719199,-0.000409804734984309,-0.000700770155426689,-0.000161083106050341,-0.00110172708346656,5.42335169804176e-05,-5.09455033146367e-05,-1.80857207618956e-05,-0.00570554256869293,4.36756156263485e-05,-0.00041023314504951,-0.000348499426309434,-0.00196324475092258,8.36401426118627e-05,-0.000140844415223107,2.63367912962664e-05,-0.00136929506852823,-0.00540447301886005,-0.00378152911009266,-0.000246204903047165,-0.00943808358548459,-0.00178522028334083,-7.66820128577095e-05,-0.000343727573988595,-0.00644435617267458,-0.00104989700894276,4.36756156263485e-05,-0.00124349626160036,-0.000836482660202975,-0.00134460801535585,5.76112833439169e-05,-0.00288902741591457,-0.000645892953960558,-0.0013454775004389,-0.00264823332830311
"12:47579502:G:A",-0.000929803819240682,-0.00359391495774197,-0.000284268739452642,2.79772144953228e-05,-0.00297263434743922,-0.00172779362457032,-0.00367401789671895,-0.00116556436696236,1.27493006614188e-05,6.3902641498359e-06,2.81478344632546e-07,1.13075177869959e-05,5.33224939047727e-06,-0.00229031341870112,-0.000949749995120985,1.30898409391733e-05,6.3902641498359e-06,-1.93044059138003e-06,-0.00202932488652596,-3.82817529827051e-05,-0.00165391608032195,-0.00505930564111789,5.86585363926417e-06,-0.000493454565235751,-0.00121459625766196,-0.00223238114276469,2.68400114658007e-05,-0.00142029463662041,-0.00158748787794227,5.86585363926417e-06,-0.00489922631521456,-0.000452491583052606,1.1934007291714e-05,-0.00203343531203259,5.86585363926417e-06,-0.00165127534187359,-0.00145999371633998,-7.09302552666102e-05,-3.09164916867388e-06,1.67959435009024e-05,-1.09971152779664e-05,3.573674467372e-05,2.98904982178883e-05,-0.00181571867079988,4.23658808923477e-06,-0.00169793954465636,-6.22367545259905e-05,-2.95462097588128e-05,-4.39096472701905e-05,3.28702225251831e-05,-0.00266073444691806,-0.00302636953159752,2.14699228804349e-05,-2.75566700569385e-06,-0.00195644411645279,-9.53982515916607e-06,-3.72160724584347e-05,-0.00181571867079988,-0.0023952782698391,-0.00220074898039169,-3.72160724584347e-05,1.09977524953564e-05,1.95877412645373e-05,-0.00172737417149094,-0.00468898419719199,0.0930196131308714,-0.000255971532706845,2.74186640671914e-05,2.98904982178883e-05,3.59235004738778e-05,-0.00254428480920854,1.1934007291714e-05,4.23658808923477e-06,-0.0015079990646969,2.14699228804349e-05,-0.00139011661374244,-5.98174810471086e-05,-0.00172549706208613,-2.76338265443599e-05,-0.0029731525116965,-7.44762585647152e-06,-5.10514595664091e-05,-0.00374998153607287,-0.00138689259323854,-0.00185492617209526,-6.51076909683468e-05,-0.00158748787794227,-1.82243299917673e-06,-7.27917584923965e-05,-2.97846375518773e-05,-0.00350623196590938,2.14699228804349e-05,1.63828592594228e-05,1.1934007291714e-05,-0.000598744429477271,-1.7829919945811e-05,-0.00023736459927548,-0.000651734302415274,-4.03596738687284e-05,-0.00105951006244442
"12:47580712:T:A",7.97213721384082e-05,-0.00982411072959,-8.83393364201623e-05,0.000424076386025263,-0.0127384598331424,-0.0152245049915116,-0.00525868175548672,0.000331336897691159,-0.00117614757277096,6.06753196175092e-05,-0.00396189095661947,-0.00395492172375134,-0.00159277407615566,-0.0018713714158638,-0.00182338052616382,-0.00195854637778314,0.000191473113029694,-0.00225579625171823,-0.00104552379273182,-0.012755067802571,-0.00333108648228553,-0.00136811580170981,-0.00143508119115587,-0.00661864979824855,-0.00290101980583835,-7.07587362134277e-05,0.000555620657407552,4.09700871877305e-05,-0.00291274923786222,-0.00143508119115587,-0.000974140279266678,-0.00621194655134216,-0.00113803793628442,-8.17804343031803e-05,-0.00143508119115587,-0.000541897821093595,-0.000231460021795193,0.000414666080804427,-1.77285808318217e-05,-0.00211745655076268,-0.00177661015159369,-0.00451145965097055,-0.000349197702270043,-0.00207059843093216,-0.00205627259582286,-0.00161660301940492,3.58923823164936e-05,-0.000425428790946647,-0.000509241805839888,-0.000434665695529191,-0.0046926686337776,0.000250560713870307,-0.00250604252416586,-0.00101531259549636,-0.000279844671347451,-0.00561641303028715,0.000114620636202822,-0.00207059843093216,-0.00108864401556152,-0.00502891281722029,-0.000396821033507244,-0.00537253692564565,-0.002588654846575,-0.00236350963821419,-0.000409804734984309,-0.000255971532706845,0.230778848061062,0.000489293538815438,0.000580924937769289,-0.0037634696625064,-0.00278094425032416,-0.00232792022595518,-0.00312059496233452,0.000217661073273145,-0.00443042005716254,-0.00160735170110637,-0.0114360582427393,-0.00014791687927751,-0.000600918830537367,0.000878794780519776,-7.56607357690342e-05,-0.00247535760512863,-0.00105221799003141,0.000651195289619988,-0.0119368318690296,-0.000812066417539281,-0.00444994120197073,-3.09409526000337e-06,-0.00889221974727761,-0.0013123944088318,0.000775383211143676,-0.00443042005716254,0.000174051582218837,0.000109928652108238,-0.00226620135521305,-0.000999898879269878,-0.00210648462765173,-0.00541924148434836,-0.00454042286861434,-0.000380244590463263
"12:47581120:C:T",-0.000292868136846813,0.000166641291450276,-0.00550565808111436,0.00196905935850111,-0.00247672401290888,0.000264048029595898,-0.00178503668240371,0.000576428510293603,0.00103641687420009,-3.5740978083787e-05,-0.00211971626328111,-0.000682393261298486,-3.08673735709419e-05,1.33251346223773e-05,-0.00527918311109499,1.88666829377127e-05,-3.5740978083787e-05,-0.00482113189153122,-0.000676526296811808,0.000170242187533809,-0.00247744478525913,-0.00122795755658522,-3.33176077056407e-05,-0.00278470432988343,4.66893247246247e-05,-0.00326190656470793,-0.000113688056981864,-0.00412682649793084,9.49688475442301e-05,-3.33176077056407e-05,-0.00126211708126345,-0.00285775079071104,-0.000368864076258468,-0.00114317205343184,-3.33176077056407e-05,-0.00445585760180833,0.000185058545303818,-0.000714276193396479,1.33251346223773e-05,-0.000195140316754383,5.25438690157642e-05,-0.000254720425237664,-0.000205127255182624,-5.80687951030612e-05,-2.5884508263907e-05,-0.00117865110971049,-0.000909749051862363,-0.00257525661026214,0.000188869391775981,4.66893247255129e-05,-0.00528974891435663,-0.000316111946586872,-0.000135842242345419,-0.000748724997436945,-4.32934639276183e-05,4.66893247255129e-05,-0.00164888196723645,-5.80687951030612e-05,-0.00131975710840848,-1.02423491981085e-05,0.000166641291450276,-6.50838668603271e-05,-0.000125831452772118,-0.000569504898256135,-0.000700770155426689,2.74186640671914e-05,0.000489293538815438,0.0710359736645652,-0.000205127255182624,-0.000255981943088734,-0.000586206441873571,0.0012029658160948,-2.5884508263907e-05,0.000957341584607363,-0.000135842242345419,-0.000931184239307825,-0.000287094167094715,4.96002809988738e-05,-0.00186730039368754,-0.000410809055326311,3.81469132699763e-05,0.000217254280648227,-0.000992995346890346,0.000706214977372888,-0.000937694766593111,0.000265347533506599,9.49688475442301e-05,7.90644853410072e-06,-0.0022612268812976,-0.00129851278598903,-0.000290722150167788,-0.000135842242345419,-0.000100067079997324,-6.96309922476601e-05,-0.000887243296555873,8.54800738778749e-05,-0.000236892452396553,-0.00252233634614729,-0.00067199818763175,-5.32572638389794e-05
"12:47581920:A:G",-0.000339746640809047,0.000181882954624513,-0.00010402485187555,-0.000208786642382108,-0.010673471339782,-0.00712573764787816,-0.00523197368450745,-0.0020886513747298,-0.00142728274658666,-4.01318248322013e-05,-0.00281322639655723,-0.00318658994756493,-3.47843126320413e-05,1.4541439161242e-05,-0.00626586684932606,-0.00151360744855022,-4.01318248322013e-05,-0.00140771339930978,6.68507130088258e-05,-0.00240945985870233,-0.00123473453472123,-0.000163212070207308,-3.74723808329591e-05,-0.00551235494388047,-0.00311981635109415,-0.00151712638824719,-0.000729914319208547,0.000197371821017533,-0.00191306101172017,-3.74723808329591e-05,-0.000123818522329344,-0.00458005197294042,-7.86005362654052e-05,-0.00022419737119872,-3.74723808329591e-05,0.000111424899954748,-0.00209902192512601,-0.000649430346164159,-0.00018003354329732,-0.00011595935462605,-0.00181068120749295,-0.000294098981142632,0.00123707845589927,-6.58730571556632e-05,-2.93204471724096e-05,-0.000425592427002464,-0.000624753189899518,0.000147217886656392,-0.00209425077784875,5.16381796451526e-05,-0.00418490574904462,-0.000113625537542461,-0.000629881424218937,-0.00384464967075004,-0.000262833172559596,-0.00212872674400799,0.000181882954624513,-6.58730571556632e-05,-0.00924519352988185,-1.21917512645453e-05,0.000181882954624513,-0.00419923884050633,-1.70163127393153e-05,-0.000409932987727402,-0.000161083106050341,2.98904982178883e-05,0.000580924937769289,-0.000205127255182624,0.125946290408486,-0.000295471813527293,-0.00225337030167161,-7.86005362654052e-05,-2.93204471724096e-05,-0.000633724532947966,-0.000629881424218937,-0.0011528734301649,0.000115012889504662,-0.00192799048019143,-0.00244920529804293,-4.05712760924715e-05,4.23692139719378e-05,-0.00222058593919083,7.64419961907237e-06,7.61572252940823e-05,-0.00174590948304409,-0.00178053448382798,-0.00191306101172017,8.63154573771396e-06,-0.000926685474053279,-6.22728413564033e-05,-0.00107964245636971,-0.000629881424218937,-0.000921323859804701,-7.86005362654052e-05,-0.00334283956397741,-0.00214434444957856,-0.00120917515960262,-0.00109435191613061,-0.00238810701806269,-6.05816695893324e-05
"12:47582930:T:C",8.75673060010129e-05,0.000235660893705969,-0.000132830875863021,-0.000260048929302314,-0.0033933377105555,-0.00278691801932673,-0.00141132861453386,-0.00108846186147549,-0.00205482277575531,-5.09658463627716e-05,3.21440386601424e-05,-0.000112186632577504,-4.46372050530996e-05,1.74537522728002e-05,-0.00680549808581343,2.47148505962969e-05,-5.09658463627716e-05,-0.00257748820680792,8.06001994488881e-05,0.000240496768390663,-0.00102546185509134,-0.000627195169903061,-4.78191147177398e-05,0.000597275525644037,6.54038209964014e-05,6.15772298608874e-05,-0.000251821207335468,-0.00117042476324425,0.000133113297245302,-4.78191147177398e-05,-0.000611154305758532,0.000651822329633234,-9.95722321466275e-05,-3.44952538382515e-05,-4.78191147177398e-05,-0.00096559294954357,-0.00273258798069698,-0.00509422886940936,1.74537522728002e-05,-6.45447002636246e-05,7.31305395449411e-05,-0.0010940185938848,-0.000295471813527293,-8.47052313197594e-05,-0.000533116950116153,-0.000182624225382177,-0.00489934025215,0.000189222941037848,-0.00108442537075337,6.54038209972896e-05,-0.00168967490243688,-0.000143886822667305,-0.00019515381342039,-0.000145958879928187,-6.56969401120477e-05,-0.00134704826746201,0.000235660893705969,-8.47052313197594e-05,-0.00886803213386411,-1.78414315286091e-05,0.000235660893705969,-9.3726206676692e-05,-0.000182624225382177,-0.000180028456003178,-0.00110172708346656,3.59235004738778e-05,-0.0037634696625064,-0.000255981943088734,-0.000295471813527293,0.0980279260361439,-0.00651769465592977,-9.95722321466275e-05,-3.81654658125896e-05,-0.000349599533231881,-0.00019515381342039,-0.000464815646435746,-0.0046210695205664,6.92454373405482e-05,0.000180134619954586,-0.000588258566074806,5.41327088328103e-05,-0.00137932924150252,-0.00413028429466511,-0.000406989271725777,-0.00394700438180795,-0.00134066362364926,0.000133113297245302,1.03551041377159e-05,3.72034630640172e-05,-0.000718625566824116,-0.000415663148800149,-0.00019515381342039,-0.000143886822667305,-9.95722321466275e-05,0.000320224493080445,-0.00476920446373796,-0.000342917270473642,-0.00437973493938326,-0.00649598906167803,-7.85164561953877e-05
"12:47585314:T:C",-0.00490725063345998,0.000239167400325258,-0.00263892315905689,0.000541760938212121,-7.13363950355372e-05,-0.014890331324366,-0.00228825515755471,0.000355256870956389,-0.000206393143527883,-5.38189019421154e-05,-0.000471978829861719,-0.000120973581408279,-0.00129228206133725,-0.00167232101727777,-0.00184917149689712,-8.12088462263105e-05,0.000352180376094857,-0.00118107863625472,-0.00130594309283438,-0.00233512013941972,-0.00325573353817443,-0.00205048991574674,-0.00110241547307499,-0.00557351042532472,-0.00410411265760224,-0.00706289878878774,-0.000273589326564405,-0.00175165862575266,0.000136932710313786,-0.00110241547307499,0.00011312291887311,-0.00564854957180572,-0.00696997411100764,-0.000506125927218548,-0.00110241547307499,-0.00211551010963351,-0.000533319610773297,-0.0069809115235282,-0.00167232101727777,-0.00419007858961074,-5.884094208497e-05,-0.00168061860621105,-0.00133691631061073,-0.00131647701012216,-4.0498355882157e-05,0.000278442553497626,-0.00750176301390759,-0.00184535467557456,-0.00177991555838464,6.78441513981554e-05,-0.000363617071741373,-0.000639870390352293,-0.00389169618401475,-0.000717773727563653,-0.00230125291794536,6.78441513981554e-05,0.000239167400325258,-0.00131647701012216,-0.000573186496326983,-0.0016212737943917,-0.00643546075373713,-0.00111283630171854,-0.00131234809012515,-4.39667153919743e-05,5.42335169804176e-05,-0.00254428480920854,-0.00278094425032416,-0.000586206441873571,-0.00225337030167161,-0.00651769465592977,0.180810229234679,-0.000105918587213871,-4.0498355882157e-05,-0.00237597637735298,-0.00389169618401475,-0.00265400432937835,-0.00123386263343539,7.1770507328317e-05,0.000184203004844896,-0.00225086887688697,5.63120084491331e-05,-0.00519508013150016,-0.000367627013858396,-0.00166487349928612,-0.000409179011253258,-0.00144097556516698,0.000136932710314674,1.06955579157741e-05,-0.00503937484889194,6.68450943130949e-05,-0.00101853510913408,-0.00389169618401475,-0.000154248832974879,-0.000638249956387504,-0.000745404224870683,0.000124198177390511,-0.000107978120725605,-0.00725116372593382,0.000433620630585274,-0.00192848738632279
"12:47586906:C:T",-0.000113708309993577,6.5730862318425e-05,-3.45491024020816e-05,-7.11841947049763e-05,-0.00143337908038532,-0.00244650926641654,-0.000129022801673706,0.000226337923430187,-2.86990421605182e-05,-1.39172413762267e-05,1.06799891499421e-05,-0.000856827255942605,-1.17731500148821e-05,5.80233390490292e-06,-0.000808232090252048,8.21394084482563e-06,-1.39172413762267e-05,-0.00620211909824775,-0.000933600867540463,6.72521058593389e-05,8.03832857609876e-06,8.07880216955326e-05,-1.28510196741871e-05,-0.00237763050159945,1.86522559362245e-05,-0.00111071400809237,-0.000227199886825957,-0.00559391582860336,3.79148146407715e-05,-1.28510196741871e-05,6.54376551176838e-05,-0.00238466416893424,-2.69967161514728e-05,-0.00095523553548027,-1.28510196741871e-05,-0.00587438216592862,7.35083194447483e-05,-0.000253120874301516,5.80233390490292e-06,-3.94275990425186e-05,2.11784200843113e-05,-9.8943755610037e-05,-7.86005362654052e-05,-2.18521670278804e-05,-9.58169582432333e-06,-0.000686604222746467,-0.000316088571087114,-0.00247617748388862,7.51166324031161e-05,1.86522559362245e-05,-0.0023390509331076,-3.84737115384226e-05,-5.22852327184964e-05,-0.000914578185393644,-1.52839161779994e-05,1.86522559362245e-05,-0.00273046314599767,-2.18521670278804e-05,-0.000731620348878081,-2.70694565429608e-06,6.5730862318425e-05,-2.49730039518781e-05,-4.76947494840729e-05,-4.67444146892149e-05,-5.09455033146367e-05,1.1934007291714e-05,-0.00232792022595518,0.0012029658160948,-7.86005362654052e-05,-9.95722321466275e-05,-0.000105918587213871,0.0529220379975079,-9.58169582432333e-06,-0.000556779762692194,-5.22852327184964e-05,-0.000570303820716767,-0.00272918396005561,1.99084086967005e-05,5.0466342360167e-05,-0.00015860271820678,1.49647211040715e-05,8.58522034477005e-05,0.000266546440396809,-0.00010844640719565,-0.00231742151441061,0.000104856028827705,3.79148146407715e-05,3.4433877154072e-06,-0.00127075204877336,5.24877165473114e-05,-0.000112586673002291,-5.22852327184964e-05,-3.84737115384226e-05,-2.69967161514728e-05,-0.0012461356676523,3.38527972099101e-05,-9.00706117601402e-05,-0.00090424101419817,-0.000121049342498125,-1.97125047955993e-05
"12:47587682:T:A",-4.41464817981796e-05,2.09732521723183e-05,-1.2232381790156e-05,-2.65456737542635e-05,-0.00059704278008077,-0.0024192414775861,-0.00153729243959599,5.51472852947654e-05,-0.00181257116300326,-4.87614766786493e-06,-0.00197277486474512,-9.38233674840916e-06,-4.07845553240804e-06,2.07544683039629e-06,-0.00920827060981466,2.92938334567339e-06,-4.87614766786493e-06,-0.00429858295015073,-0.00179070602444664,2.14274506831202e-05,-0.00304603642928214,2.5531178651228e-05,-4.47897512501072e-06,-0.00218331400170158,6.35576771035318e-06,8.65433851071629e-06,-2.52104141740261e-05,-0.0055319274859551,1.26093372081471e-05,-4.47897512501072e-06,2.1218832368497e-05,-0.00215684928095605,-9.58169582432333e-06,-0.00179392462499806,-4.47897512501072e-06,-0.00599362042115281,2.32723614104202e-05,-0.0015231841726866,2.07544683039629e-06,-1.41574725454063e-05,7.22006821263221e-06,-3.78794904873914e-05,-0.00140770123350542,-0.00159285453768288,-3.26722690680015e-06,-0.00149471108543953,-0.00160366122936484,1.73530861209414e-05,-0.000115568139579914,6.35576771124136e-06,5.56500079680333e-05,-1.37794909722544e-05,-1.90152092685025e-05,-0.00173680911896223,-0.0017273568127445,6.35576771124136e-06,2.09732521723183e-05,-0.00159285453768288,-0.000497132811992707,-7.49290318680096e-07,-0.0015717492745928,-8.80425685600983e-06,-1.71471198129325e-05,-0.0015232735350672,-1.80857207618956e-05,4.23658808923477e-06,-0.00312059496233452,-2.5884508263907e-05,-2.93204471724096e-05,-3.81654658125896e-05,-4.0498355882157e-05,-9.58169582432333e-06,0.0755031861921758,-3.51672000569181e-05,-1.90152092685025e-05,-0.00134370725530975,-0.00289614230867041,6.78625804262367e-06,1.64498931063406e-05,-6.40137825076437e-05,5.08393166676058e-06,-0.00168696772487831,-0.00137185335702927,-4.16768980366911e-05,-0.00139963320701852,-0.000240266777594478,1.26093372081471e-05,1.23522016881594e-06,-0.000743955488010428,1.72557393121053e-05,-4.36182172904864e-05,-1.90152092685025e-05,-1.37794909722544e-05,-9.58169582432333e-06,2.85775307382607e-05,1.12795477162919e-05,-3.38756872855228e-05,-0.000208778314898517,-0.00146472238568585,-6.79964320760007e-06
"12:47588408:T:C",-0.000700767331869301,-0.00166217658472867,-0.00338685271731176,0.000261261644165955,-0.00317520034542085,-0.000293357319073984,-0.00037305264335874,-0.00106765083425397,0.000151455259737254,-4.73746678535392e-05,-0.000302147727033741,-0.00190639500159673,-4.13371336094315e-05,1.64854422539662e-05,-0.00195257978283658,-0.00155103818553659,-4.73746678535392e-05,-0.000477389162259811,-0.00275033748429987,0.000217846571102243,-0.0013715028996053,-0.000386236680713026,-0.00165672906196868,-0.00146282693483357,6.04062958577956e-05,-0.00191099354882418,-0.000238574377084966,-0.00192137552356986,0.000122163164640199,-0.00165672906196868,-0.000322684301366394,-0.00149795565211175,-0.000556779762692194,-0.000714932406136626,-0.00165672906196868,0.000130139267107587,-0.00437031927718223,-0.00251537419956183,1.64854422539662e-05,-0.000861830392977048,-0.00244768121353012,-0.00034814646112924,-0.00265404403530756,-7.86458672061841e-05,-3.51672000569181e-05,-0.000141211032741673,-0.00231900503713289,-0.00209350920983553,-0.000773628101093493,6.04062958577956e-05,-0.00180931815894869,-0.00208753103796688,-0.000183781113670456,-9.06755913803181e-05,-6.0388269655931e-05,-0.00216042151278728,0.000213479621117507,-7.86458672061841e-05,-0.00392461318686044,-1.58182535434648e-05,-0.00166217658472867,-8.7321874627122e-05,-0.00236121489832364,-0.00124507531658935,-0.00570554256869293,-0.0015079990646969,0.000217661073273145,0.000957341584607363,-0.000633724532947966,-0.000349599533231881,-0.00237597637735298,-0.000556779762692194,-3.51672000569181e-05,0.11109807765234,-0.000183781113670456,-0.000686999470035587,-0.00156534529245267,6.39961220381124e-05,-0.000254277415065118,-0.000575369669846282,4.98637985524297e-05,-9.95040250355572e-05,-0.00218912077455258,-0.00177986380062656,-0.00308246299788628,-0.00383195414656168,0.000122163164640199,9.78464442535909e-06,-0.00576783878848985,-0.00110414560551408,-0.000400040511078892,-0.000183781113670456,-0.000134783579748721,-9.29481920088904e-05,-0.00336639028953378,0.00011051672922413,-0.00239806866005576,-0.00170873040251962,-0.00251962793795002,-0.00129508639143605
"12:47588869:T:C",-0.000443840749294822,0.000123708334462513,-6.80511011559304e-05,-0.000138584597126901,-0.00200543419775112,-0.00780360894494425,-0.000246929036110899,-0.00328823119837374,-0.00140065802250877,-2.68138113037608e-05,1.92162292380615e-05,-5.49755432057708e-05,-2.29563792695231e-05,1.04449356639336e-05,-0.000493637114569623,1.47826790950489e-05,-2.68138113037608e-05,-0.000225564870892647,4.80184421167706e-05,-0.00217314350642894,-0.00161463355118219,-0.00237859780198857,-2.48953956196729e-05,0.000883648705642059,-0.00226778200513955,-0.000413778664173137,-0.000133038156326926,0.000134765934293846,7.12754447942388e-05,-2.48953956196729e-05,-0.00215969962365392,0.000912622643584271,-0.000434069486159316,-1.20085153225702e-05,-2.48953956196729e-05,7.62724177594265e-05,0.000137605116496964,-0.00206142635227913,-0.00360269931504664,-0.00071992738638027,3.97238177995973e-05,-0.000194074795841104,-0.00307319515847748,-4.30521477250423e-05,-1.90152092685025e-05,-9.40674941860564e-05,-0.00365738463622645,0.00010032548553518,0.000140475174698729,3.51796316273578e-05,-0.00149431844182057,-0.0042151251092104,-0.00190723554610006,-0.00127417234991434,-3.12744342778615e-05,3.51796316273578e-05,0.000123708334462513,-4.30521477250423e-05,-0.00219921735755335,-0.00145831572661859,0.000123708334462513,-4.86523558240748e-05,-0.000457375743544652,-9.23777431740547e-05,4.36756156263485e-05,2.14699228804349e-05,-0.00443042005716254,-0.000135842242345419,-0.000629881424218937,-0.00019515381342039,-0.00389169618401475,-5.22852327184964e-05,-1.90152092685025e-05,-0.000183781113670456,0.095596047117136,-0.00100164533778457,-0.0038694971393447,3.74395664906046e-05,9.5142643111501e-05,-0.000315815290279353,2.85419301508938e-05,0.000160750709271795,-0.0122211155217782,-0.000214899463128582,-0.0030888571335983,0.000195556038218747,7.12754447942388e-05,6.1999446465677e-06,-0.00171177654044818,-0.00555068662032099,-0.000221837052460039,0.00122952366830997,-7.50686557946523e-05,-5.22852327184964e-05,-0.00149790101406655,6.39784817764166e-05,-0.00107465105647631,-0.00527177387411193,-0.000241666687298192,-3.92141531060375e-05
"12:47590896:C:T",-0.00537645185141411,-0.00265545014215807,-0.00123215942181698,0.000226157232577684,-0.00227928705921698,-0.000282588509308734,-0.000741307873591168,-0.00489870724149277,-0.000670503676577283,-5.38189019412272e-05,-0.000110135090551466,-0.00272925591378481,-0.00122433592566651,1.80196174843772e-05,-0.00541901499332331,-0.000117825799685001,-5.38189019412272e-05,-0.00142670525217703,-0.00186710094505571,0.000243930302225692,-0.00324538131990204,-0.00327754117307233,-5.05426217136673e-05,-0.00600536578176936,6.78441513981554e-05,-0.00252914897039247,-0.000273589326564405,-0.00197990593129127,0.000136932710314674,-5.05426217136673e-05,-0.00318143658716519,-0.00602133108867742,-0.000570303820716767,-3.00602542502304e-06,-5.05426217136673e-05,-0.00177260652543243,0.000263486793008028,-0.0029363064707062,1.80196174843772e-05,-0.000157071078539239,7.57391089658555e-05,-0.000639197038478478,-0.00126897017493999,7.06868947402128e-05,-4.04983558812688e-05,-0.00344261765751686,-0.00265935402498441,-0.00101234844584042,-0.0018942584340591,-0.00234018933313518,-0.00112371635396835,-0.00100183216554051,-0.00100164533778457,-0.00433371240831981,-0.00299106868592691,-0.00535387236234719,-0.000301015029741336,7.06868947402128e-05,-0.00475127935443176,-0.00330613588480677,-0.00160026843835226,-9.97977683994122e-05,-0.00124440195445352,-0.00338825389030539,-0.00041023314504951,-0.00139011661374244,-0.00160735170110637,-0.000931184239307825,-0.0011528734301649,-0.000464815646435746,-0.00265400432937835,-0.000570303820716767,-0.00134370725530975,-0.000686999470035587,-0.00100164533778457,0.145124789428321,-0.00197449138208849,7.17705073300934e-05,0.000184203004845784,-0.0021132776024464,5.63120084491331e-05,-0.00627545565749354,-0.000733233807405753,-5.55572194773646e-05,-0.0014985027999348,0.0003732082131922,0.000136932710314674,-0.00288679378726808,-0.00429971194418632,0.000182496702668011,-0.00095058897346334,-0.00100164533778457,-0.00100183216554051,-0.000105918587213871,-0.00208589883198762,0.000124198177390511,-8.66262898489012e-05,-0.00158653660165831,-0.00127170387632347,-0.000266881658586016
"12:47592097:G:A",-0.000245186002127529,-0.0100732455769643,-0.00133769383889648,0.000290086552899638,-0.0113321282494514,-0.0135296092083239,-0.00762530916834248,-0.00203263504038231,-0.000466207526948814,7.6064985314872e-05,-0.00469069594063676,-0.00283936674159202,-0.00156609785791595,-0.00313077348854485,-0.00399675082357875,-0.00228639116827711,-4.59221435367141e-06,-0.00186853106206897,-0.00123966385112029,-0.013174870103482,-0.00487357417091872,-0.000160215543404618,-0.00138329239513091,-0.0103258378665334,-0.00275697226054561,-0.000465335243146736,0.000151573565862151,-0.000232400671191346,-0.00287145004160649,-0.00138329239513091,-2.11142745749626e-05,-0.00979166920068453,-0.00101994414059092,-6.92656381615642e-05,-0.00138329239513091,-0.000144273615891422,-0.00109564489303038,-0.00213840279805577,-5.12308960587404e-06,-0.00178824010471601,-0.00118521725206833,-0.00556027160943984,-0.000291688099171683,-0.00210888421151445,-0.00233026053457319,-0.00359719226230304,-0.00187809650367088,-0.000350763884749306,-0.000642009800954302,-0.000379800085878124,-0.00485266067186085,-7.71883814989494e-05,-0.00204962197453273,-0.00133626684582788,-1.41491689609197e-05,-0.00588603962842082,-0.00422045257195069,-0.00210888421151445,-0.00229880255988579,-0.00468702851908809,-0.000722838725861763,-0.00568908648383104,-0.00265200449265723,-0.00160601651660874,-0.000348499426309434,-5.98174810471086e-05,-0.0114360582427393,-0.000287094167094715,0.000115012889504662,-0.0046210695205664,-0.00123386263343539,-0.00272918396005561,-0.00289614230867041,-0.00156534529245267,-0.0038694971393447,-0.00197449138208849,0.257348006801587,-0.000167903601302477,-0.000726479797418911,0.000221116894068007,-9.34327500656806e-05,-0.00309462957594242,-0.00047007215253636,-0.00249733332339064,-0.00959118798000702,-0.00107552041594694,-0.00449376536362411,1.41588192281716e-05,-0.00946607264745625,-0.000421892072077767,0.000277211860582049,-0.0038694971393447,6.83740602651639e-05,0.000138842466371969,-0.000702513096439539,-0.000963354765906921,-0.00143703436090181,-0.00372048589749685,-0.00427150572846013,-0.000742393075678915
"12:47592201:A:T",7.79833903745697e-05,-5.36171468663582e-05,2.46129950625118e-05,5.08349267462904e-05,-0.00134102053868368,-0.00036364585050741,8.35166290142908e-05,-0.000543417747034702,-2.53852893576934e-05,1.04289585758366e-05,-9.1726840203421e-06,-0.00196311924859849,8.63133472250865e-06,-4.96022646601091e-06,-0.000369277571845572,-7.03805163926319e-06,1.04289585758366e-05,-0.00714905198264226,-2.33129139912691e-05,-5.50329833375329e-05,-0.000141444531002399,-0.00152854718521223,9.53596467745399e-06,-0.00423519776066605,-1.48014111829298e-05,-2.25296182732038e-05,4.83335198318002e-05,-5.94000786984239e-05,-0.00232223629721506,9.53596467745399e-06,-0.0015814458706398,-0.00424184080071299,1.99084086967005e-05,9.38609148626313e-07,9.53596467745399e-06,-3.30967092638801e-05,-0.00124650586865549,-1.28245162862584e-05,-4.96022646601091e-06,2.86184255822164e-05,-0.00307062291421278,6.87507325736192e-05,-0.00204408722496652,1.56391736005901e-05,6.78625804262367e-06,3.37067859756957e-05,-3.11620643813626e-05,-4.33698894859447e-05,-6.24153070827305e-05,-1.48014111820416e-05,-0.00598443736814147,2.78383291414386e-05,3.74395664906046e-05,-0.00243756351036595,1.01252707791488e-05,-1.48014111820416e-05,-5.36171468663582e-05,1.56391736005901e-05,-0.0029916724309258,-3.78686183948318e-05,-5.36171468663582e-05,1.8234182858734e-05,-0.00216416005850473,3.29296236820653e-05,-0.00196324475092258,-0.00172549706208613,-0.00014791687927751,4.96002809988738e-05,-0.00192799048019143,6.92454373405482e-05,7.1770507328317e-05,1.99084086967005e-05,6.78625804262367e-06,6.39961220381124e-05,3.74395664906046e-05,7.17705073300934e-05,-0.000167903601302477,0.0626339981089536,-4.07309218344309e-05,0.000104144378782145,-1.15959004727273e-05,-7.14643768047196e-05,-0.000298366902893754,7.37990392627452e-05,-0.000177209498232855,-8.87882958204855e-05,-0.00232223629721506,-2.9370039582588e-06,-0.00359485736343768,-0.00153935758993917,7.70957625135793e-05,3.74395664906046e-05,2.78383291414386e-05,1.99084086967005e-05,-0.00337127440199048,-2.6966789422822e-05,-7.67993560426561e-05,-0.00020721423762815,8.09067061879887e-05,1.38507858942205e-05
"12:47593129:A:G",0.000203542228121023,-0.00013386390062653,6.13040619805716e-05,0.000131226597476441,-0.000562915929677388,-0.00017027985950957,-0.000687593149166332,-0.000802282201271431,-0.00507489551274354,2.64147541377824e-05,-0.00129269579713753,-0.00295183728241888,2.14937076554733e-05,-1.33831130524342e-05,-0.00909637015559905,-1.89746716268147e-05,2.64147541377824e-05,-0.00458791271030545,-6.24847810319906e-05,-0.000648835567795381,-0.012847153658571,-0.000438186138087993,2.3969296065296e-05,-0.00207203731695049,-3.78126299649395e-05,0.000194988331429613,0.000123927473442365,-0.000148658142325786,-7.76802198920734e-05,2.3969296065296e-05,-0.000401309239125958,-0.00214269416345569,5.0466342360167e-05,-0.00026585645214805,2.3969296065296e-05,-8.42325404839528e-05,-0.000880660295396574,-0.00490583043263371,-0.00135814371311049,7.25658671054674e-05,-0.001097418154135,0.000178628492643718,-0.00256530204281713,3.86312174853742e-05,1.64498931063406e-05,-0.000261737309229737,-0.0048280953688149,-0.000109172905879973,-0.000156351148731027,-3.78126299640513e-05,-0.00142605840013221,7.03695922839032e-05,9.5142643111501e-05,-0.000241284966426392,-0.00146506734850504,-3.78126299640513e-05,-0.00013386390062653,3.86312174853742e-05,-0.00240784401687399,-0.001266357944119,-0.00013386390062653,4.58202421169673e-05,-0.00271965835822385,-0.00025052684067628,8.36401426118627e-05,-2.76338265443599e-05,-0.000600918830537367,-0.00186730039368754,-0.00244920529804293,0.000180134619954586,0.000184203004844896,5.0466342360167e-05,1.64498931063406e-05,-0.000254277415065118,9.5142643111501e-05,0.000184203004845784,-0.000726479797418911,-4.07309218344309e-05,0.0823776930316686,0.000274857989158939,-2.92724335579919e-05,-0.000177630033819653,-0.00214595984332888,-0.00232265462799841,0.000164893540457456,-0.000219497284525083,-7.76802198920734e-05,-7.93025695156047e-06,-0.000331024648314582,-0.000376918755641498,0.000200772127969984,9.5142643111501e-05,7.03695922839032e-05,5.0466342360167e-05,-0.00117264522739813,-6.81606334760332e-05,-0.00168814434695008,-0.000251695675212993,0.00020852227049506,3.36854174358692e-05
"12:47593580:G:A",-0.0018844389477497,0.000359576795369243,-0.00219396180224063,0.000284383426988555,0.000372683624306092,-0.00129762463463257,-0.00505165791858353,-0.00085217547710581,-0.00273609881166426,0.000584826651321535,-0.0013159997797052,-0.000787546561662467,-7.2334695586207e-05,2.2843342773804e-05,-0.00237756350072615,-0.00542007577586112,-8.04707226782497e-05,-0.000926460258730444,-0.00216047107773587,-0.00750051641747085,-0.00127272226774,0.000403912041884169,-7.64254327823011e-05,-0.000552814244155098,9.9047750357073e-05,-0.000247665989267176,-0.00363915634793877,-0.00165846887708199,-0.00166583939077825,-7.64254327823011e-05,0.000315892252254812,-0.000527012475741273,-0.00015860271820678,-1.63195978641895e-05,-7.64254327823011e-05,-0.00151240581599676,-0.00133869767255046,-0.00122759712420972,2.2843342773804e-05,-0.000235661360809658,-0.00160873418621854,-0.000587035149332671,-0.000876529754569866,-0.00110571560938766,-0.0011751733723866,-0.000655524094452353,-0.00125069125988464,0.00028713321920204,-0.0020888787546598,9.90477503579612e-05,-0.00282188371762038,-0.000232394444678263,-0.000315815290279353,-6.86143234966963e-05,-0.000402421009424891,9.90477503579612e-05,0.000359576795369243,-0.00110571560938766,-0.00455995675046816,-0.000306184640525231,-0.00234216422869782,-0.000904504836573672,-0.000655524094452353,-0.000639139913579889,-0.000140844415223107,-0.0029731525116965,0.000878794780519776,-0.000410809055326311,-4.05712760924715e-05,-0.000588258566074806,-0.00225086887688697,-0.00015860271820678,-6.40137825076437e-05,-0.000575369669846282,-0.000315815290279353,-0.0021132776024464,0.000221116894068007,0.000104144378782145,0.000274857989158939,0.0958847378001062,8.40948592788493e-05,-0.00184082340162206,-0.00038668377038853,-0.000671215512020318,-0.00302027588390041,-0.00168950337251683,-0.00166583939077825,1.35521837014707e-05,-0.00223954944173466,0.000261769447934768,0.00355054444881375,-0.000315815290279353,0.000846051233501122,-0.000431486492231237,-0.00525454229429378,0.000184141596244913,-0.000934280186984715,-0.000301029049798007,-0.00342763594462614,-0.00116211895676877
"12:47595476:G:A",6.14402493743782e-05,-3.82299555399257e-05,1.86193093325571e-05,3.91230750382832e-05,-0.000152288675246304,0.00045649616266541,6.63163588541238e-05,-0.000138867429184231,1.36769706271522e-05,7.78077916763209e-06,-6.66255284098582e-06,1.40354491824368e-05,6.44794018178629e-06,-3.61447029373352e-06,-0.000134882726569252,-5.12039849809298e-06,7.78077916763209e-06,-2.16921077935694e-05,-1.67551396543786e-05,-3.9194511509244e-05,-0.000608024846174615,-4.8571177798884e-05,7.11818869802983e-06,0.000268618960577172,-1.08106461835789e-05,0.000146725034523953,3.71477935336983e-05,-4.21586585925837e-05,-2.2105353263413e-05,7.11818869802983e-06,-3.95565493773731e-05,0.000286248922078514,1.49647211040715e-05,9.02717589568169e-07,7.11818869802983e-06,-2.38572010546889e-05,-4.3170920530855e-05,0.000353275712061674,-3.61447029373352e-06,2.16644779129638e-05,-1.23904191751123e-05,5.37283397807897e-05,4.23692139719378e-05,1.17616158847866e-05,5.08393166676058e-06,2.56644118410421e-05,0.000332488091346228,-3.10970718473413e-05,-4.41956621743955e-05,-1.08106461826907e-05,9.58071182237674e-05,2.10697272287064e-05,2.85419301508938e-05,1.157070413349e-05,7.65818123582562e-06,-1.08106461826907e-05,-3.82299555399257e-05,1.17616158847866e-05,0.000301663217486592,7.93555753553221e-07,-3.82299555399257e-05,1.37058518845379e-05,2.56644118410421e-05,2.50677653346187e-05,2.63367912962664e-05,-7.44762585647152e-06,-7.56607357690342e-05,3.81469132699763e-05,4.23692139719378e-05,5.41327088328103e-05,5.63120084491331e-05,1.49647211040715e-05,5.08393166676058e-06,4.98637985524297e-05,2.85419301508938e-05,5.63120084491331e-05,-9.34327500656806e-05,-1.15959004727273e-05,-2.92724335579919e-05,8.40948592788493e-05,-0.0011120538183178,-5.03755298613129e-05,6.019605660601e-05,5.79784963470331e-05,-9.56533892342293e-05,-6.19379179394031e-05,-2.2105353263413e-05,-2.14350637772753e-06,-5.73629879667692e-05,-3.13087908381249e-05,6.07031497503741e-05,2.85419301508938e-05,2.10697272287064e-05,1.49647211040715e-05,-5.51835888167318e-05,-1.95545265011532e-05,-0.000480827588489774,0.000159808720059829,6.39906359802822e-05,1.0426605403957e-05
"12:47597202:C:A",-0.00129349100564902,-0.00023199871869295,0.000101826045304954,0.000224071898759171,-0.0015867188191887,-0.00532944906921706,0.000168072534659558,-0.00087846793345836,-0.00123442218420422,4.5121515134916e-05,-4.56440449712048e-05,-0.00141913558093698,3.60067982194678e-05,-7.23769828310239e-05,-0.00103251334244669,-3.50398435857713e-05,4.5121515134916e-05,3.56406432260314e-05,-0.000665296766276136,-0.000238631901705588,-0.00380984274969087,-0.00365244442040424,4.05926340105722e-05,-0.00388597392418344,-6.60913370129634e-05,-0.000120782650395057,0.00021026358227072,-0.00178165268939434,-0.000135855839001664,4.05926340105722e-05,-0.00352538905001243,-0.010095672113291,8.58522034477005e-05,-0.00133213854181857,4.05926340105722e-05,-0.00221163768274391,-0.00026606240757765,0.000640663981462453,-2.47075221366799e-05,0.000122896580636578,-7.69067941801538e-05,-0.0015587294427224,-0.00233668268396592,6.3825884529578e-05,-0.00289345633429949,0.00014068584945548,-0.00191348738522823,-0.000873450259573971,-0.000963456538285001,-6.60913370111871e-05,-0.00169147733456931,0.000118789623906324,0.000160750709271795,-0.00449341716761076,-0.00288098400578018,0.000101421975096549,-0.00061114641947313,6.3825884529578e-05,0.000669924118803955,-2.86538501992339e-06,0.0022312104867499,7.7208777666371e-05,-0.00253053896713951,-0.00256400166366788,-0.00136929506852823,-5.10514595664091e-05,-0.00247535760512863,0.000217254280648227,-0.00222058593919083,-0.00137932924150252,-0.00519508013150016,8.58522034477005e-05,-0.00168696772487831,-9.95040250355572e-05,0.000160750709271795,-0.00627545565749354,-0.00309462957594242,-7.14643768047196e-05,-0.000177630033819653,-0.00184082340162206,-5.03755298613129e-05,0.121809824376531,-0.00513453437187739,-0.00116136267624523,-0.00970593535246911,-0.000838570049251253,-0.000135855839001664,-1.4636804136714e-05,-0.00295747581146033,-0.000199444999665843,-0.00177563656490065,0.000160750709271795,0.000118789623906324,8.58522034477005e-05,-0.00239133061167696,-0.000118369796362927,0.00026268931649831,-0.00232605454062851,-0.00524644868237356,5.46127769576188e-05
"12:47611344:T:G",-0.00784810396624103,-5.6768526706108e-06,-2.51806980262614e-05,0.000637183151999565,-0.00607218334173076,-0.0140267399780529,-0.00226754360235626,-0.00101292344212833,-0.00274184464814242,0.000146850851043823,-0.0065792429373861,-0.00332354811640556,-6.32781751210842e-05,-0.00514509361141169,-0.0161028835582324,-0.000263267482885077,0.000146850851043823,-0.00176057222161941,0.000112354267492787,-0.00198192936215946,-0.0150350045430794,-0.00131127533753705,0.000126307109259649,-0.000302604620308067,-0.00311599352316083,-0.00398429303134362,-0.000144372651114111,-0.0016244584300269,-0.0015340776594277,0.000126307109259649,-0.0014020263263288,-0.000437742458161861,-0.000876063130266225,-0.00671008276301688,0.000126307109259649,-0.00210688952644134,0.000350793111740799,-0.0199107295372931,-7.91938000954673e-06,1.434332303063e-05,-0.000156090387459784,-0.0181438326701189,-0.00635684677101089,-0.000114334490483259,-0.00455809432905951,-0.00446922372898406,-0.0202286159056295,-0.000179153652253738,-0.000369963524049943,-0.00439189305529197,-0.0164047144200987,-0.00821075046160313,-0.0122211155217782,-0.00604836179560575,-0.00380680815055356,-0.00150149322737292,-0.000514574355142905,-0.000114334490483259,-0.012643451141201,-0.000398848965844856,-0.00359111734287687,-0.00286553934702294,-0.00402686147721187,-0.00254326850041853,-0.00540447301886005,-0.00374998153607287,-0.00105221799003141,-0.000992995346890346,7.64419961907237e-06,-0.00413028429466511,-0.000367627013858396,0.000266546440396809,-0.00137185335702927,-0.00218912077455258,-0.0122211155217782,-0.000733233807405753,-0.00047007215253636,-0.000298366902893754,-0.00214595984332888,-0.00038668377038853,6.019605660601e-05,-0.00513453437187739,0.337826001354163,0.000583740648376185,-0.00427736333556306,-0.000761805380837366,-0.00147272444984914,-0.00245540380704767,-0.00369507615071951,-0.00182070826130687,-0.000200068294835987,-0.0122211155217782,-0.000487695429059798,-0.00159044625725091,-4.3269818283509e-05,-0.000181119573746003,-0.000227128066424775,-0.00441687167395699,-0.000634370919624594,-0.0038149063171975
"12:47612878:T:G",-0.0020346647535785,-0.00181279357003472,-0.00359451288839896,0.00140217892313999,-0.00341708980408484,-0.00444926013222924,-0.00187839652734922,0.000284554385672209,1.1068604176323e-05,-5.52010366865474e-05,-0.000183242801572447,-0.000684739996009043,-4.85130956242585e-05,1.83661153574377e-05,-0.00183786128328967,-0.0014312850199163,0.000536555367682823,-0.00150884580006672,-0.00292780164405126,-0.00226635326704994,-0.0034484475951464,-0.000108379570805894,0.000348651888207208,-0.000768314453928554,6.97795710031812e-05,-0.00455670662915519,-0.000278419992296719,-0.00206982257033417,0.00014121366113784,0.000348651888207208,-5.31242683177169e-05,-0.000716630912025451,-0.00137357845340969,-0.000469870118798177,0.000348651888207208,0.000150187663527035,-0.00176959374403829,-0.00607133913466074,1.83661153574377e-05,-0.000767687528960614,-0.00262273299064386,-0.000405508303883195,-0.00109362961032389,-9.27030643200766e-05,-4.16768980366911e-05,7.74608972520241e-06,-0.00611901425439809,-0.00452090614127609,-0.00100718586506776,6.97795710040694e-05,-0.0046664529596252,-0.000887823078711492,-0.000214899463128582,-7.35930552338004e-05,-7.25932942726715e-05,-0.00203422045189949,0.000247998135280092,-9.27030643200766e-05,-0.00727883987300393,-0.00143617068112878,-0.000377347134544515,-0.000102254245856415,-0.000882826543541881,-0.00115714677981504,-0.00378152911009266,-0.00138689259323854,0.000651195289619988,0.000706214977372888,7.61572252940823e-05,-0.000406989271725777,-0.00166487349928612,-0.00010844640719565,-4.16768980366911e-05,-0.00177986380062656,-0.000214899463128582,-5.55572194773646e-05,-0.00249733332339064,7.37990392627452e-05,-0.00232265462799841,-0.000671215512020318,5.79784963470331e-05,-0.00116136267624523,0.000583740648376185,0.116996372120318,-0.00168609871424552,-0.00415413105949813,0.00014121366113784,1.0899490648697e-05,-0.00221584089940263,-0.00135185293281026,-0.000466390240886128,-0.000214899463128582,-0.000157693858582775,-0.00010844640719565,-0.0071012227741285,0.000128115096484471,-0.00123879635392132,-0.000610947988964661,-0.00107597809318527,-0.00119113837928442
"12:47613070:G:A",-0.00268960601981361,-0.00792651107831599,-0.000304977648349247,9.22748672662621e-05,-0.00729393022517399,-0.00274858045229642,-0.00709366315775251,-0.0044748442668241,-0.000262435372855752,7.66736857302774e-05,-0.00194103649970234,-0.00921402558265516,-0.00012584298961027,-0.00674850078288713,-0.00189052993914718,-0.00633118235803964,-0.00019728269362318,-0.00915297840823381,-0.00895968099009048,-0.00668878251448835,-0.00421587117411448,-0.000415136198552268,-0.00137825394656321,-0.00810682034020704,-0.000939591036109633,-0.0027479452174064,-0.00253668710722055,-0.00126339306085965,-0.00164522675814016,-0.00137825394656321,-0.000419742650540567,-0.0081369691453852,-0.000870767038062326,-0.00211309200836141,-0.00137825394656321,-0.00198471416421953,-0.00130736461649361,-0.011813224477204,-2.28218403544034e-05,-0.000259895199962834,-0.00244953210827337,-0.00107466063617512,-0.00155049560068754,-0.000931098351242721,-0.000547376037971503,-0.00511478162040335,-0.0106767902759102,-5.47312975354153e-05,-0.000322178286633612,-0.00215971242711266,-0.00803679036578187,-0.00086918258410229,-0.00143066947574644,-0.00125738082046212,-0.00087160887675708,-0.0134006614339555,-0.000328761008770329,-0.000931098351242721,-0.010934349963124,-0.00693043648988567,-0.004206046964081,-0.00571373538414743,-0.00403754868185757,-0.00301465732431261,-0.000246204903047165,-0.00185492617209526,-0.0119368318690296,-0.000937694766593111,-0.00174590948304409,-0.00394700438180795,-0.000409179011253258,-0.00231742151441061,-0.00139963320701852,-0.00308246299788628,-0.0030888571335983,-0.0014985027999348,-0.00959118798000702,-0.000177209498232855,0.000164893540457456,-0.00302027588390041,-9.56533892342293e-05,-0.00970593535246911,-0.00427736333556306,-0.00168609871424552,0.310982250074411,-0.00045095997497846,-0.000193380482454764,-0.00231161941315783,-0.00721705644486237,-0.000239307741918271,-9.66748298081299e-05,-0.00308885713359874,-0.000454682356180847,-0.00106013012838702,-0.00412784251674569,8.45207094926081e-05,-0.000612482780649515,-0.00400887866736888,-0.000685263289948779,-0.00201242550501179
"12:47613176:G:C",0.000422420279750924,-0.000286485857509788,0.000122707159481372,0.00027412208511457,-0.0105978298574616,-0.00271376645821242,-0.00125991678368109,0.000182560573444235,-0.000169991592877672,5.5239760258452e-05,-0.00028383587055103,-0.000170828051437866,4.36077882044472e-05,-0.00130202428728854,-0.00277418275720676,-4.46739270056895e-05,5.5239760258452e-05,-2.88637296197436e-05,-0.00014764405792711,-0.000294915328582945,0.000175364860947713,-0.001308703242489,4.9460653487543e-05,-0.00120950598595648,-0.000818269578364728,6.5545633587405e-05,0.000256346868724222,-0.000933124913747641,-0.00097104087013733,4.9460653487543e-05,-0.00130817129935412,-0.00118794659421706,0.000104856028827705,-0.000252097482741576,4.9460653487543e-05,-0.00104762070073861,-0.000329792233329407,0.000978544288931182,-3.14945760697682e-05,-0.00248875397499582,-9.57208996110737e-05,-0.00152099205739908,-0.00158648952574136,7.66864564001324e-05,3.16750884410411e-05,-0.002531557134553,0.000880817867856099,-0.000235435339776657,-0.00141467604682077,-8.19453942604298e-05,-0.00409678609719677,-0.00235215038979764,0.000195556038218747,-0.00431500939596763,-0.000204883006464485,-8.19453942604298e-05,-0.000286485857509788,7.66864564001324e-05,0.000295812213077618,-6.04807780479888e-06,-0.000624837204218132,-0.002187045271695,-0.00156846183183657,-0.000137371193851266,-0.00943808358548459,-6.51076909683468e-05,-0.000812066417539281,0.000265347533506599,-0.00178053448382798,-0.00134066362364926,-0.00144097556516698,0.000104856028827705,-0.000240266777594478,-0.00383195414656168,0.000195556038218747,0.0003732082131922,-0.00107552041594694,-8.87882958204855e-05,-0.000219497284525083,-0.00168950337251683,-6.19379179394031e-05,-0.000838570049251253,-0.000761805380837366,-0.00415413105949813,-0.00045095997497846,0.0944290228102473,-0.000168537027128934,-0.00797305631930101,-0.00110267444928613,-0.00120845555670801,0.000415390961086004,0.000195556038218747,0.000144454189509702,0.000104856028827705,-0.00384500356923034,-0.000146283428596128,-1.03346551680872e-05,-0.00139106944686285,-0.00131021421372779,6.48958283626655e-05
"12:47614432:A:G",0.000150045657035136,-0.000102005825584506,-0.0020606151864131,9.74973764780174e-05,-0.00402975115835247,-0.0011752978786328,-0.00164768866220033,-0.000749058931512891,-0.00110070535643647,1.98720172566169e-05,-1.81845992948126e-05,-5.20463044360042e-05,1.6287540694826e-05,-9.83619880923214e-06,-0.00163151253090454,-1.39546661745982e-05,1.98720172566169e-05,-0.0021579972753587,-4.61769862498684e-05,-0.000104760572971152,-0.0003542574706632,-0.00300062453150307,1.80912717819837e-05,-0.00176084765395057,-2.84304647300004e-05,-4.5722251662994e-05,9.23749380179473e-05,-0.000113254675812691,-0.00213048228864121,1.80912717819837e-05,-0.00310950523048081,-0.00177198546840618,3.79148146407715e-05,-0.00166659231711019,1.80912717819837e-05,-6.35679301295156e-05,-0.00115289428202203,8.71149251713277e-05,-9.83619880923214e-06,5.44624246803238e-05,-0.00698835368744888,0.00013208112381502,-0.00202915775649437,2.93550705494638e-05,-0.00204349792087388,6.36939382641089e-05,5.05031852640059e-05,-0.00111013156107909,-0.000119116933683827,-0.00131963359419984,-0.00607753234773867,5.28884177724009e-05,7.12754447942388e-05,-0.00246617555032635,1.83067359538214e-05,-2.84304647291123e-05,-0.000825075469625958,2.93550705494638e-05,-0.0047499236275117,-5.93967177300314e-05,-0.000102005825584506,3.4557445749428e-05,-0.00216901479256482,6.21159027733853e-05,-0.00178522028334083,-0.00158748787794227,-0.00444994120197073,9.49688475442301e-05,-0.00191306101172017,0.000133113297245302,0.000136932710314674,3.79148146407715e-05,1.26093372081471e-05,0.000122163164640199,7.12754447942388e-05,0.000136932710314674,-0.00449376536362411,-0.00232223629721506,-7.76802198920734e-05,-0.00166583939077825,-2.2105353263413e-05,-0.000135855839001664,-0.00147272444984914,0.00014121366113784,-0.000193380482454764,-0.000168537027128934,0.088199172431187,-5.82489661304919e-06,-0.00292249476626072,-0.00305184263299196,-0.00153026095492503,7.12754447942388e-05,5.28884177724009e-05,3.79148146407715e-05,-0.000218975109504527,-5.15372955298687e-05,-0.00204650507547299,-0.000292262338612126,0.000154583261066321,2.57707955721997e-05
"12:47614967:G:A",1.13068240974457e-05,-0.00132781873997612,4.24672475141108e-06,8.06387945928577e-06,-0.00844618783534568,1.59876701566475e-06,1.19833834997252e-05,-5.14453431579298e-05,3.3002112154179e-06,1.84244523282473e-06,-1.6255004089416e-06,-0.00242395065689482,-0.00441217594619214,-8.71670333246755e-07,-0.0121337464356044,-1.24196394946097e-06,1.84244523282473e-06,-5.44033818528078e-06,-0.00226506222086176,-0.00142495471318682,-4.38982176920177e-06,-1.3929582085126e-05,1.69450634412982e-06,-7.7886299398422e-05,-2.73349665125266e-06,-0.00242243737424896,7.7434740806126e-06,-1.19161387397426e-05,-5.82489661304919e-06,1.69450634412982e-06,-1.09841993172211e-05,-8.75973565257482e-05,3.4433877154072e-06,-0.00226112967768,1.69450634412982e-06,-6.31780140114557e-06,-0.00164386092494251,-0.00309112666495981,-8.71670333246755e-07,4.84946335355119e-06,-3.14406621626517e-06,1.03025145401503e-05,8.63154573771396e-06,2.76604118898405e-06,1.23522016881594e-06,5.67067626633388e-06,-0.0029685969970652,-0.00162979141455644,-0.00718682703019091,-2.73349665125266e-06,-0.000672434986066506,4.7330999572992e-06,6.1999446465677e-06,-0.00229782854824379,1.87046067345875e-06,-2.73349665125266e-06,-0.00132781873997612,2.76604118898405e-06,-3.53539685384874e-05,2.41416186597121e-07,-1.06837027837869e-05,3.17945616767901e-06,5.67067626633388e-06,5.55900344156868e-06,-7.66820128577095e-05,-1.82243299917673e-06,-3.09409526000337e-06,7.90644853410072e-06,8.63154573771396e-06,1.03551041377159e-05,1.06955579157741e-05,3.4433877154072e-06,1.23522016881594e-06,9.78464442535909e-06,6.1999446465677e-06,-0.00288679378726808,1.41588192281716e-05,-2.9370039582588e-06,-7.93025695156047e-06,1.35521837014707e-05,-2.14350637772753e-06,-1.4636804136714e-05,-0.00245540380704767,1.0899490648697e-05,-0.00231161941315783,-0.00797305631930101,-5.82489661304919e-06,0.0739274321191674,-3.55635939719434e-05,-8.47689631466864e-06,1.122193576375e-05,6.1999446465677e-06,4.7330999572992e-06,3.4433877154072e-06,-1.62007352821902e-05,-5.11721772245011e-06,9.52564877110262e-06,-0.000116907858229709,1.16571466559634e-05,2.47810249742741e-06
"12:47616426:T:G",-0.00710078083286492,-0.00253110507236975,-0.0112967640309396,-0.000525017722506682,-0.0024761510007032,-0.0173329598324483,-0.00456384517602082,-0.00275296014132165,-0.00325300487636282,3.9605077985172e-05,-0.00316619552923836,-0.00323867903648578,-0.00451727012104453,-0.00460497716552855,-0.00743972243005508,-0.000631705436330066,8.34726641185668e-05,-0.00947875512523,-0.00524819740652616,-0.000175177847486552,-0.0171837830967454,-0.00223585524309478,-0.00183628517267831,-0.00153465602798608,-0.00564750695543292,-0.0060563275128982,-0.0032816737192789,-0.00480128222741616,-0.00504451388320515,-0.00183628517267831,-0.00151742877314343,-0.00175847729338985,-0.00124636020431446,-0.00393819157052899,-0.00183628517267831,-0.00585173656213378,-0.00442743364410569,-0.00743109611054837,-6.55809030858379e-05,-0.00105787249185152,-0.00119851769077339,-0.00162904134034836,-0.00162258148944838,-0.00116918961788581,-0.0100446349393035,-0.00541230900601475,-0.00684152043837249,-0.000180585508986919,-0.000748079402849378,-0.00414296647019086,-0.00496876097983101,-0.00497632335804354,-0.0021921617492886,-0.00293062026093649,-0.00108092633498691,1.58546691180206e-05,-0.00112438543471161,-0.00116918961788581,-0.00291579684665555,-0.00137773607725178,-0.0045419854682196,-0.00199883778982368,0.00017278868921089,-0.00195172347761075,-0.000343727573988595,-7.27917584923965e-05,-0.00889221974727761,-0.0022612268812976,-0.000926685474053279,3.72034630640172e-05,-0.00503937484889194,-0.00127075204877336,-0.000743955488010428,-0.00576783878848985,-0.00171177654044818,-0.00429971194418632,-0.00946607264745625,-0.00359485736343768,-0.000331024648314582,-0.00223954944173466,-5.73629879667692e-05,-0.00295747581146033,-0.00369507615071951,-0.00221584089940263,-0.00721705644486237,-0.00110267444928613,-0.00292249476626072,-3.55635939719434e-05,0.318612975666049,0.000110598272003326,0.000467215365397511,-0.00171177654044818,-0.00266851012227409,-0.000820135065770167,-0.00057200626071241,-0.00326115648996872,3.39334158616644e-05,-0.0071195184357995,-0.00163673817850851,-0.00147892207046718
"12:47619154:T:C",-0.000746759192345792,0.000170420155889417,-0.00220597573678205,-0.000622905464312318,-5.31957058198529e-05,-0.00301176559588257,-0.00225677046725892,5.17799214874159e-05,-0.0019003893829419,2.7707570054325e-05,-0.00240994210749612,-0.00202978254470043,2.2557590326322e-05,-1.43386350908159e-05,-0.000833773792428882,-2.03773644207317e-05,2.7707570054325e-05,-0.00252023286212033,-6.832715234939e-05,-0.000152460018686185,-0.000169387495430051,-0.00137211693093242,2.51511655697811e-05,-0.000521724249630928,-0.00102617657718174,-0.000844114332938517,-0.00127528652160347,-0.00132185567094645,-0.00305184263299196,2.51511655697811e-05,0.000477346280003843,-0.000520004065603263,-0.00124159859133588,-0.00221174017198766,2.51511655697811e-05,-0.00150005354246296,-0.000170076393612995,-0.00198920432376504,-0.00255389029022624,-0.00153826587263772,-4.7086560941878e-05,-0.000896397812978122,-0.00164183522987749,4.02937495058708e-05,-0.00220065573276162,-0.00179607827072026,-0.00209699302745392,-0.00321815797820157,-0.00136791644469625,-4.06351553179363e-05,-0.000241097015511116,-0.00275205788681454,-0.00339522075431375,-5.03778072591388e-07,-0.0021045745603665,-4.06351553179363e-05,-0.000148224323951673,4.02937495058708e-05,5.38370045548575e-05,-0.00372638039485107,-0.000148224323951673,-0.00277726573469028,-0.00179607827072026,-0.00182750003674759,-0.00644435617267458,-2.97846375518773e-05,-0.0013123944088318,-0.00129851278598903,-6.22728413564033e-05,-0.000718625566824116,6.68450943130949e-05,5.24877165473114e-05,1.72557393121053e-05,-0.00110414560551408,-0.00555068662032099,0.000182496702668011,-0.000421892072077767,-0.00153935758993917,-0.000376918755641498,0.000261769447934768,-3.13087908381249e-05,-0.000199444999665843,-0.00182070826130687,-0.00135185293281026,-0.000239307741918271,-0.00120845555670801,-0.00305184263299196,-8.47689631466864e-06,0.000110598272003326,0.109299885529273,0.000197289698819603,-0.00555068662032099,7.26707969711526e-05,5.24877165473114e-05,-0.000202078295757246,-7.39370176336962e-05,5.4290404104762e-05,-0.00438494725385796,0.000114773172462002,-0.00207040118802126
"12:47619610:C:T",-0.00624245386208599,0.000262389280306863,-0.00177410573554049,-0.000295018176272421,0.000947889494176124,0.000270227071828444,-0.00186511880038509,0.00089546326554224,-0.00225299760145781,-5.74640607844401e-05,3.48280462283412e-05,-0.00200092591836309,-5.06182210413542e-05,1.89136194661543e-05,-0.000479998665242398,-0.00355334383691552,-5.74640607844401e-05,3.08444246321926e-05,-0.00292628748678148,-0.00198826285460907,-0.00256188541384716,0.000304293915168508,-5.40600916227874e-05,0.000406831765304538,7.29293043271184e-05,-9.9820708703291e-05,-0.000286327037889222,-0.00157200769697496,-0.00153026095492503,-5.40600916227874e-05,0.000241023592569611,0.000387721984681733,-0.000112586673002291,-4.24232204112585e-05,-5.40600916227874e-05,-0.00137927721136677,-0.00308417534222993,-0.00177143679127401,1.89136194661543e-05,-0.000166221739064554,-0.00144857030505019,-0.000414182180956679,-0.00100674504561571,-9.65535378325555e-05,-0.0009674306089833,-0.000208472542079008,-0.00176047932265444,0.000210625834260902,0.000294728326654337,7.29293043271184e-05,-0.00330426916738791,-0.000163338355056553,-0.000221837052460039,-6.45338190148337e-05,-7.60577902747528e-05,7.29293043271184e-05,0.000262389280306863,-9.65535378325555e-05,-0.00452459521641835,-0.00117588280883485,-0.00224986399949945,-0.000106281813608611,-0.000839430770729344,-0.000205703826885895,-0.00104989700894276,-0.00350623196590938,0.000775383211143676,-0.000290722150167788,-0.00107964245636971,-0.000415663148800149,-0.00101853510913408,-0.000112586673002291,-4.36182172904864e-05,-0.000400040511078892,-0.000221837052460039,-0.00095058897346334,0.000277211860582049,7.70957625135793e-05,0.000200772127969984,0.00355054444881375,6.07031497503741e-05,-0.00177563656490065,-0.000200068294835987,-0.000466390240886128,-9.66748298081299e-05,0.000415390961086004,-0.00153026095492503,1.122193576375e-05,0.000467215365397511,0.000197289698819603,0.0643537129047518,-0.000221837052460039,-0.000163338355056553,-0.000112586673002291,-0.0029153506153996,0.000134499283555911,-0.000988105190420363,-0.000459030124287718,-0.00113123211134258,-0.000933593823782886
"12:47620102:T:C",-0.000443840749294822,0.000123708334462513,-6.80511011559304e-05,-0.000138584597126901,-0.00200543419775112,-0.00780360894494425,-0.000246929036110899,-0.00328823119837374,-0.00140065802250877,-2.68138113037608e-05,1.92162292380615e-05,-5.49755432057708e-05,-2.29563792695231e-05,1.04449356639336e-05,-0.000493637114569623,1.47826790950489e-05,-2.68138113037608e-05,-0.000225564870892647,4.80184421167706e-05,-0.00217314350642894,-0.00161463355118219,-0.00237859780198857,-2.48953956196729e-05,0.000883648705642059,-0.00226778200513955,-0.000413778664173137,-0.000133038156326926,0.000134765934293846,7.12754447942388e-05,-2.48953956196729e-05,-0.00215969962365392,0.000912622643584271,-0.000434069486159316,-1.20085153225702e-05,-2.48953956196729e-05,7.62724177594265e-05,0.000137605116496964,-0.00206142635227913,-0.00360269931504664,-0.00071992738638027,3.97238177995973e-05,-0.000194074795841104,-0.00307319515847748,-4.30521477250423e-05,-1.90152092685025e-05,-9.40674941860564e-05,-0.00365738463622645,0.00010032548553518,0.000140475174698729,3.51796316273578e-05,-0.00149431844182057,-0.0042151251092104,-0.00190723554610006,-0.00127417234991434,-3.12744342778615e-05,3.51796316273578e-05,0.000123708334462513,-4.30521477250423e-05,-0.00219921735755335,-0.00145831572661859,0.000123708334462513,-4.86523558240748e-05,-0.000457375743544652,-9.23777431740547e-05,4.36756156263485e-05,2.14699228804349e-05,-0.00443042005716254,-0.000135842242345419,-0.000629881424218937,-0.00019515381342039,-0.00389169618401475,-5.22852327184964e-05,-1.90152092685025e-05,-0.000183781113670456,0.00122952366830997,-0.00100164533778457,-0.0038694971393447,3.74395664906046e-05,9.5142643111501e-05,-0.000315815290279353,2.85419301508938e-05,0.000160750709271795,-0.0122211155217782,-0.000214899463128582,-0.00308885713359874,0.000195556038218747,7.12754447942388e-05,6.1999446465677e-06,-0.00171177654044818,-0.00555068662032099,-0.000221837052460039,0.0955960471171364,-7.50686557946523e-05,-5.22852327184964e-05,-0.00149790101406655,6.39784817764166e-05,-0.00107465105647631,-0.00527177387411193,-0.000241666687298192,-3.92141531060375e-05
"12:47623111:C:T",-0.000440946982307011,9.13997691842638e-05,-4.96688388649247e-05,0.000430836433807258,9.36116220007222e-06,-0.00395829091553246,-0.00277459956156623,0.00030288221672059,-0.00138931485994664,0.000482772846424062,1.46641472271725e-05,-0.00125359643831491,-1.67990628288095e-05,7.97275796582397e-06,-0.00608020529239806,-0.00685069866720323,-1.97551825218412e-05,-0.00136100539871276,-0.000232145120927285,9.34507250258676e-05,-0.000152403211739482,0.000111248971663258,-1.82849292738041e-05,-0.00287283851585141,2.61194881678861e-05,-0.00148694665769078,-0.00460237887188963,9.97340672173053e-05,5.28884177724009e-05,-1.82849292738041e-05,9.01655984915095e-05,-0.00282446997269226,-3.84737115384226e-05,-0.000276229113590709,-1.82849292738041e-05,5.66751623942707e-05,0.000101873145987419,-0.000316516809546918,7.97275796582397e-06,-5.64139303884659e-05,2.95754322268138e-05,-0.000143022760751954,-0.000113625537542461,-0.00116296221684831,-1.37794909722544e-05,-0.0036654307717745,-0.000256492425610766,7.42870288288344e-05,0.000104035127969304,2.61194881687743e-05,0.000146695228785632,-5.50944346278115e-05,-7.50686557946523e-05,-0.000755594280136052,-0.00329582452484622,2.61194881687743e-05,9.13997691842638e-05,-0.00116296221684831,-0.00175237150063978,-4.3190911398483e-06,9.13997691842638e-05,-0.000953658234869259,-6.87190315566966e-05,-0.00361223773357366,-0.00124349626160036,1.63828592594228e-05,0.000174051582218837,-0.000100067079997324,-0.000921323859804701,-0.000143886822667305,-0.000154248832974879,-3.84737115384226e-05,-1.37794909722544e-05,-0.000134783579748721,-7.50686557946523e-05,-0.00100183216554051,6.83740602651639e-05,2.78383291414386e-05,7.03695922839032e-05,0.000846051233501122,2.10697272287064e-05,0.000118789623906324,-0.000487695429059798,-0.000157693858582775,-0.000454682356180847,0.000144454189509702,5.28884177724009e-05,4.7330999572992e-06,-0.00266851012227409,7.26707969711526e-05,-0.000163338355056553,-7.50686557946523e-05,0.0658778353965186,-0.000475399793618436,-0.00263710007599993,4.73567397545338e-05,-0.00376265680937493,-3.67264875889006e-05,-0.00113855003264263,-2.84174008013949e-05
"12:47624433:C:T",-0.000113708309993577,6.5730862318425e-05,-3.45491024020816e-05,0.000846332181269283,0.000244131524708813,-0.00248710077971825,-0.000925184521363143,0.000226337923430187,-0.000991714315671466,0.000873816771861158,1.06799891499421e-05,-2.72311834867978e-05,-1.17731500148821e-05,5.80233390490292e-06,-0.00650513579253609,-0.0011535319585354,-1.39172413762267e-05,-0.00255735010867841,2.67300893472822e-05,6.72521058593389e-05,-0.00702834253150275,8.07880216955326e-05,-1.28510196741871e-05,-0.000988075427398094,1.86522559362245e-05,2.40496231498355e-05,-0.000227199886825957,-0.00174880512162723,3.79148146407715e-05,-1.28510196741871e-05,6.54376551176838e-05,-0.00100010451225607,-2.69967161514728e-05,-4.52505638204315e-06,-1.28510196741871e-05,-0.00146196415112065,7.35083194447483e-05,-0.00225042888741633,5.80233390490292e-06,-3.94275990425186e-05,2.11784200843113e-05,-9.8943755610037e-05,-7.86005362654052e-05,-2.18521670278804e-05,-9.58169582432333e-06,-4.76947494840729e-05,-0.0022423260551907,5.33576150623105e-05,7.51166324031161e-05,1.86522559362245e-05,-0.00657367798051123,-0.000475399793618436,-5.22852327184964e-05,-2.78565974056733e-05,-1.52839161779994e-05,1.86522559362245e-05,6.5730862318425e-05,-2.18521670278804e-05,-0.00118517871427404,-2.70694565429608e-06,6.5730862318425e-05,-2.49730039518781e-05,-4.76947494840729e-05,-4.67444146892149e-05,-0.000836482660202975,1.1934007291714e-05,0.000109928652108238,-6.96309922476601e-05,-7.86005362654052e-05,-9.95722321466275e-05,-0.000638249956387504,-2.69967161514728e-05,-9.58169582432333e-06,-9.29481920088904e-05,-5.22852327184964e-05,-0.000105918587213871,0.000138842466371969,1.99084086967005e-05,5.0466342360167e-05,-0.000431486492231237,1.49647211040715e-05,8.58522034477005e-05,-0.00159044625725091,-0.00010844640719565,-0.00106013012838702,0.000104856028827705,3.79148146407715e-05,3.4433877154072e-06,-0.000820135065770167,5.24877165473114e-05,-0.000112586673002291,-5.22852327184964e-05,-0.000475399793618436,0.0503055872953926,9.22608092421839e-05,-0.00560881917296019,-9.00706117601402e-05,-0.000331881873498752,-0.000699893661750828,-1.97125047955993e-05
"12:47624986:G:A",-0.000589899764251278,-0.00402991616548842,0.000108823259854063,-0.000130200072802289,-0.00275812592787528,-0.00329732775138103,0.000304148882825039,-0.000340194546754269,2.79008629373578e-05,4.87700451765605e-05,-0.00129549378368488,-0.00185808634333284,3.88183826993682e-05,-0.000364289767395221,-0.0023382037595816,-0.00107543603286597,-0.00035007756355121,-0.00468675443864708,-0.00380366548177236,-0.000268076199325229,-0.00468959412067971,-9.43338723438103e-05,-0.00181352391658951,-0.002747176249009,-0.000586389647049934,-0.000138908396681181,-0.000771297784471159,-0.00265403777825313,-0.00297380397422575,-0.00181352391658951,-9.28757145741699e-05,-0.00270135032381136,9.22608092421839e-05,-0.000813724930337933,-0.00181352391658951,-0.00307149851370259,-0.00143037990787498,-0.00612248655802405,-2.73973048496856e-05,-0.00299104712728937,-0.00156914140640829,-0.00086477104526228,-0.00576905935277061,-0.00196708324819284,2.85775307382607e-05,-0.000752320316845356,-0.0046897405237778,-0.00133556677940039,-0.00335075326417122,-7.28243810526052e-05,-0.00484897486963964,-0.00263710007599993,-0.00149790101406655,-0.00421093763484581,-0.00164459088957081,-7.28243810526052e-05,-0.00107850978444901,-0.00196708324819284,-0.0106563993543385,-1.33474994665761e-05,-0.00211337410880752,8.29332821199458e-05,-0.00388929449007325,-0.00222264290176089,-0.00134460801535585,-0.000598744429477271,-0.00226620135521305,-0.000887243296555873,-0.00334283956397741,0.000320224493080445,-0.000745404224870683,-0.0012461356676523,2.85775307382607e-05,-0.00336639028953378,-0.00149790101406655,-0.00208589883198762,-0.000702513096439539,-0.00337127440199048,-0.00117264522739813,-0.00525454229429378,-5.51835888167318e-05,-0.00239133061167696,-4.3269818283509e-05,-0.0071012227741285,-0.00412784251674569,-0.00384500356923034,-0.000218975109504527,-1.62007352821902e-05,-0.00057200626071241,-0.000202078295757246,-0.0029153506153996,-0.00149790101406655,-0.00263710007599993,9.22608092421839e-05,0.186716210530328,-0.000131081002088251,-0.00992104933005411,-0.000757593339064222,0.000168341173491626,-0.00198545510504999
"12:47625089:G:A",0.000136222164707434,-8.9263729778466e-05,-0.00280191277464592,8.7765465505818e-05,-0.00112049101594902,-0.0047279296793814,-0.00689158794408851,-0.00033761763117468,2.86697254017199e-05,1.7691803494202e-05,-1.59437907267801e-05,-0.00159311081968561,1.45250897141125e-05,-8.63561512787214e-06,-0.00109813507195788,-1.22433301310565e-05,1.7691803494202e-05,-0.00753609064491823,-0.00316683035027054,-0.000702513532802485,-0.00630759960532767,-0.000115547643092739,1.61181202766869e-05,-0.00947690500481979,-2.50790646072474e-05,-3.96743029131841e-05,8.31380713437468e-05,-0.009386189003604,-5.15372955298687e-05,1.61181202766869e-05,-9.41855462484043e-05,-0.00957557605995252,3.38527972099101e-05,-0.00311932757273325,1.61181202766869e-05,-0.00868933679778028,-0.000101381307914927,-0.000518675914486622,-8.63561512787214e-06,4.87607600483386e-05,-2.88783458888275e-05,0.000119564080951484,-0.00195029949149195,2.62607718592989e-05,1.12795477162919e-05,5.71918669658444e-05,-0.000521408964836212,-0.00408706371595446,-0.000103901642992454,-2.50790646072474e-05,-0.00118792093460218,4.73567397545338e-05,6.39784817764166e-05,2.21986087041159e-05,1.64949829528638e-05,-2.50790646072474e-05,-0.00472872310789629,2.62607718592989e-05,-0.00749501583739587,-0.00136509364938497,-8.9263729778466e-05,3.08722657784699e-05,-0.00185417446285463,5.57817712127928e-05,5.76112833439169e-05,-1.7829919945811e-05,-0.000999898879269878,8.54800738778749e-05,-0.00214434444957856,-0.00476920446373796,0.000124198177390511,3.38527972099101e-05,1.12795477162919e-05,0.00011051672922413,6.39784817764166e-05,0.000124198177390511,-0.000963354765906921,-2.6966789422822e-05,-6.81606334760332e-05,0.000184141596244913,-1.95545265011532e-05,-0.000118369796362927,-0.000181119573746003,0.000128115096484471,8.45207094926081e-05,-0.000146283428596128,-5.15372955298687e-05,-5.11721772245011e-06,-0.00326115648996872,-7.39370176336962e-05,0.000134499283555911,6.39784817764166e-05,4.73567397545338e-05,-0.00560881917296019,-0.000131081002088251,0.123929541820573,-0.00183840020552317,-0.0048418761490856,0.000140601050979683,2.30884760519245e-05
"12:47626316:C:G",-0.00200823026878716,-0.000287226829726706,-0.00428853112752314,-0.00024087882918078,-0.000876327110445274,-0.00590403391094441,-0.000806021159067249,0.000248367605037103,-9.59098068937791e-05,-4.58137584571361e-05,2.9511258292203e-05,-0.00148616854773831,-3.99083878024342e-05,-0.000369649984521381,-0.00739518020776186,-0.00255023998029102,-4.58137584571361e-05,-0.000548763376515105,-1.8645739364942e-05,-0.00362302810647908,-0.00129009829378957,-0.000212508865320871,-4.28767388571671e-05,-0.00211059868435548,5.82161026896344e-05,-9.89469535808141e-05,-0.00436867335782143,-0.00174611344930042,-4.30493178917857e-05,-4.28767388571671e-05,-0.000177342663072899,-0.00207819768834439,-9.00706117601402e-05,-0.000112221954894132,-4.28767388571671e-05,0.000125027548711465,-0.000832965273267483,-0.00212124895625943,-0.00171062185327564,-0.000133402083561052,-0.000939257568209229,-0.000341465666344298,-0.00132527190437681,-7.60252574254494e-05,-0.00326556028803804,-0.000348157911256308,-0.00206459577518947,-0.00220694568223578,-0.00203755617671053,-0.00226817239069277,-0.00179171870357164,-0.00108304920892976,-0.00107465105647631,-0.000708394711913307,-7.65925742109985e-05,5.82161026905226e-05,-0.0027947154264627,-7.60252574254494e-05,-0.00211538425132529,-0.0056423922097224,0.00020377837495289,-8.45441570573868e-05,-0.00131873341887712,-4.83768124581729e-06,-0.00288902741591457,-0.00023736459927548,-0.00210648462765173,-0.000236892452396553,-0.00120917515960262,-0.000342917270473642,-0.000107978120725605,-9.00706117601402e-05,-3.38756872855228e-05,-0.00239806866005576,-0.00107465105647631,-8.66262898489012e-05,-0.00143703436090181,-7.67993560426561e-05,-0.00168814434695008,-0.000934280186984715,-0.000480827588489774,0.00026268931649831,-0.000227128066424775,-0.00123879635392132,-0.000612482780649515,-1.03346551680872e-05,-0.00204650507547299,9.52564877110262e-06,3.39334158616644e-05,5.4290404104762e-05,-0.000988105190420363,-0.00107465105647631,-0.00376265680937493,-9.00706117601402e-05,-0.00992104933005411,-0.00183840020552317,0.116658032898466,-0.000783457655257003,-0.000164779667418458,-2.38450365976917e-05
"12:47626581:T:C",-0.00114306990162039,-0.00985576774129004,2.46359843862898e-05,-0.000560772121922959,-0.00943065264141518,-0.00274701666805788,-0.0120201841980196,-0.00365143724203865,-0.00669187882418765,-0.000162659512010777,-0.00779594056249433,-0.0034874608644655,-0.00189017307271566,-0.00890398549674565,-0.00660244183835479,-0.00345597947469134,0.000111107071042227,-0.00876185369409477,-0.00249748824933382,-0.01138186162071,-0.00170952161137006,-0.00328690285877187,-0.00163841700423895,-0.00119737731107872,-0.00280300672651546,-0.000523222248740574,-8.70263119994164e-05,-0.00350700040750995,-2.3194617461364e-05,-0.00163841700423895,-0.00258067607609203,-0.00115931959394677,-0.00090424101419817,-0.000955489409747212,-0.00163841700423895,-0.00101748995746576,-0.00282172063499564,-0.0101465543300714,-0.000266507220791468,-0.000747678020731612,-0.00710431019722257,-0.00547101415769013,-0.000587225300380023,-0.00125002553701314,-0.00191139401328577,-0.00395900559378592,-0.00824455980358163,-0.000657396087030193,-0.00047120665112832,-0.00014338949453041,-0.000378723824636218,-0.00129211457745271,-0.00319407746500833,-0.00183004355398042,-0.00275234542414493,-0.00250369047094434,-0.00534903138301779,-0.00125002553701314,-0.00778381490255597,-0.00721282121451639,-0.000492344518717935,-0.00481707960869304,-0.000221689624811727,-0.00308003001820145,-0.000645892953960558,-0.000651734302415274,-0.00541924148434836,-0.00252233634614729,-0.00109435191613061,-0.00437973493938326,-0.00725116372593382,-0.00090424101419817,-0.000208778314898517,-0.00170873040251962,-0.00527177387411193,-0.00158653660165831,-0.00372048589749685,-0.00020721423762815,-0.000251695675212993,-0.000301029049798007,0.000159808720059829,-0.00232605454062851,-0.00441687167395699,-0.000610947988964661,-0.00400887866736888,-0.00139106944686285,-0.000292262338612126,-0.000116907858229709,-0.0071195184357995,-0.00438494725385796,-0.000459030124287718,-0.00527177387411193,-3.67264875889006e-05,-0.000331881873498752,-0.000757593339064222,-0.0048418761490856,-0.000783457655257003,0.288147884449129,-0.00225953563986181,-0.00125900009402313
"12:47626921:T:C",-0.00339742142766042,0.000270815686550741,-0.00274866197123114,7.21420588529753e-05,-2.57882198422266e-05,-0.00650136100959964,-0.000146443112691408,0.000406956166195904,-0.000256736431287763,-6.13804564926212e-05,-0.00122749842000225,-0.000111404015910033,-0.00134600356546954,-6.11849919440743e-05,-0.00190800958986515,-5.29936626323391e-05,-6.13804564926212e-05,-0.000227175886791997,0.000118127066952134,-0.00230552285064611,-0.00364033558770283,-0.00193556042157805,-5.78275506244452e-05,-0.00519179256248492,-0.00167724827490279,-0.00138426341268527,-0.00099437990698803,0.000292161385681666,0.000154583261066321,-5.78275506244452e-05,0.00016501825671611,-0.00527700573023537,-0.0069040951711985,-0.00238297472199722,-5.78275506244452e-05,0.000164158885511689,-0.00160053610917377,-0.0119729826835022,-0.00171754359487064,-0.00413222029535909,-2.34476359937119e-05,-0.00552309132132134,-0.00143063505237695,3.94495989208821e-06,-4.69331762973368e-05,-0.00215310993565687,-0.0125985195588139,-0.00173841286126386,-0.00166350031568907,7.6609556972862e-05,-0.0028912433333983,-0.000776164645206023,-0.000241666687298192,-0.00022243156025592,-0.00220230368224428,7.6609556972862e-05,0.000270815686550741,3.94495989208821e-06,-0.00201009755355308,-0.000105129191390496,-0.00649527543842954,-0.00117391670094147,-0.00138813642299329,-0.00210852209007584,-0.0013454775004389,-4.03596738687284e-05,-0.00454042286861434,-0.00067199818763175,-0.00238810701806269,-0.00649598906167803,0.000433620630585274,-0.000121049342498125,-0.00146472238568585,-0.00251962793795002,-0.000241666687298192,-0.00127170387632347,-0.00427150572846013,8.09067061879887e-05,0.00020852227049506,-0.00342763594462614,6.39906359802822e-05,-0.00524644868237356,-0.000634370919624594,-0.00107597809318527,-0.000685263289948779,-0.00131021421372779,0.000154583261066321,1.16571466559634e-05,-0.00163673817850851,0.000114773172462002,-0.00113123211134258,-0.000241666687298192,-0.00113855003264263,-0.000699893661750828,0.000168341173491626,0.000140601050979683,-0.000164779667418458,-0.00225953563986181,0.159298986441742,-0.00351100823032446
"12:47627351:A:G",-0.00274923313799125,-0.00319526414909799,-0.000285443369713256,-5.45583239111025e-05,3.20556876793887e-05,-0.00312740145182477,-0.0067402349174488,-0.00125250506974872,-0.000746615343691914,-1.00193110492697e-05,-2.68486062671158e-05,-0.0016093321782904,-8.42338570539169e-06,-0.00196469622503592,-0.000196271166037487,-0.001916482434134,-1.00193110492697e-05,-5.471695257242e-05,-2.23368146725633e-05,4.3890894962928e-05,-0.00502414841504351,1.05348013121898e-05,-9.22478581433239e-06,-0.00150791893894286,1.29845720771016e-05,-0.00398257359835519,-5.1930158125657e-05,-0.00170914273968847,2.57707955721997e-05,-9.22478581433239e-06,6.93861580991495e-06,-0.00146170734948203,-1.97125047955993e-05,-0.00171682669810025,-9.22478581433239e-06,-0.00197834655170848,-0.00174688784054577,-0.000540216423080331,4.16472543740554e-06,-0.00380553085350854,1.47238832095553e-05,-7.79620887909616e-05,-6.05816695884442e-05,-0.0015224631981603,-6.79964320760007e-06,-0.00143393340224751,-0.000485288976159737,3.55110693703864e-05,4.85778053480601e-05,-0.00185998868551174,-0.00662735770849476,-2.84174008013949e-05,-3.92141531060375e-05,-0.000124350682776608,-0.00165439274699519,1.29845720779898e-05,4.29712896377055e-05,-0.0015224631981603,-0.000942721186177664,-1.75500041965648e-06,4.29712896377055e-05,-1.81615566576809e-05,-3.55125657716115e-05,-0.00146209594908964,-0.00264823332830311,-0.00105951006244442,-0.000380244590463263,-5.32572638389794e-05,-6.05816695893324e-05,-7.85164561953877e-05,-0.00192848738632279,-1.97125047955993e-05,-6.79964320760007e-06,-0.00129508639143605,-3.92141531060375e-05,-0.000266881658586016,-0.000742393075678915,1.38507858942205e-05,3.36854174358692e-05,-0.00116211895676877,1.0426605403957e-05,5.46127769576188e-05,-0.0038149063171975,-0.00119113837928442,-0.00201242550501179,6.48958283626655e-05,2.57707955721997e-05,2.47810249742741e-06,-0.00147892207046718,-0.00207040118802126,-0.000933593823782886,-3.92141531060375e-05,-2.84174008013949e-05,-1.97125047955993e-05,-0.00198545510504999,2.30884760519245e-05,-2.38450365976917e-05,-0.00125900009402313,-0.00351100823032446,0.0929926665480694
