"","1:44877425:C:T","1:44878464:G:A","1:44878549:T:C","1:44882371:G:A","1:44883618:G:C","1:44883714:G:A","1:44885343:A:G","1:44892744:A:G","1:44896312:G:T","1:44898004:G:A","1:44898646:C:G","1:44898664:C:T","1:44900196:C:T","1:44902748:A:G","1:44905309:G:A","1:44907964:G:A","1:44908139:A:G","1:44908831:G:A","1:44916206:G:A","1:44920992:A:G","1:44923578:C:T","1:44924618:G:C","1:44926866:G:A","1:44926880:C:G","1:44928780:G:A","1:44930902:C:G","1:44931168:C:T","1:44936293:G:A","1:44936512:A:C","1:44937020:C:T","1:44941495:C:T","1:44949934:G:A","1:44952710:G:A","1:44953939:C:G","1:44954912:C:T","1:44955906:C:G","1:44958607:T:A","1:44961480:G:A","1:44963087:T:C","1:44965141:G:A","1:44966198:G:A","1:44966401:C:T","1:44966474:A:T","1:44967438:A:T","1:44968965:T:C","1:44971778:T:C","1:44977987:G:C","1:44978489:C:T","1:44979966:G:A","1:44984548:A:G","1:44987663:C:G","1:44989486:C:T","1:44990530:C:T","1:44991601:C:G","1:44991725:C:T","1:44991881:C:G","1:44991896:G:A","1:44993057:G:A","1:44993575:G:A","1:44994051:C:T","1:44994835:T:C","1:45000777:G:A","1:45001001:C:T","1:45002277:G:C","1:45003913:A:G","1:45004009:C:G","1:45004017:G:A","1:45004938:G:A","1:45010745:T:C","1:45013033:T:C","1:45013493:T:G","1:45014128:C:G","1:45014593:C:T","1:45015281:C:T","1:45017067:G:A","1:45024152:A:G","1:45025278:C:T","1:45025387:T:C","1:45027315:A:G","1:45029144:T:A","1:45029177:G:A","1:45029939:G:A","1:45031243:A:G","1:45032096:A:G","1:45034366:G:A","1:45034900:C:A","1:45036420:A:G","1:45042400:A:G","1:45044330:A:G","1:45044516:C:G","1:45044700:C:T","1:45047432:C:G","1:45047805:T:C","1:45048818:C:G","1:45050245:G:A","1:45054866:A:G","1:45056719:C:T","1:45061625:A:G","1:45062127:G:C","1:45062769:G:A","1:45063668:C:G","1:45064582:A:G","1:45064759:T:C","1:45064805:C:A","1:45066925:C:T","1:45069050:G:A","1:45071280:A:G","1:45072798:G:A","1:45073538:G:A","1:45075614:C:T","1:45078120:C:T","1:45078152:C:T","1:45080294:C:A","1:45080399:A:G","1:45081541:A:G","1:45082340:G:A","1:45083937:G:A","1:45084694:G:A","1:45085390:T:C","1:45086075:G:C","1:45088053:C:T","1:45097317:C:T","1:45097931:C:T","1:45100431:T:C","1:45108877:G:A","1:45110557:C:T","1:45110824:T:C","1:45111466:G:C","1:45112104:A:G"
"1:44877425:C:T",0.216427201711943,-0.000949783935396908,-0.0057936298369321,-0.000707863826330701,-0.00254716965611212,-0.000246325549047022,0.000172978397243284,-0.00533407434242683,-0.00427777582581834,-0.000606114139339198,4.03938332391718e-05,4.29356139353132e-06,0.000200551477512967,0,0.000139378364238496,-0.00260704114852572,-6.39539694446967e-05,-0.00174445653458921,-0.00321620470579376,0.000191418408841848,-1.63362746139484e-05,-2.39840248257295e-05,-0.00253355569907043,1.85632211904263e-05,-0.00332343664331081,-2.21022633377643e-05,0.000162802915168569,0.000120568703009027,4.95137608060858e-05,-4.51442641198341e-05,-0.000236636576213201,-4.8720726313789e-05,1.64121968841968e-05,-0.00549085938412563,0,-7.42391192538605e-05,-0.00437189214794564,5.99387307875787e-06,-0.000100569600430589,-0.00179140961278268,-0.00227966914718447,-0.000961095380294097,-0.000152096219258269,-0.00421643501030911,-0.000908728957698557,-0.00116313278091873,-0.00010210049037962,2.74115601701652e-05,-0.00876570514508801,-0.00329288749092704,5.99387307875787e-06,0.000245113859628887,3.38017912984157e-05,-0.000852144422475831,0,-0.00285724866404369,8.87695820379619e-05,0.000100941628350171,-0.000244772757625356,-4.694206811795e-05,-0.00368473398395519,-0.00145984645319608,3.59762549209108e-05,-0.00431415499668741,-0.00117095114840815,-0.00169903212034495,-0.00210559619762218,-0.000853589753011974,-0.0069857377016902,-4.51442641189459e-05,-0.00235219097970063,-0.00232484666400179,-0.000310082436181247,-0.00234717509996418,-7.08858157052461e-05,3.38017912984157e-05,-0.00353587914877007,1.97729713136141e-06,2.95197805622038e-05,-0.000998576452601263,-2.58461877997718e-05,-0.0034998684598202,-0.00383439774004035,-0.00717836908813307,-0.00547957897506546,-0.00114162514432703,-2.58461877997718e-05,-0.00018587912527579,-4.1489978547915e-05,-0.00232484666400179,-1.82787060296619e-05,-0.00744578192865397,-1.23884669021024e-05,-0.006522857449478,3.97514868755167e-06,-0.00152086974368437,4.83911905657664e-05,-0.000959832955955697,-0.00398748871228705,-4.3327005924354e-05,-0.0001219699506807,0,-0.0157515306235383,-0.000766623311410974,-0.00768071347323218,-0.001906461283121,-0.00918704041693008,2.95197805622038e-05,-4.694206811795e-05,-0.0056265589394906,0.000160016197874313,-0.00543611985580661,1.97729713136141e-06,2.46099351581819e-05,-0.00215225280626452,-0.015743917502304,-0.000219770002950703,6.36204557045161e-05,-7.75205422440806e-05,-8.9038980386924e-05,0.000189408141856529,0.000330076607737873,-1.63362746130602e-05,-0.00169945260503024,0.000157571996615147,-0.000159552024524778,-0.00145936408961944,-0.000529795515056719,3.16497465098209e-05
"1:44878464:G:A",-0.000949783935396908,0.343116820068739,-0.000491442017982902,-0.00208166109060048,-0.00308739640372302,-0.00431181807627468,-0.000512963802988153,-0.000787562736622949,-0.000857647554838525,0.000170071305524377,-0.000156418908694,-0.0028043062649159,-0.00334919246433785,0,-0.000443131980919276,-0.00120439249501647,-0.000498568780318287,-0.00272226882761561,-0.000344606716982554,-0.00337355943697215,-6.35844883678516e-06,6.01326528739676e-05,-0.0018201385885579,-0.00111934494784194,-0.00557660118524117,5.26808986700544e-05,-0.00353693272345801,5.50470273434911e-05,-0.00333267381873537,-0.00413076741317919,-0.00879080641691576,0.000119828891037344,-8.03695825064565e-05,-0.00202307165855053,0,-0.00146511902654378,-0.00598562049863638,-0.00144030097516445,-0.00272415264968373,-7.26898188814218e-05,-0.00458431177052265,-0.00416175618750847,-0.00539508244501441,-0.000256222140052831,-0.00244578174155619,-0.0105505376284656,-0.0029272375784517,-7.7593118064101e-05,-0.00430574097141134,-0.00638806624343147,-3.10159446268443e-05,-0.000997404448117578,-0.00019026922339993,-0.00279929101165299,0,-0.00194591234071195,-0.00321509632716177,-0.00205041549405838,-0.000723267915541115,-0.00452866415743181,-0.00798008030429731,8.61447438440521e-05,-0.000163033398987267,-0.00246462095864253,-0.00450258328543995,-0.000596074799773305,-0.000960064640127989,-0.00250131957583033,-0.00722667307858149,-0.00199266439340651,-0.00366788268515794,-0.007850400202007,-0.00664218626619029,-8.54386135706875e-06,-0.00125986667036493,-0.00324811537250458,-0.000287233582756841,-7.96146262249664e-06,-8.63432926951901e-05,-0.00992821684315937,6.74641444602386e-05,-0.000473114240365113,-0.0015908465301937,-0.00990625669283052,-0.00425751850003042,0.000105830540406693,-0.000376017731841038,-5.87084348788736e-05,-0.00198944607127416,-0.007850400202007,-0.00298413289323296,-0.000617739492431824,-0.000833308670916466,-0.0101919748625732,-0.00287482136899264,-0.0119682048749223,-0.00529671723226954,0.000159411106205987,-0.00173177716116069,-4.69919794898743e-06,-0.000980209477770444,0,-0.00699693578905247,-0.000443491937770268,-0.000906462721840917,-0.00493640216600433,-0.00411502834797606,-0.00154947600843691,-0.000820396489820574,-0.00151202514668558,-0.00914241435384167,-0.0112725888643088,-7.96146262249664e-06,-0.0063038955526098,-4.43670388339257e-06,-0.0042682650484096,-0.0103969338566952,-0.00129735710356815,-0.00093926307600789,-0.000530155759713935,-0.0106092098038264,-0.00400454766367009,-6.35844883678516e-06,-0.000250505790667432,-0.00599091934602569,-0.00356281512804113,-0.00077157466443456,-4.5451326025514e-05,-0.000293464574673941
"1:44878549:T:C",-0.0057936298369321,-0.000491442017982902,0.458982816065028,-0.00604271652929622,-0.00020189016250427,-0.00268644546609531,-0.00460799412458801,-0.00278165162086985,-0.00383715970027465,-0.00476909458893759,-0.000609544467793377,-0.000673907545492902,-0.00688908017890233,0,-3.06780562615572e-05,-0.0114511376392215,-0.00569785986879845,-0.000882590061926702,-0.00190107250320537,-0.000510907751035017,-0.00123375131094416,9.26133241954119e-05,-0.00192222829314792,-0.00731402384372748,-0.00301850098330414,-0.00443437260639001,-0.00160118891315708,-0.00449373797712704,-0.00501615410869682,-0.00367774313145475,-0.000159716047328118,-0.00148160419554078,-1.96431721684043e-05,-0.00540977086212857,0,-0.000394991134832878,-0.00270497140212633,-0.00246656716255877,-0.0017830560701162,-0.00451598252167784,-0.00302590995316709,-0.00737312817015168,-0.00185232870962038,-0.00451765509964641,-0.00101293429960059,-0.0113078450719515,-0.00917573395729843,-0.000129113535640712,-0.00269858852019311,-0.0038149117796511,-0.00739914825888555,-0.00279388477597653,-0.00162757018275617,-0.00148514734284122,0,-0.00505304546326046,-0.0111062479125317,-0.000931479255006362,-0.0050480187935471,-0.00845120653340903,-0.00731588651117177,-0.000804569874925498,-0.00521380343345523,-0.00294715207652674,-0.00221930594604069,-0.000679835028516873,-0.00675136590971448,-0.00161773515899499,-0.0107753113752853,-0.00190979508228484,-0.0015960297432942,-0.00608156286993378,-0.0032565536969309,-0.00135822568880251,-0.0103911659135059,-0.00150310504105899,-0.00155556493115272,4.89448392659853e-06,-0.00158102846967889,-0.0080059526397176,0.000105462929940181,-0.00145581399572547,-0.00426321867959567,-0.00672999561720422,-0.00129570876178153,-0.00165442481017841,0.000105462929940181,-0.0021145280921897,-0.00343373622638588,-0.00608156286993378,-0.00242755812980278,-0.000455758236443504,-0.00360510293495864,-0.00501768907360889,-0.00223572182833642,-0.00799820660719286,-0.00557975802088251,-0.00185818718025077,-0.00691811915363338,-0.00540675129908497,-0.00342365192460292,0,-0.00569547707060902,-0.0038490831926854,-0.00184249743726639,-0.00551083338471825,-0.00568306129788576,-0.00570151221252591,-0.00515773710810308,-0.00665507713115332,-0.00900477844727021,-0.00679787461247505,4.89448392659853e-06,-0.00221164028792087,-0.00199358676793127,-0.00701238507535162,-0.00183736394627676,-0.00678491465949893,-0.00687499475208764,-0.0012503829456838,-0.00534449380865398,-0.000402353758726992,-0.00125970763528649,-0.0023501029473465,-0.005353868489681,-0.00577625119367742,-0.00171579495401808,0.00012175152680971,-0.00552197632246809
"1:44882371:G:A",-0.000707863826330701,-0.00208166109060048,-0.00604271652929622,0.236263222114836,-0.00604461952107194,-0.00114863454681213,4.09303976676156e-05,-0.00053896987955504,0.000213772732288842,-0.00289976272430703,-0.00378244148272167,-0.000919770093668504,-0.00299492504871601,0,0.000339093112205369,-0.000454951622861799,-0.00107499605626238,-0.000445318184274512,-0.00272246006092303,-0.0018386977877265,-0.00213953380555942,-5.98703995473571e-05,-0.000172678731551024,3.70145274235512e-05,-0.006136732154439,-5.62149756406782e-05,-0.00102886060628293,0.000290339564977593,-0.001301845846859,-0.00208449522324372,0.000295931307192632,-0.00012153195974296,3.27151012200488e-05,0.00113107563598813,0,-0.000696545315691743,-0.00144538503625569,1.19296478811037e-05,-0.000250508324395327,-0.00202254246506683,-0.00137209347899603,-0.00471633374125435,5.21808047784234e-05,-0.00215471863803263,-0.0046052231648348,-0.00638055102555235,0.000780349785192591,6.65757795035304e-05,-0.00697543352937569,-0.000257567577514273,1.19296478811037e-05,0.000601019587097795,7.95692248116708e-05,-0.00686113862211624,0,-0.00081078467542639,-0.000308377770963375,-0.000143235715431622,-0.00311981105663062,-0.000850035680231898,-0.00564267022415788,-0.00559756344942119,-0.00172690471196901,-0.000342612214092597,-0.0010087978137161,-0.00251709926298016,-0.00429823524206263,-0.000411499214414413,-0.00525012963819149,-0.000114777205084238,-0.00264825087491527,-0.000107868033000891,-0.00451072026822619,-0.00149407402125412,-0.000178937161705583,7.95692248116708e-05,-0.00122471173085614,3.93313264179795e-06,7.08598362892943e-05,-0.00732746872080448,-6.34857679129297e-05,-0.00313035152461172,-0.00716562288087808,-0.0060134855788081,-0.00171722944634656,-0.000114777205084238,-6.34857679129297e-05,-0.00498717452628394,-0.000107868033000003,-0.000107868033000891,-0.00607299212533174,-0.000875230063950738,-0.000357345419407018,-0.00799097231875434,7.90944443096464e-06,-0.0123608369425279,0.000665549839615309,-0.00054913110865229,-0.00428233291027968,-0.00051177432596905,-0.00186099905685211,0,-0.00439134217230253,-0.000793721772161859,0.000165978142971035,0.000228846466808541,-0.00263567039241597,-0.00457837198595712,-0.00177211034211133,-0.00278751154361867,-0.0029477769985613,-0.00326000565408169,3.93313264179795e-06,-0.00475341752407932,-0.000170005953348706,-0.00636060656920678,-0.000580535995613474,0.00015147398784876,-0.000191033360297688,-0.000956669767260721,-0.0045165334285846,-0.00069811789655283,-0.00262159299449483,-0.00133400939947403,0.000116294230212866,-0.00462872118277513,0.000273925327423541,0.00039176326592294,7.51907285145847e-05
"1:44883618:G:C",-0.00254716965611212,-0.00308739640372302,-0.00020189016250427,-0.00604461952107194,0.178350915688317,-6.77791537215811e-05,-0.00203597366683805,-0.002895723800723,-0.00244904645947441,-0.00877563482635235,4.64629279584017e-05,-0.00286073820971833,-0.000311800628486125,0,-0.000977343502993833,-0.000246905823019894,-0.00139355542743758,-0.00194897773300262,-0.000346529615505631,-0.000325693099068047,-1.94070846450956e-05,-2.81747960970691e-05,-8.01913541135235e-05,-0.00172384290639549,-0.00492274248299518,-2.60161964211747e-05,-0.000593919730707881,0.000136996431403524,5.67484160534093e-05,-5.33807789260266e-05,-0.00161773692891565,-5.75012060926028e-05,-4.73432254164408e-05,-0.00522409731537454,0,-8.80283094621959e-05,-0.000977343502993833,6.83565057979507e-06,-0.00211741139208765,-0.0021151308226024,-0.000354289721660628,-0.00559813059431402,-0.00526909939630027,-8.83860247542501e-05,-0.00105040289442559,-0.00117355606674474,-0.000121581398039083,3.17777049474444e-05,-0.00689298897849699,-1.21989014134627e-05,6.83565057979507e-06,-0.000722016414758109,3.90125024321009e-05,-0.00159042878741378,0,-0.00319326072137294,-0.00655171809089961,0.000115051175313852,-0.00214477266659419,-0.00119442166275618,-0.000763017830748947,-0.00015237357948461,4.1471569040219e-05,-0.00512897745702023,-8.01913541135235e-05,-0.000850547590314221,-0.00178216781573326,0.000168686619899105,-0.00832055542068888,0.000314079480771667,-0.00280817497481678,-0.00334930752516982,-0.00234744178124124,-0.00191562588879357,-0.00121324822134028,3.90125024321009e-05,-0.0047158108883556,2.25603549708353e-06,-0.00184840626633154,-0.000984683647204054,-3.03117201791991e-05,-0.00125002234297167,-0.00105003393454872,-0.0011716320647488,-0.000280451053271236,-5.33807789260266e-05,-3.03117201791991e-05,-0.00431819615572238,-4.91733609866429e-05,-0.00334930752516982,-2.1632672864591e-05,-0.000285126184394358,-0.00269193597744799,-0.000448454154100997,4.53447765647041e-06,-0.000775412866965475,-0.000634262965945709,-8.21822149017493e-05,-1.00214190061898e-05,-5.12881115373176e-05,-0.00125855937185904,0,-0.00849807041611284,0.000237966472242057,6.91765859190951e-05,-0.00604985539143943,-0.000144705476858853,3.41659005593797e-05,-5.54517002804289e-05,-0.000787887246988639,-0.000212026327329085,-0.00413232026522614,2.25603549708353e-06,-0.000165193007273245,0.000112245711198611,-0.000887915725324984,-0.00336107398906282,-0.0024634800857708,-9.18235640883225e-05,-0.000601716121661156,-0.000917425451333997,-0.00137831618758177,-0.00154503286425722,8.63917450866225e-05,-0.00128149041232817,-0.00140617791665676,0.000128571850876114,0.000180458504726921,3.65773906141342e-05
"1:44883714:G:A",-0.000246325549047022,-0.00431181807627468,-0.00268644546609531,-0.00114863454681213,-6.77791537215811e-05,0.264596309782809,-0.00367518024648739,-0.00016153383490547,-0.000687676680248828,-0.00569085519924073,-0.00205436732568032,-0.00568054366124127,0.000100466688650158,0,7.28182299312152e-05,1.85862880917043e-05,-3.69241354487571e-05,-0.00242058639098097,-4.89611197451723e-05,-0.00181811042638635,-0.00264638087079927,-1.37328472638032e-05,-0.00292540649105,1.10321750890208e-05,-0.00241328941667618,-0.00152574066443378,8.35117337665281e-05,6.40246854253235e-05,-0.00208713235063129,-0.000198432418894612,-0.00273263152946335,-2.82628939523022e-05,-0.00409493245484605,-0.00569216605994782,0,0.000132989581898002,7.28182299312152e-05,3.58779166198531e-06,-0.00236281940817307,-0.00448482043633458,-0.00264135994059966,-0.00193564646768163,-0.00233649520408719,-0.000535440274589405,-0.00730877875485048,-0.00036098911249427,-6.08943173565635e-05,1.53856559119703e-05,-0.0147986062837684,-0.000206740425528373,3.58779166198531e-06,-0.00474716317509216,1.90788705474176e-05,-0.00403123993860044,0,-0.00513944589356008,-0.00380285249166601,-4.9924720666894e-05,-0.000154968643752973,-2.7132180469458e-05,-0.00617482122300439,-0.00182726540893885,2.03289704012732e-05,-0.000186345669354715,-0.000169213449320971,-0.00013244812147839,-0.00368712980658259,-0.000300575605831632,-0.00189197972567223,-2.59912682132324e-05,1.7838336876963e-05,-0.00130494690410643,-1.51064114373156e-05,6.20502802650691e-06,-4.14345081169998e-05,-0.00196785672095601,-0.00274057411564144,-0.0037305074124756,-0.00518109451107929,-0.00687322378959454,-1.4885270381626e-05,-0.000183546484997521,-3.61833297004566e-05,-0.00809454076326688,-0.000834269020836942,-0.00102815354116181,-1.4885270381626e-05,-0.00102236071803485,-0.00151942912714187,-0.00130494690410643,-0.00276282336212308,-0.00279618373785073,-0.00251505172960709,-0.00737014149665427,2.38213006564791e-06,-0.00607949736208102,-0.0105430724105302,-0.00400679630553036,-0.0135262657012984,-2.48400332214516e-05,-0.00441235406245877,0,-0.00692971178299118,-0.000395602504926984,-0.000201911548965761,5.19098127478301e-05,-0.000137017234290937,1.66072914176141e-05,-0.00338635583914026,-0.00222467351244759,-0.000150780466507072,-0.00656169845470611,-0.0037305074124756,-0.000151142939945004,-0.00171909570400075,-0.000430781444235695,-0.0019264673946866,3.51655778665361e-05,-4.57780098805927e-05,-0.00396405272072808,-0.00357239515811525,-0.00358046118116562,-9.02328458263213e-06,-0.000478422235151932,-0.010199122161878,-0.000762937812119446,-0.000466869295377315,8.22438713798945e-05,1.7838336876963e-05
"1:44885343:A:G",0.000172978397243284,-0.000512963802988153,-0.00460799412458801,4.09303976676156e-05,-0.00203597366683805,-0.00367518024648739,0.222664087877295,-0.00695531737091404,-0.00126408309225567,-0.00107289091109397,-0.00137028237119186,-0.00232856733672993,-0.00242679899281928,0,-0.000319410164951073,-0.000169456353773079,-1.39252999415973e-05,5.45149465551731e-05,-0.00468370093180415,-0.00105520316132868,2.43510021293858e-05,4.63127789220863e-05,-0.00441703889489897,-0.000111176481178532,-0.00237302217387203,-0.0022903930119238,-0.000376265711199864,-0.000278873479921948,-0.00297314888445221,-0.00102523494389839,-0.0010712295792068,-0.0018451301073048,-4.76211590552111e-05,-0.00122853302047421,0,-0.00277677251238018,-0.000319410164951073,-1.72535799318752e-05,0.000186578101913248,7.78033569304171e-05,-0.00211187720120165,-0.00469458495071073,-0.000329616838211422,-0.00261904252634437,-0.00705549195386412,-0.0054069796423919,-0.000597267611619934,-5.80857328449369e-05,-0.00379507373984289,0.000206854877106366,-1.72535799318752e-05,-0.000769346581087405,-7.67141158775075e-05,-0.00433431948016283,0,-0.0119655829024747,-0.0151400893724603,-0.00124324822606603,-0.00581041545398797,8.77718733969246e-05,-0.00585826036550108,-0.00344652714085036,-8.30942797813705e-05,-0.0062748908802277,-0.00208873136906806,-0.00324067076526635,-0.00255655661420207,-0.00167582878246275,-0.000880510340619978,8.26216807503499e-05,-0.00311329911605984,7.21085864396898e-05,-0.00271190229184448,-0.00438013033316142,-0.00212754965092898,-7.67141158775075e-05,4.67860446997648e-05,-5.67433808296158e-06,-6.42115459346115e-05,4.73883298455213e-05,5.16213440349134e-05,-0.00211424565610852,-0.00040829394935038,-0.00484131745569893,-0.00501641553908883,-0.00211754877167714,5.16213440349134e-05,0.000332090132614482,-5.47134973203356e-05,7.21085864396898e-05,2.99535130148243e-05,-0.00182817974379201,-0.0016926930427843,-0.00220785836739967,-0.00674252897277583,-0.00104287252144175,-0.000196843295444005,-0.00218285771685967,-0.000339679338036358,-0.00202056765259506,-0.000968558778081885,0,0.000292041010238719,-0.000510542798610736,-0.00203289075800228,-0.000221986828556453,-0.000665184303471733,-6.42115459346115e-05,8.77718733969246e-05,-8.95627111967556e-05,6.13020824884458e-05,-0.00264563259372874,-5.67433808296158e-06,-0.000944946862682983,-0.00119710315293009,-0.00039527802503958,-0.00198216324413991,-0.00111235540328014,0.000148977760061619,-0.000358245272969349,-0.00321192876609722,-0.00441885442959222,-0.00289098820642408,-0.000624608404430127,-0.00736146741574029,-0.00119293858390712,-0.000546392576501908,-0.000367631559502257,-7.04204466384084e-05
"1:44892744:A:G",-0.00533407434242683,-0.000787562736622949,-0.00278165162086985,-0.00053896987955504,-0.002895723800723,-0.00016153383490547,-0.00695531737091404,0.291889369148504,0.000945804941537176,-0.00835901757155533,-0.00372095033925657,-0.00393530442915679,-0.000562232519634165,0,-0.000646061272433052,-0.00395010238130045,-0.00401726835300487,-0.00262111009568411,-0.00127650579136329,-0.00247320011758223,-0.0019158442410605,-0.00114625447094774,-0.00267365727418678,-0.0018383963420856,-0.00545072001611846,-0.000380305523642654,-0.00118416905234309,-0.00558349489936649,-0.000617687388325017,-0.00761113412793968,-0.00841921816587465,-0.000227477634102691,-0.00251983134708933,-0.000883171108291947,0,-0.000348417870398521,-0.000422040817802838,1.48499855434636e-05,-0.00121060986826826,-0.00026629976776249,0.000375528427044358,-0.000711360569466635,-0.00143230951518092,-0.00322906617243923,-0.00444936761375381,-0.000524665958102855,-0.000476572598103076,0.000117901509105955,-0.00770545041437254,-0.000927513633760757,-0.00178423994453336,-0.0015845183534573,-0.00212240345571679,-0.00852228873427974,0,-0.00602544592804932,-0.00271193493366395,-0.000310404284975974,-0.00251894309023282,-0.0038587621492443,-0.00667976169508844,-0.00376806006270858,-0.000798489897900545,-0.000550259049104884,-0.00142995466288465,-8.16595327197689e-05,-0.00153121711584969,-0.000429441179991663,-0.00722803174827913,-0.00022015979788037,-0.000144102841494131,-0.000474046549483909,-0.00697450318038229,-0.000211850634144639,-0.000294391897275759,-0.0021413727227193,-0.00237068381457561,-0.00344444929320975,-0.00479386845758079,-0.0100886782915768,-0.000115658912045902,0.000236470278798251,-0.00423414914842013,-0.00241594833057057,-0.00113283460607683,-0.000443348763525364,0.000306974158246653,-0.00434969265688068,-0.000770498480151538,-0.000474046549483909,-0.000670245981191364,-0.000250324726582818,5.03993388889512e-06,-0.000296258055394905,-0.00205290032250538,-0.00332145274949713,-0.000365976411356606,-0.00016603128054804,-0.000758675928274943,-0.000618405222080121,-0.00749438787315526,0,-0.00803702186314004,0.000893918107276903,-0.000551234951770674,-0.00140370950635926,-0.00454357020307405,0.000123462927124507,1.4402138715397e-05,-0.00181727100010409,-0.00239005382724944,-0.00408800792532471,-0.00344444929320975,-0.00182269143968394,-0.000640481457453212,-0.00989994082368417,-0.00620969236416791,-0.00540372571480319,-0.00115172831584776,-0.00138300744594577,-0.00167267590604947,-0.000561995181510788,-0.00640259434040136,-0.00389641819275877,-0.00120984953040892,-0.00225794072748275,-0.000744814534425764,0.000676448037102872,0.000129087096487623
"1:44896312:G:T",-0.00427777582581834,-0.000857647554838525,-0.00383715970027465,0.000213772732288842,-0.00244904645947441,-0.000687676680248828,-0.00126408309225567,0.000945804941537176,0.412125401599179,-0.00964137216302952,-0.000349098696758254,-0.00776049926135469,0.000405176586681932,0,-0.00232036368499688,-0.00544999300886051,-6.88974640064011e-05,-0.00442616279198482,-0.0036351159632293,0.000132975402745483,-0.00042178593429032,0.000124413282725833,-0.00240197910414208,-0.000643218224540831,-0.00657680550064743,-0.00151358020603354,-0.00021788077937579,-0.00785297980048938,-0.00257409955054744,-0.000404042883367595,-0.0120136927594938,-0.000491094332281783,-0.00187740699093997,-0.00599043248787368,0,-0.00128742907428858,-0.00500498185521803,-0.00212350079523382,-0.00282335660619992,-0.000134755318616619,-0.000123747184353817,-0.00448007842933595,-0.00446120156743479,-0.00563911085329272,-0.0113001021803139,-0.00436047847240761,-0.00482190927550352,-0.000181085558488725,-0.00353394507006488,-0.00380159095567478,-0.00516672126144346,-0.00159484526029008,-0.0021338660443071,-0.00584899974066344,0,-0.00112915290077042,-0.00674055445553456,-0.00422427479170651,-0.00394216097844913,-0.00246495040619621,-0.0066890855273436,-0.00347826045734356,-0.000218261972521283,-0.00138722202175545,-0.000347482028550061,-0.00813557219816152,-0.000614760227355404,-0.00206957043196621,-0.00881326556866613,-0.00119039410760369,-0.000270987471205686,-0.00599256302930939,-0.00570096019428368,-0.00075087243574945,-0.00401686156373415,-0.00036204599746803,-0.0027149160291815,-0.00402377752596994,-0.0050640617463289,-0.00492067175306588,0.000144336528652644,-0.00347280700821173,-0.00122526180728055,-0.0104430888646152,-0.0055582054210026,-0.00571264462432985,2.66329930793674e-05,-0.00388022394804333,-0.00299333260154011,-0.00599256302930939,-0.00234572071688088,-0.00334010503485249,-0.00192447800860229,-0.00670534402278111,-0.00331151947476194,-0.0133353776308387,-0.00174287578100962,-0.000539066859261084,-0.000596448105891323,-2.0496019304872e-05,-0.00500015120310193,0,-0.0165207756504691,-0.00247598356897871,-0.00122615325469067,-0.00118374411087085,-0.00495139502634512,-0.00527756633041232,-0.0018945425039556,-0.000182396940580531,-0.00269992474623448,-0.0044613496535808,-0.00402377752596994,-0.0120300461347993,-0.000732297228627665,-0.011895084287413,-0.0066715062263385,-0.000272567188988937,-0.000402141035262815,-0.000998713955731922,-0.00240071234168004,-0.0017115114038182,-0.00294080048940248,-0.00130815969962539,-0.000290476696003239,-0.00254895124554722,-0.00167852139837699,-0.000853323085311608,-0.000258099951749635
"1:44898004:G:A",-0.000606114139339198,0.000170071305524377,-0.00476909458893759,-0.00289976272430703,-0.00877563482635235,-0.00569085519924073,-0.00107289091109397,-0.00835901757155533,-0.00964137216302952,0.413737335708619,-0.000773644528216266,-0.0057120376601123,-0.00466192239471575,0,-0.00459942989818352,-0.00669035425529785,-0.00928451132729968,-0.00434516311557331,-0.00209786254852329,-0.000450997460777813,-0.00028946648521444,4.45819682468596e-05,-0.000184801611456287,-0.00168166830453043,-0.00295124694175408,-0.000145172022327777,-0.000180223598422735,-0.00188177523550426,-0.00140470214898247,-0.000109420762242962,9.05760269356293e-05,-0.00620022131855347,-0.00190350188676724,-0.000626649071098662,0,9.66814924465709e-05,-0.00057370637392129,-2.0356776817998e-05,-0.00785698322244244,-0.00236142766491376,-0.00264671659070714,-0.00579095922559558,-0.00158846957646741,-0.00456794540354588,-0.00957940196369167,-0.00338321767260519,-0.00227492602716595,-7.27006276521891e-05,-0.0139116016337293,-0.0139946797174728,-2.0356776817998e-05,0.000158197151482575,-0.00179071448088486,-0.00431205024657633,0,-0.0125848138058813,-0.00768427129791149,-0.00670101496514519,-0.00260008929969313,-0.00791111342418915,-0.00248686690765343,-0.0049470601420265,-0.000275451617496536,-0.00634929602618506,-0.0013515929800656,-0.000502718853565565,-0.00275761404621289,-0.00111027138312814,-0.0111057806009476,-0.000106101507298284,-0.000137703499813568,-0.00251620445909406,-0.0023138439274355,-0.00205286602282939,-0.00117268456598296,-0.00597181025281834,-0.0024477358378947,3.6223848338679e-06,6.07538523862416e-05,-0.00324215205128597,4.87486488314204e-05,-0.00126820911324899,-0.00365857042338202,-0.0108363017102047,-0.00636060195070876,-0.00306052230531595,-5.750162092788e-05,-0.000325420309441604,-0.0015063549391332,-0.00251620445909406,-9.84464065654223e-05,-0.00229802063454265,-0.0029338694934431,-0.01065874294778,-2.73195965494466e-06,-0.00364031417833699,-0.00258325517690938,-0.000351327296988835,-0.0104475907611095,-0.00420637850749728,-0.00216566664815776,0,-0.00675149264344821,-0.00351424922764743,-0.00210563811187203,-0.0027732595923311,-0.00667847816718581,-0.00140621812352215,-0.000362970198248824,-0.000900293926052953,1.37669684274755e-06,-0.00566629856877654,3.6223848338679e-06,-0.00374103263129211,-0.0019779265136135,-0.010282122314778,-0.00943926653098259,-0.00236325602361642,-0.00642662446627451,-0.00550267020315509,-0.00656700401854948,-0.00125560899897081,-0.000289466485213552,-0.00176109835261329,-0.000761640350260606,-0.00285517015738268,-2.76646518262424e-05,-0.000873201838364146,-9.20985275900676e-05
"1:44898646:C:G",4.03938332391718e-05,-0.000156418908694,-0.000609544467793377,-0.00378244148272167,4.64629279584017e-05,-0.00205436732568032,-0.00137028237119186,-0.00372095033925657,-0.000349098696758254,-0.000773644528216266,0.185111404875087,-4.99788304164639e-06,-0.00131520702288945,0,-7.34662529993102e-05,-0.00374523302662855,2.67565052993746e-05,1.65687233328882e-05,3.42825286949733e-05,7.38894280134517e-05,-0.00384281702918887,1.07837707066238e-05,2.86244892828691e-05,-1.0495478329986e-05,-0.000519575115245807,9.75572628458821e-06,-8.71583598822667e-05,-6.32559537638855e-05,-0.00189418586835188,1.96035795143601e-05,-6.49337380878023e-05,2.15224172119832e-05,-9.26322777683453e-06,7.65175425883058e-05,0,3.22088654485242e-05,-7.34662529993102e-05,-3.35476674084845e-06,4.28355810431214e-05,-6.18523312292396e-05,-0.00117429659371826,-0.00235228992982073,-5.65391301483587e-05,-0.00185137673387192,-0.00175297859559631,-0.000886396452878024,4.36275670203656e-05,-1.31943672529999e-05,-0.00758042343532761,-0.00215625008282139,-3.35476674084845e-06,-0.000140685760171344,-1.68757574883216e-05,-0.00260902004452124,0,-0.00504641146426454,-0.00287398320046339,-0.00303900915280408,9.43385813281239e-05,2.05695227446512e-05,-0.0106336024971441,-0.00539134874434044,-1.8137085120884e-05,-0.00673909422386387,2.86244892828691e-05,-1.76358073575855e-05,-4.97472904168461e-05,9.06353244189972e-05,-0.00732394861699692,1.96035795161364e-05,-1.56317577175713e-05,1.76314827600166e-05,0.000114511884713231,-0.00150078264415487,3.0441262921066e-05,-1.68757574883216e-05,-4.71253550511364e-05,-0.00362716795841589,-0.00122755359348847,0.000185241804443237,1.17980485025981e-05,-0.00248325495486679,-6.03134603860411e-05,-0.00574349874847879,-0.00386245511413019,-0.00254876004444782,1.17980485025981e-05,7.48465737867576e-05,1.76314827617929e-05,1.76314827600166e-05,-0.00365479988628881,7.00407975386952e-05,-0.00451668826297524,-0.00405575708022132,-2.2212841690461e-06,-0.00241790713540535,-0.00239795982391833,-0.00226058951519992,-0.00910942473773613,-0.0054675208387307,5.04212108118907e-05,0,-0.00989961564968977,-0.000119307976909511,2.9539147390345e-05,-4.97472904177343e-05,-0.000266766990473677,-1.44047399377456e-05,-0.00321546228446135,-1.94160957667222e-05,-9.89946273186604e-05,-0.00152330947528956,-0.00362716795841589,-0.000655047528458574,-0.00297160299539101,-0.00756278517315234,-0.000262516948119185,-3.21930254063574e-05,-0.00672434778295816,-0.00144605479687954,-0.0053777530126391,4.96517735806279e-05,6.58619741944477e-06,-3.93881873019808e-05,3.95572367191122e-05,-0.00122222731492716,-5.83645370086927e-05,-8.5334030119455e-05,-1.56317577175713e-05
"1:44898664:C:T",4.29356139353132e-06,-0.0028043062649159,-0.000673907545492902,-0.000919770093668504,-0.00286073820971833,-0.00568054366124127,-0.00232856733672993,-0.00393530442915679,-0.00776049926135469,-0.0057120376601123,-4.99788304164639e-06,0.19444128377527,-4.58322166272396e-05,0,-2.51148439751603e-05,-0.00488176137955154,-0.00137594550556219,-0.00525728706827522,-0.000101359047778082,-4.31910789062684e-05,1.2771121822297e-06,-0.00123540344803263,3.91295199797526e-06,-2.25214808224905e-06,-0.000565241698472718,1.77532907841282e-06,-3.18037215407685e-05,-2.04561287313609e-05,-6.53513267412364e-06,-0.00129570303799564,-0.00273741055746513,-0.00163350409304996,-1.96527816154202e-06,-0.000496720312510135,0,4.09857990035789e-06,-2.51148439751603e-05,-0.00281127604237952,-0.000945090218185562,0.000300811703841219,-0.0026708023964801,-0.00292713585904902,-0.00166617568217475,-0.000613050178818852,-0.0031969226790487,-0.00513878890030073,-0.000811238878857701,-3.0274984919032e-06,-0.00257153557531442,-0.000777948843715848,-0.00142718313628531,-0.00215179844225588,-3.96574811833972e-06,-0.00201495869176194,0,-0.0173551442403936,-0.00688506355680563,-0.00061954766847272,-0.00322416124847891,3.21059551389169e-06,-0.00203173957338265,-0.00280205729497407,-0.000791406055941302,-0.00280644460049118,3.91295199797526e-06,-0.0051195639960957,-0.000200230269095769,-0.000184150774227732,-0.00340702997523135,3.11159577481845e-06,-3.64296779142848e-06,-0.000236092713070235,-0.000493649781956762,-9.60941355607758e-05,4.01458013588041e-06,0.00011977933855345,-7.11860321480628e-05,-2.16076422532296e-07,-3.33031413912721e-06,0.000172976325761631,2.07379248351458e-06,-0.000186672550091416,-0.00578255410616979,-0.0038294627922002,-3.50390508874199e-06,-0.00318258477174993,2.07379248351458e-06,6.7153855987101e-07,2.89659250007901e-06,-0.000236092713070235,1.45020016795172e-06,-0.00118548112049766,-7.0538398352582e-05,-0.0015514352494832,-4.40106673771368e-07,-0.000594786073620845,-0.000680944998749489,-0.00290404981526837,-0.00105468667163766,-0.00136264241723261,-0.00020985578743371,0,-0.00596429752464278,0.00185907976961897,3.96604542185486e-06,-0.00165233706418189,-0.00660902179926826,-0.00151684660871254,3.21059551389169e-06,-4.64289216228764e-06,-0.00131255681950204,-0.00265876747501448,-2.16076423420475e-07,3.39957535544499e-06,0.000423452184775464,-0.00605177120116229,-0.00215780325374393,-0.00260553060064339,-0.000463574982934034,-0.00202135747842203,-0.00750499630298984,-0.00173299980812835,-8.42494667816496e-05,-1.09455528569669e-05,4.29183841710312e-06,2.39749793795596e-06,-0.00122620162534659,0.00173917034081494,-0.00417382022249768
"1:44900196:C:T",0.000200551477512967,-0.00334919246433785,-0.00688908017890233,-0.00299492504871601,-0.000311800628486125,0.000100466688650158,-0.00242679899281928,-0.000562232519634165,0.000405176586681932,-0.00466192239471575,-0.00131520702288945,-4.58322166272396e-05,0.170930619141788,0,-0.000372194129368175,-0.00021832681519296,-0.00173920328226185,3.13798550388711e-05,-0.00161729034718494,0.000190267324309268,2.72531461575909e-05,5.37789013073109e-05,0.000138630697169795,-0.0014622527172925,-0.00757895652329887,-0.00246247080410722,0.00236020366185485,-0.000964044183795032,-0.00138327442776465,9.5502096820077e-05,-0.00104700383633105,-0.00297142848617149,-5.73172067790395e-05,0.000400441392571338,0,0.000162371891509139,-0.00251104176871042,-2.07718894085218e-05,-0.000267356453600875,-0.00412332024750484,-0.0011451983800459,-0.00745201412222762,-0.00188697925424997,-0.00125739078682496,-0.00260054445254321,-0.00173110577379187,0.000222564829418737,-6.78407938350389e-05,-0.00278209702201204,-0.00712209211202364,-2.07718894085218e-05,-0.00064253102182743,-0.00120339330029928,-0.00348725236641201,0,-0.0023055803648635,-0.00425288304620253,-0.000278489291949846,0.000492231942674337,-0.00238471548824748,-0.00458240518059405,-1.58569382442408e-05,-9.78499929971122e-05,-0.00612676427503178,-4.57289396216254e-05,-0.000412272279702641,-0.000260012437023782,-0.000542694977426983,6.60912783025935e-05,-3.27153240453626e-05,-0.00111630844237709,-0.00211199955560382,0.00060645329145359,-0.00139253013932361,-0.00211640009145153,-9.01952621470414e-05,-0.000338477105115587,-6.83211591478994e-06,-0.000917282079161197,-0.000373876331828171,6.01921739304956e-05,7.62573205488337e-05,0.000308533437308967,-0.00153341969513399,-6.61695417427666e-05,9.5502096820077e-05,6.01921739304956e-05,-0.00143477345369281,-0.00415719926539548,-0.00211199955560382,3.40189924710188e-05,-0.00206776329098712,-0.00161979032036808,-0.00538118321785808,-0.00181100829327008,-0.00407650824618777,-0.00056259482149823,0.000144687553894407,-0.0015982575249609,8.91742920323679e-05,-0.00189174122290492,0,-0.0012736418772068,4.88472161430664e-05,0.000144687553894407,-0.000616009898039671,-0.000546952020663127,-7.51926797182279e-05,0.000101745097744299,-0.000213999871259141,-0.00224164932642257,-0.0051851572294126,-6.83211591567812e-06,-0.00160867761192485,-0.000269185613023026,-0.00893570259460663,-0.000168986043529884,-0.00039110557320754,0.000173772196904842,-0.00030721144447643,-0.00755917708959775,-0.000459721622926956,2.72531461584791e-05,-0.00318746185014529,-0.00189058822727084,-0.0012369428515866,-0.00029765927287162,-0.000427615165658146,-8.26435056593411e-05
"1:44902748:A:G",0,0,0,0,0,0,0,0,0,0,0,0,0,0,0,0,0,0,0,0,0,0,0,0,0,0,0,0,0,0,0,0,0,0,0,0,0,0,0,0,0,0,0,0,0,0,0,0,0,0,0,0,0,0,0,0,0,0,0,0,0,0,0,0,0,0,0,0,0,0,0,0,0,0,0,0,0,0,0,0,0,0,0,0,0,0,0,0,0,0,0,0,0,0,0,0,0,0,0,0,0,0,0,0,0,0,0,0,0,0,0,0,0,0,0,0,0,0,0,0,0,0,0,0,0,0,0,0,0
"1:44905309:G:A",0.000139378364238496,-0.000443131980919276,-3.06780562615572e-05,0.000339093112205369,-0.000977343502993833,7.28182299312152e-05,-0.000319410164951073,-0.000646061272433052,-0.00232036368499688,-0.00459942989818352,-7.34662529993102e-05,-2.51148439751603e-05,-0.000372194129368175,0,0.0976940873000869,-0.00149214919542473,-0.00103914887637124,-0.000731175758991398,0.000113210907375816,-0.000362362872733613,2.01558710468674e-05,3.67604289106538e-05,9.67274646521687e-05,-0.0007023486652038,-0.00902584958591124,3.26836017485732e-05,-0.000285235676115825,-0.000117674205198703,-9.34556664491382e-05,6.61871786542534e-05,-0.000217917151730695,7.39938282681152e-05,-3.5625495380387e-05,0.000278462310653538,0,0.000111708857622794,-0.000242971596771113,-1.29588499433453e-05,0.000149914363014148,-0.00010383274854231,-0.000279733258209625,-0.00205815428975242,-0.00163413465094475,-0.00270199842821928,-0.00337788313697729,-0.00183838022616545,0.000153341863144973,-4.52582291199377e-05,-0.000730093903289486,-0.000628512851591267,-1.29588499433453e-05,-0.000666383651405589,-5.91070636266622e-05,-0.0025055772850564,0,0.000480956361410989,-0.00844360603671657,-0.000180407519471792,0.00034628489674482,-0.00445579655088757,-0.00436665914745671,0.000232157516585119,-6.38353789268464e-05,5.09540580893031e-05,9.67274646521687e-05,-1.13492748550215e-05,-0.000282225598413177,0.000326470450949579,-0.00154036852397432,6.61871786551416e-05,-5.44354379625744e-05,-0.00146150093690256,0.000430031478265036,-0.000191879619648283,0.000104309310117401,-5.91070636266622e-05,-0.000164800136880139,-4.26840384371019e-06,-4.98194893392423e-05,-0.00305214581738511,4.07891742666422e-05,5.41168366519074e-05,-0.00391536597234676,-0.0035635450313718,-5.97385613652079e-05,-0.00139412638386993,4.07891742666422e-05,0.000270339541410536,-0.00111510534515613,-0.00146150093690256,2.43822197818488e-05,0.000247140791170608,1.15472079560419e-05,-0.00327619277738833,-8.58771532730174e-06,-0.00269312107651576,0.00151731527088206,-0.00108104349665972,-0.00459078837338645,6.22126562079828e-05,0.000175354568095365,0,-0.00129607282292188,-0.000383121121322105,0.000100541592867209,-8.30906839128787e-05,-0.00409179324201681,-4.98194893392423e-05,7.01139510574933e-05,-6.86214211444991e-05,-0.0012142179625485,-0.00290903337009052,-4.26840384371019e-06,-0.00212373221865825,-0.000174778972334089,0.00154207737374445,-0.000100564845989304,-0.000110807712245808,0.000118932600447152,-0.000166746781936844,-0.0045612216920734,0.000171934175274835,2.01558710477556e-05,-0.000136954725563854,0.00013577924632191,0.00023671932806657,-0.000195050445636724,-0.000279116064268337,-5.44354379625744e-05
"1:44907964:G:A",-0.00260704114852572,-0.00120439249501647,-0.0114511376392215,-0.000454951622861799,-0.000246905823019894,1.85862880917043e-05,-0.000169456353773079,-0.00395010238130045,-0.00544999300886051,-0.00669035425529785,-0.00374523302662855,-0.00488176137955154,-0.00021832681519296,0,-0.00149214919542473,0.320597256720401,-0.000297929628331417,-0.00115263187096026,-1.68374702917973e-05,-0.000936110201036122,-0.00226713902722064,9.19200888205296e-06,-0.00165305858769393,-0.00073463922807715,-0.00657367071140458,-0.00300996102631412,-0.000100706682085061,-0.00295106405193923,-0.000310251251889326,-0.00269180038258732,-0.00669349384319062,-0.00138915668671213,-8.51786144639988e-06,4.39544037931228e-05,0,2.48352379141892e-05,-0.00517101246469576,-0.00211460548911546,-0.00281824416835974,-0.00245121294764505,2.33573924575126e-05,-0.00590607038358559,-0.0112223836056122,-0.00360206733002055,-0.00769062094358697,-0.00211223760049606,3.15922737446073e-05,9.46922430378194e-05,-0.00177100147508691,-0.00233147660277044,-0.00211460548911546,-0.00166406997056967,0.000107718700815163,-0.00320102914924769,0,-0.00769785897025876,-0.0112176975736467,-0.00238433954650663,-0.00124150929915423,-0.00155249139510527,-0.0130992164363275,-0.00363964327068711,-0.00168219598854069,-0.0014554449098636,-0.00165305858769393,-0.00115563713743416,-9.70700178104522e-06,-0.000385302175139657,-0.00240209543937331,-0.00238165867972651,-1.47418688332124e-05,-0.003402066478432,-0.00437452223742785,-0.00182731753805854,2.37119558139653e-05,-1.59858858088668e-05,-4.35855642839655e-05,-0.00376462924421794,-0.00136309791659173,-0.00766086376722042,-0.000138868178114038,-0.00131996036191318,-0.00187547426802581,-0.00656584117174175,-0.00630150400542995,1.60946853213773e-05,1.00034733048204e-05,-0.00037337210437105,1.46303014911808e-05,-0.003402066478432,6.63942625234171e-06,-0.00124371305966342,-0.00177072405453949,-0.00649662605889345,-1.98418596308869e-06,-0.00566841508281168,-0.00473772396821026,2.31281845355369e-05,-0.00628869765101125,-0.00264718880708248,-0.000151877945289591,0,-0.0079631143404435,-0.000514351279797154,-0.00142603364290661,-0.00120806621051361,-0.00189896725339089,-1.35255815409963e-05,1.680020999828e-05,-1.85601696980342e-05,-0.00348566214776813,-0.00242406029471454,-0.00376462924421794,-0.00391040777626905,-0.00235090059277088,-0.00423492729739161,-0.00698601471569082,-0.00300104848235616,-0.00270858503089588,-9.61224179549802e-05,-0.00797151759383974,-0.00107997889539124,-0.00226713902721976,-0.00177115506798398,-0.00682017460556583,-0.00202331248539256,-0.000788660563019405,0.00014904114885006,-0.00155620436860282
"1:44908139:A:G",-6.39539694446967e-05,-0.000498568780318287,-0.00569785986879845,-0.00107499605626238,-0.00139355542743758,-3.69241354487571e-05,-1.39252999415973e-05,-0.00401726835300487,-6.88974640064011e-05,-0.00928451132729968,2.67565052993746e-05,-0.00137594550556219,-0.00173920328226185,0,-0.00103914887637124,-0.000297929628331417,0.157623012558345,-0.00162351548716,-4.86073312400137e-05,-0.00195576069886716,-1.04852012130507e-05,-0.00124727987462592,-4.46084055933937e-05,-0.00293032935402859,-0.00686643576567514,-1.45001761984176e-05,0.000103143297708996,-0.00159856441595352,-0.00270247253790679,-2.97645581461836e-05,7.91923608050027e-05,-3.22938013397334e-05,1.12520846604625e-05,-0.000129160049641364,0,-4.94714408736385e-05,8.89565043635798e-05,4.11964895352668e-06,-6.73753731428306e-05,-0.00432906800652955,9.91862249035691e-05,-0.000408852279666583,-0.00165147219591955,-0.00262172763394108,-0.000103703613173245,-0.000401482486625415,-6.84921870268695e-05,1.79882039672563e-05,-0.00206643123604699,-3.81598076248935e-05,-0.00198996120268902,-0.00209548569848472,-0.00212455584797233,-0.00488283363601738,0,-0.000834781384164707,-0.00347969036294327,6.54583985628676e-05,8.69197031896363e-05,-3.10354654544653e-05,-0.00292939806289283,-0.000337696325363623,-0.000832470189797263,-0.00259777784556814,-4.46084055933937e-05,-0.00337541806893071,-0.0019100946282915,8.91363555588498e-06,-0.000620334841962222,-2.97645581452954e-05,2.08570710880096e-05,-0.00331806236708232,-0.0011930581182158,6.87927337494898e-05,-0.00116016213145453,-0.00244658562878186,-3.68778865755814e-06,1.36031300712602e-06,1.94160442203994e-05,-0.0055571164803041,-1.71127480177447e-05,-0.00128394290050515,-0.00363518961195286,-0.00595781385226291,1.87376762088576e-05,-2.97645581461836e-05,-1.71127480177447e-05,-0.00321746993427929,-2.71842932546562e-05,-0.00331806236708232,-1.18365816517141e-05,-0.00129967529863872,-0.00162296849358601,-0.00409563844921346,-0.00218356137474451,-0.000950823580563309,-0.00085204575468012,-4.58429660081805e-05,-0.000272173225725147,-0.00138785754665083,-8.17600939111429e-05,0,-0.00233899546953831,0.000133413668274684,-4.58429660081805e-05,-0.0016225040075879,-0.000342465193382324,1.94160442203994e-05,-3.10354654544653e-05,-0.00213219046561441,-0.000185498878740198,-0.00150861032501659,1.36031300712602e-06,-8.33548006218265e-05,-0.0023446103854603,-0.0040480102377165,-0.00299151166947365,4.15975913847788e-05,-5.18295963978233e-05,-0.000665787258181005,-0.00386332112319598,-0.00463029531551395,-1.04852012121626e-05,-0.00192219545070849,-6.27892302240696e-05,-0.000108326596638619,7.26082249542515e-05,0.000101461069476727,2.08570710880096e-05
"1:44908831:G:A",-0.00174445653458921,-0.00272226882761561,-0.000882590061926702,-0.000445318184274512,-0.00194897773300262,-0.00242058639098097,5.45149465551731e-05,-0.00262111009568411,-0.00442616279198482,-0.00434516311557331,1.65687233328882e-05,-0.00525728706827522,3.13798550388711e-05,0,-0.000731175758991398,-0.00115263187096026,-0.00162351548716,0.148164619956189,-0.00102632928541535,-6.44018331481533e-05,-6.73605439782676e-06,-1.04275928345388e-05,-3.06263861391542e-05,-0.00201439996731967,-0.00148393544809222,-9.51262472970171e-06,-0.000367964299606172,-0.00128409716395339,2.01788954248272e-05,-2.00074838501152e-05,4.31089191721412e-05,-2.18546178576418e-05,7.31680613519359e-06,-0.00474106063657587,0,-3.43307744739008e-05,-0.00137325079695039,-0.00228644319973359,-4.79084633271398e-05,-0.00179810460493623,-0.000127625475009552,-0.00241519168162263,-0.00712407240603596,-0.000227560857696929,-0.000654734204393215,-1.65990868778998e-05,-4.88008276766649e-05,1.12308782513892e-05,-0.00171887426321815,-0.0023820578549314,-0.00228644319973359,-0.0005706674683017,1.38871019643716e-05,-0.000140689129224381,0,-0.00473365543094006,-0.00314560100683892,-0.0015855557047777,-0.00126751076550757,-0.000268084934847757,-0.00249801214195955,2.76148805689047e-06,-0.00182847286269894,-0.00389262720812056,-3.06263861391542e-05,-1.59293744177447e-05,-0.00149935743462581,-0.00025005924123267,-0.0011347400481303,0.00182660404527013,-0.00310866837083523,-0.00143318281443428,-0.000415556050868737,1.29920454217114e-05,-3.24924687449268e-05,-0.00178553984166108,-0.00189820030406374,8.99958366495923e-07,1.21133143222707e-05,0.000187545525181854,-1.13372698686831e-05,-0.000153140555221754,-0.000207441572540823,-0.00171854823565543,-0.0027648053632312,-0.00290493027474614,-1.13372698686831e-05,-0.00189466983924813,-1.81356147423983e-05,-0.00143318281443428,-0.00178137062529782,-9.02208808613025e-05,-0.00232631698407637,-0.00131785946618468,1.80419222850503e-06,-0.000174339533392853,-0.000618222085865483,-0.000213480483064465,-0.00143199779251901,-0.00273219565161398,-0.00144862317221595,0,-0.00190047532168247,6.02467781920524e-05,-0.00150254602659672,-0.00429062825516446,4.59553419682734e-05,1.21133143222707e-05,-0.0014365504912961,1.56721870219201e-05,-0.000120601540796628,0.000176152056918788,8.99958366495923e-07,-0.000264127394235203,-0.00154753407822739,-0.00635511566658309,5.20003563835303e-05,-0.00155786258423252,-3.61416807086457e-05,-5.80120758755243e-05,-0.00344343331247954,-0.0032506785747497,-6.73605439693858e-06,-0.00188176932377893,-1.79534298059281e-05,-0.00184827498634288,-0.000865306364633334,5.15398722589211e-05,-0.00170637987018196
"1:44916206:G:A",-0.00321620470579376,-0.000344606716982554,-0.00190107250320537,-0.00272246006092303,-0.000346529615505631,-4.89611197451723e-05,-0.00468370093180415,-0.00127650579136329,-0.0036351159632293,-0.00209786254852329,3.42825286949733e-05,-0.000101359047778082,-0.00161729034718494,0,0.000113210907375816,-1.68374702917973e-05,-4.86073312400137e-05,-0.00102632928541535,0.143424620632719,-0.0018353806949527,-1.38734803813989e-05,-2.06270696869737e-05,-0.00291850158820495,-2.72275150150492e-05,-0.000124664323331913,-1.89627385633884e-05,0.000130852974164597,9.88274487845331e-05,-0.00214581721117124,-0.00135289648529557,-0.00156068317513203,-4.22433657076837e-05,-7.9275989192773e-05,-0.00068236107187758,0,-6.48926394362093e-05,0.000113210907375816,5.21147658183452e-06,-8.86208913986053e-05,-1.7679432435358e-05,-0.00153801251106511,0.000192813536630254,-8.59689683974096e-06,-0.00118125340300601,-0.0029617318285311,-0.00787688652822816,-0.0041985017616355,2.32331660257046e-05,-0.00278820747113384,-0.000576096833804662,5.21147658183452e-06,0.000189451034541044,2.86835788880779e-05,-0.00490153309225327,0,-0.00313964957927482,-0.00332072203305422,8.35387683553179e-05,-0.000224441551721632,-0.000327950749903216,-0.00275932311017701,-0.00434511103820423,-0.00207263696369875,-0.00192708516203588,2.23699471835204e-06,-6.59714000095235e-05,-0.000399582995983749,-0.000561726266316676,-0.00105039473861135,-0.003605254529778,2.68505342058134e-05,-3.57570885078928e-05,-0.000288912345965286,-0.00195944092967171,-0.00126713191625072,-0.00246230365285172,2.84423053207306e-05,1.7212129268529e-06,2.50337948326518e-05,-0.000365560977584778,-2.22757128538476e-05,-3.40949321060435e-05,-0.000726345311012011,-0.00124086592324701,-0.00177386853720662,-0.00135289648529557,-2.22757128538476e-05,-0.000167854986710125,-0.00146440623603539,-3.57570885078928e-05,-1.55861610853236e-05,-0.000325923852230403,-1.03982226278276e-05,-0.00230603703627885,-0.00220464789415686,-0.00183164703023042,-0.000759591159013695,-0.000172411724008725,-0.000788483002658769,-3.74027796929965e-05,-0.00320013089718341,0,-0.000318778653091378,0.000167898739320549,1.08492201480459e-05,-0.00628890574959673,-0.00512177613559661,2.50337948326518e-05,-4.06456919241904e-05,-0.00209839276774737,-3.24160740019508e-05,-1.89056919204234e-05,1.7212129268529e-06,-0.00270216681358537,8.14903808246115e-05,-0.000121254192423592,-0.00226824575139251,-0.00178962745751843,-6.78880918476565e-05,-9.51109883251533e-05,-0.00566761603859822,-0.00623524989807933,-1.38734803805107e-05,-0.00193081935093886,-0.00132821322066512,-0.000143086175381946,9.27305758180452e-05,0.000128793638078939,2.68505342058134e-05
"1:44920992:A:G",0.000191418408841848,-0.00337355943697215,-0.000510907751035017,-0.0018386977877265,-0.000325693099068047,-0.00181811042638635,-0.00105520316132868,-0.00247320011758223,0.000132975402745483,-0.000450997460777813,7.38894280134517e-05,-4.31910789062684e-05,0.000190267324309268,0,-0.000362362872733613,-0.000936110201036122,-0.00195576069886716,-6.44018331481533e-05,-0.0018353806949527,0.207799800112131,-0.000640550720303779,5.15788337116518e-05,0.000132824127072162,-0.00166983620319705,-0.00835861324747889,-0.00267531620756056,0.00123009473435154,-0.00116397777692612,0.000196910601026445,9.15937228196384e-05,-0.0012467202898927,-0.00318738205479629,-5.47086082844928e-05,0.000377682136014634,0,0.000155016251176754,-0.00364370174207451,-1.97842986127128e-05,-0.000208586295833868,-0.00161962881622646,-0.00134328492506253,-0.0043082030060102,-0.00172806699427763,-0.0014142454397108,-0.00285197322803166,-0.00203722540925,0.000211827975422629,-6.52617358891661e-05,-0.00219429248493475,-0.00235981575847699,-1.97842986127128e-05,-0.000839425147044714,-0.00141023443920307,-0.00460589121920041,0,-0.00507504654164403,-0.00148909769117189,-0.00274621983793732,0.000462750292186342,-0.00260028495325404,-0.0119395448620065,-0.00104181507798984,-9.4064102513336e-05,-0.00110706634867785,1.75830625730455e-05,-0.000741984222705661,-0.000251900160885832,-5.83407815319958e-05,-0.00222459598496849,3.25135614147598e-05,-0.00132347778231523,-0.00181547689739414,0.000566623516284004,-0.00278523177666123,-0.00233456688817224,-8.67080594533221e-05,-0.00026085313475388,-0.00347315310746943,-0.00464779408128901,-0.000649457383484098,5.76411280706068e-05,-0.00192950666689296,0.000109756945953166,-0.00296684015792259,-0.000228413556040863,-0.00231778088734025,5.76411280706068e-05,-0.0011549859262896,-0.00457730572134452,-0.00181547689739414,-0.00350282835150839,-0.0013040562110227,-0.00660437691759697,-0.00202372200742795,-0.00202103709056622,-0.00198844722520253,-0.000486893867908123,-0.00199268114099205,-0.00487965370700438,-0.00490530874518491,-0.00211591145107892,0,-0.00743520244287499,-0.000350425061268034,0.000138492544325075,-0.00053860774970893,-0.000759000422288381,-7.23090420589045e-05,-0.00311220403349477,-0.000140706969011362,-0.000565544881701463,-0.00828033285397822,-0.00347315310746943,-0.000433046950672811,-0.00267234833925745,-0.00567031895444314,-8.60239887368053e-05,-0.000315955981787575,-0.00643572284592686,-0.00151787518699553,-0.00134883233059924,-0.000629229235037165,2.64539195207192e-05,-0.0028819578607564,-0.00211120067894921,-0.00241770910421391,-0.000288955462061757,-0.000417221395731637,-7.94571046007775e-05
"1:44923578:C:T",-1.63362746139484e-05,-6.35844883678516e-06,-0.00123375131094416,-0.00213953380555942,-1.94070846450956e-05,-0.00264638087079927,2.43510021293858e-05,-0.0019158442410605,-0.00042178593429032,-0.00028946648521444,-0.00384281702918887,1.2771121822297e-06,2.72531461575909e-05,0,2.01558710468674e-05,-0.00226713902722064,-1.04852012130507e-05,-6.73605439782676e-06,-1.38734803813989e-05,-0.000640550720303779,0.134290562916402,-3.92797764359187e-06,-1.11980251835675e-05,3.29567236434514e-06,-0.00181908746643789,-3.57338067313862e-06,2.2921817043553e-05,1.78598542284192e-05,-0.000583044893065932,-7.41690773331527e-06,1.8219686863219e-05,-8.12016132734072e-06,2.9197344124654e-06,-3.46027057549492e-05,0,-1.25886104243023e-05,2.01558710468674e-05,1.07676773097864e-06,-1.73459986987368e-05,-3.46263524049206e-05,-0.00162832046044947,1.82569885920358e-05,1.57223759087444e-05,-2.85958538297493e-05,-0.000291923457767851,-0.000156864993397399,-1.76767266859557e-05,4.38989509010668e-06,-0.0106955536816109,-2.26698799359326e-05,1.07676773097864e-06,3.11595119670827e-05,5.47820117713371e-06,-0.00420241931726295,0,-0.00369441492423928,-0.00361143280422915,-0.00185404920578858,-4.57231442307915e-05,-7.76990024942137e-06,-0.00797798811537742,-0.00431107549316945,5.84534231684586e-06,-0.00248863304765656,-1.11980251835675e-05,-3.20257409063274e-05,1.46134750584892e-05,-4.37442327232418e-05,-0.00530016857439719,-7.41690773242709e-06,5.11324833496474e-06,-6.70263166835383e-06,-5.97820140502137e-05,-0.00201662214859422,-1.18990821116327e-05,5.47820117713371e-06,1.37692018009616e-05,3.56530901690633e-07,4.75048085935015e-06,-0.00322488226800122,-4.28001780328202e-06,-0.00304595395643847,1.65667521274671e-05,-0.00361678720942926,-0.00229664402270124,-0.00313488713487597,-4.28001780328202e-06,-3.37712608047269e-05,-6.70263166657747e-06,-6.70263166835383e-06,-0.00512497007543722,-3.14270971832897e-05,-0.00256658302518087,-0.00585687361987741,7.15449543164937e-07,-0.00132383172081862,-2.82086471106169e-05,-0.00286096427692062,-0.0058212132785771,-0.00296272487792848,-2.11039775681598e-05,0,-0.00885893286291317,2.83285878506234e-05,-1.15500095558829e-05,1.46134750558247e-05,3.82689515365797e-05,4.75048085935015e-06,-0.00330890794149941,6.21467393990827e-06,-0.00013069404586652,-0.00170791940641735,3.56530901690633e-07,-6.57997402466748e-05,-0.00181554386192584,-0.00554177085223451,2.99015437636996e-05,9.99361693398981e-06,-1.3266845382276e-05,-0.00193235227547994,-0.00203854657173785,-2.07709355013463e-05,-2.49406560914878e-06,1.18584803354693e-05,-1.5993739387099e-05,-0.000814113167332486,1.67869760439032e-05,2.25884403990406e-05,5.11324833496474e-06
"1:44924618:G:C",-2.39840248257295e-05,6.01326528739676e-05,9.26133241954119e-05,-5.98703995473571e-05,-2.81747960970691e-05,-1.37328472638032e-05,4.63127789220863e-05,-0.00114625447094774,0.000124413282725833,4.45819682468596e-05,1.07837707066238e-05,-0.00123540344803263,5.37789013073109e-05,0,3.67604289106538e-05,9.19200888205296e-06,-0.00124727987462592,-1.04275928345388e-05,-2.06270696869737e-05,5.15788337116518e-05,-3.92797764359187e-06,0.0819881434006069,-1.68180845845356e-05,5.25039110321757e-06,-0.000390615578337083,-5.56340535684541e-06,4.30116649585699e-05,3.18669439520747e-05,1.3361459243022e-05,-1.13305771956007e-05,3.26052646597574e-05,-1.23496354875741e-05,4.64162350954922e-06,-4.74918082407072e-05,0,-1.87632592947296e-05,3.67604289106538e-05,1.69450634412982e-06,-2.53435580557237e-05,1.46931491293856e-05,4.13836337411766e-05,0.000111530303333218,2.73266646928505e-05,-0.00142391297649347,0.000156327727211192,-0.00148779355679984,-2.57868147164331e-05,7.11818869802983e-06,-0.00552613276481306,-0.00122459177020406,1.69450634412982e-06,6.55458924647689e-05,8.92194438861793e-06,2.05643098105668e-07,0,-0.00446094554053289,-0.00142486740344605,2.67915542666586e-05,-6.06940088303531e-05,-1.1842850468291e-05,-0.00125488579641342,7.11486935589534e-06,9.53596467745399e-06,3.60126126253135e-07,-1.68180845845356e-05,-3.05609183026689e-06,2.5365393867105e-05,-5.84293814744896e-05,-0.00497852868517601,-1.13305771956007e-05,8.31437497694765e-06,-0.00615427418668535,-7.64254327831893e-05,2.82487500076201e-05,-0.00617044559510127,-0.00231633033510636,2.36761560916676e-05,5.58912898185326e-07,7.71315590775146e-06,-0.00454165639715409,-6.62502903825413e-06,-9.7599249313518e-06,2.89874739181073e-05,-0.00122626641891799,7.7535274334295e-06,-1.13305771956007e-05,-6.62502903825413e-06,-4.64874986834118e-05,-1.0289206679559e-05,-0.00615427418668535,-4.47897512501072e-06,-4.3633391903164e-05,-2.80794073237445e-06,-0.00144531769523493,1.12371728366867e-06,-0.0051213126039702,-0.00103950763691252,-1.73124295557159e-05,-0.00106507457577631,-1.08127263507285e-05,-3.04032101361429e-05,0,-0.00540478667272914,5.68952018840108e-05,-1.73124295557159e-05,2.53653938662168e-05,0.000109189182261105,7.71315590775146e-06,-1.1842850468291e-05,1.0156538506223e-05,-0.0058984261031938,0.000132540328791286,5.58912898185326e-07,-1.31978656510157e-05,2.60746564020309e-05,-0.00397097256726919,-0.00490493192371844,1.67688787575671e-05,-1.97045038135002e-05,2.89893015175124e-05,-0.00167464398540496,-2.99677554354005e-05,-3.92797764359187e-06,2.01287401653261e-05,-2.35206475718286e-05,-4.01495150139652e-05,2.96980217022735e-05,4.22425608839205e-05,8.31437497694765e-06
"1:44926866:G:A",-0.00253355569907043,-0.0018201385885579,-0.00192222829314792,-0.000172678731551024,-8.01913541135235e-05,-0.00292540649105,-0.00441703889489897,-0.00267365727418678,-0.00240197910414208,-0.000184801611456287,2.86244892828691e-05,3.91295199797526e-06,0.000138630697169795,0,9.67274646521687e-05,-0.00165305858769393,-4.46084055933937e-05,-3.06263861391542e-05,-0.00291850158820495,0.000132824127072162,-1.11980251835675e-05,-1.68180845845356e-05,0.117287760072071,1.35188389309704e-05,-0.000307684586605905,-1.54343440659233e-05,0.000112599622001497,8.40172650145021e-05,3.5196996008402e-05,-3.15905477474843e-05,8.58510230505871e-05,-3.42417091570013e-05,1.19553814288409e-05,-0.000134801600331969,0,-5.22952838073465e-05,9.67274646521687e-05,4.37155594568139e-06,-0.000941459181217574,-0.00227490194245661,-0.00179002633380509,-0.00440461108476153,-0.00122700644686269,-9.43118383700536e-05,-0.00442554329047429,-0.00134800300353888,-0.000808895126183984,1.92428818337476e-05,-0.0014980356921086,-0.00445877485806889,-0.00277639851692513,0.000167747730838386,2.38644907080143e-05,-0.00637442048643599,0,-0.000645686302362058,-0.00013928902696847,-0.00218423196898954,-0.00057876265192558,-3.29229653512897e-05,4.8909350463866e-05,-0.00169164330225691,-0.00231027382925575,-0.00151222234783788,-0.00127389660109944,-0.000130063469333308,6.71190306684721e-05,-0.0025268523688009,-0.000993088793294294,-3.15905477474843e-05,-0.000266483833758713,-0.0011486419060347,-0.000222364524466556,-4.50738478212642e-05,-4.97872455715864e-05,2.38644907080143e-05,-0.00175395994904815,1.44279161595762e-06,2.07684037762945e-05,-0.000419954878277728,-1.81879893856873e-05,-2.75091294401619e-05,-0.00161829957437121,-0.00139041407721319,-0.00168233754725922,-3.15905477474843e-05,-1.81879893856873e-05,-0.000132220292201168,-2.88838463280428e-05,-0.0011486419060347,-1.26245267075831e-05,-0.0025417115083064,-8.30074343571852e-06,-0.000625988007925571,-9.37064382080521e-05,-0.000165942458612456,-0.00242771452946489,-4.85132014240719e-05,-0.00117749560949676,-3.02442461954655e-05,-0.00340808911664503,0,-0.00108999216931549,0.000146970761742082,-4.85132014240719e-05,6.71190306684721e-05,-0.00192088099325982,2.07684037762945e-05,-3.29229653512897e-05,-0.00205690805639325,-0.00126136177798575,-0.000557045430617187,1.44279161595762e-06,-0.00292351853932349,6.88972588660519e-05,0.000338909029364842,-0.00406444157546204,-0.00247175457286541,-0.000443776829401443,7.61857129196741e-05,-0.00681137910728191,-8.48539230275946e-05,-1.11980251826793e-05,-0.00184477061723953,-0.00230257799334499,-0.000113406283193562,7.8618445868095e-05,0.000110721275530246,2.23088689157436e-05
"1:44926880:C:G",1.85632211904263e-05,-0.00111934494784194,-0.00731402384372748,3.70145274235512e-05,-0.00172384290639549,1.10321750890208e-05,-0.000111176481178532,-0.0018383963420856,-0.000643218224540831,-0.00168166830453043,-1.0495478329986e-05,-2.25214808224905e-06,-0.0014622527172925,0,-0.0007023486652038,-0.00073463922807715,-0.00293032935402859,-0.00201439996731967,-2.72275150150492e-05,-0.00166983620319705,3.29567236434514e-06,5.25039110321757e-06,1.35188389309704e-05,0.146587440649332,-0.00739167020306164,4.77446002555837e-06,-4.8647721145656e-05,-0.00124384824281432,-0.003563229062995,9.41634673079506e-06,-3.51980656372319e-05,1.02661282053162e-05,-4.53231123032083e-06,3.19775036725645e-05,0,1.50325243328808e-05,-4.03280782981241e-05,-1.6255004089416e-06,1.95340593682758e-05,-2.88394814464965e-05,-4.67660176584062e-05,-0.00123216635467305,-0.00217539499121244,-0.00164128132287811,-0.000162140551720036,-0.00283633329837762,1.98462880653949e-05,-6.66255284098582e-06,-0.00491868978594034,-2.72409364736603e-05,-0.00242061375322677,-0.00137220769061486,-0.00168946275795712,-0.00459705228892471,0,-0.000661927785985839,-0.00414480016802887,-2.8183141981053e-05,-0.000114262096750473,9.84497159262077e-06,-0.00187326822757505,-0.000768318217137853,-0.000281674975994406,-0.00212482051946772,1.35188389309704e-05,-0.00429372634955882,-5.67537838769283e-05,-0.00259341649425604,-0.00119882947437588,9.41634673168323e-06,-7.89574087001199e-06,-0.00281587008078255,-0.00136427106334214,-0.00169811120252916,-0.000851737618900117,-8.52861492628421e-06,-2.00679079496169e-05,-5.32480716408656e-07,-7.27380374332398e-06,-0.0051980251371555,5.71814736360921e-06,-0.00167583502170388,-0.00466499162070999,-0.00420030595751708,-7.71306885205547e-06,9.41634673079506e-06,5.71814736360921e-06,-0.00457373070207634,8.53597609928869e-06,-0.00281587008078255,3.79730094479669e-06,-0.00157837275042816,-0.00203859642314885,-0.00305592511157338,-1.07424184125904e-06,-0.00114276317609807,-0.00137484239222108,1.39074651137605e-05,-0.000443599768303216,-0.00177597641165406,2.2645277423905e-05,0,-0.00541445873826518,-6.89469653583075e-05,1.39074651137605e-05,-0.00124455152940772,-0.000153744400038569,-7.27380374332398e-06,9.84497159262077e-06,-0.00259236532009233,-8.79873476620219e-05,-0.000850480240631057,-5.32480716408656e-07,-0.000442154881482359,-0.00286090055048049,-0.000243593777393691,-0.00323453659163686,-1.6677524515174e-05,1.57501187345588e-05,-6.59075844771095e-05,-0.00221682500400533,-0.0060420131487593,3.29567236523332e-06,-0.00241773672983125,1.82277611733284e-05,2.83256496134143e-05,-3.14298032577653e-05,-4.75461709017466e-05,-7.89574087001199e-06
"1:44928780:G:A",-0.00332343664331081,-0.00557660118524117,-0.00301850098330414,-0.006136732154439,-0.00492274248299518,-0.00241328941667618,-0.00237302217387203,-0.00545072001611846,-0.00657680550064743,-0.00295124694175408,-0.000519575115245807,-0.000565241698472718,-0.00757895652329887,0,-0.00902584958591124,-0.00657367071140458,-0.00686643576567514,-0.00148393544809222,-0.000124664323331913,-0.00835861324747889,-0.00181908746643789,-0.000390615578337083,-0.000307684586605905,-0.00739167020306164,0.471699042171967,-0.0015728003919655,-0.00179875213395775,-0.00090715279323561,-0.000958263842836704,-0.000848794233431427,-0.000392470006259416,-0.00132255310454799,-7.8823392322569e-05,0.000458492824837897,0,-0.00874905427598183,-0.0066756366227283,-0.00147382700416276,7.05928968196545e-05,-0.00109783999553503,-0.00726507143289723,-0.00889441189080342,-0.00178563341310811,-0.00158716205106435,-0.00475007856590093,-0.000727734290294713,-0.00362270239618123,-0.000114278700110049,-0.00241330043141819,-0.00374562572149406,-0.00638330344383764,-0.00733181394345017,-0.0004160258519601,-0.00209726233485075,0,-0.0184112698916117,-0.0170250300850641,-0.00374086207756497,-0.0051664273095855,-0.00397348976649692,-0.0104181330565223,-0.00665607385206002,-0.00898077062844305,-0.00182823214261951,-0.000217863868650081,-0.00266698969050028,-0.00103347903862616,-0.00405168083691043,-0.00634385736043086,-0.00250467620777961,-0.00178440713570183,-0.000515837388921803,-0.00193477180738943,-0.000312144237473166,-0.0017350898480748,0.000215075379029095,-0.00812154803567777,-0.00431810003495325,-0.00155113179880306,-0.00144574437978218,9.37345045315396e-05,-0.00366649072783254,-0.00532650198485651,-0.010413607411154,-0.00693730719187169,-0.00678955258214042,9.37345045315396e-05,-0.00619226989252075,-0.00448419365129293,-0.000515837388921803,4.80489522347582e-05,-0.000794904710621935,-0.00765637449947931,-0.0101100966942607,-0.00394298580097185,-0.00612586022332273,-0.00172716022356312,-0.00374422482863324,-0.00868806203243722,-0.00674423333614627,-0.000319065398153739,0,-0.00433128006142303,-0.00288616304612344,-0.00523391639583393,-0.00612163421335943,-0.00352279265410527,-0.0011453223991813,0.000152042067505853,-0.00334626601491728,-0.0037179816642392,-0.00528728204216433,-0.00431810003495325,-0.00565613073882121,-0.0036474790391714,-0.00327432723731702,-0.00929061013838073,-0.00352747128196818,-0.00764683603743332,-0.00150982937104649,-0.00135509596743955,-0.00101842340596736,-0.00793801592014098,-0.00137598767429337,-0.000741685256587132,-0.000874726601185927,-0.00144177154512537,-0.00019752993037514,-0.00374829555603196
"1:44930902:C:G",-2.21022633377643e-05,5.26808986700544e-05,-0.00443437260639001,-5.62149756406782e-05,-2.60161964211747e-05,-0.00152574066443378,-0.0022903930119238,-0.000380305523642654,-0.00151358020603354,-0.000145172022327777,9.75572628458821e-06,1.77532907841282e-06,-0.00246247080410722,0,3.26836017485732e-05,-0.00300996102631412,-1.45001761984176e-05,-9.51262472970171e-06,-1.89627385633884e-05,-0.00267531620756056,-3.57338067313862e-06,-5.56340535684541e-06,-1.54343440659233e-05,4.77446002555837e-06,-0.0015728003919655,0.10556986741005,3.80782424374004e-05,2.84301837005785e-05,-0.000544718274738898,-1.03670743758499e-05,2.9076394186589e-05,0.000174817037603248,4.22234668118193e-06,-4.43234340936627e-05,0,-1.724452661378e-05,3.26836017485732e-05,1.54402845442547e-06,-2.33766629396115e-05,-0.000667623019469765,3.66904600364037e-05,-0.00351425180295806,-0.00302106035827077,-3.75038599065292e-05,-0.00194258382259882,-0.00168089308067376,-2.3792524552313e-05,6.44794018178629e-06,-0.00441713522351428,-0.00349949192252197,1.54402845442547e-06,5.7105232385446e-05,8.07742992314786e-06,-0.00932168173496883,0,-0.00680271307481117,-0.000163169245122496,2.3987339837106e-05,-0.00102715595068581,-1.08405650447452e-05,-0.00498158530480275,-0.00296561379770299,8.63133472250865e-06,-0.000203226007497115,-1.54343440659233e-05,-0.00019766673456445,2.27283968330383e-05,-0.00126740486942012,-0.0041247974991121,-1.03670743767381e-05,7.52894712441332e-06,-9.4053279626749e-06,-7.23346955870952e-05,2.52712271748834e-05,-0.00125240015074812,8.07742992314786e-06,2.12523022824485e-05,5.09606246090755e-07,6.98580913827129e-06,-0.00330366104900204,-6.04854356645035e-06,-8.91692026439017e-06,-0.000159494417563799,-0.000101380675486595,7.04054047240277e-06,-1.03670743758499e-05,-6.04854356645035e-06,-4.33611918380095e-05,-9.40532796178672e-06,-9.4053279626749e-06,-4.07845553240804e-06,-0.00377455459546638,-2.54763451312812e-06,-0.000182951956071875,1.02425782966264e-06,-0.00291399098797207,-3.68393462579775e-05,-1.58940453216516e-05,-0.00149834355256484,-9.88868708695634e-06,-2.81153939880596e-05,0,-0.00807107369203663,-0.00532527853582287,-0.00131699503902816,2.27283968321501e-05,-0.000128530723666032,6.98580913827129e-06,-1.08405650447452e-05,9.19074014404941e-06,-8.42338570627987e-06,-0.00334826291990797,5.09606246090755e-07,-1.20748857650455e-05,2.33547940151624e-05,-0.00323165317629837,-8.39443629390146e-05,1.5106836697143e-05,-1.81217220038832e-05,2.59227474472823e-05,-0.000593742172324774,-2.77048452650419e-05,-3.57338067225044e-06,1.81028688457374e-05,-2.16682861244877e-05,-3.73296645106436e-05,2.65280829996328e-05,3.7415244142025e-05,7.52894712441332e-06
"1:44931168:C:T",0.000162802915168569,-0.00353693272345801,-0.00160118891315708,-0.00102886060628293,-0.000593919730707881,8.35117337665281e-05,-0.000376265711199864,-0.00118416905234309,-0.00021788077937579,-0.000180223598422735,-8.71583598822667e-05,-3.18037215407685e-05,0.00236020366185485,0,-0.000285235676115825,-0.000100706682085061,0.000103143297708996,-0.000367964299606172,0.000130852974164597,0.00123009473435154,2.2921817043553e-05,4.30116649585699e-05,0.000112599622001497,-4.8647721145656e-05,-0.00179875213395775,3.80782424374004e-05,0.111715172694993,-0.000249526981432879,-0.000111194986994967,7.71458285813154e-05,0.00012177534594926,8.66196064448488e-05,-4.29777945081256e-05,0.000327545202776669,0,0.000130836185885386,0.003044402172101,-1.5638178009425e-05,0.000175674101582146,-0.000161393372482443,-0.000329036913919722,4.50019185853634e-05,-0.00882100767115102,-0.000242579978949387,-0.00233705786817318,-0.00084707880807855,0.000179862132120512,-5.32168551483636e-05,-0.00146701805691052,-0.00802568037417561,-1.5638178009425e-05,-0.000523850482079702,-6.98838313537564e-05,-0.00140411234375826,0,-0.000400565455242585,-0.00272996619994625,-0.000212854739805479,0.00040672121432106,8.19109078475933e-05,-0.00153284188384628,-0.00874433608077485,-7.5572881080177e-05,-0.00845119533986338,-0.000803435349336468,-0.00120733441886234,-0.000199468295427607,-0.00171964844904515,-0.00295428529109554,7.71458285813154e-05,-6.42622682196503e-05,-0.00797847400175744,0.000505728256513294,-0.000226578003060141,0.000121827867077151,-6.98838313537564e-05,-0.000344614922921593,-5.15154715596822e-06,0.000192633530282649,-0.0029417490941972,4.78874611324898e-05,6.25019959370476e-05,-0.000259985819533348,-0.000594195760181826,-7.20432741641019e-05,7.71458285813154e-05,4.78874611324898e-05,0.000317484104424004,-0.00074848491483781,-0.00797847400175744,2.8034383324993e-05,0.000288763456407715,-0.000526872808497281,-0.00122297324143616,-1.03639120627719e-05,-0.00329032403853535,0.000248438456671884,0.00011724173560701,-0.000984348334837293,7.23233499835274e-05,0.000204878580619017,0,-0.00132875899477991,0.00101538837796777,0.00011724173560701,-0.000199468295428495,-0.000953325090186752,-5.87069980362287e-05,8.19109078475933e-05,-8.13306398672609e-05,-0.00810466031735491,-6.71889028742712e-05,-5.15154715596822e-06,7.8447384577629e-05,-0.000206120194941484,-0.00441829725869436,-0.00856560097956383,-0.000130713892735557,0.000139632347377905,-0.000233569938891343,-0.00668317463709034,-0.000656297668341743,2.29218170444412e-05,-0.00016207995442663,0.000158407008102657,0.000278216525048336,-0.000229169731733592,-0.000327212520919495,-6.42622682196503e-05
"1:44936293:G:A",0.000120568703009027,5.50470273434911e-05,-0.00449373797712704,0.000290339564977593,0.000136996431403524,6.40246854253235e-05,-0.000278873479921948,-0.00558349489936649,-0.00785297980048938,-0.00188177523550426,-6.32559537638855e-05,-2.04561287313609e-05,-0.000964044183795032,0,-0.000117674205198703,-0.00295106405193923,-0.00159856441595352,-0.00128409716395339,9.88274487845331e-05,-0.00116397777692612,1.78598542284192e-05,3.18669439520747e-05,8.40172650145021e-05,-0.00124384824281432,-0.00090715279323561,2.84301837005785e-05,-0.000249526981432879,0.0925174906251724,-8.03490300764764e-05,-0.00195053682315027,-0.00440556882058996,6.40386233525803e-05,-3.02316045326378e-05,0.000238358094073021,0,9.65169990045922e-05,-0.000212094073605229,-1.09837022446158e-05,0.000129303894304655,-8.92362571933702e-05,-0.000244151333064657,-0.00054326315521358,-0.00134664518169103,-0.00284288684733713,-0.00191055570798593,-0.00274309311312315,0.000132143254011119,-3.9194511509244e-05,-0.00102873586283714,-0.00145466407341832,-1.09837022446158e-05,-0.000393946864424954,-9.57507060705964e-05,-0.00270440569758357,0,-0.00171470916462102,-0.000652771808905328,-0.000156576263682595,0.000296060366488327,6.07851433231943e-05,-0.000224466347965802,-7.63439138378175e-05,-5.50329833375329e-05,-0.000314266856024759,8.40172650145021e-05,-0.000282770939764809,-0.0017614963715431,0.000280284859453417,-0.00115952881393788,5.74909167427862e-05,-4.70150162019678e-05,-0.00201668299192903,0.000366145397145523,-0.000166499673745157,9.03458357548459e-05,-5.09988544594719e-05,-0.00119683862594755,-3.61616806099363e-06,-4.30805378694998e-05,-0.000225579503100981,3.5261682954868e-05,4.73559823488401e-05,-0.000411762813999239,-0.000438838173358658,-0.00333681912568462,5.7490916741898e-05,3.5261682954868e-05,-0.000501841628848254,5.07771333895235e-05,-0.00201668299192903,2.14274506831202e-05,-0.00165486257890102,1.0587987714139e-05,-0.000711926546030028,-7.2771241379499e-06,-0.00408018293761003,-0.00166151094093436,8.72015992507968e-05,-0.002289374218722,5.41551758166392e-05,0.000151474075389402,0,-0.00143359065049786,-0.000336546152300166,8.7201599251685e-05,-0.000146909930482053,0.000470188197421173,-4.30805378694998e-05,6.07851433231943e-05,-5.91183569866871e-05,-0.00176814674284831,-0.000261396982396356,-3.61616806099363e-06,6.05369631161423e-05,-0.000151711587618841,-0.00147369704123657,-0.00327166103716703,-9.59477284929733e-05,0.000102536539392517,-0.000481297648200929,-0.000430020325850489,-0.00265361047290558,1.78598542293074e-05,-0.00115348888302957,-0.00261805480227473,0.000203066901450555,-0.000169885776571732,-0.000244178152976282,-4.70150162019678e-05
"1:44936512:A:C",4.95137608060858e-05,-0.00333267381873537,-0.00501615410869682,-0.001301845846859,5.67484160534093e-05,-0.00208713235063129,-0.00297314888445221,-0.000617687388325017,-0.00257409955054744,-0.00140470214898247,-0.00189418586835188,-6.53513267412364e-06,-0.00138327442776465,0,-9.34556664491382e-05,-0.000310251251889326,-0.00270247253790679,2.01788954248272e-05,-0.00214581721117124,0.000196910601026445,-0.000583044893065932,1.3361459243022e-05,3.5196996008402e-05,-0.003563229062995,-0.000958263842836704,-0.000544718274738898,-0.000111194986994967,-8.03490300764764e-05,0.205030649566999,2.41870667165855e-05,-8.25387423084578e-05,-0.000330491827019941,-0.00238707024511164,9.25920369825306e-05,0,3.96292252693442e-05,-9.34556664491382e-05,-4.23570568131026e-06,5.25071474140049e-05,-0.000116670631935101,-0.00123384852921138,-0.000280788459167347,-7.24091061918841e-05,-0.00495202105857739,-0.0018560363204787,-0.0047396178196859,5.34763932051874e-05,-1.65078928855422e-05,-0.00829532859236171,-0.00212741887678725,-4.23570568131026e-06,-0.000541882331962285,-2.11929402720301e-05,-0.00238575312741496,0,-0.00235731382994775,-0.00368279034160679,-0.00303256635298776,-0.00137009295151103,2.5390065829356e-05,-0.00867250219494631,-0.00779140530726785,-0.0036590045224818,-0.00916816651489771,3.5196996008402e-05,-1.38642699605285e-05,-6.30162036951987e-05,-0.00236241550938665,-0.00202632144909387,2.41870667174737e-05,-1.96084147026099e-05,2.17277645404579e-05,0.000135972295289832,-0.00344767659397149,-0.00171265471620785,-2.11929402720301e-05,-0.00171357698316577,-0.00366522879164677,-0.00126873628487889,-0.00292471013041951,1.46314457589725e-05,7.87772319359448e-05,-0.00241516730573199,-0.00183004888420157,-0.00179823500367782,-0.00258223391511692,1.46314457589725e-05,9.06080895086703e-05,-0.00195142544118276,2.17277645404579e-05,-0.00369018736682403,8.48760697644835e-05,-0.000642158488084021,-0.0070222232031254,-2.80335034918977e-06,-0.00507920950504737,-0.00163248822785089,-0.00229199269510438,-0.00336430051480541,-0.00121527997634008,6.15794437219819e-05,0,-0.0119766259031726,-0.00533909685464629,3.63294701726247e-05,-0.00112224975218833,-0.00160158084836759,-1.80468915891296e-05,-0.00314412145768639,-2.44329776402097e-05,-8.25905441681485e-05,-0.000167121037288886,-0.00366522879164677,-0.000687812553408662,4.37139728122204e-05,-0.00806496336850637,-0.0012337129309028,-4.0580985247729e-05,-0.00675488017660886,-0.00149829425058901,-0.00016052138873901,-0.00179684393651947,8.09420638336888e-06,-4.98489114093559e-05,4.8486388984692e-05,-0.00106361027112811,-7.3976764878303e-05,-0.00010879422802379,-1.96084147026099e-05
"1:44937020:C:T",-4.51442641198341e-05,-0.00413076741317919,-0.00367774313145475,-0.00208449522324372,-5.33807789260266e-05,-0.000198432418894612,-0.00102523494389839,-0.00761113412793968,-0.000404042883367595,-0.000109420762242962,1.96035795143601e-05,-0.00129570303799564,9.5502096820077e-05,0,6.61871786542534e-05,-0.00269180038258732,-2.97645581461836e-05,-2.00074838501152e-05,-0.00135289648529557,9.15937228196384e-05,-7.41690773331527e-06,-1.13305771956007e-05,-3.15905477474843e-05,9.41634673079506e-06,-0.000848794233431427,-1.03670743758499e-05,7.71458285813154e-05,-0.00195053682315027,2.41870667165855e-05,0.140847212504975,5.87759087489204e-05,-2.30349024539223e-05,8.3269150197296e-06,-5.25255994485718e-05,0,-0.000928740365036873,6.61871786542534e-05,3.04404098727673e-06,-4.76236352948689e-05,2.65503103928921e-05,-0.000240684945372216,-0.000267709450191944,4.88061241989968e-05,-0.00152038066146964,-0.00642790725092723,-0.00939068359922324,-0.00192238529290645,1.30653618430898e-05,-0.00343343308065958,-0.000483971891022783,3.04404098727673e-06,-0.00120416946005886,1.62856359535724e-05,-0.000893579506575648,0,-0.00256991640415372,-0.00550351136315275,4.84043411752566e-05,-0.000116260564608339,-2.21160985738322e-05,-0.00361148231748221,-0.000273551363913604,1.73805530723214e-05,-0.00145294323009004,-3.15905477474843e-05,-6.71889851577845e-06,-0.00124480859104992,-0.0011911992155289,-0.00457534879660049,-2.11877264923999e-05,1.52015690160212e-05,-1.93016816645297e-05,-0.00389106992293797,5.09542224014226e-05,-3.33777968668514e-05,1.62856359535724e-05,-9.76860130927903e-05,1.00456487217571e-06,1.41281955743366e-05,-0.00111692789620577,-1.22843831880104e-05,-1.83437032585942e-05,-0.00163361107469928,-0.00567151715238978,-0.00272172902525547,-0.00123313498564404,-1.22843831880104e-05,-8.83216673841503e-05,-0.00329405852698894,-1.93016816645297e-05,-8.41039028998125e-06,-8.31147949913458e-05,-5.39888570738611e-06,-0.00440715130263758,2.01919550146812e-06,-0.00413510479308865,-0.00397111991382992,-0.00135149029562687,4.29866795164102e-05,-2.02496379486661e-05,-0.00258226830608432,0,-0.000792065809412712,0.000101071688061616,-0.00120152333676948,4.59046588829892e-05,-0.00199010594078519,-0.00501331473726729,-2.21160985738322e-05,1.8486480030333e-05,-1.73755451733371e-05,-0.00320963274274888,1.00456487217571e-06,-0.00140645816839324,4.71483146062823e-05,-0.00390960537891516,5.59657714784834e-05,3.05066046335511e-05,-3.68408533502063e-05,-0.00204111597542145,-0.00605943288713107,-0.00126733423579584,-7.41690773242709e-06,-0.00010937496568264,-0.00349374009257186,-7.59417564006881e-05,5.37095389434583e-05,7.58244748793047e-05,1.52015690160212e-05
"1:44941495:C:T",-0.000236636576213201,-0.00879080641691576,-0.000159716047328118,0.000295931307192632,-0.00161773692891565,-0.00273263152946335,-0.0010712295792068,-0.00841921816587465,-0.0120136927594938,9.05760269356293e-05,-6.49337380878023e-05,-0.00273741055746513,-0.00104700383633105,0,-0.000217917151730695,-0.00669349384319062,7.91923608050027e-05,4.31089191721412e-05,-0.00156068317513203,-0.0012467202898927,1.8219686863219e-05,3.26052646597574e-05,8.58510230505871e-05,-3.51980656372319e-05,-0.000392470006259416,2.9076394186589e-05,0.00012177534594926,-0.00440556882058996,-8.25387423084578e-05,5.87759087489204e-05,0.185334057975163,6.54938419240025e-05,-0.00132647841804889,0.000243205200585628,0,9.86662086441825e-05,-0.000197078547893526,-0.00333760151158113,0.000132122617069186,-9.16965346764442e-05,-0.00421634692976003,-0.0012483285002256,-0.00673162955136331,-0.00272987207713271,-0.00450006016293525,-0.000394157408767803,0.000135030008766357,-4.0170672636286e-05,-0.00270274834722706,-0.00253830332496108,-1.12890229786444e-05,-0.000405685579385917,-0.00385332067566946,-0.00340279835348944,0,-0.00169695525297708,-0.00193954183496547,-0.000160858990299495,-0.00210781710015784,-0.00230797292806351,-0.00193039554659169,-0.0012374928883645,-5.64684798129989e-05,-0.00308022903263705,-0.00413078348579443,-0.000210877369648976,-0.000150882766230431,-0.000484498669407252,-0.00108310083533958,5.87759087498085e-05,-4.82167707644976e-05,-0.00247513409082067,0.000372788299281446,-0.000389906024778952,9.23401830297266e-05,-5.23164371326601e-05,-0.00337165506272186,-3.71615421634885e-06,-4.41685010814652e-05,-0.00446075806225288,3.60905043423898e-05,-0.00254401890237865,-0.000385100666418836,-0.00327482816282432,3.9438851635154e-05,5.87759087489204e-05,-0.00106908354155077,-0.00247907409758064,5.18856602784723e-05,-0.00247513409082067,2.1884457298782e-05,-0.00172469346432091,-0.00293835539532505,-0.00432341770659983,-7.47886980256851e-06,-0.00375207345804984,0.00027634924073805,8.91163852347887e-05,-0.00239844030652936,5.53527339421933e-05,0.00015468114696926,0,-0.00547891904359021,-0.000346298283754543,8.91163852365651e-05,-0.00148890431694593,-0.00147027877406991,-4.41685010814652e-05,6.21560098528207e-05,-0.00112998155956578,-0.00259834968218886,-0.00591278404472106,-3.71615421634885e-06,6.17592632901065e-05,-0.000155837942975801,-0.0016827226513616,-0.00180931453750066,-0.000880395699739189,0.000104835153723393,-0.000176330663972379,-0.00136765436334807,-0.00638645676620442,-0.00162970803988216,-0.000121629429298054,-0.0054906471254359,0.000207303369697875,-0.000174458084830853,-0.000250948321288469,-4.82167707644976e-05
"1:44949934:G:A",-4.8720726313789e-05,0.000119828891037344,-0.00148160419554078,-0.00012153195974296,-5.75012060926028e-05,-2.82628939523022e-05,-0.0018451301073048,-0.000227477634102691,-0.000491094332281783,-0.00620022131855347,2.15224172119832e-05,-0.00163350409304996,-0.00297142848617149,0,7.39938282681152e-05,-0.00138915668671213,-3.22938013397334e-05,-2.18546178576418e-05,-4.22433657076837e-05,-0.00318738205479629,-8.12016132734072e-06,-1.23496354875741e-05,-3.42417091570013e-05,1.02661282053162e-05,-0.00132255310454799,0.000174817037603248,8.66196064448488e-05,6.40386233525803e-05,-0.000330491827019941,-2.30349024539223e-05,6.54938419240025e-05,0.109880691383231,9.07545925521447e-06,-9.6047192221782e-05,0,-3.80097943519786e-05,7.39938282681152e-05,3.31255421670562e-06,-5.13429855102387e-05,-0.00292243009646231,8.31192308288209e-05,-0.00130601974453182,5.39803230958924e-05,-0.00247933170824144,-0.00554396292376858,-0.00451679065205113,-5.21978110432642e-05,1.43389289801732e-05,-0.00261800086467723,-0.0058229057232797,3.31255421670562e-06,0.000131967327074101,1.78733884697024e-05,-0.00529389148392134,0,-0.00139253490119007,-0.00284275982385029,5.37113084977392e-05,-0.000699244348678185,-2.40307567445086e-05,-0.00340022942372364,-0.00142621888547101,1.90767308261286e-05,-0.00380619970106721,-3.42417091570013e-05,-0.00539741313298059,5.09046629622034e-05,-0.000118878092312258,-0.00134391227793262,-2.30349024521459e-05,1.6682773199328e-05,-2.10102682673963e-05,-0.000154953128327584,5.65794700913003e-05,-0.000878904671544056,-0.00334050509745332,4.7220220324995e-05,1.09253053892644e-06,1.5504685250356e-05,-0.00259419196500232,-1.33790257148547e-05,-1.99811247174608e-05,5.72424372480285e-05,-0.00370584772457949,1.51628765214795e-05,-2.30349024539223e-05,-1.33790257148547e-05,-9.41492752364326e-05,-2.10102682665081e-05,-2.10102682673963e-05,-9.19467847904087e-06,-8.87534014042402e-05,-5.93570354823214e-06,-0.00321004567362504,2.19665372735989e-06,-0.000409835116688129,-0.000879825589299443,-3.5199431384747e-05,-0.000316241013820218,-2.20281329070815e-05,-6.17785679715155e-05,0,-0.00355096749235262,-0.00828659972745527,-3.51994313838588e-05,5.09046629604271e-05,0.000219127140316466,1.5504685250356e-05,-2.40307567445086e-05,2.02930042840777e-05,-1.89405143924404e-05,-0.00447020632558104,1.09253053892644e-06,-2.72258812454851e-05,5.23004195658316e-05,-0.000724816997607292,-0.00337720447284973,3.36496724617774e-05,-3.98327263448905e-05,5.80372494587422e-05,-0.00242317629450373,-6.09428612188267e-05,-8.12016132645255e-06,4.0249399167358e-05,-4.7826834710385e-05,-8.1213304108374e-05,5.9764340765156e-05,8.51000127921608e-05,1.6682773199328e-05
"1:44952710:G:A",1.64121968841968e-05,-8.03695825064565e-05,-1.96431721684043e-05,3.27151012200488e-05,-4.73432254164408e-05,-0.00409493245484605,-4.76211590552111e-05,-0.00251983134708933,-0.00187740699093997,-0.00190350188676724,-9.26322777683453e-06,-1.96527816154202e-06,-5.73172067790395e-05,0,-3.5625495380387e-05,-8.51786144639988e-06,1.12520846604625e-05,7.31680613519359e-06,-7.9275989192773e-05,-5.47086082844928e-05,2.9197344124654e-06,4.64162350954922e-06,1.19553814288409e-05,-4.53231123032083e-06,-7.8823392322569e-05,4.22234668118193e-06,-4.29777945081256e-05,-3.02316045326378e-05,-0.00238707024511164,8.3269150197296e-06,-0.00132647841804889,9.07545925521447e-06,0.110168524519236,2.82613910504992e-05,0,-0.00139664617506963,-3.5625495380387e-05,-1.43203774705114e-06,1.72672101408367e-05,-1.30201638564031e-05,-4.12952538706435e-05,-0.00218390112772404,-1.84648797869613e-05,-0.00698146149740797,-0.00240629410716142,-0.000350453254646776,1.75422200081599e-05,-5.88686617675194e-06,-0.00222508680948419,2.05717947006079e-05,-1.43203774705114e-06,-7.32950139701316e-05,-7.53078802873119e-06,-0.00293885561556184,0,-0.000989833003258056,-0.0011005734509828,-2.48826279722891e-05,3.30121889069446e-05,8.7044661425395e-06,-0.0019543440502785,-0.000431114138397248,-8.09812459401371e-06,-1.44483670627693e-06,-0.000254092969876218,1.4594836486026e-06,-2.33259947481912e-05,-0.00343445946430521,-0.00363776624331535,8.32691502061778e-06,-6.97328232757144e-06,7.55151189757441e-06,-0.00137984567040128,-0.00170654733955899,-0.00160792713211411,-7.53078802873119e-06,-0.000216153851515521,-4.69131523850308e-07,-6.42538153794447e-06,-0.00226117827451411,5.05372057624243e-06,7.1533347067998e-06,-0.00407623133294521,-0.0053816845142638,-6.79309183126975e-06,-0.00392036734502277,5.05372057624243e-06,2.78053165159164e-05,-0.00183593262906978,7.55151189757441e-06,3.36157746172461e-06,2.64594044887545e-05,2.01221537388108e-06,-0.00645111126908882,-9.46414100866377e-07,-0.00486966998678096,-0.0033921361442566,-0.00406511744678451,-0.00328685270883255,7.94265033565722e-06,-0.0015860105090848,0,-0.000223189589887429,-6.09097023911431e-05,-0.00011564005487763,-2.33259947499675e-05,-0.000932237927237622,-6.42538153794447e-06,8.7044661425395e-06,-8.67552465599886e-06,6.74794877753015e-06,-0.000223256535592853,-4.69131523850308e-07,9.37681225021691e-06,-2.4097301603021e-05,-0.00249077163861111,-0.00537761052540198,-0.00344118172300512,1.39206742035825e-05,-6.2388074793418e-05,-0.00429999106272572,-0.00170796830331099,2.91973441335358e-06,-2.24558291073151e-05,1.61167925352146e-05,2.50346950210201e-05,-0.000211741355871986,-4.20074628202372e-05,-6.97328232757144e-06
"1:44953939:C:G",-0.00549085938412563,-0.00202307165855053,-0.00540977086212857,0.00113107563598813,-0.00522409731537454,-0.00569216605994782,-0.00122853302047421,-0.000883171108291947,-0.00599043248787368,-0.000626649071098662,7.65175425883058e-05,-0.000496720312510135,0.000400441392571338,0,0.000278462310653538,4.39544037931228e-05,-0.000129160049641364,-0.00474106063657587,-0.00068236107187758,0.000377682136014634,-3.46027057549492e-05,-4.74918082407072e-05,-0.000134801600331969,3.19775036725645e-05,0.000458492824837897,-4.43234340936627e-05,0.000327545202776669,0.000238358094073021,9.25920369825306e-05,-5.25255994485718e-05,0.000243205200585628,-9.6047192221782e-05,2.82613910504992e-05,0.14963937071874,0,-0.000239769074624974,0.000278462310653538,1.03025145401503e-05,-0.00019648968392616,0.000100912414457532,0.000309260308227977,-0.00585930384533651,-0.00064982026768412,-0.000562388876235609,-0.00183209165804499,-0.000729549743262226,-0.000787517762467438,5.37283397807897e-05,-0.00250896380557819,-0.00128968013791653,1.03025145401503e-05,0.000501877072358603,6.49322994004109e-05,-0.00498052677395311,0,-0.00132181530328079,0.0002422094667347,0.000196867088662955,-0.00101779060766827,-9.31179699641405e-05,-0.00220306271779158,-0.00307471442020546,-0.00132231185917941,-0.000681286805077619,-0.000134801600331969,-0.00161125268131546,-0.00314313136086941,-0.00073400357978759,-0.00375559119547475,-9.01555335204307e-05,6.11562205472538e-05,-8.41287331505569e-05,-0.00272002436526364,0.00020630386770204,-0.000140313792186042,6.49322994004109e-05,-0.000839357524875517,3.39629089562976e-06,5.74217956730294e-05,-0.00961019718112865,-5.06252384715467e-05,-8.10631938321649e-05,-0.00493310296851579,-0.00397193170059484,-0.00444365032329941,-0.00050263092403835,-5.06252384715467e-05,-0.00630611550312565,-8.41287331487806e-05,-8.41287331505569e-05,-0.000709020304451968,-0.00108426851587939,-2.79363677746503e-05,-0.0030314407281109,6.83025243564117e-06,-0.00693380119500198,-0.000916159992290666,-0.000656344185309798,-0.00139488257403553,-8.71593149138761e-05,-0.000988727374466869,0,-0.00192987902210406,0.000435556540906212,-0.000506377226451526,0.00018764436148544,-0.00386794204322172,-0.00417184673033066,-0.00040691572896101,7.26122361891512e-05,-7.79620887909616e-05,-0.0018884325146491,3.39629089474158e-06,-0.00069371410745056,0.000192229425861612,-0.000448768662334231,-0.000201731236098901,0.000123689631483792,-0.000150967494261245,-0.00229058973898777,-0.00776063520078196,-0.000646348865484647,-0.0018016801497529,-0.000944932139971044,-0.00148511084785508,-0.000307042337380992,0.000224139265919909,0.00032236805878938,6.11562205472538e-05
"1:44954912:C:T",0,0,0,0,0,0,0,0,0,0,0,0,0,0,0,0,0,0,0,0,0,0,0,0,0,0,0,0,0,0,0,0,0,0,0,0,0,0,0,0,0,0,0,0,0,0,0,0,0,0,0,0,0,0,0,0,0,0,0,0,0,0,0,0,0,0,0,0,0,0,0,0,0,0,0,0,0,0,0,0,0,0,0,0,0,0,0,0,0,0,0,0,0,0,0,0,0,0,0,0,0,0,0,0,0,0,0,0,0,0,0,0,0,0,0,0,0,0,0,0,0,0,0,0,0,0,0,0,0
"1:44955906:C:G",-7.42391192538605e-05,-0.00146511902654378,-0.000394991134832878,-0.000696545315691743,-8.80283094621959e-05,0.000132989581898002,-0.00277677251238018,-0.000348417870398521,-0.00128742907428858,9.66814924465709e-05,3.22088654485242e-05,4.09857990035789e-06,0.000162371891509139,0,0.000111708857622794,2.48352379141892e-05,-4.94714408736385e-05,-3.43307744739008e-05,-6.48926394362093e-05,0.000155016251176754,-1.25886104243023e-05,-1.87632592947296e-05,-5.22952838073465e-05,1.50325243328808e-05,-0.00874905427598183,-1.724452661378e-05,0.000130836185885386,9.65169990045922e-05,3.96292252693442e-05,-0.000928740365036873,9.86662086441825e-05,-3.80097943519786e-05,-0.00139664617506963,-0.000239769074624974,0,0.139234122894496,0.000111708857622794,4.84946335355119e-06,-0.00153324823058298,4.34644989537603e-05,0.000125206862087168,-9.28791969005971e-05,7.99091625554027e-05,-0.00431506251951141,-0.00475661673798911,-3.74144284229772e-05,-7.92543007799296e-05,2.16644779129638e-05,-0.00621164116295336,-0.00103651834694052,4.84946335355119e-06,0.000199281298640663,2.68520252788562e-05,-0.0028369484475288,0,0.000549587642652227,0.000111919934106197,8.07540931146988e-05,-0.000187124080874845,-3.65765168774956e-05,-0.00876122463336948,-0.00776254656940001,2.86184255822164e-05,-3.92623867018216e-06,-5.22952838073465e-05,-0.000349037781440131,7.66157576919113e-05,-0.000181429292753776,-0.00363607165714797,-3.51275126782014e-05,2.51044310441983e-05,-3.21812803507626e-05,-0.00167048173184892,8.49837797796127e-05,-5.50563173922214e-05,2.68520252788562e-05,-0.00170825932959939,1.59931555643311e-06,2.33753456129193e-05,-0.00478756419715864,-2.02658133652278e-05,-3.06835158729868e-05,-0.00773150356546459,-0.00450364952674942,2.22061681620644e-05,-3.51275126790895e-05,-2.02658133652278e-05,-0.000565354140909413,-3.21812803498744e-05,-3.21812803507626e-05,-1.41574725454063e-05,-0.0019777254715363,-9.39881963457623e-06,-0.00378169313105126,3.21571201933324e-06,-0.00586912537058559,-0.00422816422354533,-5.36835203819308e-05,-0.00202611405162312,-3.36625222461251e-05,-0.00343310230997496,0,-0.0062175503598878,0.000173111695835004,-5.36835203819308e-05,7.6615757690135e-05,-0.000998982831236894,2.33753456129193e-05,-3.65765168774956e-05,-0.00172712396384433,-0.00404087782280271,-0.00359938977572405,1.59931555643311e-06,-4.21226044746703e-05,7.86736910578512e-05,-0.00515355824816321,-0.00360523351093089,5.06409314580125e-05,-6.03981377258478e-05,-0.00294175482211223,-0.00695157175285921,-9.2965410092738e-05,-1.25886104234141e-05,-0.000692076596547686,-7.294958005577e-05,-0.000302989439835422,-0.00265277350477433,0.00012858602463961,2.51044310441983e-05
"1:44958607:T:A",-0.00437189214794564,-0.00598562049863638,-0.00270497140212633,-0.00144538503625569,-0.000977343502993833,7.28182299312152e-05,-0.000319410164951073,-0.000422040817802838,-0.00500498185521803,-0.00057370637392129,-7.34662529993102e-05,-2.51148439751603e-05,-0.00251104176871042,0,-0.000242971596771113,-0.00517101246469576,8.89565043635798e-05,-0.00137325079695039,0.000113210907375816,-0.00364370174207451,2.01558710468674e-05,3.67604289106538e-05,9.67274646521687e-05,-4.03280782981241e-05,-0.0066756366227283,3.26836017485732e-05,0.003044402172101,-0.000212094073605229,-9.34556664491382e-05,6.61871786542534e-05,-0.000197078547893526,7.39938282681152e-05,-3.5625495380387e-05,0.000278462310653538,0,0.000111708857622794,0.154651194256192,-1.29588499433453e-05,0.000149914363014148,-0.00049920456756869,-0.000279733258209625,-0.000985583032639958,-0.0138891678604969,-0.000619277397847284,-0.00465865612031457,-0.000435926644660078,0.000153341863144973,-4.52582291199377e-05,-0.00126856954014531,-0.00452399456411623,-1.29588499433453e-05,-0.00044743256590607,-5.91070636266622e-05,-0.00213787327497705,0,-0.00144778581222837,-0.00519857331833151,-0.000180407519471792,0.00034628489674482,7.01139510574933e-05,-0.00112028259507113,-0.00520365973655057,-6.38353789268464e-05,-0.00491668428308945,-0.00117674925873157,-0.00182065441431778,-0.00016922031591271,-0.00254162519071865,-0.00091519737701784,6.61871786551416e-05,-5.44354379625744e-05,-0.00446790120588947,0.000430031478265036,-0.000191879619648283,0.000104309310117401,-5.91070636266622e-05,-0.000671735165258092,-4.26840384371019e-06,-0.000155585199763664,-0.000688920141016958,4.07891742666422e-05,5.41168366519074e-05,-0.000217432363307068,-0.00156818714730278,-0.0051696486296926,6.61871786542534e-05,4.07891742666422e-05,0.000270339541410536,-0.00111510534515613,-0.00446790120588947,2.43822197818488e-05,0.000247140791170608,-0.000885227602590355,-0.00295536998684565,-8.58771532730174e-06,-0.000575548831281303,-0.00426733567615045,0.000100541592867209,-0.00548042496132695,6.22126562079828e-05,0.000175354568095365,0,-0.00229129134754036,0.000723689328697041,0.000100541592867209,-0.000169220315913599,-0.000814191537657827,-4.98194893392423e-05,7.01139510574933e-05,-6.86214211444991e-05,-0.00459226328992024,-0.000970107533032838,-4.26840384371019e-06,6.86538267853365e-05,-0.000174778972334089,-0.00891702006874873,-0.0095005897139071,-0.000110807712245808,0.000118932600447152,-0.00019772592483136,-0.00325981845355106,-0.0010426948015958,2.01558710477556e-05,-0.000136954725563854,0.00013577924632191,0.00023671932806657,-0.000195050445636724,-0.000279116064268337,-5.44354379625744e-05
"1:44961480:G:A",5.99387307875787e-06,-0.00144030097516445,-0.00246656716255877,1.19296478811037e-05,6.83565057979507e-06,3.58779166198531e-06,-1.72535799318752e-05,1.48499855434636e-05,-0.00212350079523382,-2.0356776817998e-05,-3.35476674084845e-06,-0.00281127604237952,-2.07718894085218e-05,0,-1.29588499433453e-05,-0.00211460548911546,4.11964895352668e-06,-0.00228644319973359,5.21147658183452e-06,-1.97842986127128e-05,1.07676773097864e-06,1.69450634412982e-06,4.37155594568139e-06,-1.6255004089416e-06,-0.00147382700416276,1.54402845442547e-06,-1.5638178009425e-05,-1.09837022446158e-05,-4.23570568131026e-06,3.04404098727673e-06,-0.00333760151158113,3.31255421670562e-06,-1.43203774705114e-06,1.03025145401503e-05,0,4.84946335355119e-06,-1.29588499433453e-05,0.0934288172430868,6.30029309345304e-06,-4.70036005495444e-06,-1.4990595954778e-05,-0.00181630462561699,-0.00118677739972473,-0.00188929686198591,-0.00236840927219628,3.9308166748242e-06,6.39890507692087e-06,-2.14350637772753e-06,-6.6590339931949e-05,-0.00268401188032197,9.78706774112936e-06,-2.66504076673613e-05,-2.73349665125266e-06,-0.000883004441501356,0,-0.0103491817185342,-0.00642933762876119,-9.02630101595747e-06,1.20358598643122e-05,3.17945616767901e-06,-0.00333056793863928,-2.43537274879913e-06,-0.000116378845234522,-0.00232738499070706,4.37155594568139e-06,6.26072370835118e-07,-8.46861784342678e-06,-0.00177073998840616,-0.00494384784825197,3.04404098905309e-06,-2.53346335288285e-06,-0.00017428927159191,-0.00313072443119999,-9.60424280016525e-06,4.61469325063746e-06,-2.73349665125266e-06,-7.90714558274175e-06,-1.68433871294837e-07,-2.33682540695668e-06,-0.000409050801806643,1.84244523282473e-06,2.62334351930349e-06,-1.01089210797767e-05,-0.00334941202190375,-2.43489820217491e-06,3.04404098727673e-06,1.84244523282473e-06,1.01390862790041e-05,2.76604118898405e-06,-0.00017428927159191,1.23522016881594e-06,9.65756827930875e-06,7.51447662317162e-07,-0.00322645873206984,-3.39750687139428e-07,3.84934598063325e-06,8.94429882869474e-06,4.49419509784832e-06,-0.00410692054948925,2.90625456322857e-06,-0.00290482069442444,0,-5.32633268273131e-05,-2.21604673962261e-05,4.4941950987365e-06,-0.00143065650005525,-5.49967153489206e-05,-0.00161429891710441,3.17945616767901e-06,-3.14406621626517e-06,-0.00192650266231009,-0.0016589066928816,-1.68433871294837e-07,3.44864677881418e-06,-8.74498692304826e-06,-0.00174264483461073,-0.00131974558427217,-5.34901708793001e-06,5.07624590362354e-06,-0.0017984109536604,-0.00168204344788503,-0.00271541599017322,1.07676773186682e-06,-6.57089332012362e-06,5.88806422108235e-06,9.12760578763994e-06,-1.00991792013616e-05,-1.52900843630732e-05,-0.00164121176605736
"1:44963087:T:C",-0.000100569600430589,-0.00272415264968373,-0.0017830560701162,-0.000250508324395327,-0.00211741139208765,-0.00236281940817307,0.000186578101913248,-0.00121060986826826,-0.00282335660619992,-0.00785698322244244,4.28355810431214e-05,-0.000945090218185562,-0.000267356453600875,0,0.000149914363014148,-0.00281824416835974,-6.73753731428306e-05,-4.79084633271398e-05,-8.86208913986053e-05,-0.000208586295833868,-1.73459986987368e-05,-2.53435580557237e-05,-0.000941459181217574,1.95340593682758e-05,7.05928968196545e-05,-2.33766629396115e-05,0.000175674101582146,0.000129303894304655,5.25071474140049e-05,-4.76236352948689e-05,0.000132122617069186,-5.13429855102387e-05,1.72672101408367e-05,-0.00019648968392616,0,-0.00153324823058298,0.000149914363014148,6.30029309345304e-06,0.135350946943768,5.75071083144252e-05,-0.00246680926669374,-0.01097790128025,-0.00117960188125554,4.7894049201247e-05,-0.000567552419879824,-0.002931560932808,-0.0001069785401695,2.90971600120926e-05,-0.00632571394338477,-0.00328149275746892,6.30029309345304e-06,0.000267505211423824,3.58553596404576e-05,-0.0144051928593285,0,-0.000782655917538122,-0.00237197486545959,-0.00179014585130055,-0.000252985540121209,-4.94935215620274e-05,-0.000965283060033073,-0.000376722710174526,3.81568990626135e-05,-0.00105716492232499,-0.000941459181217574,-0.00127928475633077,-0.00266228239039101,-0.000246170347322661,-0.000569556471665678,-4.76236352939807e-05,3.35784836584807e-05,-4.38212311930641e-05,-0.000867923745788701,-0.00154551643471112,-7.45522085381367e-05,3.58553596404576e-05,-0.00309272994193854,2.07764557913492e-06,3.13258785569204e-05,-0.00597977571944686,-2.72893687878195e-05,-0.000870407451842858,-0.000282708816925492,-0.00336225610790386,2.88602651137282e-05,-4.76236352948689e-05,-2.72893687878195e-05,-0.000584569382310995,-4.3821231192176e-05,-4.38212311930641e-05,-1.93782380772944e-05,-0.00223651119688562,-0.00119873448334307,-0.00126645770178335,4.17762305993108e-06,-0.000194399598565376,-0.00417927690001996,-7.27882895139587e-05,-0.00140675315542538,-0.000975711609275898,0.00035059117127112,0,-0.00111606117008201,0.000232467589140306,-7.27882895139587e-05,0.000102496324684509,-0.000236336530702985,3.13258785569204e-05,-4.94935215620274e-05,-0.00237070133839001,-3.99329673941295e-05,-0.00397140389417405,2.07764557913492e-06,-5.79286123159051e-05,-0.00187267339433284,-0.00270256887583731,-8.82269814477254e-05,6.77410035008208e-05,-8.14147770764606e-05,-0.00281666648256884,-0.0046448407999673,-0.00399358899425462,-1.73459986978486e-05,-0.00146073286333337,-9.8921399844798e-05,6.45271028894001e-05,0.000121027148103359,0.000172714677802333,3.35784836584807e-05
"1:44965141:G:A",-0.00179140961278268,-7.26898188814218e-05,-0.00451598252167784,-0.00202254246506683,-0.0021151308226024,-0.00448482043633458,7.78033569304171e-05,-0.00026629976776249,-0.000134755318616619,-0.00236142766491376,-6.18523312292396e-05,0.000300811703841219,-0.00412332024750484,0,-0.00010383274854231,-0.00245121294764505,-0.00432906800652955,-0.00179810460493623,-1.7679432435358e-05,-0.00161962881622646,-3.46263524049206e-05,1.46931491293856e-05,-0.00227490194245661,-2.88394814464965e-05,-0.00109783999553503,-0.000667623019469765,-0.000161393372482443,-8.92362571933702e-05,-0.000116670631935101,2.65503103928921e-05,-9.16965346764442e-05,-0.00292243009646231,-1.30201638564031e-05,0.000100912414457532,0,4.34644989537603e-05,-0.00049920456756869,-4.70036005495444e-06,5.75071083144252e-05,0.227903744458847,-0.000119838550729057,-0.00547345365676755,-0.00793772515302216,-0.000145277279546718,-0.00166335515172067,-0.00104635405675158,5.85699682824625e-05,-1.82258219831866e-05,-0.00228882079405812,-0.00688825614091293,-4.70036005495444e-06,-0.000454796247011835,-2.34403418950535e-05,-0.000411764289358185,0,9.27607250242879e-05,-0.00129169702086873,-7.4517830376486e-05,-0.00146268698477492,-0.0018339080794938,-0.00262328437314041,-0.00515156657736604,-2.52313736437415e-05,-0.00510613354958345,3.85843443035938e-05,-0.00134400566102766,-0.00100774265890191,-0.000175244759995863,-0.00877905787999955,2.65503103928921e-05,-0.00356673455115075,2.38336579725384e-05,0.000147082288461498,-0.00112216893142936,-0.0018119005812629,-0.00143874146676293,-0.00161256410913957,-0.00431214575872652,-0.00579644603673213,-0.0074177509214497,1.60979867560584e-05,-0.00190446706875758,-0.00169347747726079,-0.0104446611130626,-5.37687970885159e-05,2.65503103928921e-05,1.60979867560584e-05,-0.00303573656023026,-0.00205228769055665,2.38336579725384e-05,-0.00217040931191281,9.25404703338017e-05,5.81138651689628e-06,-0.0154846080917701,-0.00723541124819516,-0.0058084383180157,-0.000506491698403444,-0.00202831431649653,-0.0193925975025664,2.520218694535e-05,-0.00516706504425901,0,-0.00475791166674044,-0.00230660293028606,-0.00187834735764003,-6.99216014510284e-05,-0.002831319093759,-1.99381290908462e-05,-0.00275960523673735,-2.70497995522589e-05,2.10335789851968e-05,-0.000545132874185228,-0.00431214575872652,-0.00378010197522993,-7.22016018537275e-05,-0.000922977368802869,-0.000109378767297663,-4.49442640100273e-05,4.5798170346778e-05,-8.16922646436069e-05,-0.00157273778206024,-0.001893925657388,8.86132980326693e-06,-5.53076812890296e-05,-9.06908543978346e-05,-0.00115883024350616,-8.20818564628567e-05,-0.000120962950235004,-2.16761173232882e-05
"1:44966198:G:A",-0.00227966914718447,-0.00458431177052265,-0.00302590995316709,-0.00137209347899603,-0.000354289721660628,-0.00264135994059966,-0.00211187720120165,0.000375528427044358,-0.000123747184353817,-0.00264671659070714,-0.00117429659371826,-0.0026708023964801,-0.0011451983800459,0,-0.000279733258209625,2.33573924575126e-05,9.91862249035691e-05,-0.000127625475009552,-0.00153801251106511,-0.00134328492506253,-0.00162832046044947,4.13836337411766e-05,-0.00179002633380509,-4.67660176584062e-05,-0.00726507143289723,3.66904600364037e-05,-0.000329036913919722,-0.000244151333064657,-0.00123384852921138,-0.000240684945372216,-0.00421634692976003,8.31192308288209e-05,-4.12952538706435e-05,0.000309260308227977,0,0.000125206862087168,-0.000279733258209625,-1.4990595954778e-05,-0.00246680926669374,-0.000119838550729057,0.171057874322031,-0.00610329946285404,-0.00446820407375093,9.55854889168606e-05,-0.00771060818841818,-0.0046571300567293,-0.00115426425851428,-5.14365567569897e-05,-0.00512153098441193,-0.0005313260362243,-1.4990595954778e-05,-0.000358029175664853,-6.7546076037317e-05,-0.00243865303064972,0,-0.000484541484565337,-0.000810121604593483,-0.000762586166578316,-0.000883179361485631,7.86714206055805e-05,-0.00171071821496582,-9.42803286019256e-05,-7.30551624439357e-05,-0.00227024635287876,0.000108086759545323,-0.00289200851592586,-0.00093014322664331,-0.00479797522679704,-0.001727738195759,-0.00170054026150268,-6.21074987527948e-05,6.49806334287462e-05,-0.00176909054242369,-0.000412229514427764,0.000116757385664634,-6.7546076037317e-05,-0.00265186373186843,-4.93375073418179e-06,-5.67380935345696e-05,-0.00212618555313959,4.60179489651935e-05,-0.000242943629118031,-0.00328930552412121,-0.00252297018739611,-0.0013240918991384,7.41664580425905e-05,4.60179489651935e-05,0.000300174707527745,6.49806334296343e-05,6.49806334287462e-05,-0.00173911707695673,-0.00167049632803984,-0.000172683941795704,-0.00264686381317825,-9.93021713036057e-06,-0.000523852742555064,-0.000444401469158251,-0.0016938385180012,-0.00222536693108299,-0.000196654620116199,-0.00418883828880023,0,-0.00622729286128365,-0.000444424774643792,-0.00531999583034892,-0.000731008312143899,-0.00036433184098783,-0.000786304131611182,7.86714206055805e-05,-7.86361295288529e-05,5.55525817071967e-05,-0.00476196250131533,-4.93375073418179e-06,-0.00535577116425667,-0.000467198602072116,-0.00374452289511007,-0.00197973461313605,-0.000126894268292155,0.00013344350978528,-0.000699515266433082,-0.00650966478508108,-0.00164817355956881,2.22464167265457e-05,-0.00126803914874163,0.000151564674311544,-0.00333525364047826,-0.000223960355591579,-0.000321728657107556,-6.21074987527948e-05
"1:44966401:C:T",-0.000961095380294097,-0.00416175618750847,-0.00737312817015168,-0.00471633374125435,-0.00559813059431402,-0.00193564646768163,-0.00469458495071073,-0.000711360569466635,-0.00448007842933595,-0.00579095922559558,-0.00235228992982073,-0.00292713585904902,-0.00745201412222762,0,-0.00205815428975242,-0.00590607038358559,-0.000408852279666583,-0.00241519168162263,0.000192813536630254,-0.0043082030060102,1.82569885920358e-05,0.000111530303333218,-0.00440461108476153,-0.00123216635467305,-0.00889441189080342,-0.00351425180295806,4.50019185853634e-05,-0.00054326315521358,-0.000280788459167347,-0.000267709450191944,-0.0012483285002256,-0.00130601974453182,-0.00218390112772404,-0.00585930384533651,0,-9.28791969005971e-05,-0.000985583032639958,-0.00181630462561699,-0.01097790128025,-0.00547345365676755,-0.00610329946285404,0.384000925476826,-0.000598634610620152,-0.0123219970170374,-0.00367211834724834,-0.00238220157289737,-0.000162612033893339,0.000307632285344361,-0.0140701413079265,-0.00358360810851321,-5.74808787447978e-05,-0.0123833246602985,-8.52051550026545e-06,-0.0036782506273445,0,-0.000569662073417465,-0.00503719233895161,-0.00357168815770148,-0.00603785943723611,0.000205973292746187,-0.00607230516217649,-0.00425560598875041,-0.00321013328248121,-0.0142783194216105,-0.000646116678880482,-0.00689287154416718,-0.000198746261777849,-0.00315657141933379,-0.00983184760052147,0.000150195270276932,-0.0021034500480992,-0.000369662687405459,-0.00205805876514376,-0.00536013531951962,-0.00212828008381916,-0.000283262812745377,-0.00517629566262734,-1.88088404753373e-05,-0.000172233893945162,-0.00180788349286409,-0.000335559281245956,-0.00313787053428083,-0.00130252504401795,-0.0049925742398309,-0.00112198414135456,-0.00072120922472596,0.000129014998236698,-0.00121057777273226,-0.00347299621033326,-0.000369662687405459,-0.00197962195655776,-0.0017846696698447,-0.00459004070931002,-0.0040526888970831,-0.007608336533524,-0.00430558811362536,-5.53791332658093e-05,-0.00122533576352346,0.000807864156463722,-0.00201402246789684,-0.00324158587828993,0,-0.00464711503575055,-0.00199977879092028,-0.00330940766252397,-0.000113611248577783,-0.00131348879156068,-0.00161865961747765,-0.00244243099118613,-0.00532367751021656,-0.00336145004222477,-0.00976938788074744,-1.88088404753373e-05,-0.00723665583836297,-0.00593838134853453,-0.00169778309115154,-0.00300318429106783,-0.00369716066458281,-0.000786200709067764,-0.00148050985040182,-0.00545515916675088,-0.00365439850937133,-0.00227903951711017,-0.000102245440782411,-0.0030790923822348,-0.00402719502878135,-0.00160817212417719,0.000486303116109532,-0.00137924611791895
"1:44966474:A:T",-0.000152096219258269,-0.00539508244501441,-0.00185232870962038,5.21808047784234e-05,-0.00526909939630027,-0.00233649520408719,-0.000329616838211422,-0.00143230951518092,-0.00446120156743479,-0.00158846957646741,-5.65391301483587e-05,-0.00166617568217475,-0.00188697925424997,0,-0.00163413465094475,-0.0112223836056122,-0.00165147219591955,-0.00712407240603596,-8.59689683974096e-06,-0.00172806699427763,1.57223759087444e-05,2.73266646928505e-05,-0.00122700644686269,-0.00217539499121244,-0.00178563341310811,-0.00302106035827077,-0.00882100767115102,-0.00134664518169103,-7.24091061918841e-05,4.88061241989968e-05,-0.00673162955136331,5.39803230958924e-05,-1.84648797869613e-05,-0.00064982026768412,0,7.99091625554027e-05,-0.0138891678604969,-0.00118677739972473,-0.00117960188125554,-0.00793772515302216,-0.00446820407375093,-0.000598634610620152,0.315073873899448,-0.00658582578231304,-0.00635592515750316,-0.00279804956442575,-0.000512163814242683,-3.47349055855872e-05,-0.00507269137222766,-0.00305790476779855,-0.00138758272434192,-0.000408369080158622,-4.53537564242268e-05,-0.00389133712448908,0,-0.00328423559616775,-0.00448069126656669,-0.0032717380768359,-8.73294070551367e-05,-0.00297175549710538,-0.00937071601172956,-0.00413485634539335,-0.00155004343123188,-0.00242779671090698,-0.00122700644686269,-0.00672948638754534,-0.000137187986195109,7.07389605265618e-05,-0.000927325939730217,4.88061241989968e-05,-0.000226323137382245,-0.00248591872653492,-0.00369914148777273,-0.000328025861541015,7.52529905030386e-05,-0.00169316970962896,-0.000124880075601297,-3.09337817760991e-06,-3.82140678496512e-05,-0.0114310931980457,3.01061844574235e-05,-0.0014249186543962,-0.00610259987625472,-0.00145497441682352,-0.00290849503822344,-0.00268616743043726,3.01061844574235e-05,-2.96567022042282e-05,-1.79998972340556e-05,-0.00248591872653492,-0.00187598594321514,-0.00066016078275144,-0.00216020815244899,-0.00142248664905953,-6.23965932344817e-06,-0.00647099635740833,-0.00311508402403149,-0.00117978104502381,-0.00719926136729132,-0.0025166565692718,-0.000703441783237224,0,-0.00315114494680779,-0.000493988132103773,-0.00258386398676702,-0.00131805430040099,-0.00256058297277839,-0.00141465152559661,-0.00148462796641713,-0.0055436778814828,-0.00196383599641248,-0.00741073295761607,-3.09337817760991e-06,-5.68878064397538e-05,-0.00320173516467737,-0.0118008568036267,-0.0102834482596936,-0.00198456159127769,8.44088917970609e-05,-0.000234209385173934,-0.0038701955047582,-0.00138410591442018,-0.001908215208271,-0.00186485341364406,-0.0041717306257949,-0.00183268342936316,-0.00189113389090689,-0.00010479663045615,-0.00306824801304284
"1:44967438:A:T",-0.00421643501030911,-0.000256222140052831,-0.00451765509964641,-0.00215471863803263,-8.83860247542501e-05,-0.000535440274589405,-0.00261904252634437,-0.00322906617243923,-0.00563911085329272,-0.00456794540354588,-0.00185137673387192,-0.000613050178818852,-0.00125739078682496,0,-0.00270199842821928,-0.00360206733002055,-0.00262172763394108,-0.000227560857696929,-0.00118125340300601,-0.0014142454397108,-2.85958538297493e-05,-0.00142391297649347,-9.43118383700536e-05,-0.00164128132287811,-0.00158716205106435,-3.75038599065292e-05,-0.000242579978949387,-0.00284288684733713,-0.00495202105857739,-0.00152038066146964,-0.00272987207713271,-0.00247933170824144,-0.00698146149740797,-0.000562388876235609,0,-0.00431506251951141,-0.000619277397847284,-0.00188929686198591,4.7894049201247e-05,-0.000145277279546718,9.55854889168606e-05,-0.0123219970170374,-0.00658582578231304,0.311738810683257,-0.00225963252511718,-0.00551339844098475,-0.000825791689743838,-4.99776131901442e-05,-0.00930629184565612,-0.00316770683133694,-0.00511987628924437,-0.0015153917453592,-0.00243602368744522,-0.0035529804323593,0,-0.00300965144175525,-0.00453496603732306,4.16640176315042e-05,-0.000258808436095492,-0.00142439472217593,-0.00927450797842155,-0.00176068581159372,-0.00483334911242661,-0.00162990360990678,-0.00104828367094623,-0.00460333707734062,-0.00121305166270869,-0.000411957387975725,-0.00552348508342249,-0.0015290980842888,-0.00301144774843198,-0.00244624244081404,-0.00329813745648266,-2.55447193513447e-05,-0.000100751517772224,5.03179449831137e-05,-0.00317773544912558,2.91292923826347e-06,4.45176708430139e-05,-0.00959638875487601,-4.33248977396161e-05,-0.000203737813133209,-0.00147934110324988,-0.00510868274421528,1.90979392531432e-05,-0.000112612643657251,3.12972073910345e-05,-0.00180173469782119,-0.00100083169782916,-0.00244624244081404,-3.15888891835314e-05,-0.00894611000451739,-0.000148934454895944,-0.00387278570261484,-0.00233664546622148,-0.0161795618172893,-0.00373518903726566,-0.000104302950481028,-0.00170466426185145,-0.000160063295131962,-0.000151485308707677,0,-0.00765758549522477,-0.000963672082369804,-0.000521114041602821,-0.00039310008589144,-0.000777674291273289,-0.00150387410191755,-8.27572091264273e-05,-0.00284593317958048,-0.000273697729562983,-0.00631702864779848,2.91292923826347e-06,-0.00419578215774408,4.94148126319871e-05,-0.00881543505936344,-0.00484473125891416,-0.00429603090237674,-0.000141337483250403,-0.0031175755032633,-0.010694252495596,-0.00151486945671664,-0.00120405143277846,-0.0015662827673717,-0.00288230655309185,-0.000726210126226867,-0.000772225058147669,-1.29493625040666e-05,-0.00368219025934824
"1:44968965:T:C",-0.000908728957698557,-0.00244578174155619,-0.00101293429960059,-0.0046052231648348,-0.00105040289442559,-0.00730877875485048,-0.00705549195386412,-0.00444936761375381,-0.0113001021803139,-0.00957940196369167,-0.00175297859559631,-0.0031969226790487,-0.00260054445254321,0,-0.00337788313697729,-0.00769062094358697,-0.000103703613173245,-0.000654734204393215,-0.0029617318285311,-0.00285197322803166,-0.000291923457767851,0.000156327727211192,-0.00442554329047429,-0.000162140551720036,-0.00475007856590093,-0.00194258382259882,-0.00233705786817318,-0.00191055570798593,-0.0018560363204787,-0.00642790725092723,-0.00450006016293525,-0.00554396292376858,-0.00240629410716142,-0.00183209165804499,0,-0.00475661673798911,-0.00465865612031457,-0.00236840927219628,-0.000567552419879824,-0.00166335515172067,-0.00771060818841818,-0.00367211834724834,-0.00635592515750316,-0.00225963252511718,0.350850801795521,-0.0206518697316325,-0.00275978457369241,0.000213449676909505,-0.00680395630130137,-0.000896707573784461,-6.47669877062995e-05,3.39301867446906e-05,-0.000240299233706054,-0.0109717926539941,0,-0.00717875953892433,-0.00676934853708744,-0.000939617986477792,-0.00275224732986779,-0.000115568214989814,-0.00396916018686433,-0.00161236093590622,-0.000199532706080419,-0.00213483415958438,-0.00462130293781371,-0.000418551340113371,-0.00189227580468021,-0.00044311385404372,-0.00158421070277415,-0.000222231097289693,-0.00150146778125659,-0.00334366217278692,-0.000132066192318092,9.1144865084658e-05,-0.00187018797839222,-0.00173578622405479,-0.00277295042207504,-0.00400086659977106,-0.00136220024457234,-0.00395242611627156,-0.000225024103436056,-0.00172086726845411,-0.00626027964959297,-0.00160145152504088,-0.00564294118732622,-0.0036769619171535,0.000186241262931652,-0.00448061101186248,-0.000236097436576266,-0.00334366217278692,-0.000306671950181858,-0.00239056995139686,-0.00194556474437757,-0.00274930036186971,-0.00204136924517773,-0.00123836811137279,-0.00140885962984338,-0.00256817088636563,-0.00014996409581558,-0.000454881359554626,-0.000333437509849155,0,0.000428810467098639,-0.00219518620733883,-0.00357134067573917,-0.000766136305918153,-0.00764835193728919,-0.00127594585714341,-0.00146394199707522,8.58245326140761e-05,-0.000162481411551951,-0.00284095325984257,-0.00400086659977106,-0.00955312329230917,-0.000690451159403693,6.51314676387571e-05,-0.00445290891159678,-0.00138762399781012,-0.00697661103605807,-0.00399887707927205,-0.00388584979178974,-0.00100263117289989,-0.00231483866931015,-0.0020756115074283,-0.00220012801772196,-0.00132583680159915,-0.000648310912283456,0.000329750788044869,-8.03011600325476e-06
"1:44971778:T:C",-0.00116313278091873,-0.0105505376284656,-0.0113078450719515,-0.00638055102555235,-0.00117355606674474,-0.00036098911249427,-0.0054069796423919,-0.000524665958102855,-0.00436047847240761,-0.00338321767260519,-0.000886396452878024,-0.00513878890030073,-0.00173110577379187,0,-0.00183838022616545,-0.00211223760049606,-0.000401482486625415,-1.65990868778998e-05,-0.00787688652822816,-0.00203722540925,-0.000156864993397399,-0.00148779355679984,-0.00134800300353888,-0.00283633329837762,-0.000727734290294713,-0.00168089308067376,-0.00084707880807855,-0.00274309311312315,-0.0047396178196859,-0.00939068359922324,-0.000394157408767803,-0.00451679065205113,-0.000350453254646776,-0.000729549743262226,0,-3.74144284229772e-05,-0.000435926644660078,3.9308166748242e-06,-0.002931560932808,-0.00104635405675158,-0.0046571300567293,-0.00238220157289737,-0.00279804956442575,-0.00551339844098475,-0.0206518697316325,0.532295050406419,-0.00222346508747684,1.61709677772848e-05,-0.00656496149279073,-0.00121270780823979,3.9308166748242e-06,-0.00497736249913405,-0.00171181656391894,-0.00767580034250814,0,-0.0125732193225634,-0.00268497533372303,-0.00191947138904824,-0.00292723879638057,-0.000312752067025635,-0.00548277799052066,-0.00658564882047985,-0.000105725692105096,-0.00603969581854802,-0.00380113227172529,-0.0147510501368244,-0.000624762497169584,-0.00273746789607365,-0.0167720815640968,-0.002507794365326,-0.00410370906324076,-0.000952152535356632,-0.010098911331704,-0.000319548065598863,-0.00458576536842159,-8.63842733531683e-05,-0.00164438037955561,-0.00386173425821124,-0.00532783593812614,-0.0137309639512186,-3.00529266317184e-05,-0.00599861404807056,-0.00155512141290259,-0.00878933034669949,-0.00594599630987336,-0.00628796782514662,3.89332336823145e-05,-0.000531188854716813,-0.00802894526455589,-0.000952152535356632,-0.00573836292792684,-0.00354633078624422,-0.0120914954119442,-0.0120818092657493,-0.00243797892758923,-0.00521147849303327,-0.00331159269652792,-0.00446380848446593,-0.0101778087904121,-0.00810054085897161,-0.00423608608739645,0,-0.0116808137584692,-0.0010680123392488,-0.00198320036556954,-0.00650440372602645,-0.00158644199965829,-0.00528032243901499,-0.00322831768330367,-0.00411164150190757,-0.000187961657407421,-0.0108050228023258,-0.00386173425821124,-0.00658270760188051,-8.00111402572412e-05,-0.00975362140023073,-0.00431807939426676,-0.00406043995324712,-0.000723236086042967,-0.000523346757570042,-0.00305827699426731,-0.00512593751227852,-0.0049204022529139,-0.00453163704420412,-0.0167393486646428,-0.0112788289654873,-0.00875404236650912,3.23558858070783e-05,-0.00416862033993226
"1:44977987:G:C",-0.00010210049037962,-0.0029272375784517,-0.00917573395729843,0.000780349785192591,-0.000121581398039083,-6.08943173565635e-05,-0.000597267611619934,-0.000476572598103076,-0.00482190927550352,-0.00227492602716595,4.36275670203656e-05,-0.000811238878857701,0.000222564829418737,0,0.000153341863144973,3.15922737446073e-05,-6.84921870268695e-05,-4.88008276766649e-05,-0.0041985017616355,0.000211827975422629,-1.76767266859557e-05,-2.57868147164331e-05,-0.000808895126183984,1.98462880653949e-05,-0.00362270239618123,-2.3792524552313e-05,0.000179862132120512,0.000132143254011119,5.34763932051874e-05,-0.00192238529290645,0.000135030008766357,-5.21978110432642e-05,1.75422200081599e-05,-0.000787517762467438,0,-7.92543007799296e-05,0.000153341863144973,6.39890507692087e-06,-0.0001069785401695,5.85699682824625e-05,-0.00115426425851428,-0.000162612033893339,-0.000512163814242683,-0.000825791689743838,-0.00275978457369241,-0.00222346508747684,0.11308732928572,2.9645908089293e-05,-0.00914216607081642,-0.00187084722149056,6.39890507692087e-06,0.000274786872265231,3.65225144252079e-05,-0.000928157427010134,0,4.50840911261352e-05,-0.00211107184906822,-0.00165386834752113,-0.00203684156840023,-5.03255696484572e-05,-0.0023920703955076,2.01091460843017e-05,-0.00166884694578417,-0.003571667415601,-7.216129527432e-05,-0.00105643086681795,0.000104639679125995,-0.000843336083591772,-0.004351292190651,-4.84325002112485e-05,3.42054778990075e-05,-4.45824735271216e-05,-0.00137068550089214,-0.00140909653215715,-7.57477469761625e-05,3.65225144252079e-05,-0.00348125454678083,2.10994640070794e-06,3.19134092405804e-05,-0.000726791538629534,-2.77595479065695e-05,-0.000737378010416734,0.000113483352702559,0.000199086322191455,2.9328374401949e-05,-0.000778036328626719,-2.77595479065695e-05,-0.000195535523460855,-4.45824735271216e-05,-4.45824735271216e-05,-1.97378469808385e-05,-0.000803499230895177,-0.00106519518753778,-0.00100913180070972,4.24279011923545e-06,-0.00406317970318337,-0.00184891872058124,-0.000762535609871051,0.0010108825688393,-0.000842741499583077,-0.000129434289440233,0,-0.0030741865886279,0.000238499024336924,-7.3964677856253e-05,0.000104639679125995,-0.0027305720799502,3.19134092405804e-05,-5.03255696484572e-05,4.12331363497387e-05,-4.06448440619656e-05,-0.00115193502633026,2.10994640070794e-06,-0.00210586161464743,-0.00173646516495563,-0.0021925470588835,-0.000921784784492452,6.90801377034589e-05,-8.26835940772597e-05,-0.00128336422230912,-0.00336015801780931,-0.000835698696288745,-0.00103451507797825,-0.00347308426314186,-0.00169560571861371,-0.000168373623409934,0.000123669575220475,0.000176821294923357,3.42054778990075e-05
"1:44978489:C:T",2.74115601701652e-05,-7.7593118064101e-05,-0.000129113535640712,6.65757795035304e-05,3.17777049474444e-05,1.53856559119703e-05,-5.80857328449369e-05,0.000117901509105955,-0.000181085558488725,-7.27006276521891e-05,-1.31943672529999e-05,-3.0274984919032e-06,-6.78407938350389e-05,0,-4.52582291199377e-05,9.46922430378194e-05,1.79882039672563e-05,1.12308782513892e-05,2.32331660257046e-05,-6.52617358891661e-05,4.38989509010668e-06,7.11818869802983e-06,1.92428818337476e-05,-6.66255284098582e-06,-0.000114278700110049,6.44794018178629e-06,-5.32168551483636e-05,-3.9194511509244e-05,-1.65078928855422e-05,1.30653618430898e-05,-4.0170672636286e-05,1.43389289801732e-05,-5.88686617675194e-06,5.37283397807897e-05,0,2.16644779129638e-05,-4.52582291199377e-05,-2.14350637772753e-06,2.90971600120926e-05,-1.82258219831866e-05,-5.14365567569897e-05,0.000307632285344361,-3.47349055855872e-05,-4.99776131901442e-05,0.000213449676909505,1.61709677772848e-05,2.9645908089293e-05,-0.00503450951962847,-0.000162302876504761,3.51690616664513e-05,-2.14350637772753e-06,-8.30027527971566e-05,-1.08106461826907e-05,-0.000227746058161671,0,0.000301780640570293,-5.45398976399269e-05,0.000475472408615119,6.76157684234013e-05,1.37058518845379e-05,-0.000247699174878768,-1.0379905897473e-05,-1.15959004727273e-05,-2.49511963623661e-06,1.92428818337476e-05,1.87941038998218e-06,-3.10970718473413e-05,6.47530596529222e-05,6.7894614695696e-05,1.30653618430898e-05,-1.00344951761144e-05,1.17616158830103e-05,8.40948592779611e-05,-3.48806841241611e-05,2.0467961396875e-05,-1.08106461826907e-05,-2.93759261325022e-05,-7.06302828668015e-07,-9.26729003491999e-06,-0.000728437960941797,7.78077916763209e-06,1.10980885876799e-05,-3.69342998789435e-05,-4.11866863156973e-05,-9.86089853771688e-06,1.30653618430898e-05,7.78077916763209e-06,5.24862784825331e-05,1.17616158847866e-05,1.17616158830103e-05,5.08393166676058e-06,4.89458180004121e-05,2.9770411638097e-06,-0.000280522880877321,-1.42075762887828e-06,-0.000183258183895418,4.39877112663467e-05,1.98590555458011e-05,0.000420389264698784,1.24173278743811e-05,3.45440766000848e-05,0,0.000428854373553555,0.00174374822995915,1.98590555458011e-05,-3.10970718482295e-05,-0.000146253732963508,-9.26729003491999e-06,1.37058518845379e-05,-1.23904191751123e-05,1.04266054030688e-05,-0.000183696523246901,-7.06302828668015e-07,1.47147572748807e-05,0.000515233779045943,0.000508478089384035,0.000186544138451872,-2.03947845598407e-05,2.28334189147361e-05,-3.58557834863049e-05,0.000304428382700728,3.40042905282445e-05,4.38989509099486e-06,-2.47490744937906e-05,2.68361806030626e-05,4.5677706259184e-05,-3.63348407663722e-05,0.00205388993281996,-1.00344951761144e-05
"1:44979966:G:A",-0.00876570514508801,-0.00430574097141134,-0.00269858852019311,-0.00697543352937569,-0.00689298897849699,-0.0147986062837684,-0.00379507373984289,-0.00770545041437254,-0.00353394507006488,-0.0139116016337293,-0.00758042343532761,-0.00257153557531442,-0.00278209702201204,0,-0.000730093903289486,-0.00177100147508691,-0.00206643123604699,-0.00171887426321815,-0.00278820747113384,-0.00219429248493475,-0.0106955536816109,-0.00552613276481306,-0.0014980356921086,-0.00491868978594034,-0.00241330043141819,-0.00441713522351428,-0.00146701805691052,-0.00102873586283714,-0.00829532859236171,-0.00343343308065958,-0.00270274834722706,-0.00261800086467723,-0.00222508680948419,-0.00250896380557819,0,-0.00621164116295336,-0.00126856954014531,-6.6590339931949e-05,-0.00632571394338477,-0.00228882079405812,-0.00512153098441193,-0.0140701413079265,-0.00507269137222766,-0.00930629184565612,-0.00680395630130137,-0.00656496149279073,-0.00914216607081642,-0.000162302876504761,0.495901530112193,-0.00239568014923286,-6.6590339931949e-05,-0.00391538856428753,-0.000541122839481822,-0.0169584603403319,0,-0.00879198148500926,-0.00160375059286766,-0.00267502738026026,-0.0012984337816544,-0.00617825763641022,-0.0078950056128182,-0.00150696215930157,-0.00207678883352447,-0.00133243904717162,2.68151268656425e-06,-0.013975784723542,0.000245583966593799,-0.00345278027422102,-0.00901517347534186,-0.00182417447496608,-0.000462188758536541,-0.00179855106418092,-0.00923825170666204,-0.00123066794217586,-0.00181013582091616,-0.00116108430945605,-0.00118834344380092,-0.00399938247490628,-0.00524092517126995,-0.0010416537490805,-0.000223457587384956,-0.0020807346216376,-0.000310608681810542,-0.0116986596578461,-4.97393478999797e-05,-0.000176200167338436,-0.000223457587384956,-0.000175080641130698,-0.00192077208714192,-0.00179855106418092,-0.00669515706660118,-0.00946329615540709,-0.00162954815765826,-0.00866181510771824,-0.00203861193899968,-0.000829167901664096,-0.00196189145688441,-0.000956591167910581,-0.0192336096900094,-0.00349023861260456,0.000219792820935538,0,-0.00336934815605883,-0.00251856863025157,-0.00133612381482173,-0.00388571946049954,-0.00219478108231064,-0.00165247443520133,-0.00397792030035049,-0.00765025576696043,-0.000818043983438432,-0.00902309573595428,-0.00399938247490628,-0.000581877707309886,-0.00304253380575847,-0.0055907992664963,-0.00533127170460723,-0.00385124955923732,-0.00318199341979497,-0.00125831598356951,-0.00250838228865469,-0.00517594132404575,-0.000713343466151706,-0.00492062674515914,-0.00486927761700739,-2.79416919539699e-05,-0.00346416394157512,0.00010711587709622,-0.00150146489291902
"1:44984548:A:G",-0.00329288749092704,-0.00638806624343147,-0.0038149117796511,-0.000257567577514273,-1.21989014134627e-05,-0.000206740425528373,0.000206854877106366,-0.000927513633760757,-0.00380159095567478,-0.0139946797174728,-0.00215625008282139,-0.000777948843715848,-0.00712209211202364,0,-0.000628512851591267,-0.00233147660277044,-3.81598076248935e-05,-0.0023820578549314,-0.000576096833804662,-0.00235981575847699,-2.26698799359326e-05,-0.00122459177020406,-0.00445877485806889,-2.72409364736603e-05,-0.00374562572149406,-0.00349949192252197,-0.00802568037417561,-0.00145466407341832,-0.00212741887678725,-0.000483971891022783,-0.00253830332496108,-0.0058229057232797,2.05717947006079e-05,-0.00128968013791653,0,-0.00103651834694052,-0.00452399456411623,-0.00268401188032197,-0.00328149275746892,-0.00688825614091293,-0.0005313260362243,-0.00358360810851321,-0.00305790476779855,-0.00316770683133694,-0.000896707573784461,-0.00121270780823979,-0.00187084722149056,3.51690616664513e-05,-0.00239568014923286,0.248048932748827,-0.000153276487079523,-0.0049629209704829,-0.00202776808803851,-0.00303014037861438,0,-0.00158965807447986,-0.0067133181367085,-0.00257931102972986,-5.19782916192923e-05,-0.000360021229293572,0.000188049712141147,-0.00227308666172465,-0.000431406713079063,8.20202577767049e-05,-0.00135278531652006,-0.000273976982608559,0.0001137257943995,-0.00674471558308376,-0.000639555490886679,-0.00176282174136499,0.000359252271950439,-0.000224174581306968,0.000165569736322979,0.000744070405522379,-0.000334735768982242,-0.000495142957528394,-0.000349559659319709,-0.00185052525651042,0.000599581944219274,0.000179343068677618,-3.50902287706845e-05,-0.000663742615844676,-0.00226415980276506,0.000876656100792239,-6.93382640557516e-05,5.56113586283047e-05,-3.50902287706845e-05,-0.00105833295610225,-0.00428455483634504,-0.000224174581306968,-2.51968463560459e-05,6.52448990088317e-05,-0.00320705721947423,-0.000534987364313899,-0.00189875192107092,-0.000987609165647552,-0.000142429132917066,-6.03244568981864e-05,-0.000207729011991731,-0.00302120288044438,-0.00221145138236167,0,-0.000504315869952254,-0.00271764105821504,-9.91018069065319e-05,-0.00105325450022598,-0.00794246346439476,-0.00146992221899733,-6.5559609707222e-05,-0.00457631260839619,-0.00440193560365376,-0.00609033462400532,-0.00185052525651042,-0.000507451330749475,0.000406206558642097,-0.00165821307139646,-0.00238193447003088,-0.00447509731707108,-0.00480677545283914,-0.00627137198084782,-0.00269865611429765,-0.000884676534085749,-0.000200782528037458,-0.00401723521333075,-0.00655772835370261,-0.00453266598310265,-0.00104119651818824,-0.000860637205279957,-0.000428620452282757
"1:44987663:C:G",5.99387307875787e-06,-3.10159446268443e-05,-0.00739914825888555,1.19296478811037e-05,6.83565057979507e-06,3.58779166198531e-06,-1.72535799318752e-05,-0.00178423994453336,-0.00516672126144346,-2.0356776817998e-05,-3.35476674084845e-06,-0.00142718313628531,-2.07718894085218e-05,0,-1.29588499433453e-05,-0.00211460548911546,-0.00198996120268902,-0.00228644319973359,5.21147658183452e-06,-1.97842986127128e-05,1.07676773097864e-06,1.69450634412982e-06,-0.00277639851692513,-0.00242061375322677,-0.00638330344383764,1.54402845442547e-06,-1.5638178009425e-05,-1.09837022446158e-05,-4.23570568131026e-06,3.04404098727673e-06,-1.12890229786444e-05,3.31255421670562e-06,-1.43203774705114e-06,1.03025145401503e-05,0,4.84946335355119e-06,-1.29588499433453e-05,9.78706774112936e-06,6.30029309345304e-06,-4.70036005495444e-06,-1.4990595954778e-05,-5.74808787447978e-05,-0.00138758272434192,-0.00511987628924437,-6.47669877062995e-05,3.9308166748242e-06,6.39890507692087e-06,-2.14350637772753e-06,-6.6590339931949e-05,-0.000153276487079523,0.0783431320910726,-2.66504076673613e-05,-2.73349665125266e-06,-0.00103610867298443,0,-0.0044811563068361,-0.00327699778134871,-9.02630101595747e-06,1.20358598643122e-05,3.17945616767901e-06,-0.0014534484230877,-2.43537274879913e-06,-0.000303335532931825,-0.00232738499070706,4.37155594568139e-06,6.26072370835118e-07,-8.46861784342678e-06,1.17387721774165e-05,-0.000758626442364907,3.04404098905309e-06,-2.53346335288285e-06,-0.00017428927159191,1.35521837005825e-05,-9.60424280016525e-06,-0.00180048302388069,-2.73349665125266e-06,-7.90714558274175e-06,-1.68433871294837e-07,-2.33682540695668e-06,-9.99709165192542e-05,1.84244523282473e-06,2.62334351930349e-06,-1.01089210797767e-05,-0.00147780746854664,-2.43489820217491e-06,3.04404098727673e-06,1.84244523282473e-06,1.01390862790041e-05,2.76604118898405e-06,-0.00017428927159191,1.23522016881594e-06,9.65756827930875e-06,7.51447662317162e-07,-0.00173529355318802,-3.39750687139428e-07,-7.35170790644446e-06,8.94429882869474e-06,4.49419509784832e-06,-0.000380906578883788,2.90625456322857e-06,7.3100171791296e-06,0,-0.00218653194689367,-2.21604673962261e-05,4.4941950987365e-06,-0.00143065650005525,-5.49967153489206e-05,-2.33682540695668e-06,3.17945616767901e-06,-3.14406621626517e-06,-0.00192650266231009,-0.0016589066928816,-1.68433871294837e-07,3.44864677881418e-06,-8.74498692304826e-06,-0.00174264483461073,-0.00260592922193048,-5.34901708793001e-06,5.07624590362354e-06,-0.0017984109536604,-0.00299475513907765,-7.59251348529943e-05,1.07676773186682e-06,-6.57089332012362e-06,5.88806422108235e-06,9.12760578763994e-06,-1.00991792013616e-05,-1.52900843630732e-05,-0.00164121176605736
"1:44989486:C:T",0.000245113859628887,-0.000997404448117578,-0.00279388477597653,0.000601019587097795,-0.000722016414758109,-0.00474716317509216,-0.000769346581087405,-0.0015845183534573,-0.00159484526029008,0.000158197151482575,-0.000140685760171344,-0.00215179844225588,-0.00064253102182743,0,-0.000666383651405589,-0.00166406997056967,-0.00209548569848472,-0.0005706674683017,0.000189451034541044,-0.000839425147044714,3.11595119670827e-05,6.55458924647689e-05,0.000167747730838386,-0.00137220769061486,-0.00733181394345017,5.7105232385446e-05,-0.000523850482079702,-0.000393946864424954,-0.000541882331962285,-0.00120416946005886,-0.000405685579385917,0.000131967327074101,-7.32950139701316e-05,0.000501877072358603,0,0.000199281298640663,-0.00044743256590607,-2.66504076673613e-05,0.000267505211423824,-0.000454796247011835,-0.000358029175664853,-0.0123833246602985,-0.000408369080158622,-0.0015153917453592,3.39301867446906e-05,-0.00497736249913405,0.000274786872265231,-8.30027527971566e-05,-0.00391538856428753,-0.0049629209704829,-2.66504076673613e-05,0.134557821953484,-0.000111315675316526,-0.00266636891555017,0,-0.00460063850466241,-0.00130972182562505,-0.000339026825384892,-0.00102798338498822,-0.00446702758364115,-0.00313898676157454,-0.000187322539838775,-0.00012098535478966,-0.000777285961401475,0.000167747730838386,-6.03800154710399e-05,-0.000316368385744781,0.000571989591251487,-0.00247175107667008,-0.000894027757197158,-0.000101763423310253,9.89863927811641e-05,-0.00245309115487125,-0.000362269970841211,-0.00120454975141815,-0.000111315675316526,-0.000679520684286672,-8.77678473365506e-06,-9.23264738084129e-05,-0.00572679154979649,7.38856998063753e-05,9.04838791031537e-05,-0.00561509496949952,-0.00397858587074129,-0.000611189848994442,-0.00457463074645048,7.38856998063753e-05,0.000483944487859489,-0.000985849265299876,9.89863927811641e-05,3.99139500695256e-05,0.00043267363176458,1.33231456240779e-05,-0.00476159418769884,-1.76596097984927e-05,-0.00391419100509705,-0.000842127180763264,-0.00462302232234624,0.000760308449582858,0.000107384092162377,-0.000954941226897432,0,0.000679365075587857,-0.000703149517319979,0.000175777940971678,-8.76735380748173e-05,-0.00135672220353467,-9.23264738084129e-05,0.000123872703347239,-0.000130774639201192,8.18745772370733e-05,-9.46490402196076e-05,-8.77678473365506e-06,-0.00475707550143056,-0.000327625904022355,0.000811822318945943,-0.000822403712234632,-0.000207154553239164,0.000214478484354963,-0.000806428092813505,-0.00265003442215761,0.000300794768403279,-0.00431328782944984,-0.000260367099358838,0.000237462224414564,0.000426085629505302,-0.000359599435361346,0.00102713426272238,-0.000101763423310253
"1:44990530:C:T",3.38017912984157e-05,-0.00019026922339993,-0.00162757018275617,7.95692248116708e-05,3.90125024321009e-05,1.90788705474176e-05,-7.67141158775075e-05,-0.00212240345571679,-0.0021338660443071,-0.00179071448088486,-1.68757574883216e-05,-3.96574811833972e-06,-0.00120339330029928,0,-5.91070636266622e-05,0.000107718700815163,-0.00212455584797233,1.38871019643716e-05,2.86835788880779e-05,-0.00141023443920307,5.47820117713371e-06,8.92194438861793e-06,2.38644907080143e-05,-0.00168946275795712,-0.0004160258519601,8.07742992314786e-06,-6.98838313537564e-05,-9.57507060705964e-05,-2.11929402720301e-05,1.62856359535724e-05,-0.00385332067566946,1.78733884697024e-05,-7.53078802873119e-06,6.49322994004109e-05,0,2.68520252788562e-05,-5.91070636266622e-05,-2.73349665125266e-06,3.58553596404576e-05,-2.34403418950535e-05,-6.7546076037317e-05,-8.52051550026545e-06,-4.53537564242268e-05,-0.00243602368744522,-0.000240299233706054,-0.00171181656391894,3.65225144252079e-05,-1.08106461826907e-05,-0.000541122839481822,-0.00202776808803851,-2.73349665125266e-06,-0.000111315675316526,0.0736929048901356,-0.00257511977290026,0,-0.00249274216020545,-7.30615273933921e-05,-4.27385781245349e-05,8.07551457464584e-05,1.70845784310814e-05,-0.000342134508172443,-8.81832967687401e-05,-1.48014111820416e-05,-0.00183950554444845,2.38644907080143e-05,2.06162048144165e-06,-0.00294360011214323,7.74841835875506e-05,-0.00150228768791827,1.62856359535724e-05,-1.27803761511558e-05,-0.00252315979927076,9.90477503588494e-05,-4.53032875062931e-05,2.53775089626984e-05,-1.37843575265251e-05,-3.80573587790423e-05,-8.99621857897159e-07,-1.17892195010683e-05,-0.00142665612877479,9.75585167406479e-06,1.38260418758307e-05,-0.000119518696252818,-0.00166437945472087,-0.00288334319147854,1.62856359535724e-05,9.75585167406479e-06,-0.00185406218684836,1.46565699239432e-05,-0.00252315979927076,6.35576771124136e-06,5.93259539556357e-05,3.68850979270974e-06,-0.00234158237470528,-1.81071460403359e-06,-0.00370538937374132,-0.00135455148132557,2.46259054428322e-05,-0.0020457463055239,1.54763663440249e-05,4.23582592441463e-05,0,-0.000545038978705392,-9.48986663900087e-05,2.4625905441944e-05,-4.02425884491464e-05,-0.000309518059824931,-1.17892195010683e-05,1.70845784310814e-05,-1.58317910168293e-05,-0.00226980799770349,-0.000264549993683083,-8.99621857897159e-07,1.82431172301989e-05,-4.14821646712582e-05,-0.00134287982244441,-0.00350834402675648,-2.61815351327854e-05,2.82894795091693e-05,-0.00331560085536697,-2.50629784321887e-05,-0.00234575706441387,5.47820117802189e-06,-3.19182469841195e-05,3.30993359343168e-05,5.55646867175241e-05,-4.71501843319899e-05,-6.84656917711024e-05,-1.27803761511558e-05
"1:44991601:C:G",-0.000852144422475831,-0.00279929101165299,-0.00148514734284122,-0.00686113862211624,-0.00159042878741378,-0.00403123993860044,-0.00433431948016283,-0.00852228873427974,-0.00584899974066344,-0.00431205024657633,-0.00260902004452124,-0.00201495869176194,-0.00348725236641201,0,-0.0025055772850564,-0.00320102914924769,-0.00488283363601738,-0.000140689129224381,-0.00490153309225327,-0.00460589121920041,-0.00420241931726295,2.05643098105668e-07,-0.00637442048643599,-0.00459705228892471,-0.00209726233485075,-0.00932168173496883,-0.00140411234375826,-0.00270440569758357,-0.00238575312741496,-0.000893579506575648,-0.00340279835348944,-0.00529389148392134,-0.00293885561556184,-0.00498052677395311,0,-0.0028369484475288,-0.00213787327497705,-0.000883004441501356,-0.0144051928593285,-0.000411764289358185,-0.00243865303064972,-0.0036782506273445,-0.00389133712448908,-0.0035529804323593,-0.0109717926539941,-0.00767580034250814,-0.000928157427010134,-0.000227746058161671,-0.0169584603403319,-0.00303014037861438,-0.00103610867298443,-0.00266636891555017,-0.00257511977290026,0.453476416460252,0,-0.00731503874961659,-0.00307080661111847,-0.000494013482686739,-0.00466387781024524,-0.000406101790622948,-0.00495745223202926,-0.00193011435880885,-0.00169053313951295,-0.0108375003685359,-0.0029572158603397,-0.00536404461641471,-0.00244982383274372,-0.00436496393367181,-0.00571237846115968,-0.00157982537731893,-0.003949143207997,-0.00460832681118895,-0.00454052789362702,-0.00114747241469493,-0.000718427931366783,-0.000272286109252562,-0.00871087855824193,-0.00380232582839568,-0.00139008276824448,-0.00212783910749215,0.000146739887654235,-0.0055139091565195,-0.00673704203752834,-0.00598117468183856,-0.00380482780830427,-0.00106697753437768,-7.73683734189845e-05,-0.000416499008377258,-0.000299835877370036,-0.00460832681118895,-0.00163307799565082,-0.00769380357637628,-0.00504678140181269,-0.00727471984061667,-0.00764193772597466,-0.00197675206864689,-0.00290840407023296,-0.00272481177021611,-0.00766420667788204,-0.0012894902158358,-0.000816292916858696,0,-0.0077989053578178,-0.00114219666621285,-0.000391757173955121,-0.00261047036514306,-0.00394950894141788,-0.00168037422107137,-0.00127380750857853,-0.00336846070891283,-0.000703971321117436,-0.0055327020130802,-0.00380232582839568,-0.00710947827813557,-0.00562312390442976,-0.00265414381011775,-0.00461927902248638,-0.00642464294404554,-0.00284119080350376,-0.00523740045954391,-0.00666954736602809,-0.00128237632072414,-0.00178591319461674,-0.000434717464697698,-0.000942380605676973,-0.0024034914006501,-0.00893182775434642,-0.000162485261063772,-0.00012135139611047
"1:44991725:C:T",0,0,0,0,0,0,0,0,0,0,0,0,0,0,0,0,0,0,0,0,0,0,0,0,0,0,0,0,0,0,0,0,0,0,0,0,0,0,0,0,0,0,0,0,0,0,0,0,0,0,0,0,0,0,0,0,0,0,0,0,0,0,0,0,0,0,0,0,0,0,0,0,0,0,0,0,0,0,0,0,0,0,0,0,0,0,0,0,0,0,0,0,0,0,0,0,0,0,0,0,0,0,0,0,0,0,0,0,0,0,0,0,0,0,0,0,0,0,0,0,0,0,0,0,0,0,0,0,0
"1:44991881:C:G",-0.00285724866404369,-0.00194591234071195,-0.00505304546326046,-0.00081078467542639,-0.00319326072137294,-0.00513944589356008,-0.0119655829024747,-0.00602544592804932,-0.00112915290077042,-0.0125848138058813,-0.00504641146426454,-0.0173551442403936,-0.0023055803648635,0,0.000480956361410989,-0.00769785897025876,-0.000834781384164707,-0.00473365543094006,-0.00313964957927482,-0.00507504654164403,-0.00369441492423928,-0.00446094554053289,-0.000645686302362058,-0.000661927785985839,-0.0184112698916117,-0.00680271307481117,-0.000400565455242585,-0.00171470916462102,-0.00235731382994775,-0.00256991640415372,-0.00169695525297708,-0.00139253490119007,-0.000989833003258056,-0.00132181530328079,0,0.000549587642652227,-0.00144778581222837,-0.0103491817185342,-0.000782655917538122,9.27607250242879e-05,-0.000484541484565337,-0.000569662073417465,-0.00328423559616775,-0.00300965144175525,-0.00717875953892433,-0.0125732193225634,4.50840911261352e-05,0.000301780640570293,-0.00879198148500926,-0.00158965807447986,-0.0044811563068361,-0.00460063850466241,-0.00249274216020545,-0.00731503874961659,0,0.472218477721445,-0.00363702414941613,-1.23725204144165e-05,-0.00250727435421227,-0.00165763878899927,-0.00925447483034514,-0.00143452823065715,-0.00549028330528767,-0.00522455640750863,-0.00233734967128285,-0.010126849318798,-0.000201321648530595,-0.000426640882948082,-0.0178100841848736,4.98068522434281e-05,-0.000412252333795493,-0.00231935191977062,-0.00427420863981087,-0.00023296961652175,-9.5202931242433e-05,-0.00550564480552751,-0.00167845748622542,-0.00341848589908267,-0.00458904639496804,-0.0223540446980408,-0.000320270046771931,-0.000299250340463963,-0.00333216375512402,-0.00560771431546625,-0.00308085146209613,-0.000655612980302145,0.000149058420907622,-0.00487436083958181,-0.00241970810621961,-0.00231935191977062,-0.000370732767096982,-0.00198637038237637,-0.00144597980661398,-0.0021734449537818,-0.00294429469158608,-0.0043348338435516,-0.00203130980212585,-0.000115085804634596,-0.0091920122889797,0.000174064969880483,-0.0167957731502457,0,-0.0126705670442462,-0.00344236554493982,-0.000876202736948883,-0.000538720438647999,-0.00117835026391289,-0.00432244134420223,-0.000702380643536671,-0.00114342398607636,-0.000708573268885626,-0.00164578192930076,-0.00341848589908267,-0.000195725859789331,-0.00442460560066049,-0.00759521180568568,-0.0150541325384244,-0.00234302608658687,-0.00121041386955323,1.40792312919302e-07,-0.00885337871826408,-0.00373873755633758,-0.000573772962149555,-0.000674809051338876,-0.00124164262795734,-0.00218698011426977,-0.00327441207915502,-0.00153756211764478,-0.00824649956285484
"1:44991896:G:A",8.87695820379619e-05,-0.00321509632716177,-0.0111062479125317,-0.000308377770963375,-0.00655171809089961,-0.00380285249166601,-0.0151400893724603,-0.00271193493366395,-0.00674055445553456,-0.00768427129791149,-0.00287398320046339,-0.00688506355680563,-0.00425288304620253,0,-0.00844360603671657,-0.0112176975736467,-0.00347969036294327,-0.00314560100683892,-0.00332072203305422,-0.00148909769117189,-0.00361143280422915,-0.00142486740344605,-0.00013928902696847,-0.00414480016802887,-0.0170250300850641,-0.000163169245122496,-0.00272996619994625,-0.000652771808905328,-0.00368279034160679,-0.00550351136315275,-0.00193954183496547,-0.00284275982385029,-0.0011005734509828,0.0002422094667347,0,0.000111919934106197,-0.00519857331833151,-0.00642933762876119,-0.00237197486545959,-0.00129169702086873,-0.000810121604593483,-0.00503719233895161,-0.00448069126656669,-0.00453496603732306,-0.00676934853708744,-0.00268497533372303,-0.00211107184906822,-5.45398976399269e-05,-0.00160375059286766,-0.0067133181367085,-0.00327699778134871,-0.00130972182562505,-7.30615273933921e-05,-0.00307080661111847,0,-0.00363702414941613,0.445678903311469,-0.000325378439526958,-0.0108953753130363,-0.00923548764423821,-0.00624732945441897,-0.00172523036924188,-0.00364916415116845,-0.00270933696679876,-0.00074666628889819,-0.00189065550735412,-0.00617146831015614,-0.00306514257629953,-0.00690004606959782,2.33921389982683e-05,-0.00320805217626319,-0.0140068463290373,-0.0140637889139184,-0.00121998229442077,-0.00225613218228204,-0.00180349751438058,-0.00172001989822146,-5.02894557730116e-06,-0.00152087461440242,-0.00749068495799809,4.45140932061605e-05,-4.24556784031083e-05,-0.000427950798037813,-0.00614914919064313,-0.0101529769566646,-0.00326392615993143,4.45140932061605e-05,-0.0043973098534229,-0.00176498208134923,-0.0140068463290373,-0.00408492076816813,0.000250026949141002,-0.000860456079838201,-0.00908085089848232,-0.00243473348122336,-0.00455045996964243,-7.73112216778671e-05,-0.00240347726655088,-0.0104744831421786,-3.02462512209445e-05,-0.0018676023672155,0,-0.00426071105594028,-0.00253159447030082,-0.000217223703735669,-0.00148717832498324,-0.000460489274169973,-0.00152087461440242,-0.00246728696415754,-0.00535070240861035,-0.00262933175098468,-0.00698963915095829,-5.02894557730116e-06,-0.00266758655709776,-0.000337169468401122,-0.00138034410494692,-0.00205115734172656,-0.000283157024746572,0.000117851774251498,-0.00429206820979644,-0.00980317923120699,-0.000154179898902207,-0.00684425764996099,0.00056365384382584,0.00015026351605929,0.00026353117470812,-0.00140547226682841,0.000439330628308809,-0.00516475963793717
"1:44993057:G:A",0.000100941628350171,-0.00205041549405838,-0.000931479255006362,-0.000143235715431622,0.000115051175313852,-4.9924720666894e-05,-0.00124324822606603,-0.000310404284975974,-0.00422427479170651,-0.00670101496514519,-0.00303900915280408,-0.00061954766847272,-0.000278489291949846,0,-0.000180407519471792,-0.00238433954650663,6.54583985628676e-05,-0.0015855557047777,8.35387683553179e-05,-0.00274621983793732,-0.00185404920578858,2.67915542666586e-05,-0.00218423196898954,-2.8183141981053e-05,-0.00374086207756497,2.3987339837106e-05,-0.000212854739805479,-0.000156576263682595,-0.00303256635298776,4.84043411752566e-05,-0.000160858990299495,5.37113084977392e-05,-2.48826279722891e-05,0.000196867088662955,0,8.07540931146988e-05,-0.000180407519471792,-9.02630101595747e-06,-0.00179014585130055,-7.4517830376486e-05,-0.000762586166578316,-0.00357168815770148,-0.0032717380768359,4.16640176315042e-05,-0.000939617986477792,-0.00191947138904824,-0.00165386834752113,0.000475472408615119,-0.00267502738026026,-0.00257931102972986,-9.02630101595747e-06,-0.000339026825384892,-4.27385781245349e-05,-0.000494013482686739,0,-1.23725204144165e-05,-0.000325378439526958,0.177634626335708,-0.00162966022320354,-0.00254052415504891,-0.00101376979496681,-0.00144515985575122,-4.60825049426461e-05,-0.00208665441576983,-0.00218423196898954,-0.000171939952652522,-0.000124115268311797,-0.00193445491620547,-0.0046301844930321,4.84043411761448e-05,-0.00389056132295096,-0.00210451008777746,-0.00163754543130956,-0.00228460242796036,7.57895925724839e-05,-4.27385781245349e-05,-0.000119700625904606,-0.00336429265585814,-0.00098430696692553,-0.00483256521915187,2.95598960855514e-05,-0.00167914559162341,-0.000156717341085688,-0.00190454616445779,-4.18457719568721e-05,4.84043411752566e-05,2.95598960855514e-05,-0.00158446754348596,4.29565517121588e-05,-0.00210451008777746,1.82684941574252e-05,0.000177168477303091,-0.00134580833543474,-0.0018833993584817,-0.00314499071655039,-0.00307570767147691,-0.00194409684002217,7.32580583795439e-05,-0.000712721550087725,-0.00407449465187604,0.000126537361959222,0,-0.0109001967308053,7.01194425483109e-05,-0.00215102322288363,-0.000124115268311797,-0.00157582918248789,-3.61811317297622e-05,5.10750870095222e-05,-4.94710480900551e-05,-0.000852218475091426,-0.00172145028336779,-0.00336429265585814,-0.00175860540845019,-0.00193697443359575,-0.0205645180696101,-0.00341299085481683,-8.07701239891045e-05,-0.00242940339931508,-0.00014491017074203,-0.00512151041443154,-0.00193467456311502,1.53524179760112e-05,-9.95635720473231e-05,9.85552347385621e-05,-0.00136442821156013,-0.000144072182523658,0.000346986460774801,-0.00117941849224845
"1:44993575:G:A",-0.000244772757625356,-0.000723267915541115,-0.0050480187935471,-0.00311981105663062,-0.00214477266659419,-0.000154968643752973,-0.00581041545398797,-0.00251894309023282,-0.00394216097844913,-0.00260008929969313,9.43385813281239e-05,-0.00322416124847891,0.000492231942674337,0,0.00034628489674482,-0.00124150929915423,8.69197031896363e-05,-0.00126751076550757,-0.000224441551721632,0.000462750292186342,-4.57231442307915e-05,-6.06940088303531e-05,-0.00057876265192558,-0.000114262096750473,-0.0051664273095855,-0.00102715595068581,0.00040672121432106,0.000296060366488327,-0.00137009295151103,-0.000116260564608339,-0.00210781710015784,-0.000699244348678185,3.30121889069446e-05,-0.00101779060766827,0,-0.000187124080874845,0.00034628489674482,1.20358598643122e-05,-0.000252985540121209,-0.00146268698477492,-0.000883179361485631,-0.00603785943723611,-8.73294070551367e-05,-0.000258808436095492,-0.00275224732986779,-0.00292723879638057,-0.00203684156840023,6.76157684234013e-05,-0.0012984337816544,-5.19782916192923e-05,1.20358598643122e-05,-0.00102798338498822,8.07551457464584e-05,-0.00466387781024524,0,-0.00250727435421227,-0.0108953753130363,-0.00162966022320354,0.177929735068168,-0.00011967355646636,-0.00175814662466012,-0.00427677019852712,8.52325215605632e-05,-0.00112860288143324,-0.000174710136302991,-0.0032766443201071,-0.00431104600246179,-0.00129809857188867,-0.0034593110116603,-0.000116260564607451,7.63270977310881e-05,-0.000109317156054445,0.00061494235748949,-0.00137909583158269,-0.000165033417692584,8.07551457464584e-05,-0.00464914396511773,3.96788348933086e-06,7.19475689683335e-05,-0.00131072268830845,-6.43337307177916e-05,-0.000907244972601973,0.000127398522419497,-0.00326537026458107,-0.00301107216688035,-0.000116260564608339,-6.43337307177916e-05,-0.000824597990028764,-0.000109317156053557,-0.000109317156054445,-0.00114561500332133,-0.00420956493887559,-0.00119710875884049,-0.00123610137380048,7.97959387455194e-06,-0.000301613597744499,-0.00788691285292842,-0.000177867387608721,-0.0022996031317648,-0.00101615927304799,-0.00188326913899672,0,-0.00696094366700351,0.00053807292442265,-0.000970484053370413,0.000232989366417691,0.000347178845189866,7.19475689683335e-05,-0.000858006957800583,8.9760051732668e-05,-0.000102212644439881,-0.000324295507386552,3.96788348933086e-06,-0.000116309524083924,-0.00171510422672938,-0.00362922271560118,0.000275648221593094,0.000153984198942858,-0.000193122024883863,-0.00340511496922424,-0.00725239234646802,-0.00113996355323032,-0.00658114275548893,-0.00395275541797435,-0.000672710756145278,-0.000516302081892128,-0.00361750168819519,-0.000629425271656103,7.63270977310881e-05
"1:44994051:C:T",-4.694206811795e-05,-0.00452866415743181,-0.00845120653340903,-0.000850035680231898,-0.00119442166275618,-2.7132180469458e-05,8.77718733969246e-05,-0.0038587621492443,-0.00246495040619621,-0.00791111342418915,2.05695227446512e-05,3.21059551389169e-06,-0.00238471548824748,0,-0.00445579655088757,-0.00155249139510527,-3.10354654544653e-05,-0.000268084934847757,-0.000327950749903216,-0.00260028495325404,-7.76990024942137e-06,-1.1842850468291e-05,-3.29229653512897e-05,9.84497159262077e-06,-0.00397348976649692,-1.08405650447452e-05,8.19109078475933e-05,6.07851433231943e-05,2.5390065829356e-05,-2.21160985738322e-05,-0.00230797292806351,-2.40307567445086e-05,8.7044661425395e-06,-9.31179699641405e-05,0,-3.65765168774956e-05,7.01139510574933e-05,3.17945616767901e-06,-4.94935215620274e-05,-0.0018339080794938,7.86714206055805e-05,0.000205973292746187,-0.00297175549710538,-0.00142439472217593,-0.000115568214989814,-0.000312752067025635,-5.03255696484572e-05,1.37058518845379e-05,-0.00617825763641022,-0.000360021229293572,3.17945616767901e-06,-0.00446702758364115,1.70845784310814e-05,-0.000406101790622948,0,-0.00165763878899927,-0.00923548764423821,-0.00254052415504891,-0.00011967355646636,0.15124672475749,-0.000997870260329492,1.24312185523223e-05,1.8234182858734e-05,-0.00261000815194112,-0.001153496950276,-7.13292057241688e-06,4.84205423543216e-05,-0.00109593519728968,-0.000465933941494967,-0.00138589920269183,1.59467735638685e-05,-2.01601453904132e-05,-0.000151262056665935,-0.00270127747074955,-3.4769546203961e-05,1.70845784310814e-05,4.49708250949143e-05,1.04892504904086e-06,1.48205897207987e-05,0.000293235799060376,-1.28347736954026e-05,-0.00378032718989552,-0.0015315243194074,-0.00530886408638054,-0.00300904358977316,-2.21160985738322e-05,-1.28347736954026e-05,-9.12517915212518e-05,-2.0160145389525e-05,-2.01601453904132e-05,-8.80425685600983e-06,-8.59495424991863e-05,-0.00329211249438011,-0.00427367022499325,2.10868806149733e-06,-0.00284853067934865,-0.0038234090871816,-3.38512875366348e-05,-0.00268197145251481,-0.00369822946402909,-5.9624117412227e-05,0,-0.000140126313398881,0.000107872946215615,-0.00110401603905608,-0.00264606352457353,-0.00187329050807694,1.48205897207987e-05,-2.30785079420315e-05,1.93957690086677e-05,-0.0036724036309872,-0.000499488232581058,1.04892504904086e-06,-2.61285744791451e-05,4.97409306055019e-05,-0.00114694169067064,-0.00770498440138745,-0.00251817766040574,-3.83451313625827e-05,5.51623088957953e-05,-0.00571233201277543,-0.00117069017749305,-7.76990024853319e-06,3.83594233319684e-05,-4.60726362030428e-05,-7.85923227599739e-05,5.67551347145923e-05,8.0489567988451e-05,1.59467735638685e-05
"1:44994835:T:C",-0.00368473398395519,-0.00798008030429731,-0.00731588651117177,-0.00564267022415788,-0.000763017830748947,-0.00617482122300439,-0.00585826036550108,-0.00667976169508844,-0.0066890855273436,-0.00248686690765343,-0.0106336024971441,-0.00203173957338265,-0.00458240518059405,0,-0.00436665914745671,-0.0130992164363275,-0.00292939806289283,-0.00249801214195955,-0.00275932311017701,-0.0119395448620065,-0.00797798811537742,-0.00125488579641342,4.8909350463866e-05,-0.00187326822757505,-0.0104181330565223,-0.00498158530480275,-0.00153284188384628,-0.000224466347965802,-0.00867250219494631,-0.00361148231748221,-0.00193039554659169,-0.00340022942372364,-0.0019543440502785,-0.00220306271779158,0,-0.00876122463336948,-0.00112028259507113,-0.00333056793863928,-0.000965283060033073,-0.00262328437314041,-0.00171071821496582,-0.00607230516217649,-0.00937071601172956,-0.00927450797842155,-0.00396916018686433,-0.00548277799052066,-0.0023920703955076,-0.000247699174878768,-0.0078950056128182,0.000188049712141147,-0.0014534484230877,-0.00313898676157454,-0.000342134508172443,-0.00495745223202926,0,-0.00925447483034514,-0.00624732945441897,-0.00101376979496681,-0.00175814662466012,-0.000997870260329492,0.464437952302496,-0.00305507270374639,9.77129683787936e-05,-0.00361883983876998,-0.00131259150071905,-0.0098743373632364,-0.00148266357013238,-0.00292552011678548,-0.0119405555057517,-0.00110880653333822,-0.00109283745756716,-0.000252204535142297,-0.00501745164388678,-0.00499510266917902,9.20100035539662e-05,-0.0015840301173089,-0.00241024532826284,-0.00303607989981192,-0.000862849363511664,-0.007508699573473,-1.74292818053701e-05,0.000548264489764527,-0.00146282919517615,-0.00264402051748025,-0.00159424927082652,-0.00290325142125347,0.000202342597222405,-0.000385468690581536,-0.001127735744757,-0.000252204535142297,-0.00122814842679819,-0.00625063552226957,-0.00182609796274669,-0.00824053925365531,-0.00161198309542154,-0.00327072562601716,0.000253613606306491,-0.00050164045014256,-0.0112530282437184,-0.00197110474388396,-0.00502341093279979,0,-0.00787910534155767,-0.00170667267665259,-0.00181857869537794,0.000169004808861395,-0.00189038755789195,-0.00148874963722623,-0.000386497148328502,-0.00172740907086322,-0.00433991197725181,-0.0141405813713718,-0.00303607989981192,-0.00187979652540982,-0.00121187069357731,-0.00648768348530826,-0.00536330176945832,-0.00612631684617337,-0.00598919360035932,-0.00277100747278025,-0.00490609692650024,-0.00241745078552436,-0.00196879937978789,-0.00819754482320301,-0.00824538477256853,-0.000585732914405668,-0.00390343418701367,-0.000732101783712302,-0.00266629307607325
"1:45000777:G:A",-0.00145984645319608,8.61447438440521e-05,-0.000804569874925498,-0.00559756344942119,-0.00015237357948461,-0.00182726540893885,-0.00344652714085036,-0.00376806006270858,-0.00347826045734356,-0.0049470601420265,-0.00539134874434044,-0.00280205729497407,-1.58569382442408e-05,0,0.000232157516585119,-0.00363964327068711,-0.000337696325363623,2.76148805689047e-06,-0.00434511103820423,-0.00104181507798984,-0.00431107549316945,7.11486935589534e-06,-0.00169164330225691,-0.000768318217137853,-0.00665607385206002,-0.00296561379770299,-0.00874433608077485,-7.63439138378175e-05,-0.00779140530726785,-0.000273551363913604,-0.0012374928883645,-0.00142621888547101,-0.000431114138397248,-0.00307471442020546,0,-0.00776254656940001,-0.00520365973655057,-2.43537274879913e-06,-0.000376722710174526,-0.00515156657736604,-9.42803286019256e-05,-0.00425560598875041,-0.00413485634539335,-0.00176068581159372,-0.00161236093590622,-0.00658564882047985,2.01091460843017e-05,-1.0379905897473e-05,-0.00150696215930157,-0.00227308666172465,-2.43537274879913e-06,-0.000187322539838775,-8.81832967687401e-05,-0.00193011435880885,0,-0.00143452823065715,-0.00172523036924188,-0.00144515985575122,-0.00427677019852712,1.24312185523223e-05,-0.00305507270374639,0.232089430229403,-1.4706680738108e-05,-0.00139160054077525,-0.00528449268170483,-0.00539092201564539,-0.000170888267310154,-0.00193047688860926,-0.000643718601062826,1.19743281219442e-05,-1.24809897501521e-05,-0.000166335592850508,-0.000301078466903526,-0.00256307594136906,-0.000161536806125184,-0.00289427040932022,-3.22025343519883e-05,-7.86915807182709e-07,-1.14153324819455e-05,-0.00249156423783692,7.70182162579403e-06,-0.00165661511050619,-0.00111629238961353,-0.0035108999293656,-2.83425654501457e-07,1.19743281219442e-05,7.70182162579403e-06,-6.78427987281793e-05,-0.00180525392739472,-0.000166335592850508,5.23006375896529e-06,-0.00487597510851856,-0.00202237929257976,-0.00437814416352333,-1.59845494085431e-06,-0.00261572875581084,-0.000182815706192052,1.62869696511692e-05,-0.00294642501644526,-0.00175637384869454,-0.00327025023050176,0,-0.00276913109530597,-0.000226514014373791,-0.00350177195926626,-0.00115496732543185,-0.00266567525947092,-0.00553163150967961,1.24312185523223e-05,-0.0016606507682928,-0.000297809644866476,-0.000513324342668042,-7.86915808070887e-07,-0.000413714893316097,1.09963995678086e-05,-0.00199926790285421,-0.00536188427305051,-2.83893352914788e-05,1.77174798308144e-05,0.000149947618927726,-0.00202128794938217,-0.00351948269147773,-1.92051136371774e-05,-0.00268229623691951,-0.000261736208426733,-0.00265512795350542,-0.00281087550269099,0.000113362896117408,-0.00150660483886877
"1:45001001:C:T",3.59762549209108e-05,-0.000163033398987267,-0.00521380343345523,-0.00172690471196901,4.1471569040219e-05,2.03289704012732e-05,-8.30942797813705e-05,-0.000798489897900545,-0.000218261972521283,-0.000275451617496536,-1.8137085120884e-05,-0.000791406055941302,-9.78499929971122e-05,0,-6.38353789268464e-05,-0.00168219598854069,-0.000832470189797263,-0.00182847286269894,-0.00207263696369875,-9.4064102513336e-05,5.84534231684586e-06,9.53596467745399e-06,-0.00231027382925575,-0.000281674975994406,-0.00898077062844305,8.63133472250865e-06,-7.5572881080177e-05,-5.50329833375329e-05,-0.0036590045224818,1.73805530723214e-05,-5.64684798129989e-05,1.90767308261286e-05,-8.09812459401371e-06,-0.00132231185917941,0,2.86184255822164e-05,-6.38353789268464e-05,-0.000116378845234522,3.81568990626135e-05,-2.52313736437415e-05,-7.30551624439357e-05,-0.00321013328248121,-0.00155004343123188,-0.00483334911242661,-0.000199532706080419,-0.000105725692105096,-0.00166884694578417,-1.15959004727273e-05,-0.00207678883352447,-0.000431406713079063,-0.000303335532931825,-0.00012098535478966,-1.48014111820416e-05,-0.00169053313951295,0,-0.00549028330528767,-0.00364916415116845,-4.60825049426461e-05,8.52325215605632e-05,1.8234182858734e-05,9.77129683787936e-05,-1.4706680738108e-05,0.098199762644013,-0.000443206413895503,2.54354864903661e-05,2.09450506538644e-06,-4.33698894859447e-05,-0.00230320845421161,-0.000117456188872822,1.73805530723214e-05,-1.37188200355354e-05,-0.000205256769161721,0.000104144378782145,-4.88718315523329e-05,-0.00205518433884766,-1.48014111820416e-05,-4.10358547977552e-05,-9.66290887305377e-07,-1.26504072346378e-05,-0.000425525935308535,1.04289585758366e-05,1.47509723822381e-05,-5.22446812389887e-05,-0.00599377796935396,-1.36217903445868e-05,1.73805530723214e-05,1.04289585758366e-05,6.72278823019568e-05,1.56391736005901e-05,-0.000205256769161721,6.78625804262367e-06,6.28595990415093e-05,3.92553746397795e-06,-0.00636838228481107,-1.94521041141371e-06,-0.0015482427514506,5.66738799703259e-05,2.62470647252044e-05,-0.00241336479093324,1.65156242726283e-05,4.50176965491877e-05,0,-0.00141723099465274,-0.000102937067739006,2.62470647260926e-05,-0.00249502998083617,-0.000225370314616669,-1.26504072346378e-05,1.8234182858734e-05,-1.70102532965899e-05,-0.00219245165231108,-0.0050529227160494,-9.66290887305377e-07,1.94361918675057e-05,-4.47168036217249e-05,-0.00104189809826316,-0.00024484972458616,-2.81597606308637e-05,3.01485338560781e-05,-0.00139279264626246,-0.000185035908831566,-8.27943227612593e-05,5.84534231773404e-06,-3.43739048123126e-05,-0.00208843842264539,5.89338638787851e-05,-5.08428916639048e-05,-7.4021717415107e-05,-0.00177603221611289
"1:45002277:G:C",-0.00431415499668741,-0.00246462095864253,-0.00294715207652674,-0.000342612214092597,-0.00512897745702023,-0.000186345669354715,-0.0062748908802277,-0.000550259049104884,-0.00138722202175545,-0.00634929602618506,-0.00673909422386387,-0.00280644460049118,-0.00612676427503178,0,5.09540580893031e-05,-0.0014554449098636,-0.00259777784556814,-0.00389262720812056,-0.00192708516203588,-0.00110706634867785,-0.00248863304765656,3.60126126253135e-07,-0.00151222234783788,-0.00212482051946772,-0.00182823214261951,-0.000203226007497115,-0.00845119533986338,-0.000314266856024759,-0.00916816651489771,-0.00145294323009004,-0.00308022903263705,-0.00380619970106721,-1.44483670627693e-06,-0.000681286805077619,0,-3.92623867018216e-06,-0.00491668428308945,-0.00232738499070706,-0.00105716492232499,-0.00510613354958345,-0.00227024635287876,-0.0142783194216105,-0.00242779671090698,-0.00162990360990678,-0.00213483415958438,-0.00603969581854802,-0.003571667415601,-2.49511963623661e-06,-0.00133243904717162,8.20202577767049e-05,-0.00232738499070706,-0.000777285961401475,-0.00183950554444845,-0.0108375003685359,0,-0.00522455640750863,-0.00270933696679876,-0.00208665441576983,-0.00112860288143324,-0.00261000815194112,-0.00361883983876998,-0.00139160054077525,-0.000443206413895503,0.348559121037334,-0.00310219756702512,-0.000123191913306897,-1.99229793267364e-05,-0.00815990294327662,-0.0118258475768078,-0.00494355302597693,-0.00339881881235815,-0.00449805630006939,-0.000348417504867804,-0.00140746907063249,-3.35613970570137e-06,-0.00183950554444845,-0.0020771016332235,-0.00397912963533642,-0.00156704716073985,-0.00669824841155098,3.14625506092625e-07,-0.00750255790366072,-0.00342895469727278,-0.00878593658719895,-0.000660761163501,-5.87791794792736e-07,3.14625506092625e-07,-0.00210472988882149,-0.00263838271730599,-0.00449805630006939,4.20365550368729e-07,-0.000489976138847936,-0.0017228467169641,-0.00850796199220261,-0.00308997322058513,-0.00612649689793487,6.68570543105318e-05,-3.08085178168938e-06,0.000257813901843651,-0.00346318166314674,-0.00510006192008561,0,-0.00337557691103907,-0.000864900186236639,-2.69267688528529e-05,-0.0035257136179343,-0.00350628991022717,-2.82032940646104e-06,-7.47538412504412e-07,-0.00182765839659815,-0.00417203581232073,-0.00478701077764709,-0.00397912963533642,-0.000186858023268677,-0.00233474564209768,-0.00599147276266621,-0.00340641349003779,-0.000160514787350685,-0.00157720387027638,-0.000998755834557663,-0.010109695456233,-0.00141123946765287,4.13317379432954e-07,-0.00215249211005109,-0.00172775394032953,-0.00163005372774272,-0.000964431011911238,-5.01167292421556e-05,-0.0043288435352693
"1:45003913:A:G",-0.00117095114840815,-0.00450258328543995,-0.00221930594604069,-0.0010087978137161,-8.01913541135235e-05,-0.000169213449320971,-0.00208873136906806,-0.00142995466288465,-0.000347482028550061,-0.0013515929800656,2.86244892828691e-05,3.91295199797526e-06,-4.57289396216254e-05,0,9.67274646521687e-05,-0.00165305858769393,-4.46084055933937e-05,-3.06263861391542e-05,2.23699471835204e-06,1.75830625730455e-05,-1.11980251835675e-05,-1.68180845845356e-05,-0.00127389660109944,1.35188389309704e-05,-0.000217863868650081,-1.54343440659233e-05,-0.000803435349336468,8.40172650145021e-05,3.5196996008402e-05,-3.15905477474843e-05,-0.00413078348579443,-3.42417091570013e-05,-0.000254092969876218,-0.000134801600331969,0,-5.22952838073465e-05,-0.00117674925873157,4.37155594568139e-06,-0.000941459181217574,3.85843443035938e-05,0.000108086759545323,-0.000646116678880482,-0.00122700644686269,-0.00104828367094623,-0.00462130293781371,-0.00380113227172529,-7.216129527432e-05,1.92428818337476e-05,2.68151268656425e-06,-0.00135278531652006,4.37155594568139e-06,0.000167747730838386,2.38644907080143e-05,-0.0029572158603397,0,-0.00233734967128285,-0.00074666628889819,-0.00218423196898954,-0.000174710136302991,-0.001153496950276,-0.00131259150071905,-0.00528449268170483,2.54354864903661e-05,-0.00310219756702512,0.106045877587945,-0.00153815704484828,6.71190306684721e-05,-0.00341204610267187,0.000153490367575948,-3.15905477474843e-05,2.23088689157436e-05,-2.88838463298191e-05,-0.000222364524466556,-0.00194163984146112,-0.000328944074196258,2.38644907080143e-05,6.21313196154105e-05,1.44279161595762e-06,2.07684037762945e-05,-0.00181847354350939,-1.81879893856873e-05,-0.00121231086463069,-0.00526083090093188,-0.000547585428198882,1.99362168302741e-05,-0.00125104014848976,-1.81879893856873e-05,-0.000132220292201168,-0.00136312412906836,-2.88838463298191e-05,-1.26245267075831e-05,-0.00123228674120934,-0.00155016837859012,-0.000724552612324292,2.89990731960899e-06,-0.00158226273061679,-0.00118001916534283,-0.000213644765545418,-0.000702665781028955,-0.00131637993821787,-8.59870606131352e-05,0,-0.00313809049056202,0.000146970761742082,-0.00334525646499007,6.71190306684721e-05,-0.000536283570347074,2.07684037762945e-05,-3.29229653512897e-05,-0.00205690805639325,-2.61198723894296e-05,-0.0005116975389301,1.44279161595762e-06,-3.78112941357145e-05,-0.00226576129080769,-0.00101777871282538,-0.00188885274027584,4.46895682006954e-05,-5.47512886823753e-05,-0.00202548722059248,-0.00205456677345772,-0.000502818860897314,-0.00295282173791556,5.31937428780438e-05,-6.62503700459283e-05,-0.000113406283193562,7.8618445868095e-05,0.000110721275530246,2.23088689157436e-05
"1:45004009:C:G",-0.00169903212034495,-0.000596074799773305,-0.000679835028516873,-0.00251709926298016,-0.000850547590314221,-0.00013244812147839,-0.00324067076526635,-8.16595327197689e-05,-0.00813557219816152,-0.000502718853565565,-1.76358073575855e-05,-0.0051195639960957,-0.000412272279702641,0,-1.13492748550215e-05,-0.00115563713743416,-0.00337541806893071,-1.59293744177447e-05,-6.59714000095235e-05,-0.000741984222705661,-3.20257409063274e-05,-3.05609183026689e-06,-0.000130063469333308,-0.00429372634955882,-0.00266698969050028,-0.00019766673456445,-0.00120733441886234,-0.000282770939764809,-1.38642699605285e-05,-6.71889851577845e-06,-0.000210877369648976,-0.00539741313298059,1.4594836486026e-06,-0.00161125268131546,0,-0.000349037781440131,-0.00182065441431778,6.26072370835118e-07,-0.00127928475633077,-0.00134400566102766,-0.00289200851592586,-0.00689287154416718,-0.00672948638754534,-0.00460333707734062,-0.000418551340113371,-0.0147510501368244,-0.00105643086681795,1.87941038998218e-06,-0.013975784723542,-0.000273976982608559,6.26072370835118e-07,-6.03800154710399e-05,2.06162048144165e-06,-0.00536404461641471,0,-0.010126849318798,-0.00189065550735412,-0.000171939952652522,-0.0032766443201071,-7.13292057241688e-06,-0.0098743373632364,-0.00539092201564539,2.09450506538644e-06,-0.000123191913306897,-0.00153815704484828,0.240489732728189,-0.00149800558329183,-0.00539948147208413,-0.00110510471483716,-6.71889851489027e-06,2.01445192438143e-06,-0.00306436223740647,-0.00197325741545562,-2.71596565717402e-05,-1.25745315324721e-05,-7.91769197157066e-05,-0.00204001664064979,2.18183966893548e-07,1.95354134824299e-06,-0.00470781367441475,-3.38734393867668e-06,-0.000139697877985512,-0.0037932729054555,-0.00228631051241868,-0.00200541658459485,-0.000152358741661196,-3.38734393867668e-06,-0.00357846280982876,-7.56335970901745e-05,-0.00306436223740647,-2.10149888868472e-06,-0.00122873645898025,-1.73607910314288e-05,-0.00572241097131565,4.27010460768429e-07,-0.00837101601782297,-0.000342095878710147,-8.24618908659147e-05,-0.00355829833047316,-0.000103409431785551,-0.00439372081669465,0,-0.00456670065680775,-0.00281424843621014,-0.00972607483844001,-0.00129887066879153,-7.85816957957763e-05,1.95354134824299e-06,-7.13292057241688e-06,-6.83690441594109e-05,-0.00037456596817087,-0.0013683103344917,2.18183966893548e-07,-0.00492271392655219,-0.00010069244308486,-0.000807769640933209,-0.00272842479492574,-0.000140954472730215,-1.45626232370688e-05,-0.00103685342473447,-0.00561041904119897,-0.00133743346662563,-1.7974651331798e-06,-0.00220478277467429,-9.06063512058353e-05,-0.00273127080901769,-4.97342964855818e-06,-1.76814461720909e-05,2.01445192438143e-06
"1:45004017:G:A",-0.00210559619762218,-0.000960064640127989,-0.00675136590971448,-0.00429823524206263,-0.00178216781573326,-0.00368712980658259,-0.00255655661420207,-0.00153121711584969,-0.000614760227355404,-0.00275761404621289,-4.97472904168461e-05,-0.000200230269095769,-0.000260012437023782,0,-0.000282225598413177,-9.70700178104522e-06,-0.0019100946282915,-0.00149935743462581,-0.000399582995983749,-0.000251900160885832,1.46134750584892e-05,2.5365393867105e-05,6.71190306684721e-05,-5.67537838769283e-05,-0.00103347903862616,2.27283968330383e-05,-0.000199468295427607,-0.0017614963715431,-6.30162036951987e-05,-0.00124480859104992,-0.000150882766230431,5.09046629622034e-05,-2.33259947481912e-05,-0.00314313136086941,0,7.66157576919113e-05,-0.00016922031591271,-8.46861784342678e-06,-0.00266228239039101,-0.00100774265890191,-0.00093014322664331,-0.000198746261777849,-0.000137187986195109,-0.00121305166270869,-0.00189227580468021,-0.000624762497169584,0.000104639679125995,-3.10970718473413e-05,0.000245583966593799,0.0001137257943995,-8.46861784342678e-06,-0.000316368385744781,-0.00294360011214323,-0.00244982383274372,0,-0.000201321648530595,-0.00617146831015614,-0.000124115268311797,-0.00431104600246179,4.84205423543216e-05,-0.00148266357013238,-0.000170888267310154,-4.33698894859447e-05,-1.99229793267364e-05,6.71190306684721e-05,-0.00149800558329183,0.12455697405824,-0.000618838552520096,-0.000551995896269197,4.59046588847656e-05,-3.71551840201434e-05,-0.0022342353569762,-0.0043819522760149,-0.000131892264546352,7.19283852088637e-05,-4.02425884491464e-05,-0.00011221454012933,-2.78734667258362e-06,-3.41069232359104e-05,-0.00129180423284492,2.79694569185196e-05,3.81602578425344e-05,-0.000265245646573042,-0.000634366024895527,-0.00142625001805463,4.59046588829892e-05,2.79694569185196e-05,-0.00177916962831137,4.07751497872866e-05,-0.0022342353569762,1.73530861209414e-05,-0.0019070665563472,9.02697254545615e-06,-0.00153354170578535,-5.60999588561373e-06,-2.10816297547822e-05,-0.00177917792284799,6.95392497922498e-05,-0.00198884992716852,4.33564030632994e-05,-0.0020401047640517,0,-0.00114644051181267,-0.000269882246434427,-0.0023200556083971,-0.000116544831758603,-0.00144226277722304,-3.41069232359104e-05,4.84205423543216e-05,-4.6537859406115e-05,-0.00198417989169464,-0.001569243572626,-2.78734667258362e-06,-0.00501316107683802,-0.000120304743056465,-0.00330328740744434,-0.00301056156928592,-7.59696511885011e-05,8.11857077316347e-05,-0.000943079238847844,-0.000253014267376894,-0.00231432064802828,-0.00270462932643145,-9.34829904677414e-05,-0.00200932104850082,-0.00356854304144161,-0.000135302255285019,-0.000195236619108918,-3.71551840201434e-05
"1:45004938:G:A",-0.000853589753011974,-0.00250131957583033,-0.00161773515899499,-0.000411499214414413,0.000168686619899105,-0.000300575605831632,-0.00167582878246275,-0.000429441179991663,-0.00206957043196621,-0.00111027138312814,9.06353244189972e-05,-0.000184150774227732,-0.000542694977426983,0,0.000326470450949579,-0.000385302175139657,8.91363555588498e-06,-0.00025005924123267,-0.000561726266316676,-5.83407815319958e-05,-4.37442327232418e-05,-5.84293814744896e-05,-0.0025268523688009,-0.00259341649425604,-0.00405168083691043,-0.00126740486942012,-0.00171964844904515,0.000280284859453417,-0.00236241550938665,-0.0011911992155289,-0.000484498669407252,-0.000118878092312258,-0.00343445946430521,-0.00073400357978759,0,-0.000181429292753776,-0.00254162519071865,-0.00177073998840616,-0.000246170347322661,-0.000175244759995863,-0.00479797522679704,-0.00315657141933379,7.07389605265618e-05,-0.000411957387975725,-0.00044311385404372,-0.00273746789607365,-0.000843336083591772,6.47530596529222e-05,-0.00345278027422102,-0.00674471558308376,1.17387721774165e-05,0.000571989591251487,7.74841835875506e-05,-0.00436496393367181,0,-0.000426640882948082,-0.00306514257629953,-0.00193445491620547,-0.00129809857188867,-0.00109593519728968,-0.00292552011678548,-0.00193047688860926,-0.00230320845421161,-0.00815990294327662,-0.00341204610267187,-0.00539948147208413,-0.000618838552520096,0.172522066394243,-0.00091597696755219,-0.00551888789624311,7.31948014278672e-05,-0.000105335137912554,-0.00152123758696376,-0.00464982062673958,-0.000175347015277438,7.74841835875506e-05,-0.0022809474099148,3.87071105567571e-06,6.89513355380811e-05,-0.000675831789445969,0.000376366409433615,-0.000101852734699648,-0.00473559918822275,-0.00224305257184376,-0.00254831379500775,-0.000112182648860149,-6.20009945384581e-05,-0.000455994353152356,-0.000105335137910778,-0.000105335137912554,-4.74766452844833e-05,-0.000950858292997125,-3.61530394439313e-05,-0.0012970103351595,-0.00196714259948383,-0.000190875576559613,-0.00279720138478545,-0.00017225351562189,-0.000559454149121397,-0.000108778222672079,-0.000303677169982031,0,0.000868047345903733,-0.000352184823356971,-0.00142693449235942,-0.00962803309909877,-0.0055893645820877,6.89513355380811e-05,-0.000115549061727727,-0.00513164649843656,-9.83303381252298e-05,-0.000585419897716655,3.87071105567571e-06,-0.00189665022764984,0.000226699839495303,-0.00108612103151851,-0.00440606356344198,-0.00446333294174828,-0.00043570715049146,-0.00199895854156917,-0.00292206632896086,-0.000506027968220302,-4.37442327223536e-05,0.000171148081781425,-0.00124345159801731,-0.000748841995032556,-0.00118280746004462,0.000376200725320075,7.31948014278672e-05
"1:45010745:T:C",-0.0069857377016902,-0.00722667307858149,-0.0107753113752853,-0.00525012963819149,-0.00832055542068888,-0.00189197972567223,-0.000880510340619978,-0.00722803174827913,-0.00881326556866613,-0.0111057806009476,-0.00732394861699692,-0.00340702997523135,6.60912783025935e-05,0,-0.00154036852397432,-0.00240209543937331,-0.000620334841962222,-0.0011347400481303,-0.00105039473861135,-0.00222459598496849,-0.00530016857439719,-0.00497852868517601,-0.000993088793294294,-0.00119882947437588,-0.00634385736043086,-0.0041247974991121,-0.00295428529109554,-0.00115952881393788,-0.00202632144909387,-0.00457534879660049,-0.00108310083533958,-0.00134391227793262,-0.00363776624331535,-0.00375559119547475,0,-0.00363607165714797,-0.00091519737701784,-0.00494384784825197,-0.000569556471665678,-0.00877905787999955,-0.001727738195759,-0.00983184760052147,-0.000927325939730217,-0.00552348508342249,-0.00158421070277415,-0.0167720815640968,-0.004351292190651,6.7894614695696e-05,-0.00901517347534186,-0.000639555490886679,-0.000758626442364907,-0.00247175107667008,-0.00150228768791827,-0.00571237846115968,0,-0.0178100841848736,-0.00690004606959782,-0.0046301844930321,-0.0034593110116603,-0.000465933941494967,-0.0119405555057517,-0.000643718601062826,-0.000117456188872822,-0.0118258475768078,0.000153490367575948,-0.00110510471483716,-0.000551995896269197,-0.00091597696755219,0.437223358358739,-0.00137632505933372,-0.00525833966690925,-0.000763765796916616,-0.00497612594783314,-0.00443900396970554,-0.000391753222544367,-0.000508055204192281,-0.00418718306613686,-0.0038603654062328,-0.00528792100035158,-0.0050822555595853,-5.89350603714678e-05,-0.00290449425579586,-0.00258094563414746,-0.000884948441392641,-0.000176349921830354,-1.85793013347535e-05,0.00015907443413532,-0.00521754252931217,-0.00731165730699512,-0.000763765796916616,-0.00407345624374944,-0.000918977896111617,-0.00359871009277413,-0.000970899713314211,-0.00239862475838315,-0.0010859933737315,-0.00343777033105708,0.000205759630256708,-0.00228233862048244,-0.00165576470273354,-0.0127807905277399,0,-0.00260895480574241,-0.00076858113876721,-7.91436244194088e-05,-0.00102070320086689,0.00036399862851999,-0.00532332426056481,-0.00336452669974818,-0.0035560665819041,-0.00141107464547519,-0.00666231163560393,-0.0038603654062328,-0.000192068225749242,-0.000577754136923403,-0.00576153569698556,-0.0113442470410257,-0.00301993536676992,-0.00330381660611057,-0.000739415593026482,-0.0096911809730309,9.13976164729213e-05,-0.000227983865940473,-0.00519943496341124,-0.000563993845360322,-0.00322014132120696,-0.00216166496061199,0.000121059019490666,-0.00285795199015659
"1:45013033:T:C",-4.51442641189459e-05,-0.00199266439340651,-0.00190979508228484,-0.000114777205084238,0.000314079480771667,-2.59912682132324e-05,8.26216807503499e-05,-0.00022015979788037,-0.00119039410760369,-0.000106101507298284,1.96035795161364e-05,3.11159577481845e-06,-3.27153240453626e-05,0,6.61871786551416e-05,-0.00238165867972651,-2.97645581452954e-05,0.00182660404527013,-0.003605254529778,3.25135614147598e-05,-7.41690773242709e-06,-1.13305771956007e-05,-3.15905477474843e-05,9.41634673168323e-06,-0.00250467620777961,-1.03670743767381e-05,7.71458285813154e-05,5.74909167427862e-05,2.41870667174737e-05,-2.11877264923999e-05,5.87759087498085e-05,-2.30349024521459e-05,8.32691502061778e-06,-9.01555335204307e-05,0,-3.51275126782014e-05,6.61871786551416e-05,3.04404098905309e-06,-4.76236352939807e-05,2.65503103928921e-05,-0.00170054026150268,0.000150195270276932,4.88061241989968e-05,-0.0015290980842888,-0.000222231097289693,-0.002507794365326,-4.84325002112485e-05,1.30653618430898e-05,-0.00182417447496608,-0.00176282174136499,3.04404098905309e-06,-0.000894027757197158,1.62856359535724e-05,-0.00157982537731893,0,4.98068522434281e-05,2.33921389982683e-05,4.84043411761448e-05,-0.000116260564607451,-0.00138589920269183,-0.00110880653333822,1.19743281219442e-05,1.73805530723214e-05,-0.00494355302597693,-3.15905477474843e-05,-6.71889851489027e-06,4.59046588847656e-05,-0.00551888789624311,-0.00137632505933372,0.061795247823448,1.52015690160212e-05,-1.93016816645297e-05,-0.00014752879204849,5.09542224014226e-05,-3.33777968668514e-05,1.62856359535724e-05,4.26890728544294e-05,1.00456487306388e-06,1.41281955752248e-05,0.000261344709754141,-1.22843831880104e-05,-1.83437032568179e-05,5.17091644303136e-05,-0.00108905758763544,1.38892627585818e-05,-2.11877264923999e-05,-1.22843831880104e-05,-8.83216673832621e-05,-1.93016816636415e-05,-1.93016816645297e-05,-8.41039028998125e-06,-8.31147949904576e-05,-5.39888570649794e-06,-0.00125351351159431,2.0191955023563e-06,4.73309649242637e-05,-7.58740431718863e-05,-3.24889382401494e-05,-0.00304104227723911,-2.02496379468897e-05,-5.74462821756327e-05,0,-0.00135187719073482,0.000101071688061616,-0.00145225944868965,-0.00630753594047917,-0.00172249604130847,1.41281955752248e-05,-2.21160985729441e-05,1.8486480030333e-05,-1.73755451724489e-05,-0.000333834753504014,1.00456487306388e-06,-2.50216996642294e-05,4.71483146071705e-05,-0.000978354965040396,-0.00191678910949378,3.05066046335511e-05,-3.68408533502063e-05,5.22484429357206e-05,-0.00371223613058369,-5.66513916577804e-05,-7.41690773153891e-06,3.64437785851379e-05,-4.42997381835397e-05,-0.000824828582778991,5.37095389443465e-05,7.58244748801928e-05,1.52015690160212e-05
"1:45013493:T:G",-0.00235219097970063,-0.00366788268515794,-0.0015960297432942,-0.00264825087491527,-0.00280817497481678,1.7838336876963e-05,-0.00311329911605984,-0.000144102841494131,-0.000270987471205686,-0.000137703499813568,-1.56317577175713e-05,-3.64296779142848e-06,-0.00111630844237709,0,-5.44354379625744e-05,-1.47418688332124e-05,2.08570710880096e-05,-0.00310866837083523,2.68505342058134e-05,-0.00132347778231523,5.11324833496474e-06,8.31437497694765e-06,-0.000266483833758713,-7.89574087001199e-06,-0.00178440713570183,7.52894712441332e-06,-6.42622682196503e-05,-4.70150162019678e-05,-1.96084147026099e-05,1.52015690160212e-05,-4.82167707644976e-05,1.6682773199328e-05,-6.97328232757144e-06,6.11562205472538e-05,0,2.51044310441983e-05,-5.44354379625744e-05,-2.53346335288285e-06,3.35784836584807e-05,-0.00356673455115075,-6.21074987527948e-05,-0.0021034500480992,-0.000226323137382245,-0.00301144774843198,-0.00150146778125659,-0.00410370906324076,3.42054778990075e-05,-1.00344951761144e-05,-0.000462188758536541,0.000359252271950439,-2.53346335288285e-06,-0.000101763423310253,-1.27803761511558e-05,-0.003949143207997,0,-0.000412252333795493,-0.00320805217626319,-0.00389056132295096,7.63270977310881e-05,1.59467735638685e-05,-0.00109283745756716,-1.24809897501521e-05,-1.37188200355354e-05,-0.00339881881235815,2.23088689157436e-05,2.01445192438143e-06,-3.71551840201434e-05,7.31948014278672e-05,-0.00525833966690925,1.52015690160212e-05,0.114067000600169,1.36828494872177e-05,9.40079125477666e-05,0.000305987155176268,2.37242054810238e-05,-1.27803761511558e-05,-3.51217976142237e-05,-8.34084366907462e-07,-1.09384277209301e-05,0.000156268082317723,9.09020117845216e-06,-0.000306799579433026,-0.00155530866545472,-0.000632707364324858,-1.17081456307844e-05,1.52015690160212e-05,9.09020117845216e-06,-0.00228751933786153,1.36828494881058e-05,1.36828494872177e-05,5.92856881009851e-06,5.58294906678469e-05,3.4513846918216e-06,-0.000312046099709029,-0.0019942126070065,-0.00154985609463854,5.02695191153535e-05,2.3021008878743e-05,-0.00198840735788242,1.44469867153774e-05,-0.0056309989140102,0,-0.00380143456695681,-8.69559660223729e-05,2.3021008878743e-05,-3.71551840210316e-05,-0.00123641275865882,-1.09384277209301e-05,1.59467735638685e-05,-1.46692046607555e-05,-0.000275979693234341,-0.00305012873808952,-8.34084366907462e-07,1.70585548664448e-05,-3.82893261425821e-05,-0.00419008913259589,-0.0109501520060418,-2.42282728271093e-05,-0.00196001285798797,-4.29782104269805e-05,-0.00417871512057921,-0.00277798917239735,5.11324833674109e-06,-2.94959959239449e-05,-0.0055551266281535,5.22326731040579e-05,-4.35017984647956e-05,-6.2974853013209e-05,-1.18536509257083e-05
"1:45014128:C:G",-0.00232484666400179,-0.007850400202007,-0.00608156286993378,-0.000107868033000891,-0.00334930752516982,-0.00130494690410643,7.21085864396898e-05,-0.000474046549483909,-0.00599256302930939,-0.00251620445909406,1.76314827600166e-05,-0.000236092713070235,-0.00211199955560382,0,-0.00146150093690256,-0.003402066478432,-0.00331806236708232,-0.00143318281443428,-3.57570885078928e-05,-0.00181547689739414,-6.70263166835383e-06,-0.00615427418668535,-0.0011486419060347,-0.00281587008078255,-0.000515837388921803,-9.4053279626749e-06,-0.00797847400175744,-0.00201668299192903,2.17277645404579e-05,-1.93016816645297e-05,-0.00247513409082067,-2.10102682673963e-05,7.55151189757441e-06,-8.41287331505569e-05,0,-3.21812803507626e-05,-0.00446790120588947,-0.00017428927159191,-4.38212311930641e-05,2.38336579725384e-05,6.49806334287462e-05,-0.000369662687405459,-0.00248591872653492,-0.00244624244081404,-0.00334366217278692,-0.000952152535356632,-4.45824735271216e-05,1.17616158830103e-05,-0.00179855106418092,-0.000224174581306968,-0.00017428927159191,9.89863927811641e-05,-0.00252315979927076,-0.00460832681118895,0,-0.00231935191977062,-0.0140068463290373,-0.00210451008777746,-0.000109317156054445,-2.01601453904132e-05,-0.000252204535142297,-0.000166335592850508,-0.000205256769161721,-0.00449805630006939,-2.88838463298191e-05,-0.00306436223740647,-0.0022342353569762,-0.000105335137912554,-0.000763765796916616,-1.93016816645297e-05,1.36828494872177e-05,0.147740284949519,-0.000139932757044825,4.51762719722026e-05,-0.0037206982737219,1.4656569923055e-05,-0.00167089845981305,9.13509866862228e-07,1.2717901282322e-05,-0.00422256035073598,-1.1164766512195e-05,-1.66750463854726e-05,4.59789715252512e-05,0.000316537540725914,-0.00158266762157755,-1.93016816645297e-05,-1.1164766512195e-05,-8.23612690128428e-05,-0.00335240142939863,0.0027129932842378,-7.61215708067198e-06,-7.73505826749954e-05,-4.85710285325069e-06,-5.83197166128535e-05,1.83548645349418e-06,-0.00168088527673849,-0.00103016692267754,-2.97207265260724e-05,-0.00167070421281945,-1.84347582630195e-05,-5.3018929155435e-05,0,0.000158005573554387,8.72209015732039e-05,-2.97207265269606e-05,-0.00203510044247501,0.000151229086309712,1.2717901282322e-05,-2.01601453904132e-05,1.66307731364057e-05,0.00202624304826493,-0.00102361058887102,9.13509866862228e-07,-2.2778812954094e-05,4.18611143810921e-05,-0.000789204278311306,-0.00180356853738051,2.72830538197155e-05,-3.37811134523136e-05,4.63007710713725e-05,-0.00179524371632933,-0.00343030928206911,-6.70263166746565e-06,3.25333957817975e-05,-0.00241275127631191,-7.05498431647911e-05,4.75065079532655e-05,6.6326409575268e-05,-0.000355566001951857
"1:45014593:C:T",-0.000310082436181247,-0.00664218626619029,-0.0032565536969309,-0.00451072026822619,-0.00234744178124124,-1.51064114373156e-05,-0.00271190229184448,-0.00697450318038229,-0.00570096019428368,-0.0023138439274355,0.000114511884713231,-0.000493649781956762,0.00060645329145359,0,0.000430031478265036,-0.00437452223742785,-0.0011930581182158,-0.000415556050868737,-0.000288912345965286,0.000566623516284004,-5.97820140502137e-05,-7.64254327831893e-05,-0.000222364524466556,-0.00136427106334214,-0.00193477180738943,-7.23346955870952e-05,0.000505728256513294,0.000366145397145523,0.000135972295289832,-0.00389106992293797,0.000372788299281446,-0.000154953128327584,-0.00137984567040128,-0.00272002436526364,0,-0.00167048173184892,0.000430031478265036,-0.00313072443119999,-0.000867923745788701,0.000147082288461498,-0.00176909054242369,-0.00205805876514376,-0.00369914148777273,-0.00329813745648266,-0.000132066192318092,-0.010098911331704,-0.00137068550089214,8.40948592779611e-05,-0.00923825170666204,0.000165569736322979,1.35521837005825e-05,-0.00245309115487125,9.90477503588494e-05,-0.00454052789362702,0,-0.00427420863981087,-0.0140637889139184,-0.00163754543130956,0.00061494235748949,-0.000151262056665935,-0.00501745164388678,-0.000301078466903526,0.000104144378782145,-0.000348417504867804,-0.000222364524466556,-0.00197325741545562,-0.0043819522760149,-0.00152123758696376,-0.00497612594783314,-0.00014752879204849,9.40079125477666e-05,-0.000139932757044825,0.221003450465273,0.000312538494772419,-0.001019705031295,9.90477503588494e-05,-0.00291857307699761,4.46725765179679e-06,8.90239228024114e-05,-0.00235473333768788,0.000536555367682823,-0.000136068480666829,-0.000324786027954715,9.84572148063911e-05,-0.00285527061691226,-0.00104754739450108,-8.04707226782497e-05,-0.00100583354485195,-0.000139932757043937,-0.000139932757044825,-0.00122344465602442,-0.000179852325311813,-5.11717339515272e-05,0.00148438274973106,8.98437269825081e-06,-0.00502096442406952,-0.00059757658998727,-0.00123093038764743,-0.00506741929883603,-0.000143752606954095,-0.00182923887425712,0,-0.00301605524770254,-0.00188603397168574,-0.00108096342879005,0.000287133219200264,-0.00182079544780667,-0.00159760924035268,-0.000952776120211496,0.000109298761655552,-0.000132158998360055,-0.00387352619874637,4.46725765090861e-06,-0.00247367974482948,-0.00802101960767665,0.00158461773425644,-0.00325643813760568,-0.00490668279774997,-0.000311950552644547,-0.00347075035152855,-0.00918757942417425,-0.00233249100261101,-0.00413215945127199,-0.00391347198131875,-0.00393893289739111,0.00031754535688755,-0.00361461106721972,-0.00268972937671474,9.40079125477666e-05
"1:45015281:C:T",-0.00234717509996418,-8.54386135706875e-06,-0.00135822568880251,-0.00149407402125412,-0.00191562588879357,6.20502802650691e-06,-0.00438013033316142,-0.000211850634144639,-0.00075087243574945,-0.00205286602282939,-0.00150078264415487,-9.60941355607758e-05,-0.00139253013932361,0,-0.000191879619648283,-0.00182731753805854,6.87927337494898e-05,1.29920454217114e-05,-0.00195944092967171,-0.00278523177666123,-0.00201662214859422,2.82487500076201e-05,-4.50738478212642e-05,-0.00169811120252916,-0.000312144237473166,2.52712271748834e-05,-0.000226578003060141,-0.000166499673745157,-0.00344767659397149,5.09542224014226e-05,-0.000389906024778952,5.65794700913003e-05,-0.00170654733955899,0.00020630386770204,0,8.49837797796127e-05,-0.000191879619648283,-9.60424280016525e-06,-0.00154551643471112,-0.00112216893142936,-0.000412229514427764,-0.00536013531951962,-0.000328025861541015,-2.55447193513447e-05,9.1144865084658e-05,-0.000319548065598863,-0.00140909653215715,-3.48806841241611e-05,-0.00123066794217586,0.000744070405522379,-9.60424280016525e-06,-0.000362269970841211,-4.53032875062931e-05,-0.00114747241469493,0,-0.00023296961652175,-0.00121998229442077,-0.00228460242796036,-0.00137909583158269,-0.00270127747074955,-0.00499510266917902,-0.00256307594136906,-4.88718315523329e-05,-0.00140746907063249,-0.00194163984146112,-2.71596565717402e-05,-0.000131892264546352,-0.00464982062673958,-0.00443900396970554,5.09542224014226e-05,0.000305987155176268,4.51762719722026e-05,0.000312538494772419,0.156717574344996,7.97318408327641e-05,-4.53032875062931e-05,-0.000127419246479299,-0.00227124213940488,-0.00376293224149471,-0.000457631598079544,3.11873183926892e-05,-0.00226456213095894,-0.000179565908817736,-0.00130913099521557,-0.00113820126825548,5.09542224014226e-05,-0.000455807111665152,-0.00313599150303823,4.51762719722026e-05,4.51762719722026e-05,1.91962173721194e-05,0.00018564359540818,-0.00135262189241825,-0.0010258701054835,-0.00207231268857822,-0.00434660541437903,-0.000417264136597595,7.70525604227856e-05,-0.00143049749088897,-0.00418850157726247,-0.00504476300944123,0,-0.000315383394258628,-0.00020438465370809,7.70525604218975e-05,-0.000131892264546352,-0.00305389817586565,-3.8308642103857e-05,5.37855574753721e-05,-5.24891354523049e-05,-0.00289848936946324,-0.00249766370395754,-0.00227124213940488,-0.00224739896306936,-0.00450431335974866,-0.00720575697751036,-0.00341564435051112,-0.00125189147384042,-0.00593754847439776,-0.000154222744155774,-0.00788729380532782,-0.00187750117855146,1.6097128760606e-05,-0.000105821939657247,-0.00102037952735312,-0.00111687568433627,-0.000153065779896266,-0.000221647271805736,-4.1782537837598e-05
"1:45017067:G:A",-7.08858157052461e-05,-0.00125986667036493,-0.0103911659135059,-0.000178937161705583,-0.00121324822134028,-4.14345081169998e-05,-0.00212754965092898,-0.000294391897275759,-0.00401686156373415,-0.00117268456598296,3.0441262921066e-05,4.01458013588041e-06,-0.00211640009145153,0,0.000104309310117401,2.37119558139653e-05,-0.00116016213145453,-3.24924687449268e-05,-0.00126713191625072,-0.00233456688817224,-1.18990821116327e-05,-0.00617044559510127,-4.97872455715864e-05,-0.000851737618900117,-0.0017350898480748,-0.00125240015074812,0.000121827867077151,9.03458357548459e-05,-0.00171265471620785,-3.33777968668514e-05,9.23401830297266e-05,-0.000878904671544056,-0.00160792713211411,-0.000140313792186042,0,-5.50563173922214e-05,0.000104309310117401,4.61469325063746e-06,-7.45522085381367e-05,-0.0018119005812629,0.000116757385664634,-0.00212828008381916,7.52529905030386e-05,-0.000100751517772224,-0.00187018797839222,-0.00458576536842159,-7.57477469761625e-05,2.0467961396875e-05,-0.00181013582091616,-0.000334735768982242,-0.00180048302388069,-0.00120454975141815,2.53775089626984e-05,-0.000718427931366783,0,-9.5202931242433e-05,-0.00225613218228204,7.57895925724839e-05,-0.000165033417692584,-3.4769546203961e-05,9.20100035539662e-05,-0.000161536806125184,-0.00205518433884766,-3.35613970570137e-06,-0.000328944074196258,-1.25745315324721e-05,7.19283852088637e-05,-0.000175347015277438,-0.000391753222544367,-3.33777968668514e-05,2.37242054810238e-05,-0.0037206982737219,-0.001019705031295,7.97318408327641e-05,0.110166647530801,2.53775089626984e-05,-0.00362365592509484,1.5224157179361e-06,2.20877740915171e-05,-0.000232605279579801,-1.92387352653256e-05,-2.91118206758867e-05,-0.00149691419727116,0.000237002014709553,-0.0015654403671741,-3.33777968668514e-05,-1.92387352653256e-05,-0.000137685099018903,-3.05491772314426e-05,-0.0037206982737219,-1.33980358771879e-05,-0.000130213599270235,-8.85290870833444e-06,3.33438588953072e-05,3.06056601839799e-06,-2.63248550869122e-05,-0.00106999678366559,-5.11261164799492e-05,-0.00301450672387116,-3.1971087394389e-05,-9.01206859760251e-05,0,-0.00120094703905904,0.000160199508598247,-5.11261164799492e-05,7.19283852088637e-05,8.69269808516648e-05,2.20877740915171e-05,-3.4769546203961e-05,2.87357713295577e-05,-0.00346317026966503,-0.00189821846332894,1.52241571704792e-06,-3.99867162022005e-05,7.38490121836577e-05,-0.000762663475870617,-6.99603676128646e-05,4.7703035468416e-05,-5.76067266058189e-05,-0.00190390464707324,-0.00757393200587053,-0.0011911170022465,-0.00140322221890532,-0.00387627063607088,-6.96363525509724e-05,-0.000118369978755695,-0.00407599966042493,0.000119760316734663,2.37242054810238e-05
"1:45024152:A:G",3.38017912984157e-05,-0.00324811537250458,-0.00150310504105899,7.95692248116708e-05,3.90125024321009e-05,-0.00196785672095601,-7.67141158775075e-05,-0.0021413727227193,-0.00036204599746803,-0.00597181025281834,-1.68757574883216e-05,0.00011977933855345,-9.01952621470414e-05,0,-5.91070636266622e-05,-1.59858858088668e-05,-0.00244658562878186,-0.00178553984166108,-0.00246230365285172,-8.67080594533221e-05,5.47820117713371e-06,-0.00231633033510636,2.38644907080143e-05,-8.52861492628421e-06,0.000215075379029095,8.07742992314786e-06,-6.98838313537564e-05,-5.09988544594719e-05,-2.11929402720301e-05,1.62856359535724e-05,-5.23164371326601e-05,-0.00334050509745332,-7.53078802873119e-06,6.49322994004109e-05,0,2.68520252788562e-05,-5.91070636266622e-05,-2.73349665125266e-06,3.58553596404576e-05,-0.00143874146676293,-6.7546076037317e-05,-0.000283262812745377,-0.00169316970962896,5.03179449831137e-05,-0.00173578622405479,-8.63842733531683e-05,3.65225144252079e-05,-1.08106461826907e-05,-0.00116108430945605,-0.000495142957528394,-2.73349665125266e-06,-0.000111315675316526,-1.37843575265251e-05,-0.000272286109252562,0,-0.00550564480552751,-0.00180349751438058,-4.27385781245349e-05,8.07551457464584e-05,1.70845784310814e-05,-0.0015840301173089,-0.00289427040932022,-1.48014111820416e-05,-0.00183950554444845,2.38644907080143e-05,-7.91769197157066e-05,-4.02425884491464e-05,7.74841835875506e-05,-0.000508055204192281,1.62856359535724e-05,-1.27803761511558e-05,1.4656569923055e-05,9.90477503588494e-05,-4.53032875062931e-05,2.53775089626984e-05,0.0768838490225789,-0.00156573452066322,-8.99621857897159e-07,-1.17892195010683e-05,-0.000796196703351626,9.75585167406479e-06,1.38260418758307e-05,-0.00291227161695051,-0.000412872704020906,-1.26564712905619e-05,-0.00246171027742648,9.75585167406479e-06,6.34815313969028e-05,1.46565699239432e-05,1.4656569923055e-05,6.35576771124136e-06,5.93259539556357e-05,3.68850979270974e-06,-0.000617144354376542,-1.81071460403359e-06,-0.00163632571425421,5.34561720941795e-05,-0.00217503605361369,-0.000592705362537416,1.54763663440249e-05,4.23582592441463e-05,0,-0.00215655809521209,-7.39310304709306e-06,2.4625905441944e-05,-4.02425884491464e-05,-0.00355838599879021,-1.17892195010683e-05,1.70845784310814e-05,-1.58317910168293e-05,1.29845720771016e-05,-0.00296013674016216,-8.99621857897159e-07,1.82431172301989e-05,-4.14821646712582e-05,-0.000493234876153714,-0.000203916631556389,-2.61815351327854e-05,2.82894795091693e-05,-4.66122919622336e-05,-0.00297474017391686,-0.00219181449705896,5.47820117802189e-06,-3.19182469841195e-05,3.30993359343168e-05,5.55646867175241e-05,-0.000550911663115272,-6.84656917711024e-05,-1.27803761511558e-05
"1:45025278:C:T",-0.00353587914877007,-0.000287233582756841,-0.00155556493115272,-0.00122471173085614,-0.0047158108883556,-0.00274057411564144,4.67860446997648e-05,-0.00237068381457561,-0.0027149160291815,-0.0024477358378947,-4.71253550511364e-05,-7.11860321480628e-05,-0.000338477105115587,0,-0.000164800136880139,-4.35855642839655e-05,-3.68778865755814e-06,-0.00189820030406374,2.84423053207306e-05,-0.00026085313475388,1.37692018009616e-05,2.36761560916676e-05,-0.00175395994904815,-2.00679079496169e-05,-0.00812154803567777,2.12523022824485e-05,-0.000344614922921593,-0.00119683862594755,-0.00171357698316577,-9.76860130927903e-05,-0.00337165506272186,4.7220220324995e-05,-0.000216153851515521,-0.000839357524875517,0,-0.00170825932959939,-0.000671735165258092,-7.90714558274175e-06,-0.00309272994193854,-0.00161256410913957,-0.00265186373186843,-0.00517629566262734,-0.000124880075601297,-0.00317773544912558,-0.00277295042207504,-0.00164438037955561,-0.00348125454678083,-2.93759261325022e-05,-0.00118834344380092,-0.000349559659319709,-7.90714558274175e-06,-0.000679520684286672,-3.80573587790423e-05,-0.00871087855824193,0,-0.00167845748622542,-0.00172001989822146,-0.000119700625904606,-0.00464914396511773,4.49708250949143e-05,-0.00241024532826284,-3.22025343519883e-05,-4.10358547977552e-05,-0.0020771016332235,6.21313196154105e-05,-0.00204001664064979,-0.00011221454012933,-0.0022809474099148,-0.00418718306613686,4.26890728544294e-05,-3.51217976142237e-05,-0.00167089845981305,-0.00291857307699761,-0.000127419246479299,-0.00362365592509484,-0.00156573452066322,0.185490295911343,-2.59830893956092e-06,-0.0012882542363748,-0.000934754288364203,2.60659584467859e-05,3.56427256313907e-05,-0.00132663866646965,-0.00141169858898138,-3.6914656201148e-05,-0.00176533125670808,2.60659584467859e-05,-0.000295493343861253,-0.00228731988499931,-0.00167089845981305,1.62995680925704e-05,-0.00342662765364032,-0.00203973050472062,-0.00444000639677133,-5.23376440320078e-06,-0.0120958512971896,-0.00236904564521367,-0.00185106910605981,-0.00172511710576284,4.03742783854355e-05,-0.00116404855950769,0,-0.000332146989745041,-0.00026812313566893,6.42982203880038e-05,-0.000112214540131106,-0.000442425685935888,-0.0012882542363748,4.49708250949143e-05,-0.00271728658456638,-0.00179179471902291,-0.000369700606809076,-2.59830893956092e-06,-0.00207336792369706,-0.000115929155334982,-0.00159584698330972,-0.00542211968004569,-0.0013832515911405,7.46772579853783e-05,-0.00506539714139009,-0.00285179004668734,-0.00169965215175605,1.37692018009616e-05,-0.00523356253796869,8.60656279471073e-05,-0.00094870468100261,-0.00166004457648761,-0.00019114306208845,-3.51217976142237e-05
"1:45025387:T:C",1.97729713136141e-06,-7.96146262249664e-06,4.89448392659853e-06,3.93313264179795e-06,2.25603549708353e-06,-0.0037305074124756,-5.67433808296158e-06,-0.00344444929320975,-0.00402377752596994,3.6223848338679e-06,-0.00362716795841589,-2.16076422532296e-07,-6.83211591478994e-06,0,-4.26840384371019e-06,-0.00376462924421794,1.36031300712602e-06,8.99958366495923e-07,1.7212129268529e-06,-0.00347315310746943,3.56530901690633e-07,5.58912898185326e-07,1.44279161595762e-06,-5.32480716408656e-07,-0.00431810003495325,5.09606246090755e-07,-5.15154715596822e-06,-3.61616806099363e-06,-0.00366522879164677,1.00456487217571e-06,-3.71615421634885e-06,1.09253053892644e-06,-4.69131523850308e-07,3.39629089562976e-06,0,1.59931555643311e-06,-4.26840384371019e-06,-1.68433871294837e-07,2.07764557913492e-06,-0.00431214575872652,-4.93375073418179e-06,-1.88088404753373e-05,-3.09337817760991e-06,2.91292923826347e-06,-0.00400086659977106,-0.00386173425821124,2.10994640070794e-06,-7.06302828668015e-07,-0.00399938247490628,-0.00185052525651042,-1.68433871294837e-07,-8.77678473365506e-06,-8.99621857897159e-07,-0.00380232582839568,0,-0.00341848589908267,-5.02894557730116e-06,-0.00336429265585814,3.96788348933086e-06,1.04892504904086e-06,-0.00303607989981192,-7.86915807182709e-07,-9.66290887305377e-07,-0.00397912963533642,1.44279161595762e-06,2.18183966893548e-07,-2.78734667258362e-06,3.87071105567571e-06,-0.0038603654062328,1.00456487306388e-06,-8.34084366907462e-07,9.13509866862228e-07,4.46725765179679e-06,-0.00227124213940488,1.5224157179361e-06,-8.99621857897159e-07,-2.59830893956092e-06,0.125532638653366,-0.00145262123686507,-3.45366873313324e-05,6.07392329321499e-07,-0.00148385632201098,-3.31179085932831e-06,-0.00304171862245184,-0.00404535361013103,1.00456487217571e-06,6.07392329321499e-07,3.34277282298956e-06,9.13509867750406e-07,9.13509866862228e-07,4.084350075928e-07,3.18518552155922e-06,-0.00405565047130363,-0.00372167569752158,-1.11335618058206e-07,-0.00377543426970117,2.95200453770406e-06,1.48295216106931e-06,-0.00460636004598047,-0.0044456019946999,2.41127434463806e-06,0,-3.70354957901498e-05,-7.29980839775379e-06,1.48295216018113e-06,-2.78734667258362e-06,-1.80607658579746e-05,-7.69652941379206e-07,1.04892504904086e-06,-1.03411766527728e-06,8.19219115655301e-07,-0.00456532340550098,4.89448392837488e-06,-2.73086846611648e-05,-0.00332533104864385,-0.00292813207673515,-1.76310562780557e-05,-1.76080958969038e-06,-0.00880609812774225,-3.25633542619386e-06,-0.00330541270015683,2.38134265284629e-06,3.56530902578811e-07,-2.16094948957135e-06,1.94265341590949e-06,3.00914703288413e-06,-3.32644566825024e-06,-5.03750791747137e-06,-8.34084366907462e-07
"1:45027315:A:G",2.95197805622038e-05,-8.63432926951901e-05,-0.00158102846967889,7.08598362892943e-05,-0.00184840626633154,-0.00518109451107929,-6.42115459346115e-05,-0.00479386845758079,-0.0050640617463289,6.07538523862416e-05,-0.00122755359348847,-3.33031413912721e-06,-0.000917282079161197,0,-4.98194893392423e-05,-0.00136309791659173,1.94160442203994e-05,1.21133143222707e-05,2.50337948326518e-05,-0.00464779408128901,4.75048085935015e-06,7.71315590775146e-06,2.07684037762945e-05,-7.27380374332398e-06,-0.00155113179880306,6.98580913827129e-06,0.000192633530282649,-4.30805378694998e-05,-0.00126873628487889,1.41281955743366e-05,-4.41685010814652e-05,1.5504685250356e-05,-6.42538153794447e-06,5.74217956730294e-05,0,2.33753456129193e-05,-0.000155585199763664,-2.33682540695668e-06,3.13258785569204e-05,-0.00579644603673213,-5.67380935345696e-05,-0.000172233893945162,-3.82140678496512e-05,4.45176708430139e-05,-0.00136220024457234,-0.00532783593812614,3.19134092405804e-05,-9.26729003491999e-06,-0.00524092517126995,0.000599581944219274,-2.33682540695668e-06,-9.23264738084129e-05,-1.17892195010683e-05,-0.00139008276824448,0,-0.00458904639496804,-0.00152087461440242,-0.00098430696692553,7.19475689683335e-05,1.48205897207987e-05,-0.000862849363511664,-1.14153324819455e-05,-1.26504072346378e-05,-0.00156704716073985,2.07684037762945e-05,1.95354134824299e-06,-3.41069232359104e-05,6.89513355380811e-05,-0.00528792100035158,1.41281955752248e-05,-1.09384277209301e-05,1.2717901282322e-05,8.90239228024114e-05,-0.00376293224149471,2.20877740915171e-05,-1.17892195010683e-05,-0.0012882542363748,-0.00145262123686507,0.125815857194707,-0.00108305583167212,8.43188385601934e-06,-0.00292956765138719,-4.06626362696727e-05,-0.000910597500769939,-0.00552126376906337,1.41281955743366e-05,8.43188385601934e-06,5.61113926274004e-05,1.27179012840983e-05,1.2717901282322e-05,5.50463292636749e-06,5.23696334022716e-05,-0.00596300927236992,-0.00157143058252807,-1.5485391680059e-06,-0.00514463624670825,4.71135027417802e-05,2.14321368208203e-05,-0.00635798543336286,-0.00202039926987752,3.71218677006624e-05,0,-0.00170963254618517,-7.91072675694338e-05,2.14321368208203e-05,-3.41069232367985e-05,-0.000165590216401057,-1.00978452888256e-05,1.48205897207987e-05,-1.35221820904974e-05,1.12725443006667e-05,-0.00621996881328535,-0.00145262123686507,-0.00146940334535195,-0.000944453486271257,-0.00433419087657327,-0.00128789633579274,-2.22995075365162e-05,-0.00637063895660184,-3.93930293327571e-05,-0.00120696671333143,3.65455298885209e-05,4.75048086023833e-06,-2.71064874182159e-05,2.89027964370803e-05,4.89372121492693e-05,-3.98969417823025e-05,-5.75480602389433e-05,-1.09384277209301e-05
"1:45029144:T:A",-0.000998576452601263,-0.00992821684315937,-0.0080059526397176,-0.00732746872080448,-0.000984683647204054,-0.00687322378959454,4.73883298455213e-05,-0.0100886782915768,-0.00492067175306588,-0.00324215205128597,0.000185241804443237,0.000172976325761631,-0.000373876331828171,0,-0.00305214581738511,-0.00766086376722042,-0.0055571164803041,0.000187545525181854,-0.000365560977584778,-0.000649457383484098,-0.00322488226800122,-0.00454165639715409,-0.000419954878277728,-0.0051980251371555,-0.00144574437978218,-0.00330366104900204,-0.0029417490941972,-0.000225579503100981,-0.00292471013041951,-0.00111692789620577,-0.00446075806225288,-0.00259419196500232,-0.00226117827451411,-0.00961019718112865,0,-0.00478756419715864,-0.000688920141016958,-0.000409050801806643,-0.00597977571944686,-0.0074177509214497,-0.00212618555313959,-0.00180788349286409,-0.0114310931980457,-0.00959638875487601,-0.00395242611627156,-0.0137309639512186,-0.000726791538629534,-0.000728437960941797,-0.0010416537490805,0.000179343068677618,-9.99709165192542e-05,-0.00572679154979649,-0.00142665612877479,-0.00212783910749215,0,-0.0223540446980408,-0.00749068495799809,-0.00483256521915187,-0.00131072268830845,0.000293235799060376,-0.007508699573473,-0.00249156423783692,-0.000425525935308535,-0.00669824841155098,-0.00181847354350939,-0.00470781367441475,-0.00129180423284492,-0.000675831789445969,-0.0050822555595853,0.000261344709754141,0.000156268082317723,-0.00422256035073598,-0.00235473333768788,-0.000457631598079544,-0.000232605279579801,-0.000796196703351626,-0.000934754288364203,-3.45366873313324e-05,-0.00108305583167212,0.421254109532291,-0.000451529409994933,-0.000147481916968673,-0.00035144653792063,-0.00749343815448533,-0.000153817245621468,-0.00420533405699608,0.000194467594998748,0.000535404910054105,-0.00502008147015243,-0.00422256035073598,-0.00144386051765544,-0.00544815142674437,-0.000145736472425106,-0.00981892169494714,-6.14889665184748e-05,-0.00583405207475041,-0.00190233543818819,-0.00409230337315769,-0.00728333207071508,-0.000583825974089791,-0.00715727775109887,0,-0.00898590223027096,0.00013461829435446,-0.00233367305596399,-0.00235473369027073,-0.00302342322289029,0.000382852579220661,-0.00152373241256676,-0.00319121532340549,-0.00678309392919019,-0.00876510245975481,-3.45366873313324e-05,-0.00180043564861698,-0.00585728617325554,-0.00912200951616793,-0.00128960707800951,-0.00251497354974006,-0.00916015658702385,-0.0022168574486594,-0.00421971195435278,-0.00124678746996398,-0.00439091064574892,-0.00442256091998505,-0.00126673854963322,-0.00360270026618625,-0.00320946774079989,-0.00144821880310708,-0.000495672730089325
"1:45029177:G:A",-2.58461877997718e-05,6.74641444602386e-05,0.000105462929940181,-6.34857679129297e-05,-3.03117201791991e-05,-1.4885270381626e-05,5.16213440349134e-05,-0.000115658912045902,0.000144336528652644,4.87486488314204e-05,1.17980485025981e-05,2.07379248351458e-06,6.01921739304956e-05,0,4.07891742666422e-05,-0.000138868178114038,-1.71127480177447e-05,-1.13372698686831e-05,-2.22757128538476e-05,5.76411280706068e-05,-4.28001780328202e-06,-6.62502903825413e-06,-1.81879893856873e-05,5.71814736360921e-06,9.37345045315396e-05,-6.04854356645035e-06,4.78874611324898e-05,3.5261682954868e-05,1.46314457589725e-05,-1.22843831880104e-05,3.60905043423898e-05,-1.33790257148547e-05,5.05372057624243e-06,-5.06252384715467e-05,0,-2.02658133652278e-05,4.07891742666422e-05,1.84244523282473e-06,-2.72893687878195e-05,1.60979867560584e-05,4.60179489651935e-05,-0.000335559281245956,3.01061844574235e-05,-4.33248977396161e-05,-0.000225024103436056,-3.00529266317184e-05,-2.77595479065695e-05,7.78077916763209e-06,-0.000223457587384956,-3.50902287706845e-05,1.84244523282473e-06,7.38856998063753e-05,9.75585167406479e-06,0.000146739887654235,0,-0.000320270046771931,4.45140932061605e-05,2.95598960855514e-05,-6.43337307177916e-05,-1.28347736954026e-05,-1.74292818053701e-05,7.70182162579403e-06,1.04289585758366e-05,3.14625506092625e-07,-1.81879893856873e-05,-3.38734393867668e-06,2.79694569185196e-05,0.000376366409433615,-5.89350603714678e-05,-1.22843831880104e-05,9.09020117845216e-06,-1.1164766512195e-05,0.000536555367682823,3.11873183926892e-05,-1.92387352653256e-05,9.75585167406479e-06,2.60659584467859e-05,6.07392329321499e-07,8.43188385601934e-06,-0.000451529409994933,-0.00133222865391147,-1.05953242179879e-05,3.19608452876707e-05,2.13460587730196e-05,8.45411333560975e-06,-1.22843831880104e-05,-7.19518179792544e-06,-4.95795977624169e-05,-1.11647665104186e-05,-1.1164766512195e-05,-4.87614766786493e-06,-4.66037535291619e-05,-3.06732684940414e-06,0.00021906137588612,1.22150336778759e-06,-0.000122146562663517,-4.24480641205705e-05,-1.87163716427463e-05,0.000220489878303809,-1.17277497375667e-05,-3.26670065415868e-05,0,0.000176123044859366,6.38275173381331e-05,0.000331578705728752,2.79694569185196e-05,0.000126268098340709,8.43188385601934e-06,-1.28347736954026e-05,1.1109647894969e-05,-1.00193110501579e-05,-0.000512301921696157,6.07392329321499e-07,-1.43116862485471e-05,2.87601328707865e-05,-5.54483895474078e-05,-0.000201811383965023,1.84103887521658e-05,0.0011165090681704,3.20153037831616e-05,0.000259483877703026,-3.22070921514594e-05,-4.28001780239384e-06,2.21277225627148e-05,-2.53539296277694e-05,-4.29384135793853e-05,3.28305482382163e-05,4.70140638366701e-05,9.09020117845216e-06
"1:45029939:G:A",-0.0034998684598202,-0.000473114240365113,-0.00145581399572547,-0.00313035152461172,-0.00125002234297167,-0.000183546484997521,-0.00211424565610852,0.000236470278798251,-0.00347280700821173,-0.00126820911324899,-0.00248325495486679,-0.000186672550091416,7.62573205488337e-05,0,5.41168366519074e-05,-0.00131996036191318,-0.00128394290050515,-0.000153140555221754,-3.40949321060435e-05,-0.00192950666689296,-0.00304595395643847,-9.7599249313518e-06,-2.75091294401619e-05,-0.00167583502170388,-0.00366649072783254,-8.91692026439017e-06,6.25019959370476e-05,4.73559823488401e-05,7.87772319359448e-05,-1.83437032585942e-05,-0.00254401890237865,-1.99811247174608e-05,7.1533347067998e-06,-8.10631938321649e-05,0,-3.06835158729868e-05,5.41168366519074e-05,2.62334351930349e-06,-0.000870407451842858,-0.00190446706875758,-0.000242943629118031,-0.00313787053428083,-0.0014249186543962,-0.000203737813133209,-0.00172086726845411,-0.00599861404807056,-0.000737378010416734,1.10980885876799e-05,-0.0020807346216376,-0.000663742615844676,2.62334351930349e-06,9.04838791031537e-05,1.38260418758307e-05,-0.0055139091565195,0,-0.000299250340463963,-4.24556784031083e-05,-0.00167914559162341,-0.000907244972601973,-0.00378032718989552,0.000548264489764527,-0.00165661511050619,1.47509723822381e-05,-0.00750255790366072,-0.00121231086463069,-0.000139697877985512,3.81602578425344e-05,-0.000101852734699648,-0.00290449425579586,-1.83437032568179e-05,-0.000306799579433026,-1.66750463854726e-05,-0.000136068480666829,-0.00226456213095894,-2.91118206758867e-05,1.38260418758307e-05,3.56427256313907e-05,-0.00148385632201098,-0.00292956765138719,-0.000147481916968673,-1.05953242179879e-05,0.145672378882028,-0.000211434236263131,-0.000446681237237456,-0.00358796869262878,-1.83437032585942e-05,0.000331578705728752,-0.00172639836397614,-1.66750463854726e-05,-1.66750463854726e-05,-7.20770652495872e-06,-7.4420063801206e-05,-8.88592983789849e-05,-0.00358412692292154,1.74119570317544e-06,-0.00138869892157167,-0.00231333086925201,-2.83144040365002e-05,-0.00291119181453237,-0.00155917524271487,-5.07686263722107e-05,0,0.000361253320384058,-0.000826059627666353,-2.8314404035612e-05,3.8160257840758e-05,-0.00452573581326465,1.19996866798644e-05,-1.91662664823511e-05,1.56838552287653e-05,-0.00574743957037782,-1.51023276728779e-06,-0.00148385632201098,-0.00153975181342059,-0.00556629766565386,-0.0133320431435839,-0.000804912015402337,2.56401306462095e-05,-0.00462639984942914,4.32653299204944e-05,-0.000586168649588714,-0.00265320746433151,-6.34129976706532e-06,3.0537579322143e-05,-0.000295008915027317,-0.000530839542242312,4.4347696555036e-05,6.14914109133835e-05,1.29089756901735e-05
"1:45031243:A:G",-0.00383439774004035,-0.0015908465301937,-0.00426321867959567,-0.00716562288087808,-0.00105003393454872,-3.61833297004566e-05,-0.00040829394935038,-0.00423414914842013,-0.00122526180728055,-0.00365857042338202,-6.03134603860411e-05,-0.00578255410616979,0.000308533437308967,0,-0.00391536597234676,-0.00187547426802581,-0.00363518961195286,-0.000207441572540823,-0.000726345311012011,0.000109756945953166,1.65667521274671e-05,2.89874739181073e-05,-0.00161829957437121,-0.00466499162070999,-0.00532650198485651,-0.000159494417563799,-0.000259985819533348,-0.000411762813999239,-0.00241516730573199,-0.00163361107469928,-0.000385100666418836,5.72424372480285e-05,-0.00407623133294521,-0.00493310296851579,0,-0.00773150356546459,-0.000217432363307068,-1.01089210797767e-05,-0.000282708816925492,-0.00169347747726079,-0.00328930552412121,-0.00130252504401795,-0.00610259987625472,-0.00147934110324988,-0.00626027964959297,-0.00155512141290259,0.000113483352702559,-3.69342998789435e-05,-0.000310608681810542,-0.00226415980276506,-1.01089210797767e-05,-0.00561509496949952,-0.000119518696252818,-0.00673704203752834,0,-0.00333216375512402,-0.000427950798037813,-0.000156717341085688,0.000127398522419497,-0.0015315243194074,-0.00146282919517615,-0.00111629238961353,-5.22446812389887e-05,-0.00342895469727278,-0.00526083090093188,-0.0037932729054555,-0.000265245646573042,-0.00473559918822275,-0.00258094563414746,5.17091644303136e-05,-0.00155530866545472,4.59789715252512e-05,-0.000324786027954715,-0.000179565908817736,-0.00149691419727116,-0.00291227161695051,-0.00132663866646965,-3.31179085932831e-06,-4.06626362696727e-05,-0.00035144653792063,3.19608452876707e-05,-0.000211434236263131,0.225382250707693,0.000171826401774933,-0.000759423174811147,-0.00262633477513674,-0.000133275694596868,-0.00237327491781247,-0.00379683198457315,4.59789715252512e-05,-0.00192504435971408,-0.00525535636128982,-0.00426612711385843,-0.00196254383776706,-6.68096633393844e-06,-0.000545045426652013,-0.00029675142339336,-0.00232356747067364,-0.00607635962972486,-0.00170356421339779,-0.00143179347701494,0,-0.0045346466750793,-0.000458270216878276,-0.00341305635260269,-0.000146273529137098,-0.0039311482134714,-4.06626362696727e-05,-0.00153152431940651,-0.00171723054855644,-0.00244157391075994,-0.00353586403886075,-3.31179085932831e-06,-1.36542037587617e-06,-0.000238690610427916,-0.0052714951481696,-0.00348528422102667,-9.30990506420315e-05,8.95144166062067e-05,-0.000358413752043596,-0.00203528256416297,-0.00155584508158313,-4.04189119240783e-06,-0.00132742550560483,-0.000927080969272964,0.000166620042242549,-0.00298912346334212,-6.23724257415859e-05,-4.44560758658952e-05
"1:45032096:A:G",-0.00717836908813307,-0.00990625669283052,-0.00672999561720422,-0.0060134855788081,-0.0011716320647488,-0.00809454076326688,-0.00484131745569893,-0.00241594833057057,-0.0104430888646152,-0.0108363017102047,-0.00574349874847879,-0.0038294627922002,-0.00153341969513399,0,-0.0035635450313718,-0.00656584117174175,-0.00595781385226291,-0.00171854823565543,-0.00124086592324701,-0.00296684015792259,-0.00361678720942926,-0.00122626641891799,-0.00139041407721319,-0.00420030595751708,-0.010413607411154,-0.000101380675486595,-0.000594195760181826,-0.000438838173358658,-0.00183004888420157,-0.00567151715238978,-0.00327482816282432,-0.00370584772457949,-0.0053816845142638,-0.00397193170059484,0,-0.00450364952674942,-0.00156818714730278,-0.00334941202190375,-0.00336225610790386,-0.0104446611130626,-0.00252297018739611,-0.0049925742398309,-0.00145497441682352,-0.00510868274421528,-0.00160145152504088,-0.00878933034669949,0.000199086322191455,-4.11866863156973e-05,-0.0116986596578461,0.000876656100792239,-0.00147780746854664,-0.00397858587074129,-0.00166437945472087,-0.00598117468183856,0,-0.00560771431546625,-0.00614914919064313,-0.00190454616445779,-0.00326537026458107,-0.00530886408638054,-0.00264402051748025,-0.0035108999293656,-0.00599377796935396,-0.00878593658719895,-0.000547585428198882,-0.00228631051241868,-0.000634366024895527,-0.00224305257184376,-0.000884948441392641,-0.00108905758763544,-0.000632707364324858,0.000316537540725914,9.84572148063911e-05,-0.00130913099521557,0.000237002014709553,-0.000412872704020906,-0.00141169858898138,-0.00304171862245184,-0.000910597500769939,-0.00749343815448533,2.13460587730196e-05,-0.000446681237237456,0.000171826401774933,0.465486785559003,-0.00194346746017127,0.000101559257563721,0.000234827201098575,-0.00117122399708736,-0.0085940003771956,0.000316537540725914,-0.00349347217947305,-0.000413442033258438,-0.000443593622174276,-0.00991948189167324,-9.43235927435282e-05,-0.00357073802880681,0.000673111352176736,-0.000139850629302884,-0.00466955383881329,-0.00100813097755559,-0.00231821218116801,0,-0.00471270026562065,-0.0118196025037651,-0.00391832714459728,-0.00102996035051106,-0.00307616440764358,-0.0017497790453378,-0.00187405675698038,-0.00278950448687709,-0.00282059762874765,-0.0117803743247289,-0.00304171862245184,-0.00165430294227775,-0.00872643715565946,-0.0087871719235304,-0.00765226149065601,-0.000595256313316916,-0.00588730764541712,-0.00316107968554924,-0.0254851490218875,-0.00164448052237987,-0.00194837359491817,-0.0122107133153575,-0.00334660852398994,-0.00605289199784131,-0.00604894263404621,-0.000808042962773925,-0.0027096229361101
"1:45034366:G:A",-0.00547957897506546,-0.00425751850003042,-0.00129570876178153,-0.00171722944634656,-0.000280451053271236,-0.000834269020836942,-0.00501641553908883,-0.00113283460607683,-0.0055582054210026,-0.00636060195070876,-0.00386245511413019,-3.50390508874199e-06,-6.61695417427666e-05,0,-5.97385613652079e-05,-0.00630150400542995,1.87376762088576e-05,-0.0027648053632312,-0.00177386853720662,-0.000228413556040863,-0.00229664402270124,7.7535274334295e-06,-0.00168233754725922,-7.71306885205547e-06,-0.00693730719187169,7.04054047240277e-06,-7.20432741641019e-05,-0.00333681912568462,-0.00179823500367782,-0.00272172902525547,3.9438851635154e-05,1.51628765214795e-05,-6.79309183126975e-06,-0.00444365032329941,0,2.22061681620644e-05,-0.0051696486296926,-2.43489820217491e-06,2.88602651137282e-05,-5.37687970885159e-05,-0.0013240918991384,-0.00112198414135456,-0.00290849503822344,1.90979392531432e-05,-0.00564294118732622,-0.00594599630987336,2.9328374401949e-05,-9.86089853771688e-06,-4.97393478999797e-05,-6.93382640557516e-05,-2.43489820217491e-06,-0.000611189848994442,-0.00288334319147854,-0.00380482780830427,0,-0.00308085146209613,-0.0101529769566646,-4.18457719568721e-05,-0.00301107216688035,-0.00300904358977316,-0.00159424927082652,-2.83425654501457e-07,-1.36217903445868e-05,-0.000660761163501,1.99362168302741e-05,-0.00200541658459485,-0.00142625001805463,-0.00254831379500775,-0.000176349921830354,1.38892627585818e-05,-1.17081456307844e-05,-0.00158266762157755,-0.00285527061691226,-0.00113820126825548,-0.0015654403671741,-1.26564712905619e-05,-3.6914656201148e-05,-0.00404535361013103,-0.00552126376906337,-0.000153817245621468,8.45411333560975e-06,-0.00358796869262878,-0.000759423174811147,-0.00194346746017127,0.217795311564863,1.38892627576936e-05,-0.000166167751031843,-0.000410167517753912,1.25691961736507e-05,-0.00158266762157755,-0.00241130312602511,4.42074644704249e-05,-0.00201430703056982,-0.000491000647284245,-1.60896685574841e-06,-0.00628501098855327,-0.000209644299229872,2.05192106239593e-05,-0.00132703863105244,1.32351758814764e-05,3.34363652054748e-05,0,-0.00530333076776124,-0.000102114795814678,2.05192106230712e-05,-3.91936476162869e-05,-0.00163372688926167,-1.07764164942736e-05,1.45317385022992e-05,-1.46045116116156e-05,1.12003881245215e-05,-0.00313489429710589,-0.00404535361013103,-0.00393099613797343,-0.00147644567284733,-0.0122855454302417,-0.00528513810651177,-0.00327563136077824,2.32815381622231e-05,-4.60121989966922e-05,-0.00914225308112915,3.30006650139936e-05,4.82418238689775e-06,-3.05448542397002e-05,-0.000512591323702516,-0.00214187533040722,-4.65584991831136e-05,-7.03924094747066e-05,-1.17081456307844e-05
"1:45034900:C:A",-0.00114162514432703,0.000105830540406693,-0.00165442481017841,-0.000114777205084238,-5.33807789260266e-05,-0.00102815354116181,-0.00211754877167714,-0.000443348763525364,-0.00571264462432985,-0.00306052230531595,-0.00254876004444782,-0.00318258477174993,9.5502096820077e-05,0,-0.00139412638386993,1.60946853213773e-05,-2.97645581461836e-05,-0.00290493027474614,-0.00135289648529557,-0.00231778088734025,-0.00313488713487597,-1.13305771956007e-05,-3.15905477474843e-05,9.41634673079506e-06,-0.00678955258214042,-1.03670743758499e-05,7.71458285813154e-05,5.7490916741898e-05,-0.00258223391511692,-0.00123313498564404,5.87759087489204e-05,-2.30349024539223e-05,-0.00392036734502277,-0.00050263092403835,0,-3.51275126790895e-05,6.61871786542534e-05,3.04404098727673e-06,-4.76236352948689e-05,2.65503103928921e-05,7.41664580425905e-05,-0.00072120922472596,-0.00268616743043726,-0.000112612643657251,-0.0036769619171535,-0.00628796782514662,-0.000778036328626719,1.30653618430898e-05,-0.000176200167338436,5.56113586283047e-05,3.04404098727673e-06,-0.00457463074645048,1.62856359535724e-05,-0.00106697753437768,0,-0.000655612980302145,-0.00326392615993143,4.84043411752566e-05,-0.000116260564608339,-2.21160985738322e-05,-0.00290325142125347,1.19743281219442e-05,1.73805530723214e-05,-5.87791794792736e-07,-0.00125104014848976,-0.000152358741661196,4.59046588829892e-05,-0.000112182648860149,-1.85793013347535e-05,-2.11877264923999e-05,1.52015690160212e-05,-1.93016816645297e-05,-0.00104754739450108,5.09542224014226e-05,-3.33777968668514e-05,-0.00246171027742648,-0.00176533125670808,1.00456487217571e-06,1.41281955743366e-05,-0.00420533405699608,-1.22843831880104e-05,-1.83437032585942e-05,-0.00262633477513674,0.000101559257563721,1.38892627576936e-05,0.118751375389887,-1.22843831880104e-05,-8.83216673841503e-05,-1.93016816636415e-05,-1.93016816645297e-05,-0.00325111708602588,-0.0011844232768512,-5.39888570738611e-06,-4.39397754030679e-05,2.01919550146812e-06,-0.00117684154418818,-7.58740431727745e-05,0.000326097053782171,-0.00202344068822669,-2.02496379486661e-05,-5.74462821756327e-05,0,-0.00203808859991028,0.000101071688061616,-3.24889382410376e-05,4.59046588829892e-05,-0.00203263774417017,1.41281955743366e-05,-0.00387094699680723,1.8486480030333e-05,-1.73755451733371e-05,-0.00446046241859754,1.00456487217571e-06,-0.00140645816839324,4.71483146062823e-05,-0.00206422176861221,-0.00166605299757361,3.05066046335511e-05,-3.68408533502063e-05,5.22484429348324e-05,-0.00167994481689959,0.00034717166708198,-7.41690773242709e-06,-0.00185336804926273,-0.00349374009257186,-7.59417564006881e-05,5.37095389434583e-05,7.58244748793047e-05,1.52015690160212e-05
"1:45036420:A:G",-2.58461877997718e-05,-0.000376017731841038,0.000105462929940181,-6.34857679129297e-05,-3.03117201791991e-05,-1.4885270381626e-05,5.16213440349134e-05,0.000306974158246653,2.66329930793674e-05,-5.750162092788e-05,1.17980485025981e-05,2.07379248351458e-06,6.01921739304956e-05,0,4.07891742666422e-05,1.00034733048204e-05,-1.71127480177447e-05,-1.13372698686831e-05,-2.22757128538476e-05,5.76411280706068e-05,-4.28001780328202e-06,-6.62502903825413e-06,-1.81879893856873e-05,5.71814736360921e-06,9.37345045315396e-05,-6.04854356645035e-06,4.78874611324898e-05,3.5261682954868e-05,1.46314457589725e-05,-1.22843831880104e-05,-0.00106908354155077,-1.33790257148547e-05,5.05372057624243e-06,-5.06252384715467e-05,0,-2.02658133652278e-05,4.07891742666422e-05,1.84244523282473e-06,-2.72893687878195e-05,1.60979867560584e-05,4.60179489651935e-05,0.000129014998236698,3.01061844574235e-05,3.12972073910345e-05,0.000186241262931652,3.89332336823145e-05,-2.77595479065695e-05,7.78077916763209e-06,-0.000223457587384956,-3.50902287706845e-05,1.84244523282473e-06,7.38856998063753e-05,9.75585167406479e-06,-7.73683734189845e-05,0,0.000149058420907622,4.45140932061605e-05,2.95598960855514e-05,-6.43337307177916e-05,-1.28347736954026e-05,0.000202342597222405,7.70182162579403e-06,1.04289585758366e-05,3.14625506092625e-07,-1.81879893856873e-05,-3.38734393867668e-06,2.79694569185196e-05,-6.20009945384581e-05,0.00015907443413532,-1.22843831880104e-05,9.09020117845216e-06,-1.1164766512195e-05,-8.04707226782497e-05,-0.000455807111665152,-1.92387352653256e-05,9.75585167406479e-06,2.60659584467859e-05,6.07392329321499e-07,8.43188385601934e-06,0.000194467594998748,-7.19518179792544e-06,0.000331578705728752,-0.000133275694596868,0.000234827201098575,-0.000166167751031843,-1.22843831880104e-05,-0.00171852893089053,-4.95795977624169e-05,-1.11647665104186e-05,-1.1164766512195e-05,-4.87614766786493e-06,-4.66037535291619e-05,-1.752316762893e-05,0.00021906137588612,1.22150336778759e-06,5.29184069355537e-05,0.000415663471672545,-1.87163716427463e-05,0.000220489878303809,-1.17277497375667e-05,-3.26670065415868e-05,0,8.08319519505218e-05,6.38275173381331e-05,-1.87163716427463e-05,2.79694569185196e-05,0.000126268098340709,8.43188385601934e-06,-1.28347736954026e-05,1.1109647894969e-05,-1.00193110501579e-05,0.00015555871458961,6.07392329321499e-07,-1.43116862485471e-05,2.87601328707865e-05,0.000432714794440514,-0.000201811383965023,1.84103887521658e-05,-2.12700145123534e-05,3.20153037831616e-05,0.000259483877703026,-3.22070921514594e-05,-4.28001780239384e-06,2.21277225627148e-05,0.000348816781184702,-4.29384135793853e-05,3.28305482382163e-05,4.70140638366701e-05,9.09020117845216e-06
"1:45042400:A:G",-0.00018587912527579,-5.87084348788736e-05,-0.0021145280921897,-0.00498717452628394,-0.00431819615572238,-0.00102236071803485,0.000332090132614482,-0.00434969265688068,-0.00388022394804333,-0.000325420309441604,7.48465737867576e-05,6.7153855987101e-07,-0.00143477345369281,0,0.000270339541410536,-0.00037337210437105,-0.00321746993427929,-0.00189466983924813,-0.000167854986710125,-0.0011549859262896,-3.37712608047269e-05,-4.64874986834118e-05,-0.000132220292201168,-0.00457373070207634,-0.00619226989252075,-4.33611918380095e-05,0.000317484104424004,-0.000501841628848254,9.06080895086703e-05,-8.83216673841503e-05,-0.00247907409758064,-9.41492752364326e-05,2.78053165159164e-05,-0.00630611550312565,0,-0.000565354140909413,0.000270339541410536,1.01390862790041e-05,-0.000584569382310995,-0.00303573656023026,0.000300174707527745,-0.00121057777273226,-2.96567022042282e-05,-0.00180173469782119,-0.00448061101186248,-0.000531188854716813,-0.000195535523460855,5.24862784825331e-05,-0.000175080641130698,-0.00105833295610225,1.01390862790041e-05,0.000483944487859489,-0.00185406218684836,-0.000416499008377258,0,-0.00487436083958181,-0.0043973098534229,-0.00158446754348596,-0.000824597990028764,-9.12517915212518e-05,-0.000385468690581536,-6.78427987281793e-05,6.72278823019568e-05,-0.00210472988882149,-0.000132220292201168,-0.00357846280982876,-0.00177916962831137,-0.000455994353152356,-0.00521754252931217,-8.83216673832621e-05,-0.00228751933786153,-8.23612690128428e-05,-0.00100583354485195,-0.00313599150303823,-0.000137685099018903,6.34815313969028e-05,-0.000295493343861253,3.34277282298956e-06,5.61113926274004e-05,0.000535404910054105,-4.95795977624169e-05,-0.00172639836397614,-0.00237327491781247,-0.00117122399708736,-0.000410167517753912,-8.83216673841503e-05,-4.95795977624169e-05,0.125589010075333,-8.23612690119546e-05,-8.23612690128428e-05,-3.70036621450964e-05,-0.000340387913841944,-0.0010901709642539,-0.00130172035307474,6.72226582310032e-06,-0.000125407292483004,0.000408301751074092,-0.000134968369082777,-0.00349527263958382,-0.000892740230336031,-0.000235932254604165,0,0.00063889880759227,0.000420788089967594,-0.000134968369083666,0.000182787126782102,-0.000335400121909579,5.61113926274004e-05,-9.12517915212518e-05,7.10159962569179e-05,-0.000832171478995392,-0.0001660122568099,3.34277282210138e-06,-0.00209986483494529,-0.0016689088926487,-0.000537518149802185,-0.00403788071930666,0.00012069713412366,-0.000148249029386704,-0.0002933899386246,-0.00129698373241371,-0.00300717118695104,-3.37712608038387e-05,-0.00308368071756959,-0.000855413268338268,-0.000302799989007951,0.000217956400333286,0.000312480004546423,5.97762582978945e-05
"1:45044330:A:G",-4.1489978547915e-05,-0.00198944607127416,-0.00343373622638588,-0.000107868033000003,-4.91733609866429e-05,-0.00151942912714187,-5.47134973203356e-05,-0.000770498480151538,-0.00299333260154011,-0.0015063549391332,1.76314827617929e-05,2.89659250007901e-06,-0.00415719926539548,0,-0.00111510534515613,1.46303014911808e-05,-2.71842932546562e-05,-1.81356147423983e-05,-0.00146440623603539,-0.00457730572134452,-6.70263166657747e-06,-1.0289206679559e-05,-2.88838463280428e-05,8.53597609928869e-06,-0.00448419365129293,-9.40532796178672e-06,-0.00074848491483781,5.07771333895235e-05,-0.00195142544118276,-0.00329405852698894,5.18856602784723e-05,-2.10102682665081e-05,-0.00183593262906978,-8.41287331487806e-05,0,-3.21812803498744e-05,-0.00111510534515613,2.76604118898405e-06,-4.3821231192176e-05,-0.00205228769055665,6.49806334296343e-05,-0.00347299621033326,-1.79998972340556e-05,-0.00100083169782916,-0.000236097436576266,-0.00802894526455589,-4.45824735271216e-05,1.17616158847866e-05,-0.00192077208714192,-0.00428455483634504,2.76604118898405e-06,-0.000985849265299876,1.46565699239432e-05,-0.000299835877370036,0,-0.00241970810621961,-0.00176498208134923,4.29565517121588e-05,-0.000109317156053557,-2.0160145389525e-05,-0.001127735744757,-0.00180525392739472,1.56391736005901e-05,-0.00263838271730599,-0.00136312412906836,-7.56335970901745e-05,4.07751497872866e-05,-0.000105335137910778,-0.00731165730699512,-1.93016816636415e-05,1.36828494881058e-05,-0.00335240142939863,-0.000139932757043937,4.51762719722026e-05,-3.05491772314426e-05,1.46565699239432e-05,-0.00228731988499931,9.13509867750406e-07,1.27179012840983e-05,-0.00502008147015243,-1.11647665104186e-05,-1.66750463854726e-05,-0.00379683198457315,-0.0085940003771956,1.25691961736507e-05,-1.93016816636415e-05,-1.11647665104186e-05,-8.23612690119546e-05,0.151796270152346,-0.00335240142939863,-7.6121570797838e-06,-0.00129313815146048,-4.85710285147434e-06,-0.00697473188580222,1.83548645527054e-06,-0.0102848125773241,-0.0012446491457121,-2.97207265260724e-05,-0.0032497258202504,-1.84347582612432e-05,-5.30189291536587e-05,0,-0.000416205146048565,8.72209015732039e-05,-2.97207265251842e-05,4.07751497855102e-05,-0.00468279163158059,1.27179012840983e-05,-2.0160145389525e-05,1.66307731364057e-05,-1.57820093846794e-05,-0.00499206520242534,9.13509867750406e-07,-2.27788129523177e-05,4.18611143828684e-05,-0.00089073750134272,-0.00732629381140892,2.72830538206037e-05,-3.37811134523136e-05,4.63007710731489e-05,-0.00329830397842201,-5.22663908499865e-05,-6.70263166657747e-06,-0.00227163062258651,-4.06966474955084e-05,-7.05498431639029e-05,4.75065079541537e-05,6.63264095761562e-05,1.36828494881058e-05
"1:45044516:C:G",-0.00232484666400179,-0.007850400202007,-0.00608156286993378,-0.000107868033000891,-0.00334930752516982,-0.00130494690410643,7.21085864396898e-05,-0.000474046549483909,-0.00599256302930939,-0.00251620445909406,1.76314827600166e-05,-0.000236092713070235,-0.00211199955560382,0,-0.00146150093690256,-0.003402066478432,-0.00331806236708232,-0.00143318281443428,-3.57570885078928e-05,-0.00181547689739414,-6.70263166835383e-06,-0.00615427418668535,-0.0011486419060347,-0.00281587008078255,-0.000515837388921803,-9.4053279626749e-06,-0.00797847400175744,-0.00201668299192903,2.17277645404579e-05,-1.93016816645297e-05,-0.00247513409082067,-2.10102682673963e-05,7.55151189757441e-06,-8.41287331505569e-05,0,-3.21812803507626e-05,-0.00446790120588947,-0.00017428927159191,-4.38212311930641e-05,2.38336579725384e-05,6.49806334287462e-05,-0.000369662687405459,-0.00248591872653492,-0.00244624244081404,-0.00334366217278692,-0.000952152535356632,-4.45824735271216e-05,1.17616158830103e-05,-0.00179855106418092,-0.000224174581306968,-0.00017428927159191,9.89863927811641e-05,-0.00252315979927076,-0.00460832681118895,0,-0.00231935191977062,-0.0140068463290373,-0.00210451008777746,-0.000109317156054445,-2.01601453904132e-05,-0.000252204535142297,-0.000166335592850508,-0.000205256769161721,-0.00449805630006939,-2.88838463298191e-05,-0.00306436223740647,-0.0022342353569762,-0.000105335137912554,-0.000763765796916616,-1.93016816645297e-05,1.36828494872177e-05,0.0027129932842378,-0.000139932757044825,4.51762719722026e-05,-0.0037206982737219,1.4656569923055e-05,-0.00167089845981305,9.13509866862228e-07,1.2717901282322e-05,-0.00422256035073598,-1.1164766512195e-05,-1.66750463854726e-05,4.59789715252512e-05,0.000316537540725914,-0.00158266762157755,-1.93016816645297e-05,-1.1164766512195e-05,-8.23612690128428e-05,-0.00335240142939863,0.147740284949519,-7.61215708067198e-06,-7.73505826749954e-05,-4.85710285325069e-06,-5.83197166128535e-05,1.83548645349418e-06,-0.00168088527673849,-0.00103016692267754,-2.97207265260724e-05,-0.00167070421281945,-1.84347582630195e-05,-5.3018929155435e-05,0,0.000158005573554387,8.72209015732039e-05,-2.97207265269606e-05,-0.00203510044247501,0.000151229086309712,1.2717901282322e-05,-2.01601453904132e-05,1.66307731364057e-05,0.00202624304826493,-0.00102361058887102,9.13509866862228e-07,-2.2778812954094e-05,4.18611143810921e-05,-0.000789204278311306,-0.00180356853738051,2.72830538197155e-05,-3.37811134523136e-05,4.63007710713725e-05,-0.00179524371632933,-0.00343030928206911,-6.70263166746565e-06,3.25333957817975e-05,-0.00241275127631191,-7.05498431647911e-05,4.75065079532655e-05,6.6326409575268e-05,-0.000355566001951857
"1:45044700:C:T",-1.82787060296619e-05,-0.00298413289323296,-0.00242755812980278,-0.00607299212533174,-2.1632672864591e-05,-0.00276282336212308,2.99535130148243e-05,-0.000670245981191364,-0.00234572071688088,-9.84464065654223e-05,-0.00365479988628881,1.45020016795172e-06,3.40189924710188e-05,0,2.43822197818488e-05,6.63942625234171e-06,-1.18365816517141e-05,-0.00178137062529782,-1.55861610853236e-05,-0.00350282835150839,-0.00512497007543722,-4.47897512501072e-06,-1.26245267075831e-05,3.79730094479669e-06,4.80489522347582e-05,-4.07845553240804e-06,2.8034383324993e-05,2.14274506831202e-05,-0.00369018736682403,-8.41039028998125e-06,2.1884457298782e-05,-9.19467847904087e-06,3.36157746172461e-06,-0.000709020304451968,0,-1.41574725454063e-05,2.43822197818488e-05,1.23522016881594e-06,-1.93782380772944e-05,-0.00217040931191281,-0.00173911707695673,-0.00197962195655776,-0.00187598594321514,-3.15888891835314e-05,-0.000306671950181858,-0.00573836292792684,-1.97378469808385e-05,5.08393166676058e-06,-0.00669515706660118,-2.51968463560459e-05,1.23522016881594e-06,3.99139500695256e-05,6.35576771124136e-06,-0.00163307799565082,0,-0.000370732767096982,-0.00408492076816813,1.82684941574252e-05,-0.00114561500332133,-8.80425685600983e-06,-0.00122814842679819,5.23006375896529e-06,6.78625804262367e-06,4.20365550368729e-07,-1.26245267075831e-05,-2.10149888868472e-06,1.73530861209414e-05,-4.74766452844833e-05,-0.00407345624374944,-8.41039028998125e-06,5.92856881009851e-06,-7.61215708067198e-06,-0.00122344465602442,1.91962173721194e-05,-1.33980358771879e-05,6.35576771124136e-06,1.62995680925704e-05,4.084350075928e-07,5.50463292636749e-06,-0.00144386051765544,-4.87614766786493e-06,-7.20770652495872e-06,-0.00192504435971408,-0.00349347217947305,-0.00241130312602511,-0.00325111708602588,-4.87614766786493e-06,-3.70036621450964e-05,-7.6121570797838e-06,-7.61215708067198e-06,0.115289517490305,-3.45284493228348e-05,-2.02434457818867e-06,-0.00591332201485439,8.20164051340555e-07,-0.000105547544273499,-0.00135052266936331,-0.00297762820528558,-0.00263798407041094,-8.01303759523364e-06,-2.34661707434469e-05,0,-0.00273025807009653,3.55988605393875e-05,-1.30130628201997e-05,1.73530861200533e-05,-0.00237847402173408,5.50463292636749e-06,-0.00197811323773767,7.22006821263221e-06,-6.79964320760007e-06,-0.00180048282315592,4.084350075928e-07,-0.00276181975613365,1.78092567386656e-05,-0.0032678222338518,-0.00205256382586505,1.17196056717006e-05,-1.49031897143104e-05,-0.00204473998858834,-0.000678565870844139,-2.31068169052051e-05,-2.85644279873765e-06,1.39682974218402e-05,-1.79051367368288e-05,-3.15950248923613e-05,2.00732584065832e-05,2.75892045964454e-05,5.92856881009851e-06
"1:45047432:C:G",-0.00744578192865397,-0.000617739492431824,-0.000455758236443504,-0.000875230063950738,-0.000285126184394358,-0.00279618373785073,-0.00182817974379201,-0.000250324726582818,-0.00334010503485249,-0.00229802063454265,7.00407975386952e-05,-0.00118548112049766,-0.00206776329098712,0,0.000247140791170608,-0.00124371305966342,-0.00129967529863872,-9.02208808613025e-05,-0.000325923852230403,-0.0013040562110227,-3.14270971832897e-05,-4.3633391903164e-05,-0.0025417115083064,-0.00157837275042816,-0.000794904710621935,-0.00377455459546638,0.000288763456407715,-0.00165486257890102,8.48760697644835e-05,-8.31147949913458e-05,-0.00172469346432091,-8.87534014042402e-05,2.64594044887545e-05,-0.00108426851587939,0,-0.0019777254715363,0.000247140791170608,9.65756827930875e-06,-0.00223651119688562,9.25404703338017e-05,-0.00167049632803984,-0.0017846696698447,-0.00066016078275144,-0.00894611000451739,-0.00239056995139686,-0.00354633078624422,-0.000803499230895177,4.89458180004121e-05,-0.00946329615540709,6.52448990088317e-05,9.65756827930875e-06,0.00043267363176458,5.93259539556357e-05,-0.00769380357637628,0,-0.00198637038237637,0.000250026949141002,0.000177168477303091,-0.00420956493887559,-8.59495424991863e-05,-0.00625063552226957,-0.00487597510851856,6.28595990415093e-05,-0.000489976138847936,-0.00123228674120934,-0.00122873645898025,-0.0019070665563472,-0.000950858292997125,-0.000918977896111617,-8.31147949904576e-05,5.58294906678469e-05,-7.73505826749954e-05,-0.000179852325311813,0.00018564359540818,-0.000130213599270235,5.93259539556357e-05,-0.00342662765364032,3.18518552155922e-06,5.23696334022716e-05,-0.00544815142674437,-4.66037535291619e-05,-7.4420063801206e-05,-0.00525535636128982,-0.000413442033258438,4.42074644704249e-05,-0.0011844232768512,-4.66037535291619e-05,-0.000340387913841944,-0.00129313815146048,-7.73505826749954e-05,-3.45284493228348e-05,0.164758480213933,-2.5121562580388e-05,-0.00239387279173764,6.40419631103839e-06,-0.00225533063092698,-0.000568911079057877,-0.00133470942881431,-0.00205621050373983,-8.02486488078458e-05,-0.000597838981494014,0,-0.00308545215963285,0.000378615770295632,-0.00732328293546836,-0.00170793164184779,-0.00126403526251639,5.23696334022716e-05,-8.59495424991863e-05,-0.00167121239284729,-0.00250639638190986,-0.00263886607803343,3.18518552155922e-06,-0.000105262517291926,0.000172998061112928,-0.00236990938392312,-0.00264846830110876,-0.00201072372722866,-0.00014051254619396,-0.000512886233592802,-0.00148357323983417,-7.18652133180342e-06,-3.14270971824016e-05,-0.00164977414531009,-0.000174109717358206,-0.00322561567002921,0.000200298897275353,0.000284269866626552,5.58294906678469e-05
"1:45047805:T:C",-1.23884669021024e-05,-0.000833308670916466,-0.00360510293495864,-0.000357345419407018,-0.00269193597744799,-0.00251505172960709,-0.0016926930427843,5.03993388889512e-06,-0.00192447800860229,-0.0029338694934431,-0.00451668826297524,-7.0538398352582e-05,-0.00161979032036808,0,1.15472079560419e-05,-0.00177072405453949,-0.00162296849358601,-0.00232631698407637,-1.03982226278276e-05,-0.00660437691759697,-0.00256658302518087,-2.80794073237445e-06,-8.30074343571852e-06,-0.00203859642314885,-0.00765637449947931,-2.54763451312812e-06,-0.000526872808497281,1.0587987714139e-05,-0.000642158488084021,-5.39888570738611e-06,-0.00293835539532505,-5.93570354823214e-06,2.01221537388108e-06,-2.79363677746503e-05,0,-9.39881963457623e-06,-0.000885227602590355,7.51447662317162e-07,-0.00119873448334307,5.81138651689628e-06,-0.000172683941795704,-0.00459004070931002,-0.00216020815244899,-0.000148934454895944,-0.00194556474437757,-0.0120914954119442,-0.00106519518753778,2.9770411638097e-06,-0.00162954815765826,-0.00320705721947423,7.51447662317162e-07,1.33231456240779e-05,3.68850979270974e-06,-0.00504678140181269,0,-0.00144597980661398,-0.000860456079838201,-0.00134580833543474,-0.00119710875884049,-0.00329211249438011,-0.00182609796274669,-0.00202237929257976,3.92553746397795e-06,-0.0017228467169641,-0.00155016837859012,-1.73607910314288e-05,9.02697254545615e-06,-3.61530394439313e-05,-0.00359871009277413,-5.39888570649794e-06,3.4513846918216e-06,-4.85710285325069e-06,-5.11717339515272e-05,-0.00135262189241825,-8.85290870833444e-06,3.68850979270974e-06,-0.00203973050472062,-0.00405565047130363,-0.00596300927236992,-0.000145736472425106,-3.06732684940414e-06,-8.88592983789849e-05,-0.00426612711385843,-0.000443593622174276,-0.00201430703056982,-5.39888570738611e-06,-1.752316762893e-05,-0.0010901709642539,-4.85710285147434e-06,-4.85710285325069e-06,-2.02434457818867e-06,-2.5121562580388e-05,0.184093216600906,-0.00229490643433738,5.00475974440917e-07,-0.00221818873702961,-0.00303468336397827,-8.57760672356989e-06,-0.00338647825711558,-0.000575013479042319,-1.63023999846246e-05,0,-0.000281795150051778,-0.000417940601066924,-8.57760672268171e-06,9.02697254456797e-06,-0.00164878997748641,3.21421246596287e-06,-5.66792108003256e-06,4.16241504463954e-06,-0.00618030413167237,-4.61196148364706e-05,-0.00405565047130363,-0.00251415219255868,-0.0137706221462697,-0.00491559639746031,-0.00180315443325174,6.47481704074693e-06,-0.00312919188265681,9.95260873004611e-06,-0.00208048847331854,-0.00154918578482555,-1.76140565955052e-06,7.55087799664267e-06,-0.0032617747771857,-0.000842876917618085,1.00930513138309e-05,1.2406135099674e-05,3.4513846918216e-06
"1:45048818:C:G",-0.006522857449478,-0.0101919748625732,-0.00501768907360889,-0.00799097231875434,-0.000448454154100997,-0.00737014149665427,-0.00220785836739967,-0.000296258055394905,-0.00670534402278111,-0.01065874294778,-0.00405575708022132,-0.0015514352494832,-0.00538118321785808,0,-0.00327619277738833,-0.00649662605889345,-0.00409563844921346,-0.00131785946618468,-0.00230603703627885,-0.00202372200742795,-0.00585687361987741,-0.00144531769523493,-0.000625988007925571,-0.00305592511157338,-0.0101100966942607,-0.000182951956071875,-0.00122297324143616,-0.000711926546030028,-0.0070222232031254,-0.00440715130263758,-0.00432341770659983,-0.00321004567362504,-0.00645111126908882,-0.0030314407281109,0,-0.00378169313105126,-0.00295536998684565,-0.00322645873206984,-0.00126645770178335,-0.0154846080917701,-0.00264686381317825,-0.0040526888970831,-0.00142248664905953,-0.00387278570261484,-0.00274930036186971,-0.0120818092657493,-0.00100913180070972,-0.000280522880877321,-0.00866181510771824,-0.000534987364313899,-0.00173529355318802,-0.00476159418769884,-0.00234158237470528,-0.00727471984061667,0,-0.0021734449537818,-0.00908085089848232,-0.0018833993584817,-0.00123610137380048,-0.00427367022499325,-0.00824053925365531,-0.00437814416352333,-0.00636838228481107,-0.00850796199220261,-0.000724552612324292,-0.00572241097131565,-0.00153354170578535,-0.0012970103351595,-0.000970899713314211,-0.00125351351159431,-0.000312046099709029,-5.83197166128535e-05,0.00148438274973106,-0.0010258701054835,3.33438588953072e-05,-0.000617144354376542,-0.00444000639677133,-0.00372167569752158,-0.00157143058252807,-0.00981892169494714,0.00021906137588612,-0.00358412692292154,-0.00196254383776706,-0.00991948189167324,-0.000491000647284245,-4.39397754030679e-05,0.00021906137588612,-0.00130172035307474,-0.00697473188580222,-5.83197166128535e-05,-0.00591332201485439,-0.00239387279173764,-0.00229490643433738,0.503107126865408,-1.3811229886862e-05,-0.00864497989518087,-0.000445444414094887,0.000370722394261502,-0.00617728948149043,-0.00150877356166212,-0.0019200030116191,0,-0.00815838667321644,-0.0112016052922392,-0.00274399749567111,-0.00124028027982082,0.000326105146065903,-0.00526877237887557,-0.00427367022499325,-0.000251286914044968,-0.00426787891817426,-0.00596864157790167,-0.00372167569752158,-0.00302388631498074,-0.01469001942458,-0.00685145209467564,-0.0129420896767587,-0.00110397381641203,-0.00116153109297557,-0.00456527644945748,-0.0272139299544296,-0.00205317851429632,-0.00176930590727675,-0.0139138496062996,-0.00160796286964127,-0.00509372253089868,-0.00523894732885832,-0.00170145024672941,-0.00316257032885225
"1:45050245:G:A",3.97514868755167e-06,-0.00287482136899264,-0.00223572182833642,7.90944443096464e-06,4.53447765647041e-06,2.38213006564791e-06,-0.00674252897277583,-0.00205290032250538,-0.00331151947476194,-2.73195965494466e-06,-2.2212841690461e-06,-4.40106673771368e-07,-0.00181100829327008,0,-8.58771532730174e-06,-1.98418596308869e-06,-0.00218356137474451,1.80419222850503e-06,-0.00220464789415686,-0.00202103709056622,7.15449543164937e-07,1.12371728366867e-06,-9.37064382080521e-05,-1.07424184125904e-06,-0.00394298580097185,1.02425782966264e-06,-1.03639120627719e-05,-7.2771241379499e-06,-2.80335034918977e-06,2.01919550146812e-06,-7.47886980256851e-06,2.19665372735989e-06,-9.46414100866377e-07,6.83025243564117e-06,0,3.21571201933324e-06,-8.58771532730174e-06,-3.39750687139428e-07,4.17762305993108e-06,-0.00723541124819516,-9.93021713036057e-06,-0.007608336533524,-6.23965932344817e-06,-0.00233664546622148,-0.00204136924517773,-0.00243797892758923,4.24279011923545e-06,-1.42075762887828e-06,-0.00203861193899968,-0.00189875192107092,-3.39750687139428e-07,-1.76596097984927e-05,-1.81071460403359e-06,-0.00764193772597466,0,-0.00294429469158608,-0.00243473348122336,-0.00314499071655039,7.97959387455194e-06,2.10868806149733e-06,-0.00161198309542154,-1.59845494085431e-06,-1.94521041141371e-06,-0.00308997322058513,2.89990731960899e-06,4.27010460768429e-07,-5.60999588561373e-06,-0.00196714259948383,-0.00239862475838315,2.0191955023563e-06,-0.0019942126070065,1.83548645349418e-06,8.98437269825081e-06,-0.00207231268857822,3.06056601839799e-06,-1.81071460403359e-06,-5.23376440320078e-06,-1.11335618058206e-07,-1.5485391680059e-06,-6.14889665184748e-05,1.22150336778759e-06,1.74119570317544e-06,-6.68096633393844e-06,-9.43235927435282e-05,-1.60896685574841e-06,2.01919550146812e-06,1.22150336778759e-06,6.72226582310032e-06,1.83548645527054e-06,1.83548645349418e-06,8.20164051340555e-07,6.40419631103839e-06,5.00475974440917e-07,-1.3811229886862e-05,0.121550873788103,-0.00225209572574325,5.93329833531442e-06,2.98094191553133e-06,-7.53886331672504e-05,1.92814049881918e-06,-0.00935234532926099,0,-0.00183350809210214,-1.4686115290985e-05,2.98094191641951e-06,-5.60999588650191e-06,-3.63910017862068e-05,-1.5485391680059e-06,2.10868806149733e-06,-2.08204868901163e-06,1.64522945400591e-06,-0.00655945882806908,-1.11335618058206e-07,2.29022472986173e-06,-5.79260678978955e-06,-0.000131306468193593,-0.0034598046328238,-3.54367719257453e-06,-0.00127131902400457,-6.55641697200338e-06,-0.00894378970944132,4.78740721643334e-06,7.15449544053115e-07,-4.3510528824342e-06,-0.00304412994584791,6.05149823851292e-06,-6.69260055286003e-06,-1.0133856934047e-05,-1.67850808363568e-06
"1:45054866:A:G",-0.00152086974368437,-0.0119682048749223,-0.00799820660719286,-0.0123608369425279,-0.000775412866965475,-0.00607949736208102,-0.00104287252144175,-0.00332145274949713,-0.0133353776308387,-0.00364031417833699,-0.00241790713540535,-0.000594786073620845,-0.00407650824618777,0,-0.00269312107651576,-0.00566841508281168,-0.000950823580563309,-0.000174339533392853,-0.00183164703023042,-0.00198844722520253,-0.00132383172081862,-0.0051213126039702,-0.000165942458612456,-0.00114276317609807,-0.00612586022332273,-0.00291399098797207,-0.00329032403853535,-0.00408018293761003,-0.00507920950504737,-0.00413510479308865,-0.00375207345804984,-0.000409835116688129,-0.00486966998678096,-0.00693380119500198,0,-0.00586912537058559,-0.000575548831281303,3.84934598063325e-06,-0.000194399598565376,-0.0058084383180157,-0.000523852742555064,-0.00430558811362536,-0.00647099635740833,-0.0161795618172893,-0.00123836811137279,-0.00521147849303327,-0.00406317970318337,-0.000183258183895418,-0.000829167901664096,-0.000987609165647552,-7.35170790644446e-06,-0.00391419100509705,-0.00370538937374132,-0.00197675206864689,0,-0.0043348338435516,-0.00455045996964243,-0.00307570767147691,-0.000301613597744499,-0.00284853067934865,-0.00327072562601716,-0.00261572875581084,-0.0015482427514506,-0.00612649689793487,-0.00158226273061679,-0.00837101601782297,-2.10816297547822e-05,-0.000190875576559613,-0.0010859933737315,4.73309649242637e-05,-0.00154985609463854,-0.00168088527673849,-0.00502096442406952,-0.00434660541437903,-2.63248550869122e-05,-0.00163632571425421,-0.0120958512971896,-0.00377543426970117,-0.00514463624670825,-0.00583405207475041,-0.000122146562663517,-0.00138869892157167,-0.000545045426652013,-0.00357073802880681,-0.00628501098855327,-0.00117684154418818,5.29184069355537e-05,-0.000125407292483004,-0.0102848125773241,-0.00168088527673849,-0.000105547544273499,-0.00225533063092698,-0.00221818873702961,-0.00864497989518087,-0.00225209572574325,0.444577991416678,-0.000787410412030898,-0.00128254940726524,-0.00333410088603658,-7.34511270739091e-06,-0.00830229604271349,0,-0.00709013426333938,-0.00468856009293273,-0.00152657072635343,-4.9867810038684e-05,-0.00359852302001151,-0.00529597861302111,-0.000252155987380931,-0.000251832273891139,-0.00334476385296423,-0.00242081343152023,-0.00377543426970117,-0.00315757085910651,-0.0101822555297915,-0.0166736852851717,-0.00561268739016585,5.59293681678952e-05,-0.000894986338516368,-0.00321725351880442,-0.0175918480292618,-0.00043177425914287,-0.00310860334289487,-0.0105460378528441,-0.000854130466551695,-0.00290655435281906,-0.00540585686746731,-0.0023709719735967,-0.00025803376699951
"1:45056719:C:T",4.83911905657664e-05,-0.00529671723226954,-0.00557975802088251,0.000665549839615309,-0.000634262965945709,-0.0105430724105302,-0.000196843295444005,-0.000365976411356606,-0.00174287578100962,-0.00258325517690938,-0.00239795982391833,-0.000680944998749489,-0.00056259482149823,0,0.00151731527088206,-0.00473772396821026,-0.00085204575468012,-0.000618222085865483,-0.000759591159013695,-0.000486893867908123,-2.82086471106169e-05,-0.00103950763691252,-0.00242771452946489,-0.00137484239222108,-0.00172716022356312,-3.68393462579775e-05,0.000248438456671884,-0.00166151094093436,-0.00163248822785089,-0.00397111991382992,0.00027634924073805,-0.000879825589299443,-0.0033921361442566,-0.000916159992290666,0,-0.00422816422354533,-0.00426733567615045,8.94429882869474e-06,-0.00417927690001996,-0.000506491698403444,-0.000444401469158251,-5.53791332658093e-05,-0.00311508402403149,-0.00373518903726566,-0.00140885962984338,-0.00331159269652792,-0.00184891872058124,4.39877112663467e-05,-0.00196189145688441,-0.000142429132917066,8.94429882869474e-06,-0.000842127180763264,-0.00135455148132557,-0.00290840407023296,0,-0.00203130980212585,-7.73112216778671e-05,-0.00194409684002217,-0.00788691285292842,-0.0038234090871816,0.000253613606306491,-0.000182815706192052,5.66738799703259e-05,6.68570543105318e-05,-0.00118001916534283,-0.000342095878710147,-0.00177917792284799,-0.00279720138478545,-0.00343777033105708,-7.58740431718863e-05,5.02695191153535e-05,-0.00103016692267754,-0.00059757658998727,-0.000417264136597595,-0.00106999678366559,5.34561720941795e-05,-0.00236904564521367,2.95200453770406e-06,4.71135027417802e-05,-0.00190233543818819,-4.24480641205705e-05,-0.00231333086925201,-0.00029675142339336,0.000673111352176736,-0.000209644299229872,-7.58740431727745e-05,0.000415663471672545,0.000408301751074092,-0.0012446491457121,-0.00103016692267754,-0.00135052266936331,-0.000568911079057877,-0.00303468336397827,-0.000445444414094887,5.93329833531442e-06,-0.000787410412030898,0.180317134293596,-0.0032981263440055,-0.00118692778595264,-0.00119940044636646,-0.00361809538877989,0,0.000447895702813561,0.000319369046043683,-0.00113232443728073,0.000149208421036384,-0.000321666761904815,4.71135027417802e-05,-0.00103946216819217,5.99230677158502e-05,-0.00332807795624301,-0.00259330255083245,2.95200453770406e-06,-0.00566534354334625,-8.14580872958715e-05,-0.00580867270357466,-0.00969660971688846,-0.00181727206481952,-0.00035810883998888,-0.000593206481270592,-0.0023556571077612,2.63316781001777e-05,-0.0030525128306893,-0.00236547897972894,-0.00131217291514041,-8.78123302285871e-05,0.000175487808069086,0.000244702824344856,5.02695191153535e-05
"1:45061625:A:G",-0.000959832955955697,0.000159411106205987,-0.00185818718025077,-0.00054913110865229,-8.21822149017493e-05,-0.00400679630553036,-0.00218285771685967,-0.00016603128054804,-0.000539066859261084,-0.000351327296988835,-0.00226058951519992,-0.00290404981526837,0.000144687553894407,0,-0.00108104349665972,2.31281845355369e-05,-4.58429660081805e-05,-0.000213480483064465,-0.000172411724008725,-0.00199268114099205,-0.00286096427692062,-1.73124295557159e-05,-4.85132014240719e-05,1.39074651137605e-05,-0.00374422482863324,-1.58940453216516e-05,0.00011724173560701,8.72015992507968e-05,-0.00229199269510438,-0.00135149029562687,8.91163852347887e-05,-3.5199431384747e-05,-0.00406511744678451,-0.000656344185309798,0,-5.36835203819308e-05,0.000100541592867209,4.49419509784832e-06,-7.27882895139587e-05,-0.00202831431649653,-0.0016938385180012,-0.00122533576352346,-0.00117978104502381,-0.000104302950481028,-0.00256817088636563,-0.00446380848446593,-0.000762535609871051,1.98590555458011e-05,-0.000956591167910581,-6.03244568981864e-05,4.49419509784832e-06,-0.00462302232234624,2.46259054428322e-05,-0.00272481177021611,0,-0.000115085804634596,-0.00240347726655088,7.32580583795439e-05,-0.000177867387608721,-3.38512875366348e-05,-0.00050164045014256,1.62869696511692e-05,2.62470647252044e-05,-3.08085178168938e-06,-0.000213644765545418,-8.24618908659147e-05,6.95392497922498e-05,-0.00017225351562189,0.000205759630256708,-3.24889382401494e-05,2.3021008878743e-05,-2.97207265260724e-05,-0.00123093038764743,7.70525604227856e-05,-5.11261164799492e-05,-0.00217503605361369,-0.00185106910605981,1.48295216106931e-06,2.14321368208203e-05,-0.00409230337315769,-1.87163716427463e-05,-2.83144040365002e-05,-0.00232356747067364,-0.000139850629302884,2.05192106239593e-05,0.000326097053782171,-1.87163716427463e-05,-0.000134968369082777,-2.97207265260724e-05,-2.97207265260724e-05,-0.00297762820528558,-0.00133470942881431,-8.57760672356989e-06,0.000370722394261502,2.98094191553133e-06,-0.00128254940726524,-0.0032981263440055,0.106063614206284,-0.00364544494674934,-3.11121604594788e-05,-8.80653477368654e-05,0,-0.00291343198841032,0.000153625428343851,-4.98267091302296e-05,6.95392497922498e-05,-0.00165796882078162,2.14321368208203e-05,-0.00360467621828775,2.78847295378526e-05,-2.68929557272202e-05,-0.00449784665421671,1.48295216106931e-06,-0.00329436758304347,7.13893295012369e-05,-0.00182402244029056,-0.00168083155132948,4.62059283998784e-05,-5.61871478383935e-05,-2.59694726096882e-05,-1.05413742446103e-06,0.00177018906404847,-1.15500095549947e-05,-0.00194226696950928,-0.00323983306465436,-0.000115902380218635,8.15683564496794e-05,0.000115267943441744,2.3021008878743e-05
"1:45062127:G:C",-0.00398748871228705,-0.00173177716116069,-0.00691811915363338,-0.00428233291027968,-1.00214190061898e-05,-0.0135262657012984,-0.000339679338036358,-0.000758675928274943,-0.000596448105891323,-0.0104475907611095,-0.00910942473773613,-0.00105468667163766,-0.0015982575249609,0,-0.00459078837338645,-0.00628869765101125,-0.000272173225725147,-0.00143199779251901,-0.000788483002658769,-0.00487965370700438,-0.0058212132785771,-0.00106507457577631,-0.00117749560949676,-0.000443599768303216,-0.00868806203243722,-0.00149834355256484,-0.000984348334837293,-0.002289374218722,-0.00336430051480541,4.29866795164102e-05,-0.00239844030652936,-0.000316241013820218,-0.00328685270883255,-0.00139488257403553,0,-0.00202611405162312,-0.00548042496132695,-0.00410692054948925,-0.00140675315542538,-0.0193925975025664,-0.00222536693108299,0.000807864156463722,-0.00719926136729132,-0.00170466426185145,-0.00014996409581558,-0.0101778087904121,0.0010108825688393,0.000420389264698784,-0.0192336096900094,-0.000207729011991731,-0.000380906578883788,0.000760308449582858,-0.0020457463055239,-0.00766420667788204,0,-0.0091920122889797,-0.0104744831421786,-0.000712721550087725,-0.0022996031317648,-0.00268197145251481,-0.0112530282437184,-0.00294642501644526,-0.00241336479093324,0.000257813901843651,-0.000702665781028955,-0.00355829833047316,-0.00198884992716852,-0.000559454149121397,-0.00228233862048244,-0.00304104227723911,-0.00198840735788242,-0.00167070421281945,-0.00506741929883603,-0.00143049749088897,-0.00301450672387116,-0.000592705362537416,-0.00172511710576284,-0.00460636004598047,-0.00635798543336286,-0.00728333207071508,0.000220489878303809,-0.00291119181453237,-0.00607635962972486,-0.00466955383881329,-0.00132703863105244,-0.00202344068822669,0.000220489878303809,-0.00349527263958382,-0.0032497258202504,-0.00167070421281945,-0.00263798407041094,-0.00205621050373983,-0.00338647825711558,-0.00617728948149043,-7.53886331672504e-05,-0.00333410088603658,-0.00118692778595264,-0.00364544494674934,0.409290352820352,-0.00172161320642861,-0.00362269679698324,0,-0.00215959609294547,0.000236622133670039,-0.002397191832471,-0.00408590748553994,0.000244225963841771,0.000391863849230845,-0.00429621195765773,-0.000801257357478491,-0.00873714901837364,-0.00115635371895584,-0.00460636004598047,-0.0071094295413574,-0.00561324058879187,0.00111314619997938,-0.00653609183399251,-0.00473655804445361,-0.000755807525297136,-0.0035462878713437,-0.0157378058592865,-0.00406474006751711,-0.000818051625695482,0.00062294183817535,-0.00354276558086131,-0.00375531506041327,-0.00103970433955158,0.00180272101273804,-0.00209369320217512
"1:45062769:G:A",-4.3327005924354e-05,-4.69919794898743e-06,-0.00540675129908497,-0.00051177432596905,-5.12881115373176e-05,-2.48400332214516e-05,-0.00202056765259506,-0.000618405222080121,-2.0496019304872e-05,-0.00420637850749728,-0.0054675208387307,-0.00136264241723261,8.91742920323679e-05,0,6.22126562079828e-05,-0.00264718880708248,-0.00138785754665083,-0.00273219565161398,-3.74027796929965e-05,-0.00490530874518491,-0.00296272487792848,-1.08127263507285e-05,-3.02442461954655e-05,-0.00177597641165406,-0.00674423333614627,-9.88868708695634e-06,7.23233499835274e-05,5.41551758166392e-05,-0.00121527997634008,-2.02496379486661e-05,5.53527339421933e-05,-2.20281329070815e-05,7.94265033565722e-06,-8.71593149138761e-05,0,-3.36625222461251e-05,6.22126562079828e-05,2.90625456322857e-06,-0.000975711609275898,2.520218694535e-05,-0.000196654620116199,-0.00201402246789684,-0.0025166565692718,-0.000160063295131962,-0.000454881359554626,-0.00810054085897161,-0.000842741499583077,1.24173278743811e-05,-0.00349023861260456,-0.00302120288044438,2.90625456322857e-06,0.000107384092162377,1.54763663440249e-05,-0.0012894902158358,0,0.000174064969880483,-3.02462512209445e-05,-0.00407449465187604,-0.00101615927304799,-0.00369822946402909,-0.00197110474388396,-0.00175637384869454,1.65156242726283e-05,-0.00346318166314674,-0.00131637993821787,-0.000103409431785551,4.33564030632994e-05,-0.000108778222672079,-0.00165576470273354,-2.02496379468897e-05,1.44469867153774e-05,-1.84347582630195e-05,-0.000143752606954095,-0.00418850157726247,-3.1971087394389e-05,1.54763663440249e-05,4.03742783854355e-05,-0.0044456019946999,-0.00202039926987752,-0.000583825974089791,-1.17277497375667e-05,-0.00155917524271487,-0.00170356421339779,-0.00100813097755559,1.32351758814764e-05,-2.02496379486661e-05,-1.17277497375667e-05,-0.000892740230336031,-1.84347582612432e-05,-1.84347582630195e-05,-8.01303759523364e-06,-8.02486488078458e-05,-0.000575013479042319,-0.00150877356166212,1.92814049881918e-06,-7.34511270739091e-06,-0.00119940044636646,-3.11121604594788e-05,-0.00172161320642861,0.161475359687761,-5.52446821853181e-05,0,-0.00306246580567704,9.41881736684635e-05,-3.11121604594788e-05,4.3356403061523e-05,0.000168591485619984,1.34273512033545e-05,-2.11433663155347e-05,1.75648969786835e-05,-0.00715730908882328,-0.00206288899717055,-0.0044456019946999,-0.00292303213256773,-0.0138116741931711,-0.0122097198523772,-0.00116133847195421,2.89050804962443e-05,-0.00323525153946669,4.92948659083225e-05,-0.00109717615583715,-0.00133176464564411,-7.06115959747677e-06,3.45019467493657e-05,-0.00125403222913167,-0.000637942902256938,5.06268899354012e-05,7.11037557916683e-05,1.44469867153774e-05
"1:45063668:C:G",-0.0001219699506807,-0.000980209477770444,-0.00342365192460292,-0.00186099905685211,-0.00125855937185904,-0.00441235406245877,-0.000968558778081885,-0.00749438787315526,-0.00500015120310193,-0.00216566664815776,5.04212108118907e-05,-0.00020985578743371,-0.00189174122290492,0,0.000175354568095365,-0.000151877945289591,-8.17600939111429e-05,-0.00144862317221595,-0.00320013089718341,-0.00211591145107892,-2.11039775681598e-05,-3.04032101361429e-05,-0.00340808911664503,2.2645277423905e-05,-0.000319065398153739,-2.81153939880596e-05,0.000204878580619017,0.000151474075389402,6.15794437219819e-05,-0.00258226830608432,0.00015468114696926,-6.17785679715155e-05,-0.0015860105090848,-0.000988727374466869,0,-0.00343310230997496,0.000175354568095365,-0.00290482069442444,0.00035059117127112,-0.00516706504425901,-0.00418883828880023,-0.00324158587828993,-0.000703441783237224,-0.000151485308707677,-0.000333437509849155,-0.00423608608739645,-0.000129434289440233,3.45440766000848e-05,0.000219792820935538,-0.00221145138236167,7.3100171791296e-06,-0.000954941226897432,4.23582592441463e-05,-0.000816292916858696,0,-0.0167957731502457,-0.0018676023672155,0.000126537361959222,-0.00188326913899672,-5.9624117412227e-05,-0.00502341093279979,-0.00327025023050176,4.50176965491877e-05,-0.00510006192008561,-8.59870606131352e-05,-0.00439372081669465,-0.0020401047640517,-0.000303677169982031,-0.0127807905277399,-5.74462821756327e-05,-0.0056309989140102,-5.3018929155435e-05,-0.00182923887425712,-0.00504476300944123,-9.01206859760251e-05,4.23582592441463e-05,-0.00116404855950769,2.41127434463806e-06,3.71218677006624e-05,-0.00715727775109887,-3.26670065415868e-05,-5.07686263722107e-05,-0.00143179347701494,-0.00231821218116801,3.34363652054748e-05,-5.74462821756327e-05,-3.26670065415868e-05,-0.000235932254604165,-5.30189291536587e-05,-5.3018929155435e-05,-2.34661707434469e-05,-0.000597838981494014,-1.63023999846246e-05,-0.0019200030116191,-0.00935234532926099,-0.00830229604271349,-0.00361809538877989,-8.80653477368654e-05,-0.00362269679698324,-5.52446821853181e-05,0.232604946747282,0,-0.0127171335803107,-0.000669732933593181,-8.80653477368654e-05,0.000120343368126719,-0.000250857964239515,-0.000891250266268351,-5.9624117412227e-05,4.7705200363346e-05,-4.84933684692379e-05,-0.00679366012781735,2.41127434374988e-06,-7.07630896439326e-05,-0.00208622380489665,0.000596641496026784,-0.00119005329879585,-0.00542593759813847,-9.81199490448503e-05,-0.00219256561241643,-0.0073212697473255,-0.00123925333662278,-4.0828990790942e-05,-0.00613307619756309,-0.00351673300203803,0.000713098866091499,-0.00400526294675974,-0.000446818633362156,3.97264571754263e-05
"1:45064582:A:G",0,0,0,0,0,0,0,0,0,0,0,0,0,0,0,0,0,0,0,0,0,0,0,0,0,0,0,0,0,0,0,0,0,0,0,0,0,0,0,0,0,0,0,0,0,0,0,0,0,0,0,0,0,0,0,0,0,0,0,0,0,0,0,0,0,0,0,0,0,0,0,0,0,0,0,0,0,0,0,0,0,0,0,0,0,0,0,0,0,0,0,0,0,0,0,0,0,0,0,0,0,0,0,0,0,0,0,0,0,0,0,0,0,0,0,0,0,0,0,0,0,0,0,0,0,0,0,0,0
"1:45064759:T:C",-0.0157515306235383,-0.00699693578905247,-0.00569547707060902,-0.00439134217230253,-0.00849807041611284,-0.00692971178299118,0.000292041010238719,-0.00803702186314004,-0.0165207756504691,-0.00675149264344821,-0.00989961564968977,-0.00596429752464278,-0.0012736418772068,0,-0.00129607282292188,-0.0079631143404435,-0.00233899546953831,-0.00190047532168247,-0.000318778653091378,-0.00743520244287499,-0.00885893286291317,-0.00540478667272914,-0.00108999216931549,-0.00541445873826518,-0.00433128006142303,-0.00807107369203663,-0.00132875899477991,-0.00143359065049786,-0.0119766259031726,-0.000792065809412712,-0.00547891904359021,-0.00355096749235262,-0.000223189589887429,-0.00192987902210406,0,-0.0062175503598878,-0.00229129134754036,-5.32633268273131e-05,-0.00111606117008201,-0.00475791166674044,-0.00622729286128365,-0.00464711503575055,-0.00315114494680779,-0.00765758549522477,0.000428810467098639,-0.0116808137584692,-0.0030741865886279,0.000428854373553555,-0.00336934815605883,-0.000504315869952254,-0.00218653194689367,0.000679365075587857,-0.000545038978705392,-0.0077989053578178,0,-0.0126705670442462,-0.00426071105594028,-0.0109001967308053,-0.00696094366700351,-0.000140126313398881,-0.00787910534155767,-0.00276913109530597,-0.00141723099465274,-0.00337557691103907,-0.00313809049056202,-0.00456670065680775,-0.00114644051181267,0.000868047345903733,-0.00260895480574241,-0.00135187719073482,-0.00380143456695681,0.000158005573554387,-0.00301605524770254,-0.000315383394258628,-0.00120094703905904,-0.00215655809521209,-0.000332146989745041,-3.70354957901498e-05,-0.00170963254618517,-0.00898590223027096,0.000176123044859366,0.000361253320384058,-0.0045346466750793,-0.00471270026562065,-0.00530333076776124,-0.00203808859991028,8.08319519505218e-05,0.00063889880759227,-0.000416205146048565,0.000158005573554387,-0.00273025807009653,-0.00308545215963285,-0.000281795150051778,-0.00815838667321644,-0.00183350809210214,-0.00709013426333938,0.000447895702813561,-0.00291343198841032,-0.00215959609294547,-0.00306246580567704,-0.0127171335803107,0,0.476424183669843,-0.000847796195865058,-5.51989158408261e-05,-0.00105679639243306,0.00132695242065362,-0.00170963254618517,-0.00159373608470137,0.000123578438622651,8.35798386327191e-05,-0.0090979796158539,-3.70354957901498e-05,-0.00747551808138525,-0.000693664468853328,-0.0197997450765914,-0.00741321755210178,-0.00393237058727536,-0.00263881933736787,-0.00263261990008967,-0.00946232006476544,-0.00592704482173589,-0.000771669543378373,-0.00470450037782744,-0.00351235337318068,-0.00862321529922427,-0.00344741455647846,0.00180188689246652,-0.000142353792487171
"1:45064805:C:A",-0.000766623311410974,-0.000443491937770268,-0.0038490831926854,-0.000793721772161859,0.000237966472242057,-0.000395602504926984,-0.000510542798610736,0.000893918107276903,-0.00247598356897871,-0.00351424922764743,-0.000119307976909511,0.00185907976961897,4.88472161430664e-05,0,-0.000383121121322105,-0.000514351279797154,0.000133413668274684,6.02467781920524e-05,0.000167898739320549,-0.000350425061268034,2.83285878506234e-05,5.68952018840108e-05,0.000146970761742082,-6.89469653583075e-05,-0.00288616304612344,-0.00532527853582287,0.00101538837796777,-0.000336546152300166,-0.00533909685464629,0.000101071688061616,-0.000346298283754543,-0.00828659972745527,-6.09097023911431e-05,0.000435556540906212,0,0.000173111695835004,0.000723689328697041,-2.21604673962261e-05,0.000232467589140306,-0.00230660293028606,-0.000444424774643792,-0.00199977879092028,-0.000493988132103773,-0.000963672082369804,-0.00219518620733883,-0.0010680123392488,0.000238499024336924,0.00174374822995915,-0.00251856863025157,-0.00271764105821504,-2.21604673962261e-05,-0.000703149517319979,-9.48986663900087e-05,-0.00114219666621285,0,-0.00344236554493982,-0.00253159447030082,7.01194425483109e-05,0.00053807292442265,0.000107872946215615,-0.00170667267665259,-0.000226514014373791,-0.000102937067739006,-0.000864900186236639,0.000146970761742082,-0.00281424843621014,-0.000269882246434427,-0.000352184823356971,-0.00076858113876721,0.000101071688061616,-8.69559660223729e-05,8.72209015732039e-05,-0.00188603397168574,-0.00020438465370809,0.000160199508598247,-7.39310304709306e-06,-0.00026812313566893,-7.29980839775379e-06,-7.91072675694338e-05,0.00013461829435446,6.38275173381331e-05,-0.000826059627666353,-0.000458270216878276,-0.0118196025037651,-0.000102114795814678,0.000101071688061616,6.38275173381331e-05,0.000420788089967594,8.72209015732039e-05,8.72209015732039e-05,3.55988605393875e-05,0.000378615770295632,-0.000417940601066924,-0.0112016052922392,-1.4686115290985e-05,-0.00468856009293273,0.000319369046043683,0.000153625428343851,0.000236622133670039,9.41881736684635e-05,-0.000669732933593181,0,-0.000847796195865058,0.0841037460279574,0.000153625428342963,-0.000269882246434427,-0.000631673850301162,-7.91072675694338e-05,0.000107872946215615,-0.000111072910337739,7.30288934480683e-05,0.000605398704762727,-7.29980839775379e-06,9.80016159077834e-05,-0.00107527449974665,0.000526222671158649,-0.00162436978520297,-0.000176865738406917,0.000185718552886627,-0.000317827069458154,-0.00161518446360986,0.00026304441264724,2.83285878515116e-05,-0.000221070258485057,0.000207596966261825,0.00036972104534172,-0.000307996431252455,0.00824138480672243,-8.69559660223729e-05
"1:45066925:C:T",-0.00768071347323218,-0.000906462721840917,-0.00184249743726639,0.000165978142971035,6.91765859190951e-05,-0.000201911548965761,-0.00203289075800228,-0.000551234951770674,-0.00122615325469067,-0.00210563811187203,2.9539147390345e-05,3.96604542185486e-06,0.000144687553894407,0,0.000100541592867209,-0.00142603364290661,-4.58429660081805e-05,-0.00150254602659672,1.08492201480459e-05,0.000138492544325075,-1.15500095558829e-05,-1.73124295557159e-05,-4.85132014240719e-05,1.39074651137605e-05,-0.00523391639583393,-0.00131699503902816,0.00011724173560701,8.7201599251685e-05,3.63294701726247e-05,-0.00120152333676948,8.91163852365651e-05,-3.51994313838588e-05,-0.00011564005487763,-0.000506377226451526,0,-5.36835203819308e-05,0.000100541592867209,4.4941950987365e-06,-7.27882895139587e-05,-0.00187834735764003,-0.00531999583034892,-0.00330940766252397,-0.00258386398676702,-0.000521114041602821,-0.00357134067573917,-0.00198320036556954,-7.3964677856253e-05,1.98590555458011e-05,-0.00133612381482173,-9.91018069065319e-05,4.4941950987365e-06,0.000175777940971678,2.4625905441944e-05,-0.000391757173955121,0,-0.000876202736948883,-0.000217223703735669,-0.00215102322288363,-0.000970484053370413,-0.00110401603905608,-0.00181857869537794,-0.00350177195926626,2.62470647260926e-05,-2.69267688528529e-05,-0.00334525646499007,-0.00972607483844001,-0.0023200556083971,-0.00142693449235942,-7.91436244194088e-05,-0.00145225944868965,2.3021008878743e-05,-2.97207265269606e-05,-0.00108096342879005,7.70525604218975e-05,-5.11261164799492e-05,2.4625905441944e-05,6.42982203880038e-05,1.48295216018113e-06,2.14321368208203e-05,-0.00233367305596399,0.000331578705728752,-2.8314404035612e-05,-0.00341305635260269,-0.00391832714459728,2.05192106230712e-05,-3.24889382410376e-05,-1.87163716427463e-05,-0.000134968369083666,-2.97207265251842e-05,-2.97207265269606e-05,-1.30130628201997e-05,-0.00732328293546836,-8.57760672268171e-06,-0.00274399749567111,2.98094191641951e-06,-0.00152657072635343,-0.00113232443728073,-4.98267091302296e-05,-0.002397191832471,-3.11121604594788e-05,-8.80653477368654e-05,0,-5.51989158408261e-05,0.000153625428342963,0.11710365547685,-0.00268179850867778,-0.00420071170665537,2.14321368208203e-05,-3.38512875357466e-05,-0.00556541974075753,-2.68929557281083e-05,-2.55969012004087e-05,1.48295216018113e-06,-0.000416724405138069,7.13893295012369e-05,4.44920234050628e-05,-6.74375535858474e-06,4.62059283989902e-05,-0.000394858084710847,7.89788946766734e-05,0.000105432970234354,-8.69153827975921e-05,-1.15500095549947e-05,5.50202536144795e-05,-6.79526034064182e-05,-0.000115902380217747,-0.00142559523561747,0.000115267943442632,2.3021008878743e-05
"1:45069050:G:A",-0.001906461283121,-0.00493640216600433,-0.00551083338471825,0.000228846466808541,-0.00604985539143943,5.19098127478301e-05,-0.000221986828556453,-0.00140370950635926,-0.00118374411087085,-0.0027732595923311,-4.97472904177343e-05,-0.00165233706418189,-0.000616009898039671,0,-8.30906839128787e-05,-0.00120806621051361,-0.0016225040075879,-0.00429062825516446,-0.00628890574959673,-0.00053860774970893,1.46134750558247e-05,2.53653938662168e-05,6.71190306684721e-05,-0.00124455152940772,-0.00612163421335943,2.27283968321501e-05,-0.000199468295428495,-0.000146909930482053,-0.00112224975218833,4.59046588829892e-05,-0.00148890431694593,5.09046629604271e-05,-2.33259947499675e-05,0.00018764436148544,0,7.6615757690135e-05,-0.000169220315913599,-0.00143065650005525,0.000102496324684509,-6.99216014510284e-05,-0.000731008312143899,-0.000113611248577783,-0.00131805430040099,-0.00039310008589144,-0.000766136305918153,-0.00650440372602645,0.000104639679125995,-3.10970718482295e-05,-0.00388571946049954,-0.00105325450022598,-0.00143065650005525,-8.76735380748173e-05,-4.02425884491464e-05,-0.00261047036514306,0,-0.000538720438647999,-0.00148717832498324,-0.000124115268311797,0.000232989366417691,-0.00264606352457353,0.000169004808861395,-0.00115496732543185,-0.00249502998083617,-0.0035257136179343,6.71190306684721e-05,-0.00129887066879153,-0.000116544831758603,-0.00962803309909877,-0.00102070320086689,-0.00630753594047917,-3.71551840210316e-05,-0.00203510044247501,0.000287133219200264,-0.000131892264546352,7.19283852088637e-05,-4.02425884491464e-05,-0.000112214540131106,-2.78734667258362e-06,-3.41069232367985e-05,-0.00235473369027073,2.79694569185196e-05,3.8160257840758e-05,-0.000146273529137098,-0.00102996035051106,-3.91936476162869e-05,4.59046588829892e-05,2.79694569185196e-05,0.000182787126782102,4.07751497855102e-05,-0.00203510044247501,1.73530861200533e-05,-0.00170793164184779,9.02697254456797e-06,-0.00124028027982082,-5.60999588650191e-06,-4.9867810038684e-05,0.000149208421036384,6.95392497922498e-05,-0.00408590748553994,4.3356403061523e-05,0.000120343368126719,0,-0.00105679639243306,-0.000269882246434427,-0.00268179850867778,0.132887261832865,-0.00124312786272185,-3.41069232367985e-05,4.84205423534334e-05,-0.00105039081349201,-0.00178504497719434,-0.000280685682876758,-2.78734667258362e-06,4.92540795820062e-05,-0.000120304743057353,-0.00127436361776923,-0.000204193532042041,-7.59696511893893e-05,8.11857077316347e-05,-0.00097054746865588,-0.00483751591874881,0.000118225546563266,1.46134750567128e-05,-9.34829904686296e-05,9.36426957682812e-05,-0.00191992037849786,-0.000135302255285907,-0.000195236619109806,-0.000890248380180481
"1:45071280:A:G",-0.00918704041693008,-0.00411502834797606,-0.00568306129788576,-0.00263567039241597,-0.000144705476858853,-0.000137017234290937,-0.000665184303471733,-0.00454357020307405,-0.00495139502634512,-0.00667847816718581,-0.000266766990473677,-0.00660902179926826,-0.000546952020663127,0,-0.00409179324201681,-0.00189896725339089,-0.000342465193382324,4.59553419682734e-05,-0.00512177613559661,-0.000759000422288381,3.82689515365797e-05,0.000109189182261105,-0.00192088099325982,-0.000153744400038569,-0.00352279265410527,-0.000128530723666032,-0.000953325090186752,0.000470188197421173,-0.00160158084836759,-0.00199010594078519,-0.00147027877406991,0.000219127140316466,-0.000932237927237622,-0.00386794204322172,0,-0.000998982831236894,-0.000814191537657827,-5.49967153489206e-05,-0.000236336530702985,-0.002831319093759,-0.00036433184098783,-0.00131348879156068,-0.00256058297277839,-0.000777674291273289,-0.00764835193728919,-0.00158644199965829,-0.0027305720799502,-0.000146253732963508,-0.00219478108231064,-0.00794246346439476,-5.49967153489206e-05,-0.00135672220353467,-0.000309518059824931,-0.00394950894141788,0,-0.00117835026391289,-0.000460489274169973,-0.00157582918248789,0.000347178845189866,-0.00187329050807694,-0.00189038755789195,-0.00266567525947092,-0.000225370314616669,-0.00350628991022717,-0.000536283570347074,-7.85816957957763e-05,-0.00144226277722304,-0.0055893645820877,0.00036399862851999,-0.00172249604130847,-0.00123641275865882,0.000151229086309712,-0.00182079544780667,-0.00305389817586565,8.69269808516648e-05,-0.00355838599879021,-0.000442425685935888,-1.80607658579746e-05,-0.000165590216401057,-0.00302342322289029,0.000126268098340709,-0.00452573581326465,-0.0039311482134714,-0.00307616440764358,-0.00163372688926167,-0.00203263774417017,0.000126268098340709,-0.000335400121909579,-0.00468279163158059,0.000151229086309712,-0.00237847402173408,-0.00126403526251639,-0.00164878997748641,0.000326105146065903,-3.63910017862068e-05,-0.00359852302001151,-0.000321666761904815,-0.00165796882078162,0.000244225963841771,0.000168591485619984,-0.000250857964239515,0,0.00132695242065362,-0.000631673850301162,-0.00420071170665537,-0.00124312786272185,0.208565808265563,-0.00164740668144425,-0.00187329050807694,-0.000297029093934142,-0.00190256561412916,-0.00454054246946001,-1.80607658579746e-05,-0.000100952111651509,-0.00151394383967851,0.00184491272054199,-0.00675786548301804,-0.000380258879835615,0.000360771550974803,-0.00116513389661499,-0.00375894344205019,0.000479597590424596,-1.66321089656307e-05,-0.00176012999760644,-0.00172557711559129,0.000705301880270071,-0.0020384302180565,-0.000271798588644678,-0.000185217424990114
"1:45072798:G:A",2.95197805622038e-05,-0.00154947600843691,-0.00570151221252591,-0.00457837198595712,3.41659005593797e-05,1.66072914176141e-05,-6.42115459346115e-05,0.000123462927124507,-0.00527756633041232,-0.00140621812352215,-1.44047399377456e-05,-0.00151684660871254,-7.51926797182279e-05,0,-4.98194893392423e-05,-1.35255815409963e-05,1.94160442203994e-05,1.21133143222707e-05,2.50337948326518e-05,-7.23090420589045e-05,4.75048085935015e-06,7.71315590775146e-06,2.07684037762945e-05,-7.27380374332398e-06,-0.0011453223991813,6.98580913827129e-06,-5.87069980362287e-05,-4.30805378694998e-05,-1.80468915891296e-05,-0.00501331473726729,-4.41685010814652e-05,1.5504685250356e-05,-6.42538153794447e-06,-0.00417184673033066,0,2.33753456129193e-05,-4.98194893392423e-05,-0.00161429891710441,3.13258785569204e-05,-1.99381290908462e-05,-0.000786304131611182,-0.00161865961747765,-0.00141465152559661,-0.00150387410191755,-0.00127594585714341,-0.00528032243901499,3.19134092405804e-05,-9.26729003491999e-06,-0.00165247443520133,-0.00146992221899733,-2.33682540695668e-06,-9.23264738084129e-05,-1.17892195010683e-05,-0.00168037422107137,0,-0.00432244134420223,-0.00152087461440242,-3.61811317297622e-05,7.19475689683335e-05,1.48205897207987e-05,-0.00148874963722623,-0.00553163150967961,-1.26504072346378e-05,-2.82032940646104e-06,2.07684037762945e-05,1.95354134824299e-06,-3.41069232359104e-05,6.89513355380811e-05,-0.00532332426056481,1.41281955752248e-05,-1.09384277209301e-05,1.2717901282322e-05,-0.00159760924035268,-3.8308642103857e-05,2.20877740915171e-05,-1.17892195010683e-05,-0.0012882542363748,-7.69652941379206e-07,-1.00978452888256e-05,0.000382852579220661,8.43188385601934e-06,1.19996866798644e-05,-4.06626362696727e-05,-0.0017497790453378,-1.07764164942736e-05,1.41281955743366e-05,8.43188385601934e-06,5.61113926274004e-05,1.27179012840983e-05,1.2717901282322e-05,5.50463292636749e-06,5.23696334022716e-05,3.21421246596287e-06,-0.00526877237887557,-1.5485391680059e-06,-0.00529597861302111,4.71135027417802e-05,2.14321368208203e-05,0.000391863849230845,1.34273512033545e-05,-0.000891250266268351,0,-0.00170963254618517,-7.91072675694338e-05,2.14321368208203e-05,-3.41069232367985e-05,-0.00164740668144425,0.0906924468626356,1.48205897207987e-05,-1.35221820904974e-05,1.12725443006667e-05,-0.000210169138095573,-7.69652941379206e-07,1.58824526215184e-05,-3.5137490288939e-05,-0.00203988931346188,-0.00159882023144409,-2.22995075365162e-05,2.46322522814424e-05,-3.93930293327571e-05,-0.00120696671333143,3.65455298885209e-05,4.75048086023833e-06,-2.71064874182159e-05,2.89027964370803e-05,4.89372121492693e-05,-3.98969417823025e-05,-5.75480602389433e-05,-1.09384277209301e-05
"1:45073538:G:A",-4.694206811795e-05,-0.000820396489820574,-0.00515773710810308,-0.00177211034211133,-5.54517002804289e-05,-0.00338635583914026,8.77718733969246e-05,1.4402138715397e-05,-0.0018945425039556,-0.000362970198248824,-0.00321546228446135,3.21059551389169e-06,0.000101745097744299,0,7.01139510574933e-05,1.680020999828e-05,-3.10354654544653e-05,-0.0014365504912961,-4.06456919241904e-05,-0.00311220403349477,-0.00330890794149941,-1.1842850468291e-05,-3.29229653512897e-05,9.84497159262077e-06,0.000152042067505853,-1.08405650447452e-05,8.19109078475933e-05,6.07851433231943e-05,-0.00314412145768639,-2.21160985738322e-05,6.21560098528207e-05,-2.40307567445086e-05,8.7044661425395e-06,-0.00040691572896101,0,-3.65765168774956e-05,7.01139510574933e-05,3.17945616767901e-06,-4.94935215620274e-05,-0.00275960523673735,7.86714206055805e-05,-0.00244243099118613,-0.00148462796641713,-8.27572091264273e-05,-0.00146394199707522,-0.00322831768330367,-5.03255696484572e-05,1.37058518845379e-05,-0.00397792030035049,-6.5559609707222e-05,3.17945616767901e-06,0.000123872703347239,1.70845784310814e-05,-0.00127380750857853,0,-0.000702380643536671,-0.00246728696415754,5.10750870095222e-05,-0.000858006957800583,-2.30785079420315e-05,-0.000386497148328502,1.24312185523223e-05,1.8234182858734e-05,-7.47538412504412e-07,-3.29229653512897e-05,-7.13292057241688e-06,4.84205423543216e-05,-0.000115549061727727,-0.00336452669974818,-2.21160985729441e-05,1.59467735638685e-05,-2.01601453904132e-05,-0.000952776120211496,5.37855574753721e-05,-3.4769546203961e-05,1.70845784310814e-05,4.49708250949143e-05,1.04892504904086e-06,1.48205897207987e-05,-0.00152373241256676,-1.28347736954026e-05,-1.91662664823511e-05,-0.00153152431940651,-0.00187405675698038,1.45317385022992e-05,-0.00387094699680723,-1.28347736954026e-05,-9.12517915212518e-05,-2.0160145389525e-05,-2.01601453904132e-05,-0.00197811323773767,-8.59495424991863e-05,-5.66792108003256e-06,-0.00427367022499325,2.10868806149733e-06,-0.000252155987380931,-0.00103946216819217,-0.00360467621828775,-0.00429621195765773,-2.11433663155347e-05,-5.9624117412227e-05,0,-0.00159373608470137,0.000107872946215615,-3.38512875357466e-05,4.84205423534334e-05,-0.00187329050807694,1.48205897207987e-05,0.0918951346172898,1.93957690086677e-05,-1.81615566576809e-05,0.000243105521726683,1.04892504904086e-06,-0.00338482455788203,4.97409306055019e-05,-0.00221145806488643,-0.0015498251134316,3.20880103990007e-05,-3.83451313625827e-05,-0.00261607992368695,-0.00157535545733101,-5.88086314730063e-05,-7.76990024853319e-06,3.83594233319684e-05,-4.60726362030428e-05,-7.85923227599739e-05,5.67551347145923e-05,8.0489567988451e-05,1.59467735638685e-05
"1:45075614:C:T",-0.0056265589394906,-0.00151202514668558,-0.00665507713115332,-0.00278751154361867,-0.000787887246988639,-0.00222467351244759,-8.95627111967556e-05,-0.00181727100010409,-0.000182396940580531,-0.000900293926052953,-1.94160957667222e-05,-4.64289216228764e-06,-0.000213999871259141,0,-6.86214211444991e-05,-1.85601696980342e-05,-0.00213219046561441,1.56721870219201e-05,-0.00209839276774737,-0.000140706969011362,6.21467393990827e-06,1.0156538506223e-05,-0.00205690805639325,-0.00259236532009233,-0.00334626601491728,9.19074014404941e-06,-8.13306398672609e-05,-5.91183569866871e-05,-2.44329776402097e-05,1.8486480030333e-05,-0.00112998155956578,2.02930042840777e-05,-8.67552465599886e-06,7.26122361891512e-05,0,-0.00172712396384433,-6.86214211444991e-05,-3.14406621626517e-06,-0.00237070133839001,-2.70497995522589e-05,-7.86361295288529e-05,-0.00532367751021656,-0.0055436778814828,-0.00284593317958048,8.58245326140761e-05,-0.00411164150190757,4.12331363497387e-05,-1.23904191751123e-05,-0.00765025576696043,-0.00457631260839619,-3.14406621626517e-06,-0.000130774639201192,-1.58317910168293e-05,-0.00336846070891283,0,-0.00114342398607636,-0.00535070240861035,-4.94710480900551e-05,8.9760051732668e-05,1.93957690086677e-05,-0.00172740907086322,-0.0016606507682928,-1.70102532965899e-05,-0.00182765839659815,-0.00205690805639325,-6.83690441594109e-05,-4.6537859406115e-05,-0.00513164649843656,-0.0035560665819041,1.8486480030333e-05,-1.46692046607555e-05,1.66307731364057e-05,0.000109298761655552,-5.24891354523049e-05,2.87357713295577e-05,-1.58317910168293e-05,-0.00271728658456638,-1.03411766527728e-06,-1.35221820904974e-05,-0.00319121532340549,1.1109647894969e-05,1.56838552287653e-05,-0.00171723054855644,-0.00278950448687709,-1.46045116116156e-05,1.8486480030333e-05,1.1109647894969e-05,7.10159962569179e-05,1.66307731364057e-05,1.66307731364057e-05,7.22006821263221e-06,-0.00167121239284729,4.16241504463954e-06,-0.000251286914044968,-2.08204868901163e-06,-0.000251832273891139,5.99230677158502e-05,2.78847295378526e-05,-0.000801257357478491,1.75648969786835e-05,4.7705200363346e-05,0,0.000123578438622651,-0.000111072910337739,-0.00556541974075753,-0.00105039081349201,-0.000297029093934142,-1.35221820904974e-05,1.93957690086677e-05,0.137187350409863,-0.00207762171769144,9.30954365436776e-05,-1.03411766527728e-06,2.06378297784582e-05,-4.79940614086516e-05,-0.000295978240654193,-0.00305014173076756,-3.01634273194296e-05,3.2028334612022e-05,-5.40311467895904e-05,-0.0128535663916125,-0.00225826272902374,6.21467394079644e-06,-3.68636514389564e-05,3.73824184443095e-05,6.23408291522409e-05,-5.45807320504466e-05,-7.96440981112312e-05,-1.46692046607555e-05
"1:45078120:C:T",0.000160016197874313,-0.00914241435384167,-0.00900477844727021,-0.0029477769985613,-0.000212026327329085,-0.000150780466507072,6.13020824884458e-05,-0.00239005382724944,-0.00269992474623448,1.37669684274755e-06,-9.89946273186604e-05,-0.00131255681950204,-0.00224164932642257,0,-0.0012142179625485,-0.00348566214776813,-0.000185498878740198,-0.000120601540796628,-3.24160740019508e-05,-0.000565544881701463,-0.00013069404586652,-0.0058984261031938,-0.00126136177798575,-8.79873476620219e-05,-0.0037179816642392,-8.42338570627987e-06,-0.00810466031735491,-0.00176814674284831,-8.25905441681485e-05,-1.73755451733371e-05,-0.00259834968218886,-1.89405143924404e-05,6.74794877753015e-06,-7.79620887909616e-05,0,-0.00404087782280271,-0.00459226328992024,-0.00192650266231009,-3.99329673941295e-05,2.10335789851968e-05,5.55525817071967e-05,-0.00336145004222477,-0.00196383599641248,-0.000273697729562983,-0.000162481411551951,-0.000187961657407421,-4.06448440619656e-05,1.04266054030688e-05,-0.000818043983438432,-0.00440193560365376,-0.00192650266231009,8.18745772370733e-05,-0.00226980799770349,-0.000703971321117436,0,-0.000708573268885626,-0.00262933175098468,-0.000852218475091426,-0.000102212644439881,-0.0036724036309872,-0.00433991197725181,-0.000297809644866476,-0.00219245165231108,-0.00417203581232073,-2.61198723894296e-05,-0.00037456596817087,-0.00198417989169464,-9.83303381252298e-05,-0.00141107464547519,-1.73755451724489e-05,-0.000275979693234341,0.00202624304826493,-0.000132158998360055,-0.00289848936946324,-0.00346317026966503,1.29845720771016e-05,-0.00179179471902291,8.19219115655301e-07,1.12725443006667e-05,-0.00678309392919019,-1.00193110501579e-05,-0.00574743957037782,-0.00244157391075994,-0.00282059762874765,1.12003881245215e-05,-1.73755451733371e-05,-1.00193110501579e-05,-0.000832171478995392,-1.57820093846794e-05,0.00202624304826493,-6.79964320760007e-06,-0.00250639638190986,-0.00618030413167237,-0.00426787891817426,1.64522945400591e-06,-0.00334476385296423,-0.00332807795624301,-2.68929557272202e-05,-0.00873714901837364,-0.00715730908882328,-4.84933684692379e-05,0,8.35798386327191e-05,7.30288934480683e-05,-2.68929557281083e-05,-0.00178504497719434,-0.00190256561412916,1.12725443006667e-05,-1.81615566576809e-05,-0.00207762171769144,0.192607528245363,-0.00070736345493394,8.19219115655301e-07,-2.04963450345375e-05,-0.00203230701133084,-0.00880062384646108,-0.0038067672501878,2.39759069007306e-05,-3.06511720769009e-05,4.01876914324362e-05,0.000190807803856607,-0.00127395513567041,-5.97713976446812e-06,2.85139361819731e-05,-0.000261584348487887,-6.50333966039085e-05,4.11497420511608e-05,5.65977095705605e-05,-0.00282112057237605
"1:45078152:C:T",-0.00543611985580661,-0.0112725888643088,-0.00679787461247505,-0.00326000565408169,-0.00413232026522614,-0.00656169845470611,-0.00264563259372874,-0.00408800792532471,-0.0044613496535808,-0.00566629856877654,-0.00152330947528956,-0.00265876747501448,-0.0051851572294126,0,-0.00290903337009052,-0.00242406029471454,-0.00150861032501659,0.000176152056918788,-1.89056919204234e-05,-0.00828033285397822,-0.00170791940641735,0.000132540328791286,-0.000557045430617187,-0.000850480240631057,-0.00528728204216433,-0.00334826291990797,-6.71889028742712e-05,-0.000261396982396356,-0.000167121037288886,-0.00320963274274888,-0.00591278404472106,-0.00447020632558104,-0.000223256535592853,-0.0018884325146491,0,-0.00359938977572405,-0.000970107533032838,-0.0016589066928816,-0.00397140389417405,-0.000545132874185228,-0.00476196250131533,-0.00976938788074744,-0.00741073295761607,-0.00631702864779848,-0.00284095325984257,-0.0108050228023258,-0.00115193502633026,-0.000183696523246901,-0.00902309573595428,-0.00609033462400532,-0.0016589066928816,-9.46490402196076e-05,-0.000264549993683083,-0.0055327020130802,0,-0.00164578192930076,-0.00698963915095829,-0.00172145028336779,-0.000324295507386552,-0.000499488232581058,-0.0141405813713718,-0.000513324342668042,-0.0050529227160494,-0.00478701077764709,-0.0005116975389301,-0.0013683103344917,-0.001569243572626,-0.000585419897716655,-0.00666231163560393,-0.000333834753504014,-0.00305012873808952,-0.00102361058887102,-0.00387352619874637,-0.00249766370395754,-0.00189821846332894,-0.00296013674016216,-0.000369700606809076,-0.00456532340550098,-0.00621996881328535,-0.00876510245975481,-0.000512301921696157,-1.51023276728779e-06,-0.00353586403886075,-0.0117803743247289,-0.00313489429710589,-0.00446046241859754,0.00015555871458961,-0.0001660122568099,-0.00499206520242534,-0.00102361058887102,-0.00180048282315592,-0.00263886607803343,-4.61196148364706e-05,-0.00596864157790167,-0.00655945882806908,-0.00242081343152023,-0.00259330255083245,-0.00449784665421671,-0.00115635371895584,-0.00206288899717055,-0.00679366012781735,0,-0.0090979796158539,0.000605398704762727,-2.55969012004087e-05,-0.000280685682876758,-0.00454054246946001,-0.000210169138095573,0.000243105521726683,9.30954365436776e-05,-0.00070736345493394,0.39954201729225,-0.00456532340550098,-0.00433179290152896,-0.000245378685241882,-0.0208416529337705,-0.00672273383839306,-0.00178238049853174,-0.00091482303030066,-9.57123854785635e-05,-0.0101796087369022,-0.00118844200062096,-1.02895231410827e-05,-0.000379206127721687,-0.000408365730419469,-0.00146534574399304,-0.00101862012036058,0.000818060674539822,-0.00124871360062784
"1:45080294:C:A",1.97729713136141e-06,-7.96146262249664e-06,4.89448392659853e-06,3.93313264179795e-06,2.25603549708353e-06,-0.0037305074124756,-5.67433808296158e-06,-0.00344444929320975,-0.00402377752596994,3.6223848338679e-06,-0.00362716795841589,-2.16076423420475e-07,-6.83211591567812e-06,0,-4.26840384371019e-06,-0.00376462924421794,1.36031300712602e-06,8.99958366495923e-07,1.7212129268529e-06,-0.00347315310746943,3.56530901690633e-07,5.58912898185326e-07,1.44279161595762e-06,-5.32480716408656e-07,-0.00431810003495325,5.09606246090755e-07,-5.15154715596822e-06,-3.61616806099363e-06,-0.00366522879164677,1.00456487217571e-06,-3.71615421634885e-06,1.09253053892644e-06,-4.69131523850308e-07,3.39629089474158e-06,0,1.59931555643311e-06,-4.26840384371019e-06,-1.68433871294837e-07,2.07764557913492e-06,-0.00431214575872652,-4.93375073418179e-06,-1.88088404753373e-05,-3.09337817760991e-06,2.91292923826347e-06,-0.00400086659977106,-0.00386173425821124,2.10994640070794e-06,-7.06302828668015e-07,-0.00399938247490628,-0.00185052525651042,-1.68433871294837e-07,-8.77678473365506e-06,-8.99621857897159e-07,-0.00380232582839568,0,-0.00341848589908267,-5.02894557730116e-06,-0.00336429265585814,3.96788348933086e-06,1.04892504904086e-06,-0.00303607989981192,-7.86915808070887e-07,-9.66290887305377e-07,-0.00397912963533642,1.44279161595762e-06,2.18183966893548e-07,-2.78734667258362e-06,3.87071105567571e-06,-0.0038603654062328,1.00456487306388e-06,-8.34084366907462e-07,9.13509866862228e-07,4.46725765090861e-06,-0.00227124213940488,1.52241571704792e-06,-8.99621857897159e-07,-2.59830893956092e-06,4.89448392837488e-06,-0.00145262123686507,-3.45366873313324e-05,6.07392329321499e-07,-0.00148385632201098,-3.31179085932831e-06,-0.00304171862245184,-0.00404535361013103,1.00456487217571e-06,6.07392329321499e-07,3.34277282210138e-06,9.13509867750406e-07,9.13509866862228e-07,4.084350075928e-07,3.18518552155922e-06,-0.00405565047130363,-0.00372167569752158,-1.11335618058206e-07,-0.00377543426970117,2.95200453770406e-06,1.48295216106931e-06,-0.00460636004598047,-0.0044456019946999,2.41127434374988e-06,0,-3.70354957901498e-05,-7.29980839775379e-06,1.48295216018113e-06,-2.78734667258362e-06,-1.80607658579746e-05,-7.69652941379206e-07,1.04892504904086e-06,-1.03411766527728e-06,8.19219115655301e-07,-0.00456532340550098,0.125532638653373,-2.73086846611648e-05,-0.00332533104864385,-0.00292813207673515,-1.76310562780557e-05,-1.76080958969038e-06,-0.00880609812774225,-3.25633542619386e-06,-0.00330541270015683,2.38134265284629e-06,3.56530902578811e-07,-2.16094949045953e-06,1.94265341590949e-06,3.00914703288413e-06,-3.32644566825024e-06,-5.03750791747137e-06,-8.34084366907462e-07
"1:45080399:A:G",2.46099351581819e-05,-0.0063038955526098,-0.00221164028792087,-0.00475341752407932,-0.000165193007273245,-0.000151142939945004,-0.000944946862682983,-0.00182269143968394,-0.0120300461347993,-0.00374103263129211,-0.000655047528458574,3.39957535544499e-06,-0.00160867761192485,0,-0.00212373221865825,-0.00391040777626905,-8.33548006218265e-05,-0.000264127394235203,-0.00270216681358537,-0.000433046950672811,-6.57997402466748e-05,-1.31978656510157e-05,-0.00292351853932349,-0.000442154881482359,-0.00565613073882121,-1.20748857650455e-05,7.8447384577629e-05,6.05369631161423e-05,-0.000687812553408662,-0.00140645816839324,6.17592632901065e-05,-2.72258812454851e-05,9.37681225021691e-06,-0.00069371410745056,0,-4.21226044746703e-05,6.86538267853365e-05,3.44864677881418e-06,-5.79286123159051e-05,-0.00378010197522993,-0.00535577116425667,-0.00723665583836297,-5.68878064397538e-05,-0.00419578215774408,-0.00955312329230917,-0.00658270760188051,-0.00210586161464743,1.47147572748807e-05,-0.000581877707309886,-0.000507451330749475,3.44864677881418e-06,-0.00475707550143056,1.82431172301989e-05,-0.00710947827813557,0,-0.000195725859789331,-0.00266758655709776,-0.00175860540845019,-0.000116309524083924,-2.61285744791451e-05,-0.00187979652540982,-0.000413714893316097,1.94361918675057e-05,-0.000186858023268677,-3.78112941357145e-05,-0.00492271392655219,-0.00501316107683802,-0.00189665022764984,-0.000192068225749242,-2.50216996642294e-05,1.70585548664448e-05,-2.2778812954094e-05,-0.00247367974482948,-0.00224739896306936,-3.99867162022005e-05,1.82431172301989e-05,-0.00207336792369706,-2.73086846611648e-05,-0.00146940334535195,-0.00180043564861698,-1.43116862485471e-05,-0.00153975181342059,-1.36542037587617e-06,-0.00165430294227775,-0.00393099613797343,-0.00140645816839324,-1.43116862485471e-05,-0.00209986483494529,-2.27788129523177e-05,-2.2778812954094e-05,-0.00276181975613365,-0.000105262517291926,-0.00251415219255868,-0.00302388631498074,2.29022472986173e-06,-0.00315757085910651,-0.00566534354334625,-0.00329436758304347,-0.0071094295413574,-0.00292303213256773,-7.07630896439326e-05,0,-0.00747551808138525,9.80016159077834e-05,-0.000416724405138069,4.92540795820062e-05,-0.000100952111651509,1.58824526215184e-05,-0.00338482455788203,2.06378297784582e-05,-2.04963450345375e-05,-0.00433179290152896,-2.73086846611648e-05,0.22024414352777,-0.00172096588392812,-0.00335254661884399,-0.00168523890535166,3.35034740164275e-05,-0.00730502247528175,-0.00247332198838368,-0.00227266163470663,-0.00301529593139982,-0.001677863688057,3.96671860212194e-05,-0.00136713580363867,-0.000760579631503333,-0.00103631426053763,7.7287994533215e-05,1.70585548664448e-05
"1:45081541:A:G",-0.00215225280626452,-4.43670388339257e-06,-0.00199358676793127,-0.000170005953348706,0.000112245711198611,-0.00171909570400075,-0.00119710315293009,-0.000640481457453212,-0.000732297228627665,-0.0019779265136135,-0.00297160299539101,0.000423452184775464,-0.000269185613023026,0,-0.000174778972334089,-0.00235090059277088,-0.0023446103854603,-0.00154753407822739,8.14903808246115e-05,-0.00267234833925745,-0.00181554386192584,2.60746564020309e-05,6.88972588660519e-05,-0.00286090055048049,-0.0036474790391714,2.33547940151624e-05,-0.000206120194941484,-0.000151711587618841,4.37139728122204e-05,4.71483146062823e-05,-0.000155837942975801,5.23004195658316e-05,-2.4097301603021e-05,0.000192229425861612,0,7.86736910578512e-05,-0.000174778972334089,-8.74498692304826e-06,-0.00187267339433284,-7.22016018537275e-05,-0.000467198602072116,-0.00593838134853453,-0.00320173516467737,4.94148126319871e-05,-0.000690451159403693,-8.00111402572412e-05,-0.00173646516495563,0.000515233779045943,-0.00304253380575847,0.000406206558642097,-8.74498692304826e-06,-0.000327625904022355,-4.14821646712582e-05,-0.00562312390442976,0,-0.00442460560066049,-0.000337169468401122,-0.00193697443359575,-0.00171510422672938,4.97409306055019e-05,-0.00121187069357731,1.09963995678086e-05,-4.47168036217249e-05,-0.00233474564209768,-0.00226576129080769,-0.00010069244308486,-0.000120304743056465,0.000226699839495303,-0.000577754136923403,4.71483146071705e-05,-3.82893261425821e-05,4.18611143810921e-05,-0.00802101960767665,-0.00450431335974866,7.38490121836577e-05,-4.14821646712582e-05,-0.000115929155334982,-0.00332533104864385,-0.000944453486271257,-0.00585728617325554,2.87601328707865e-05,-0.00556629766565386,-0.000238690610427916,-0.00872643715565946,-0.00147644567284733,4.71483146062823e-05,2.87601328707865e-05,-0.0016689088926487,4.18611143828684e-05,4.18611143810921e-05,1.78092567386656e-05,0.000172998061112928,-0.0137706221462697,-0.01469001942458,-5.79260678978955e-06,-0.0101822555297915,-8.14580872958715e-05,7.13893295012369e-05,-0.00561324058879187,-0.0138116741931711,-0.00208622380489665,0,-0.000693664468853328,-0.00107527449974665,7.13893295012369e-05,-0.000120304743057353,-0.00151394383967851,-3.5137490288939e-05,4.97409306055019e-05,-4.79940614086516e-05,-0.00203230701133084,-0.000245378685241882,-0.00332533104864385,-0.00172096588392812,0.190147833508117,-0.00192891146573437,-0.00341862470084209,-7.83540189566168e-05,-0.00311908027765728,-0.000140353295793538,0.000158629886759964,-0.00220563011087904,1.49822117956333e-05,-9.6501524089021e-05,-0.000125421686647087,-0.0014483907683438,-0.000139659784121449,0.00098748402450255,-3.82893261425821e-05
"1:45082340:G:A",-0.015743917502304,-0.0042682650484096,-0.00701238507535162,-0.00636060656920678,-0.000887915725324984,-0.000430781444235695,-0.00039527802503958,-0.00989994082368417,-0.011895084287413,-0.010282122314778,-0.00756278517315234,-0.00605177120116229,-0.00893570259460663,0,0.00154207737374445,-0.00423492729739161,-0.0040480102377165,-0.00635511566658309,-0.000121254192423592,-0.00567031895444314,-0.00554177085223451,-0.00397097256726919,0.000338909029364842,-0.000243593777393691,-0.00327432723731702,-0.00323165317629837,-0.00441829725869436,-0.00147369704123657,-0.00806496336850637,-0.00390960537891516,-0.0016827226513616,-0.000724816997607292,-0.00249077163861111,-0.000448768662334231,0,-0.00515355824816321,-0.00891702006874873,-0.00174264483461073,-0.00270256887583731,-0.000922977368802869,-0.00374452289511007,-0.00169778309115154,-0.0118008568036267,-0.00881543505936344,6.51314676387571e-05,-0.00975362140023073,-0.0021925470588835,0.000508478089384035,-0.0055907992664963,-0.00165821307139646,-0.00174264483461073,0.000811822318945943,-0.00134287982244441,-0.00265414381011775,0,-0.00759521180568568,-0.00138034410494692,-0.0205645180696101,-0.00362922271560118,-0.00114694169067064,-0.00648768348530826,-0.00199926790285421,-0.00104189809826316,-0.00599147276266621,-0.00101777871282538,-0.000807769640933209,-0.00330328740744434,-0.00108612103151851,-0.00576153569698556,-0.000978354965040396,-0.00419008913259589,-0.000789204278311306,0.00158461773425644,-0.00720575697751036,-0.000762663475870617,-0.000493234876153714,-0.00159584698330972,-0.00292813207673515,-0.00433419087657327,-0.00912200951616793,-5.54483895474078e-05,-0.0133320431435839,-0.0052714951481696,-0.0087871719235304,-0.0122855454302417,-0.00206422176861221,0.000432714794440514,-0.000537518149802185,-0.00089073750134272,-0.000789204278311306,-0.0032678222338518,-0.00236990938392312,-0.00491559639746031,-0.00685145209467564,-0.000131306468193593,-0.0166736852851717,-0.00580867270357466,-0.00182402244029056,0.00111314619997938,-0.0122097198523772,0.000596641496026784,0,-0.0197997450765914,0.000526222671158649,4.44920234050628e-05,-0.00127436361776923,0.00184491272054199,-0.00203988931346188,-0.00221145806488643,-0.000295978240654193,-0.00880062384646108,-0.0208416529337705,-0.00292813207673515,-0.00335254661884399,-0.00192891146573437,0.503637618040466,-0.00161727585210381,-0.000823468597709542,-0.00336427263568062,-0.0100440018358103,-0.0124051316148761,-0.003211598813881,-0.000750098350172479,-0.00506481409275006,0.000447203114338102,-2.91258198261701e-05,-0.001116940558199,0.00167354897602667,-0.00092503849695813
"1:45083937:G:A",-0.000219770002950703,-0.0103969338566952,-0.00183736394627676,-0.000580535995613474,-0.00336107398906282,-0.0019264673946866,-0.00198216324413991,-0.00620969236416791,-0.0066715062263385,-0.00943926653098259,-0.000262516948119185,-0.00215780325374393,-0.000168986043529884,0,-0.000100564845989304,-0.00698601471569082,-0.00299151166947365,5.20003563835303e-05,-0.00226824575139251,-8.60239887368053e-05,2.99015437636996e-05,-0.00490493192371844,-0.00406444157546204,-0.00323453659163686,-0.00929061013838073,-8.39443629390146e-05,-0.00856560097956383,-0.00327166103716703,-0.0012337129309028,5.59657714784834e-05,-0.00180931453750066,-0.00337720447284973,-0.00537761052540198,-0.000201731236098901,0,-0.00360523351093089,-0.0095005897139071,-0.00131974558427217,-8.82269814477254e-05,-0.000109378767297663,-0.00197973461313605,-0.00300318429106783,-0.0102834482596936,-0.00484473125891416,-0.00445290891159678,-0.00431807939426676,-0.000921784784492452,0.000186544138451872,-0.00533127170460723,-0.00238193447003088,-0.00260592922193048,-0.000822403712234632,-0.00350834402675648,-0.00461927902248638,0,-0.0150541325384244,-0.00205115734172656,-0.00341299085481683,0.000275648221593094,-0.00770498440138745,-0.00536330176945832,-0.00536188427305051,-0.00024484972458616,-0.00340641349003779,-0.00188885274027584,-0.00272842479492574,-0.00301056156928592,-0.00440606356344198,-0.0113442470410257,-0.00191678910949378,-0.0109501520060418,-0.00180356853738051,-0.00325643813760568,-0.00341564435051112,-6.99603676128646e-05,-0.000203916631556389,-0.00542211968004569,-1.76310562780557e-05,-0.00128789633579274,-0.00128960707800951,-0.000201811383965023,-0.000804912015402337,-0.00348528422102667,-0.00765226149065601,-0.00528513810651177,-0.00166605299757361,-0.000201811383965023,-0.00403788071930666,-0.00732629381140892,-0.00180356853738051,-0.00205256382586505,-0.00264846830110876,-0.00180315443325174,-0.0129420896767587,-0.0034598046328238,-0.00561268739016585,-0.00969660971688846,-0.00168083155132948,-0.00653609183399251,-0.00116133847195421,-0.00119005329879585,0,-0.00741321755210178,-0.00162436978520297,-6.74375535858474e-06,-0.000204193532042041,-0.00675786548301804,-0.00159882023144409,-0.0015498251134316,-0.00305014173076756,-0.0038067672501878,-0.00672273383839306,-1.76310562780557e-05,-0.00168523890535166,-0.00341862470084209,-0.00161727585210381,0.415700525705617,-0.00441266523050832,-0.00442019129645832,-0.00196109587371218,-0.00203261718053316,-0.000970521271466573,-0.00201008112094847,-0.010254832546515,8.8430429523001e-05,-0.00312747607905095,-0.00183667322191905,0.0013712992917343,-0.00364246834972626
"1:45084694:G:A",6.36204557045161e-05,-0.00129735710356815,-0.00678491465949893,0.00015147398784876,-0.0024634800857708,3.51655778665361e-05,-0.00111235540328014,-0.00540372571480319,-0.000272567188988937,-0.00236325602361642,-3.21930254063574e-05,-0.00260553060064339,-0.00039110557320754,0,-0.000110807712245808,-0.00300104848235616,4.15975913847788e-05,-0.00155786258423252,-0.00178962745751843,-0.000315955981787575,9.99361693398981e-06,1.67688787575671e-05,-0.00247175457286541,-1.6677524515174e-05,-0.00352747128196818,1.5106836697143e-05,-0.000130713892735557,-9.59477284929733e-05,-4.0580985247729e-05,3.05066046335511e-05,-0.000880395699739189,3.36496724617774e-05,-0.00344118172300512,0.000123689631483792,0,5.06409314580125e-05,-0.000110807712245808,-5.34901708793001e-06,6.77410035008208e-05,-4.49442640100273e-05,-0.000126894268292155,-0.00369716066458281,-0.00198456159127769,-0.00429603090237674,-0.00138762399781012,-0.00406043995324712,6.90801377034589e-05,-2.03947845598407e-05,-0.00385124955923732,-0.00447509731707108,-5.34901708793001e-06,-0.000207154553239164,-2.61815351327854e-05,-0.00642464294404554,0,-0.00234302608658687,-0.000283157024746572,-8.07701239891045e-05,0.000153984198942858,-0.00251817766040574,-0.00612631684617337,-2.83893352914788e-05,-2.81597606308637e-05,-0.000160514787350685,4.46895682006954e-05,-0.000140954472730215,-7.59696511885011e-05,-0.00446333294174828,-0.00301993536676992,3.05066046335511e-05,-2.42282728271093e-05,2.72830538197155e-05,-0.00490668279774997,-0.00125189147384042,4.7703035468416e-05,-2.61815351327854e-05,-0.0013832515911405,-1.76080958969038e-06,-2.22995075365162e-05,-0.00251497354974006,1.84103887521658e-05,2.56401306462095e-05,-9.30990506420315e-05,-0.000595256313316916,-0.00327563136077824,3.05066046335511e-05,1.84103887521658e-05,0.00012069713412366,2.72830538206037e-05,2.72830538197155e-05,1.17196056717006e-05,-0.00201072372722866,6.47481704074693e-06,-0.00110397381641203,-3.54367719257453e-06,5.59293681678952e-05,-0.00181727206481952,4.62059283998784e-05,-0.00473655804445361,2.89050804962443e-05,-0.00542593759813847,0,-0.00393237058727536,-0.000176865738406917,4.62059283989902e-05,-7.59696511893893e-05,-0.000380258879835615,-2.22995075365162e-05,3.20880103990007e-05,-3.01634273194296e-05,2.39759069007306e-05,-0.00178238049853174,-1.76080958969038e-06,3.35034740164275e-05,-7.83540189566168e-05,-0.000823468597709542,-0.00441266523050832,0.14165968826367,5.3506050213592e-05,-8.8215267371794e-05,-0.00661449013092685,7.85298146812607e-05,9.99361693398981e-06,-0.00135128837467846,-0.00208760197961055,-0.00168935197733333,-0.000376043736840082,-0.00012801898564252,-2.42282728271093e-05
"1:45085390:T:C",-7.75205422440806e-05,-0.00093926307600789,-0.00687499475208764,-0.000191033360297688,-9.18235640883225e-05,-4.57780098805927e-05,0.000148977760061619,-0.00115172831584776,-0.000402141035262815,-0.00642662446627451,-0.00672434778295816,-0.000463574982934034,0.000173772196904842,0,0.000118932600447152,-0.00270858503089588,-5.18295963978233e-05,-3.61416807086457e-05,-6.78880918476565e-05,-0.00643572284592686,-1.3266845382276e-05,-1.97045038135002e-05,-0.000443776829401443,1.57501187345588e-05,-0.00764683603743332,-1.81217220038832e-05,0.000139632347377905,0.000102536539392517,-0.00675488017660886,-3.68408533502063e-05,0.000104835153723393,-3.98327263448905e-05,1.39206742035825e-05,-0.000150967494261245,0,-6.03981377258478e-05,0.000118932600447152,5.07624590362354e-06,-8.14147770764606e-05,4.5798170346778e-05,0.00013344350978528,-0.000786200709067764,8.44088917970609e-05,-0.000141337483250403,-0.00697661103605807,-0.000723236086042967,-8.26835940772597e-05,2.28334189147361e-05,-0.00318199341979497,-0.00480677545283914,5.07624590362354e-06,0.000214478484354963,2.82894795091693e-05,-0.00284119080350376,0,-0.00121041386955323,0.000117851774251498,-0.00242940339931508,-0.000193122024883863,-3.83451313625827e-05,-0.00598919360035932,1.77174798308144e-05,3.01485338560781e-05,-0.00157720387027638,-5.47512886823753e-05,-1.45626232370688e-05,8.11857077316347e-05,-0.00043570715049146,-0.00330381660611057,-3.68408533502063e-05,-0.00196001285798797,-3.37811134523136e-05,-0.000311950552644547,-0.00593754847439776,-5.76067266058189e-05,2.82894795091693e-05,7.46772579853783e-05,-0.00880609812774225,-0.00637063895660184,-0.00916015658702385,0.0011165090681704,-0.00462639984942914,8.95144166062067e-05,-0.00588730764541712,2.32815381622231e-05,-3.68408533502063e-05,-2.12700145123534e-05,-0.000148249029386704,-3.37811134523136e-05,-3.37811134523136e-05,-1.49031897143104e-05,-0.00014051254619396,-0.00312919188265681,-0.00116153109297557,-0.00127131902400457,-0.000894986338516368,-0.00035810883998888,-5.61871478383935e-05,-0.000755807525297136,-0.00323525153946669,-9.81199490448503e-05,0,-0.00263881933736787,0.000185718552886627,-0.000394858084710847,8.11857077316347e-05,0.000360771550974803,2.46322522814424e-05,-3.83451313625827e-05,3.2028334612022e-05,-3.06511720769009e-05,-0.00091482303030066,-0.00880609812774225,-0.00730502247528175,-0.00311908027765728,-0.00336427263568062,-0.00442019129645832,5.3506050213592e-05,0.165925735731313,9.23906047791689e-05,-0.00146883244757756,-9.68903870415261e-05,-1.32668453804996e-05,6.37895602899619e-05,-7.61923545375964e-05,-0.000127964927813196,9.57921269320039e-05,0.000137205865265777,2.64508302709743e-05
"1:45086075:G:C",-8.9038980386924e-05,-0.000530155759713935,-0.0012503829456838,-0.000956669767260721,-0.000601716121661156,-0.00396405272072808,-0.000358245272969349,-0.00138300744594577,-0.000998713955731922,-0.00550267020315509,-0.00144605479687954,-0.00202135747842203,-0.00030721144447643,0,-0.000166746781936844,-9.61224179549802e-05,-0.000665787258181005,-5.80120758755243e-05,-9.51109883251533e-05,-0.00151787518699553,-0.00193235227547994,2.89893015175124e-05,7.61857129196741e-05,-6.59075844771095e-05,-0.00150982937104649,2.59227474472823e-05,-0.000233569938891343,-0.000481297648200929,-0.00149829425058901,-0.00204111597542145,-0.000176330663972379,5.80372494587422e-05,-6.2388074793418e-05,-0.00229058973898777,0,-0.00294175482211223,-0.00019772592483136,-0.0017984109536604,-0.00281666648256884,-8.16922646436069e-05,-0.000699515266433082,-0.00148050985040182,-0.000234209385173934,-0.0031175755032633,-0.00399887707927205,-0.000523346757570042,-0.00128336422230912,-3.58557834863049e-05,-0.00125831598356951,-0.00627137198084782,-0.0017984109536604,-0.000806428092813505,-0.00331560085536697,-0.00523740045954391,0,1.40792312919302e-07,-0.00429206820979644,-0.00014491017074203,-0.00340511496922424,5.51623088957953e-05,-0.00277100747278025,0.000149947618927726,-0.00139279264626246,-0.000998755834557663,-0.00202548722059248,-0.00103685342473447,-0.000943079238847844,-0.00199895854156917,-0.000739415593026482,5.22484429357206e-05,-4.29782104269805e-05,4.63007710713725e-05,-0.00347075035152855,-0.000154222744155774,-0.00190390464707324,-4.66122919622336e-05,-0.00506539714139009,-3.25633542619386e-06,-3.93930293327571e-05,-0.0022168574486594,3.20153037831616e-05,4.32653299204944e-05,-0.000358413752043596,-0.00316107968554924,-4.60121989966922e-05,5.22484429348324e-05,3.20153037831616e-05,-0.0002933899386246,4.63007710731489e-05,4.63007710713725e-05,-0.00204473998858834,-0.000512886233592802,9.95260873004611e-06,-0.00456527644945748,-6.55641697200338e-06,-0.00321725351880442,-0.000593206481270592,-2.59694726096882e-05,-0.0035462878713437,4.92948659083225e-05,-0.00219256561241643,0,-0.00263261990008967,-0.000317827069458154,7.89788946766734e-05,-0.00097054746865588,-0.00116513389661499,-3.93930293327571e-05,-0.00261607992368695,-5.40311467895904e-05,4.01876914324362e-05,-9.57123854785635e-05,-3.25633542619386e-06,-0.00247332198838368,-0.000140353295793538,-0.0100440018358103,-0.00196109587371218,-8.8215267371794e-05,9.23906047791689e-05,0.163133287282498,-0.0057228761695689,8.89622616195851e-06,-0.00519796057580635,-0.00151794653934711,0.000106115013156938,-0.00371670332696272,-0.000563415184061,-0.000228456349531392,-0.00126214360548449
"1:45088053:C:T",0.000189408141856529,-0.0106092098038264,-0.00534449380865398,-0.0045165334285846,-0.000917425451333997,-0.00357239515811525,-0.00321192876609722,-0.00167267590604947,-0.00240071234168004,-0.00656700401854948,-0.0053777530126391,-0.00750499630298984,-0.00755917708959775,0,-0.0045612216920734,-0.00797151759383974,-0.00386332112319598,-0.00344343331247954,-0.00566761603859822,-0.00134883233059924,-0.00203854657173785,-0.00167464398540496,-0.00681137910728191,-0.00221682500400533,-0.00135509596743955,-0.000593742172324774,-0.00668317463709034,-0.000430020325850489,-0.00016052138873901,-0.00605943288713107,-0.00136765436334807,-0.00242317629450373,-0.00429999106272572,-0.00776063520078196,0,-0.00695157175285921,-0.00325981845355106,-0.00168204344788503,-0.0046448407999673,-0.00157273778206024,-0.00650966478508108,-0.00545515916675088,-0.0038701955047582,-0.010694252495596,-0.00388584979178974,-0.00305827699426731,-0.00336015801780931,0.000304428382700728,-0.00250838228865469,-0.00269865611429765,-0.00299475513907765,-0.00265003442215761,-2.50629784321887e-05,-0.00666954736602809,0,-0.00885337871826408,-0.00980317923120699,-0.00512151041443154,-0.00725239234646802,-0.00571233201277543,-0.00490609692650024,-0.00202128794938217,-0.000185035908831566,-0.010109695456233,-0.00205456677345772,-0.00561041904119897,-0.000253014267376894,-0.00292206632896086,-0.0096911809730309,-0.00371223613058369,-0.00417871512057921,-0.00179524371632933,-0.00918757942417425,-0.00788729380532782,-0.00757393200587053,-0.00297474017391686,-0.00285179004668734,-0.00330541270015683,-0.00120696671333143,-0.00421971195435278,0.000259483877703026,-0.000586168649588714,-0.00203528256416297,-0.0254851490218875,-0.00914225308112915,-0.00167994481689959,0.000259483877703026,-0.00129698373241371,-0.00329830397842201,-0.00179524371632933,-0.000678565870844139,-0.00148357323983417,-0.00208048847331854,-0.0272139299544296,-0.00894378970944132,-0.0175918480292618,-0.0023556571077612,-1.05413742446103e-06,-0.0157378058592865,-0.00109717615583715,-0.0073212697473255,0,-0.00946232006476544,-0.00161518446360986,0.000105432970234354,-0.00483751591874881,-0.00375894344205019,-0.00120696671333143,-0.00157535545733101,-0.0128535663916125,0.000190807803856607,-0.0101796087369022,-0.00330541270015683,-0.00227266163470663,0.000158629886759964,-0.0124051316148761,-0.00203261718053316,-0.00661449013092685,-0.00146883244757756,-0.0057228761695689,0.549164687304645,-0.000946421835149369,-0.0022441466212344,-0.000309728724113167,-0.000196106878592506,-0.00573465755472213,-0.00616058636108718,0.000544826917618479,-0.00058369868816488
"1:45097317:C:T",0.000330076607737873,-0.00400454766367009,-0.000402353758726992,-0.00069811789655283,-0.00137831618758177,-0.00358046118116562,-0.00441885442959222,-0.000561995181510788,-0.0017115114038182,-0.00125560899897081,4.96517735806279e-05,-0.00173299980812835,-0.000459721622926956,0,0.000171934175274835,-0.00107997889539124,-0.00463029531551395,-0.0032506785747497,-0.00623524989807933,-0.000629229235037165,-2.07709355013463e-05,-2.99677554354005e-05,-8.48539230275946e-05,-0.0060420131487593,-0.00101842340596736,-2.77048452650419e-05,-0.000656297668341743,-0.00265361047290558,-0.00179684393651947,-0.00126733423579584,-0.00638645676620442,-6.09428612188267e-05,-0.00170796830331099,-0.000646348865484647,0,-9.2965410092738e-05,-0.0010426948015958,-0.00271541599017322,-0.00399358899425462,-0.001893925657388,-0.00164817355956881,-0.00365439850937133,-0.00138410591442018,-0.00151486945671664,-0.00100263117289989,-0.00512593751227852,-0.000835698696288745,3.40042905282445e-05,-0.00517594132404575,-0.000884676534085749,-7.59251348529943e-05,0.000300794768403279,-0.00234575706441387,-0.00128237632072414,0,-0.00373873755633758,-0.000154179898902207,-0.00193467456311502,-0.00113996355323032,-0.00117069017749305,-0.00241745078552436,-0.00351948269147773,-8.27943227612593e-05,-0.00141123946765287,-0.000502818860897314,-0.00133743346662563,-0.00231432064802828,-0.000506027968220302,9.13976164729213e-05,-5.66513916577804e-05,-0.00277798917239735,-0.00343030928206911,-0.00233249100261101,-0.00187750117855146,-0.0011911170022465,-0.00219181449705896,-0.00169965215175605,2.38134265284629e-06,3.65455298885209e-05,-0.00124678746996398,-3.22070921514594e-05,-0.00265320746433151,-0.00155584508158313,-0.00164448052237987,3.30006650139936e-05,0.00034717166708198,-3.22070921514594e-05,-0.00300717118695104,-5.22663908499865e-05,-0.00343030928206911,-2.31068169052051e-05,-7.18652133180342e-06,-0.00154918578482555,-0.00205317851429632,4.78740721643334e-06,-0.00043177425914287,2.63316781001777e-05,0.00177018906404847,-0.00406474006751711,-0.00133176464564411,-0.00123925333662278,0,-0.00592704482173589,0.00026304441264724,-8.69153827975921e-05,0.000118225546563266,0.000479597590424596,3.65455298885209e-05,-5.88086314730063e-05,-0.00225826272902374,-0.00127395513567041,-0.00118844200062096,2.38134265284629e-06,-0.00301529593139982,-0.00220563011087904,-0.003211598813881,-0.000970521271466573,7.85298146812607e-05,-9.68903870415261e-05,8.89622616195851e-06,-0.000946421835149369,0.17552619378703,-2.07709355004582e-05,9.28650865317238e-05,-0.00332595311428907,-0.000200156874307744,0.000139419875052837,0.000197429798356019,-0.00211417722509832
"1:45097931:C:T",-1.63362746130602e-05,-6.35844883678516e-06,-0.00125970763528649,-0.00262159299449483,-0.00154503286425722,-9.02328458263213e-06,-0.00289098820642408,-0.00640259434040136,-0.00294080048940248,-0.000289466485213552,6.58619741944477e-06,-8.42494667816496e-05,2.72531461584791e-05,0,2.01558710477556e-05,-0.00226713902721976,-1.04852012121626e-05,-6.73605439693858e-06,-1.38734803805107e-05,2.64539195207192e-05,-2.49406560914878e-06,-3.92797764359187e-06,-1.11980251826793e-05,3.29567236523332e-06,-0.00793801592014098,-3.57338067225044e-06,2.29218170444412e-05,1.78598542293074e-05,8.09420638336888e-06,-7.41690773242709e-06,-0.00162970803988216,-8.12016132645255e-06,2.91973441335358e-06,-0.0018016801497529,0,-1.25886104234141e-05,2.01558710477556e-05,1.07676773186682e-06,-1.73459986978486e-05,8.86132980326693e-06,2.22464167265457e-05,-0.00227903951711017,-0.001908215208271,-0.00120405143277846,-0.00231483866931015,-0.0049204022529139,-0.00103451507797825,4.38989509099486e-06,-0.000713343466151706,-0.000200782528037458,1.07676773186682e-06,-0.00431328782944984,5.47820117802189e-06,-0.00178591319461674,0,-0.000573772962149555,-0.00684425764996099,1.53524179760112e-05,-0.00658114275548893,-7.76990024853319e-06,-0.00196879937978789,-1.92051136371774e-05,5.84534231773404e-06,4.13317379432954e-07,-0.00295282173791556,-1.7974651331798e-06,-0.00270462932643145,-4.37442327223536e-05,-0.000227983865940473,-7.41690773153891e-06,5.11324833674109e-06,-6.70263166746565e-06,-0.00413215945127199,1.6097128760606e-05,-0.00140322221890532,5.47820117802189e-06,1.37692018009616e-05,3.56530902578811e-07,4.75048086023833e-06,-0.00439091064574892,-4.28001780239384e-06,-6.34129976706532e-06,-4.04189119240783e-06,-0.00194837359491817,4.82418238689775e-06,-7.41690773242709e-06,-4.28001780239384e-06,-3.37712608038387e-05,-6.70263166657747e-06,-6.70263166746565e-06,-2.85644279873765e-06,-3.14270971824016e-05,-1.76140565955052e-06,-0.00176930590727675,7.15449544053115e-07,-0.00310860334289487,-0.0030525128306893,-1.15500095549947e-05,-0.000818051625695482,-7.06115959747677e-06,-4.0828990790942e-05,0,-0.000771669543378373,2.83285878515116e-05,-1.15500095549947e-05,1.46134750567128e-05,-1.66321089656307e-05,4.75048086023833e-06,-7.76990024853319e-06,6.21467394079644e-06,-5.97713976446812e-06,-1.02895231410827e-05,3.56530902578811e-07,-0.001677863688057,1.49822117956333e-05,-0.000750098350172479,-0.00201008112094847,9.99361693398981e-06,-1.32668453804996e-05,-0.00519796057580635,-0.0022441466212344,-2.07709355004582e-05,0.108638903342773,1.18584803363575e-05,-1.5993739387099e-05,-0.00081411316733071,1.67869760447914e-05,-0.000248211547877908,5.11324833674109e-06
"1:45100431:T:C",-0.00169945260503024,-0.000250505790667432,-0.0023501029473465,-0.00133400939947403,8.63917450866225e-05,-0.000478422235151932,-0.000624608404430127,-0.00389641819275877,-0.00130815969962539,-0.00176109835261329,-3.93881873019808e-05,-1.09455528569669e-05,-0.00318746185014529,0,-0.000136954725563854,-0.00177115506798398,-0.00192219545070849,-0.00188176932377893,-0.00193081935093886,-0.0028819578607564,1.18584803354693e-05,2.01287401653261e-05,-0.00184477061723953,-0.00241773672983125,-0.00137598767429337,1.81028688457374e-05,-0.00016207995442663,-0.00115348888302957,-4.98489114093559e-05,-0.00010937496568264,-0.000121629429298054,4.0249399167358e-05,-2.24558291073151e-05,-0.000944932139971044,0,-0.000692076596547686,-0.000136954725563854,-6.57089332012362e-06,-0.00146073286333337,-5.53076812890296e-05,-0.00126803914874163,-0.000102245440782411,-0.00186485341364406,-0.0015662827673717,-0.0020756115074283,-0.00453163704420412,-0.00347308426314186,-2.47490744937906e-05,-0.00492062674515914,-0.00401723521333075,-6.57089332012362e-06,-0.000260367099358838,-3.19182469841195e-05,-0.000434717464697698,0,-0.000674809051338876,0.00056365384382584,-9.95635720473231e-05,-0.00395275541797435,3.83594233319684e-05,-0.00819754482320301,-0.00268229623691951,-3.43739048123126e-05,-0.00215249211005109,5.31937428780438e-05,-0.00220478277467429,-9.34829904677414e-05,0.000171148081781425,-0.00519943496341124,3.64437785851379e-05,-2.94959959239449e-05,3.25333957817975e-05,-0.00391347198131875,-0.000105821939657247,-0.00387627063607088,-3.19182469841195e-05,-0.00523356253796869,-2.16094948957135e-06,-2.71064874182159e-05,-0.00442256091998505,2.21277225627148e-05,3.0537579322143e-05,-0.00132742550560483,-0.0122107133153575,-3.05448542397002e-05,-0.00185336804926273,2.21277225627148e-05,-0.00308368071756959,-0.00227163062258651,3.25333957817975e-05,1.39682974218402e-05,-0.00164977414531009,7.55087799664267e-06,-0.0139138496062996,-4.3510528824342e-06,-0.0105460378528441,-0.00236547897972894,-0.00194226696950928,0.00062294183817535,3.45019467493657e-05,-0.00613307619756309,0,-0.00470450037782744,-0.000221070258485057,5.50202536144795e-05,-9.34829904686296e-05,-0.00176012999760644,-2.71064874182159e-05,3.83594233319684e-05,-3.68636514389564e-05,2.85139361819731e-05,-0.000379206127721687,-2.16094949045953e-06,3.96671860212194e-05,-9.6501524089021e-05,-0.00506481409275006,-0.010254832546515,-0.00135128837467846,6.37895602899619e-05,-0.00151794653934711,-0.000309728724113167,9.28650865317238e-05,1.18584803363575e-05,0.189158266697101,7.38288636075168e-05,-0.000877521445305618,-0.00167184659373287,-0.000158611067853087,-2.94959959239449e-05
"1:45108877:G:A",0.000157571996615147,-0.00599091934602569,-0.005353868489681,0.000116294230212866,-0.00128149041232817,-0.010199122161878,-0.00736146741574029,-0.00120984953040892,-0.000290476696003239,-0.000761640350260606,3.95572367191122e-05,4.29183841710312e-06,-0.00189058822727084,0,0.00013577924632191,-0.00682017460556583,-6.27892302240696e-05,-1.79534298059281e-05,-0.00132821322066512,-0.00211120067894921,-1.5993739387099e-05,-2.35206475718286e-05,-0.00230257799334499,1.82277611733284e-05,-0.000741685256587132,-2.16682861244877e-05,0.000158407008102657,-0.00261805480227473,4.8486388984692e-05,-0.00349374009257186,-0.0054906471254359,-4.7826834710385e-05,1.61167925352146e-05,-0.00148511084785508,0,-7.294958005577e-05,0.00013577924632191,5.88806422108235e-06,-9.8921399844798e-05,-9.06908543978346e-05,0.000151564674311544,-0.0030790923822348,-0.0041717306257949,-0.00288230655309185,-0.00220012801772196,-0.0167393486646428,-0.00169560571861371,2.68361806030626e-05,-0.00486927761700739,-0.00655772835370261,5.88806422108235e-06,0.000237462224414564,3.30993359343168e-05,-0.000942380605676973,0,-0.00124164262795734,0.00015026351605929,9.85552347385621e-05,-0.000672710756145278,-4.60726362030428e-05,-0.00824538477256853,-0.000261736208426733,-0.00208843842264539,-0.00172775394032953,-6.62503700459283e-05,-9.06063512058353e-05,-0.00200932104850082,-0.00124345159801731,-0.000563993845360322,-4.42997381835397e-05,-0.0055551266281535,-0.00241275127631191,-0.00393893289739111,-0.00102037952735312,-6.96363525509724e-05,3.30993359343168e-05,8.60656279471073e-05,1.94265341590949e-06,2.89027964370803e-05,-0.00126673854963322,-2.53539296277694e-05,-0.000295008915027317,-0.000927080969272964,-0.00334660852398994,-0.000512591323702516,-0.00349374009257186,0.000348816781184702,-0.000855413268338268,-4.06966474955084e-05,-0.00241275127631191,-1.79051367368288e-05,-0.000174109717358206,-0.0032617747771857,-0.00160796286964127,-0.00304412994584791,-0.000854130466551695,-0.00131217291514041,-0.00323983306465436,-0.00354276558086131,-0.00125403222913167,-0.00351673300203803,0,-0.00351235337318068,0.000207596966261825,-6.79526034064182e-05,9.36426957682812e-05,-0.00172557711559129,2.89027964370803e-05,-4.60726362030428e-05,3.73824184443095e-05,-0.000261584348487887,-0.000408365730419469,1.94265341590949e-06,-0.00136713580363867,-0.000125421686647087,0.000447203114338102,8.8430429523001e-05,-0.00208760197961055,-7.61923545375964e-05,0.000106115013156938,-0.000196106878592506,-0.00332595311428907,-1.5993739387099e-05,7.38288636075168e-05,0.180573506178074,-0.00015728220743938,0.000110129679581128,0.000155788110120625,3.09904098001468e-05
"1:45110557:C:T",-0.000159552024524778,-0.00356281512804113,-0.00577625119367742,-0.00462872118277513,-0.00140617791665676,-0.000762937812119446,-0.00119293858390712,-0.00225794072748275,-0.00254895124554722,-0.00285517015738268,-0.00122222731492716,2.39749793795596e-06,-0.0012369428515866,0,0.00023671932806657,-0.00202331248539256,-0.000108326596638619,-0.00184827498634288,-0.000143086175381946,-0.00241770910421391,-0.000814113167332486,-4.01495150139652e-05,-0.000113406283193562,2.83256496134143e-05,-0.000874726601185927,-3.73296645106436e-05,0.000278216525048336,0.000203066901450555,-0.00106361027112811,-7.59417564006881e-05,0.000207303369697875,-8.1213304108374e-05,2.50346950210201e-05,-0.000307042337380992,0,-0.000302989439835422,0.00023671932806657,9.12760578763994e-06,6.45271028894001e-05,-0.00115883024350616,-0.00333525364047826,-0.00402719502878135,-0.00183268342936316,-0.000726210126226867,-0.00132583680159915,-0.0112788289654873,-0.000168373623409934,4.5677706259184e-05,-2.79416919539699e-05,-0.00453266598310265,9.12760578763994e-06,0.000426085629505302,5.55646867175241e-05,-0.0024034914006501,0,-0.00218698011426977,0.00026353117470812,-0.00136442821156013,-0.000516302081892128,-7.85923227599739e-05,-0.000585732914405668,-0.00265512795350542,5.89338638787851e-05,-0.00163005372774272,-0.000113406283193562,-0.00273127080901769,-0.00356854304144161,-0.000748841995032556,-0.00322014132120696,-0.000824828582778991,5.22326731040579e-05,-7.05498431647911e-05,0.00031754535688755,-0.00111687568433627,-0.000118369978755695,5.55646867175241e-05,-0.00094870468100261,3.00914703288413e-06,4.89372121492693e-05,-0.00360270026618625,-4.29384135793853e-05,-0.000530839542242312,0.000166620042242549,-0.00605289199784131,-0.00214187533040722,-7.59417564006881e-05,-4.29384135793853e-05,-0.000302799989007951,-7.05498431639029e-05,-7.05498431647911e-05,-3.15950248923613e-05,-0.00322561567002921,-0.000842876917618085,-0.00509372253089868,6.05149823851292e-06,-0.00290655435281906,-8.78123302285871e-05,-0.000115902380218635,-0.00375531506041327,-0.000637942902256938,0.000713098866091499,0,-0.00862321529922427,0.00036972104534172,-0.000115902380217747,-0.00191992037849786,0.000705301880270071,4.89372121492693e-05,-7.85923227599739e-05,6.23408291522409e-05,-6.50333966039085e-05,-0.00146534574399304,3.00914703288413e-06,-0.000760579631503333,-0.0014483907683438,-2.91258198261701e-05,-0.00312747607905095,-0.00168935197733333,-0.000127964927813196,-0.00371670332696272,-0.00573465755472213,-0.000200156874307744,-0.00081411316733071,-0.000877521445305618,-0.00015728220743938,0.146521304270759,0.000190637464942078,0.000273711497846385,5.22326731040579e-05
"1:45110824:T:C",-0.00145936408961944,-0.00077157466443456,-0.00171579495401808,0.000273925327423541,0.000128571850876114,-0.000466869295377315,-0.000546392576501908,-0.000744814534425764,-0.00167852139837699,-2.76646518262424e-05,-5.83645370086927e-05,-0.00122620162534659,-0.00029765927287162,0,-0.000195050445636724,-0.000788660563019405,7.26082249542515e-05,-0.000865306364633334,9.27305758180452e-05,-0.000288955462061757,1.67869760439032e-05,2.96980217022735e-05,7.8618445868095e-05,-3.14298032577653e-05,-0.00144177154512537,2.65280829996328e-05,-0.000229169731733592,-0.000169885776571732,-7.3976764878303e-05,5.37095389434583e-05,-0.000174458084830853,5.9764340765156e-05,-0.000211741355871986,0.000224139265919909,0,-0.00265277350477433,-0.000195050445636724,-1.00991792013616e-05,0.000121027148103359,-8.20818564628567e-05,-0.000223960355591579,-0.00160817212417719,-0.00189113389090689,-0.000772225058147669,-0.000648310912283456,-0.00875404236650912,0.000123669575220475,-3.63348407663722e-05,-0.00346416394157512,-0.00104119651818824,-1.00991792013616e-05,-0.000359599435361346,-4.71501843319899e-05,-0.00893182775434642,0,-0.00327441207915502,-0.00140547226682841,-0.000144072182523658,-0.00361750168819519,5.67551347145923e-05,-0.00390343418701367,-0.00281087550269099,-5.08428916639048e-05,-0.000964431011911238,7.8618445868095e-05,-4.97342964855818e-06,-0.000135302255285019,-0.00118280746004462,-0.00216166496061199,5.37095389443465e-05,-4.35017984647956e-05,4.75065079532655e-05,-0.00361461106721972,-0.000153065779896266,-0.00407599966042493,-0.000550911663115272,-0.00166004457648761,-3.32644566825024e-06,-3.98969417823025e-05,-0.00320946774079989,3.28305482382163e-05,4.4347696555036e-05,-0.00298912346334212,-0.00604894263404621,-4.65584991831136e-05,5.37095389434583e-05,3.28305482382163e-05,0.000217956400333286,4.75065079541537e-05,4.75065079532655e-05,2.00732584065832e-05,0.000200298897275353,1.00930513138309e-05,-0.00523894732885832,-6.69260055286003e-06,-0.00540585686746731,0.000175487808069086,8.15683564496794e-05,-0.00103970433955158,5.06268899354012e-05,-0.00400526294675974,0,-0.00344741455647846,-0.000307996431252455,-0.00142559523561747,-0.000135302255285907,-0.0020384302180565,-3.98969417823025e-05,5.67551347145923e-05,-5.45807320504466e-05,4.11497420511608e-05,-0.00101862012036058,-3.32644566825024e-06,-0.00103631426053763,-0.000139659784121449,-0.001116940558199,-0.00183667322191905,-0.000376043736840082,9.57921269320039e-05,-0.000563415184061,-0.00616058636108718,0.000139419875052837,1.67869760447914e-05,-0.00167184659373287,0.000110129679581128,0.000190637464942078,0.120416174451073,-0.000224350712577426,-4.35017984647956e-05
"1:45111466:G:C",-0.000529795515056719,-4.5451326025514e-05,0.00012175152680971,0.00039176326592294,0.000180458504726921,8.22438713798945e-05,-0.000367631559502257,0.000676448037102872,-0.000853323085311608,-0.000873201838364146,-8.5334030119455e-05,0.00173917034081494,-0.000427615165658146,0,-0.000279116064268337,0.00014904114885006,0.000101461069476727,5.15398722589211e-05,0.000128793638078939,-0.000417221395731637,2.25884403990406e-05,4.22425608839205e-05,0.000110721275530246,-4.75461709017466e-05,-0.00019752993037514,3.7415244142025e-05,-0.000327212520919495,-0.000244178152976282,-0.00010879422802379,7.58244748793047e-05,-0.000250948321288469,8.51000127921608e-05,-4.20074628202372e-05,0.00032236805878938,0,0.00012858602463961,-0.000279116064268337,-1.52900843630732e-05,0.000172714677802333,-0.000120962950235004,-0.000321728657107556,0.000486303116109532,-0.00010479663045615,-1.29493625040666e-05,0.000329750788044869,3.23558858070783e-05,0.000176821294923357,0.00205388993281996,0.00010711587709622,-0.000860637205279957,-1.52900843630732e-05,0.00102713426272238,-6.84656917711024e-05,-0.000162485261063772,0,-0.00153756211764478,0.000439330628308809,0.000346986460774801,-0.000629425271656103,8.0489567988451e-05,-0.000732101783712302,0.000113362896117408,-7.4021717415107e-05,-5.01167292421556e-05,0.000110721275530246,-1.76814461720909e-05,-0.000195236619108918,0.000376200725320075,0.000121059019490666,7.58244748801928e-05,-6.2974853013209e-05,6.6326409575268e-05,-0.00268972937671474,-0.000221647271805736,0.000119760316734663,-6.84656917711024e-05,-0.00019114306208845,-5.03750791747137e-06,-5.75480602389433e-05,-0.00144821880310708,4.70140638366701e-05,6.14914109133835e-05,-6.23724257415859e-05,-0.000808042962773925,-7.03924094747066e-05,7.58244748793047e-05,4.70140638366701e-05,0.000312480004546423,6.63264095761562e-05,6.6326409575268e-05,2.75892045964454e-05,0.000284269866626552,1.2406135099674e-05,-0.00170145024672941,-1.0133856934047e-05,-0.0023709719735967,0.000244702824344856,0.000115267943441744,0.00180272101273804,7.11037557916683e-05,-0.000446818633362156,0,0.00180188689246652,0.00824138480672243,0.000115267943442632,-0.000195236619109806,-0.000271798588644678,-5.75480602389433e-05,8.0489567988451e-05,-7.96440981112312e-05,5.65977095705605e-05,0.000818060674539822,-5.03750791747137e-06,7.7287994533215e-05,0.00098748402450255,0.00167354897602667,0.0013712992917343,-0.00012801898564252,0.000137205865265777,-0.000228456349531392,0.000544826917618479,0.000197429798356019,-0.000248211547877908,-0.000158611067853087,0.000155788110120625,0.000273711497846385,-0.000224350712577426,-0.00828086265856776,-6.2974853013209e-05
"1:45112104:A:G",3.16497465098209e-05,-0.000293464574673941,-0.00552197632246809,7.51907285145847e-05,3.65773906141342e-05,1.7838336876963e-05,-7.04204466384084e-05,0.000129087096487623,-0.000258099951749635,-9.20985275900676e-05,-1.56317577175713e-05,-0.00417382022249768,-8.26435056593411e-05,0,-5.44354379625744e-05,-0.00155620436860282,2.08570710880096e-05,-0.00170637987018196,2.68505342058134e-05,-7.94571046007775e-05,5.11324833496474e-06,8.31437497694765e-06,2.23088689157436e-05,-7.89574087001199e-06,-0.00374829555603196,7.52894712441332e-06,-6.42622682196503e-05,-4.70150162019678e-05,-1.96084147026099e-05,1.52015690160212e-05,-4.82167707644976e-05,1.6682773199328e-05,-6.97328232757144e-06,6.11562205472538e-05,0,2.51044310441983e-05,-5.44354379625744e-05,-0.00164121176605736,3.35784836584807e-05,-2.16761173232882e-05,-6.21074987527948e-05,-0.00137924611791895,-0.00306824801304284,-0.00368219025934824,-8.03011600325476e-06,-0.00416862033993226,3.42054778990075e-05,-1.00344951761144e-05,-0.00150146489291902,-0.000428620452282757,-0.00164121176605736,-0.000101763423310253,-1.27803761511558e-05,-0.00012135139611047,0,-0.00824649956285484,-0.00516475963793717,-0.00117941849224845,7.63270977310881e-05,1.59467735638685e-05,-0.00266629307607325,-0.00150660483886877,-0.00177603221611289,-0.0043288435352693,2.23088689157436e-05,2.01445192438143e-06,-3.71551840201434e-05,7.31948014278672e-05,-0.00285795199015659,1.52015690160212e-05,-1.18536509257083e-05,-0.000355566001951857,9.40079125477666e-05,-4.1782537837598e-05,2.37242054810238e-05,-1.27803761511558e-05,-3.51217976142237e-05,-8.34084366907462e-07,-1.09384277209301e-05,-0.000495672730089325,9.09020117845216e-06,1.29089756901735e-05,-4.44560758658952e-05,-0.0027096229361101,-1.17081456307844e-05,1.52015690160212e-05,9.09020117845216e-06,5.97762582978945e-05,1.36828494881058e-05,-0.000355566001951857,5.92856881009851e-06,5.58294906678469e-05,3.4513846918216e-06,-0.00316257032885225,-1.67850808363568e-06,-0.00025803376699951,5.02695191153535e-05,2.3021008878743e-05,-0.00209369320217512,1.44469867153774e-05,3.97264571754263e-05,0,-0.000142353792487171,-8.69559660223729e-05,2.3021008878743e-05,-0.000890248380180481,-0.000185217424990114,-1.09384277209301e-05,1.59467735638685e-05,-1.46692046607555e-05,-0.00282112057237605,-0.00124871360062784,-8.34084366907462e-07,1.70585548664448e-05,-3.82893261425821e-05,-0.00092503849695813,-0.00364246834972626,-2.42282728271093e-05,2.64508302709743e-05,-0.00126214360548449,-0.00058369868816488,-0.00211417722509832,5.11324833674109e-06,-2.94959959239449e-05,3.09904098001468e-05,5.22326731040579e-05,-4.35017984647956e-05,-6.2974853013209e-05,0.0858691888295686
