"","4:166794473:C:A","4:166794829:T:C","4:166794930:C:G","4:166796952:A:G","4:166798262:A:G","4:166801301:C:T","4:166801905:T:C","4:166804284:G:A","4:166809989:G:A","4:166817881:C:T","4:166820680:G:A","4:166821269:C:A","4:166821692:T:C","4:166824535:A:T","4:166833642:C:G","4:166834418:C:T","4:166835379:T:C","4:166836962:C:A","4:166837480:T:C","4:166840905:C:G","4:166842726:C:T","4:166842821:C:T","4:166843946:G:C","4:166845815:G:A","4:166845976:A:G","4:166850483:G:T","4:166851631:G:A","4:166852680:C:T","4:166854683:C:T","4:166855253:T:C","4:166861524:T:A","4:166862885:A:G","4:166863780:C:T","4:166869373:G:A","4:166872696:G:A","4:166872783:C:T","4:166875665:A:G","4:166876894:G:A","4:166877184:G:C","4:166878380:A:T","4:166878473:C:T","4:166878809:C:T","4:166880951:C:T","4:166881058:A:G","4:166888858:G:A","4:166893148:T:G","4:166895441:C:T","4:166897422:A:T","4:166898708:A:G","4:166900960:A:C","4:166904676:C:A","4:166906667:G:A","4:166908057:T:C","4:166910425:C:T","4:166910665:A:G","4:166917791:A:G","4:166921451:A:G","4:166921482:A:G","4:166922146:G:A","4:166922858:A:G","4:166923314:C:T","4:166926522:T:G","4:166927036:C:T","4:166927567:T:C","4:166928627:T:C","4:166932819:T:C","4:166939490:A:G","4:166941368:A:C","4:166942361:A:G","4:166944720:C:T","4:166945293:G:T","4:166949650:A:G","4:166950252:T:C","4:166960363:G:A","4:166960481:C:T","4:166960804:C:G","4:166963352:G:A","4:166965982:A:C","4:166969265:G:A","4:166969389:G:A","4:166970043:G:A","4:166971064:A:G","4:166971561:T:A","4:166972175:T:C","4:166976655:G:A","4:166976749:T:C","4:166978889:C:T","4:166979222:G:A","4:166980007:G:A","4:166981958:A:C","4:166983081:T:C","4:166983345:A:C","4:166985435:A:G","4:166985960:C:A","4:166986194:G:A","4:166988987:G:A","4:166996774:A:G","4:166999015:T:C","4:167001986:A:G","4:167005017:C:T","4:167006474:G:C","4:167007881:A:G","4:167008302:A:C","4:167008540:G:T","4:167011817:G:A","4:167014603:G:A","4:167015767:A:G","4:167016808:G:C","4:167018172:T:G","4:167018223:A:T","4:167018571:A:G","4:167018858:A:G","4:167018873:A:T","4:167019072:T:C","4:167021183:T:G","4:167022173:A:G","4:167022359:C:A","4:167023179:C:T","4:167023255:A:G","4:167024736:G:C","4:167026453:C:T"
"4:166794473:C:A",0.117708760330479,-0.0067635578225298,1.27179012832102e-05,8.43188385601934e-06,-7.69652941379206e-07,9.02419759958306e-05,2.27354625454979e-05,-0.00576992021889655,-2.7106487419104e-05,1.55046852512442e-05,0.000275843512940632,1.61806301779421e-05,-9.00291225214289e-06,3.8253220344231e-05,2.27354625454979e-05,-0.00526362595561114,4.0434221880048e-05,1.5504685250356e-05,2.91583046863053e-05,-1.35221820904974e-05,-2.13733578782183e-05,-2.22995075365162e-05,-9.00291225214289e-06,-8.36125807435195e-06,-0.00537806004606889,1.7322897191363e-05,-8.80468369937049e-05,-3.13468242207904e-06,-0.00120277115958967,-0.00104908310721896,-0.00140582309473114,-6.09792478671878e-05,3.24939056257634e-05,-2.22995075365162e-05,4.79646493136698e-05,-9.88400901658082e-06,-0.00544213916172076,1.63949465203928e-06,-2.41863971073286e-05,-0.00128331922507474,1.92412852566548e-05,0.000115109068111074,1.93841782802906e-05,5.74217956730294e-05,4.84538731297945e-05,-0.00119494666806208,-3.61811317297622e-05,-0.00564894363416002,-3.94228513034278e-06,1.63949465203928e-06,-2.41863971073286e-05,-4.41685010814652e-05,-0.000432664122885562,-0.000114651697784574,-2.81046993748646e-05,-0.00563318723963668,-1.09384277209301e-05,-0.00172452630505671,-0.00127384721548029,1.48205897207987e-05,-3.61811317297622e-05,-0.0050200243480969,-0.00553833342284893,-5.58744881473672e-06,6.41860833168195e-05,-0.00145807012094501,-0.00146400856776641,-0.00326451886467716,-5.20678874664782e-05,-5.98803740050613e-05,-0.0016980868336578,-5.43733583073802e-05,-0.000995892839618762,-0.00543306791320397,3.07311851388548e-05,-0.00150781657417198,-1.00978452888256e-05,2.40075632964576e-05,-2.32371161770217e-05,3.07311851397429e-05,-1.26504072346378e-05,-3.13468242207904e-06,-0.00161680255203667,4.94147717944315e-05,-0.00158084693944094,-0.00161169133526951,0.000111939253936377,-0.00500226315750396,-9.66717725283672e-05,3.19134092405804e-05,-0.000856920743262712,-0.00173975993511633,1.34273512033545e-05,3.3067493097505e-05,-2.54203929639374e-05,1.05363070046494e-05,2.27354625454979e-05,-1.44047399377456e-05,-0.000837884070501893,-3.41069232359104e-05,4.75048086023833e-06,-0.00579827149984968,-0.00147472672325932,-0.000932156134713757,-5.58744881473672e-06,-0.000770940957610655,1.7322897191363e-05,-0.00191321451883208,-8.72760811594375e-05,-0.00161816974044715,-0.0053504387446095,-6.47237686433044e-05,2.07684037762945e-05,-0.00619363846194787,-0.00193945953255525,5.18746522049085e-05,-0.00146236492746077,-0.000123772196391592,1.76891467535967e-05,3.47113728693671e-06,-0.0013734601900639
"4:166794829:T:C",-0.0067635578225298,0.377204049273415,-0.00201204720100012,-0.000390881486419303,-4.69421881543752e-06,-0.000270929120838481,-0.00275233081299575,-0.0107121545519551,-0.000159391180313939,7.77056011944666e-05,-0.0051815305397227,-0.00050461627018894,-0.00234435834763147,-0.00500765126420433,-0.00148173649944994,-0.00696029985091684,0.000194598878401564,-0.00102144886836086,-0.00654823341271449,-0.00587779347212525,-0.000353144804030592,-0.00139461288117637,-0.00234435834763147,-0.00215579401210153,-0.00266342203064074,-0.00136138922443241,-0.000446724978237611,-1.92565316670112e-05,-0.00120277115958878,-0.00437515370384123,-0.0127149917328273,-0.0018785084036681,0.000159013690021581,-0.00139461288117637,-0.000260123090702002,-0.000354429855741856,-0.0027169767121844,2.94448088133947e-07,-0.00313796884074424,-0.00666863798705331,-0.0016262080835836,7.02763677349338e-05,-0.00310743652223433,0.000267363671430765,-0.000441913014594064,-0.00123563541791949,-0.000278092871580427,-0.0121402205272667,-1.71323225917064e-05,2.94448088133947e-07,-0.00313796884074424,-0.00134025130436211,-0.00715930278565047,-0.000232936597438282,-0.00722859665517106,-0.00392835713534456,-0.00146822388952028,-0.0137558610087205,-0.00290652612987863,7.37260557555075e-05,-0.000595547650354078,-0.00879927243173562,-0.00262055740882428,-0.00235863661015845,-0.0080385202200679,-0.00752231279780879,-0.0105820356133655,-0.00398320866986168,-0.00119013354045183,-0.000713255860770978,-0.00592676819951166,-0.000322142979452877,-0.00337055559873356,-0.0147571331697951,-0.0127962061750422,-0.00926259491035086,-0.00127134798716888,0.000119107146323572,-0.00013224637913023,-0.000185264888146186,-7.13993039145322e-05,-1.92565316670112e-05,-0.00999313045197336,0.000234222524758465,-0.00473437573356872,-0.00880643454677843,-0.00239322932042052,-0.00698836065603725,-0.000799908025140184,-0.00266922767589595,-0.00156264130214723,-0.00596070051350051,-0.0020174447144008,0.000162134846475759,-0.00190915021538185,4.83759682001761e-05,-0.000149838012478476,-8.26819519836874e-05,-0.000925801264815895,-0.00321555114037331,-0.000596825731498996,-0.00457518322996453,-0.00291966898496243,-0.000202310554499263,-0.00235863661015845,-0.00434310916738845,-0.000422365013909243,-0.00211004509600254,-0.00127340710530799,-0.0098916576849879,-0.00517354979522011,-0.00121635179501833,-0.0010325733833465,-0.00476468768464544,-0.0050963954857437,1.33042196237554e-05,-0.00860282139540214,-0.000418490164821428,-0.0107877055846268,-1.01205855065345e-05,-0.00266049443106375
"4:166794930:C:G",1.27179012832102e-05,-0.00201204720100012,0.139404735431827,-1.11647665113068e-05,9.13509867750406e-07,-0.000141430528410424,-3.13693215625577e-05,-0.00301231058414775,3.25333957826857e-05,0.00183179925035226,-0.00195119474198258,-2.18521670278804e-05,-0.00199322412045255,-5.4500049848194e-05,-3.13693215625577e-05,1.36828494872177e-05,-0.000958285620958677,-2.10102682673963e-05,-4.48307411584636e-05,1.66307731372939e-05,2.6260771860187e-05,2.72830538206037e-05,-0.00199322412045255,-0.00410647481264093,-0.00282933519327777,-2.45685272606266e-05,-0.00192653007747712,3.70528725746055e-06,2.32475340045113e-05,-0.00205697681561734,-0.00101914193030339,6.84280168821161e-05,-0.000881137465298387,2.72830538206037e-05,-6.92494083853745e-05,1.15463300840446e-05,-0.00172818501830374,-2.97544876115552e-06,2.93550705494638e-05,-0.00528786188925867,-0.000281072955500505,-0.00134668403948979,-5.86452224782263e-05,-0.000904662728411942,-6.99030916697652e-05,3.4452449388489e-05,-0.00250380552519314,-0.00387930257597802,-0.00208383419461189,-2.97544876115552e-06,2.93550705494638e-05,-0.00287442952823724,3.65239225175173e-05,-0.00185187833346756,-5.39839914548423e-06,6.81984135493252e-05,1.36828494872177e-05,-0.00368043083085023,1.15463300840446e-05,-2.0160145389525e-05,4.29565517103825e-05,-0.00148985507435384,-0.00184748734515949,6.57633237732824e-06,-0.000162258957451478,-0.00359356438160496,-0.00329564771252766,9.13509867750406e-07,-0.00353782012134563,6.85670529598781e-05,-7.26563506008304e-05,-0.000236024645995592,2.83144501045385e-05,-0.00174423319377937,-0.00318071354850602,-0.00192081878413841,1.27179012832102e-05,-3.29851721811991e-05,-0.00179818125648623,-4.30521477250423e-05,-0.00247415418190666,3.70528725746055e-06,-0.00413961189576639,-0.000684772860749305,-0.0023601218080902,-0.00616767495948523,-0.00156893821882509,-3.31657089081006e-05,-0.00103048721212495,-4.45824735271216e-05,0.000121554736337792,-0.00136941307918459,-0.000129411663909451,-0.000576590381232478,-0.00174439556899664,-1.48800155725937e-05,-0.00337897657891606,1.76314827609048e-05,0.000120235128410862,-0.00387515381192749,-6.7026316656893e-06,5.44558535509054e-05,-0.00285664677090214,-0.00375986644121884,6.57633237732824e-06,0.000116322254014811,-0.00938104088726543,-0.000310070041630972,-0.00118004353298673,-0.000495988894214427,-0.00331182150546727,7.31530553403914e-05,-2.88838463289309e-05,-0.00190116215061042,-0.00373498124146021,-7.66917394550148e-05,-0.0013983764542238,-0.0024620288166588,-0.000978179228404485,-0.00622553949179672,3.15247504341087e-05
"4:166796952:A:G",8.43188385601934e-06,-0.000390881486419303,-1.11647665113068e-05,-0.000499312205433533,6.07392329321499e-07,-8.13646623667452e-05,-1.97551825218412e-05,0.000160159252734715,2.21277225627148e-05,-1.33790257139665e-05,0.00182032951166811,-1.39172413762267e-05,7.070205234605e-06,-3.35708008973867e-05,-1.97551825218412e-05,9.09020117845216e-06,-3.53168015703176e-05,-1.33790257148547e-05,-2.72907762246533e-05,1.1109647894969e-05,1.7691803494202e-05,1.84103887521658e-05,7.070205234605e-06,5.34420799613855e-06,-2.53014675299923e-05,-1.54520496344901e-05,6.87015078266739e-05,2.47033254652251e-06,1.5583353294879e-05,-0.000178205309212309,6.31749788242431e-05,4.87700451756723e-05,-2.82244393945419e-05,1.84103887521658e-05,-4.21596593813689e-05,7.75810806885602e-06,9.23669410557437e-06,-1.82660711889326e-06,1.98720172566169e-05,0.000214684535349896,-2.08745136545119e-05,-0.000105964250860069,-1.78073799919076e-05,-5.06252384715467e-05,-4.25512697175279e-05,2.34078448224651e-05,2.95598960855514e-05,-3.87195248885419e-05,3.10528250935249e-06,-1.82660711889326e-06,1.98720172566169e-05,3.60905043423898e-05,2.48945964180791e-05,8.87774025448707e-05,2.28970819842189e-05,-0.00016289274196879,9.09020117845216e-06,-0.000261067410357363,7.75810806885602e-06,-1.28347736954026e-05,2.95598960855514e-05,1.50099976821139e-05,2.82992226496859e-05,4.39685253894595e-06,-6.00554316498858e-05,-2.61059428483534e-05,-7.41343114460946e-05,6.07392329321499e-07,4.24928204427744e-05,4.87706044438596e-05,-1.4885270381626e-05,4.42352975884575e-05,1.91370806783553e-05,-5.09706867353188e-05,-2.68138113037608e-05,4.62961288718589e-05,8.43188385601934e-06,-2.0770725516428e-05,1.91370806783553e-05,-2.68138113037608e-05,1.04289585758366e-05,2.47033254652251e-06,2.61490777964113e-05,-4.33211669559341e-05,6.54498773116075e-05,-0.000149088218969418,-0.000104937593705223,-2.06515388532225e-05,7.70547327331172e-05,-2.77595479065695e-05,-0.00077479805677072,0.000194630766132242,-1.17277497375667e-05,-2.86841319576681e-05,1.9135818178917e-05,-9.43661260155437e-06,-1.97551825218412e-05,1.17980485025981e-05,-0.000806584920574061,2.79694569185196e-05,-4.28001780239384e-06,3.80939033401972e-05,0.000102078592693289,5.81760896025685e-05,4.39685253894595e-06,8.96699382835209e-05,-1.54520496327137e-05,0.000346744270927068,6.98452042406927e-05,0.000138104365245084,5.15989032061626e-05,5.24039759257633e-05,-1.81879893856873e-05,2.49369910845232e-05,-6.84880367005647e-05,-4.62111850936253e-05,-2.12241056276596e-05,9.71911168416995e-05,-1.73424860747673e-05,-3.87122458800349e-06,2.1513357093994e-05
"4:166798262:A:G",-7.69652941379206e-07,-4.69421881543752e-06,9.13509867750406e-07,6.07392329321499e-07,0.0765326598689882,4.49253366330282e-06,1.56119832261936e-06,-5.07896552814913e-06,-2.16094949045953e-06,1.09253053892644e-06,-3.42437361400272e-06,1.1353983699891e-06,-6.62594183964416e-07,2.46955530514015e-06,1.56119832261936e-06,-0.000187922978584609,-0.00294960640324415,1.09253053892644e-06,2.01506736097201e-06,-1.03411766527728e-06,-1.6848761470456e-06,-1.76080958969038e-06,-6.62594183964416e-07,-5.57160780623178e-07,-2.67280100096912e-06,-0.00430335865400799,-8.14754335198842e-06,-2.26514956125357e-07,-1.46471590767305e-06,-0.00409748630966345,-6.57706091722332e-06,-5.32323991553341e-06,2.14169470780234e-06,-1.76080958969038e-06,2.96477193284517e-06,-0.00367787523669971,-9.0436055355525e-07,1.39636072482574e-07,-1.9166755125255e-06,-0.00344046914828322,-0.00402786447009174,4.86549788458746e-06,1.38498095569872e-06,3.39629089562976e-06,2.98715306534802e-06,-2.27612733194604e-06,-2.96995757498308e-06,-5.78591910382897e-07,-2.85601567284743e-07,1.39636072482574e-07,-1.9166755125255e-06,-3.71615421634885e-06,-0.000829591982050459,-1.12785640151714e-05,-2.24530153225544e-06,-6.5063004095478e-06,-8.34084366907462e-07,-2.3101860739061e-05,-7.294133057556e-07,1.04892504904086e-06,-2.96995757498308e-06,-0.0043626437334563,-0.00374418790160735,-4.06885465764617e-07,3.74349207898916e-06,1.93095537959209e-06,-0.00436747968636997,-5.51981402807655e-08,-4.48247023321358e-06,-5.26756304708442e-06,-2.73086846620529e-05,-4.70413127295899e-06,-1.83806574138856e-06,3.28437801933035e-06,2.04477934051539e-06,-0.00410408053263556,-7.69652941379206e-07,1.63678255571398e-06,-1.83806574138856e-06,2.04477934051539e-06,-9.66290887305377e-07,-0.00418228995266023,-2.67206880444348e-06,3.03076270835589e-06,-7.59263774430252e-06,-1.87006244498633e-05,4.85061927246733e-06,1.60102745283552e-06,-0.00270321405320306,2.10994640070794e-06,-1.21815262792424e-05,-0.00418272643488304,9.59432490788004e-07,2.17290302906292e-06,-1.93088533340102e-06,7.70812197181669e-07,1.56119832261936e-06,-1.10312916312694e-06,-1.19605226718278e-05,-2.78734667258362e-06,-0.00384858833275281,-3.98864120754183e-06,-0.00377124100702453,-0.003279948329733,-4.06885465764617e-07,-1.13226809022038e-05,1.23093845072475e-06,-9.18894548407323e-05,-0.00284311734375464,-0.00361770805457606,-6.83301405679515e-06,-5.75233310406986e-06,-9.52044279642905e-05,-0.00398803253930691,4.09955360680669e-06,3.16381264919841e-06,-0.0036549143768223,-1.25566716446812e-05,2.68287951410429e-06,2.93452782074155e-07,-2.12193128401594e-06
"4:166801301:C:T",9.02419759958306e-05,-0.000270929120838481,-0.000141430528410424,-8.13646623667452e-05,4.49253366330282e-06,0.157625786268903,-0.000234316060755191,-0.00113400777388817,0.000221713491768583,-0.000156478381838632,-0.000391959444986156,-0.000160134527014577,5.23326797043921e-05,-0.00121073370814262,-0.00115833662911058,9.5266567252672e-05,-0.000351082475269493,-0.000156478381840408,-0.00195897137693812,0.000110683853274729,0.000186950203421965,-0.000607784299259784,5.23326797043921e-05,-0.0006879157747397,-0.00877858296649858,-0.000799842815539797,-0.00178001233595371,1.82755086584052e-05,0.000170434949139597,-0.00322934396391883,-0.00017988107457656,-0.00285529383541583,-0.000202871761040946,-0.00305257065857578,-0.000495011265273959,-0.00111308676269939,-0.00142789412835409,-0.00204452208224648,0.00020403313156514,-0.00271159990136649,-0.00165023247840956,0.00350370696760294,-0.00093579944112232,-0.00022200697894359,-0.000469874692508476,0.000255480711961908,-0.00298349655312524,-0.00206207157657889,2.29745237021461e-05,-0.00204452208224648,0.00020403313156514,-0.00268603980779325,0.000267380891076918,0.000513126800816721,-0.00111239465226021,0.000163891690755591,-0.0032845649977391,-0.00426708458843228,-0.00249248715984951,-0.000607286328619949,-0.00128404365618096,-0.00375303486605461,-0.000428755727551966,3.25350168859373e-05,-0.00259715933533489,-0.000230826043352117,-0.00400909087538315,4.49253366330282e-06,0.000453100826375064,0.000524602847884914,-0.000920314987568283,-0.00590052497130689,-0.00148240814802314,-0.0104037450751608,-0.000317874668802176,-0.00495648230514423,9.02419759958306e-05,-0.000240816184765791,0.000198273952173089,-0.000317874668801288,-0.00142736803350374,1.82755086592934e-05,-0.00186060423892354,-0.00015333973728815,-0.00442132018637587,-0.00636145229615614,-0.00185866795563605,-0.000822417158874877,0.000816806918143342,-0.000323476044679971,-0.000928099076441313,-0.000666113551695879,-0.000145257444388314,9.92762863010199e-05,0.000304740442682139,-0.0018261608549226,-0.000234316060755191,-0.00122792497206081,-0.00102442309470785,-0.0029073002861626,-6.06014814863443e-05,-0.00112270701675765,-0.00276404907516126,0.00060349917210889,-0.000625403650134082,-0.00029130247737541,-0.000907004449815396,-0.000909296120718217,0.000738556296929538,-0.00267491722566326,-0.00218826172641151,-0.00177005974784006,-0.00458488819964575,-0.0141949236902867,-0.00480218277879541,4.18043120555822e-05,-0.000727515950754487,0.00102171139405094,-0.00215966681782831,-0.000771829144369462,-0.00293495595090754
"4:166801905:T:C",2.27354625454979e-05,-0.00275233081299575,-3.13693215625577e-05,-1.97551825218412e-05,1.56119832261936e-06,-0.000234316060755191,0.19128711777373,-0.000663531010109075,5.85991724681989e-05,-3.70833018950023e-05,-0.00270436289437548,-3.84737115384226e-05,1.81205191349676e-05,-9.44785951517702e-05,-5.50944346278115e-05,2.44186253564038e-05,-9.89741747838835e-05,-3.70833018958905e-05,-0.0012836399120415,2.95754322268138e-05,4.73567397545338e-05,4.91812519705093e-05,1.81205191349676e-05,-0.0014047628887397,-7.46143690584233e-05,-0.00110477306261991,-0.00146220128085783,6.34432544455166e-06,4.19959320572261e-05,-0.00279726042761119,-0.0132361536437298,-0.00238167833200187,-7.87119216285603e-05,-0.00226409955137896,-0.00682938962238744,-0.00161596631075867,-0.0030303956084321,-5.9392705162864e-06,5.28884177724009e-05,-0.00240420233279615,4.17701264412429e-05,-0.0018640597840589,-0.0063144093281311,-0.000143022760751954,-0.000119817927466848,6.27753607496118e-05,-0.0025126762651686,-9.92074986081448e-05,-0.00657447828906754,-5.9392705162864e-06,5.28884177724009e-05,-0.00227385492961041,6.65331888098919e-05,-0.00146185917455899,6.05440455343498e-05,-0.00618449382385755,2.44186253564038e-05,-0.00457951484213837,-0.00161596631075867,-3.56779031864818e-05,7.82880578586997e-05,-0.00363426480654194,-0.00290065159583541,-0.00153570731697439,-0.00410996389178742,-0.00655968045053346,-0.00313086312476862,1.56119832261936e-06,0.000112268120373571,0.00012854061255485,-4.25356887179262e-05,-0.00213873573180479,5.10250433825021e-05,-0.0016229533365113,-7.50686557946523e-05,-0.00538596336639063,2.27354625454979e-05,-5.77191423190015e-05,-0.00209171153265153,-0.000841364729970095,2.78383291414386e-05,6.34432544455166e-06,-0.00141552249231225,-0.000121790162697977,-0.00178361270122007,-0.00681158422233441,-0.00109752741075653,-0.00362355724143004,0.000199131238464823,-0.000611914284235127,-0.000129565748791194,-0.00740259472508598,-3.28211634164077e-05,-7.98999450868365e-05,-0.00122771911284492,-0.00124643117094525,-5.50944346278115e-05,-0.000249720035883527,-0.000143289664692681,-0.00242854813931537,-1.22452725630495e-05,9.96444745622327e-05,-0.00484036293045165,0.000151638212968486,1.12823500186821e-05,-0.00019443982969225,-0.0034333187914779,-0.0071027706373723,0.000181254645135631,-0.00113746315339647,-0.0104104184964999,0.000137492932045014,-5.1047870317511e-05,-0.00321847273209119,-0.000566573918495017,-0.000504243857568198,-0.00410934566944743,-0.00297791181020912,-0.00232208642674436,-0.00249756194938211,-0.00668373132076461
"4:166804284:G:A",-0.00576992021889655,-0.0107121545519551,-0.00301231058414775,0.000160159252734715,-5.07896552814913e-06,-0.00113400777388817,-0.000663531010109075,0.560104436933828,-0.00245916786837341,-0.00373577045341289,-0.00922959871493312,-0.00639641118381906,-0.00100809627087894,-0.00923393597977151,-0.000181429248265808,-0.000454707103941132,-0.00208662535005377,-0.0105561524563562,-0.00329202534983386,-0.00253307565357375,-0.00853483381673126,-0.00287380794377512,-0.00100809627087894,-0.00116711981089956,-0.00835671533229698,-0.00333491440623757,0.000318857256219385,-0.000502803688114284,-0.000479004122580839,-0.0121524199863949,-0.00330879523861505,-0.0111900280575599,-0.000355747824625219,-0.00185200136782804,-0.00118660311843577,-0.0135581597262298,-0.00951965353708095,-0.00579795788156678,-0.000537014895421351,-0.00712496227018589,-0.00192276457979679,-1.38422405031591e-05,-0.000624488151003799,-0.00473397938130482,-0.00773932333382721,-0.000518076431288428,-0.00406605459581355,-0.00918802213667824,-0.000307587081303851,-0.00579795788156678,-0.000537014895421351,-0.00247524072435867,-0.00746354518527603,0.0006872949116703,-0.00184821883224151,-0.00322780195426731,-0.00402029561193551,-0.0139516744176409,-0.000802079264208277,-0.000737426806582064,-6.82198982095983e-05,-0.00347328977992145,-0.00812736445907269,-0.0111190676880737,-0.00635999411516419,-0.0139766169170361,-0.00267350441712688,-0.00404490300638471,-0.00141985228856534,6.84849196908033e-05,-0.0062882482892781,-0.00312014077547618,-0.00165121567390525,-0.015171700854661,-0.00126622952155842,-0.0145008991204953,-6.25669802385431e-05,-0.0024443025186951,-0.00831584820756515,-0.00465424208978504,-0.000132454925550363,-0.00839360630895047,-0.0115637699449858,-0.000679373332229005,-0.00106397305146722,-0.0113138585360724,-0.0092654752793222,-0.00246644059999968,-0.00196188027282584,-0.0073105195669827,-0.0075121293069853,-0.0123633944603969,-0.00585156314531066,-0.00702473566110751,-0.0054174470182029,-0.00159539418895616,-0.00459543435254339,-0.00713817086390112,-0.00805613872849253,-0.000215813539793608,-0.00253011323035057,-0.00738243113603865,-0.00752438847143067,-0.00515322801014362,-0.000838182612912242,-0.00883097312408587,-0.000339122003620851,-0.00715565003617114,-0.00219303520397984,-0.0114447619949454,-0.0056462058175768,-0.00854558543808448,-0.00437816856614948,-0.000862542182629156,-0.00612408635976847,-0.000310676045401692,-0.00323658248465053,-0.00497985677648094,-0.00697840856144571,-0.00638765794012475,-0.00255776605464941
"4:166809989:G:A",-2.7106487419104e-05,-0.000159391180313939,3.25333957826857e-05,2.21277225627148e-05,-2.16094949045953e-06,0.000221713491768583,5.85991724681989e-05,-0.00245916786837341,0.127504221029778,4.02493991682462e-05,-0.00150756474400549,4.21142108448791e-05,-0.0025555205256671,9.74876711694606e-05,5.85991724681989e-05,-0.00367076839863945,-0.000736945306834436,4.0249399167358e-05,-0.00386073338631832,-3.68636514380682e-05,-0.00111890838786,-6.06205554243289e-05,-0.0025555205256671,-0.00108304659029823,-0.00273307159733438,4.36698170531713e-05,-0.0008261618668568,-8.82106938338012e-06,-5.01576745213228e-05,-0.00335993509867816,-0.000698727101960728,-0.000172021057846194,8.35961618506076e-05,-0.00121894455283655,0.000121775584610795,-0.00154288120148216,-9.27807534534253e-05,3.1219256628745e-06,-6.60734407817998e-05,-0.000211228059614932,-0.00108446606797497,-0.00529306973429655,-0.0022407019504147,0.000145031479723556,-0.00133658336652687,-7.623681349056e-05,-0.0028852913405828,-0.00246970535835356,-1.11021956019641e-05,3.1219256628745e-06,-6.60734407817998e-05,-0.00109151731660173,-8.18263474178238e-05,9.62996557047902e-05,-7.74535270249288e-05,-0.000229523543867849,-2.94959959239449e-05,-0.00177054819026612,-0.00154288120148216,3.83594233319684e-05,-0.000198574784990413,-0.00307059755721228,-0.000149885726947296,-1.57598395205127e-05,9.25707525567532e-06,8.15131275544445e-06,-0.00512414235313008,-2.16094949045953e-06,-0.00014364333932626,-0.000422141493816142,-1.59938573132123e-05,-0.00656417486030936,-6.33279117350227e-05,-0.00541459321122773,7.8811894415054e-05,-0.00130485933652658,-2.7106487419104e-05,6.20825382169343e-05,-6.33279117350227e-05,-0.00605317586681053,-3.43739048123126e-05,-0.00266601510483433,-0.00166901793047636,0.000125639726255677,-0.000385778387343549,-0.00248771406253789,-0.000274671431019335,5.75570802370251e-05,-0.0045483828963393,8.20227611963986e-05,-0.00132996414932052,-0.00201954159205364,3.45019467484775e-05,8.51487646942317e-05,-0.00028910398658244,-0.00221406401796287,5.85991724681989e-05,-3.93881873002044e-05,-0.00130722501706515,-0.00223970017290842,1.18584803363575e-05,-4.4173851625473e-05,-0.00496398831230627,-0.00331981323671204,-1.57598395205127e-05,-0.00032903448796695,-1.92663328544285e-05,-0.000235255399874568,-0.00417952681886824,-2.14965741243134e-05,-0.000636124473460065,-0.0039877397049084,-0.00199144444700483,-0.00408381907934086,-0.0020834070366833,0.000130269445497433,-0.000511610659826189,0.000406302092549105,-0.00197519930941059,-3.94221247175253e-05,-0.000125986489026175
"4:166817881:C:T",1.55046852512442e-05,7.77056011944666e-05,0.00183179925035226,-1.33790257139665e-05,1.09253053892644e-06,-0.000156478381838632,-3.70833018950023e-05,-0.00373577045341289,4.02493991682462e-05,0.119784981301814,5.89041402907498e-05,-2.59904198136596e-05,1.26872423003022e-05,-6.34215093517909e-05,-3.70833018950023e-05,1.66827732019925e-05,-6.65979225162872e-05,-2.50158717838289e-05,-5.28651127886803e-05,2.0293004285854e-05,3.23716817822728e-05,3.36496724635538e-05,1.26872423003022e-05,-0.00427232797310495,-0.0031412345581936,-2.92879909968846e-05,0.000121941349247479,4.44042057967664e-06,2.86177059996007e-05,7.77056011935784e-05,-0.003239981404902,8.76303502463927e-05,-5.30432693990335e-05,3.36496724635538e-05,-7.97966009091766e-05,1.39181305396363e-05,-0.00306790268178059,-3.70270795269079e-06,3.62469355543737e-05,-0.00271795591180357,-0.00385474745704339,-0.000206302050433038,-0.000237550645735496,-0.00108554732821009,-8.05089392539315e-05,4.28347931995532e-05,5.37113084986274e-05,-7.99831983924193e-05,-0.00190719884151047,-3.70270795269079e-06,3.62469355543737e-05,6.54938419248907e-05,4.54682296986419e-05,0.000156445570647534,4.16129033604662e-05,-8.30993601423913e-05,1.66827732019925e-05,-0.00414844307734974,1.39181305396363e-05,-2.40307567436204e-05,5.37113084986274e-05,-0.000933686059157779,-0.00295441128132001,7.89776159226818e-06,-0.000117249988464074,-0.00376982409292737,-0.00180734733555088,1.09253053892644e-06,-0.00334461628629867,8.81549855415997e-05,-2.8262893951414e-05,8.00126738047524e-05,3.49413505285057e-05,-0.0040596371472672,-5.04786366004595e-05,-0.000104271739261641,1.55046852512442e-05,-3.89262148567937e-05,-0.00261241083654884,-5.04786366013477e-05,1.90767308270168e-05,4.44042057967664e-06,4.65900946942099e-05,-8.19098284434716e-05,0.000116929214596162,-0.00438045890733374,-0.00471114258275218,-3.93017020563491e-05,0.00013734705404822,-5.21978110405996e-05,0.000166985904201056,-0.00382598554521874,-2.20281329070815e-05,-0.000409444198250064,3.37220430095542e-05,-1.78882452335216e-05,-0.00420448372764071,2.15224172128714e-05,0.000164854622630273,5.09046629622034e-05,-8.12016132467619e-06,6.87091849860266e-05,-0.00942716403875909,0.000104433291022055,7.89776159226818e-06,0.000158601842779937,-0.00939823941378748,-0.00452403084983644,0.000124889544365736,6.47345966147128e-05,-0.00976869753646348,9.44593177099051e-05,-3.42417091570013e-05,-0.00117547009421948,-0.0102175294843736,-8.80421974809309e-05,-0.00379928585123412,-0.00175389842441831,-0.000226727308053398,-0.00395346948918895,3.88039738172807e-05
"4:166820680:G:A",0.000275843512940632,-0.0051815305397227,-0.00195119474198258,0.00182032951166811,-3.42437361400272e-06,-0.000391959444986156,-0.00270436289437548,-0.00922959871493312,-0.00150756474400549,5.89041402907498e-05,0.211101240835557,6.16896264782341e-05,-0.00241385163636831,-0.0053193148095767,-0.00159430134124516,-0.00351718666386791,-0.00111596951001669,5.89041402889734e-05,-0.00455616053292651,-5.80357871919901e-05,-0.00355447195365333,-0.00129004973225921,-0.00241385163636831,-0.00147884236355189,-0.00332019355819213,-0.000330501191981192,-2.65101832006565e-05,-1.40616905506263e-05,0.000521547934474675,-0.00535589509834189,-0.00295986078423827,-0.000374453807431507,-0.00107750859461664,-9.60263303539932e-05,-0.000328735945051228,-0.000463593463335243,-0.000716991804345035,-0.00185966275214167,-0.00141055487844977,-0.00343459776370292,-0.00315523801782902,-0.00019688925615835,-0.000973491251589742,0.000196291428797402,-0.000511360505409009,0.000500582567799945,-0.00139243046695459,-0.00064361405138369,-2.0947251124781e-05,-0.00185966275214167,-0.00141055487844977,-0.0012070568781537,-0.0054413269057294,-0.000114799611604433,-0.00177440434272036,-0.00267465187066662,-0.00137860371474119,-0.00357658915594161,-0.00382628450940903,5.60698803377946e-05,3.09379579865876e-05,-0.00133856666733356,-3.44494599104905e-05,-0.00243427461266332,-0.0028848616789543,-0.0013971335514853,-0.00153909135805863,-0.00355920112667896,6.79695022318683e-05,-0.000561053073824702,-0.000435599130654829,-0.000249405219614474,-0.00288380800231725,-0.00400096945898287,-0.000412064828862135,-0.00355911245109297,-0.00118301661480658,8.96569352599741e-05,-0.000100662834626952,-0.000580378144507954,-0.00150967105868016,-1.40616905506263e-05,-0.00728966219443006,-0.000799002137384264,0.000205477399937593,-0.00157387687320565,-0.00953047591700162,-0.00738024588745922,0.000631343423089348,-0.00288245899746453,-0.00308028900975454,-0.00467865248076738,0.00016821868736816,-0.000769705039437518,-0.000984275187359884,3.79700335741973e-05,-0.000187233845131196,-6.22486576791204e-05,-0.00219222126452134,-0.00325412457020136,-0.00465552467106622,-0.00122772109188851,-0.000771147638597203,6.28434341294337e-05,-2.5277435760529e-05,-0.00125705689122402,-0.000380419156069678,-0.00842701206142848,0.000146569458376433,-0.00336713758984697,-0.00313393254675542,8.61053461287398e-05,-0.000988794375145652,-0.00320619429901647,-0.00455078359012706,-0.000842757901735602,-0.00112309349888351,-0.0017308621895511,-0.00616433415434336,-1.87332334800061e-05,-0.000757135719807067
"4:166821269:C:A",1.61806301779421e-05,-0.00050461627018894,-2.18521670278804e-05,-1.39172413762267e-05,1.1353983699891e-06,-0.000160134527014577,-3.84737115384226e-05,-0.00639641118381906,4.21142108448791e-05,-2.59904198136596e-05,6.16896264782341e-05,0.123562252192361,1.32023404839643e-05,-6.55915958196474e-05,-3.84737115384226e-05,1.74097365617243e-05,-6.88412875469169e-05,0.000736539702386629,-0.00651237762275958,-0.0039129098975792,3.38527972099101e-05,3.51919562984193e-05,1.32023404839643e-05,-0.000211575520349783,-0.00634749044164007,-3.04408193843031e-05,0.000128925752030717,4.61638645976592e-06,2.99215382408846e-05,8.16194120014657e-05,-0.000952019459828257,-0.00157731432279373,-5.49170180601521e-05,-0.00570514352734808,-8.23606939484023e-05,1.4485234856032e-05,-0.00262091521768859,-0.000978656562165447,-0.005814743586396,-0.00266198981339638,-4.42261686766088e-05,-0.000210031387177345,-3.5506138894803e-05,-9.8943755610037e-05,-8.3087052771269e-05,4.48698134265513e-05,5.63136652900198e-05,-0.000974347481143667,5.80233390490292e-06,-0.000978656562165447,-0.005814743586396,6.8790189783563e-05,4.7637745732132e-05,0.000166311675024566,4.35457470278067e-05,-0.00598431601374116,1.74097365617243e-05,-0.00209528405484161,-0.00123621783191918,-2.49730039518781e-05,5.63136652900198e-05,-0.00168432029460863,-0.0027289411907585,8.21394084482563e-06,-0.00672352755968486,-0.000810744081017667,-0.000700424624477058,1.1353983699891e-06,8.09847934339913e-05,9.29065519716943e-05,-2.93835310785084e-05,8.42117879251703e-05,3.65458804241214e-05,-0.00251954030711765,-5.22852327184964e-05,-0.00695070729306568,1.61806301779421e-05,-4.03709420071507e-05,3.65458804241214e-05,-0.00146915845441331,1.99084086967005e-05,4.61638645976592e-06,4.86737464893139e-05,-8.45152526354198e-05,-0.00144308384744019,-0.000983610373253896,-0.000877253464716787,-4.08003269161128e-05,0.000145772698172841,-5.40495657368467e-05,0.000177950543671201,-0.000909351919474943,-2.29040689534443e-05,-5.57748777403333e-05,3.51207900699535e-05,-1.86243351363302e-05,-3.84737115384226e-05,2.24625203202322e-05,0.000175626292206132,5.33576150623105e-05,-8.46771511575639e-06,-0.00128171016700751,-0.00249220016680507,0.000110269862174661,-0.0011535319585354,0.000168816847578412,-3.04408193834149e-05,-0.00172110512873136,0.000132297604386267,-0.00685258083545026,-0.00234352290274309,-0.00230014928737088,-3.5546985174939e-05,-0.00236337088278482,-0.00698712138801749,-0.00175834429125832,-0.00601425593488081,0.000182977939654272,-0.00100853827717362,-8.24093243778634e-06,4.05526378708387e-05
"4:166821692:T:C",-9.00291225214289e-06,-0.00234435834763147,-0.00199322412045255,7.070205234605e-06,-6.62594183964416e-07,5.23326797043921e-05,1.81205191349676e-05,-0.00100809627087894,-0.0025555205256671,1.26872423003022e-05,-0.00241385163636831,1.32023404839643e-05,0.136787546063565,2.86849470949591e-05,1.81205191349676e-05,-9.77695026094239e-06,3.00170962503898e-05,1.26872423003022e-05,-0.000432243652209507,-1.21825660377439e-05,-0.00330716327890901,-2.06540346470163e-05,5.70375813904178e-05,-0.000658063610079473,-0.000268738830326409,1.41367779038504e-05,-0.00130283170997014,-2.72120485877991e-06,-1.70949840514467e-05,-0.00229642024938492,-0.000435770150484238,-0.000138082805576367,2.49151404565495e-05,-2.06540346470163e-05,3.44877065323601e-05,-8.7825440280298e-06,-0.0021185457117685,-0.00457518220572517,-0.00274006415890415,-0.00535544422603884,-0.000550209118520328,-0.000175251284459499,1.57596047953845e-05,-0.00515478705391459,3.47573470236284e-05,-2.65689031602179e-05,-3.49204610810006e-05,-0.00496726533934932,-3.43195686713926e-06,-0.00457518220572517,-0.00274006415890415,-4.35907520373036e-05,-2.85466732217188e-05,-0.000119226016216167,-0.00168675249513939,-0.00475408021359947,-9.77695026094239e-06,-0.000854295205478195,-8.7825440280298e-06,-0.00302338423821613,-0.000104758876875444,-0.000303403410408798,-0.00221611346933681,-0.00198151068568286,-0.00452470961541707,-0.00221377244500154,-0.000734536872209368,-6.62594183964416e-07,-5.24876553908982e-05,-6.15953618927634e-05,-1.44028452089273e-05,-5.51586315751251e-05,-2.15838786603584e-05,-0.00238805513076557,2.37487749306098e-05,-0.00474660199419663,-9.00291225125471e-06,1.90296853226357e-05,-0.0015341564744995,2.37487749306098e-05,-0.00269374354816776,-2.72120485877991e-06,-0.00216608461882029,-0.000769956602503896,-0.00273485157940012,-0.00233688269957932,-0.00174839531797488,-0.00244311528928698,-0.000108650932927112,-0.00368721662191707,1.59155332379868e-05,-0.000903078384321798,-0.00256461746422154,-0.000696924899422413,-4.86199136799925e-05,-1.76518860754982e-05,1.81205191349676e-05,-0.0017665525054662,3.69822060797276e-06,-3.27188960262959e-05,4.05496186051124e-06,-0.0024776488316105,-0.00329529396944617,-7.70393050739671e-05,-0.00198151068568286,-0.000650745616718851,-1.91034937451207e-05,-0.00250024785462255,-9.60357273767087e-05,-0.00277427066987279,-0.00317370725794897,-0.00354275637259782,1.6694325661426e-05,-0.000383382866495197,-0.00018002668013839,-6.87468853053375e-05,-0.000503929093204292,-0.00312848539154498,2.11641719820577e-05,-0.00205770410226869,-0.0019115590735943
"4:166824535:A:T",3.8253220344231e-05,-0.00500765126420433,-5.4500049848194e-05,-3.35708008973867e-05,2.46955530514015e-06,-0.00121073370814262,-9.44785951517702e-05,-0.00923393597977151,9.74876711694606e-05,-6.34215093517909e-05,-0.0053193148095767,-6.55915958196474e-05,2.86849470949591e-05,0.202111390958969,-9.44785951517702e-05,4.09302620596463e-05,-0.000169022638297101,-6.34215093517909e-05,-0.00131820059009247,4.91344016788631e-05,7.95142462148846e-05,8.24300608135431e-05,2.86849470949591e-05,1.16810758141739e-05,-0.00383346329678425,-0.00111009129603978,-0.00129604912698689,1.00378143175206e-05,7.0949321658631e-05,-0.00690246662971994,-0.000143728881549787,-0.00811295400897372,-0.000134285809962442,8.24300608135431e-05,-0.000203298928020068,-0.00157728257709167,-5.31684410054467e-05,-1.18374481274941e-05,8.83558680717655e-05,-0.00236461048393188,-0.000880537702054873,0.000188537117455922,-9.31908501282663e-05,-0.000432815715639023,-0.000204784275045,0.000106029307186617,0.000130918791843904,-0.000645572934929284,1.26151956969522e-05,-1.18374481274941e-05,8.83558680717655e-05,0.000160344031717052,0.000112056063588106,-0.00523071963228183,0.000100598545968111,0.000236064340815467,4.09302620596463e-05,-4.43187483423202e-06,-0.00273903803617959,-0.000952204635273013,0.000130918791843904,-0.0144504815560058,-0.000101840807506193,-0.00292310601293799,-0.0013406135943379,-0.000860852701767278,-0.0161595169779245,2.46955530514015e-06,0.000188907711252462,-0.0012940008192821,-0.00123226554577993,0.000195891085606803,-0.0118035662954554,-0.0155818007992927,-0.000128711651729674,-0.00120042283230237,3.8253220344231e-05,-9.85392319154954e-05,-0.00239169472450751,-0.000128711651729674,4.6370393088857e-05,1.00378143175206e-05,-4.55086975099661e-05,-0.000298682977602382,1.15728956879835e-05,-0.000993024733789039,-0.0142610493654391,-0.000410898226888001,-0.00289256050250231,-0.00013244845548499,7.1815964582278e-05,-0.00505060532594825,-5.67673776430411e-05,-0.000136102921188375,7.2337185999416e-05,-0.000301376129078434,-9.44785951517702e-05,-0.0026660316197944,5.62281153344557e-05,0.000124496670517615,-0.00129898225481373,-7.14702308499682e-05,-0.00464397281044526,-0.00181299702637716,-0.00150239230497373,-3.92257040182642e-07,-7.72931922679021e-05,-0.000727450668646767,-0.00258130654488831,-0.00943729458066223,-0.00186707920336593,-0.00252949160681215,-0.00232420397839217,-0.00223406589010544,-5.07617527034654e-06,-0.00112840476723441,-0.00594476277345013,-0.000121331335369845,-0.00539273590451383,-0.00316958332381567,-0.00137554470157131
"4:166833642:C:G",2.27354625454979e-05,-0.00148173649944994,-3.13693215625577e-05,-1.97551825218412e-05,1.56119832261936e-06,-0.00115833662911058,-5.50944346278115e-05,-0.000181429248265808,5.85991724681989e-05,-3.70833018950023e-05,-0.00159430134124516,-3.84737115384226e-05,1.81205191349676e-05,-9.44785951517702e-05,0.11324355605919,2.44186253564038e-05,-9.89741747838835e-05,-3.70833018958905e-05,-0.0012836399120415,2.95754322268138e-05,4.73567397545338e-05,-0.000354682398363337,1.81205191349676e-05,-0.0014047628887397,-0.00168524977944795,-4.39949545896212e-05,-8.48036369314187e-05,6.34432544455166e-06,4.19959320572261e-05,-0.00143379840120339,-0.00312501990007963,0.000126998478514828,-7.87119216285603e-05,4.91812519705093e-05,-0.000118815066276312,-0.00288771826122058,-0.000697737210663796,-0.00136571632952531,5.28884177724009e-05,-0.000384041692384152,-0.00252962156503145,0.000547669189926658,-0.00283215335881071,-0.000143022760751954,-0.000119817927466848,6.27753607496118e-05,7.82880578586997e-05,-0.00133012636545704,7.97275796582397e-06,-0.00136571632952531,5.28884177724009e-05,9.55232021375707e-05,6.65331888098919e-05,-3.51223169570147e-05,6.05440455343498e-05,-0.00317506954512492,2.44186253564038e-05,-0.00252239509525065,1.98774392980994e-05,-3.56779031864818e-05,7.82880578586997e-05,-0.00307403807350948,-9.62038699343637e-05,1.12823500186821e-05,-0.00553139348031007,-0.00258783250730765,-0.00116501667062074,1.56119832261936e-06,0.000112268120373571,0.00012854061255485,-4.25356887179262e-05,0.000116593133805409,5.10250433825021e-05,-0.00300697050290122,-0.000975984380293227,-0.00527336088173858,2.27354625454979e-05,-0.000568235358247904,5.10250433825021e-05,-0.0042151251092104,2.78383291414386e-05,6.34432544455166e-06,-0.00313964006679779,-0.000121790162697977,-0.000622386647138207,-0.0042793958770444,-0.00109752741075653,-5.9194948599739e-05,0.000199131238464823,-7.75108435160377e-05,-0.00443704562688918,-0.000382654811853733,-3.28211634164077e-05,-7.98999450868365e-05,-0.000376098421356552,-0.00339732996105191,-5.50944346278115e-05,3.13310873174544e-05,-0.00198899936085706,7.42870288288344e-05,-1.22452725630495e-05,-0.00163981777003741,-0.000255100966644939,0.000151638212968486,-0.00153570731697439,-0.00211093110063398,-0.00266738581319004,-0.00292933443086518,0.000181254645135631,-0.0020094076096262,-0.00528326605243556,0.000137492932045014,-5.1047870317511e-05,-0.00112040334990748,-1.64304441963026e-05,-0.00224306238944472,-0.00714500709745192,0.000247652089170103,-0.000318947904163203,-0.00329309920436227,-0.00320741927006107
"4:166834418:C:T",-0.00526362595561114,-0.00696029985091684,1.36828494872177e-05,9.09020117845216e-06,-0.000187922978584609,9.5266567252672e-05,2.44186253564038e-05,-0.000454707103941132,-0.00367076839863945,1.66827732019925e-05,-0.00351718666386791,1.74097365617243e-05,-9.77695026094239e-06,4.09302620596463e-05,2.44186253564038e-05,0.123244358429428,-0.00216381559445278,1.6682773199328e-05,-0.00297951843700073,-1.46692046607555e-05,-2.32147307421826e-05,-2.42282728271093e-05,-9.77695026094239e-06,-0.0032298415487384,-0.000197034964295462,-0.00206502170158362,-9.71553029023298e-05,-3.39914714597711e-06,6.19270986907949e-05,-0.001245825135606,-0.000279004998363419,-6.68589128496322e-05,3.48247568888738e-05,-2.42282728271093e-05,5.12038575575247e-05,-0.00146669247034747,-0.00323294027103138,1.74655340856589e-06,-2.62945915201485e-05,-0.00347026599120515,-0.00178359677347295,0.000120654981806467,2.07891165358021e-05,6.11562205472538e-05,5.17214553177325e-05,6.89843850771865e-05,-0.00389056132295096,-0.00192232044907659,-4.27576135386687e-06,1.74655340856589e-06,-2.62945915201485e-05,-4.82167707644976e-05,0.000326695291278156,-0.000127136260043237,-3.05913818605674e-05,-8.07793101635923e-05,-1.18536509257083e-05,-0.000428118781274023,-0.00146669247034747,1.59467735638685e-05,-3.94384016821903e-05,-0.00216088964607675,-0.000222988324730444,-6.06261406321806e-06,-0.00281443058912689,-0.00185470603793103,-0.00504189525506415,-0.00345667800986593,-5.69261716822922e-05,-6.55663685638075e-05,-0.000489628614690929,-5.94826548860894e-05,-0.00118985732470289,-0.00416374585992951,3.29436296961916e-05,-0.0043605109881959,-1.09384277209301e-05,2.57817811100125e-05,-2.52548099082262e-05,3.29436296953034e-05,-1.37188200355354e-05,-0.00344047542965775,-0.00181162877404617,5.27376277981162e-05,-0.000324280179193615,-0.000371095385508724,0.000117423674343087,2.46544353759148e-05,-0.000578509483333711,3.42054778990075e-05,-0.00106137546269647,-0.00183219599025097,1.44469867153774e-05,3.54364615962055e-05,-2.77619964688114e-05,1.1331268595427e-05,2.44186253564038e-05,-1.56317577175713e-05,-0.00104211340635274,-3.71551840201434e-05,-0.00309888321524543,-5.18192698137909e-05,-0.00401796644355201,-0.00302033888198228,-6.06261406321806e-06,-0.000974519974680454,1.8607882809718e-05,-0.00169777407973459,-0.000709029294386099,-0.0037334882954001,-9.70129824082733e-05,-7.09562088898608e-05,-0.000266483833758713,-0.0104112200314725,-0.00212741864238186,5.53066840689453e-05,-0.00164993261016821,-0.000137281312167836,-0.00408691248249138,3.69687209023084e-06,-0.00156771885967633
"4:166835379:T:C",4.0434221880048e-05,0.000194598878401564,-0.000958285620958677,-3.53168015703176e-05,-0.00294960640324415,-0.000351082475269493,-9.89741747838835e-05,-0.00208662535005377,-0.000736945306834436,-6.65979225162872e-05,-0.00111596951001669,-6.88412875469169e-05,3.00170962503898e-05,-0.000169022638297101,-9.89741747838835e-05,-0.00216381559445278,0.147254903327294,-6.65979225180635e-05,-0.000985047847769316,5.18799362376754e-05,8.43162792971697e-05,8.74030730084741e-05,3.00170962503898e-05,-0.000986066574212074,-0.00108715366809609,-8.12788287394284e-05,-0.000498353769887494,1.04920334713654e-05,7.5256310442029e-05,-0.00223758411842834,-0.000368358152050163,-0.00141269947343758,-0.00172835214770117,8.74030730084741e-05,-0.000211062369632309,-0.00383891497015831,3.38250280638164e-05,-1.27092993214006e-05,9.36802217701427e-05,-0.00402231747159298,-0.00400664380320581,-0.000785197025867213,-9.80318493404297e-05,-0.000252654597900026,-0.00021256775023204,0.000112816053399634,-0.000747946317730452,-0.000449476672964799,1.31881037317427e-05,-1.27092993214006e-05,9.36802217701427e-05,-0.000843199584794618,-0.00313140383100929,-0.00040463153522996,-0.00239671565556332,-0.00216123850762884,4.32486541637189e-05,0.000175913930032578,3.29357259341023e-05,-6.43295265687627e-05,0.000139342205190296,-0.00554204148494364,0.000125209717152686,1.86713710874642e-05,7.5725544760985e-05,-0.000870452882021588,-0.00629683953388049,2.58012551945797e-06,0.000202395622361351,0.000232822865608107,0.000139991237615433,-0.000884765053454473,9.05241956070668e-05,-0.00182446406265147,-0.000619778676019145,-0.000613316796658658,4.0434221880048e-05,-0.000103151079966501,9.05241956070668e-05,-0.000485159025695125,-0.0015308289231184,-0.00121201330429166,-0.00137224385462797,-0.000505255922313985,-0.00323311486803046,-0.0122938895332929,-0.00114667520236722,-0.00148796373574367,0.000364138993520058,-0.000138272598054989,-0.00133909570244839,-0.00384653633538168,-0.000727825710750807,-0.00462277911431208,-0.00408508378913286,-5.01692517218544e-05,-9.89741747838835e-05,5.48214426769889e-05,-0.00137524645140985,-0.000807827585409981,-0.000911831673890084,-0.00354923222152514,-0.00398425180590145,0.000273590828688164,1.86713710874642e-05,-0.0015048617039195,-0.000930245801829876,-0.00477645247970493,0.000330161065900114,-0.000197915892780287,-0.00549312903578247,-0.00287204129980889,-0.00070098961730114,-0.00586921879653612,-0.00148615591141699,-0.000236335225941353,-0.006458427330581,-0.00235366052687613,-0.000170968091512513,-0.00427242853936782,-0.00386040383028075
"4:166836962:C:A",1.5504685250356e-05,-0.00102144886836086,-2.10102682673963e-05,-1.33790257148547e-05,1.09253053892644e-06,-0.000156478381840408,-3.70833018958905e-05,-0.0105561524563562,4.0249399167358e-05,-2.50158717838289e-05,5.89041402889734e-05,0.000736539702386629,1.26872423003022e-05,-6.34215093517909e-05,-3.70833018958905e-05,1.6682773199328e-05,-6.65979225180635e-05,0.153069218070735,-0.0039130798563507,-0.0044261514060997,3.23716817813846e-05,3.36496724617774e-05,1.26872423003022e-05,-0.00020870509822668,-0.00374830842934948,-2.92879909977728e-05,-0.00144962331410614,4.44042057878846e-06,2.86177059987125e-05,-0.00140201696739162,-0.00284545440725292,-0.000501679241062369,-5.30432693999217e-05,-0.00981209528992633,-7.97966009091766e-05,1.391813053786e-05,-0.00313403433870896,-0.0012972559415827,-0.00321883776639087,-0.00607869514747161,-0.00117009472159957,-0.000206302050433038,-3.41577372600099e-05,-9.6047192221782e-05,-8.05089392548197e-05,4.2834793198665e-05,5.37113084977392e-05,-0.00291847193121342,5.58044540177605e-06,-0.0012972559415827,-0.00321883776639087,6.54938419240025e-05,-0.0035531904301811,-0.0014638283744608,4.1612903359578e-05,-0.0102315629117262,1.6682773199328e-05,-0.00463686567389843,-0.000498531767934018,-2.40307567445086e-05,-0.00193101161524378,-0.00153012839285349,-0.0032440669989624,7.89776159049183e-06,-0.0041231112523894,-0.000591766699749918,-0.00169775919688941,1.09253053892644e-06,7.6971547708915e-05,8.81549855398234e-05,-2.82628939523022e-05,8.00126738038642e-05,3.49413505285057e-05,-0.00304839841050253,-5.04786366022358e-05,-0.00601196076138955,1.5504685250356e-05,-3.89262148576819e-05,3.49413505285057e-05,-0.00197928549935344,1.90767308261286e-05,4.44042057878846e-06,4.65900946933218e-05,-8.19098284443598e-05,-0.0017690540822084,-3.41124335241361e-05,7.30183606476587e-05,-0.00170117754424215,0.000137347054046444,-5.21978110432642e-05,0.000166985904198391,-0.00467533211946858,-2.20281329070815e-05,-5.38795134028547e-05,-0.00117610289518755,-1.78882452344098e-05,-3.70833018958905e-05,2.15224172119832e-05,0.000164854622629385,5.09046629622034e-05,-8.12016132645255e-06,-0.00376133870967976,-0.00507450461427084,0.000104433291021166,-0.00147265758011628,-0.00211393215628508,-2.92879909977728e-05,-0.00222852038248877,0.000124889544365736,-0.00593152868367763,-0.00457469525394849,-0.00262440395494856,-0.000992410700885848,-4.36198761946116e-05,-0.00438664617061768,-0.0022673406342637,-0.00140222959469138,0.00017150518730169,-0.00132592823863931,-7.85926144519777e-06,3.88039738163926e-05
"4:166837480:T:C",2.91583046863053e-05,-0.00654823341271449,-4.48307411584636e-05,-2.72907762246533e-05,2.01506736097201e-06,-0.00195897137693812,-0.0012836399120415,-0.00329202534983386,-0.00386073338631832,-5.28651127886803e-05,-0.00455616053292651,-0.00651237762275958,-0.000432243652209507,-0.00131820059009247,-0.0012836399120415,-0.00297951843700073,-0.000985047847769316,-0.0039130798563507,0.308971708304893,-6.01919577736254e-06,-0.00151743899310031,6.01294602926572e-05,-0.000432243652210396,-0.00130864242661755,-0.000467526463129087,-0.00142612791415875,-0.00143076860675251,-0.00274234348013191,5.21001968003532e-05,-0.00441428815464828,-0.00431358117753078,-0.00418048139877403,-0.00011895866317424,-0.00598919050848146,-0.00111092460883899,-0.00186551426083259,-2.76607727585088e-05,-0.00741000184461438,-0.00226090597487172,-0.00222298896867201,-0.00407066013196866,-0.00177249264256751,-0.00728534116634272,-0.00497831601567356,-0.00177324119066391,7.48412921440789e-05,-0.0113882563154277,-0.00806413732047728,1.02115836986272e-05,-0.00741000184461438,-0.00386914048898923,-0.0110148173532822,-0.00108736465425263,-0.00200567784685468,3.30772408076996e-05,-0.003419870945502,-0.000176879959050247,-0.00857572841850196,-0.000575895061647458,-0.00409338598788977,-0.000115679250644263,-0.00493775005130637,-0.00126846290665306,-0.00470696903843226,-0.00403581040007861,-0.000598061244462933,-0.00543891900954252,2.01506736097201e-06,-0.00292356901667823,-0.000631938718687053,-0.0033275949228555,-0.0143778378259372,6.21574284762616e-05,-0.00620362532567276,-0.00139343678695614,-0.00306690573343449,-0.00158967707717217,-8.47424527252727e-05,-4.65518853571822e-05,-0.00721189142240419,-2.44352463942832e-05,-0.00433440828858433,-0.00561639216584719,-0.000688546119710587,-0.000803661977597514,-0.00110477260568143,-0.00188009709694859,-0.00265289024707904,-0.00235735541899462,-0.0021433877886361,-0.0022686310135418,-0.0028006273204948,-0.00168854676510843,-0.000535730678290491,-0.000851452641691175,-0.000280922503326231,5.93583558137212e-05,-0.000507602851583577,-0.0016113266467892,-0.00337680030469123,-0.00127173135833569,-0.00013199883760695,-0.00348728846429003,-0.00112933089646106,1.43918897084205e-05,0.000120280546583196,-0.00114809601613608,-0.00715765856521511,-0.00154761603384745,-0.00227863594754973,-0.000320553153761782,1.9541657797717e-05,-0.00256034826150398,-0.00465515886686729,-0.00476038937317824,-0.00136507113152806,-0.00632971224897227,-0.00130693899434764,-0.00348958251964593,-0.0015902361653497,-0.00363795588388705
"4:166840905:C:G",-1.35221820904974e-05,-0.00587779347212525,1.66307731372939e-05,1.1109647894969e-05,-1.03411766527728e-06,0.000110683853274729,2.95754322268138e-05,-0.00253307565357375,-3.68636514380682e-05,2.0293004285854e-05,-5.80357871919901e-05,-0.0039129098975792,-1.21825660377439e-05,4.91344016788631e-05,2.95754322268138e-05,-1.46692046607555e-05,5.18799362376754e-05,-0.0044261514060997,-6.01919577736254e-06,0.20460724306533,-2.88783458888275e-05,-3.01634273194296e-05,-1.21825660377439e-05,-0.00545270380241281,-0.00124776513000135,2.25261997393034e-05,-0.00345901873301635,-0.00270053853416208,-2.51265429946912e-05,-7.6991970391127e-05,-0.00341000138592218,-0.00091708189642592,4.19729134923941e-05,-3.01634273194296e-05,6.11371460523813e-05,-1.33849127648134e-05,-0.0023721050676464,-0.0024175126191599,-0.00139503233944271,-0.0064343084632279,-0.00692524300151476,0.000137674303116953,2.50539649018222e-05,7.26122361891512e-05,-0.00350034652392406,-3.82140834513933e-05,-4.94710480900551e-05,-0.00316014628974415,-5.31148930882352e-06,-0.0024175126191599,-0.00139503233944271,-6.06739033663928e-05,-4.09125606770644e-05,-0.00339202008021378,-3.82613554759104e-05,-0.00169380375930928,-0.000228957047419875,-0.00555690348850302,-0.00058562356488423,1.93957690086677e-05,-4.94710480900551e-05,-0.00459677484691401,-0.00220101054620514,-7.53871917336113e-06,-0.00445870355639855,3.53898786604745e-05,-0.00440430644825796,-1.03411766527728e-06,-7.18652968023648e-05,-8.30409303915758e-05,2.15887140697646e-05,-7.52022171912614e-05,-3.14663334792797e-05,-0.00231304067547722,-0.0025868683478425,-0.0052796301563367,-1.35221820904974e-05,3.12214990252357e-05,-3.14663334792797e-05,-0.00178617246690838,-1.70102532965899e-05,-0.00187807055322775,-4.66679387667313e-05,6.29309174717818e-05,-0.00387427198948398,-0.00415536116729864,-0.00194862875304214,-0.00788635030663354,-0.000137376377747245,-0.00155240034675241,-0.00125094366516354,-0.00583565351960402,1.75648969786835e-05,4.27030249054994e-05,-0.00414808311323078,1.37505900301704e-05,2.95754322268138e-05,-1.94160957667222e-05,-0.00123097799218996,-0.0033424853524302,6.21467394079644e-06,-0.0077300122207129,-0.00604145847579574,-0.000101564979985369,-7.53871917336113e-06,-0.00116135540833096,2.25261997393034e-05,4.27006751806402e-05,-0.000123326857184303,-0.00550306464256689,-0.00816292448299283,-0.00568350178714727,-0.00233631423628822,-0.0134747360497798,9.36822313182262e-05,-0.00192636951162406,-0.00023777042323303,-0.000178865245959337,-0.0117065939350693,4.34365346180243e-06,-3.68323897630418e-05
"4:166842726:C:T",-2.13733578782183e-05,-0.000353144804030592,2.6260771860187e-05,1.7691803494202e-05,-1.6848761470456e-06,0.000186950203421965,4.73567397545338e-05,-0.00853483381673126,-0.00111890838786,3.23716817822728e-05,-0.00355447195365333,3.38527972099101e-05,-0.00330716327890901,7.95142462148846e-05,4.73567397545338e-05,-2.32147307421826e-05,8.43162792971697e-05,3.23716817813846e-05,-0.00151743899310031,-2.88783458888275e-05,0.13714810867413,-4.73967683420895e-05,-0.00330716327890901,-0.00271985039202782,-0.00864163189759282,3.54642952284934e-05,-0.00130720589462996,-6.86545936190441e-06,-3.94218642831845e-05,-0.00344993730965104,-0.00013443730652174,-0.00095102291263327,-0.00385916579993584,-4.73967683420895e-05,9.98333390933581e-05,-2.1676316607433e-05,-2.84050054721874e-05,2.80097211113883e-06,-5.15372955298687e-05,-0.00167211883803464,-0.00344438874705677,0.000237148435182633,3.89725069451785e-05,0.000119564080951484,0.000100913103382894,-5.96068816625106e-05,-7.71610477503515e-05,-0.00318051532498398,-8.63561512787214e-06,2.80097211113883e-06,-5.15372955298687e-05,-9.40164365772489e-05,-6.38300164697014e-05,-0.0027256849306232,-6.01444820809149e-05,-0.00329507961994935,-2.32147307421826e-05,-0.00134560079974921,-2.1676316607433e-05,3.08722657784699e-05,-0.00232703816681301,-0.00230091822666978,-7.8015530252884e-05,-1.22433301310565e-05,-0.00158664449167212,-0.000215222156535688,-0.0020348808978925,-1.6848761470456e-06,-0.000110711512604666,-9.24633189054447e-05,3.38897982015141e-05,-0.000115783681881254,-4.94538724771232e-05,-0.000141720863926054,6.39784817764166e-05,-0.000364719340052666,-2.13733578782183e-05,5.01475600342971e-05,-4.94538724771232e-05,6.39784817764166e-05,-0.00115240143735118,-6.86545936190441e-06,-7.4430086892896e-05,0.000103033062575975,-0.000176800994027282,-0.00296522769376395,-0.000895788796984043,-0.00183012733275234,-0.000206506914790516,6.65760424416462e-05,-0.000260968082694824,-0.00315859477999414,2.7817163615218e-05,6.91103518626335e-05,-4.07054606839097e-05,2.1471811639806e-05,4.73567397545338e-05,-3.08141857994215e-05,-0.000256961405943557,-7.26028627973108e-05,9.62629451795038e-06,-0.00829790658277307,-0.00418603444933119,-0.00015500035053595,-0.00333722847406026,-0.000245288985680325,-0.00166805001463199,-0.00172076376063757,-0.000186370530682822,-0.00613203295448894,-0.00217162485777056,-0.0107270846942749,4.3038100094428e-05,-0.00323952145199957,-0.002533289328146,-0.000240068158407603,-0.00319489916064608,-0.00213543736999444,-0.00735985408471773,-0.00158711139105083,-5.84179900666726e-05
"4:166842821:C:T",-2.22995075365162e-05,-0.00139461288117637,2.72830538206037e-05,1.84103887521658e-05,-1.76080958969038e-06,-0.000607784299259784,4.91812519705093e-05,-0.00287380794377512,-6.06205554243289e-05,3.36496724635538e-05,-0.00129004973225921,3.51919562984193e-05,-2.06540346470163e-05,8.24300608135431e-05,-0.000354682398363337,-2.42282728271093e-05,8.74030730084741e-05,3.36496724617774e-05,6.01294602926572e-05,-3.01634273194296e-05,-4.73967683420895e-05,0.138992450099602,-2.06540346470163e-05,-2.12911983199504e-05,-0.000423353861765285,3.68056127992844e-05,-0.000201505749540587,-7.17725393784008e-06,-4.11583411628058e-05,-0.0014395424957927,-0.00228012928027344,-0.000137651790859117,7.04026132956059e-05,-4.95298059215443e-05,-0.00193536230031022,-0.00134216387382224,-0.00294203105483071,2.86402747384784e-06,-5.38793422784067e-05,-0.000974975133885003,-0.00162810957284876,-0.00191524643733487,-0.00316032261882437,0.000123689631483792,0.000104505368302199,-6.22965151402255e-05,-0.00108397932319892,-0.00253044316259032,-9.0288231184843e-06,2.86402747384784e-06,-5.38793422784067e-05,-0.000880395699739189,-6.67374695124678e-05,-0.000262757854575746,-6.29277718369181e-05,-0.00148921118277379,-2.42282728271093e-05,-0.000814986693489672,-2.26820940651962e-05,3.20880103990007e-05,-8.07701239891045e-05,-0.0100806378281684,-0.0030674715550596,-1.28037555171545e-05,0.000133600189042404,-0.00755867846618941,-0.01011691328456,-1.76080958969038e-06,-0.000116028729648221,-0.000133444092762502,3.51655778665361e-05,-0.000789013642646275,-5.16904851250999e-05,-0.00725113707653335,-0.00227287463522963,-0.00719548975798823,-0.000929645422079517,-0.00194960910426989,-5.16904851250999e-05,6.63848953488255e-05,-2.81597606308637e-05,-7.17725393784008e-06,-7.81378651666387e-05,0.000106695235852605,-0.00781456525192148,-0.0036214513523003,-0.00297890138451873,4.86611455325914e-05,-0.00021737871028904,-0.00315679049158746,-0.000275531493996617,-0.0021046447624995,2.89050804962443e-05,7.17087378765413e-05,-0.0028348829572602,-0.00400622637524251,4.91812519705093e-05,-3.21930254063574e-05,-0.000271243729220494,-7.59696511885011e-05,9.99361693398981e-06,-0.0033403640752363,-0.0047521889358606,-0.000162848445912189,-0.000819501170946424,-0.000258760914968015,3.68056127983962e-05,-0.00344473513814947,-0.000196020721728196,-0.000214685003751214,-0.00418943075951894,-0.000144731901174922,4.46895682006954e-05,-0.00216825722106062,-0.00224157611722742,-0.00194494127617162,-0.00151392583928445,-0.000280002612804253,-0.00146807009480909,6.06532535396553e-06,-0.00146220168771194
"4:166843946:G:C",-9.00291225214289e-06,-0.00234435834763147,-0.00199322412045255,7.070205234605e-06,-6.62594183964416e-07,5.23326797043921e-05,1.81205191349676e-05,-0.00100809627087894,-0.0025555205256671,1.26872423003022e-05,-0.00241385163636831,1.32023404839643e-05,5.70375813904178e-05,2.86849470949591e-05,1.81205191349676e-05,-9.77695026094239e-06,3.00170962503898e-05,1.26872423003022e-05,-0.000432243652210396,-1.21825660377439e-05,-0.00330716327890901,-2.06540346470163e-05,0.136787546063566,-0.000658063610079473,-0.000268738830326409,1.41367779038504e-05,-0.00130283170997014,-2.72120485877991e-06,-1.70949840514467e-05,-0.00229642024938492,-0.000435770150484238,-0.000138082805576367,2.49151404565495e-05,-2.06540346470163e-05,3.44877065323601e-05,-8.7825440280298e-06,-0.0021185457117685,-0.00457518220572517,-0.00274006415890415,-0.00535544422603884,-0.000550209118520328,-0.000175251284459499,1.57596047953845e-05,-0.00515478705391459,3.47573470236284e-05,-2.65689031602179e-05,-3.49204610810006e-05,-0.00496726533934932,-3.43195686713926e-06,-0.00457518220572517,-0.00274006415890415,-4.35907520373036e-05,-2.85466732217188e-05,-0.000119226016216167,-0.00168675249513939,-0.00475408021359947,-9.77695026094239e-06,-0.000854295205478195,-8.7825440280298e-06,-0.00302338423821613,-0.000104758876875444,-0.000303403410408798,-0.00221611346933681,-0.00198151068568286,-0.00452470961541707,-0.00221377244500154,-0.000734536872209368,-6.62594183964416e-07,-5.24876553908982e-05,-6.15953618927634e-05,-1.44028452089273e-05,-5.51586315751251e-05,-2.15838786603584e-05,-0.00238805513076557,2.37487749306098e-05,-0.00474660199419663,-9.00291225125471e-06,1.90296853226357e-05,-0.0015341564744995,2.37487749306098e-05,-0.00269374354816776,-2.72120485877991e-06,-0.00216608461882029,-0.000769956602503896,-0.00273485157940012,-0.00233688269957932,-0.00174839531797488,-0.00244311528928698,-0.000108650932927112,-0.00368721662191707,1.59155332379868e-05,-0.000903078384321798,-0.00256461746422154,-0.000696924899422413,-4.86199136799925e-05,-1.76518860754982e-05,1.81205191349676e-05,-0.0017665525054662,3.69822060797276e-06,-3.27188960262959e-05,4.05496186051124e-06,-0.0024776488316105,-0.00329529396944617,-7.70393050739671e-05,-0.00198151068568286,-0.000650745616718851,-1.91034937451207e-05,-0.00250024785462255,-9.60357273767087e-05,-0.00277427066987279,-0.00317370725794897,-0.00354275637259782,1.6694325661426e-05,-0.000383382866495197,-0.00018002668013839,-6.87468853053375e-05,-0.000503929093204292,-0.00312848539154498,2.11641719820577e-05,-0.00205770410226869,-0.0019115590735943
"4:166845815:G:A",-8.36125807435195e-06,-0.00215579401210153,-0.00410647481264093,5.34420799613855e-06,-5.57160780623178e-07,-0.0006879157747397,-0.0014047628887397,-0.00116711981089956,-0.00108304659029823,-0.00427232797310495,-0.00147884236355189,-0.000211575520349783,-0.000658063610079473,1.16810758141739e-05,-0.0014047628887397,-0.0032298415487384,-0.000986066574212074,-0.00020870509822668,-0.00130864242661755,-0.00545270380241281,-0.00271985039202782,-2.12911983199504e-05,-0.000658063610079473,0.318263925975849,-0.000696499419009289,-5.9875232869544e-05,-0.00285955521596382,-0.00207897862950546,-1.71035696334698e-05,-0.000613983334954327,-0.000375501567202008,-0.00215021451938124,-0.00112533109897939,-0.000829777879467919,-0.0011270544608637,-0.00381376236239461,-0.00641223111710865,-0.000492931822698495,-8.35896070814357e-05,-0.00249816766999533,-0.00291648024394675,-0.000845794732596161,-0.0068067210108671,-0.00173977262342184,-0.00355817160258631,-2.85620396249797e-05,-0.00269502520053067,-0.00511398966250454,-0.00203415480721159,-0.000492931822698495,-0.000143426682159387,-5.19828442646642e-05,-2.38608980867028e-05,-0.000649724351265313,-0.000622186534757319,-0.00977403996375159,-0.0032298415487384,-0.00894817418778393,-8.31863556971513e-06,-0.00150461537495783,-0.000807625756404029,-0.00596640777441682,-0.011696992331383,8.13226782803156e-07,-0.000513635071134999,-0.0103794910782371,-0.00775272148068185,-5.57160780623178e-07,-0.00479096909248877,-4.77248219663551e-05,-0.00242118823887871,-0.00121836742896608,-2.24174036276281e-05,-0.00212610813861325,-0.00319823681971254,-0.00215653091941714,-0.00543935628857461,-0.00410074239619895,-0.00153734069238354,-0.00467107402009681,-0.0038483658214945,-2.35002319470823e-06,-0.00317216464601433,-0.000699842923007843,-0.00827749356763174,-0.00451565207447313,-0.00307424900368058,-0.00170514186928639,-0.0044026414822067,-0.00863930405711333,0.000131523530339628,-0.0115036378837741,-8.3217002074143e-05,-0.000615928780350217,-0.00296459745346489,-0.00226953229375315,-0.00503044877506653,-0.0017697376453274,-4.85006516086628e-05,-0.00143713948637636,-0.00231672385397275,-0.0103705345966842,-0.00250237565978839,-0.00470363283387876,-0.00171307020296219,-0.000214334312846454,-0.00210053671596722,-0.00309156717049497,-0.00434263703208959,-0.00516685901466341,-0.00541036561816011,-0.0117620604961193,-0.00160847154713917,-0.00254871903745535,-0.00670873073410405,-0.00224524530172676,-0.00214252308378926,-0.0041000182661266,-0.000681925574020248,-0.00194781314606196,-0.000180609875702231
"4:166845976:A:G",-0.00537806004606889,-0.00266342203064074,-0.00282933519327777,-2.53014675299923e-05,-2.67280100096912e-06,-0.00877858296649858,-7.46143690584233e-05,-0.00835671533229698,-0.00273307159733438,-0.0031412345581936,-0.00332019355819213,-0.00634749044164007,-0.000268738830326409,-0.00383346329678425,-0.00168524977944795,-0.000197034964295462,-0.00108715366809609,-0.00374830842934948,-0.000467526463129087,-0.00124776513000135,-0.00864163189759282,-0.000423353861765285,-0.000268738830326409,-0.000696499419009289,0.499751470196601,-0.000201952014183604,-0.00256040474527941,-0.000816222942535916,-3.15100104764099e-05,-0.00758038302628083,-0.010681714788364,-0.0103468256090076,-0.000241679570156528,-0.00838269655880808,-0.0040459978755143,-0.00876214180778678,-0.00412033146293922,-0.00849984752952526,-0.00451566148282989,-0.0107616477386308,-0.00179520806126154,-0.00381822336876381,-6.98242890977419e-05,-0.00482973557892574,-0.00769902880997986,-9.52733155212826e-06,-0.00626325894629121,-0.00272819457863616,-0.00247208426702628,-0.00849984752952526,-0.00451566148282989,-0.00200061724390244,-0.00803627297162812,-0.0023042129931552,-0.00339670432846884,-0.0064607257371696,-0.00168798512420754,-0.00430870533108907,-0.00585842899792999,-0.00253683457295661,-0.000507137688523951,-0.00580633351756488,-0.00883082026162008,-0.000453044609215247,-0.00399774848688761,-0.00433076043474712,-0.00639254984379045,-0.00388199535967271,-0.000619945953946655,-0.000729910539122969,-0.0110272587528994,-0.00698824808651288,-0.001707527172222,-0.00371501301531829,-0.0064454232108373,-0.00938906486039892,-0.0014568945341642,-0.000120318159081201,-2.67823677013723e-07,-0.00690510753161888,-0.00177766507918786,-0.00403648165277737,-0.0167436319080294,-0.000162992931080019,-0.00177863237824116,-0.0117093921162437,-0.00618458717305526,-0.003816883488581,-0.00130075548410513,-0.00962924118087116,-0.00131737984279212,-0.00494167414673363,-0.00177564667275387,-0.00376564758308984,-0.00384455403442097,-0.0110804369216524,-0.00293651812222517,-0.000174568940357389,-0.00166149318518327,-0.00304998219525565,-0.00425486654859153,-0.00511571699823232,-0.0046383388105613,-0.00149664810655192,-0.00211575146447096,-0.00210547138647987,-0.00091191487077058,-0.0042459639235215,-0.00346284949191489,-0.00657538366720356,-0.00540993655406874,-0.00732549338372701,-0.00388372632504019,-0.00360323603206014,-0.00751493690053273,-0.00189779793732514,-0.00312998585758528,-0.00544279017996319,-0.0114078472963408,-0.00875159505982293,-0.00441142688480589
"4:166850483:G:T",1.7322897191363e-05,-0.00136138922443241,-2.45685272606266e-05,-1.54520496344901e-05,-0.00430335865400799,-0.000799842815539797,-0.00110477306261991,-0.00333491440623757,4.36698170531713e-05,-2.92879909968846e-05,-0.000330501191981192,-3.04408193843031e-05,1.41367779038504e-05,-0.00111009129603978,-4.39949545896212e-05,-0.00206502170158362,-8.12788287394284e-05,-2.92879909977728e-05,-0.00142612791415875,2.25261997393034e-05,3.54642952284934e-05,3.68056127992844e-05,1.41367779038504e-05,-5.9875232869544e-05,-0.000201952014183604,0.166269395999131,-0.0017645632013128,4.98716398400489e-06,3.15018647425447e-05,1.52412142577774e-05,-0.00204025357029902,-0.00220907514638213,-6.38706823670177e-05,3.68056127992844e-05,-0.0022719125796673,-0.00172199314574684,-5.1439485920568e-05,-0.000186621789085351,-0.00444187665830409,-0.00275147600275538,-0.00702410054574099,-0.00220719133144343,-0.00320110003770502,-0.000575084700630057,-0.000777434736990656,4.63493407147908e-05,-0.00193086628543604,-0.000397204717621946,6.26076537191267e-06,-0.000186621789085351,-0.00444187665830409,-0.00169740263809803,-0.00139302823143606,-0.00215395857635858,4.50747650999617e-05,4.21582818210808e-05,1.8607882809718e-05,8.72376117464491e-05,-0.00186103069501797,-2.81244860396157e-05,-0.00193086628543604,-0.00437626567860816,-0.00271208166298553,-0.00246843137019326,-0.00654372995622943,-0.000283862147786529,-0.00388879742006809,1.23093845072475e-06,-0.0013894148557414,-0.00315557131452238,-0.000135544292096057,-0.00350301941904085,3.81573259087276e-05,-0.00465050794796751,-6.07089345310285e-05,-0.000481564755813402,1.7322897191363e-05,-4.62206854630054e-05,-0.00197480031363284,-0.00230143564031504,2.12094308551514e-05,-0.00187282291487989,-0.00167443794776556,-0.000458303208135113,-0.00404852154037627,-0.000837060637632447,-9.36796073007784e-05,-4.70572453785678e-05,-0.00274124417933042,-0.00341439596904891,0.000150520690334055,-0.00358707649521461,-2.5764894632907e-05,-6.49039442004451e-05,-7.10818254239243e-05,-2.09114098250751e-05,-0.00244877383490572,-0.00223020430934628,0.000149155932839484,-0.00407304567526268,-0.000106779442853089,-0.00075248782806181,-0.000797076404601249,-0.00394521554388838,8.84096962217029e-06,0.000145055698348884,-3.46474925851936e-05,-0.00260064288797324,-0.00304056629090343,-0.00310837786887586,-0.0027656285402573,-0.00145673064074714,-0.000210770541906768,-0.0010146164492415,-0.00504576466752393,-0.00259794305902794,-0.00129651463775637,-0.00433411625078062,-0.00116955442413946,-0.00268878120963212,-0.00101058789699771
"4:166851631:G:A",-8.80468369937049e-05,-0.000446724978237611,-0.00192653007747712,6.87015078266739e-05,-8.14754335198842e-06,-0.00178001233595371,-0.00146220128085783,0.000318857256219385,-0.0008261618668568,0.000121941349247479,-2.65101832006565e-05,0.000128925752030717,-0.00130283170997014,-0.00129604912698689,-8.48036369314187e-05,-9.71553029023298e-05,-0.000498353769887494,-0.00144962331410614,-0.00143076860675251,-0.00345901873301635,-0.00130720589462996,-0.000201505749540587,-0.00130283170997014,-0.00285955521596382,-0.00256040474527941,-0.0017645632013128,0.281814735046957,-2.4370529509099e-05,-0.000161240886242808,-0.000481125612925126,-0.01034081125366,-0.00215420966123148,-0.000881823584224506,-0.000201505749540587,-0.000792972734234176,-0.00523656845194154,-0.000111103296916326,-3.46644700766063e-06,-0.00154568468326666,-0.0021735240083145,-0.00505497987960979,-0.00331350971878752,9.16981582053111e-05,0.000433754564422628,-0.000301700824421047,7.0850887579077e-05,-0.00300316508275689,-0.0047139211582361,-0.00245665875437595,-3.46644700766063e-06,-0.0002226897807871,-0.00143197910429738,-0.0047583783399423,-0.00297934093523011,-0.000859233406234061,-0.00267837772153356,-9.71553029023298e-05,-0.00320177387312581,-0.00101183026575224,-0.000121531691521071,-2.06116830261394e-05,-0.00406287325941346,-0.000521862565065589,-0.00510196701454912,-0.00995031645824751,-0.00134905471177937,-0.00705281724686069,-8.14754335198842e-06,-0.000478637549411687,-6.06440650319229e-06,1.64741921846456e-05,-0.000506009346295855,-0.00148916109708797,-0.00219939981939499,-0.00398469365815934,-0.00254172149732979,-0.00124995696905739,-0.0036915095129979,-0.000212006507975815,-6.80042223883959e-05,-0.00293294721132575,-3.3413021596651e-05,-0.0071201393417395,-0.00583400602991269,-0.00162695345475239,-0.00629345314546415,-0.00697431956530092,-0.00983502245567625,-0.00153900506584126,0.000247747095747819,-0.0101881059759164,-0.00738505883771579,-0.0039671187361332,-0.00340558094885868,-0.00444964931349467,-0.00331608817519768,0.000175582675826291,-0.000135161277983187,-0.0104298768970787,-0.000597587316956805,-0.00262975632165396,-0.00105740973868951,-0.0027290840127514,-0.00456339983121978,-5.99844159179241e-05,-0.0114440671099594,-0.00875787830855312,-0.00703460739840134,-0.00125153533435007,-0.000944442486381369,-0.00428186025267729,-0.00472280500496325,-0.0016873901229113,-0.00275861395686583,0.000243217786938921,0.000101491968159451,-0.00063154977237101,-0.000684905615054632,-0.00441254921533307,-0.000329307653655242,-0.00679742484408052
"4:166852680:C:T",-3.13468242207904e-06,-1.92565316670112e-05,3.70528725746055e-06,2.47033254652251e-06,-2.26514956125357e-07,1.82755086584052e-05,6.34432544455166e-06,-0.000502803688114284,-8.82106938338012e-06,4.44042057967664e-06,-1.40616905506263e-05,4.61638645976592e-06,-2.72120485877991e-06,1.00378143175206e-05,6.34432544455166e-06,-3.39914714597711e-06,1.04920334713654e-05,4.44042057878846e-06,-0.00274234348013191,-0.00270053853416208,-6.86545936190441e-06,-7.17725393784008e-06,-2.72120485877991e-06,-0.00207897862950546,-0.000816222942535916,4.98716398400489e-06,-2.4370529509099e-05,0.0644099626991892,-5.96171788025401e-06,-1.92565316670112e-05,-1.10185091992676e-05,-0.000391218302163487,8.70903365690623e-06,-7.17725393784008e-06,1.2055758094931e-05,-2.99587763663567e-06,-0.00223811966122867,5.49486128598176e-07,-7.8174122313257e-06,-3.69969948561533e-05,-0.000935460986265291,1.97946632303214e-05,-0.00207631557400845,1.38137212335465e-05,-0.00124429524299963,-9.26472087670049e-06,-1.21142025708565e-05,-3.43265567632756e-05,-1.17236798580223e-06,5.49486128598176e-07,-7.8174122313257e-06,-1.5147512002045e-05,-9.94031986323307e-06,-0.000448488782553547,-9.16776106674178e-06,-0.0023913995345044,-3.39914714597711e-06,-0.000855819614359987,-2.99587763663567e-06,4.26139990938879e-06,-0.00287926347956713,-0.000443042989638265,-0.00231937957985373,-0.0021170071238954,-0.00546716593252583,-0.0023661353232276,-0.000741115118353619,-2.26514956125357e-07,-1.82618856898742e-05,-0.000707897968944771,-0.00199766489835707,-1.91725015392663e-05,-7.49452848403109e-06,-6.62682943719517e-06,8.31103193377203e-06,-0.00100695993793209,-3.13468242207904e-06,6.65467978144818e-06,-7.49452848403109e-06,8.31103193554839e-06,-3.94192323138753e-06,4.37161797606223e-06,-1.10004691542542e-05,1.23268023664025e-05,-0.00280077740696605,-4.28919938002537e-05,-0.00248722979652438,-0.000568350783185068,-3.77745524211548e-05,8.57867336545581e-06,-4.97615459513767e-05,-2.663050413787e-05,3.89390755106689e-06,8.83715734456558e-06,-1.59624368007982e-05,3.11899136651306e-06,-0.00316627814854176,-4.50388659878342e-06,-4.88507812352879e-05,-1.1363899724337e-05,1.44049686667813e-06,-0.00257271540006254,-0.000444417048870882,-2.67113325138624e-05,-1.67048934329728e-06,-4.62232296056797e-05,4.98716398489307e-06,-0.000347989044329644,-3.33756267254515e-05,-0.0024990916696872,-0.000152233507922261,-0.00362468289868367,-0.00183463781247539,-0.00017736948738456,-0.00170640369473762,1.2857895292484e-05,-0.00121655171753687,-5.11966286529386e-05,-0.000792040240408021,1.15568375580466e-06,-8.69318257823437e-06
"4:166854683:C:T",-0.00120277115958967,-0.00120277115958878,2.32475340045113e-05,1.5583353294879e-05,-1.46471590767305e-06,0.000170434949139597,4.19959320572261e-05,-0.000479004122580839,-5.01576745213228e-05,2.86177059996007e-05,0.000521547934474675,2.99215382408846e-05,-1.70949840514467e-05,7.0949321658631e-05,4.19959320572261e-05,6.19270986907949e-05,7.5256310442029e-05,2.86177059987125e-05,5.21001968003532e-05,-2.51265429946912e-05,-3.94218642831845e-05,-4.11583411628058e-05,-1.70949840514467e-05,-1.71035696334698e-05,-3.15100104764099e-05,3.15018647425447e-05,-0.000161240886242808,-5.96171788025401e-06,-0.000703980668180115,0.00055729166146623,-1.32157439285407e-05,-0.000111936447751759,6.03616421086528e-05,-4.11583411628058e-05,8.93941904092088e-05,-1.87635659214536e-05,-2.43640511126131e-05,2.5914021897222e-06,-4.46935481557276e-05,-4.26469421022091e-05,3.13180795599166e-05,0.000218656494969771,3.47747342699378e-05,0.000107458979024422,9.03700090546522e-05,0.00411628874259584,-6.66157273991885e-05,-0.000275580853791091,-7.49601251381904e-06,2.5914021897222e-06,-4.46935481557276e-05,-8.09891237105731e-05,0.00100760440296455,-0.000208067384871669,-5.20236479255587e-05,-0.000135651242187507,-2.02496708441302e-05,-0.000414668145372943,0.000183153871851971,2.72986605045489e-05,-6.66157273991885e-05,-5.66624363163015e-05,-6.69675825184513e-05,-1.06194351445765e-05,0.00011713212220954,-0.000175433190587881,-0.000344057193130354,-0.00179985167444485,-9.5148763030295e-05,-0.000109099423322156,-0.000218569114140088,-9.93866848650882e-05,0.000450018520268713,-4.7453970989153e-05,5.69098626526099e-05,0.000117649194852909,-1.86616060666722e-05,4.44670642600897e-05,-4.29154458370107e-05,5.69098626526099e-05,-2.3481808076653e-05,-5.96171788025401e-06,-0.000179524503375106,9.22874938780183e-05,0.00038900352796567,-4.8937079100142e-06,0.000210308839744933,4.17829294239169e-05,-0.000174699024597658,5.92245122739143e-05,0.000512416056624332,-0.000115777171894926,2.46138519592876e-05,6.1485620089563e-05,-4.86934232544201e-05,1.90494550658116e-05,4.19959320572261e-05,-2.6790843560498e-05,0.000532789667770039,-6.27588675286006e-05,8.53578565429558e-06,-8.73969307493283e-05,-0.000117990998428574,0.000474274411857323,-1.06194351445765e-05,0.000603645257560181,3.15018647434329e-05,-0.000313330110079058,-0.000158143151965717,-4.42333887180624e-05,-0.00017429959732862,-0.000117953966471518,3.81783641927314e-05,-0.000782065165377155,-0.000407282964397737,9.628680919338e-05,-8.04578083588581e-05,-0.000222339022804441,3.06111779773133e-05,5.48892837670678e-06,6.93934896807136e-05
"4:166855253:T:C",-0.00104908310721896,-0.00437515370384123,-0.00205697681561734,-0.000178205309212309,-0.00409748630966345,-0.00322934396391883,-0.00279726042761119,-0.0121524199863949,-0.00335993509867816,7.77056011935784e-05,-0.00535589509834189,8.16194120014657e-05,-0.00229642024938492,-0.00690246662971994,-0.00143379840120339,-0.001245825135606,-0.00223758411842834,-0.00140201696739162,-0.00441428815464828,-7.6991970391127e-05,-0.00344993730965104,-0.0014395424957927,-0.00229642024938492,-0.000613983334954327,-0.00758038302628083,1.52412142577774e-05,-0.000481125612925126,-1.92565316670112e-05,0.00055729166146623,0.38484943069986,-0.0167241635168756,-0.000226303819528262,-0.000904048988496164,-0.0014395424957927,-0.000257851223590677,-0.00173270900846845,-0.000573871080562505,2.56631520123562e-06,-0.00156297931453242,-0.00110245485452865,-0.00873705052965423,-2.35080491544082e-05,-0.00247805190871908,0.000267363671429877,0.000229304506321526,0.000674668169583725,-0.0030911865522949,-0.0131388767297027,-0.00191975417998691,2.56631520123562e-06,-0.00156297931453242,-0.00269304140189242,-0.000793328218338551,-0.0040936261314295,-0.00218311863140475,-0.00177270394510121,-0.00151315350413572,-0.0165600508110324,-0.00243784664378044,7.37260557555075e-05,-0.00168615547512019,-0.00625784958511577,-0.000180724458621384,-0.0023106985119119,-0.00685422443290884,-0.00348483741374928,-0.0110170896873014,-0.00368066156959923,-0.00479936818280091,-0.000758185475388196,-0.00051974186075654,-0.00133247601002484,-0.00285460739856802,-0.0110921652902181,-0.00973041357680948,-0.0037271767536855,-0.00131627760178521,-0.000709374448212508,-0.00013224637913023,-0.000517940465807776,-0.00164685704157463,-0.00238428258219958,-0.0134135247308347,-0.00144351034514933,-0.000133485770778208,-0.00792952786796519,-0.00794743883878324,-0.00597481525969812,-0.00208764633747371,0.000155840482714886,-0.00157480626069351,-0.0141405407561499,-0.00375702321219951,-0.000595197038915529,-0.000914020001387961,4.83759681992879e-05,-0.00279726042761119,-8.26819519827993e-05,-0.00121081705601167,-0.00316761304212676,-0.00437910798274999,-0.00109354425225128,-0.00563107145237929,-0.00103609515523218,-3.45798244421047e-05,-0.00105534713089295,-0.000193278424970522,-0.00576982408128845,-0.00291621602254022,-0.0122561030855701,-0.0045805147864062,-0.000109704788173737,-0.000105978175323429,-0.00717286725877431,-0.00556715214120729,-0.000893307551154798,-0.0136944306367957,-0.00174691902289492,-0.00593341115252599,-7.848718394321e-06,-0.00663113446870511
"4:166861524:T:A",-0.00140582309473114,-0.0127149917328273,-0.00101914193030339,6.31749788242431e-05,-6.57706091722332e-06,-0.00017988107457656,-0.0132361536437298,-0.00330879523861505,-0.000698727101960728,-0.003239981404902,-0.00295986078423827,-0.000952019459828257,-0.000435770150484238,-0.000143728881549787,-0.00312501990007963,-0.000279004998363419,-0.000368358152050163,-0.00284545440725292,-0.00431358117753078,-0.00341000138592218,-0.00013443730652174,-0.00228012928027344,-0.000435770150484238,-0.000375501567202008,-0.010681714788364,-0.00204025357029902,-0.01034081125366,-1.10185091992676e-05,-1.32157439285407e-05,-0.0167241635168756,0.422803781241376,-0.000856656260129096,-3.35310568502223e-05,-0.00158420483300592,-0.000572124672626018,-0.0030990902588548,-0.00401338366350412,-0.00266612151689705,-0.00110765960242087,-0.00107962459336663,-0.00380129281930897,-0.00042995707621607,-0.00748780342572131,-0.00382315490155172,-0.00195081440483413,-0.000117084633345144,-6.04740932899084e-05,-0.00522835249788356,-0.00282602344074157,-0.00266612151689705,-0.00110765960242087,-0.00012259170024187,-0.00379902420665612,-0.00139962153780449,-0.00293484189001303,-0.00853134588389581,-0.00429344509466301,-0.00556865228533177,-0.0043518294634417,-0.00553454229537476,3.4294872164331e-05,-0.00196282610806531,-0.00769371588109991,-0.00240361519054932,-0.0034649536473963,-0.00449358612131379,-0.00311581255023619,3.69769965935518e-06,-0.00195468979454194,-0.00322634840697411,-0.00098469188381678,-0.000307364809263078,-0.0060857928181326,-0.00487230370699798,-0.00328717708117754,-0.00693196548716202,-0.00140826756522827,-2.32007084806085e-05,-0.00013337051472373,-0.0124759170740063,-0.0025254769595584,-0.000841786269058176,-0.00532198502833614,-0.00220010009480553,-0.00020458499974696,-0.00231999537339966,-0.00500378100005472,-0.000915103584613775,-0.00365472062144789,-0.0048249787629624,-0.00735828990551157,-0.0116321393726442,-0.00261618353026005,-0.00219971277544584,-0.00423264607320295,-0.000349458102351097,-0.000913698126347562,7.99376991889034e-06,-0.0115141738711326,-0.000381925309819842,-0.00382996779650924,1.05070923885897e-05,-0.00417006116674701,-0.00864145212289635,-0.00209093676132621,-0.0156031302644126,-0.00541278705054138,-0.0120055217464907,-0.00525948017739619,-0.00903401801584414,-0.00624768809418308,5.8872919802333e-05,-0.0022128292317074,-0.00462932895910795,-0.00759839476710855,-0.00164307215412762,-0.00685901174367665,5.34612573193094e-05,-0.0054334747192315,-0.00754042735749572,-0.00226094609882699
"4:166862885:A:G",-6.09792478671878e-05,-0.0018785084036681,6.84280168821161e-05,4.87700451756723e-05,-5.32323991553341e-06,-0.00285529383541583,-0.00238167833200187,-0.0111900280575599,-0.000172021057846194,8.76303502463927e-05,-0.000374453807431507,-0.00157731432279373,-0.000138082805576367,-0.00811295400897372,0.000126998478514828,-6.68589128496322e-05,-0.00141269947343758,-0.000501679241062369,-0.00418048139877403,-0.00091708189642592,-0.00095102291263327,-0.000137651790859117,-0.000138082805576367,-0.00215021451938124,-0.0103468256090076,-0.00220907514638213,-0.00215420966123148,-0.000391218302163487,-0.000111936447751759,-0.000226303819528262,-0.000856656260129096,0.209688146651279,-0.00139050877418523,-0.00105465653925751,0.000265441984122816,-0.0029442639295949,-0.00011230712529553,-0.00259521373414628,-0.000151089770870527,4.88294936253908e-05,-0.0106429506966856,0.000280316534707836,-0.00795613091483727,-0.00113125852634166,-0.00048534493201835,-0.000170285998203568,-0.00118190778588012,-0.00114822989644159,-2.73973048496856e-05,-0.00259521373414628,-0.000151089770870527,-0.00100841735795409,-0.000183993309639696,-0.00209135008330996,-0.000179213981529536,-0.00188932617300708,-6.68589128496322e-05,-0.00166810961408403,-0.00118395937365712,8.29332821190576e-05,-0.000377741614772553,-0.000552562246987076,-0.000168908438276105,-0.00148607569726078,-0.00322540766684831,-0.00189411486384916,-0.00303225698409237,-5.32323991553341e-06,-0.000324204996559274,-0.000893733122859786,-0.0010070886288025,-0.000957864319243384,-0.000591973080497077,-0.0039566759117764,-0.001963699319532,-0.00341702931173504,-6.09792478671878e-05,-0.0016075507712241,-0.000144320661374486,-0.000664744413370499,-0.00125699464028273,-0.00186412484624032,-0.00189457020961914,-0.00107521718910242,-0.000659245665154629,-0.00165420075780798,-0.00257212799384288,-0.00245900495404783,-0.000620238798600958,-0.00158814986455535,-0.00235932305477693,3.38634328040932e-05,7.33335967106896e-05,-0.0010809080932388,-0.000489027270504039,-8.3456466644094e-05,-0.00160725762886305,-0.00131469736903078,-0.00231301958026098,-0.0018456818091197,-0.00176216758298864,-0.000396589235254652,-0.00448501683651337,-0.000466103160038145,-0.00597030161217393,-0.00215567628116986,-0.00166821591805544,-0.00123410005925617,-0.000558258812103141,-0.00826464855498532,-0.000767296920238358,-0.000847173401884227,-0.000227958835868236,-0.00824876153039256,-0.00311315181663296,-0.00946362750816121,-0.000735933786819576,-0.00186103189547282,-0.00232824981350888,-0.00345103116666934,-0.00222218285356579
"4:166863780:C:T",3.24939056257634e-05,0.000159013690021581,-0.000881137465298387,-2.82244393945419e-05,2.14169470780234e-06,-0.000202871761040946,-7.87119216285603e-05,-0.000355747824625219,8.35961618506076e-05,-5.30432693990335e-05,-0.00107750859461664,-5.49170180601521e-05,2.49151404565495e-05,-0.000134285809962442,-7.87119216285603e-05,3.48247568888738e-05,-0.00172835214770117,-5.30432693999217e-05,-0.00011895866317424,4.19729134923941e-05,-0.00385916579993584,7.04026132956059e-05,2.49151404565495e-05,-0.00112533109897939,-0.000241679570156528,-6.38706823670177e-05,-0.000881823584224506,8.70903365690623e-06,6.03616421086528e-05,-0.000904048988496164,-3.35310568502223e-05,-0.00139050877418523,0.0964585436427923,7.04026132956059e-05,-0.000167950650797444,2.7337550091211e-05,2.93178585408782e-05,-9.40726982978646e-06,7.55915199412982e-05,-0.00190485841017729,-0.000810644641052072,-0.000609408391909483,-7.62110204108879e-05,-0.000201237381579844,-0.000169241075735016,9.05187855151368e-05,0.000112413159819802,-0.00501904144530396,1.09468830293835e-05,-9.40726982978646e-06,7.55915199412982e-05,0.000137901116780803,9.58128819688042e-05,-0.000874113846712987,-0.00233385928837215,-0.000223747752314374,3.48247568888738e-05,-8.39296527077593e-05,2.7337550091211e-05,-5.11486468717237e-05,0.000112413159819802,-0.00788121375438333,0.000102697778326721,1.54981522006992e-05,-0.00414308898198978,-0.000773283628115351,-0.00821946310733246,2.14169470780234e-06,0.00016280891759024,0.000187155373984282,-0.000156394127139414,0.000169025168522019,7.2982642002728e-05,-0.00173787380229751,-0.000527319193081688,0.000162532663646076,3.24939056257634e-05,-8.22155134025948e-05,7.2982642002728e-05,-0.000392699542759445,-0.0014747545670124,8.70903365690623e-06,-0.00138408733754414,-0.000607892322563863,0.000246589809185238,-0.00249833200877347,-0.0053947103753611,-0.0013767199654362,0.000293279841572236,-0.000110139902356643,-0.0013579569830009,-0.00305498030424634,-0.000650251897666543,-0.00492020997547193,6.39064603404904e-05,-3.93223684698185e-05,-7.87119216285603e-05,4.44089487228183e-05,-0.00139309719423686,-0.0038716122699185,-1.80045872806289e-05,0.000142731005402297,-0.00142451057975723,0.000220705752977501,1.54981522006992e-05,-0.00151975014625005,-0.000750883758842136,0.000573986433963114,0.000265934573490334,-0.00383457818727351,-0.0020553252495823,0.000200126674569034,-7.33059353077437e-05,-0.000506925923851931,-0.00132618263801643,-0.000187069937652495,-0.00259383930107049,-0.00300126507378806,-0.000953392781251949,-0.00477620144814761,7.8751681223288e-05
"4:166869373:G:A",-2.22995075365162e-05,-0.00139461288117637,2.72830538206037e-05,1.84103887521658e-05,-1.76080958969038e-06,-0.00305257065857578,-0.00226409955137896,-0.00185200136782804,-0.00121894455283655,3.36496724635538e-05,-9.60263303539932e-05,-0.00570514352734808,-2.06540346470163e-05,8.24300608135431e-05,4.91812519705093e-05,-2.42282728271093e-05,8.74030730084741e-05,-0.00981209528992633,-0.00598919050848146,-3.01634273194296e-05,-4.73967683420895e-05,-4.95298059215443e-05,-2.06540346470163e-05,-0.000829777879467919,-0.00838269655880808,3.68056127992844e-05,-0.000201505749540587,-7.17725393784008e-06,-4.11583411628058e-05,-0.0014395424957927,-0.00158420483300592,-0.00105465653925751,7.04026132956059e-05,0.150237394238751,0.000103389703513201,-2.26820940651962e-05,-0.00149038162936499,-0.00162510277169936,-0.00112879161747426,-0.00196899570027842,-0.00603860965477665,0.000243452904354235,-0.00271918710147379,0.000123689631483792,-0.00182773702197814,-6.22965151402255e-05,-8.07701239891045e-05,-0.00529014988596632,-0.00309376553528917,-0.00162510277169936,-0.00112879161747426,-9.84706185924722e-05,-6.67374695124678e-05,-0.00344934118905904,-0.00335905799977798,-0.000651639646870983,-2.42282728271093e-05,-0.0076005540919768,-0.00134216387382224,3.20880103990007e-05,-8.07701239891045e-05,-0.00225858351346364,-0.00146242188930135,-1.28037555171545e-05,-4.65369266757776e-05,-0.0022413888587387,-0.00232378159090985,-1.76080958969038e-06,-0.000116028729648221,-0.000195868253870302,-0.00264387452313386,-0.000121389051489729,-5.16904851250999e-05,-0.00345080004126963,6.63848953488255e-05,-3.9249564496302e-06,-2.22995075365162e-05,5.20824187510982e-05,-5.16904851250999e-05,6.63848953488255e-05,-2.81597606308637e-05,-7.17725393784008e-06,-0.00305906958325952,-0.00150422873045475,-0.00116635429477885,-0.0021995711062166,-0.00147938690690808,-0.00161917360962605,-0.00021737871028904,6.90801377034589e-05,-0.000275531493996617,-0.00243655047919233,2.89050804962443e-05,7.17087378765413e-05,-0.00118368884207598,-0.00176079162928655,4.91812519705093e-05,-3.21930254063574e-05,-0.000271243729220494,-7.59696511885011e-05,9.99361693398981e-06,-0.00127606558549775,-0.00286861343201927,-0.000162848445912189,-1.28037555171545e-05,-0.000258760914968015,3.68056127983962e-05,-0.0056782304965024,-0.000196020721728196,-0.000734760056698036,-0.00394340479567656,-0.000144731901174922,4.46895682006954e-05,4.41461522848741e-05,-8.3318245613917e-05,-0.00231437137806711,-0.00161162507623391,-0.000582036409230824,-0.0028226362395829,6.06532535396553e-06,-0.00676204996294949
"4:166872696:G:A",4.79646493136698e-05,-0.000260123090702002,-6.92494083853745e-05,-4.21596593813689e-05,2.96477193284517e-06,-0.000495011265273959,-0.00682938962238744,-0.00118660311843577,0.000121775584610795,-7.97966009091766e-05,-0.000328735945051228,-8.23606939484023e-05,3.44877065323601e-05,-0.000203298928020068,-0.000118815066276312,5.12038575575247e-05,-0.000211062369632309,-7.97966009091766e-05,-0.00111092460883899,6.11371460523813e-05,9.98333390933581e-05,-0.00193536230031022,3.44877065323601e-05,-0.0011270544608637,-0.0040459978755143,-0.0022719125796673,-0.000792972734234176,1.2055758094931e-05,8.93941904092088e-05,-0.000257851223590677,-0.000572124672626018,0.000265441984122816,-0.000167950650797444,0.000103389703513201,0.122434678305965,3.78405050414088e-05,-0.00342497809559106,-1.62424322169841e-05,0.000110621233081254,-0.00253746122948062,-2.49168662547206e-05,-0.00103734106511766,-0.00357627160822016,-0.00030345185186853,-0.000255280616766385,0.000133897532140104,0.000164479087824354,-0.00364490345257984,1.51534617858218e-05,-1.62424322169841e-05,0.000110621233081254,0.000202390696331101,0.000141293607761384,0.000139744722796209,0.000125578371213741,-0.000243672962470853,5.12038575575247e-05,-0.00103853250563724,-0.00132220839438268,-7.72039117062917e-05,0.000164479087824354,-0.0013882148775668,-0.00323781374962184,-0.00287530032865302,-9.30649727060029e-07,-0.000704753013780035,-0.0014912842647119,2.96477193284517e-06,0.00023934763029132,-0.00177955496384286,-9.60188438865472e-05,0.000248052279228084,0.000106985449636277,-0.00398054648620949,-0.000161492210865255,-0.000260531534539865,4.79646493136698e-05,-0.000123569765896114,-0.00418041588823836,-0.001378196114449,5.77895125122296e-05,1.2055758094931e-05,2.7390366579283e-06,-0.000258572001382795,-0.00131848003531232,-0.00107444094629772,-0.00225697368868882,-0.00013327961214582,0.000429103480852788,-0.000165822178617603,-0.000467461609455988,-0.0016656746610435,-0.000880039679084454,-0.000170055325768637,7.84527177053462e-05,-0.00100460794166946,-0.00066495519055465,-0.003428476245527,-0.000518367733577385,0.000156578867208879,-2.80836455557321e-05,0.000206800258567341,-0.011504768341279,-0.00149545105374571,2.14533325237909e-05,-0.000705976920192697,-9.86715779927039e-05,-0.0074062805259425,0.00038924270541596,0.000128935681352971,-0.00787936737813322,-0.0022690296747232,-0.000111478187556635,-0.00161999879380481,-0.00181030556052519,-0.0002855689386001,-0.00318152703373498,-0.00176257588712669,-0.00574866728743029,-0.00563597449258069,0.00011223150884021
"4:166872783:C:T",-9.88400901658082e-06,-0.000354429855741856,1.15463300840446e-05,7.75810806885602e-06,-0.00367787523669971,-0.00111308676269939,-0.00161596631075867,-0.0135581597262298,-0.00154288120148216,1.39181305396363e-05,-0.000463593463335243,1.4485234856032e-05,-8.7825440280298e-06,-0.00157728257709167,-0.00288771826122058,-0.00146669247034747,-0.00383891497015831,1.391813053786e-05,-0.00186551426083259,-1.33849127648134e-05,-2.1676316607433e-05,-0.00134216387382224,-8.7825440280298e-06,-0.00381376236239461,-0.00876214180778678,-0.00172199314574684,-0.00523656845194154,-2.99587763663567e-06,-1.87635659214536e-05,-0.00173270900846845,-0.0030990902588548,-0.0029442639295949,2.7337550091211e-05,-2.26820940651962e-05,3.78405050414088e-05,0.199608469789339,-0.00224731949881285,-0.000735372719441685,-0.00320880399962764,-0.00028367867207546,-0.0109942601324766,-0.00308550611530034,-0.00206367266994611,-0.000987071892570413,-0.0012154549929333,-2.91626444015591e-05,-0.00139775966355948,-0.00152762960631492,-3.77848115551416e-06,-0.000735372719441685,-0.00320880399962764,-0.00118559365795079,-0.000845576503117229,-0.000425466354128545,-2.91133180567726e-05,-0.00116952791503522,-1.07361768604264e-05,-0.00220546997239923,-0.00246171698651843,1.33409326767975e-05,-0.00139775966355948,-0.00226196225173325,-0.000311843244577226,-0.00185427099537705,-0.00402771513688638,-1.02159401889068e-05,-0.00314432716695023,-7.294133057556e-07,-0.00089845338365091,-6.76211403156657e-05,-1.88230741740014e-05,-0.00234829052638563,-2.37060012704404e-05,-0.00465133994636568,2.60532062279495e-05,-0.000313617062101201,-9.88400901658082e-06,2.08785108224419e-05,-0.00140843816653025,-0.00155446125761394,-1.24862627393085e-05,-0.00245522656449904,-3.26545242606002e-05,-0.000893663750354712,-0.00295890340073246,-0.000607200365563276,-0.000292238391468302,2.01437511728741e-05,-0.00169212943852237,-0.0047826157362616,-0.00129933845995112,-0.001179623745724,1.21552845788742e-05,2.77506376713532e-05,-5.4222757953859e-05,-0.00213141439007636,-0.00161596631075867,-0.00164005156317781,-0.00127930428071021,-0.00286600608058851,-2.44426070752368e-05,-0.000119186796661452,-0.00257569565239102,-0.00283388885850044,-5.38633381719222e-06,-0.00120954467057111,-0.00214416620982583,-0.0018073775910521,-0.00196802428608311,-0.00532463425325158,-0.00686061523623094,-0.0009975618859146,-8.36206154799513e-05,6.48111579151234e-05,-0.00564141687643449,-0.0036674197068276,-0.0018382776417174,-0.00355646301950596,-0.00297464973076433,-0.00204569500269258,-0.00136722739045414
"4:166875665:A:G",-0.00544213916172076,-0.0027169767121844,-0.00172818501830374,9.23669410557437e-06,-9.0436055355525e-07,-0.00142789412835409,-0.0030303956084321,-0.00951965353708095,-9.27807534534253e-05,-0.00306790268178059,-0.000716991804345035,-0.00262091521768859,-0.0021185457117685,-5.31684410054467e-05,-0.000697737210663796,-0.00323294027103138,3.38250280638164e-05,-0.00313403433870896,-2.76607727585088e-05,-0.0023721050676464,-2.84050054721874e-05,-0.00294203105483071,-0.0021185457117685,-0.00641223111710865,-0.00412033146293922,-5.1439485920568e-05,-0.000111103296916326,-0.00223811966122867,-2.43640511126131e-05,-0.000573871080562505,-0.00401338366350412,-0.00011230712529553,2.93178585408782e-05,-0.00149038162936499,-0.00342497809559106,-0.00224731949881285,0.195688700402125,-0.00413208401550769,-9.27671790051932e-05,-0.000790091870562559,-0.000512923492978601,-0.00406955074159487,-1.80987539000199e-06,3.97351156724568e-05,-0.00346194516402232,-3.88191616016442e-05,-0.0013961689630122,-7.16788118859668e-06,-0.00204580193613246,-0.00413208401550769,-9.27671790051932e-05,-0.000263378060798125,-4.19614867519513e-05,-0.00156633989264332,-0.00244376733245399,-0.00135817343995726,-0.000200802547836609,-0.00310960882572742,-1.23881837490458e-05,1.5491719018712e-05,-5.22718146163115e-05,-0.0070808405643934,-0.000529913999842258,-6.79636415679141e-06,-0.00239477082326722,-0.00276900204093433,-0.00672248451943513,-9.0436055355525e-07,-8.10623201656924e-05,-9.64594954835363e-05,-1.18635236141529e-05,-0.000362479005768357,-0.00155696310859899,-0.00297297798108964,-0.00175897247984302,-0.000702274853185969,-1.25343470056549e-05,-0.00108093616097982,-3.12541771965158e-05,-0.00133169373656994,-0.00260875034685704,-0.00479447143304146,-0.000468878388141469,3.75850046232529e-05,-0.00568736059993302,-0.00178523223766991,-0.000109317674739096,-0.00210168828221935,-0.000180984926607231,-0.00109857062371788,-7.32909789542546e-05,-0.00122631862592337,1.41857598938699e-05,2.96724958923633e-05,-0.0023174196977287,1.13677881525831e-05,2.23315618006481e-05,-0.00178594557706813,-8.33437213874078e-05,-0.000172111389797003,5.32663068852912e-06,-0.000154641630875751,-0.000274758410642839,-0.000124089051095844,-0.00215137351843175,-0.000136977520232229,-0.00174646860083172,-0.000418703285255617,-0.000157893094049122,-0.00641640321204795,-0.00105802305269131,-0.000233328707248681,-0.00550036129077469,-0.000487284164733204,-0.00789851938611807,-2.97198439369595e-05,-0.00374035672014417,-0.000254710042842277,-0.00831833205254817,-0.00062678325516341,-0.000477765055093116
"4:166876894:G:A",1.63949465203928e-06,2.94448088133947e-07,-2.97544876115552e-06,-1.82660711889326e-06,1.39636072482574e-07,-0.00204452208224648,-5.9392705162864e-06,-0.00579795788156678,3.1219256628745e-06,-3.70270795269079e-06,-0.00185966275214167,-0.000978656562165447,-0.00457518220572517,-1.18374481274941e-05,-0.00136571632952531,1.74655340856589e-06,-1.27092993214006e-05,-0.0012972559415827,-0.00741000184461438,-0.0024175126191599,2.80097211113883e-06,2.86402747384784e-06,-0.00457518220572517,-0.000492931822698495,-0.00849984752952526,-0.000186621789085351,-3.46644700766063e-06,5.49486128598176e-07,2.5914021897222e-06,2.56631520123562e-06,-0.00266612151689705,-0.00259521373414628,-9.40726982978646e-06,-0.00162510277169936,-1.62424322169841e-05,-0.000735372719441685,-0.00413208401550769,0.180473439598634,-0.00386552226646497,-0.000388394126453306,-3.19328400246732e-05,-0.00266398563941106,-0.00180868796932288,-2.11153115428075e-05,-1.64614440176791e-05,3.17529086490964e-06,-0.00258768570552181,-0.00515050076763224,6.8280751186478e-07,3.29536204546343e-06,-0.00386552226646497,-0.00296743493036278,3.232658328578e-06,-0.00184117963065411,-0.00183821184101429,-0.00187170732021347,1.74655340856589e-06,-0.00970449138710272,-7.4116717874162e-06,-0.00144705847758697,-0.00166516876513256,-0.00156465168219588,-0.0042772786053078,-0.00215624708267903,-0.000343692430394782,-8.80950482091691e-05,-0.00223095198825662,1.39636072482574e-07,2.5440341691052e-06,1.69883024181416e-06,-4.14855996400121e-06,-0.00315098738857689,2.92345498653646e-06,-0.00309295993911451,-8.77763097850703e-06,-0.000425657968275317,1.63949465203928e-06,-6.3358266402247e-06,-0.00169037884319501,-0.00131322347370855,1.95340102671082e-06,5.49486128598176e-07,-0.00183022027058843,-1.6895275659401e-05,-0.00249702391269579,-0.00469793047340916,-0.00120682682820838,-6.20522292393844e-06,-6.21156537583545e-06,-0.00247330472501783,3.27638175523504e-06,-0.00707858800898453,-0.00275913516082138,-9.61570945356982e-06,-0.00226349697257522,-0.00110861417750829,-5.9392705162864e-06,-0.0019320406036254,2.72695408654045e-06,3.29273216870263e-06,-0.00249495128475541,-0.0022774565285788,-0.00412820170112882,-2.3929346149032e-07,9.43975651424012e-07,-8.81986450718131e-06,-0.00247231007018112,-0.00684694515288076,-3.57244342730212e-06,-0.0025175909685391,-0.00182388887444462,1.04178359094931e-06,-5.3429155562057e-06,-4.47898197704077e-05,-0.00148261638170677,-0.00317591889128366,-0.0022708283819699,-0.0006207899638353,-0.00217958161993437,-0.0028301910178552,-0.0020316212626188
"4:166877184:G:C",-2.41863971073286e-05,-0.00313796884074424,2.93550705494638e-05,1.98720172566169e-05,-1.9166755125255e-06,0.00020403313156514,5.28884177724009e-05,-0.000537014895421351,-6.60734407817998e-05,3.62469355543737e-05,-0.00141055487844977,-0.005814743586396,-0.00274006415890415,8.83558680717655e-05,5.28884177724009e-05,-2.62945915201485e-05,9.36802217701427e-05,-0.00321883776639087,-0.00226090597487172,-0.00139503233944271,-5.15372955298687e-05,-5.38793422784067e-05,-0.00274006415890415,-8.35896070814357e-05,-0.00451566148282989,-0.00444187665830409,-0.00154568468326666,-7.8174122313257e-06,-4.46935481557276e-05,-0.00156297931453242,-0.00110765960242087,-0.000151089770870527,7.55915199412982e-05,-0.00112879161747426,0.000110621233081254,-0.00320880399962764,-9.27671790051932e-05,-0.00386552226646497,0.15481103336768,-0.00118351723840604,-0.000320335856051734,0.000256279858476205,-0.00532141362858152,0.00013208112381502,0.000111810668441237,-6.77724392286194e-05,-8.81348887302735e-05,-0.00347284680573079,-9.83619880923214e-06,-0.00386552226646497,-0.00302141058785033,-0.00010755311317201,-7.2660648076095e-05,-0.000344556368229831,-6.86136640739576e-05,-0.00651877334111539,-2.62945915201485e-05,-0.00145962834790581,-2.47484769744233e-05,-0.00262799649119216,-8.81348887302735e-05,0.000233954999346864,-0.000146101876343785,-1.39546661745982e-05,-0.00918633258035317,-0.00229927651295636,0.000157857755844759,-1.9166755125255e-06,-0.0044375746933909,-0.000146067440056186,3.77446625270395e-05,-0.000132817446857558,-5.62527934935275e-05,-0.000515505194957022,7.12754447951269e-05,-0.000210536643578507,-0.00104355392545319,5.6016225417288e-05,-0.00340664399550406,7.12754447942388e-05,-0.00136547178911162,-7.81741223221388e-06,-8.57740421640329e-05,0.000114144153376294,-0.000310535914176846,-0.00445793708678366,-0.000358046895174269,5.21791931804572e-05,-0.00470027900328862,7.41713626606355e-05,-0.000305295522348814,-0.006035545703166,-0.00217144835865479,7.69936107740676e-05,-0.00177329904014556,2.39424579806524e-05,-0.00197653615979387,-0.00304945677131307,-0.000300428243775741,-0.00111013156107909,-0.00192990786103842,-0.000189689133407001,-0.00275124413096339,-0.00348139560000149,-1.39546661745982e-05,-0.00028627532902803,-0.00187383428196064,0.000151685768840615,-0.00433538176226023,-0.000600021517016103,-0.00157330540678302,-0.000838326297603942,-0.00214020414285088,-0.0014298069304024,-0.000701012990080407,0.000118583384359994,-0.00375395636446108,-0.000309976208099805,-0.00355603342749955,-0.00244048194476409,-0.0015794550480468
"4:166878380:A:T",-0.00128331922507474,-0.00666863798705331,-0.00528786188925867,0.000214684535349896,-0.00344046914828322,-0.00271159990136649,-0.00240420233279615,-0.00712496227018589,-0.000211228059614932,-0.00271795591180357,-0.00343459776370292,-0.00266198981339638,-0.00535544422603884,-0.00236461048393188,-0.000384041692384152,-0.00347026599120515,-0.00402231747159298,-0.00607869514747161,-0.00222298896867201,-0.0064343084632279,-0.00167211883803464,-0.000974975133885003,-0.00535544422603884,-0.00249816766999533,-0.0107616477386308,-0.00275147600275538,-0.0021735240083145,-3.69969948561533e-05,-4.26469421022091e-05,-0.00110245485452865,-0.00107962459336663,4.88294936253908e-05,-0.00190485841017729,-0.00196899570027842,-0.00253746122948062,-0.00028367867207546,-0.000790091870562559,-0.000388394126453306,-0.00118351723840604,0.384191960089865,0.000400108725623127,-0.00224030970861078,-0.000463986875599343,-0.00142220582332353,-0.00329222159158782,0.000172726606296081,-0.00172529455052306,-0.00184285287646135,-7.86453391334874e-05,-0.000388394126453306,-0.00118351723840604,-0.00102997475789479,-0.00313335893786348,-0.000176215273699931,-0.000180698669718815,-0.00196695344520403,-0.000501507793588374,-0.0026307355302575,-0.00393857920581553,-0.000464698669989438,0.000224039753924821,-0.00737428125852624,-0.00146588687508231,-0.00257706104914401,-0.0154771697745861,-0.00531830120155252,-0.0121123616509164,-0.00344046914828322,-0.00177005216323245,-0.00239777933907259,-0.012631257383994,-0.00326880861670098,-0.00208466857499445,-0.00555144187569878,-0.0018074896155138,-0.00478428288100385,-0.00128331922507474,-0.00208084425670751,-0.000170348491662864,-0.0115810321877836,-0.00360534572419358,-0.00465350792290575,-0.00100688130768223,-0.00288973234370449,-0.00852766645376146,-0.00374051920627094,-0.00584739651055033,-0.0070148022697567,-0.00131983296979499,-0.000545723917148244,-0.000386138731283125,-0.00148328671679998,-0.00218801057561624,-0.001790187652146,-0.00664402338417247,-0.00196976154948469,-0.00338512522074286,-0.000521507259164444,-0.000639998036548128,-0.0014097200096943,-0.00326170203131149,-0.00353170224809229,-0.00985099742833961,-0.00176719672790693,-0.00195045196668531,-0.00161294526432565,-0.00085824674594992,-0.0103283951962991,-0.00358588981137942,-0.0108267922650667,-0.00232377091120428,-0.00434101329842651,-0.00470497996210817,-0.000411166728342405,-0.00707622078271619,-0.00512229994653257,-0.00854854779995895,-0.00255294669597372,-0.00498558921843673,-0.00153979434236318,-0.00687995509118089
"4:166878473:C:T",1.92412852566548e-05,-0.0016262080835836,-0.000281072955500505,-2.08745136545119e-05,-0.00402786447009174,-0.00165023247840956,4.17701264412429e-05,-0.00192276457979679,-0.00108446606797497,-0.00385474745704339,-0.00315523801782902,-4.42261686766088e-05,-0.000550209118520328,-0.000880537702054873,-0.00252962156503145,-0.00178359677347295,-0.00400664380320581,-0.00117009472159957,-0.00407066013196866,-0.00692524300151476,-0.00344438874705677,-0.00162810957284876,-0.000550209118520328,-0.00291648024394675,-0.00179520806126154,-0.00702410054574099,-0.00505497987960979,-0.000935460986265291,3.13180795599166e-05,-0.00873705052965423,-0.00380129281930897,-0.0106429506966856,-0.000810644641052072,-0.00603860965477665,-2.49168662547206e-05,-0.0109942601324766,-0.000512923492978601,-3.19328400246732e-05,-0.000320335856051734,0.000400108725623127,0.39455424669769,-0.00213526229579841,-8.8455363255413e-05,-0.00360038691207532,-7.38076303949953e-05,3.98964519554568e-05,-0.00557354006009003,-0.00296177962185373,-9.36538578510948e-06,-3.19328400246732e-05,-4.50241750726832e-05,-0.00306746877839004,-0.000807198857880387,-0.00555298371042401,-0.00194370369786512,-0.000717587059269498,-0.000188336800635902,-0.00476956307816723,-0.00355471975637567,3.17109839480523e-05,-0.00135921008952611,-0.0167830694667668,-0.00456252262894541,-0.000633284907798348,-0.00760614609429489,-0.00491637962812463,-0.0209752272702572,1.49284667028127e-06,-8.9118547303535e-05,-0.000357501639878244,-0.00398605508610572,-0.00448291104632759,-0.00495694400092361,-0.0249513551773379,-0.0044240000175515,-0.0042270118804808,-0.00159298156717291,-7.18012010443303e-05,-0.00598432137590699,3.05280750012571e-05,-0.00235701878662375,-0.00201235577884429,-0.00717813018050695,-0.00542717666778891,-0.00598600872359967,-0.0114959321093004,-0.00477295133034872,-0.00786851609079253,-0.0015196115932623,-0.002421384616345,-0.00262843001440949,-0.00200187724703094,-0.0031947299960029,-0.00193202368694045,-0.000395474088610737,-0.00158140118617389,-0.0012580372558082,-0.0018496918706008,-0.00285163793360343,-0.000118435833288189,-0.00390770999893775,-0.00538557968932807,-0.00527229013219399,-0.00277249344796004,-0.00191840733866222,-0.00328950063211586,-0.00614740583212203,-0.00163298685778956,-0.00171271953953234,-0.00525156914318536,-0.0112289162985095,-0.000561226715707797,-0.00167381002187827,-0.00428573346332062,-0.00538396393468377,4.47658442332965e-05,-0.00547392304885985,-0.000541897315712525,-0.00497500726020972,-1.01274987800437e-05,-0.00298987201346002
"4:166878809:C:T",0.000115109068111074,7.02763677349338e-05,-0.00134668403948979,-0.000105964250860069,4.86549788458746e-06,0.00350370696760294,-0.0018640597840589,-1.38422405031591e-05,-0.00529306973429655,-0.000206302050433038,-0.00019688925615835,-0.000210031387177345,-0.000175251284459499,0.000188537117455922,0.000547669189926658,0.000120654981806467,-0.000785197025867213,-0.000206302050433038,-0.00177249264256751,0.000137674303116953,0.000237148435182633,-0.00191524643733487,-0.000175251284459499,-0.000845794732596161,-0.00381822336876381,-0.00220719133144343,-0.00331350971878752,1.97946632303214e-05,0.000218656494969771,-2.35080491544082e-05,-0.00042995707621607,0.000280316534707836,-0.000609408391909483,0.000243452904354235,-0.00103734106511766,-0.00308550611530034,-0.00406955074159487,-0.00266398563941106,0.000256279858476205,-0.00224030970861078,-0.00213526229579841,0.158738611366934,-0.000256947452673906,-0.000829369837619609,-0.000932787001387325,0.000327079431819755,-0.00211768712048244,-0.000557861869602494,-0.00141166788728508,-0.00266398563941106,0.000256279858476205,-0.00179746155987193,-0.00161019764004866,-0.000192345339799616,0.000282841814436274,0.000321657137401843,-0.00247165937510019,-0.00113011076462843,-0.00141293788409769,-0.00206951551914347,-0.000281502966299918,-0.00563773031596604,-0.000203269437417219,3.52430882823995e-05,-0.000167271873694474,-0.000186645024093934,-0.00340429191270042,4.86549788458746e-06,-0.000629304335157066,0.000665543967937055,-0.000280546874361853,-0.00157211309405447,-0.00422034200157828,-0.00260774921672713,-0.000422322360726035,-0.00132413675898846,0.000115109068111074,-0.00066755945161745,0.000249829629318299,-0.0044758657843591,-0.00170739754948368,1.97946632303214e-05,-0.00264955262307964,-0.000661073638127618,-0.00218548853649292,-0.00025817251700655,-0.00273480280288307,-0.000389491423994137,-0.000890824079122332,-0.000799594430487716,-0.00341109301196152,-0.00880271371542563,-0.000194856253426856,-0.00043229104115472,0.000359332679902735,-0.0024707508589108,-0.000310816546959636,0.000143478270364206,-0.00322582785012226,-0.00204289835986238,-0.0010049530820746,-0.00221505157715729,-0.00358482664125015,7.79232418812725e-05,-0.00303925263722515,-0.00149769247672005,-0.00517141867672599,-0.00190596893559825,-0.000535820119627495,-0.00318723005301758,-0.00232786112765115,0.000700716469312468,-0.00063303060204678,-0.00554928457035464,-0.00415638481749703,-0.0016153163225372,-0.0114264859675655,0.000434866665435685,-0.00147603097388238,-1.13760571140986e-05,0.000109632642954161
"4:166880951:C:T",1.93841782802906e-05,-0.00310743652223433,-5.86452224782263e-05,-1.78073799919076e-05,1.38498095569872e-06,-0.00093579944112232,-0.0063144093281311,-0.000624488151003799,-0.0022407019504147,-0.000237550645735496,-0.000973491251589742,-3.5506138894803e-05,1.57596047953845e-05,-9.31908501282663e-05,-0.00283215335881071,2.07891165358021e-05,-9.80318493404297e-05,-3.41577372600099e-05,-0.00728534116634272,2.50539649018222e-05,3.89725069451785e-05,-0.00316032261882437,1.57596047953845e-05,-0.0068067210108671,-6.98242890977419e-05,-0.00320110003770502,9.16981582053111e-05,-0.00207631557400845,3.47747342699378e-05,-0.00247805190871908,-0.00748780342572131,-0.00795613091483727,-7.62110204108879e-05,-0.00271918710147379,-0.00357627160822016,-0.00206367266994611,-1.80987539000199e-06,-0.00180868796932288,-0.00532141362858152,-0.000463986875599343,-8.8455363255413e-05,-0.000256947452673906,0.25340645817934,-0.000802868166692505,-0.0001213712585173,5.03382176546552e-05,-0.000213952233625747,-0.000151339790878335,-0.00192907784152752,-0.00180868796932288,-0.00532141362858152,-0.00304334823783936,5.30869604862261e-05,-0.00186643584049584,-0.0017999859165343,-0.00347552117635441,2.07891165358021e-05,-0.000460750917051111,2.55744566057814e-06,-3.2798305961812e-05,-0.00161373732700287,-0.0118444451421049,-0.0018351480677401,-0.00429161974878411,-0.00357454774445642,-0.0125736601518387,-0.0109977103665977,1.38498095569872e-06,-0.00107217483030109,9.1859620590995e-05,-8.2371495368605e-05,-0.00278075780332454,-0.00565301962384535,-0.00659164876591811,-0.000264987507557102,-0.00689541941017513,-0.00156070560766786,-0.000614282478660577,-0.00386672042850567,-0.00330458549575674,2.36240213808969e-05,5.5967303937976e-06,-0.00317707281918533,-0.000123562151983947,-0.00090920675939099,-0.00160670148454312,-0.00207316334506924,-0.00150905789761246,-0.000877955049356061,-0.000709473615891909,-0.000217383333944277,-0.000286282922073333,-0.00279668179483572,-7.74552821658503e-05,-3.64210556131894e-05,-0.00831722467392115,-0.00032858529081814,-0.00804016374320948,-0.000201176946426962,-0.00152869497495356,-4.90541606392725e-05,5.26221014238715e-05,-0.00249443741620192,-0.00322374255951985,-0.00212414278958839,-0.00143676484184763,-0.000145062841698795,-0.00268244534862561,-0.00102617829924778,-0.00230557907363371,-0.0119165776334467,-0.00114057943485779,-4.78407023107863e-05,-0.0019439192977968,-0.000125269259262595,-0.00232185174678889,-5.30781817738024e-05,-0.000478182153761608,-0.00252254216217906,-0.00650353129177006,-0.00366813427104073
"4:166881058:A:G",5.74217956730294e-05,0.000267363671430765,-0.000904662728411942,-5.06252384715467e-05,3.39629089562976e-06,-0.00022200697894359,-0.000143022760751954,-0.00473397938130482,0.000145031479723556,-0.00108554732821009,0.000196291428797402,-9.8943755610037e-05,-0.00515478705391459,-0.000432815715639023,-0.000143022760751954,6.11562205472538e-05,-0.000252654597900026,-9.6047192221782e-05,-0.00497831601567356,7.26122361891512e-05,0.000119564080951484,0.000123689631483792,-0.00515478705391459,-0.00173977262342184,-0.00482973557892574,-0.000575084700630057,0.000433754564422628,1.38137212335465e-05,0.000107458979024422,0.000267363671429877,-0.00382315490155172,-0.00113125852634166,-0.000201237381579844,0.000123689631483792,-0.00030345185186853,-0.000987071892570413,3.97351156724568e-05,-2.11153115428075e-05,0.00013208112381502,-0.00142220582332353,-0.00360038691207532,-0.000829369837619609,-0.000802868166692505,0.141220229707396,-0.000305257482615673,0.000161190130397948,0.000196867088662955,-0.000226134534737632,-0.000972183622002021,-2.11153115428075e-05,0.00013208112381502,0.000243205200585628,0.000169812606996445,0.000569467792561618,-0.00104960972221324,-0.000585497018864345,6.11562205472538e-05,-0.00322165036602939,-0.000987071892570413,-9.31179699641405e-05,0.000196867088662955,-0.00428530480620992,0.00017014445452368,-0.00219811462902442,-0.00219669699478153,-0.00140295536426294,-0.00143183795670598,-0.0027602590746536,0.000288498135470938,0.000332779731752275,0.000140444332763501,0.000298761529134772,0.000127861715419897,-0.00240428537429604,-0.000489973052554937,-0.000672907385261823,5.74217956730294e-05,-0.000148349098560985,-0.00141088793258959,-0.000194074795841104,6.87507325736192e-05,1.38137212335465e-05,-0.00166198364423398,0.000488016228738175,0.000431565117876787,-0.00263103357595629,-0.000783438986968754,-0.000567050661904211,-0.00286942277448343,-0.000198877056655,-0.0013139110702598,-0.0138473571254245,-0.000566120430557149,0.000364762251593653,-0.000569499869631507,-7.48247956607884e-05,-0.000143022760751954,-0.000756735256322472,-0.0014066060366309,0.00018764436148544,-0.000734385984285879,-0.000886702792025851,-0.00246744955074973,-0.00358315668998088,2.45876692543945e-05,-0.00113758071270986,0.000117610165075277,-0.000887558739121275,-0.00306003452911785,-0.000479772303479287,-0.0174912328819117,0.000354311176526068,-0.00526408534253253,-0.00326008143316159,-0.00122037154448495,-0.000665274686035389,-0.000777340160441842,-0.00270743103287963,-0.000908366635330005,0.000129271937931996,-0.00501562014059243
"4:166888858:G:A",4.84538731297945e-05,-0.000441913014594064,-6.99030916697652e-05,-4.25512697175279e-05,2.98715306534802e-06,-0.000469874692508476,-0.000119817927466848,-0.00773932333382721,-0.00133658336652687,-8.05089392539315e-05,-0.000511360505409009,-8.3087052771269e-05,3.47573470236284e-05,-0.000204784275045,-0.000119817927466848,5.17214553177325e-05,-0.00021256775023204,-8.05089392548197e-05,-0.00177324119066391,-0.00350034652392406,0.000100913103382894,0.000104505368302199,3.47573470236284e-05,-0.00355817160258631,-0.00769902880997986,-0.000777434736990656,-0.000301700824421047,-0.00124429524299963,9.03700090546522e-05,0.000229304506321526,-0.00195081440483413,-0.00048534493201835,-0.000169241075735016,-0.00182773702197814,-0.000255280616766385,-0.0012154549929333,-0.00346194516402232,-1.64614440176791e-05,0.000111810668441237,-0.00329222159158782,-7.38076303949953e-05,-0.000932787001387325,-0.0001213712585173,-0.000305257482615673,0.137227547330838,0.000135441893589494,-0.00150365823653598,-0.00100675244019222,1.5269426114628e-05,-1.64614440176791e-05,0.000111810668441237,-0.00184509959915324,0.000142920447818717,-0.000189539710202524,-0.00129521400595145,-0.000859396346460706,-0.00335815294392106,0.000381447742338281,3.81374537825607e-05,-7.79019783845314e-05,0.000166371914908758,-0.00286219617453032,-0.000650437483966648,2.1618662520595e-05,-0.00398180012307137,-7.25500707803306e-05,-0.00299845819147304,2.98715306534802e-06,0.000242427976928639,0.000279099371720548,-0.00189176412464853,-0.00198138146000737,0.00010813766616824,-0.00386107904885424,-0.000162759996117146,-0.00586339758493093,4.84538731297945e-05,-0.000124593974325293,0.00010813766616824,-0.000162759996117146,5.83653912320514e-05,-0.00165441662264509,-0.000967620954223314,-0.000260254594233622,-0.00268520726776966,-0.00602890812550783,-0.000686311632402514,-0.00360592384823999,0.000435860279448974,-0.000319637272568229,0.000525323784738241,0.000114393604348173,-0.000774382775071913,-0.000171353030627763,-0.0036868998483417,-6.16263892148083e-05,-0.000119817927466848,6.51584167812302e-05,0.000518858914631437,0.000158379788958385,-2.83828272342745e-05,-0.00299765689937193,-0.00840701156871315,-0.00138420632399683,2.1618662520595e-05,0.000499920997166114,-9.95808143722243e-05,0.000797893400743099,0.000395110399925791,-0.00258846147607983,-0.00438975247634588,-0.00629781213111702,0.000356335828270993,-0.000144101732604263,-0.00120842168022506,0.000406180776249876,-0.0082163491793481,0.000545718714054289,-0.00768190957342352,-3.49768557796892e-05,-0.00099762464298081
"4:166893148:T:G",-0.00119494666806208,-0.00123563541791949,3.4452449388489e-05,2.34078448224651e-05,-2.27612733194604e-06,0.000255480711961908,6.27753607496118e-05,-0.000518076431288428,-7.623681349056e-05,4.28347931995532e-05,0.000500582567799945,4.48698134265513e-05,-2.65689031602179e-05,0.000106029307186617,6.27753607496118e-05,6.89843850771865e-05,0.000112816053399634,4.2834793198665e-05,7.48412921440789e-05,-3.82140834513933e-05,-5.96068816625106e-05,-6.22965151402255e-05,-2.65689031602179e-05,-2.85620396249797e-05,-9.52733155212826e-06,4.63493407147908e-05,7.0850887579077e-05,-9.26472087670049e-06,0.00411628874259584,0.000674668169583725,-0.000117084633345144,-0.000170285998203568,9.05187855151368e-05,-6.22965151402255e-05,0.000133897532140104,-2.91626444015591e-05,-3.88191616016442e-05,3.17529086490964e-06,-6.77724392286194e-05,0.000172726606296081,3.98964519554568e-05,0.000327079431819755,5.03382176546552e-05,0.000161190130397948,0.000135441893589494,0.00352598112918479,-0.00010096050259456,-0.000289925491670395,-1.16492317259187e-05,3.17529086490964e-06,-6.77724392286194e-05,-0.000122465575938868,0.000988361343761568,-0.000317162536442872,0.000275417718219373,-0.000208770927168089,-3.06483676020264e-05,-0.000596405456080973,0.000182019831430402,4.07759717742096e-05,-0.00010096050259456,-0.000547899425333398,-0.000103149995551277,-1.65036780046535e-05,0.000170552224910914,-0.000143467653177964,-0.000814622012170751,-0.00179202718291727,-0.000143650150167929,-0.000164521403758222,-0.000576832820690321,-0.000150189512939214,0.0004369309798129,-0.000142921077022962,8.50997328027958e-05,0.000271648723651374,-2.81848659255957e-05,6.664277748758e-05,-6.50181757837487e-05,8.5099732803684e-05,-3.56624600730271e-05,-9.26472087670049e-06,-6.14230725606291e-05,-0.00303042263796449,0.000321754552405018,-0.000182126693547779,0.000311318876415889,6.13460926617293e-05,-0.000263687325411155,8.87336217099133e-05,0.000410662579302112,4.83999071700936e-05,3.65852350245888e-05,9.22832535357188e-05,-7.67413737010614e-05,2.78989799697982e-05,6.27753607496118e-05,-4.07961338462215e-05,0.000432674531217536,-9.49944139954084e-05,1.24331999629135e-05,0.00022786219772275,-0.000144474508664949,0.00041621751290144,-1.65036780046535e-05,0.000508314596332937,4.63493407147908e-05,-0.000167701182211211,-0.000238816469323666,-0.00021166221871205,-0.000348867116378493,-0.000178169884779145,5.68002968428516e-05,-0.00083098990036401,-0.000329033416132773,0.000143411936229576,-8.79839324490206e-05,-0.00033573930851194,4.24282126614273e-05,6.72620072972308e-06,5.21835058640008e-05
"4:166895441:C:T",-3.61811317297622e-05,-0.000278092871580427,-0.00250380552519314,2.95598960855514e-05,-2.96995757498308e-06,-0.00298349655312524,-0.0025126762651686,-0.00406605459581355,-0.0028852913405828,5.37113084986274e-05,-0.00139243046695459,5.63136652900198e-05,-3.49204610810006e-05,0.000130918791843904,7.82880578586997e-05,-0.00389056132295096,-0.000747946317730452,5.37113084977392e-05,-0.0113882563154277,-4.94710480900551e-05,-7.71610477503515e-05,-0.00108397932319892,-3.49204610810006e-05,-0.00269502520053067,-0.00626325894629121,-0.00193086628543604,-0.00300316508275689,-1.21142025708565e-05,-6.66157273991885e-05,-0.0030911865522949,-6.04740932899084e-05,-0.00118190778588012,0.000112413159819802,-8.07701239891045e-05,0.000164479087824354,-0.00139775966355948,-0.0013961689630122,-0.00258768570552181,-8.81348887302735e-05,-0.00172529455052306,-0.00557354006009003,-0.00211768712048244,-0.000213952233625747,0.000196867088662955,-0.00150365823653598,-0.00010096050259456,0.173169571960874,-0.000514850108634946,-0.0015971859710211,-0.00258768570552181,-8.81348887302735e-05,0.000782685034420361,-0.000108473555310518,-0.00455090248321177,-0.000103479068102708,-0.000184492635225908,-3.94384016821903e-05,-0.00264292352403839,-3.835913449457e-05,-0.00209633642946283,-0.000132260743847645,-0.0011894080601631,-0.00155358010891327,-2.1626339716363e-05,-0.000177585114670364,-0.000318016732749449,-0.0093766371891606,-2.96995757498308e-06,-0.000189270379509665,-0.000217491890061261,-0.00512043896359149,-0.00346996090977214,-8.44277462999088e-05,-0.0076993030286836,0.000105620529074812,0.000103713904236358,-3.61811317297622e-05,8.3188320966876e-05,-8.44277462999088e-05,-0.00248971510327589,-4.60825049426461e-05,-0.00287926347956802,-0.000133050748136299,0.000170084892723743,-0.000145895683330011,-0.00401466259215777,-0.000881373568477173,-0.00193948560567581,-0.000356493814861025,0.000110178271540029,-0.000456383505071045,-0.000430694147848243,4.56983942260791e-05,0.000114619470889643,-0.00131995817106034,3.45084288673192e-05,7.82880578586997e-05,-5.29050963278266e-05,-0.000448987412824842,0.000341041746522386,1.53524179760112e-05,-0.00442775558939346,-0.0045892328759285,-0.00026758287358053,-0.00155383086259686,-0.000427483214043178,5.73364433744672e-05,-0.00695921071245031,-0.00032137008903721,-0.00339712079447985,-0.00176073773681606,-0.000843587694667747,-0.00218423196898954,-0.00226322722967609,-0.00418103334239017,-0.00194628927375806,-0.00126335477357475,-0.00492008947267397,-0.00144106354105134,-0.0024630096816507,-0.001998698199289
"4:166897422:A:T",-0.00564894363416002,-0.0121402205272667,-0.00387930257597802,-3.87195248885419e-05,-5.78591910382897e-07,-0.00206207157657889,-9.92074986081448e-05,-0.00918802213667824,-0.00246970535835356,-7.99831983924193e-05,-0.00064361405138369,-0.000974347481143667,-0.00496726533934932,-0.000645572934929284,-0.00133012636545704,-0.00192232044907659,-0.000449476672964799,-0.00291847193121342,-0.00806413732047728,-0.00316014628974415,-0.00318051532498398,-0.00253044316259032,-0.00496726533934932,-0.00511398966250454,-0.00272819457863616,-0.000397204717621946,-0.0047139211582361,-3.43265567632756e-05,-0.000275580853791091,-0.0131388767297027,-0.00522835249788356,-0.00114822989644159,-0.00501904144530396,-0.00529014988596632,-0.00364490345257984,-0.00152762960631492,-7.16788118859668e-06,-0.00515050076763224,-0.00347284680573079,-0.00184285287646135,-0.00296177962185373,-0.000557861869602494,-0.000151339790878335,-0.000226134534737632,-0.00100675244019222,-0.000289925491670395,-0.000514850108634946,0.442301396315193,9.79821739122144e-06,-0.00515050076763313,-0.00347284680573079,-0.00112735440949674,-0.0029693227759271,-0.000457037215594092,-0.000464432058525865,-0.00249212888103267,-0.00620489167907667,-0.0210996048651229,-0.000491715732765741,-0.000562556029937156,-0.000408831207437288,-0.0209628852440722,-0.00288956255437345,-0.00852546558910117,-0.00603569175480212,-0.00152677119148414,-0.0162565053019157,-0.00413999231326301,-0.00151217870176446,-0.00327914253019035,-0.00397323166142272,-0.00428746311269101,-0.000417140686360895,-0.00818395370099978,-0.0126384330411193,-0.00143572374908363,3.50140365572571e-05,-0.000149081047671196,-0.0029974304028384,-0.00150950412232032,-0.0012184039444687,-0.00225265920848994,-0.00735230581255486,-0.0143597897692933,-0.00169011628327942,-0.00185941663229494,-0.000894053081797797,-0.00257988846938817,-0.00178358778521392,-0.00379116215674014,-0.00148409840526531,-0.00238752352931115,-3.76068903520377e-05,-0.00761720205749405,-0.00228526430972442,-0.00375075769573385,-0.00580115436489859,-0.009604522708762,-0.00201097154029961,-0.00513667849350607,-0.00420689677090191,8.73026803986932e-05,-0.00335088787593696,-0.00387230712386266,-0.00179797291578954,-0.000430568761830674,-0.00630051919090224,-0.0011335840758484,-0.00256088883078665,-0.00587500719473466,-0.00250391479611922,-0.000720426176532563,-0.00539423477012946,-0.0114995517138103,-0.0063780198740826,-0.0013869126704984,-0.00451649719166447,-0.0048963137386222,-0.00241188395631386,-0.0073693253678635,-0.0065063854648808
"4:166898708:A:G",-3.94228513034278e-06,-1.71323225917064e-05,-0.00208383419461189,3.10528250935249e-06,-2.85601567284743e-07,2.29745237021461e-05,-0.00657447828906754,-0.000307587081303851,-1.11021956019641e-05,-0.00190719884151047,-2.0947251124781e-05,5.80233390490292e-06,-3.43195686713926e-06,1.26151956969522e-05,7.97275796582397e-06,-4.27576135386687e-06,1.31881037317427e-05,5.58044540177605e-06,1.02115836986272e-05,-5.31148930882352e-06,-8.63561512787214e-06,-9.0288231184843e-06,-3.43195686713926e-06,-0.00203415480721159,-0.00247208426702628,6.26076537191267e-06,-0.00245665875437595,-1.17236798580223e-06,-7.49601251381904e-06,-0.00191975417998691,-0.00282602344074157,-2.73973048496856e-05,1.09468830293835e-05,-0.00309376553528917,1.51534617858218e-05,-3.77848115551416e-06,-0.00204580193613246,6.8280751186478e-07,-9.83619880923214e-06,-7.86453391334874e-05,-9.36538578510948e-06,-0.00141166788728508,-0.00192907784152752,-0.000972183622002021,1.5269426114628e-05,-1.16492317259187e-05,-0.0015971859710211,9.79821739122144e-06,0.107688708975735,6.8280751186478e-07,-9.83619880923214e-06,-0.00137960040954788,-1.25011515796913e-05,-0.00252181392246253,-1.15395550510655e-05,-0.000579179264692087,-4.27576135386687e-06,-0.00115969548725037,-3.77848115551416e-06,5.35469331097715e-06,-1.52429673008214e-05,-0.000419755223631135,-0.00197642941796516,-2.10656857291269e-06,-0.00410922011914572,-0.00299667237649981,-0.00239950441046055,-2.85601567284743e-07,-0.00108688487864672,-2.69776623191831e-05,6.02878723743316e-06,-0.00127047609668995,-9.42896301836527e-06,-0.00320498426489646,1.04449356639336e-05,-0.00366289673454823,-3.94228513034278e-06,8.36414689864284e-06,-9.42896301836527e-06,1.04449356639336e-05,-4.96022646601091e-06,-1.17236798580223e-06,-1.38852106452703e-05,1.54953118087775e-05,-3.90431837766769e-05,-0.00194179310054388,-0.00214503129619548,8.14276389249358e-06,-0.000960661925708095,1.07824854520544e-05,-0.0014311222928356,-0.00215225814537856,4.89123470348574e-06,1.11084516412063e-05,-1.0090624127379e-05,3.91380037356726e-06,7.97275796582397e-06,-5.66896171161346e-06,-0.00141274049976303,-0.0015084346607912,1.80664789262153e-06,-2.05298342397242e-05,-0.0025752917496753,-0.00152665092974313,-0.00232099364288629,-0.00134774037633711,-2.72823683253876e-05,2.41631837845091e-05,-0.00109631701386892,-0.00191080389073761,-0.0126671888145893,-2.94893594547929e-05,7.35930696116327e-06,-0.00175179437073503,-0.00263081343193505,-0.000356015877748028,-0.000555640868796559,-6.44103772504678e-05,1.17769395711065e-05,-0.00226867777316464,-0.00445572178344378
"4:166900960:A:C",1.63949465203928e-06,2.94448088133947e-07,-2.97544876115552e-06,-1.82660711889326e-06,1.39636072482574e-07,-0.00204452208224648,-5.9392705162864e-06,-0.00579795788156678,3.1219256628745e-06,-3.70270795269079e-06,-0.00185966275214167,-0.000978656562165447,-0.00457518220572517,-1.18374481274941e-05,-0.00136571632952531,1.74655340856589e-06,-1.27092993214006e-05,-0.0012972559415827,-0.00741000184461438,-0.0024175126191599,2.80097211113883e-06,2.86402747384784e-06,-0.00457518220572517,-0.000492931822698495,-0.00849984752952526,-0.000186621789085351,-3.46644700766063e-06,5.49486128598176e-07,2.5914021897222e-06,2.56631520123562e-06,-0.00266612151689705,-0.00259521373414628,-9.40726982978646e-06,-0.00162510277169936,-1.62424322169841e-05,-0.000735372719441685,-0.00413208401550769,3.29536204546343e-06,-0.00386552226646497,-0.000388394126453306,-3.19328400246732e-05,-0.00266398563941106,-0.00180868796932288,-2.11153115428075e-05,-1.64614440176791e-05,3.17529086490964e-06,-0.00258768570552181,-0.00515050076763313,6.8280751186478e-07,0.180473439598635,-0.00386552226646497,-0.00296743493036278,3.232658328578e-06,-0.00184117963065411,-0.00183821184101429,-0.00187170732021347,1.74655340856589e-06,-0.00970449138710272,-7.4116717874162e-06,-0.00144705847758697,-0.00166516876513256,-0.00156465168219588,-0.0042772786053078,-0.00215624708267903,-0.000343692430394782,-8.80950482091691e-05,-0.00223095198825662,1.39636072482574e-07,2.5440341691052e-06,1.69883024181416e-06,-4.14855996400121e-06,-0.00315098738857689,2.92345498653646e-06,-0.00309295993911451,-8.77763097850703e-06,-0.000425657968275317,1.63949465203928e-06,-6.3358266402247e-06,-0.00169037884319501,-0.00131322347370855,1.95340102671082e-06,5.49486128598176e-07,-0.00183022027058843,-1.6895275659401e-05,-0.00249702391269579,-0.00469793047340916,-0.00120682682820838,-6.20522292393844e-06,-6.21156537583545e-06,-0.00247330472501783,3.27638175523504e-06,-0.00707858800898453,-0.00275913516082138,-9.61570945356982e-06,-0.00226349697257522,-0.00110861417750829,-5.9392705162864e-06,-0.0019320406036254,2.72695408654045e-06,3.29273216870263e-06,-0.00249495128475541,-0.0022774565285788,-0.00412820170112882,-2.3929346149032e-07,9.43975651424012e-07,-8.81986450718131e-06,-0.00247231007018112,-0.00684694515288076,-3.57244342730212e-06,-0.0025175909685391,-0.00182388887444462,1.04178359094931e-06,-5.3429155562057e-06,-4.47898197704077e-05,-0.00148261638170677,-0.00317591889128366,-0.0022708283819699,-0.0006207899638353,-0.00217958161993437,-0.0028301910178552,-0.0020316212626188
"4:166904676:C:A",-2.41863971073286e-05,-0.00313796884074424,2.93550705494638e-05,1.98720172566169e-05,-1.9166755125255e-06,0.00020403313156514,5.28884177724009e-05,-0.000537014895421351,-6.60734407817998e-05,3.62469355543737e-05,-0.00141055487844977,-0.005814743586396,-0.00274006415890415,8.83558680717655e-05,5.28884177724009e-05,-2.62945915201485e-05,9.36802217701427e-05,-0.00321883776639087,-0.00386914048898923,-0.00139503233944271,-5.15372955298687e-05,-5.38793422784067e-05,-0.00274006415890415,-0.000143426682159387,-0.00451566148282989,-0.00444187665830409,-0.0002226897807871,-7.8174122313257e-06,-4.46935481557276e-05,-0.00156297931453242,-0.00110765960242087,-0.000151089770870527,7.55915199412982e-05,-0.00112879161747426,0.000110621233081254,-0.00320880399962764,-9.27671790051932e-05,-0.00386552226646497,-0.00302141058785033,-0.00118351723840604,-4.50241750726832e-05,0.000256279858476205,-0.00532141362858152,0.00013208112381502,0.000111810668441237,-6.77724392286194e-05,-8.81348887302735e-05,-0.00347284680573079,-9.83619880923214e-06,-0.00386552226646497,0.176956388511709,-0.00010755311317201,-7.2660648076095e-05,-0.0031962693039036,-0.0013560642244963,-0.00651877334111539,-2.62945915201485e-05,-0.00145962834790581,-2.47484769744233e-05,-0.00262799649119216,-8.81348887302735e-05,-0.000659857294480481,-0.000146101876343785,-1.39546661745982e-05,-0.00918633258035317,-0.00229927651295636,-0.000376952414722354,-1.9166755125255e-06,-0.0044375746933909,-0.000146067440056186,3.77446625270395e-05,-0.000132817446857558,-5.62527934935275e-05,-0.000515505194957022,7.12754447951269e-05,-0.000210536643578507,-2.41863971073286e-05,5.6016225417288e-05,-0.00340664399550406,7.12754447942388e-05,-0.00136547178911162,-7.81741223221388e-06,-8.57740421640329e-05,0.000114144153376294,-0.000310535914176846,-0.00762597099987428,-0.00162767425988175,5.21791931804572e-05,-0.00470027900328862,7.41713626606355e-05,-0.00120277834792848,-0.00962416989325643,-0.00217144835865479,7.69936107740676e-05,-0.00177329904014556,2.39424579806524e-05,-0.00197653615979387,-0.00304945677131307,-0.00118087605018502,-0.00111013156107909,-0.00192990786103842,-0.000189689133407001,-0.000835212256245832,-0.00348139560000149,-0.00161769495939623,-0.00110561202840653,-0.00187383428196064,0.000151685768840615,-0.00433538176226023,-0.00153252386233316,-0.00388563488967186,-0.000838326297603942,-0.00214020414285088,-0.00320811850957714,-0.000701012990080407,-0.00207418369664669,-0.00375395636446108,-0.000309976208099805,-0.00355603342749955,-0.00244048194476409,-0.0015794550480468
"4:166906667:G:A",-4.41685010814652e-05,-0.00134025130436211,-0.00287442952823724,3.60905043423898e-05,-3.71615421634885e-06,-0.00268603980779325,-0.00227385492961041,-0.00247524072435867,-0.00109151731660173,6.54938419248907e-05,-0.0012070568781537,6.8790189783563e-05,-4.35907520373036e-05,0.000160344031717052,9.55232021375707e-05,-4.82167707644976e-05,-0.000843199584794618,6.54938419240025e-05,-0.0110148173532822,-6.06739033663928e-05,-9.40164365772489e-05,-0.000880395699739189,-4.35907520373036e-05,-5.19828442646642e-05,-0.00200061724390244,-0.00169740263809803,-0.00143197910429738,-1.5147512002045e-05,-8.09891237105731e-05,-0.00269304140189242,-0.00012259170024187,-0.00100841735795409,0.000137901116780803,-9.84706185924722e-05,0.000202390696331101,-0.00118559365795079,-0.000263378060798125,-0.00296743493036278,-0.00010755311317201,-0.00102997475789479,-0.00306746877839004,-0.00179746155987193,-0.00304334823783936,0.000243205200585628,-0.00184509959915324,-0.000122465575938868,0.000782685034420361,-0.00112735440949674,-0.00137960040954788,-0.00296743493036278,-0.00010755311317201,0.170688481517074,-0.00013169566175808,-0.00263802168705762,-0.000126447033455435,-0.002740818758042,-4.82167707644976e-05,-0.00250342400150139,-4.78711504960927e-05,-0.00246471421599637,-0.000160858990299495,0.000322411869822403,-0.000362212980926202,-2.7022321938297e-05,-0.00317970408134549,-0.00320622622421318,-0.00606473653892259,-3.71615421634885e-06,-0.000228675327892169,-0.000262084142843122,-0.00599991378049403,-0.00632742663947372,-0.000102982470651547,-0.00678436837313878,0.000129178251792261,-0.00210859105889938,-4.41685010814652e-05,0.000101769949622188,-0.000102982470651547,-0.00224445256637562,-5.64684798129989e-05,-0.00326157563976093,-0.000164935457259041,0.000209713832218128,-0.00334415737928939,-0.00417671929108954,-0.000832598325659184,-0.00170210275156712,-0.0004264482168157,0.000135030008766357,-0.000544485719655263,-0.00113166222836103,5.53527339421933e-05,0.000140736613995607,-0.00634615160769147,4.12124735067465e-05,9.55232021375707e-05,-6.49337380878023e-05,-0.000535785358747098,0.000313688066745144,1.82196868649953e-05,-0.00380462124951553,-0.00403180703687678,-0.000322427361993505,-0.00133775096612343,-0.000510453926184873,6.887179193793e-05,-0.00627612044615056,-0.000385328778487626,-0.00377131209204684,-0.00458918485797355,-0.000670958876742844,-0.00254877052963476,-0.00201763856492665,-0.00367654007598794,-0.00168438687277916,-0.000787557885747692,-0.00538618065514562,-0.000418021303470795,-0.00284341580902492,-0.00137913719740812
"4:166908057:T:C",-0.000432664122885562,-0.00715930278565047,3.65239225175173e-05,2.48945964180791e-05,-0.000829591982050459,0.000267380891076918,6.65331888098919e-05,-0.00746354518527603,-8.18263474178238e-05,4.54682296986419e-05,-0.0054413269057294,4.7637745732132e-05,-2.85466732217188e-05,0.000112056063588106,6.65331888098919e-05,0.000326695291278156,-0.00313140383100929,-0.0035531904301811,-0.00108736465425263,-4.09125606770644e-05,-6.38300164697014e-05,-6.67374695124678e-05,-2.85466732217188e-05,-2.38608980867028e-05,-0.00803627297162812,-0.00139302823143606,-0.0047583783399423,-9.94031986323307e-06,0.00100760440296455,-0.000793328218338551,-0.00379902420665612,-0.000183993309639696,9.58128819688042e-05,-6.67374695124678e-05,0.000141293607761384,-0.000845576503117229,-4.19614867519513e-05,3.232658328578e-06,-7.2660648076095e-05,-0.00313335893786348,-0.000807198857880387,-0.00161019764004866,5.30869604862261e-05,0.000169812606996445,0.000142920447818717,0.000988361343761568,-0.000108473555310518,-0.0029693227759271,-1.25011515796913e-05,3.232658328578e-06,-7.2660648076095e-05,-0.00013169566175808,0.186129921783701,-0.00488532034491929,-0.000755630174702482,-0.00102028136607935,-3.27623212452721e-05,-0.00306746428715776,-3.13401165508154e-05,4.32725699948122e-05,-0.00500355526720941,-0.00357173283701329,-0.000986011874477555,-1.77176378848287e-05,-0.00112629108662965,-0.00747854109858537,-0.00996677160919379,-0.00281784435981258,-0.00136403605243185,-0.000177282694837189,-0.00210726966558639,-0.000161777890515857,-6.96807911948483e-05,-0.00801105463551099,9.00685091851372e-05,-0.00101297401312461,-3.01106211608726e-05,7.06453039134303e-05,-6.96807911948483e-05,9.00685091869136e-05,-3.81626973471327e-05,-0.00449044513314245,-0.00375376957286466,0.000146115648378853,-0.000721681323756052,-0.00142376527243204,0.000324292126911097,6.48227538917467e-05,-0.00229140425085284,9.39211698316456e-05,-0.00121277902530181,-0.00252352715447302,-0.00154638975131149,9.76820644975618e-05,-0.00421136929144783,2.95221756481112e-05,6.65331888098919e-05,-4.36963567382875e-05,-0.000620573960331328,-0.00010199185157056,-0.0041344125339613,-0.00472921115313785,-0.00649372275181381,-0.007844605264129,-1.77176378848287e-05,-0.00132372331889918,4.90368003260855e-05,-0.000345258251405411,-0.00287110217997188,-0.00552926240589002,-0.000773787706065399,-0.000192244470150982,-0.00606378381604067,-0.0122752185929729,-0.00207371723143268,0.000151122295394934,-0.000126366898616226,-0.000365853001366823,-0.000786033786819296,6.84769474190716e-06,-8.3283632562825e-05
"4:166910425:C:T",-0.000114651697784574,-0.000232936597438282,-0.00185187833346756,8.87774025448707e-05,-1.12785640151714e-05,0.000513126800816721,-0.00146185917455899,0.0006872949116703,9.62996557047902e-05,0.000156445570647534,-0.000114799611604433,0.000166311675024566,-0.000119226016216167,-0.00523071963228183,-3.51223169570147e-05,-0.000127136260043237,-0.00040463153522996,-0.0014638283744608,-0.00200567784685468,-0.00339202008021378,-0.0027256849306232,-0.000262757854575746,-0.000119226016216167,-0.000649724351265313,-0.0023042129931552,-0.00215395857635858,-0.00297934093523011,-0.000448488782553547,-0.000208067384871669,-0.0040936261314295,-0.00139962153780449,-0.00209135008330996,-0.000874113846712987,-0.00344934118905904,0.000139744722796209,-0.000425466354128545,-0.00156633989264332,-0.00184117963065411,-0.000344556368229831,-0.000176215273699931,-0.00555298371042401,-0.000192345339799616,-0.00186643584049584,0.000569467792561618,-0.000189539710202524,-0.000317162536442872,-0.00455090248321177,-0.000457037215594092,-0.00252181392246253,-0.00184117963065411,-0.0031962693039036,-0.00263802168705762,-0.00488532034491929,0.198046245812732,-0.00036201742478692,-0.00166401660042226,-0.000127136260043237,-0.000272804890759648,-0.000940998320338338,-0.00261245341422711,0.00071051897870511,-0.000401208908115347,-0.00256567508974115,-0.00105604428377148,-0.00393212978382618,-0.00256118116525439,-0.00247077869329804,-1.12785640151714e-05,-0.00128751892104706,0.000541030190004399,-0.000300711343019344,-0.00250687391368221,-0.00150150798841509,-0.0021695398102497,-0.00233953598009862,-0.00388066867690551,-0.00122500918005297,0.000243652668478589,-0.00150150798841509,2.88885290924412e-05,-0.00301877422579988,-4.62265811780327e-05,-0.00649759709288134,-0.00160011538405236,-0.00366871888201903,-0.000642720434383737,-0.00725248670291645,-0.00956893309878293,-0.00256196481926541,0.000320746076746481,-0.00363914965233203,-0.00383853591710004,-0.00403786908241077,-0.000559675464427478,-0.000184863791892198,-1.54700281607134e-05,0.000225016204062456,-0.00164658656209404,-0.00373375058352376,-0.00068874822961984,-0.00199861835656989,-0.00186948501816797,-0.000400695331144174,-0.00766790370970138,-8.29387146419336e-05,-0.00604887533165499,-0.00331268287589559,-0.00032584387425727,-0.00401854811245173,-0.0036375996882394,-0.00286592255495854,-0.000192869616451041,-0.0016962437791781,-0.000968328788042871,-0.000214032091751193,0.000125354846564285,-0.000798086422526101,0.000587581488620259,-0.00329421017714271,-9.54231165941621e-05,-0.00197736213526323
"4:166910665:A:G",-2.81046993748646e-05,-0.00722859665517106,-5.39839914548423e-06,2.28970819842189e-05,-2.24530153225544e-06,-0.00111239465226021,6.05440455343498e-05,-0.00184821883224151,-7.74535270249288e-05,4.16129033604662e-05,-0.00177440434272036,4.35457470278067e-05,-0.00168675249513939,0.000100598545968111,6.05440455343498e-05,-3.05913818605674e-05,-0.00239671565556332,4.1612903359578e-05,3.30772408076996e-05,-3.82613554759104e-05,-6.01444820809149e-05,-6.29277718369181e-05,-0.00168675249513939,-0.000622186534757319,-0.00339670432846884,4.50747650999617e-05,-0.000859233406234061,-9.16776106674178e-06,-5.20236479255587e-05,-0.00218311863140475,-0.00293484189001303,-0.000179213981529536,-0.00233385928837215,-0.00335905799977798,0.000125578371213741,-2.91133180567726e-05,-0.00244376733245399,-0.00183821184101429,-6.86136640739576e-05,-0.000180698669718815,-0.00194370369786512,0.000282841814436274,-0.0017999859165343,-0.00104960972221324,-0.00129521400595145,0.000275417718219373,-0.000103479068102708,-0.000464432058525865,-1.15395550510655e-05,-0.00183821184101429,-0.0013560642244963,-0.000126447033455435,-0.000755630174702482,-0.00036201742478692,0.174334583600143,-0.000266716846825332,-3.05913818605674e-05,5.14082801825744e-05,-8.21891753082227e-05,3.96536531219738e-05,-0.000103479068102708,-0.00417756280230375,-0.00117982557691665,-1.6383606825876e-05,-0.00384657837181202,-0.000478204387523107,-0.00377122657720008,-2.24530153225544e-06,-0.00179061396981695,-0.000172273231285658,-0.00062383370437491,-0.00103556527840176,-6.5750557033617e-05,-0.000967776162884348,8.13792932072843e-05,-0.00345327280042174,-2.81046993748646e-05,6.41502941336469e-05,-6.5750557033617e-05,-0.00166748064901689,-3.56689928366904e-05,-9.16776106762995e-06,-0.00748771238779078,-0.00451672259168578,-0.000307251056080204,-0.00410975256611446,-0.000423368059957241,-0.00193852642397463,-0.00156382853697412,8.46990433629458e-05,-0.000187640045945514,-0.00474040213246507,-0.00107865493652071,-0.00263845621475856,-0.00475003590884615,-0.00217591091465064,6.05440455343498e-05,-0.00283065184226405,-0.000156434248891557,-0.00263324495401829,1.22370198010202e-05,-0.00151853220894971,-0.00293460406094948,-0.00254830185258381,-0.00380860718460596,-0.00364362204487456,-0.00687089192591195,-0.0124247932873773,-0.0018244575362063,-0.00315385855807548,-0.00611907900468767,-0.000187556741020778,5.49455958864797e-05,-0.00551496439987798,-0.000391215664896194,-0.00470867511817108,-0.000886551565168592,-0.000882781938992494,-0.00230828140314099,-3.35620923266333e-05,-0.00111264607527151
"4:166917791:A:G",-0.00563318723963668,-0.00392835713534456,6.81984135493252e-05,-0.00016289274196879,-6.5063004095478e-06,0.000163891690755591,-0.00618449382385755,-0.00322780195426731,-0.000229523543867849,-8.30993601423913e-05,-0.00267465187066662,-0.00598431601374116,-0.00475408021359947,0.000236064340815467,-0.00317506954512492,-8.07793101635923e-05,-0.00216123850762884,-0.0102315629117262,-0.003419870945502,-0.00169380375930928,-0.00329507961994935,-0.00148921118277379,-0.00475408021359947,-0.00977403996375159,-0.0064607257371696,4.21582818210808e-05,-0.00267837772153356,-0.0023913995345044,-0.000135651242187507,-0.00177270394510121,-0.00853134588389581,-0.00188932617300708,-0.000223747752314374,-0.000651639646870983,-0.000243672962470853,-0.00116952791503522,-0.00135817343995726,-0.00187170732021347,-0.00651877334111539,-0.00196695344520403,-0.000717587059269498,0.000321657137401843,-0.00347552117635441,-0.000585497018864345,-0.000859396346460706,-0.000208770927168089,-0.000184492635225908,-0.00249212888103267,-0.000579179264692087,-0.00187170732021347,-0.00651877334111539,-0.002740818758042,-0.00102028136607935,-0.00166401660042226,-0.000266716846825332,0.307012243620408,-8.07793101635923e-05,0.000594729412732864,-0.00027475346425998,-0.00280404559415093,-0.000717825072340972,-0.0107745592146982,-0.000715297322972042,-0.00489902730829339,-0.000913862527020193,-0.00442354348136753,-0.00606643504816962,-6.5063004095478e-06,0.000329801122493478,-0.000103310801474521,-0.000183085062193555,-0.00257230432286537,-0.00642539437639833,-0.00279186674379428,1.89322626837907e-05,-0.00848871906832604,0.00014591360470817,-0.00144219819454516,-0.00591920467167384,-0.00271406930225826,-0.000189812731620442,-2.67489210044047e-05,-0.00915323914879895,-0.00149965462260848,-0.00353883445585712,-0.00261656993474446,-0.0012144806627985,-0.00288807810064373,6.60111640016225e-07,-0.00333607403240421,-0.00169470170395769,-0.00192816648817562,-0.00115412780043123,-0.000542868692272158,-0.000583292663652646,-0.006938376467434,-0.00209829293442532,-0.00927901963203137,-0.00168151981693043,-0.0029582152700609,-0.000864259365230602,-0.0044824256937579,-0.0010326068842188,-0.000608238795211768,-0.00203663857119185,-0.00157976670911975,-0.000552771933612028,-0.00407235556131802,-0.00207988447036378,-0.00491195984687076,-0.00768343886645617,-0.00133975529671027,-0.00229624387830096,-0.00421901777827349,-0.00225813324778734,-0.00366963653677477,-0.00129274822859582,-0.00157165728110442,-0.00294143809235958,-0.00791274714269807,-0.00189740479244893
"4:166921451:A:G",-1.09384277209301e-05,-0.00146822388952028,1.36828494872177e-05,9.09020117845216e-06,-8.34084366907462e-07,-0.0032845649977391,2.44186253564038e-05,-0.00402029561193551,-2.94959959239449e-05,1.66827732019925e-05,-0.00137860371474119,1.74097365617243e-05,-9.77695026094239e-06,4.09302620596463e-05,2.44186253564038e-05,-1.18536509257083e-05,4.32486541637189e-05,1.6682773199328e-05,-0.000176879959050247,-0.000228957047419875,-2.32147307421826e-05,-2.42282728271093e-05,-9.77695026094239e-06,-0.0032298415487384,-0.00168798512420754,1.8607882809718e-05,-9.71553029023298e-05,-3.39914714597711e-06,-2.02496708441302e-05,-0.00151315350413572,-0.00429344509466301,-6.68589128496322e-05,3.48247568888738e-05,-2.42282728271093e-05,5.12038575575247e-05,-1.07361768604264e-05,-0.000200802547836609,1.74655340856589e-06,-2.62945915201485e-05,-0.000501507793588374,-0.000188336800635902,-0.00247165937510019,2.07891165358021e-05,6.11562205472538e-05,-0.00335815294392106,-3.06483676020264e-05,-3.94384016821903e-05,-0.00620489167907667,-4.27576135386687e-06,1.74655340856589e-06,-2.62945915201485e-05,-4.82167707644976e-05,-3.27623212452721e-05,-0.000127136260043237,-3.05913818605674e-05,-8.07793101635923e-05,0.0928535134555375,-0.0036135114859599,-1.07361768604264e-05,1.59467735638685e-05,-3.94384016821903e-05,-0.00032451768449171,-0.000222988324730444,-6.06261406321806e-06,-0.00047319460156281,-0.00185470603793103,-0.00556613912138282,-8.34084366907462e-07,-5.69261716822922e-05,-6.55663685638075e-05,1.7838336876963e-05,-5.94826548860894e-05,-2.52548099082262e-05,5.51802558028669e-05,3.29436296961916e-05,-0.000248979472711852,-1.09384277209301e-05,2.57817811100125e-05,-2.52548099082262e-05,3.29436296953034e-05,-1.37188200355354e-05,-3.39914714597711e-06,-0.00332390388853465,5.27376277981162e-05,-0.000324280179193615,-0.00514658563370318,0.000117423674343087,-0.00169390084469168,-0.000106657694884937,-0.00230068816165652,-0.004131381667138,-0.0015442256933218,1.44469867153774e-05,3.54364615962055e-05,-2.77619964688114e-05,1.1331268595427e-05,2.44186253564038e-05,-1.56317577175713e-05,-0.0041597074509383,-3.71551840201434e-05,5.11324833674109e-06,-0.00135877978943189,3.33494270208234e-05,-7.96004686485219e-05,-6.06261406321806e-06,-0.00426643429721274,1.8607882809718e-05,0.000150471138714359,-9.61188204353647e-05,-0.000377027018892306,-0.00192094409063426,-0.000776606924140388,-0.00218931775294617,-0.00517979398247359,-0.00212741864238186,5.53066840689453e-05,-0.00335598099144097,-0.000137281312167836,-0.0016223779139013,3.69687209023084e-06,-2.93672782918364e-05
"4:166921482:A:G",-0.00172452630505671,-0.0137558610087205,-0.00368043083085023,-0.000261067410357363,-2.3101860739061e-05,-0.00426708458843228,-0.00457951484213837,-0.0139516744176409,-0.00177054819026612,-0.00414844307734974,-0.00357658915594161,-0.00209528405484161,-0.000854295205478195,-4.43187483423202e-06,-0.00252239509525065,-0.000428118781274023,0.000175913930032578,-0.00463686567389843,-0.00857572841850196,-0.00555690348850302,-0.00134560079974921,-0.000814986693489672,-0.000854295205478195,-0.00894817418778393,-0.00430870533108907,8.72376117464491e-05,-0.00320177387312581,-0.000855819614359987,-0.000414668145372943,-0.0165600508110324,-0.00556865228533177,-0.00166810961408403,-8.39296527077593e-05,-0.0076005540919768,-0.00103853250563724,-0.00220546997239923,-0.00310960882572742,-0.00970449138710272,-0.00145962834790581,-0.0026307355302575,-0.00476956307816723,-0.00113011076462843,-0.000460750917051111,-0.00322165036602939,0.000381447742338281,-0.000596405456080973,-0.00264292352403839,-0.0210996048651229,-0.00115969548725037,-0.00970449138710272,-0.00145962834790581,-0.00250342400150139,-0.00306746428715776,-0.000272804890759648,5.14082801825744e-05,0.000594729412732864,-0.0036135114859599,0.437550516896077,-0.00025284794977809,-0.000543420427707275,-0.000413545286191308,-0.0100091731053742,-0.00477180716224357,-0.00672750976484071,-0.00778943038005497,-0.00164811028143852,-0.00700556861947366,-0.00396708455124184,-0.00259392245102585,-0.00351953326651699,-0.00567464856734112,-0.00514333330596273,-1.17614236154751e-05,-0.00538533712567846,-0.00217846560343204,-0.00706221708878996,-0.00470260847123605,-6.4942032676818e-05,-0.00361535041937699,-0.000334935002836545,-0.0030463457373564,-0.0001127596649102,-0.00203396574258186,-0.0163774253271054,-0.00590444716431548,-0.000760524350391201,-0.000636007698234131,-1.82992463702014e-05,-0.00200540346187594,-0.003239471858139,6.60075489111733e-06,-0.00490708847192156,-0.000735349514948247,-0.00869566445275272,-0.000180882412710304,-0.00345402554960739,-0.00554905965902108,-0.00680670640979208,-0.00120615780310729,-0.000489418679060272,-0.00434345594050001,-0.00151563225132545,-0.00180910836699955,-0.00413017621276124,-7.88984304600504e-05,-0.000902699038765498,-0.00418574415339856,-0.00366686508059866,-0.00233621427717301,-0.0103684136507431,-0.0016455383607239,-0.00198804239303119,-0.00543394328975833,-0.00374455613617286,-0.0120132062308413,-0.00299206874909919,-0.00269580271193837,-0.00250851813388753,-0.00901216983426867,-0.00798409759839247,-0.00142946828268542
"4:166922146:G:A",-0.00127384721548029,-0.00290652612987863,1.15463300840446e-05,7.75810806885602e-06,-7.294133057556e-07,-0.00249248715984951,-0.00161596631075867,-0.000802079264208277,-0.00154288120148216,1.39181305396363e-05,-0.00382628450940903,-0.00123621783191918,-8.7825440280298e-06,-0.00273903803617959,1.98774392980994e-05,-0.00146669247034747,3.29357259341023e-05,-0.000498531767934018,-0.000575895061647458,-0.00058562356488423,-2.1676316607433e-05,-2.26820940651962e-05,-8.7825440280298e-06,-8.31863556971513e-06,-0.00585842899792999,-0.00186103069501797,-0.00101183026575224,-2.99587763663567e-06,0.000183153871851971,-0.00243784664378044,-0.0043518294634417,-0.00118395937365712,2.7337550091211e-05,-0.00134216387382224,-0.00132220839438268,-0.00246171698651843,-1.23881837490458e-05,-7.4116717874162e-06,-2.47484769744233e-05,-0.00393857920581553,-0.00355471975637567,-0.00141293788409769,2.55744566057814e-06,-0.000987071892570413,3.81374537825607e-05,0.000182019831430402,-3.835913449457e-05,-0.000491715732765741,-3.77848115551416e-06,-7.4116717874162e-06,-2.47484769744233e-05,-4.78711504960927e-05,-3.13401165508154e-05,-0.000940998320338338,-8.21891753082227e-05,-0.00027475346425998,-1.07361768604264e-05,-0.00025284794977809,0.127799783432171,1.33409326767975e-05,-0.00301805105555797,-0.00215385834158788,-0.0017762206718599,-0.00185427099537705,-0.00270126236978818,-0.000387773887830178,-0.00382274535473792,-7.294133057556e-07,-5.7630941500797e-05,-6.76211403156657e-05,1.48940031641231e-05,-6.05724829352283e-05,0.000182472928602628,-0.0014037507129685,2.60532062279495e-05,-0.00529440300240314,-9.88400901658082e-06,-0.00130345420108746,-0.00140843816653025,-0.000784477036104292,-1.24862627393085e-05,-2.99587763663567e-06,-0.00254618840797782,3.87155345364931e-05,-0.00143416815148889,-0.00100227266186259,-0.00147795602013101,0.000363126517472168,-0.000119311019644464,-0.0013213382002446,-0.00261806251044483,-0.00235959004785791,-0.0018858643721229,2.77506376713532e-05,-0.000492889071470159,-0.00202515182301433,1.98774392980994e-05,-1.42998072547584e-05,-0.00258188301576912,-0.000965050727621986,4.43832765562036e-06,-5.19396147131701e-05,-0.00469213503738164,-0.00299582738742732,-0.00236755848681991,-0.00245392016683255,-0.00214416620982583,-0.000275133315791543,-0.000105464245922171,-0.000977982017871248,-0.00132275779902313,-7.40525374434142e-05,1.83068451562463e-05,-0.000518838749761663,-5.46291592327108e-05,-0.00587536684521428,-0.000109184785629601,-0.000817123030838474,-0.00159335364659974,3.28874457444783e-06,-2.55460737701441e-05
"4:166922858:A:G",1.48205897207987e-05,7.37260557555075e-05,-2.0160145389525e-05,-1.28347736954026e-05,1.04892504904086e-06,-0.000607286328619949,-3.56779031864818e-05,-0.000737426806582064,3.83594233319684e-05,-2.40307567436204e-05,5.60698803377946e-05,-2.49730039518781e-05,-0.00302338423821613,-0.000952204635273013,-3.56779031864818e-05,1.59467735638685e-05,-6.43295265687627e-05,-2.40307567445086e-05,-0.00409338598788977,1.93957690086677e-05,3.08722657784699e-05,3.20880103990007e-05,-0.00302338423821613,-0.00150461537495783,-0.00253683457295661,-2.81244860396157e-05,-0.000121531691521071,4.26139990938879e-06,2.72986605045489e-05,7.37260557555075e-05,-0.00553454229537476,8.29332821190576e-05,-5.11486468717237e-05,3.20880103990007e-05,-7.72039117062917e-05,1.33409326767975e-05,1.5491719018712e-05,-0.00144705847758697,-0.00262799649119216,-0.000464698669989438,3.17109839480523e-05,-0.00206951551914347,-3.2798305961812e-05,-9.31179699641405e-05,-7.79019783845314e-05,4.07759717742096e-05,-0.00209633642946283,-0.000562556029937156,5.35469331097715e-06,-0.00144705847758697,-0.00262799649119216,-0.00246471421599637,4.32725699948122e-05,-0.00261245341422711,3.96536531219738e-05,-0.00280404559415093,1.59467735638685e-05,-0.000543420427707275,1.33409326767975e-05,0.138932702004463,-0.00254052415504891,-0.00789870724349395,4.84030640928168e-05,-0.00307146797932223,-0.00349410410626927,6.60198277708801e-05,-0.0026328771594395,1.04892504904086e-06,7.29090595950055e-05,8.33463007854363e-05,-2.7132180469458e-05,-0.00263363245538439,-0.00220530358348192,-0.00424959599438068,-4.86523558231866e-05,-0.00156867036183339,1.48205897207987e-05,-3.74655423343029e-05,-0.00258239171693919,-4.86523558240748e-05,1.8234182858734e-05,4.26139990938879e-06,-0.000697460491858592,-7.92750719398327e-05,0.000110110701943,-0.00777284347868168,-0.00131296081084731,-3.77891089211602e-05,-0.00321887427623135,-5.03255696484572e-05,-0.000652223957277265,-0.00474333585026621,-2.11433663155347e-05,-5.1962896908897e-05,3.22913423236315e-05,-1.71458392408397e-05,-3.56779031864818e-05,-0.00283575109518353,-0.000644773487945116,4.84205423543216e-05,-7.76990024853319e-06,6.52227865591826e-05,-0.00513763149325275,-0.00209007875365774,-0.00163551158221154,-0.000621308099542972,-2.81244860396157e-05,-0.00246758480379583,-0.00288918396732285,-0.00210768961805119,-0.00315278917073147,8.92325263626148e-05,-3.29229653512897e-05,-0.000918843632369715,-0.00379118162909631,-0.00111248237660355,-0.00902838389113914,-0.000681468103413074,-0.00148703436653452,-0.00344040837013893,3.70274946659421e-05
"4:166923314:C:T",-3.61811317297622e-05,-0.000595547650354078,4.29565517103825e-05,2.95598960855514e-05,-2.96995757498308e-06,-0.00128404365618096,7.82880578586997e-05,-6.82198982095983e-05,-0.000198574784990413,5.37113084986274e-05,3.09379579865876e-05,5.63136652900198e-05,-0.000104758876875444,0.000130918791843904,7.82880578586997e-05,-3.94384016821903e-05,0.000139342205190296,-0.00193101161524378,-0.000115679250644263,-4.94710480900551e-05,-0.00232703816681301,-8.07701239891045e-05,-0.000104758876875444,-0.000807625756404029,-0.000507137688523951,-0.00193086628543604,-2.06116830261394e-05,-0.00287926347956713,-6.66157273991885e-05,-0.00168615547512019,3.4294872164331e-05,-0.000377741614772553,0.000112413159819802,-8.07701239891045e-05,0.000164479087824354,-0.00139775966355948,-5.22718146163115e-05,-0.00166516876513256,-8.81348887302735e-05,0.000224039753924821,-0.00135921008952611,-0.000281502966299918,-0.00161373732700287,0.000196867088662955,0.000166371914908758,-0.00010096050259456,-0.000132260743847645,-0.000408831207437288,-1.52429673008214e-05,-0.00166516876513256,-8.81348887302735e-05,-0.000160858990299495,-0.00500355526720941,0.00071051897870511,-0.000103479068102708,-0.000717825072340972,-3.94384016821903e-05,-0.000413545286191308,-0.00301805105555797,-0.00254052415504891,0.0852545709933108,-0.00301255467541406,-0.00155547517676879,-2.1626339716363e-05,-0.000892795681005865,-0.00170004440784055,-0.00396684617842347,-2.96995757498308e-06,-0.000189270379509665,-0.000217491890061261,5.45540563843261e-05,-0.000198379084512368,-8.44277462999088e-05,-0.00396113971660395,0.000105620529074812,-0.0015627031110359,-3.61811317297622e-05,8.3188320966876e-05,-8.44277462999088e-05,-0.00248971510327589,-4.60825049426461e-05,-1.21142025708565e-05,-0.00187310685104602,0.000170084892723743,-0.00132410439175068,7.08081805482763e-05,-0.000631410557404344,-0.00193948560567581,-0.000356493814861025,0.000110178271540029,5.62617280150945e-05,-0.000743774875012093,4.56983942260791e-05,0.000114619470889643,-0.00723480785316699,3.45084288673192e-05,7.82880578586997e-05,-5.29050963278266e-05,8.86703624018992e-05,-0.000124115268311797,-0.00185404920578769,-0.000259262062996868,-8.15901620998538e-05,-0.00026758287358053,-2.1626339716363e-05,0.000125505641213053,5.73364433744672e-05,-0.000379021651546019,-0.00032137008903721,-0.000451133744096666,0.000201701389254794,-0.000843587694667747,-0.00218423196898954,-2.56929786335292e-06,0.000251246289151297,-0.00432352979404715,-0.000218069247526653,-0.00203650699613078,-7.19420988994912e-05,-0.00525856747404774,-0.000102139590122619
"4:166926522:T:G",-0.0050200243480969,-0.00879927243173562,-0.00148985507435384,1.50099976821139e-05,-0.0043626437334563,-0.00375303486605461,-0.00363426480654194,-0.00347328977992145,-0.00307059755721228,-0.000933686059157779,-0.00133856666733356,-0.00168432029460863,-0.000303403410408798,-0.0144504815560058,-0.00307403807350948,-0.00216088964607675,-0.00554204148494364,-0.00153012839285349,-0.00493775005130637,-0.00459677484691401,-0.00230091822666978,-0.0100806378281684,-0.000303403410408798,-0.00596640777441682,-0.00580633351756488,-0.00437626567860816,-0.00406287325941346,-0.000443042989638265,-5.66624363163015e-05,-0.00625784958511577,-0.00196282610806531,-0.000552562246987076,-0.00788121375438333,-0.00225858351346364,-0.0013882148775668,-0.00226196225173325,-0.0070808405643934,-0.00156465168219588,0.000233954999346864,-0.00737428125852624,-0.0167830694667668,-0.00563773031596604,-0.0118444451421049,-0.00428530480620992,-0.00286219617453032,-0.000547899425333398,-0.0011894080601631,-0.0209628852440722,-0.000419755223631135,-0.00156465168219588,-0.000659857294480481,0.000322411869822403,-0.00357173283701329,-0.000401208908115347,-0.00417756280230375,-0.0107745592146982,-0.00032451768449171,-0.0100091731053742,-0.00215385834158788,-0.00789870724349395,-0.00301255467541406,0.550852936955326,-0.00469451364591222,-0.00282809879336998,-0.00622608493111665,-0.0072131308456993,-0.00631988247668547,-1.77800448586396e-06,-0.00542941978536238,-0.00143834682019861,-0.0116759792116965,0.00022133127720636,-0.0111960880653283,-0.0164716384114767,-0.00135181919177185,-0.0072921812932023,-0.0014935937148115,0.000586839980523557,-0.00150563922197033,-0.00477865746794226,-0.00174909646752219,-0.00640693915071466,-0.00197845528705498,-0.00675061216995054,-0.0162194376642559,-0.00883158491012237,-0.00512940905970627,-0.00130589508689249,-0.00884061556398974,-0.00619101820660983,-0.00139302922097162,-0.000811411521636884,-0.00361779535039197,-0.0018884442050906,-0.00849520865902642,-0.00352853607787829,-0.00145896623631003,-0.0054925584267238,-0.00188459607761393,-0.00128611598978878,-8.80487239554029e-05,-0.00715655937412008,-0.00366561139229882,-0.00644695460786426,-0.012859850689388,-0.00199408634276388,-0.000473245831908553,-0.00516454647399289,-0.00550376812965059,-0.0167737301600952,-0.00716918615213791,-0.00557446325938393,-0.0173530561749606,-0.00133181970950602,-0.00434188783527967,-0.00432025028162197,-0.000918845555724968,-0.00232412124108761,-0.00478873936444035,-0.0051119763331271,-0.000479488541244688
"4:166927036:C:T",-0.00553833342284893,-0.00262055740882428,-0.00184748734515949,2.82992226496859e-05,-0.00374418790160735,-0.000428755727551966,-0.00290065159583541,-0.00812736445907269,-0.000149885726947296,-0.00295441128132001,-3.44494599104905e-05,-0.0027289411907585,-0.00221611346933681,-0.000101840807506193,-9.62038699343637e-05,-0.000222988324730444,0.000125209717152686,-0.0032440669989624,-0.00126846290665306,-0.00220101054620514,-7.8015530252884e-05,-0.0030674715550596,-0.00221611346933681,-0.011696992331383,-0.00883082026162008,-0.00271208166298553,-0.000521862565065589,-0.00231937957985373,-6.69675825184513e-05,-0.000180724458621384,-0.00769371588109991,-0.000168908438276105,0.000102697778326721,-0.00146242188930135,-0.00323781374962184,-0.000311843244577226,-0.000529913999842258,-0.0042772786053078,-0.000146101876343785,-0.00146588687508231,-0.00456252262894541,-0.000203269437417219,-0.0018351480677401,0.00017014445452368,-0.000650437483966648,-0.000103149995551277,-0.00155358010891327,-0.00288956255437345,-0.00197642941796516,-0.0042772786053078,-0.000146101876343785,-0.000362212980926202,-0.000986011874477555,-0.00256567508974115,-0.00117982557691665,-0.000715297322972042,-0.000222988324730444,-0.00477180716224357,-0.0017762206718599,4.84030640928168e-05,-0.00155547517676879,-0.00469451364591222,0.230428747891418,-2.12485144723829e-05,1.55624559887713e-05,-0.0030329814012191,-0.00542804594981527,-2.88357453470667e-06,-0.000201249273724002,-0.000233779037172255,-0.000741584360027581,-0.00048453805336468,-0.00153126588031771,-0.0020619805599309,-0.00160611249378118,-0.0059937183971881,-3.58349990872142e-05,7.73479414073464e-05,-8.57037497228319e-05,-0.00133622209572959,-0.00271195160136006,-0.00463829423004913,-0.00387386034139148,0.000149703056789185,-0.00186891036551451,-0.00109051753698708,-0.00013400042230316,-0.00227774711250195,-0.00114353993596339,-0.00109976829329828,-0.000847420380303276,-0.000530924062213334,-0.00170869265030138,0.000104527280985423,-0.00365721321206447,3.31444885812715e-05,7.30710154845937e-05,-0.00174038509765317,-0.000874815862239586,-0.000248040063585364,1.4885205477988e-05,-0.000862801604307961,-0.00231931149904696,-0.000366959796482824,-0.00223942165750124,-0.000995571641451143,-0.00178422400451872,-0.00293470504850823,-0.00124190823967218,-0.0110747590426574,-0.00146890455160076,-0.000285258590841053,-0.00859055656379049,-0.000603495947197441,-0.00736570341748166,-0.00112940275835705,-0.000741426102602194,-0.000541788397448784,-0.00702695340310111,-2.41999308965291e-05,-9.36278652101663e-05
"4:166927567:T:C",-5.58744881473672e-06,-0.00235863661015845,6.57633237732824e-06,4.39685253894595e-06,-4.06885465764617e-07,3.25350168859373e-05,-0.00153570731697439,-0.0111190676880737,-1.57598395205127e-05,7.89776159226818e-06,-0.00243427461266332,8.21394084482563e-06,-0.00198151068568286,-0.00292310601293799,1.12823500186821e-05,-6.06261406321806e-06,1.86713710874642e-05,7.89776159049183e-06,-0.00470696903843226,-7.53871917336113e-06,-1.22433301310565e-05,-1.28037555171545e-05,-0.00198151068568286,8.13226782803156e-07,-0.000453044609215247,-0.00246843137019326,-0.00510196701454912,-0.0021170071238954,-1.06194351445765e-05,-0.0023106985119119,-0.00240361519054932,-0.00148607569726078,1.54981522006992e-05,-1.28037555171545e-05,-0.00287530032865302,-0.00185427099537705,-6.79636415679141e-06,-0.00215624708267903,-1.39546661745982e-05,-0.00257706104914401,-0.000633284907798348,3.52430882823995e-05,-0.00429161974878411,-0.00219811462902442,2.1618662520595e-05,-1.65036780046535e-05,-2.1626339716363e-05,-0.00852546558910117,-2.10656857291269e-06,-0.00215624708267903,-1.39546661745982e-05,-2.7022321938297e-05,-1.77176378848287e-05,-0.00105604428377148,-1.6383606825876e-05,-0.00489902730829339,-6.06261406321806e-06,-0.00672750976484071,-0.00185427099537705,-0.00307146797932223,-2.1626339716363e-05,-0.00282809879336998,-2.12485144723829e-05,0.181110458998449,-0.00152431992142699,-0.00402457508232512,-0.00381754895041908,-0.00409212904960388,-3.25611818219329e-05,-3.82331328196983e-05,-0.00190352117978509,-3.41987666878651e-05,-0.00157040685812326,-0.000667159810889828,-0.00446299904801961,-2.84419181557638e-05,-5.58744881473672e-06,1.18401747037922e-05,-0.00126999431531782,1.47826790950489e-05,-7.03805163926319e-06,-0.0021170071238954,-0.000785858761919833,2.19406544799128e-05,-5.54487204960097e-05,-2.84425678707123e-05,-0.00099287411966209,-0.00249352787319257,-6.73734092719869e-05,1.52638462678212e-05,-0.00414548642520618,-0.00854410477268708,-0.00180199270448789,1.57284018147408e-05,-0.00201120088098072,5.52184419522206e-06,-0.00306718636844838,-0.000181238815915918,-0.00422823422483098,-2.0276842701783e-05,2.54625698659083e-06,-0.00249622097052882,-0.00897212425065064,-4.76957606023731e-05,-3.00210855197491e-06,-0.00191282784968294,-0.00232201438098034,-0.00337785767728782,-5.95373506264707e-05,-0.00101644262826017,-0.00358781523943463,-4.18140070648221e-05,1.04077953517745e-05,-0.00161855903007613,2.96536896371435e-05,2.28673335005425e-05,-0.00364062231511175,-0.00092234444987227,-0.00207862483299515,-1.40110987176811e-05,-0.00194669210589815
"4:166928627:T:C",6.41860833168195e-05,-0.0080385202200679,-0.000162258957451478,-6.00554316498858e-05,3.74349207898916e-06,-0.00259715933533489,-0.00410996389178742,-0.00635999411516419,9.25707525567532e-06,-0.000117249988464074,-0.0028848616789543,-0.00672352755968486,-0.00452470961541707,-0.0013406135943379,-0.00553139348031007,-0.00281443058912689,7.5725544760985e-05,-0.0041231112523894,-0.00403581040007861,-0.00445870355639855,-0.00158664449167212,0.000133600189042404,-0.00452470961541707,-0.000513635071134999,-0.00399774848688761,-0.00654372995622943,-0.00995031645824751,-0.00546716593252583,0.00011713212220954,-0.00685422443290884,-0.0034649536473963,-0.00322540766684831,-0.00414308898198978,-4.65369266757776e-05,-9.30649727060029e-07,-0.00402771513688638,-0.00239477082326722,-0.000343692430394782,-0.00918633258035317,-0.0154771697745861,-0.00760614609429489,-0.000167271873694474,-0.00357454774445642,-0.00219669699478153,-0.00398180012307137,0.000170552224910914,-0.000177585114670364,-0.00603569175480212,-0.00410922011914572,-0.000343692430394782,-0.00918633258035317,-0.00317970408134549,-0.00112629108662965,-0.00393212978382618,-0.00384657837181202,-0.000913862527020193,-0.00047319460156281,-0.00778943038005497,-0.00270126236978818,-0.00349410410626927,-0.000892795681005865,-0.00622608493111665,1.55624559887713e-05,-0.00152431992142699,0.410432651218207,-0.00287672875120881,-0.00183920186025022,-0.00362056956347079,-2.74769364398963e-05,-0.000581943635802773,-0.00663573862029843,-0.00471484306040271,-0.00468120729851762,-0.00239235230893042,0.000271844458237247,-0.00250063603495088,-0.00502901217488194,-0.00197067113669025,-0.00149591184974618,-0.00263646748632063,-0.00381864805002952,-0.00242851124766297,-0.00759219716935133,-0.00124664154143783,-0.00392601065337139,-0.00689465645410481,-0.00218505507200639,-0.00195053162627801,-0.00158853525751024,-0.00103222500937061,-0.00252000510654593,-0.00686023877883013,-0.00723952927379834,-0.000260473030009756,-0.00104978505043496,-0.00194608307481836,3.38482649127059e-05,-0.0014309624568698,-0.00830342718581623,-0.00352954111876258,-0.00817101285752919,-0.0031203087993239,-0.0156397429158814,-0.000385755115095421,-0.000931652171905384,-0.00568029776994017,-0.00398997951977975,-0.00839652100805566,-0.0012523927675181,-0.0118198854731464,-0.00192121998685835,-0.00618938629282439,-0.000517256462026161,-0.00145708005578227,-0.00410442334907168,-0.000951896863152335,-0.00511184797376751,-0.000264546130939181,-0.00307163725003345,-0.00376078088068343,-0.00467478220939732
"4:166932819:T:C",-0.00145807012094501,-0.00752231279780879,-0.00359356438160496,-2.61059428483534e-05,1.93095537959209e-06,-0.000230826043352117,-0.00655968045053346,-0.0139766169170361,8.15131275544445e-06,-0.00376982409292737,-0.0013971335514853,-0.000810744081017667,-0.00221377244500154,-0.000860852701767278,-0.00258783250730765,-0.00185470603793103,-0.000870452882021588,-0.000591766699749918,-0.000598061244462933,3.53898786604745e-05,-0.000215222156535688,-0.00755867846618941,-0.00221377244500154,-0.0103794910782371,-0.00433076043474712,-0.000283862147786529,-0.00134905471177937,-0.0023661353232276,-0.000175433190587881,-0.00348483741374928,-0.00449358612131379,-0.00189411486384916,-0.000773283628115351,-0.0022413888587387,-0.000704753013780035,-1.02159401889068e-05,-0.00276900204093433,-8.80950482091691e-05,-0.00229927651295636,-0.00531830120155252,-0.00491637962812463,-0.000186645024093934,-0.0125736601518387,-0.00140295536426294,-7.25500707803306e-05,-0.000143467653177964,-0.000318016732749449,-0.00152677119148414,-0.00299667237649981,-8.80950482091691e-05,-0.00229927651295636,-0.00320622622421318,-0.00747854109858537,-0.00256118116525439,-0.000478204387523107,-0.00442354348136753,-0.00185470603793103,-0.00164811028143852,-0.000387773887830178,6.60198277708801e-05,-0.00170004440784055,-0.0072131308456993,-0.0030329814012191,-0.00402457508232512,-0.00287672875120881,0.330532285525389,-0.00251975285740214,-2.69859114805371e-05,-0.00333676781025094,-0.00136316117765123,-0.00280664450868873,-0.00293861700369114,-0.013912419310862,-0.00397424045682904,-0.00275346257891229,-0.0180091343119004,2.76401829957251e-05,-0.00261066695123446,-0.00241429117463099,-0.0011930453474065,3.3439258277923e-05,-0.0023661353232276,-0.00250404714472818,-0.000621161883874954,-0.00351324063105007,-0.00126187149231161,-0.0124826283360595,-0.00496644229913734,-0.00315409206723949,-0.00413965845047137,-0.00083268633710798,-0.0011402833685179,-4.31642761409279e-05,-0.00100631656431371,-0.00106127298899761,-0.00859143797785222,-0.00258783250730765,-0.00209727983966967,-0.000292321371307303,-0.00132824138444221,-0.00145137051729183,-0.00547716456337266,-0.00143916138974243,-0.00243788172088522,-0.00770418252472194,-0.000281741104601885,-0.000205888274607879,-0.00408249662015203,-0.00172499726952235,-0.00135761294691727,-0.00336217858066412,-0.00121670742783397,-0.000202634897346954,-0.00669440679570155,-0.00413744977424635,-0.000525623070647185,-0.00324287408583812,-0.00122167796728068,-0.00265925135623135,-0.000125183630856895,-2.3244476174078e-05
"4:166939490:A:G",-0.00146400856776641,-0.0105820356133655,-0.00329564771252766,-7.41343114460946e-05,-0.00436747968636997,-0.00400909087538315,-0.00313086312476862,-0.00267350441712688,-0.00512414235313008,-0.00180734733555088,-0.00153909135805863,-0.000700424624477058,-0.000734536872209368,-0.0161595169779245,-0.00116501667062074,-0.00504189525506415,-0.00629683953388049,-0.00169775919688941,-0.00543891900954252,-0.00440430644825796,-0.0020348808978925,-0.01011691328456,-0.000734536872209368,-0.00775272148068185,-0.00639254984379045,-0.00388879742006809,-0.00705281724686069,-0.000741115118353619,-0.000344057193130354,-0.0110170896873014,-0.00311581255023619,-0.00303225698409237,-0.00821946310733246,-0.00232378159090985,-0.0014912842647119,-0.00314432716695023,-0.00672248451943513,-0.00223095198825662,0.000157857755844759,-0.0121123616509164,-0.0209752272702572,-0.00340429191270042,-0.0109977103665977,-0.00143183795670598,-0.00299845819147304,-0.000814622012170751,-0.0093766371891606,-0.0162565053019157,-0.00239950441046055,-0.00223095198825662,-0.000376952414722354,-0.00606473653892259,-0.00996677160919379,-0.00247077869329804,-0.00377122657720008,-0.00606643504816962,-0.00556613912138282,-0.00700556861947366,-0.00382274535473792,-0.0026328771594395,-0.00396684617842347,-0.00631988247668547,-0.00542804594981527,-0.00381754895041908,-0.00183920186025022,-0.00251975285740214,0.600530475394221,-0.00436747968636997,-0.00957994947154717,-0.00342838381953836,-0.0172106617749801,-0.00732117574965407,-0.00453466738554287,-0.0177841835760195,-0.000566954539465314,-0.00282129651978869,-0.00138072836340442,2.30787120365505e-05,-0.00230899246442107,-0.00351962221822788,-0.002272661679668,-0.00639914538614317,-0.0053193185485445,-0.00688903022988008,-0.0132122615811721,-0.0119505596934659,-0.00616821339074702,-0.00148178347930061,-0.011349308014811,-0.00732051021411184,-0.00186118124910939,-0.00184482603380998,-0.00617055178725057,-0.00219228659435444,-0.00638608945429331,-0.00327369329026084,-0.000728090617672983,-0.00360542064520786,-0.00190773241139741,-0.000585519263125001,-0.000126566646923898,-0.00681153643176158,-0.00322800829411163,-0.00788933922269575,-0.00725288593635565,-0.00332552837223243,-0.00365123255688982,-0.00846276256221978,-0.00864862622333185,-0.0152877535934528,-0.00284550722033083,-0.00516720473264609,-0.0140965986907569,-0.000479335883797116,-0.00505939787005705,-0.000785603380166755,-0.00107396606807031,-0.00490936441583489,-0.00213430609843046,-0.00298470642148185,-0.00605288328598563
"4:166941368:A:C",-0.00326451886467716,-0.00398320866986168,9.13509867750406e-07,6.07392329321499e-07,-5.51981402807655e-08,4.49253366330282e-06,1.56119832261936e-06,-0.00404490300638471,-2.16094949045953e-06,1.09253053892644e-06,-0.00355920112667896,1.1353983699891e-06,-6.62594183964416e-07,2.46955530514015e-06,1.56119832261936e-06,-0.00345667800986593,2.58012551945797e-06,1.09253053892644e-06,2.01506736097201e-06,-1.03411766527728e-06,-1.6848761470456e-06,-1.76080958969038e-06,-6.62594183964416e-07,-5.57160780623178e-07,-0.00388199535967271,1.23093845072475e-06,-8.14754335198842e-06,-2.26514956125357e-07,-0.00179985167444485,-0.00368066156959923,3.69769965935518e-06,-5.32323991553341e-06,2.14169470780234e-06,-1.76080958969038e-06,2.96477193284517e-06,-7.294133057556e-07,-9.0436055355525e-07,1.39636072482574e-07,-1.9166755125255e-06,-0.00344046914828322,1.49284667028127e-06,4.86549788458746e-06,1.38498095569872e-06,-0.0027602590746536,2.98715306534802e-06,-0.00179202718291727,-2.96995757498308e-06,-0.00413999231326301,-2.85601567284743e-07,1.39636072482574e-07,-1.9166755125255e-06,-3.71615421634885e-06,-0.00281784435981258,-1.12785640151714e-05,-2.24530153225544e-06,-6.5063004095478e-06,-8.34084366907462e-07,-0.00396708455124184,-7.294133057556e-07,1.04892504904086e-06,-2.96995757498308e-06,-1.77800448586396e-06,-2.88357453470667e-06,-0.00409212904960388,-0.00362056956347079,-2.69859114805371e-05,-0.00436747968636997,0.112844683735405,-4.48247023321358e-06,-5.26756304708442e-06,-2.73086846620529e-05,-4.70413127295899e-06,-1.83806574138856e-06,-0.00376117730945946,-0.00344468906050288,-0.00365907944687471,-7.69652941379206e-07,1.63678255571398e-06,-1.83806574138856e-06,2.04477934051539e-06,-9.66290887305377e-07,-2.26514956125357e-07,-2.67206880444348e-06,3.03076270835589e-06,-0.00334924761345246,4.55435140089833e-06,4.85061927246733e-06,1.60102745283552e-06,-9.26918423527212e-06,2.10994640070794e-06,-1.21815262792424e-05,-0.00432323426051706,-0.00362771340975065,2.17290302906292e-06,-0.00382572833167139,7.70812197181669e-07,1.56119832261936e-06,-1.10312916312694e-06,-1.19605226718278e-05,-2.78734667258362e-06,3.56530902578811e-07,-0.0042885900768086,-0.00377124100702453,-0.003279948329733,-4.06885465764617e-07,-1.13226809022038e-05,1.23093845072475e-06,-0.00446807978685282,-8.18847632100272e-06,-2.10353454859202e-05,-0.00378726416752784,-5.75233310406986e-06,1.44279161595762e-06,-0.00398803253930691,-0.00442456266545665,3.16381264919841e-06,-9.52581920010687e-06,-1.25566716446812e-05,1.31366925515408e-06,2.93452782074155e-07,-2.12193128401594e-06
"4:166942361:A:G",-5.20678874664782e-05,-0.00119013354045183,-0.00353782012134563,4.24928204427744e-05,-4.48247023321358e-06,0.000453100826375064,0.000112268120373571,-0.00141985228856534,-0.00014364333932626,-0.00334461628629867,6.79695022318683e-05,8.09847934339913e-05,-5.24876553908982e-05,0.000188907711252462,0.000112268120373571,-5.69261716822922e-05,0.000202395622361351,7.6971547708915e-05,-0.00292356901667823,-7.18652968023648e-05,-0.000110711512604666,-0.000116028729648221,-5.24876553908982e-05,-0.00479096909248877,-0.000619945953946655,-0.0013894148557414,-0.000478637549411687,-1.82618856898742e-05,-9.5148763030295e-05,-0.00479936818280091,-0.00195468979454194,-0.000324204996559274,0.00016280891759024,-0.000116028729648221,0.00023934763029132,-0.00089845338365091,-8.10623201656924e-05,2.5440341691052e-06,-0.0044375746933909,-0.00177005216323245,-8.9118547303535e-05,-0.000629304335157066,-0.00107217483030109,0.000288498135470938,0.000242427976928639,-0.000143650150167929,-0.000189270379509665,-0.00151217870176446,-0.00108688487864672,2.5440341691052e-06,-0.0044375746933909,-0.000228675327892169,-0.00136403605243185,-0.00128751892104706,-0.00179061396981695,0.000329801122493478,-5.69261716822922e-05,-0.00259392245102585,-5.7630941500797e-05,7.29090595950055e-05,-0.000189270379509665,-0.00542941978536238,-0.000201249273724002,-3.25611818219329e-05,-2.74769364398963e-05,-0.00333676781025094,-0.00957994947154717,-4.48247023321358e-06,0.129921862853255,0.000109849295196085,-0.00276799055888688,-0.000280612398640301,-0.000121412795565767,-0.00736930194303742,0.000152077391462946,-0.00210723957588055,-5.20678874664782e-05,0.000119910469509321,-0.000121412795565767,0.000152077391462946,-6.68237480843104e-05,-1.82618856898742e-05,-0.00343098910158712,0.000248475986059482,-0.000432248652994183,-0.00755614216388079,-0.000898650384330679,-0.0013905017271032,0.00150088543937787,-0.0025899019715423,-0.00140645048216204,-0.000490451673850423,-0.0015484845596605,-0.00215027147208868,-0.000157361549059765,4.74474464020602e-05,-0.00700284425936282,-7.69702372993564e-05,-0.000908649220737523,-0.000177429800030993,-0.000534358907768429,-0.000253366856767023,-0.00503454577314333,0.00231642651474129,-3.25611818219329e-05,-0.00081899118367712,-0.000485653113146967,-0.000922565868558323,0.00318088369400549,-0.00407108589263583,-0.000862700812437112,-0.000333252079927959,0.000100444127010491,-2.58584499226444e-05,-0.000142668588230421,-0.00134871335714681,-0.00376574841704125,-0.000455857151175465,-0.00353986939934003,-0.00351686161928555,-0.00107028909049856
"4:166944720:C:T",-5.98803740050613e-05,-0.000713255860770978,6.85670529598781e-05,4.87706044438596e-05,-5.26756304708442e-06,0.000524602847884914,0.00012854061255485,6.84849196908033e-05,-0.000422141493816142,8.81549855415997e-05,-0.000561053073824702,9.29065519716943e-05,-6.15953618927634e-05,-0.0012940008192821,0.00012854061255485,-6.55663685638075e-05,0.000232822865608107,8.81549855398234e-05,-0.000631938718687053,-8.30409303915758e-05,-9.24633189054447e-05,-0.000133444092762502,-6.15953618927634e-05,-4.77248219663551e-05,-0.000729910539122969,-0.00315557131452238,-6.06440650319229e-06,-0.000707897968944771,-0.000109099423322156,-0.000758185475388196,-0.00322634840697411,-0.000893733122859786,0.000187155373984282,-0.000195868253870302,-0.00177955496384286,-6.76211403156657e-05,-9.64594954835363e-05,1.69883024181416e-06,-0.000146067440056186,-0.00239777933907259,-0.000357501639878244,0.000665543967937055,9.1859620590995e-05,0.000332779731752275,0.000279099371720548,-0.000164521403758222,-0.000217491890061261,-0.00327914253019035,-2.69776623191831e-05,1.69883024181416e-06,-0.000146067440056186,-0.000262084142843122,-0.000177282694837189,0.000541030190004399,-0.000172273231285658,-0.000103310801474521,-6.55663685638075e-05,-0.00351953326651699,-6.76211403156657e-05,8.33463007854363e-05,-0.000217491890061261,-0.00143834682019861,-0.000233779037172255,-3.82331328196983e-05,-0.000581943635802773,-0.00136316117765123,-0.00342838381953836,-5.26756304708442e-06,0.000109849295196085,0.0936153897048468,8.47851630467744e-05,-0.000321061655931487,-0.00013971702947746,-0.00219819510573771,0.000174341752138041,-2.95413496660402e-05,-5.98803740050613e-05,0.000137624515597068,-0.00013971702947746,0.000174341752138041,-7.7145383598598e-05,-2.14518441694622e-05,-0.000230910720770972,0.000286398834910884,-0.000494159006582784,-0.00827130316536451,-0.0104384406078841,-0.00379310398922961,5.12914189076952e-06,0.000182935595138822,-0.000718354957365719,-0.00184555907674433,7.35534083435851e-05,0.000191324947732774,-0.000185629502851725,-0.000828526898745352,0.00012854061255485,-8.90089059151222e-05,-0.000707025755226631,-0.00636714298353969,2.3255441576886e-05,-0.000291699157625835,-0.00729320318045978,-0.000430661741167349,-3.82331328196983e-05,-0.000673975659983839,8.98942193723329e-05,-0.000596168165519551,-0.000510923469929203,-0.00367163786117075,-0.00463463146571641,-0.000380698506662114,0.000114494833730383,9.7995688870256e-05,-0.00136153265843664,-0.000887975506045358,-0.000461537909454357,-0.000266260957134001,6.40187535294601e-05,-0.000783457089434947,-0.00560004937430048
"4:166945293:G:T",-0.0016980868336578,-0.00592676819951166,-7.26563506008304e-05,-1.4885270381626e-05,-2.73086846620529e-05,-0.000920314987568283,-4.25356887179262e-05,-0.0062882482892781,-1.59938573132123e-05,-2.8262893951414e-05,-0.000435599130654829,-2.93835310785084e-05,-1.44028452089273e-05,-0.00123226554577993,-4.25356887179262e-05,-0.000489628614690929,0.000139991237615433,-2.82628939523022e-05,-0.0033275949228555,2.15887140697646e-05,3.38897982015141e-05,3.51655778665361e-05,-1.44028452089273e-05,-0.00242118823887871,-0.0110272587528994,-0.000135544292096057,1.64741921846456e-05,-0.00199766489835707,-0.000218569114140088,-0.00051974186075654,-0.00098469188381678,-0.0010070886288025,-0.000156394127139414,-0.00264387452313386,-9.60188438865472e-05,-1.88230741740014e-05,-1.18635236141529e-05,-4.14855996400121e-06,3.77446625270395e-05,-0.012631257383994,-0.00398605508610572,-0.000280546874361853,-8.2371495368605e-05,0.000140444332763501,-0.00189176412464853,-0.000576832820690321,-0.00512043896359149,-0.00397323166142272,6.02878723743316e-06,-4.14855996400121e-06,3.77446625270395e-05,-0.00599991378049403,-0.00210726966558639,-0.000300711343019344,-0.00062383370437491,-0.000183085062193555,1.7838336876963e-05,-0.00567464856734112,1.48940031641231e-05,-2.7132180469458e-05,5.45540563843261e-05,-0.0116759792116965,-0.000741584360027581,-0.00190352117978509,-0.00663573862029843,-0.00280664450868873,-0.0172106617749801,-2.73086846620529e-05,-0.00276799055888688,8.47851630467744e-05,0.221832938425561,-0.00194009067199374,3.64505149228478e-05,-0.00456961767878594,-0.00132299942243996,-5.90039903825001e-05,1.66072914176141e-05,-4.47073075022786e-05,3.64505149228478e-05,-5.88200265800864e-05,2.03289704012732e-05,-0.000645280016160044,-0.00519691369274256,-0.000779355982916563,3.11616239470069e-05,-0.00907582407752683,-0.00165230672949424,-0.000589943628634515,-0.00393177068628781,-6.08943173565635e-05,-0.00175179245299351,-0.000533895797860673,7.83134403485874e-05,-0.000427982060021037,-0.00370396528863726,-0.00160398141464402,-4.25356887179262e-05,-0.00214921176647032,-0.0017176333353115,-0.00368712980658259,-0.00372250218087178,2.60197334087664e-05,-0.0132773243635835,-0.00358146972600348,8.50998953794146e-06,-0.00499764528421309,-0.000100577646891864,0.000115922421173309,-0.00438572069300669,-0.00527588504391296,-0.000949375816335252,8.99329690939865e-05,-0.000558832934984821,-0.00674578366032197,-0.000497479808210244,-0.0013995228088719,-0.00243273270897859,-0.000106730882885486,-0.000153904241602554,-5.96224045530391e-05,-1.83358058292171e-05
"4:166949650:A:G",-5.43733583073802e-05,-0.000322142979452877,-0.000236024645995592,4.42352975884575e-05,-4.70413127295899e-06,-0.00590052497130689,-0.00213873573180479,-0.00312014077547618,-0.00656417486030936,8.00126738047524e-05,-0.000249405219614474,8.42117879251703e-05,-5.51586315751251e-05,0.000195891085606803,0.000116593133805409,-5.94826548860894e-05,-0.000884765053454473,8.00126738038642e-05,-0.0143778378259372,-7.52022171912614e-05,-0.000115783681881254,-0.000789013642646275,-5.51586315751251e-05,-0.00121836742896608,-0.00698824808651288,-0.00350301941904085,-0.000506009346295855,-1.91725015392663e-05,-9.93866848650882e-05,-0.00133247601002484,-0.000307364809263078,-0.000957864319243384,0.000169025168522019,-0.000121389051489729,0.000248052279228084,-0.00234829052638563,-0.000362479005768357,-0.00315098738857689,-0.000132817446857558,-0.00326880861670098,-0.00448291104632759,-0.00157211309405447,-0.00278075780332454,0.000298761529134772,-0.00198138146000737,-0.000150189512939214,-0.00346996090977214,-0.00428746311269101,-0.00127047609668995,-0.00315098738857689,-0.000132817446857558,-0.00632742663947372,-0.000161777890515857,-0.00250687391368221,-0.00103556527840176,-0.00257230432286537,-5.94826548860894e-05,-0.00514333330596273,-6.05724829352283e-05,-0.00263363245538439,-0.000198379084512368,0.00022133127720636,-0.00048453805336468,-3.41987666878651e-05,-0.00471484306040271,-0.00293861700369114,-0.00732117574965407,-4.70413127295899e-06,-0.000280612398640301,-0.000321061655931487,-0.00194009067199374,0.196313243872433,-0.000127066508788687,-0.0027409447284068,0.000157828988022857,-0.00281244656609747,-5.43733583073802e-05,0.000124579017908744,-0.000127066508788687,0.000157828988022857,-6.98958464280253e-05,-0.00344812384065296,-0.00252050656989677,0.000257542686091128,-0.00427384053680324,-0.0028989647343427,-0.000545554540903659,-0.00156945894450189,-0.000521729264583826,0.000165339782864038,-0.00115188334820271,-0.000386856910332689,-0.00172866437999009,0.000172665029972485,-0.00676329345377624,4.90894265672281e-05,0.000116593133805409,-8.05768077896118e-05,-0.00112436731814203,0.000909377297023894,2.15473627660501e-05,-0.00494076972871937,-0.00394810950226621,-0.00101069465029902,-0.00123061342086128,-0.00103273061445819,8.25320218362791e-05,-0.00690273556188359,-0.000471932194398228,-0.00317411733117989,-0.00276790790007864,-0.00109617527561667,-0.0027131443556172,-0.00313446737240852,-0.00139707106825693,-0.00152281782195995,-0.00366504204073825,-0.00154475622740247,3.07512143828959e-05,-0.00302834426820997,-0.00223244518151589
"4:166950252:T:C",-0.000995892839618762,-0.00337055559873356,2.83144501045385e-05,1.91370806783553e-05,-1.83806574138856e-06,-0.00148240814802314,5.10250433825021e-05,-0.00165121567390525,-6.33279117350227e-05,3.49413505285057e-05,-0.00288380800231725,3.65458804241214e-05,-2.15838786603584e-05,-0.0118035662954554,5.10250433825021e-05,-0.00118985732470289,9.05241956070668e-05,3.49413505285057e-05,6.21574284762616e-05,-3.14663334792797e-05,-4.94538724771232e-05,-5.16904851250999e-05,-2.15838786603584e-05,-2.24174036276281e-05,-0.001707527172222,3.81573259087276e-05,-0.00148916109708797,-7.49452848403109e-06,0.000450018520268713,-0.00285460739856802,-0.0060857928181326,-0.000591973080497077,7.2982642002728e-05,-5.16904851250999e-05,0.000106985449636277,-2.37060012704404e-05,-0.00155696310859899,2.92345498653646e-06,-5.62527934935275e-05,-0.00208466857499445,-0.00495694400092361,-0.00422034200157828,-0.00565301962384535,0.000127861715419897,0.00010813766616824,0.0004369309798129,-8.44277462999088e-05,-0.000417140686360895,-9.42896301836527e-06,2.92345498653646e-06,-5.62527934935275e-05,-0.000102982470651547,-6.96807911948483e-05,-0.00150150798841509,-6.5750557033617e-05,-0.00642539437639833,-2.52548099082262e-05,-1.17614236154751e-05,0.000182472928602628,-0.00220530358348192,-8.44277462999088e-05,-0.0111960880653283,-0.00153126588031771,-0.00157040685812326,-0.00468120729851762,-0.013912419310862,-0.00453466738554287,-1.83806574138856e-06,-0.000121412795565767,-0.00013971702947746,3.64505149228478e-05,-0.000127066508788687,0.205445102526426,-0.00768797693274603,6.8817078865635e-05,-0.00879051094461314,-2.32371161770217e-05,-0.00177709325780295,-0.00114745655894843,6.8817078865635e-05,-2.93689086134918e-05,-7.49452848403109e-06,-0.00568973376115167,0.000110398698859093,-0.00124039991778258,-0.00193666836246198,-0.00847367227399243,-0.000122292541462343,-0.00480183820161439,7.16117594921073e-05,-0.00225683843237334,-0.013989619134092,3.00032959028584e-05,7.43363259152474e-05,-6.27246442412854e-05,-0.00182535505514814,5.10250433825021e-05,-0.00136780201168207,-0.00221907008515476,-7.93805560386218e-05,1.03628364582775e-05,-0.00134606406439097,-0.0027675128783855,-0.00358611546310428,-0.00645932325382859,-0.00208641334496917,3.81573259087276e-05,0.000308867834229787,-0.00443822945265282,-0.00322252083276808,-0.00144033296137547,-0.000151640812030784,4.63571842184152e-05,-0.00125371812855768,-2.98181016908927e-05,-0.00841269776282783,-0.000507883499917039,-0.00066145287314523,-0.00265122186786293,-0.00174964157819613,-0.000148981832547967
"4:166960363:G:A",-0.00543306791320397,-0.0147571331697951,-0.00174423319377937,-5.09706867353188e-05,3.28437801933035e-06,-0.0104037450751608,-0.0016229533365113,-0.015171700854661,-0.00541459321122773,-0.0040596371472672,-0.00400096945898287,-0.00251954030711765,-0.00238805513076557,-0.0155818007992927,-0.00300697050290122,-0.00416374585992951,-0.00182446406265147,-0.00304839841050253,-0.00620362532567276,-0.00231304067547722,-0.000141720863926054,-0.00725113707653335,-0.00238805513076557,-0.00212610813861325,-0.00371501301531829,-0.00465050794796751,-0.00219939981939499,-6.62682943719517e-06,-4.7453970989153e-05,-0.0110921652902181,-0.00487230370699798,-0.0039566759117764,-0.00173787380229751,-0.00345080004126963,-0.00398054648620949,-0.00465133994636568,-0.00297297798108964,-0.00309295993911451,-0.000515505194957022,-0.00555144187569878,-0.0249513551773379,-0.00260774921672713,-0.00659164876591811,-0.00240428537429604,-0.00386107904885424,-0.000142921077022962,-0.0076993030286836,-0.00818395370099978,-0.00320498426489646,-0.00309295993911451,-0.000515505194957022,-0.00678436837313878,-0.00801105463551099,-0.0021695398102497,-0.000967776162884348,-0.00279186674379428,5.51802558028669e-05,-0.00538533712567846,-0.0014037507129685,-0.00424959599438068,-0.00396113971660395,-0.0164716384114767,-0.0020619805599309,-0.000667159810889828,-0.00239235230893042,-0.00397424045682904,-0.0177841835760195,-0.00376117730945946,-0.00736930194303742,-0.00219819510573771,-0.00456961767878594,-0.0027409447284068,-0.00768797693274603,0.545755562966858,-0.00514271717361137,-0.000877795303737106,-0.00513406519625725,-0.000229565846630919,-0.00304627391409085,-0.00350778177281796,-0.000311642794549094,-0.00498547897301815,-0.00325666131460878,-0.000935537617803739,-0.00371474640239144,-0.0116187420915264,-0.0040586811529324,-0.00326134809338718,-0.00729160552824126,-0.00214672675698147,-0.00329260263233833,-0.00823329075742585,-0.00492504924713888,-0.000745608765879702,-0.00154313207118983,-0.00197732322761457,-0.00126236299784388,-0.00539417496837302,-0.0033882200690849,-6.60957040903298e-05,-0.003746190887159,-0.0130898435579256,-0.00667839442827312,-0.0132415021244969,-0.00427817867264402,-0.0060773899121882,-0.000137601248286323,-0.00673144668006209,-0.00892548296416873,-0.00217406428549216,-0.00505935624960818,-0.00283753491471206,-0.00396299838513503,-0.0111323599645279,-0.00425842598540704,-0.00190596095784334,-0.00408616331198886,-0.00518581693926912,-0.00221528046679254,-0.00178112759208959,-0.00519347672220283
"4:166960481:C:T",3.07311851388548e-05,-0.0127962061750422,-0.00318071354850602,-2.68138113037608e-05,2.04477934051539e-06,-0.000317874668802176,-7.50686557946523e-05,-0.00126622952155842,7.8811894415054e-05,-5.04786366004595e-05,-0.000412064828862135,-5.22852327184964e-05,2.37487749306098e-05,-0.000128711651729674,-0.000975984380293227,3.29436296961916e-05,-0.000619778676019145,-5.04786366022358e-05,-0.00139343678695614,-0.0025868683478425,6.39784817764166e-05,-0.00227287463522963,2.37487749306098e-05,-0.00319823681971254,-0.0064454232108373,-6.07089345310285e-05,-0.00398469365815934,8.31103193377203e-06,5.69098626526099e-05,-0.00973041357680948,-0.00328717708117754,-0.001963699319532,-0.000527319193081688,6.63848953488255e-05,-0.000161492210865255,2.60532062279495e-05,-0.00175897247984302,-8.77763097850703e-06,7.12754447951269e-05,-0.0018074896155138,-0.0044240000175515,-0.000422322360726035,-0.000264987507557102,-0.000489973052554937,-0.000162759996117146,8.50997328027958e-05,0.000105620529074812,-0.0126384330411193,1.04449356639336e-05,-8.77763097850703e-06,7.12754447951269e-05,0.000129178251792261,9.00685091851372e-05,-0.00233953598009862,8.13792932072843e-05,1.89322626837907e-05,3.29436296961916e-05,-0.00217846560343204,2.60532062279495e-05,-4.86523558231866e-05,0.000105620529074812,-0.00135181919177185,-0.00160611249378118,-0.00446299904801961,0.000271844458237247,-0.00275346257891229,-0.000566954539465314,-0.00344468906050288,0.000152077391462946,0.000174341752138041,-0.00132299942243996,0.000157828988022857,6.8817078865635e-05,-0.00514271717361137,0.181682390354725,-0.0014675897203178,-0.00225170961347221,-7.84623373819571e-05,6.8817078865635e-05,-0.000102231968600819,3.74395664906046e-05,8.31103193466021e-06,-0.00147300993807864,-0.000165252874680277,-0.00502932318204419,-0.000436387560836415,-0.00151599307816053,-0.00249766817650521,-0.00144195125336566,-0.000105370966004159,3.94626072477422e-05,-0.00819695861035807,-0.00275821020388456,-0.00010844107941832,-0.00164103893245215,-3.72627440379247e-05,-7.50686557946523e-05,4.20327772303608e-05,2.47162681912272e-05,0.000100325485534292,-1.70123699323455e-05,-0.00136104623171818,-0.00680453809361481,-5.83060839698391e-05,1.47826790950489e-05,-2.94306580475023e-05,-0.00130757500285661,-0.00559147969812468,-0.00160770252198006,-0.00617683197421659,-0.00729466635608933,-0.00175979700559648,-6.9835069826496e-05,-0.000746338406606206,-0.00388869285498661,-0.000180098391032502,-0.00695416881312427,0.000336469128086492,-0.00698643639643404,-0.001333015938072,-0.000102379190531465
"4:166960804:C:G",-0.00150781657417198,-0.00926259491035086,-0.00192081878413841,4.62961288718589e-05,-0.00410408053263556,-0.00495648230514423,-0.00538596336639063,-0.0145008991204953,-0.00130485933652658,-0.000104271739261641,-0.00355911245109297,-0.00695070729306568,-0.00474660199419663,-0.00120042283230237,-0.00527336088173858,-0.0043605109881959,-0.000613316796658658,-0.00601196076138955,-0.00306690573343449,-0.0052796301563367,-0.000364719340052666,-0.00719548975798823,-0.00474660199419663,-0.00215653091941714,-0.00938906486039892,-0.000481564755813402,-0.00254172149732979,-0.00100695993793209,0.000117649194852909,-0.0037271767536855,-0.00693196548716202,-0.00341702931173504,0.000162532663646076,-3.9249564496302e-06,-0.000260531534539865,-0.000313617062101201,-0.000702274853185969,-0.000425657968275317,-0.000210536643578507,-0.00478428288100385,-0.0042270118804808,-0.00132413675898846,-0.00689541941017513,-0.000672907385261823,-0.00586339758493093,0.000271648723651374,0.000103713904236358,-0.00143572374908363,-0.00366289673454823,-0.000425657968275317,-0.000210536643578507,-0.00210859105889938,-0.00101297401312461,-0.00388066867690551,-0.00345327280042174,-0.00848871906832604,-0.000248979472711852,-0.00706221708878996,-0.00529440300240314,-0.00156867036183339,-0.0015627031110359,-0.0072921812932023,-0.0059937183971881,-2.84419181557638e-05,-0.00250063603495088,-0.0180091343119004,-0.00282129651978869,-0.00365907944687471,-0.00210723957588055,-2.95413496660402e-05,-5.90039903825001e-05,-0.00281244656609747,-0.00879051094461314,-0.000877795303737106,-0.0014675897203178,0.40553051909027,-6.07335738482817e-05,-0.000842079642998428,-0.00303342605382895,-0.00300281693571502,-0.00281164908027431,-0.0039258074877333,-0.000599858727898361,-0.00482189698164159,-0.00438047827462729,-0.004741719455994,-0.0151589468953039,-0.00113493950410959,-0.000427974304380463,-0.0012286409761959,-2.17648323719288e-06,-0.00837044256800601,6.92324107554043e-05,0.000165478174992018,-0.0040897550946033,-0.00707632240933354,-0.00277485335685235,-0.00263808662246312,3.07553929008719e-05,-0.000508533433849934,-0.000548171797138508,-0.0121002816915379,-0.00788012100201207,-0.000691852037785878,-0.00711557927804662,0.000121135803404115,1.66907249479209e-05,-0.0116066244738318,-0.00031044464408847,-0.00935450744408284,-0.00530700907005688,-0.0041240034065968,-0.00121496505872454,-0.00771311406558395,-0.00141348640531636,-0.00356192370658004,-0.00669524617655348,4.92802276168547e-05,-0.00459709699654232,-0.000402237286609264,-0.00179966082126093
"4:166963352:G:A",-1.00978452888256e-05,-0.00127134798716888,1.27179012832102e-05,8.43188385601934e-06,-7.69652941379206e-07,9.02419759958306e-05,2.27354625454979e-05,-6.25669802385431e-05,-2.7106487419104e-05,1.55046852512442e-05,-0.00118301661480658,1.61806301779421e-05,-9.00291225125471e-06,3.8253220344231e-05,2.27354625454979e-05,-1.09384277209301e-05,4.0434221880048e-05,1.5504685250356e-05,-0.00158967707717217,-1.35221820904974e-05,-2.13733578782183e-05,-0.000929645422079517,-9.00291225125471e-06,-0.00543935628857461,-0.0014568945341642,1.7322897191363e-05,-0.00124995696905739,-3.13468242207904e-06,-1.86616060666722e-05,-0.00131627760178521,-0.00140826756522827,-6.09792478671878e-05,3.24939056257634e-05,-2.22995075365162e-05,4.79646493136698e-05,-9.88400901658082e-06,-1.25343470056549e-05,1.63949465203928e-06,-0.00104355392545319,-0.00128331922507474,-0.00159298156717291,0.000115109068111074,-0.00156070560766786,5.74217956730294e-05,4.84538731297945e-05,-2.81848659255957e-05,-3.61811317297622e-05,3.50140365572571e-05,-3.94228513034278e-06,1.63949465203928e-06,-2.41863971073286e-05,-4.41685010814652e-05,-3.01106211608726e-05,-0.00122500918005297,-2.81046993748646e-05,0.00014591360470817,-1.09384277209301e-05,-0.00470260847123605,-9.88400901658082e-06,1.48205897207987e-05,-3.61811317297622e-05,-0.0014935937148115,-3.58349990872142e-05,-5.58744881473672e-06,-0.00502901217488194,2.76401829957251e-05,-0.00138072836340442,-7.69652941379206e-07,-5.20678874664782e-05,-5.98803740050613e-05,1.66072914176141e-05,-5.43733583073802e-05,-2.32371161770217e-05,-0.00513406519625725,-0.00225170961347221,-6.07335738482817e-05,0.0869369270499174,2.40075632964576e-05,-2.32371161770217e-05,3.07311851397429e-05,-1.26504072346378e-05,-3.13468242207904e-06,-3.3782400339355e-05,4.94147717944315e-05,-8.23276669299489e-05,-0.00165281272113837,0.000111939253936377,2.29848240671515e-05,-9.66717725283672e-05,3.19134092405804e-05,-0.000121217474890578,-0.00592655266680797,1.34273512033545e-05,3.3067493097505e-05,-2.54203929639374e-05,1.05363070046494e-05,2.27354625454979e-05,-1.44047399377456e-05,-0.000119417241157826,-3.41069232359104e-05,4.75048086023833e-06,-4.73948468791008e-05,-0.00499059987417549,-0.00617513782397161,-5.58744881473672e-06,-0.000114167737968351,1.7322897191363e-05,-0.00152861351215172,-0.00700713253274809,-0.0057969576769068,-0.00172206326700497,-6.47237686433044e-05,2.07684037762945e-05,-0.00619363846194787,7.54060660357325e-05,5.18746522049085e-05,-0.000104472905608333,-0.000123772196391592,-0.00143159184386388,3.47113728693671e-06,-0.00147650148049561
"4:166965982:A:C",2.40075632964576e-05,0.000119107146323572,-3.29851721811991e-05,-2.0770725516428e-05,1.63678255571398e-06,-0.000240816184765791,-5.77191423190015e-05,-0.0024443025186951,6.20825382169343e-05,-3.89262148567937e-05,8.96569352599741e-05,-4.03709420071507e-05,1.90296853226357e-05,-9.85392319154954e-05,-0.000568235358247904,2.57817811100125e-05,-0.000103151079966501,-3.89262148576819e-05,-8.47424527252727e-05,3.12214990252357e-05,5.01475600342971e-05,-0.00194960910426989,1.90296853226357e-05,-0.00410074239619895,-0.000120318159081201,-4.62206854630054e-05,-0.0036915095129979,6.65467978144818e-06,4.44670642600897e-05,-0.000709374448212508,-2.32007084806085e-05,-0.0016075507712241,-8.22155134025948e-05,5.20824187510982e-05,-0.000123569765896114,2.08785108224419e-05,-0.00108093616097982,-6.3358266402247e-06,5.6016225417288e-05,-0.00208084425670751,-7.18012010443303e-05,-0.00066755945161745,-0.000614282478660577,-0.000148349098560985,-0.000124593974325293,6.664277748758e-05,8.3188320966876e-05,-0.000149081047671196,8.36414689864284e-06,-6.3358266402247e-06,5.6016225417288e-05,0.000101769949622188,7.06453039134303e-05,0.000243652668478589,6.41502941336469e-05,-0.00144219819454516,2.57817811100125e-05,-6.4942032676818e-05,-0.00130345420108746,-3.74655423343029e-05,8.3188320966876e-05,0.000586839980523557,7.73479414073464e-05,1.18401747037922e-05,-0.00197067113669025,-0.00261066695123446,2.30787120365505e-05,1.63678255571398e-06,0.000119910469509321,0.000137624515597068,-4.47073075022786e-05,0.000124579017908744,-0.00177709325780295,-0.000229565846630919,-7.84623373819571e-05,-0.000842079642998428,2.40075632964576e-05,0.07680513936221,5.40385236051932e-05,-7.84623373810689e-05,2.93884296915792e-05,6.65467978144818e-06,-0.000759346962841079,-0.000126607779138865,0.000182086292711325,-0.00569792168945416,-0.00337348637138479,-6.20837210414393e-05,0.000215323302811932,-8.09784447097783e-05,-0.00318826094421443,-2.15351201626746e-05,-3.44952949946631e-05,-8.34389012682735e-05,-0.0007954636900811,-2.83513882273212e-05,-5.77191423190015e-05,3.30748358070565e-05,-0.00317413750183881,7.89151344342542e-05,-0.00100569833138575,0.000106067010119837,-0.00722106018550317,0.000162741070163896,1.18401747037922e-05,-0.00312156864913948,-4.62206854621172e-05,-0.000940233996908013,0.000195454383321803,-0.0122348611194942,-0.00447467283085512,0.000147340645270333,-5.35296899855098e-05,-0.00231108124603008,-0.000796647573193532,0.000475261919046233,4.79574740666067e-05,0.000269775004392514,-5.57678021140262e-05,-1.34466322156968e-05,5.91768441866591e-05
"4:166969265:G:A",-2.32371161770217e-05,-0.00013224637913023,-0.00179818125648623,1.91370806783553e-05,-1.83806574138856e-06,0.000198273952173089,-0.00209171153265153,-0.00831584820756515,-6.33279117350227e-05,-0.00261241083654884,-0.000100662834626952,3.65458804241214e-05,-0.0015341564744995,-0.00239169472450751,5.10250433825021e-05,-2.52548099082262e-05,9.05241956070668e-05,3.49413505285057e-05,-4.65518853571822e-05,-3.14663334792797e-05,-4.94538724771232e-05,-5.16904851250999e-05,-0.0015341564744995,-0.00153734069238354,-2.67823677013723e-07,-0.00197480031363284,-0.000212006507975815,-7.49452848403109e-06,-4.29154458370107e-05,-0.00013224637913023,-0.00013337051472373,-0.000144320661374486,7.2982642002728e-05,-5.16904851250999e-05,-0.00418041588823836,-0.00140843816653025,-3.12541771965158e-05,-0.00169037884319501,-0.00340664399550406,-0.000170348491662864,-0.00598432137590699,0.000249829629318299,-0.00386672042850567,-0.00141088793258959,0.00010813766616824,-6.50181757837487e-05,-8.44277462999088e-05,-0.0029974304028384,-9.42896301836527e-06,-0.00169037884319501,-0.00340664399550406,-0.000102982470651547,-6.96807911948483e-05,-0.00150150798841509,-6.5750557033617e-05,-0.00591920467167384,-2.52548099082262e-05,-0.00361535041937699,-0.00140843816653025,-0.00258239171693919,-8.44277462999088e-05,-0.00150563922197033,-8.57037497228319e-05,-0.00126999431531782,-0.00149591184974618,-0.00241429117463099,-0.00230899246442107,-1.83806574138856e-06,-0.000121412795565767,-0.00013971702947746,3.64505149228478e-05,-0.000127066508788687,-0.00114745655894843,-0.00304627391409085,6.8817078865635e-05,-0.00303342605382895,-2.32371161770217e-05,5.40385236051932e-05,0.137866869241862,6.8817078865635e-05,-2.93689086134918e-05,-7.49452848403109e-06,-0.00169007519271958,0.000110398698859093,-0.000195338600935457,0.000193196856659306,-0.000325741606866714,-0.00198967621262192,-0.000228389377395111,7.16117594921073e-05,-0.0027470894364674,-0.000822679282955541,3.00032959028584e-05,7.43363259152474e-05,-6.27246442412854e-05,2.31135107142677e-05,-0.00256396054174157,-0.00375539425489269,-0.00278684162333764,-7.93805560386218e-05,1.03628364582775e-05,-0.000111863274717017,-0.0100370876406579,-0.000170803136020581,-1.3374121979659e-05,-0.000517505890956116,-0.00182838332441904,-0.00075361999431145,-0.000205795317910429,-0.00218433332412804,-0.00601156227420407,-0.000151640812030784,4.63571842184152e-05,-0.00215109676893821,-0.00197181230643384,0.000114769744463672,-0.00251257055274179,-0.00129469206697941,3.6196062007221e-05,-0.00339730434393992,-0.0015301061001356
"4:166969389:G:A",3.07311851397429e-05,-0.000185264888146186,-4.30521477250423e-05,-2.68138113037608e-05,2.04477934051539e-06,-0.000317874668801288,-0.000841364729970095,-0.00465424208978504,-0.00605317586681053,-5.04786366013477e-05,-0.000580378144507954,-0.00146915845441331,2.37487749306098e-05,-0.000128711651729674,-0.0042151251092104,3.29436296953034e-05,-0.000485159025695125,-0.00197928549935344,-0.00721189142240419,-0.00178617246690838,6.39784817764166e-05,6.63848953488255e-05,2.37487749306098e-05,-0.00467107402009681,-0.00690510753161888,-0.00230143564031504,-6.80042223883959e-05,8.31103193554839e-06,5.69098626526099e-05,-0.000517940465807776,-0.0124759170740063,-0.000664744413370499,-0.000392699542759445,6.63848953488255e-05,-0.001378196114449,-0.00155446125761394,-0.00133169373656994,-0.00131322347370855,7.12754447942388e-05,-0.0115810321877836,3.05280750012571e-05,-0.0044758657843591,-0.00330458549575674,-0.000194074795841104,-0.000162759996117146,8.5099732803684e-05,-0.00248971510327589,-0.00150950412232032,1.04449356639336e-05,-0.00131322347370855,7.12754447942388e-05,-0.00224445256637562,9.00685091869136e-05,2.88885290924412e-05,-0.00166748064901689,-0.00271406930225826,3.29436296953034e-05,-0.000334935002836545,-0.000784477036104292,-4.86523558240748e-05,-0.00248971510327589,-0.00477865746794226,-0.00133622209572959,1.47826790950489e-05,-0.00263646748632063,-0.0011930453474065,-0.00351962221822788,2.04477934051539e-06,0.000152077391462946,0.000174341752138041,-5.88200265800864e-05,0.000157828988022857,6.8817078865635e-05,-0.00350778177281796,-0.000102231968600819,-0.00300281693571502,3.07311851397429e-05,-7.84623373810689e-05,6.8817078865635e-05,0.15115635664066,3.74395664906046e-05,8.31103193466021e-06,8.72421885071972e-05,-0.000165252874680277,-9.60969933938571e-05,-0.00104451864349375,-0.000141614679154856,-8.18126088528714e-05,0.000270312576729381,-0.000584334405116849,0.000326312154539821,-0.0024066907711493,-0.00107315402063168,-0.00010844107941832,0.000113512372025504,-3.72627440379247e-05,-7.50686557946523e-05,4.2032777231249e-05,0.00032229009894813,0.00010032548553518,-0.0012659295055677,-0.00155024535811954,-0.000296621968449706,-0.00183282116772965,-0.00147706485325561,0.000310485708155284,-6.07089345319167e-05,0.000396414378553089,0.000245852353331522,-0.000429911876040912,-0.00276589096852575,-0.00254514169753595,-6.98350698256078e-05,-0.00145783401148414,-0.00394253880293416,-0.00212595856391928,-0.00634744758299544,-0.00155984931418551,-0.00226450834491398,-1.86588327641957e-05,7.44921884461291e-05
"4:166970043:G:A",-1.26504072346378e-05,-7.13993039145322e-05,-0.00247415418190666,1.04289585758366e-05,-9.66290887305377e-07,-0.00142736803350374,2.78383291414386e-05,-0.000132454925550363,-3.43739048123126e-05,1.90767308270168e-05,-0.00150967105868016,1.99084086967005e-05,-0.00269374354816776,4.6370393088857e-05,2.78383291414386e-05,-1.37188200355354e-05,-0.0015308289231184,1.90767308261286e-05,-2.44352463942832e-05,-1.70102532965899e-05,-0.00115240143735118,-2.81597606308637e-05,-0.00269374354816776,-0.0038483658214945,-0.00177766507918786,2.12094308551514e-05,-0.00293294721132575,-3.94192323138753e-06,-2.3481808076653e-05,-0.00164685704157463,-0.0025254769595584,-0.00125699464028273,-0.0014747545670124,-2.81597606308637e-05,5.77895125122296e-05,-1.24862627393085e-05,-0.00260875034685704,1.95340102671082e-06,-0.00136547178911162,-0.00360534572419358,-0.00235701878662375,-0.00170739754948368,2.36240213808969e-05,6.87507325736192e-05,5.83653912320514e-05,-3.56624600730271e-05,-4.60825049426461e-05,-0.0012184039444687,-4.96022646601091e-06,1.95340102671082e-06,-0.00136547178911162,-5.64684798129989e-05,-3.81626973471327e-05,-0.00301877422579988,-3.56689928366904e-05,-0.000189812731620442,-1.37188200355354e-05,-0.0030463457373564,-1.24862627393085e-05,1.8234182858734e-05,-4.60825049426461e-05,-0.00174909646752219,-0.00271195160136006,-7.03805163926319e-06,-0.00381864805002952,3.3439258277923e-05,-0.002272661679668,-9.66290887305377e-07,-6.68237480843104e-05,-7.7145383598598e-05,2.03289704012732e-05,-6.98958464280253e-05,-2.93689086134918e-05,-0.000311642794549094,3.74395664906046e-05,-0.00281164908027431,-1.26504072346378e-05,2.93884296915792e-05,-2.93689086134918e-05,3.74395664906046e-05,0.0884174305297645,-3.94192323227571e-06,-7.88837625602667e-05,5.94950712811126e-05,-0.00323555114005991,-1.88376589571604e-05,4.12216962724088e-05,2.80343101568548e-05,-0.000127007601443019,3.88649278972863e-05,-0.000305216214901094,-0.000304258721667061,1.65156242726283e-05,4.02537818580129e-05,-3.26006592912265e-05,-0.0023805035169211,-0.00196708390007849,-1.8137085120884e-05,-0.000313468447194154,-4.33698894859447e-05,5.84534231773404e-06,-6.08637055350414e-05,-0.00580656473726293,-9.4145430019843e-05,-7.03805163926319e-06,-0.000348624043673418,-0.00193414905631073,-0.00185483603469372,-0.000114142050795074,-0.000277650889687564,-0.00351413118565791,-8.3657623932254e-05,2.54354864903661e-05,-0.00110213576622442,-5.64072205326838e-05,6.22795371958418e-05,-0.000406779264679358,-0.000727865931185789,2.13952272174467e-05,4.1333640190544e-06,-3.4303620024545e-05
"4:166971064:A:G",-3.13468242207904e-06,-1.92565316670112e-05,3.70528725746055e-06,2.47033254652251e-06,-0.00418228995266023,1.82755086592934e-05,6.34432544455166e-06,-0.00839360630895047,-0.00266601510483433,4.44042057967664e-06,-1.40616905506263e-05,4.61638645976592e-06,-2.72120485877991e-06,1.00378143175206e-05,6.34432544455166e-06,-0.00344047542965775,-0.00121201330429166,4.44042057878846e-06,-0.00433440828858433,-0.00187807055322775,-6.86545936190441e-06,-7.17725393784008e-06,-2.72120485877991e-06,-2.35002319470823e-06,-0.00403648165277737,-0.00187282291487989,-3.3413021596651e-05,4.37161797606223e-06,-5.96171788025401e-06,-0.00238428258219958,-0.000841786269058176,-0.00186412484624032,8.70903365690623e-06,-7.17725393784008e-06,1.2055758094931e-05,-0.00245522656449904,-0.00479447143304146,5.49486128598176e-07,-7.81741223221388e-06,-0.00465350792290575,-0.00201235577884429,1.97946632303214e-05,5.5967303937976e-06,1.38137212335465e-05,-0.00165441662264509,-9.26472087670049e-06,-0.00287926347956802,-0.00225265920848994,-1.17236798580223e-06,5.49486128598176e-07,-7.81741223221388e-06,-0.00326157563976093,-0.00449044513314245,-4.62265811780327e-05,-9.16776106762995e-06,-2.67489210044047e-05,-3.39914714597711e-06,-0.0001127596649102,-2.99587763663567e-06,4.26139990938879e-06,-1.21142025708565e-05,-0.00640693915071466,-0.00463829423004913,-0.0021170071238954,-0.00242851124766297,-0.0023661353232276,-0.00639914538614317,-2.26514956125357e-07,-1.82618856898742e-05,-2.14518441694622e-05,-0.000645280016160044,-0.00344812384065296,-7.49452848403109e-06,-0.00498547897301815,8.31103193466021e-06,-0.0039258074877333,-3.13468242207904e-06,6.65467978144818e-06,-7.49452848403109e-06,8.31103193466021e-06,-3.94192323227571e-06,0.147330647245166,-0.00201621481884917,1.23268023672907e-05,-0.00163773910620613,-0.002578779602457,-0.00248722979652438,-7.32502863156625e-05,-3.77745524211548e-05,-0.00134186264862191,-0.00146439902847639,-0.000505894003460128,3.89390755106689e-06,8.83715734456558e-06,-1.59624368007982e-05,3.11899136562488e-06,-0.00316627814854087,-4.50388659878342e-06,-0.00144623464777727,-1.1363899724337e-05,-0.00211835072718358,-0.00181114341980493,-0.00469885419797844,-2.67113325138624e-05,-1.67048934418546e-06,-0.00138186144685459,4.98716398400489e-06,-0.00191200774112943,-3.33756267263396e-05,-0.00438444272889082,-6.57264977643734e-05,-0.00121638339689323,-0.00203404187085532,-0.000876434941116777,1.66671573476052e-05,1.2857895292484e-05,-0.00230954200221412,-5.11966286529386e-05,-0.00450287058252918,1.15568375580466e-06,-8.69318257823437e-06
"4:166971561:T:A",-0.00161680255203667,-0.00999313045197336,-0.00413961189576639,2.61490777964113e-05,-2.67206880444348e-06,-0.00186060423892354,-0.00141552249231225,-0.0115637699449858,-0.00166901793047636,4.65900946942099e-05,-0.00728966219443006,4.86737464893139e-05,-0.00216608461882029,-4.55086975099661e-05,-0.00313964006679779,-0.00181162877404617,-0.00137224385462797,4.65900946933218e-05,-0.00561639216584719,-4.66679387667313e-05,-7.4430086892896e-05,-7.81378651666387e-05,-0.00216608461882029,-0.00317216464601433,-0.0167436319080294,-0.00167443794776556,-0.0071201393417395,-1.10004691542542e-05,-0.000179524503375106,-0.0134135247308347,-0.00532198502833614,-0.00189457020961914,-0.00138408733754414,-0.00305906958325952,2.7390366579283e-06,-3.26545242606002e-05,-0.000468878388141469,-0.00183022027058843,-8.57740421640329e-05,-0.00100688130768223,-0.00717813018050695,-0.00264955262307964,-0.00317707281918533,-0.00166198364423398,-0.000967620954223314,-6.14230725606291e-05,-0.000133050748136299,-0.00735230581255486,-1.38852106452703e-05,-0.00183022027058843,-8.57740421640329e-05,-0.000164935457259041,-0.00375376957286466,-0.00649759709288134,-0.00748771238779078,-0.00915323914879895,-0.00332390388853465,-0.00203396574258186,-0.00254618840797782,-0.000697460491858592,-0.00187310685104602,-0.00197845528705498,-0.00387386034139148,-0.000785858761919833,-0.00759219716935133,-0.00250404714472818,-0.0053193185485445,-2.67206880444348e-06,-0.00343098910158712,-0.000230910720770972,-0.00519691369274256,-0.00252050656989677,-0.00568973376115167,-0.00325666131460878,-0.00147300993807864,-0.000599858727898361,-3.3782400339355e-05,-0.000759346962841079,-0.00169007519271958,8.72421885071972e-05,-7.88837625602667e-05,-0.00201621481884917,0.36221577278375,-0.00381329553605525,-0.00870577184844201,-0.011568192670838,-7.80158633606476e-05,-0.00736254887224419,-0.00408650324674475,9.04336030931319e-05,-0.00349998143906038,-0.00835430940060755,-0.00092711934371259,-0.00189708416129708,-0.00553030642112784,6.15298956319066e-06,6.64370087841704e-05,-0.00439005085270416,-0.00320307550732224,-0.00476438170870619,-0.00195352404400673,-0.00116124273727447,-0.0110997598036473,-0.00150786246981216,-0.000484970057164524,-0.00498013241884632,-0.000335959588663393,-0.00163589970233335,-0.00465432998367188,-0.00331494331086057,-0.00217419765296789,-0.000610155694363179,-0.00243856682512344,-0.00326914077778895,-0.0159752854116215,-0.000201667824920371,-0.000652856417563186,-0.00163669725149873,-0.0049405168536234,-0.0037942736394001,-0.00249180988582953
"4:166972175:T:C",4.94147717944315e-05,0.000234222524758465,-0.000684772860749305,-4.33211669559341e-05,3.03076270835589e-06,-0.00015333973728815,-0.000121790162697977,-0.000679373332229005,0.000125639726255677,-8.19098284434716e-05,-0.000799002137384264,-8.45152526354198e-05,-0.000769956602503896,-0.000298682977602382,-0.000121790162697977,5.27376277981162e-05,-0.000505255922313985,-8.19098284443598e-05,-0.000688546119710587,6.29309174717818e-05,0.000103033062575975,0.000106695235852605,-0.000769956602503896,-0.000699842923007843,-0.000162992931080019,-0.000458303208135113,-0.00583400602991269,1.23268023664025e-05,9.22874938780183e-05,-0.00144351034514933,-0.00220010009480553,-0.00107521718910242,-0.000607892322563863,-0.00150422873045475,-0.000258572001382795,-0.000893663750354712,3.75850046232529e-05,-1.6895275659401e-05,0.000114144153376294,-0.00288973234370449,-0.00542717666778891,-0.000661073638127618,-0.000123562151983947,0.000488016228738175,-0.000260254594233622,-0.00303042263796449,0.000170084892723743,-0.0143597897692933,1.54953118087775e-05,-1.6895275659401e-05,0.000114144153376294,0.000209713832218128,0.000146115648378853,-0.00160011538405236,-0.00451672259168578,-0.00149965462260848,5.27376277981162e-05,-0.0163774253271054,3.87155345364931e-05,-7.92750719398327e-05,0.000170084892723743,-0.00675061216995054,0.000149703056789185,2.19406544799128e-05,-0.00124664154143783,-0.000621161883874954,-0.00688903022988008,3.03076270835589e-06,0.000248475986059482,0.000286398834910884,-0.000779355982916563,0.000257542686091128,0.000110398698859093,-0.000935537617803739,-0.000165252874680277,-0.00482189698164159,4.94147717944315e-05,-0.000126607779138865,0.000110398698859093,-0.000165252874680277,5.94950712811126e-05,1.23268023672907e-05,-0.00381329553605525,0.135963928854633,0.000373579782660727,-0.00545317504524334,-0.000984394584224724,-0.000443686965584611,0.000449122016439318,-0.000169627718624277,-0.000948878623311167,-0.000751510270371014,-0.000454742032674815,0.00179504002569519,-0.00204954922052636,-0.000579074087064591,-0.000121790162697977,-0.00103760953925658,-0.000986324889086454,-0.00449230321270466,-0.000630506814204068,-0.0046995895385038,-0.00395171660303539,0.000335573681343959,2.19406544799128e-05,0.000515738507794516,-0.000101370886114616,-0.00163337428295307,0.000406625680065886,-0.00111032479234296,-0.0011230708699328,0.000305399234656889,-0.000114354569671349,-0.000392216508253718,-0.000959461284028684,-0.000515962619278554,-0.00626043559569478,0.000564050664731752,-0.000134886659165723,-0.00546917258676149,-0.000674078327175032
"4:166976655:G:A",-0.00158084693944094,-0.00473437573356872,-0.0023601218080902,6.54498773116075e-05,-7.59263774430252e-06,-0.00442132018637587,-0.00178361270122007,-0.00106397305146722,-0.000385778387343549,0.000116929214596162,0.000205477399937593,-0.00144308384744019,-0.00273485157940012,1.15728956879835e-05,-0.000622386647138207,-0.000324280179193615,-0.00323311486803046,-0.0017690540822084,-0.000803661977597514,-0.00387427198948398,-0.000176800994027282,-0.00781456525192148,-0.00273485157940012,-0.00827749356763174,-0.00177863237824116,-0.00404852154037627,-0.00162695345475239,-0.00280077740696605,0.00038900352796567,-0.000133485770778208,-0.00020458499974696,-0.000659245665154629,0.000246589809185238,-0.00116635429477885,-0.00131848003531232,-0.00295890340073246,-0.00568736059993302,-0.00249702391269579,-0.000310535914176846,-0.00852766645376146,-0.00598600872359967,-0.00218548853649292,-0.00090920675939099,0.000431565117876787,-0.00268520726776966,0.000321754552405018,-0.000145895683330011,-0.00169011628327942,-3.90431837766769e-05,-0.00249702391269579,-0.000310535914176846,-0.00334415737928939,-0.000721681323756052,-0.00366871888201903,-0.000307251056080204,-0.00353883445585712,-0.000324280179193615,-0.00590444716431548,-0.00143416815148889,0.000110110701943,-0.00132410439175068,-0.0162194376642559,-0.00186891036551451,-5.54487204960097e-05,-0.00392601065337139,-0.00351324063105007,-0.0132122615811721,-0.00334924761345246,-0.000432248652994183,-0.000494159006582784,3.11616239470069e-05,-0.00427384053680324,-0.00124039991778258,-0.00371474640239144,-0.00502932318204419,-0.00438047827462729,-8.23276669299489e-05,0.000182086292711325,-0.000195338600935457,-9.60969933938571e-05,-0.00323555114005991,-0.00163773910620613,-0.00870577184844201,0.000373579782660727,0.277801871994928,-0.000263837087389973,0.000329140174494036,-0.00945860555056921,-0.000817363220664724,-0.0014240582376015,-0.00581320028488541,-0.00312064741478579,9.6183814637385e-05,0.00025236724980271,-0.00376036650520284,6.71121304449684e-05,0.000169327983321033,-0.000125077641456528,-0.00587739014949662,-0.00121682775229459,2.88935414474167e-05,-0.00361437183082636,-0.00424803346362701,-0.0015413889561593,-0.00576736263222966,-0.00613869659417343,-0.00218975906632934,-0.000777703236044758,-0.000738081785529587,-0.00419672003119453,-0.00468621965498306,-0.000176134286087759,-0.00194788900730725,-0.00326297163190858,-0.00750677865094307,-0.000623506624060965,-0.000610553538677117,-0.00106295660281575,-0.00316605122781244,-0.0003222725407106,-0.000232040836637637
"4:166976749:T:C",-0.00161169133526951,-0.00880643454677843,-0.00616767495948523,-0.000149088218969418,-1.87006244498633e-05,-0.00636145229615614,-0.00681158422233441,-0.0113138585360724,-0.00248771406253789,-0.00438045890733374,-0.00157387687320565,-0.000983610373253896,-0.00233688269957932,-0.000993024733789039,-0.0042793958770444,-0.000371095385508724,-0.0122938895332929,-3.41124335241361e-05,-0.00110477260568143,-0.00415536116729864,-0.00296522769376395,-0.0036214513523003,-0.00233688269957932,-0.00451565207447313,-0.0117093921162437,-0.000837060637632447,-0.00629345314546415,-4.28919938002537e-05,-4.8937079100142e-06,-0.00792952786796519,-0.00231999537339966,-0.00165420075780798,-0.00249833200877347,-0.0021995711062166,-0.00107444094629772,-0.000607200365563276,-0.00178523223766991,-0.00469793047340916,-0.00445793708678366,-0.00374051920627094,-0.0114959321093004,-0.00025817251700655,-0.00160670148454312,-0.00263103357595629,-0.00602890812550783,-0.000182126693547779,-0.00401466259215777,-0.00185941663229494,-0.00194179310054388,-0.00469793047340916,-0.00762597099987428,-0.00417671929108954,-0.00142376527243204,-0.000642720434383737,-0.00410975256611446,-0.00261656993474446,-0.00514658563370318,-0.000760524350391201,-0.00100227266186259,-0.00777284347868168,7.08081805482763e-05,-0.00883158491012237,-0.00109051753698708,-2.84425678707123e-05,-0.00689465645410481,-0.00126187149231161,-0.0119505596934659,4.55435140089833e-06,-0.00755614216388079,-0.00827130316536451,-0.00907582407752683,-0.0028989647343427,-0.00193666836246198,-0.0116187420915264,-0.000436387560836415,-0.004741719455994,-0.00165281272113837,-0.00569792168945416,0.000193196856659306,-0.00104451864349375,-1.88376589571604e-05,-0.002578779602457,-0.011568192670838,-0.00545317504524334,-0.000263837087389973,0.47157349779947,-0.00348387927658855,-0.00396855456821044,-0.00470430229077978,-0.00035628661385001,-0.0103823641278407,-0.0013220569492729,-5.76621859691429e-05,-0.00253728896771577,-0.00722764901666517,-0.00197223551127923,3.78065291437579e-05,-0.000573121921484621,-0.0111176519852449,-0.00170176829321322,-0.00360206137772767,-0.00182780810887717,-0.00613722833125196,-0.00311492086288911,-0.000227923643485894,-0.00740429642720297,-0.000319478970933318,-0.00286599197833048,-0.00616497207319755,-0.00739839090448058,-0.0105893992509181,-0.00331365630010927,-0.00260566673053653,-0.00676680902518179,-0.00128306385830745,-0.00655169651614917,-0.00863055178406258,-0.0152270484340518,-0.00535075264810869,-0.000691225529497963,-0.00600976569760503
"4:166978889:C:T",0.000111939253936377,-0.00239322932042052,-0.00156893821882509,-0.000104937593705223,4.85061927246733e-06,-0.00185866795563605,-0.00109752741075653,-0.0092654752793222,-0.000274671431019335,-0.00471114258275218,-0.00953047591700162,-0.000877253464716787,-0.00174839531797488,-0.0142610493654391,-0.00109752741075653,0.000117423674343087,-0.00114667520236722,7.30183606476587e-05,-0.00188009709694859,-0.00194862875304214,-0.000895788796984043,-0.00297890138451873,-0.00174839531797488,-0.00307424900368058,-0.00618458717305526,-9.36796073007784e-05,-0.00697431956530092,-0.00248722979652438,0.000210308839744933,-0.00794743883878324,-0.00500378100005472,-0.00257212799384288,-0.0053947103753611,-0.00147938690690808,-0.00225697368868882,-0.000292238391468302,-0.000109317674739096,-0.00120682682820838,-0.000358046895174269,-0.00584739651055033,-0.00477295133034872,-0.00273480280288307,-0.00207316334506924,-0.000783438986968754,-0.000686311632402514,0.000311318876415889,-0.000881373568477173,-0.000894053081797797,-0.00214503129619548,-0.00120682682820838,-0.00162767425988175,-0.000832598325659184,0.000324292126911097,-0.00725248670291645,-0.000423368059957241,-0.0012144806627985,0.000117423674343087,-0.000636007698234131,-0.00147795602013101,-0.00131296081084731,-0.000631410557404344,-0.00512940905970627,-0.00013400042230316,-0.00099287411966209,-0.00218505507200639,-0.0124826283360595,-0.00616821339074702,4.85061927246733e-06,-0.000898650384330679,-0.0104384406078841,-0.00165230672949424,-0.000545554540903659,-0.00847367227399243,-0.0040586811529324,-0.00151599307816053,-0.0151589468953039,0.000111939253936377,-0.00337348637138479,-0.000325741606866714,-0.000141614679154856,4.12216962724088e-05,-0.00248722979652438,-7.80158633606476e-05,-0.000984394584224724,0.000329140174494036,-0.00348387927658855,0.302426708932842,-0.002163758664949,-0.00308341791280142,6.48249758672392e-05,0.000286495509431717,-0.000162774839556956,-0.00321285967805807,-0.000662962277565349,-0.00106515572881616,-0.00266641210517182,-0.00234467658377113,7.76654054037706e-05,0.000284008954766435,-0.000950989895936338,-0.00157276882861623,0.000316410240614573,-0.000396676242006233,-0.000340431648143458,-0.000495278435856505,0.000268627630680029,-0.000456759263544271,-0.00132109053684548,-0.00215627371267768,-0.0161373264364375,-0.00304387761675828,0.000231637215621916,-0.00602690040631959,-0.0140026813936238,-0.00085028193643133,0.000164294517928987,-0.000460435299007411,-0.00649001877910305,-0.00942929716453067,-0.00317744025020694,-0.000242082634437146
"4:166979222:G:A",-0.00500226315750396,-0.00698836065603725,-3.31657089081006e-05,-2.06515388532225e-05,1.60102745283552e-06,-0.000822417158874877,-0.00362355724143004,-0.00246644059999968,5.75570802370251e-05,-3.93017020563491e-05,-0.00738024588745922,-4.08003269161128e-05,-0.00244311528928698,-0.000410898226888001,-5.9194948599739e-05,2.46544353759148e-05,-0.00148796373574367,-0.00170117754424215,-0.00265289024707904,-0.00788635030663354,-0.00183012733275234,4.86611455325914e-05,-0.00244311528928698,-0.00170514186928639,-0.003816883488581,-4.70572453785678e-05,-0.00983502245567625,-0.000568350783185068,4.17829294239169e-05,-0.00597481525969812,-0.000915103584613775,-0.00245900495404783,-0.0013767199654362,-0.00161917360962605,-0.00013327961214582,2.01437511728741e-05,-0.00210168828221935,-6.20522292393844e-06,5.21791931804572e-05,-0.0070148022697567,-0.00786851609079253,-0.000389491423994137,-0.00150905789761246,-0.000567050661904211,-0.00360592384823999,6.13460926617293e-05,-0.00193948560567581,-0.00257988846938817,8.14276389249358e-06,-6.20522292393844e-06,5.21791931804572e-05,-0.00170210275156712,6.48227538917467e-05,-0.00956893309878293,-0.00193852642397463,-0.00288807810064373,-0.00169390084469168,-1.82992463702014e-05,0.000363126517472168,-3.77891089211602e-05,-0.00193948560567581,-0.00130589508689249,-0.00227774711250195,-0.00249352787319257,-0.00195053162627801,-0.00496644229913734,-0.00148178347930061,1.60102745283552e-06,-0.0013905017271032,-0.00379310398922961,-0.000589943628634515,-0.00156945894450189,-0.000122292541462343,-0.00326134809338718,-0.00249766817650521,-0.00113493950410959,2.29848240671515e-05,-6.20837210414393e-05,-0.00198967621262192,-8.18126088528714e-05,2.80343101568548e-05,-7.32502863156625e-05,-0.00736254887224419,-0.000443686965584611,-0.00945860555056921,-0.00396855456821044,-0.002163758664949,0.232877118787533,-0.00117272102184529,-0.000808322352274793,0.000193990459609772,-0.000281358379233154,-0.00130902800098465,-0.000312517970984416,-0.00257110377199066,-0.00282679203815839,0.000184999014106957,-0.00225003081486275,0.000192348573616385,-0.00235936284087401,-0.00285486449176897,-0.0062012467280308,-0.000133175994446511,-2.79596606747035e-05,1.14982888099746e-05,0.000187389973453911,-0.00140531404126509,-0.00113565140289573,-0.00132649935916351,-0.000348085440456281,0.000293632796218191,-0.00285750752639835,7.97183464600337e-05,-0.00544879605596016,-0.00163440021641215,-0.00126676606166853,-0.00339909398422256,-0.00426842404456984,-0.0019409442659013,-0.00566336175320536,-0.00346900363180058
"4:166980007:G:A",-9.66717725283672e-05,-0.000799908025140184,-0.00103048721212495,7.70547327331172e-05,-0.00270321405320306,0.000816806918143342,0.000199131238464823,-0.00196188027282584,-0.0045483828963393,0.00013734705404822,0.000631343423089348,0.000145772698172841,-0.000108650932927112,-0.00289256050250231,0.000199131238464823,-0.000578509483333711,0.000364138993520058,0.000137347054046444,-0.00235735541899462,-0.000137376377747245,-0.000206506914790516,-0.00021737871028904,-0.000108650932927112,-0.0044026414822067,-0.00130075548410513,-0.00274124417933042,-0.00153900506584126,-3.77745524211548e-05,-0.000174699024597658,-0.00208764633747371,-0.00365472062144789,-0.000620238798600958,0.000293279841572236,-0.00021737871028904,0.000429103480852788,-0.00169212943852237,-0.000180984926607231,-6.21156537583545e-06,-0.00470027900328862,-0.00131983296979499,-0.0015196115932623,-0.000890824079122332,-0.000877955049356061,-0.00286942277448343,0.000435860279448974,-0.000263687325411155,-0.000356493814861025,-0.00178358778521392,-0.000960661925708095,-6.21156537583545e-06,-0.00470027900328862,-0.0004264482168157,-0.00229140425085284,-0.00256196481926541,-0.00156382853697412,6.60111640016225e-07,-0.000106657694884937,-0.00200540346187594,-0.000119311019644464,-0.00321887427623135,-0.000356493814861025,-0.00884061556398974,-0.00114353993596339,-6.73734092719869e-05,-0.00158853525751024,-0.00315409206723949,-0.011349308014811,-9.26918423527212e-06,0.00150088543937787,5.12914189076952e-06,-0.00393177068628781,-0.000521729264583826,-0.00480183820161439,-0.00729160552824126,-0.00144195125336566,-0.000427974304380463,-9.66717725283672e-05,0.000215323302811932,-0.000228389377395111,0.000270312576729381,-0.000127007601443019,-3.77745524211548e-05,-0.00408650324674475,0.000449122016439318,-0.000817363220664724,-0.00470430229077978,-0.00308341791280142,-0.00117272102184529,0.155971660906287,-0.00231405311846089,-0.00195547400207285,-0.00030691531252991,-0.00135132153136208,0.000300746696987098,-0.000967337212406605,7.53088964238202e-05,-0.00692185340126006,-0.000787493590508781,-0.00152962751972563,-0.000332392115624636,-0.000614950427032745,-0.000487135631296098,-0.00127025010762605,0.00190084931575818,-0.00404576739352258,-0.00135613050218986,-0.00104040573248199,-0.000948251347661078,0.00448184731120005,0.00136535829008189,-0.00611170903985947,-0.000618255046335392,-0.0030831955056021,0.00020790371433943,0.000277921314011387,-0.000289760451362753,-0.00259601442593294,-0.000614651914964348,-4.96161553131813e-05,-1.3238498977941e-05,-0.0030575956612422
"4:166981958:A:C",3.19134092405804e-05,-0.00266922767589595,-4.45824735271216e-05,-2.77595479065695e-05,2.10994640070794e-06,-0.000323476044679971,-0.000611914284235127,-0.0073105195669827,8.20227611963986e-05,-5.21978110405996e-05,-0.00288245899746453,-5.40495657368467e-05,-0.00368721662191707,-0.00013244845548499,-7.75108435160377e-05,3.42054778990075e-05,-0.000138272598054989,-5.21978110432642e-05,-0.0021433877886361,-0.00155240034675241,6.65760424416462e-05,-0.00315679049158746,-0.00368721662191707,-0.00863930405711333,-0.00962924118087116,-0.00341439596904891,0.000247747095747819,8.57867336545581e-06,5.92245122739143e-05,0.000155840482714886,-0.0048249787629624,-0.00158814986455535,-0.000110139902356643,6.90801377034589e-05,-0.000165822178617603,-0.0047826157362616,-0.00109857062371788,-0.00247330472501783,7.41713626606355e-05,-0.000545723917148244,-0.002421384616345,-0.000799594430487716,-0.000709473615891909,-0.000198877056655,-0.000319637272568229,8.87336217099133e-05,0.000110178271540029,-0.00379116215674014,1.07824854520544e-05,-0.00247330472501783,7.41713626606355e-05,0.000135030008766357,9.39211698316456e-05,0.000320746076746481,8.46990433629458e-05,-0.00333607403240421,-0.00230068816165652,-0.003239471858139,-0.0013213382002446,-5.03255696484572e-05,0.000110178271540029,-0.00619101820660983,-0.00109976829329828,1.52638462678212e-05,-0.00103222500937061,-0.00413965845047137,-0.00732051021411184,2.10994640070794e-06,-0.0025899019715423,0.000182935595138822,-6.08943173565635e-05,0.000165339782864038,7.16117594921073e-05,-0.00214672675698147,-0.000105370966004159,-0.0012286409761959,3.19134092405804e-05,-8.09784447097783e-05,7.16117594921073e-05,-0.000584334405116849,3.88649278972863e-05,-0.00134186264862191,9.04336030931319e-05,-0.000169627718624277,-0.0014240582376015,-0.00035628661385001,6.48249758672392e-05,-0.000808322352274793,-0.00231405311846089,0.152183348668687,0.000346204034240571,-0.00240581896322123,-4.65182537663367e-05,-0.000111694286371034,-0.00380832491320415,-3.86422401099651e-05,-0.000611914284235127,4.36275670203656e-05,0.000341840149084227,0.000104639679125995,-1.76767266850675e-05,0.000139833309250825,-1.14029320279485e-05,-0.00296480315131031,-0.00373957962515714,0.000329050558264932,-6.2827191554149e-05,-0.00183804087227912,-0.00248163432051296,-0.00124996634392627,-0.000434492944618725,0.000195566369926681,-0.000808895126183984,-0.00492368904905582,-0.00461899917354014,-0.000914792283404964,-0.00151250582483797,-0.00258024458460415,-0.000116722172661454,-1.95318969389291e-05,-0.00112876813335117
"4:166983081:T:C",-0.000856920743262712,-0.00156264130214723,0.000121554736337792,-0.00077479805677072,-1.21815262792424e-05,-0.000928099076441313,-0.000129565748791194,-0.0075121293069853,-0.00132996414932052,0.000166985904201056,-0.00308028900975454,0.000177950543671201,1.59155332379868e-05,7.1815964582278e-05,-0.00443704562688918,-0.00106137546269647,-0.00133909570244839,0.000166985904198391,-0.0022686310135418,-0.00125094366516354,-0.000260968082694824,-0.000275531493996617,1.59155332379868e-05,0.000131523530339628,-0.00131737984279212,0.000150520690334055,-0.0101881059759164,-4.97615459513767e-05,0.000512416056624332,-0.00157480626069351,-0.00735828990551157,-0.00235932305477693,-0.0013579569830009,-0.000275531493996617,-0.000467461609455988,-0.00129933845995112,-7.32909789542546e-05,3.27638175523504e-06,-0.000305295522348814,-0.000386138731283125,-0.00262843001440949,-0.00341109301196152,-0.000217383333944277,-0.0013139110702598,0.000525323784738241,0.000410662579302112,-0.000456383505071045,-0.00148409840526531,-0.0014311222928356,3.27638175523504e-06,-0.00120277834792848,-0.000544485719655263,-0.00121277902530181,-0.00363914965233203,-0.000187640045945514,-0.00169470170395769,-0.004131381667138,6.60075489111733e-06,-0.00261806251044483,-0.000652223957277265,5.62617280150945e-05,-0.00139302922097162,-0.000847420380303276,-0.00414548642520618,-0.00252000510654593,-0.00083268633710798,-0.00186118124910939,-1.21815262792424e-05,-0.00140645048216204,-0.000718354957365719,-0.00175179245299351,-0.00115188334820271,-0.00225683843237334,-0.00329260263233833,3.94626072477422e-05,-2.17648323719288e-06,-0.000121217474890578,-0.00318826094421443,-0.0027470894364674,0.000326312154539821,-0.000305216214901094,-0.00146439902847639,-0.00349998143906038,-0.000948878623311167,-0.00581320028488541,-0.0103823641278407,0.000286495509431717,0.000193990459609772,-0.00195547400207285,0.000346204034240571,0.179029254297511,0.000186953142020219,0.000133155083572589,-0.00104233316839153,-0.000976216385971895,8.57341328552863e-05,0.000240794575025127,-0.00501181558891783,0.00645243369482618,-0.00115987077404167,3.55774763427519e-05,-0.00489400379377614,-0.00125033558098719,-0.00346971097039006,-0.00502648731540667,0.0037094731204963,-0.000147707827326649,-5.39252857878481e-05,-0.00229138121512129,-0.000631331565954074,-0.00334263737076768,-7.85201223800769e-05,-0.00169695236628176,-0.000591404153842401,-0.00465603693707006,-0.00295182160662044,-0.00829399942946063,-0.00132833903464125,-0.0058057830276903,-0.00472463532669742,-0.000640922241554875
"4:166983345:A:C",-0.00173975993511633,-0.00596070051350051,-0.00136941307918459,0.000194630766132242,-0.00418272643488304,-0.000666113551695879,-0.00740259472508598,-0.0123633944603969,-0.00201954159205364,-0.00382598554521874,-0.00467865248076738,-0.000909351919474943,-0.000903078384321798,-0.00505060532594825,-0.000382654811853733,-0.00183219599025097,-0.00384653633538168,-0.00467533211946858,-0.0028006273204948,-0.00583565351960402,-0.00315859477999414,-0.0021046447624995,-0.000903078384321798,-0.0115036378837741,-0.00494167414673363,-0.00358707649521461,-0.00738505883771579,-2.663050413787e-05,-0.000115777171894926,-0.0141405407561499,-0.0116321393726442,3.38634328040932e-05,-0.00305498030424634,-0.00243655047919233,-0.0016656746610435,-0.001179623745724,-0.00122631862592337,-0.00707858800898453,-0.006035545703166,-0.00148328671679998,-0.00200187724703094,-0.00880271371542563,-0.000286282922073333,-0.0138473571254245,0.000114393604348173,4.83999071700936e-05,-0.000430694147848243,-0.00238752352931115,-0.00215225814537856,-0.00707858800898453,-0.00962416989325643,-0.00113166222836103,-0.00252352715447302,-0.00383853591710004,-0.00474040213246507,-0.00192816648817562,-0.0015442256933218,-0.00490708847192156,-0.00235959004785791,-0.00474333585026621,-0.000743774875012093,-0.000811411521636884,-0.000530924062213334,-0.00854410477268708,-0.00686023877883013,-0.0011402833685179,-0.00184482603380998,-0.00432323426051706,-0.000490451673850423,-0.00184555907674433,-0.000533895797860673,-0.000386856910332689,-0.013989619134092,-0.00823329075742585,-0.00819695861035807,-0.00837044256800601,-0.00592655266680797,-2.15351201626746e-05,-0.000822679282955541,-0.0024066907711493,-0.000304258721667061,-0.000505894003460128,-0.00835430940060755,-0.000751510270371014,-0.00312064741478579,-0.0013220569492729,-0.000162774839556956,-0.000281358379233154,-0.00030691531252991,-0.00240581896322123,0.000186953142020219,0.429650638397667,-0.00486902033648384,-0.00039824408216127,-0.00200787518588008,-0.00252434342504237,-0.00171190743229932,-0.00362411438610177,0.000551491273194316,-0.00368028512186758,-0.00159176513339254,-0.00116014690712563,-0.00429501443340019,-0.000968575960067941,-0.000156740678505685,0.000287586168889131,-0.00366854809076544,-0.00676011759948469,2.34876081250945e-05,-0.0148038131064987,-0.0102639039793315,-9.57496682394421e-05,-0.000381026010983554,-0.0212815839646923,-0.000412666569507891,-0.000269368107058465,-0.00548743292112297,-0.00405449489454712,-0.00924890792960298,-0.00315353977780575,-0.00225104619716765
"4:166985435:A:G",1.34273512033545e-05,-0.0020174447144008,-0.000129411663909451,-1.17277497375667e-05,9.59432490788004e-07,-0.000145257444388314,-3.28211634164077e-05,-0.00585156314531066,3.45019467484775e-05,-2.20281329070815e-05,0.00016821868736816,-2.29040689534443e-05,-0.00256461746422154,-5.67673776430411e-05,-3.28211634164077e-05,1.44469867153774e-05,-0.000727825710750807,-2.20281329070815e-05,-0.00168854676510843,1.75648969786835e-05,2.7817163615218e-05,2.89050804962443e-05,-0.00256461746422154,-8.3217002074143e-05,-0.00177564667275387,-2.5764894632907e-05,-0.0039671187361332,3.89390755106689e-06,2.46138519592876e-05,-0.00375702321219951,-0.00261618353026005,7.33335967106896e-05,-0.000650251897666543,2.89050804962443e-05,-0.000880039679084454,1.21552845788742e-05,1.41857598938699e-05,-0.00275913516082138,-0.00217144835865479,-0.00218801057561624,-0.0031947299960029,-0.000194856253426856,-0.00279668179483572,-0.000566120430557149,-0.000774382775071913,3.65852350245888e-05,4.56983942260791e-05,-3.76068903520377e-05,4.89123470348574e-06,-0.00275913516082138,-0.00217144835865479,5.53527339421933e-05,-0.00154638975131149,-0.00403786908241077,-0.00107865493652071,-0.00115412780043123,1.44469867153774e-05,-0.000735349514948247,-0.0018858643721229,-2.11433663155347e-05,4.56983942260791e-05,-0.00361779535039197,-0.00170869265030138,-0.00180199270448789,-0.00723952927379834,-4.31642761409279e-05,-0.00617055178725057,-0.00362771340975065,-0.0015484845596605,7.35534083435851e-05,7.83134403485874e-05,-0.00172866437999009,3.00032959028584e-05,-0.00492504924713888,-0.00275821020388456,6.92324107554043e-05,1.34273512033545e-05,-3.44952949946631e-05,3.00032959028584e-05,-0.00107315402063168,1.65156242726283e-05,3.89390755106689e-06,-0.00092711934371259,-0.000454742032674815,9.6183814637385e-05,-5.76621859691429e-05,-0.00321285967805807,-0.00130902800098465,-0.00135132153136208,-4.65182537663367e-05,0.000133155083572589,-0.00486902033648384,0.15742811771031,-4.80644618328085e-05,-0.00330700363042347,-1.56417960095467e-05,-3.28211634164077e-05,1.8624323292471e-05,0.000131626372049887,-0.00200008278874186,-7.06115959747677e-06,-0.00194395827731775,3.64243435040379e-05,-0.00454062149311341,6.9154646809011e-06,0.000127110927606644,-2.57648946337952e-05,-0.000371872482064717,-0.00150189188675043,-0.00219133574765262,-0.0057157919148878,7.858065373334e-05,-0.00323386204935883,-0.0027499475111421,-0.00664516008968885,-7.95763357057666e-05,-0.012094573856209,-0.00129569961290965,-0.000218220658281254,-0.00282736928064597,3.3388543478452e-05
"4:166985960:C:A",3.3067493097505e-05,0.000162134846475759,-0.000576590381232478,-2.86841319576681e-05,2.17290302906292e-06,9.92762863010199e-05,-7.98999450868365e-05,-0.00702473566110751,8.51487646942317e-05,-0.000409444198250064,-0.000769705039437518,-5.57748777403333e-05,-0.000696924899422413,-0.000136102921188375,-7.98999450868365e-05,3.54364615962055e-05,-0.00462277911431208,-5.38795134028547e-05,-0.000535730678290491,4.27030249054994e-05,6.91103518626335e-05,7.17087378765413e-05,-0.000696924899422413,-0.000615928780350217,-0.00376564758308984,-6.49039442004451e-05,-0.00340558094885868,8.83715734456558e-06,6.1485620089563e-05,-0.000595197038915529,-0.00219971277544584,-0.0010809080932388,-0.00492020997547193,7.17087378765413e-05,-0.000170055325768637,2.77506376713532e-05,2.96724958923633e-05,-9.61570945356982e-06,7.69936107740676e-05,-0.001790187652146,-0.00193202368694045,-0.00043229104115472,-7.74552821658503e-05,0.000364762251593653,-0.000171353030627763,9.22832535357188e-05,0.000114619470889643,-0.00761720205749405,1.11084516412063e-05,-9.61570945356982e-06,7.69936107740676e-05,0.000140736613995607,9.76820644975618e-05,-0.000559675464427478,-0.00263845621475856,-0.000542868692272158,3.54364615962055e-05,-0.00869566445275272,2.77506376713532e-05,-5.1962896908897e-05,0.000114619470889643,-0.0018884442050906,0.000104527280985423,1.57284018147408e-05,-0.000260473030009756,-0.00100631656431371,-0.00219228659435444,2.17290302906292e-06,-0.00215027147208868,0.000191324947732774,-0.000427982060021037,0.000172665029972485,7.43363259152474e-05,-0.000745608765879702,-0.00010844107941832,0.000165478174992018,3.3067493097505e-05,-8.34389012682735e-05,7.43363259152474e-05,-0.00010844107941832,4.02537818580129e-05,8.83715734456558e-06,-0.00189708416129708,0.00179504002569519,0.00025236724980271,-0.00253728896771577,-0.000662962277565349,-0.000312517970984416,0.000300746696987098,-0.000111694286371034,-0.00104233316839153,-0.00039824408216127,-4.80644618328085e-05,0.0918480250861666,-0.000421976268090596,-0.000473428759421246,-7.98999450868365e-05,-0.000975306150764688,-0.00107765087476075,-0.00686603280935483,-1.83296134999011e-05,0.000145587857043772,-0.00160951353487437,0.000225759197451936,1.57284018147408e-05,0.000347117449904566,-0.000446637747654854,-0.000573061764280069,0.000272462310554999,-0.00123529214357543,-0.0024635175184704,0.000204630753652957,-7.44385171165263e-05,-0.000760612383383652,-0.000283216026123689,-0.000333194227109423,-0.00341721494024227,0.000378190178955684,-8.11563776146329e-05,-0.00370865476872417,-0.00062696238709492
"4:166986194:G:A",-2.54203929639374e-05,-0.00190915021538185,-0.00174439556899664,1.9135818178917e-05,-1.93088533340102e-06,0.000304740442682139,-0.00122771911284492,-0.0054174470182029,-0.00028910398658244,3.37220430095542e-05,-0.000984275187359884,3.51207900699535e-05,-4.86199136799925e-05,7.2337185999416e-05,-0.000376098421356552,-2.77619964688114e-05,-0.00408508378913286,-0.00117610289518755,-0.000851452641691175,-0.00414808311323078,-4.07054606839097e-05,-0.0028348829572602,-4.86199136799925e-05,-0.00296459745346489,-0.00384455403442097,-7.10818254239243e-05,-0.00444964931349467,-1.59624368007982e-05,-4.86934232544201e-05,-0.000914020001387961,-0.00423264607320295,-0.000489027270504039,6.39064603404904e-05,-0.00118368884207598,7.84527177053462e-05,-5.4222757953859e-05,-0.0023174196977287,-0.00226349697257522,-0.00177329904014556,-0.00664402338417247,-0.000395474088610737,0.000359332679902735,-3.64210556131894e-05,-0.000569499869631507,-0.0036868998483417,-7.67413737010614e-05,-0.00131995817106034,-0.00228526430972442,-1.0090624127379e-05,-0.00226349697257522,-0.00177329904014556,-0.00634615160769147,-0.00421136929144783,-0.000184863791892198,-0.00475003590884615,-0.000583292663652646,-2.77619964688114e-05,-0.000180882412710304,-0.000492889071470159,3.22913423236315e-05,-0.00723480785316699,-0.00849520865902642,-0.00365721321206447,-0.00201120088098072,-0.00104978505043496,-0.00106127298899761,-0.00638608945429331,-0.00382572833167139,-0.000157361549059765,-0.000185629502851725,-0.00370396528863726,-0.00676329345377624,-6.27246442412854e-05,-0.00154313207118983,-0.00164103893245215,-0.0040897550946033,-2.54203929639374e-05,-0.0007954636900811,-6.27246442412854e-05,0.000113512372025504,-3.26006592912265e-05,-1.59624368007982e-05,-0.00553030642112784,-0.00204954922052636,-0.00376036650520284,-0.00722764901666517,-0.00106515572881616,-0.00257110377199066,-0.000967337212406605,-0.00380832491320415,-0.000976216385971895,-0.00200787518588008,-0.00330700363042347,-0.000421976268090596,0.234624298507136,-0.00103954989136668,-0.00314547280830713,-3.76563423190035e-05,-0.00102019212635795,-9.64871730966266e-05,-0.0024572174706865,-0.000256480534171821,0.000156120269537485,-0.00148126829923712,-1.44496174527831e-05,-0.00395611571393317,-0.000152211924993928,-0.00402194199098149,-0.000733027848225376,-0.00236268648854399,-0.0146294078803217,-0.000435130136606787,-0.00309569422219269,-0.00671687764292495,-0.00114512554515311,-0.0021805389343772,-0.0032250768237172,-0.000492421440358548,-0.00390198239040629,-0.00385478465821887,-0.00325030157947381
"4:166988987:G:A",1.05363070046494e-05,4.83759682001761e-05,-1.48800155725937e-05,-9.43661260155437e-06,7.70812197181669e-07,-0.0018261608549226,-0.00124643117094525,-0.00159539418895616,-0.00221406401796287,-1.78882452335216e-05,3.79700335741973e-05,-1.86243351363302e-05,-1.76518860754982e-05,-0.000301376129078434,-0.00339732996105191,1.1331268595427e-05,-5.01692517218544e-05,-1.78882452344098e-05,-0.000280922503326231,1.37505900301704e-05,2.1471811639806e-05,-0.00400622637524251,-1.76518860754982e-05,-0.00226953229375315,-0.0110804369216524,-2.09114098250751e-05,-0.00331608817519768,3.11899136651306e-06,1.90494550658116e-05,4.83759681992879e-05,-0.000349458102351097,-8.3456466644094e-05,-3.93223684698185e-05,-0.00176079162928655,-0.00100460794166946,-0.00213141439007636,1.13677881525831e-05,-0.00110861417750829,2.39424579806524e-05,-0.00196976154948469,-0.00158140118617389,-0.0024707508589108,-0.00831722467392115,-7.48247956607884e-05,-6.16263892148083e-05,2.78989799697982e-05,3.45084288673192e-05,-0.00375075769573385,3.91380037356726e-06,-0.00110861417750829,2.39424579806524e-05,4.12124735067465e-05,2.95221756481112e-05,-1.54700281607134e-05,-0.00217591091465064,-0.006938376467434,1.1331268595427e-05,-0.00345402554960739,-0.00202515182301433,-1.71458392408397e-05,3.45084288673192e-05,-0.00352853607787829,3.31444885812715e-05,5.52184419522206e-06,-0.00194608307481836,-0.00859143797785222,-0.00327369329026084,7.70812197181669e-07,4.74474464020602e-05,-0.000828526898745352,-0.00160398141464402,4.90894265672281e-05,-0.00182535505514814,-0.00197732322761457,-3.72627440379247e-05,-0.00707632240933354,1.05363070046494e-05,-2.83513882273212e-05,2.31135107142677e-05,-3.72627440379247e-05,-0.0023805035169211,3.11899136562488e-06,6.15298956319066e-06,-0.000579074087064591,6.71121304449684e-05,-0.00197223551127923,-0.00266641210517182,-0.00282679203815839,7.53088964238202e-05,-3.86422401099651e-05,8.57341328552863e-05,-0.00252434342504237,-1.56417960095467e-05,-0.000473428759421246,-0.00103954989136668,0.163097535655038,-2.69167875597276e-05,1.45686312720272e-05,8.50681950712584e-05,3.28269093410327e-05,-5.6101275642817e-06,4.32035823978438e-05,-0.00207968335860853,6.13356924024089e-05,-0.00230688758282227,8.30379464158426e-05,-0.00338634986509589,-0.00445112216041021,7.03220362128221e-05,-0.000962267491014579,-0.00126613304090428,5.64478267390811e-05,-0.0031454859902702,-0.00548358679978644,-0.00300557456326178,-0.00297215695338604,-0.00208908303149524,-0.00409404005020608,-0.00371799546566187,-0.0016399317891489,-0.00634694068239305
"4:166996774:A:G",2.27354625454979e-05,-0.000149838012478476,-0.00337897657891606,-1.97551825218412e-05,1.56119832261936e-06,-0.000234316060755191,-5.50944346278115e-05,-0.00459543435254339,5.85991724681989e-05,-0.00420448372764071,-0.000187233845131196,-3.84737115384226e-05,1.81205191349676e-05,-9.44785951517702e-05,-5.50944346278115e-05,2.44186253564038e-05,-9.89741747838835e-05,-3.70833018958905e-05,5.93583558137212e-05,2.95754322268138e-05,4.73567397545338e-05,4.91812519705093e-05,1.81205191349676e-05,-0.00503044877506653,-0.00293651812222517,-0.00244877383490572,0.000175582675826291,-0.00316627814854176,4.19959320572261e-05,-0.00279726042761119,-0.000913698126347562,-0.00160725762886305,-7.87119216285603e-05,4.91812519705093e-05,-0.00066495519055465,-0.00161596631075867,2.23315618006481e-05,-5.9392705162864e-06,-0.00197653615979387,-0.00338512522074286,-0.0012580372558082,-0.000310816546959636,-0.00032858529081814,-0.000143022760751954,-0.000119817927466848,6.27753607496118e-05,7.82880578586997e-05,-0.00580115436489859,7.97275796582397e-06,-5.9392705162864e-06,-0.00197653615979387,9.55232021375707e-05,6.65331888098919e-05,0.000225016204062456,6.05440455343498e-05,-0.00209829293442532,2.44186253564038e-05,-0.00554905965902108,1.98774392980994e-05,-3.56779031864818e-05,7.82880578586997e-05,-0.00145896623631003,7.30710154845937e-05,-0.00306718636844838,3.38482649127059e-05,-0.00258783250730765,-0.000728090617672983,1.56119832261936e-06,-0.00700284425936282,0.00012854061255485,-4.25356887179262e-05,0.000116593133805409,5.10250433825021e-05,-0.00126236299784388,-7.50686557946523e-05,-0.00277485335685235,2.27354625454979e-05,-5.77191423190015e-05,-0.00256396054174157,-7.50686557946523e-05,-0.00196708390007849,-0.00316627814854087,6.64370087841704e-05,-0.000121790162697977,0.000169327983321033,3.78065291437579e-05,-0.00234467658377113,0.000184999014106957,-0.00692185340126006,-0.000611914284235127,0.000240794575025127,-0.00171190743229932,-3.28211634164077e-05,-7.98999450868365e-05,-0.00314547280830713,-2.69167875597276e-05,0.137292850240442,3.13310873174544e-05,0.000237807034793924,7.42870288288344e-05,-1.22452725630495e-05,9.96444745622327e-05,9.692577839715e-05,-0.00438320015026594,1.12823500186821e-05,0.000229034459374056,-0.00121193469689462,-0.00340533962819034,-0.0061695384166276,-0.0030460049957215,-0.00178656468575777,0.000137492932045014,-5.1047870317511e-05,-0.00951907249302142,-0.00350482719956524,-0.000131837586469175,-0.0050741234815348,-0.00164457278932684,-5.29333797487652e-05,-1.26199740941857e-05,-0.00143813897585066
"4:166999015:T:C",-1.44047399377456e-05,-8.26819519836874e-05,1.76314827609048e-05,1.17980485025981e-05,-1.10312916312694e-06,-0.00122792497206081,-0.000249720035883527,-0.00713817086390112,-3.93881873002044e-05,2.15224172128714e-05,-6.22486576791204e-05,2.24625203202322e-05,-0.0017665525054662,-0.0026660316197944,3.13310873174544e-05,-1.56317577175713e-05,5.48214426769889e-05,2.15224172119832e-05,-0.000507602851583577,-1.94160957667222e-05,-3.08141857994215e-05,-3.21930254063574e-05,-0.0017665525054662,-0.0017697376453274,-0.000174568940357389,-0.00223020430934628,-0.000135161277983187,-4.50388659878342e-06,-2.6790843560498e-05,-8.26819519827993e-05,7.99376991889034e-06,-0.00131469736903078,4.44089487228183e-05,-3.21930254063574e-05,-0.003428476245527,-0.00164005156317781,-0.00178594557706813,-0.0019320406036254,-0.00304945677131307,-0.000521507259164444,-0.0018496918706008,0.000143478270364206,-0.00804016374320948,-0.000756735256322472,6.51584167812302e-05,-4.07961338462215e-05,-5.29050963278266e-05,-0.009604522708762,-5.66896171161346e-06,-0.0019320406036254,-0.00304945677131307,-6.49337380878023e-05,-4.36963567382875e-05,-0.00164658656209404,-0.00283065184226405,-0.00927901963203137,-1.56317577175713e-05,-0.00680670640979208,-1.42998072547584e-05,-0.00283575109518353,-5.29050963278266e-05,-0.0054925584267238,-0.00174038509765317,-0.000181238815915918,-0.0014309624568698,-0.00209727983966967,-0.00360542064520786,-1.10312916312694e-06,-7.69702372993564e-05,-8.90089059151222e-05,-0.00214921176647032,-8.05768077896118e-05,-0.00136780201168207,-0.00539417496837302,4.20327772303608e-05,-0.00263808662246312,-1.44047399377456e-05,3.30748358070565e-05,-0.00375539425489269,4.2032777231249e-05,-1.8137085120884e-05,-4.50388659878342e-06,-0.00439005085270416,-0.00103760953925658,-0.000125077641456528,-0.000573121921484621,7.76654054037706e-05,-0.00225003081486275,-0.000787493590508781,4.36275670203656e-05,-0.00501181558891783,-0.00362411438610177,1.8624323292471e-05,-0.000975306150764688,-3.76563423190035e-05,1.45686312720272e-05,3.13310873174544e-05,0.177576806438236,-0.00509305135640759,-4.97472904168461e-05,6.58619741944477e-06,-7.01784061929445e-05,-0.00805110741474557,-0.00132857420691934,-8.04829245826255e-06,-0.000348874189139536,-0.00208378732013248,-0.00384168177515143,-0.000913510610110357,-0.00142665300453348,-0.0105671085125962,-9.66844860803562e-05,-0.00235359738039875,-0.00194819883473674,-0.00228064063407629,6.94012485702444e-05,-0.00101942557964652,-0.00169635704028437,2.38605712512552e-05,0.000153699856152656,-0.00377809988025568
"4:167001986:A:G",-0.000837884070501893,-0.000925801264815895,0.000120235128410862,-0.000806584920574061,-1.19605226718278e-05,-0.00102442309470785,-0.000143289664692681,-0.00805613872849253,-0.00130722501706515,0.000164854622630273,-0.00219222126452134,0.000175626292206132,3.69822060797276e-06,5.62281153344557e-05,-0.00198899936085706,-0.00104211340635274,-0.00137524645140985,0.000164854622629385,-0.0016113266467892,-0.00123097799218996,-0.000256961405943557,-0.000271243729220494,3.69822060797276e-06,-4.85006516086628e-05,-0.00166149318518327,0.000149155932839484,-0.0104298768970787,-4.88507812352879e-05,0.000532789667770039,-0.00121081705601167,-0.0115141738711326,-0.00231301958026098,-0.00139309719423686,-0.000271243729220494,-0.000518367733577385,-0.00127930428071021,-8.33437213874078e-05,2.72695408654045e-06,-0.000300428243775741,-0.000639998036548128,-0.00285163793360343,-0.00322582785012226,-0.000201176946426962,-0.0014066060366309,0.000518858914631437,0.000432674531217536,-0.000448987412824842,-0.00201097154029961,-0.00141274049976303,2.72695408654045e-06,-0.00118087605018502,-0.000535785358747098,-0.000620573960331328,-0.00373375058352376,-0.000156434248891557,-0.00168151981693043,-0.0041597074509383,-0.00120615780310729,-0.00258188301576912,-0.000644773487945116,8.86703624018992e-05,-0.00188459607761393,-0.000874815862239586,-0.00422823422483098,-0.00830342718581623,-0.000292321371307303,-0.00190773241139741,-1.19605226718278e-05,-0.000908649220737523,-0.000707025755226631,-0.0017176333353115,-0.00112436731814203,-0.00221907008515476,-0.0033882200690849,2.47162681912272e-05,3.07553929008719e-05,-0.000119417241157826,-0.00317413750183881,-0.00278684162333764,0.00032229009894813,-0.000313468447194154,-0.00144623464777727,-0.00320307550732224,-0.000986324889086454,-0.00587739014949662,-0.0111176519852449,0.000284008954766435,0.000192348573616385,-0.00152962751972563,0.000341840149084227,0.00645243369482618,0.000551491273194316,0.000131626372049887,-0.00107765087476075,-0.00102019212635795,8.50681950712584e-05,0.000237807034793924,-0.00509305135640759,0.18037023750998,-0.00113618782631608,3.53654222955413e-05,-0.00496651456320762,-0.00159023767370359,-0.00243780127727611,-0.00497621713858543,0.00378216996297009,-0.000172094964565161,-0.00114921694479175,-0.00171105656318904,-4.7001664830848e-05,-0.00334299508456493,-5.83650324550433e-05,-0.00168198254771923,-0.000523849407992216,-0.00159191055128538,-0.00291444677712516,-0.00627335002457086,-0.00130582880272279,-0.00573413157499658,-0.00487821415029099,-0.000600115063903672
"4:167005017:C:T",-3.41069232359104e-05,-0.00321555114037331,-0.00387515381192749,2.79694569185196e-05,-2.78734667258362e-06,-0.0029073002861626,-0.00242854813931537,-0.000215813539793608,-0.00223970017290842,5.09046629622034e-05,-0.00325412457020136,5.33576150623105e-05,-3.27188960262959e-05,0.000124496670517615,7.42870288288344e-05,-3.71551840201434e-05,-0.000807827585409981,5.09046629622034e-05,-0.00337680030469123,-0.0033424853524302,-7.26028627973108e-05,-7.59696511885011e-05,-3.27188960262959e-05,-0.00143713948637636,-0.00304998219525565,-0.00407304567526268,-0.000597587316956805,-1.1363899724337e-05,-6.27588675286006e-05,-0.00316761304212676,-0.000381925309819842,-0.0018456818091197,-0.0038716122699185,-7.59696511885011e-05,0.000156578867208879,-0.00286600608058851,-0.000172111389797003,3.29273216870263e-06,-0.00111013156107909,-0.0014097200096943,-0.000118435833288189,-0.00204289835986238,-0.00152869497495356,0.00018764436148544,0.000158379788958385,-9.49944139954084e-05,0.000341041746522386,-0.00513667849350607,-0.0015084346607912,3.29273216870263e-06,-0.00111013156107909,0.000313688066745144,-0.00010199185157056,-0.00068874822961984,-0.00263324495401829,-0.0029582152700609,-3.71551840201434e-05,-0.000489418679060272,-0.000965050727621986,4.84205423543216e-05,-0.000124115268311797,-0.00128611598978878,-0.000248040063585364,-2.0276842701783e-05,-0.00352954111876258,-0.00132824138444221,-0.000585519263125001,-2.78734667258362e-06,-0.000177429800030993,-0.00636714298353969,-0.00368712980658259,0.000909377297023894,-7.93805560386218e-05,-6.60957040903298e-05,0.000100325485534292,-0.000508533433849934,-3.41069232359104e-05,7.89151344342542e-05,-7.93805560386218e-05,0.00010032548553518,-4.33698894859447e-05,-1.1363899724337e-05,-0.00476438170870619,-0.00449230321270466,-0.00121682775229459,-0.00170176829321322,-0.000950989895936338,-0.00235936284087401,-0.000332392115624636,0.000104639679125995,-0.00115987077404167,-0.00368028512186758,-0.00200008278874186,-0.00686603280935483,-9.64871730966266e-05,3.28269093410327e-05,7.42870288288344e-05,-4.97472904168461e-05,-0.00113618782631608,0.137705338264972,1.46134750584892e-05,-0.001285456056074,-0.000103192160580967,-0.00111431149864316,-2.0276842701783e-05,-0.00105572964044676,-0.00169929058816276,-0.00161217595204022,-0.000299923359897036,-0.000947859433790832,-0.000282865531049836,-0.000221489608734693,6.71190306684721e-05,-0.00384254842427278,8.85247672055556e-06,0.000167025528919673,-0.00219640709543345,-0.00467070677079562,-0.00185626808935435,-0.00163557676756287,0.000369569942775705
"4:167006474:G:C",4.75048086023833e-06,-0.000596825731498996,-6.7026316656893e-06,-4.28001780239384e-06,-0.00384858833275281,-6.06014814863443e-05,-1.22452725630495e-05,-0.00253011323035057,1.18584803363575e-05,-8.12016132467619e-06,-0.00465552467106622,-8.46771511575639e-06,4.05496186051124e-06,-0.00129898225481373,-1.22452725630495e-05,-0.00309888321524543,-0.000911831673890084,-8.12016132645255e-06,-0.00127173135833569,6.21467394079644e-06,9.62629451795038e-06,9.99361693398981e-06,4.05496186051124e-06,-0.00231672385397275,-0.00425486654859153,-0.000106779442853089,-0.00262975632165396,1.44049686667813e-06,8.53578565429558e-06,-0.00437910798274999,-0.00382996779650924,-0.00176216758298864,-1.80045872806289e-05,9.99361693398981e-06,-2.80836455557321e-05,-2.44426070752368e-05,5.32663068852912e-06,-0.00249495128475541,-0.00192990786103842,-0.00326170203131149,-0.00390770999893775,-0.0010049530820746,-4.90541606392725e-05,-0.000734385984285879,-2.83828272342745e-05,1.24331999629135e-05,1.53524179760112e-05,-0.00420689677090191,1.80664789262153e-06,-0.00249495128475541,-0.00192990786103842,1.82196868649953e-05,-0.0041344125339613,-0.00199861835656989,1.22370198010202e-05,-0.000864259365230602,5.11324833674109e-06,-0.00434345594050001,4.43832765562036e-06,-7.76990024853319e-06,-0.00185404920578769,-8.80487239554029e-05,1.4885205477988e-05,2.54625698659083e-06,-0.00817101285752919,-0.00145137051729183,-0.000126566646923898,3.56530902578811e-07,-0.000534358907768429,2.3255441576886e-05,-0.00372250218087178,2.15473627660501e-05,1.03628364582775e-05,-0.003746190887159,-1.70123699323455e-05,-0.000548171797138508,4.75048086023833e-06,-0.00100569833138575,1.03628364582775e-05,-0.0012659295055677,5.84534231773404e-06,-0.00211835072718358,-0.00195352404400673,-0.000630506814204068,2.88935414474167e-05,-0.00360206137772767,-0.00157276882861623,-0.00285486449176897,-0.000614950427032745,-1.76767266850675e-05,3.55774763427519e-05,-0.00159176513339254,-7.06115959747677e-06,-1.83296134999011e-05,-0.0024572174706865,-5.6101275642817e-06,-1.22452725630495e-05,6.58619741944477e-06,3.53654222955413e-05,1.46134750584892e-05,0.122065070518667,1.91283072314974e-05,-1.33045628292194e-05,-8.11107190772375e-05,2.54625698659083e-06,3.46997438267493e-05,-9.39337358207837e-06,-0.0030692746705796,-0.000423513257181263,-0.000756163845814228,-0.000191664009208559,2.45911712788427e-05,-0.00151805539660632,-0.000995866649275534,-4.91919804792573e-05,-0.00144502391674184,-0.00186354282040924,3.59307615465099e-05,-0.00107337310454714,-2.17474789465655e-06,1.16142797317309e-05
"4:167007881:A:G",-0.00579827149984968,-0.00457518322996453,5.44558535509054e-05,3.80939033401972e-05,-3.98864120754183e-06,-0.00112270701675765,9.96444745622327e-05,-0.00738243113603865,-4.4173851625473e-05,6.87091849860266e-05,-0.00122772109188851,-0.00128171016700751,-0.0024776488316105,-7.14702308499682e-05,-0.00163981777003741,-5.18192698137909e-05,-0.00354923222152514,-0.00376133870967976,-0.00013199883760695,-0.0077300122207129,-0.00829790658277307,-0.0033403640752363,-0.0024776488316105,-0.0103705345966842,-0.00511571699823232,-0.00075248782806181,-0.00105740973868951,-0.00257271540006254,-8.73969307493283e-05,-0.00109354425225128,1.05070923885897e-05,-0.000396589235254652,0.000142731005402297,-0.00127606558549775,0.000206800258567341,-0.000119186796661452,-0.000154641630875751,-0.0022774565285788,-0.000189689133407001,-0.00353170224809229,-0.00538557968932807,-0.00221505157715729,5.26221014238715e-05,-0.000886702792025851,-0.00299765689937193,0.00022786219772275,-0.00442775558939346,8.73026803986932e-05,-2.05298342397242e-05,-0.0022774565285788,-0.000189689133407001,-0.00380462124951553,-0.00472921115313785,-0.00186948501816797,-0.00151853220894971,-0.0044824256937579,-0.00135877978943189,-0.00151563225132545,-5.19396147131701e-05,6.52227865591826e-05,-0.000259262062996868,-0.00715655937412008,-0.000862801604307961,-0.00249622097052882,-0.0031203087993239,-0.00547716456337266,-0.00681153643176158,-0.0042885900768086,-0.000253366856767023,-0.000291699157625835,2.60197334087664e-05,-0.00494076972871937,-0.00134606406439097,-0.0130898435579256,-0.00136104623171818,-0.0121002816915379,-4.73948468791008e-05,0.000106067010119837,-0.000111863274717017,-0.00155024535811954,-6.08637055350414e-05,-0.00181114341980493,-0.00116124273727447,-0.0046995895385038,-0.00361437183082636,-0.00182780810887717,0.000316410240614573,-0.0062012467280308,-0.000487135631296098,0.000139833309250825,-0.00489400379377614,-0.00116014690712563,-0.00194395827731775,0.000145587857043772,-0.000256480534171821,4.32035823978438e-05,9.96444745622327e-05,-7.01784061929445e-05,-0.00496651456320762,-0.001285456056074,1.91283072314974e-05,0.252022683380664,-0.00151981592696693,-0.000363554294440682,-0.00249622097052882,-0.00837084336426308,7.19870885914631e-05,-0.000426448664764933,-0.000437713335226242,-0.00653583230489208,-0.000884262943880998,-0.000338836460602288,-2.10814347303412e-05,-0.00279440843584666,-0.000649055977501867,-0.000751403789302607,-0.00131738864879694,-0.000638045266268428,-0.00262840008083387,-0.00189069743537207,-0.000283718157536583
"4:167008302:A:C",-0.00147472672325932,-0.00291966898496243,-0.00285664677090214,0.000102078592693289,-0.00377124100702453,-0.00276404907516126,-0.00484036293045165,-0.00752438847143067,-0.00496398831230627,-0.00942716403875909,-0.000771147638597203,-0.00249220016680507,-0.00329529396944617,-0.00464397281044526,-0.000255100966644939,-0.00401796644355201,-0.00398425180590145,-0.00507450461427084,-0.00348728846429003,-0.00604145847579574,-0.00418603444933119,-0.0047521889358606,-0.00329529396944617,-0.00250237565978839,-0.0046383388105613,-0.000797076404601249,-0.0027290840127514,-0.000444417048870882,-0.000117990998428574,-0.00563107145237929,-0.00417006116674701,-0.00448501683651337,-0.00142451057975723,-0.00286861343201927,-0.011504768341279,-0.00257569565239102,-0.000274758410642839,-0.00412820170112882,-0.00275124413096339,-0.00985099742833961,-0.00527229013219399,-0.00358482664125015,-0.00249443741620192,-0.00246744955074973,-0.00840701156871315,-0.000144474508664949,-0.0045892328759285,-0.00335088787593696,-0.0025752917496753,-0.00412820170112882,-0.000835212256245832,-0.00403180703687678,-0.00649372275181381,-0.000400695331144174,-0.00293460406094948,-0.0010326068842188,3.33494270208234e-05,-0.00180910836699955,-0.00469213503738164,-0.00513763149325275,-8.15901620998538e-05,-0.00366561139229882,-0.00231931149904696,-0.00897212425065064,-0.0156397429158814,-0.00143916138974243,-0.00322800829411163,-0.00377124100702453,-0.00503454577314333,-0.00729320318045978,-0.0132773243635835,-0.00394810950226621,-0.0027675128783855,-0.00667839442827312,-0.00680453809361481,-0.00788012100201207,-0.00499059987417549,-0.00722106018550317,-0.0100370876406579,-0.000296621968449706,-0.00580656473726293,-0.00469885419797844,-0.0110997598036473,-0.00395171660303539,-0.00424803346362701,-0.00613722833125196,-0.000396676242006233,-0.000133175994446511,-0.00127025010762605,-1.14029320279485e-05,-0.00125033558098719,-0.00429501443340019,3.64243435040379e-05,-0.00160951353487437,0.000156120269537485,-0.00207968335860853,9.692577839715e-05,-0.00805110741474557,-0.00159023767370359,-0.000103192160580967,-1.33045628292194e-05,-0.00151981592696693,0.435824075839668,-0.000626611256402843,-0.000609965516673583,-0.00110289004281627,-0.000717916444793243,-0.00654524744071949,-0.000765759848869507,-0.00416003037644064,-0.00185788317218805,-0.00137246031717897,-0.000423261852657397,-0.00275233363121252,-0.00169007768460316,-0.0018016504201066,-0.0032616239473513,-0.00821791406862316,-0.00342915172792546,-0.00820950923511843,-0.00297812207501957
"4:167008540:G:T",-0.000932156134713757,-0.000202310554499263,-0.00375986644121884,5.81760896025685e-05,-0.003279948329733,0.00060349917210889,0.000151638212968486,-0.00515322801014362,-0.00331981323671204,0.000104433291022055,6.28434341294337e-05,0.000110269862174661,-7.70393050739671e-05,-0.00181299702637716,0.000151638212968486,-0.00302033888198228,0.000273590828688164,0.000104433291021166,-0.00112933089646106,-0.000101564979985369,-0.00015500035053595,-0.000162848445912189,-7.70393050739671e-05,-0.00470363283387876,-0.00149664810655192,-0.00394521554388838,-0.00456339983121978,-2.67113325138624e-05,0.000474274411857323,-0.00103609515523218,-0.00864145212289635,-0.000466103160038145,0.000220705752977501,-0.000162848445912189,-0.00149545105374571,-0.00283388885850044,-0.000124089051095844,-2.3929346149032e-07,-0.00348139560000149,-0.00176719672790693,-0.00277249344796004,7.79232418812725e-05,-0.00322374255951985,-0.00358315668998088,-0.00138420632399683,0.00041621751290144,-0.00026758287358053,-0.00387230712386266,-0.00152665092974313,-2.3929346149032e-07,-0.00348139560000149,-0.000322427361993505,-0.007844605264129,-0.00766790370970138,-0.00254830185258381,-0.000608238795211768,-7.96004686485219e-05,-0.00413017621276124,-0.00299582738742732,-0.00209007875365774,-0.00026758287358053,-0.00644695460786426,-0.000366959796482824,-4.76957606023731e-05,-0.000385755115095421,-0.00243788172088522,-0.00788933922269575,-0.003279948329733,0.00231642651474129,-0.000430661741167349,-0.00358146972600348,-0.00101069465029902,-0.00358611546310428,-0.0132415021244969,-5.83060839698391e-05,-0.000691852037785878,-0.00617513782397161,0.000162741070163896,-0.000170803136020581,-0.00183282116772965,-9.4145430019843e-05,-2.67113325138624e-05,-0.00150786246981216,0.000335573681343959,-0.0015413889561593,-0.00311492086288911,-0.000340431648143458,-2.79596606747035e-05,0.00190084931575818,-0.00296480315131031,-0.00346971097039006,-0.000968575960067941,-0.00454062149311341,0.000225759197451936,-0.00148126829923712,6.13356924024089e-05,-0.00438320015026594,-0.00132857420691934,-0.00243780127727611,-0.00111431149864316,-8.11107190772375e-05,-0.000363554294440682,-0.000626611256402843,0.20421635447237,-0.00286731622434822,-0.00227668304168471,-0.00164785098768405,1.80440830677142e-05,0.00265090327867057,-0.00194109106875118,-0.00200067666419468,-0.000471472592512789,-0.0042995858404522,-0.000163447289837748,-0.00263244440884236,-0.00187053745560029,-0.000517564864957354,-0.00203626480600416,-5.49549924322434e-06,-0.00163895190924457,-0.00168641928458246
"4:167011817:G:A",-5.58744881473672e-06,-0.00235863661015845,6.57633237732824e-06,4.39685253894595e-06,-4.06885465764617e-07,-0.000625403650134082,1.12823500186821e-05,-0.000838182612912242,-1.57598395205127e-05,7.89776159226818e-06,-2.5277435760529e-05,-0.0011535319585354,-0.00198151068568286,-0.00150239230497373,-0.00153570731697439,-6.06261406321806e-06,1.86713710874642e-05,-0.00147265758011628,1.43918897084205e-05,-7.53871917336113e-06,-0.00333722847406026,-0.000819501170946424,-0.00198151068568286,-0.00171307020296219,-0.00211575146447096,8.84096962217029e-06,-5.99844159179241e-05,-1.67048934329728e-06,-1.06194351445765e-05,-3.45798244421047e-05,-0.00209093676132621,-0.00597030161217393,1.54981522006992e-05,-1.28037555171545e-05,2.14533325237909e-05,-5.38633381719222e-06,-0.00215137351843175,9.43975651424012e-07,-1.39546661745982e-05,-0.00195045196668531,-0.00191840733866222,-0.00303925263722515,-0.00212414278958839,2.45876692543945e-05,2.1618662520595e-05,-1.65036780046535e-05,-0.00155383086259686,-0.00179797291578954,-0.00232099364288629,9.43975651424012e-07,-0.00161769495939623,-0.00133775096612343,-1.77176378848287e-05,-8.29387146419336e-05,-0.00380860718460596,-0.00203663857119185,-6.06261406321806e-06,-7.88984304600504e-05,-0.00236755848681991,-0.00163551158221154,-2.1626339716363e-05,-0.012859850689388,-0.00223942165750124,-3.00210855197491e-06,-0.000931652171905384,-0.00770418252472194,-0.00725288593635565,-4.06885465764617e-07,-3.25611818219329e-05,-3.82331328196983e-05,8.50998953794146e-06,-0.00123061342086128,-0.00645932325382859,-0.00427817867264402,1.47826790950489e-05,-0.00711557927804662,-5.58744881473672e-06,1.18401747037922e-05,-1.3374121979659e-05,-0.00147706485325561,-7.03805163926319e-06,-1.67048934418546e-06,-0.000484970057164524,2.19406544799128e-05,-0.00576736263222966,-0.000227923643485894,-0.000495278435856505,1.14982888099746e-05,-0.00404576739352258,-0.00373957962515714,-0.00502648731540667,-0.000156740678505685,6.9154646809011e-06,1.57284018147408e-05,-1.44496174527831e-05,-0.00230688758282227,1.12823500186821e-05,-8.04829245826255e-06,-0.00497621713858543,-2.0276842701783e-05,2.54625698659083e-06,-0.00249622097052882,-0.000609965516673583,-0.00286731622434822,0.169097720205398,-0.00479643635409488,8.84096962305847e-06,-0.00337785767728782,-0.00369678746952129,-0.000181399791803649,-8.96695801664293e-05,-4.18140070648221e-05,1.04077953517745e-05,-0.00192149739383218,-0.00352912882573087,-0.00112369242182986,-0.00157565563569095,-9.1358187291668e-05,-0.00446620914114959,1.98695690745154e-06,-1.5589359595225e-05
"4:167014603:G:A",-0.000770940957610655,-0.00434310916738845,0.000116322254014811,8.96699382835209e-05,-1.13226809022038e-05,-0.00029130247737541,-0.00019443982969225,-0.00883097312408587,-0.00032903448796695,0.000158601842779937,-0.00125705689122402,0.000168816847578412,-0.000650745616718851,-3.92257040182642e-07,-0.00211093110063398,-0.000974519974680454,-0.0015048617039195,-0.00211393215628508,0.000120280546583196,-0.00116135540833096,-0.000245288985680325,-0.000258760914968015,-0.000650745616718851,-0.000214334312846454,-0.00210547138647987,0.000145055698348884,-0.0114440671099594,-4.62232296056797e-05,0.000603645257560181,-0.00105534713089295,-0.0156031302644126,-0.00215567628116986,-0.00151975014625005,-0.000258760914968015,-0.000705976920192697,-0.00120954467057111,-0.000136977520232229,-8.81986450718131e-06,-0.00028627532902803,-0.00161294526432565,-0.00328950063211586,-0.00149769247672005,-0.00143676484184763,-0.00113758071270986,0.000499920997166114,0.000508314596332937,-0.000427483214043178,-0.000430568761830674,-0.00134774037633711,-8.81986450718131e-06,-0.00110561202840653,-0.000510453926184873,-0.00132372331889918,-0.00604887533165499,-0.00364362204487456,-0.00157976670911975,-0.00426643429721274,-0.000902699038765498,-0.00245392016683255,-0.000621308099542972,0.000125505641213053,-0.00199408634276388,-0.000995571641451143,-0.00191282784968294,-0.00568029776994017,-0.000281741104601885,-0.00332552837223243,-1.13226809022038e-05,-0.00081899118367712,-0.000673975659983839,-0.00499764528421309,-0.00103273061445819,-0.00208641334496917,-0.0060773899121882,-2.94306580475023e-05,0.000121135803404115,-0.000114167737968351,-0.00312156864913948,-0.000517505890956116,0.000310485708155284,-0.000348624043673418,-0.00138186144685459,-0.00498013241884632,0.000515738507794516,-0.00613869659417343,-0.00740429642720297,0.000268627630680029,0.000187389973453911,-0.00135613050218986,0.000329050558264932,0.0037094731204963,0.000287586168889131,0.000127110927606644,0.000347117449904566,-0.00395611571393317,8.30379464158426e-05,0.000229034459374056,-0.000348874189139536,0.00378216996297009,-0.00105572964044676,3.46997438267493e-05,-0.00837084336426308,-0.00110289004281627,-0.00227668304168471,-0.00479643635409488,0.185979686951053,-0.00014880147730878,-0.00163756439921237,-0.00154292042405668,0.00016750226292972,-0.0033686922447318,2.15288939742209e-06,-5.8721958567709e-05,-0.00057898200766715,-0.00172835259828652,-0.00277918941623678,-0.00196351400224648,-0.000661971607067713,-0.00547682647482084,-0.00359514536716699,-0.00219336369234391
"4:167015767:A:G",1.7322897191363e-05,-0.000422365013909243,-0.00938104088726543,-1.54520496327137e-05,1.23093845072475e-06,-0.000907004449815396,-0.0034333187914779,-0.000339122003620851,-1.92663328544285e-05,-0.00939823941378748,-0.000380419156069678,-3.04408193834149e-05,-1.91034937451207e-05,-7.72931922679021e-05,-0.00266738581319004,1.8607882809718e-05,-0.000930245801829876,-2.92879909977728e-05,-0.00114809601613608,2.25261997393034e-05,-0.00166805001463199,3.68056127983962e-05,-1.91034937451207e-05,-0.00210053671596722,-0.00091191487077058,-3.46474925851936e-05,-0.00875787830855312,4.98716398489307e-06,3.15018647434329e-05,-0.000193278424970522,-0.00541278705054138,-0.00166821591805544,-0.000750883758842136,3.68056127983962e-05,-9.86715779927039e-05,-0.00214416620982583,-0.00174646860083172,-0.00247231007018112,-0.00187383428196064,-0.00085824674594992,-0.00614740583212203,-0.00517141867672599,-0.000145062841698795,0.000117610165075277,-9.95808143722243e-05,4.63493407147908e-05,5.73364433744672e-05,-0.00630051919090224,-2.72823683253876e-05,-0.00247231007018112,-0.00187383428196064,6.887179193793e-05,4.90368003260855e-05,-0.00331268287589559,-0.00687089192591195,-0.000552771933612028,1.8607882809718e-05,-0.00418574415339856,-0.00214416620982583,-2.81244860396157e-05,5.73364433744672e-05,-0.000473245831908553,-0.00178422400451872,-0.00232201438098034,-0.00398997951977975,-0.000205888274607879,-0.00365123255688982,1.23093845072475e-06,-0.000485653113146967,8.98942193723329e-05,-0.000100577646891864,8.25320218362791e-05,3.81573259087276e-05,-0.000137601248286323,-0.00130757500285661,1.66907249479209e-05,1.7322897191363e-05,-4.62206854621172e-05,-0.00182838332441904,-6.07089345319167e-05,-0.00193414905631073,4.98716398400489e-06,-0.000335959588663393,-0.000101370886114616,-0.00218975906632934,-0.000319478970933318,-0.000456759263544271,-0.00140531404126509,-0.00104040573248199,-6.2827191554149e-05,-0.000147707827326649,-0.00366854809076544,-2.57648946337952e-05,-0.000446637747654854,-0.000152211924993928,-0.00338634986509589,-0.00121193469689462,-0.00208378732013248,-0.000172094964565161,-0.00169929058816276,-9.39337358207837e-06,7.19870885914631e-05,-0.000717916444793243,-0.00164785098768405,8.84096962305847e-06,-0.00014880147730878,0.155850490750261,-0.00429125767261507,-0.00119146603935416,-1.39580468196954e-05,-0.00283725011833624,9.54969537225736e-05,-4.05749143164158e-05,-0.00151476097553527,-0.00240716456622714,-0.00011011923279014,-0.0028046898527041,-0.000482334707610832,-7.86776082897234e-05,-0.00113307333183332,-0.000958752080156167
"4:167016808:G:C",-0.00191321451883208,-0.00211004509600254,-0.000310070041630972,0.000346744270927068,-9.18894548407323e-05,-0.000909296120718217,-0.0071027706373723,-0.00715565003617114,-0.000235255399874568,-0.00452403084983644,-0.00842701206142848,-0.00172110512873136,-0.00250024785462255,-0.000727450668646767,-0.00292933443086518,-0.00169777407973459,-0.00477645247970493,-0.00222852038248877,-0.00715765856521511,4.27006751806402e-05,-0.00172076376063757,-0.00344473513814947,-0.00250024785462255,-0.00309156717049497,-0.0042459639235215,-0.00260064288797324,-0.00703460739840134,-0.000347989044329644,-0.000313330110079058,-0.00576982408128845,-0.0120055217464907,-0.00123410005925617,0.000573986433963114,-0.0056782304965024,-0.0074062805259425,-0.0018073775910521,-0.000418703285255617,-0.00684694515288076,0.000151685768840615,-0.0103283951962991,-0.00163298685778956,-0.00190596893559825,-0.00268244534862561,-0.000887558739121275,0.000797893400743099,-0.000167701182211211,-0.00695921071245031,-0.0011335840758484,2.41631837845091e-05,-0.00684694515288076,0.000151685768840615,-0.00627612044615056,-0.000345258251405411,-0.00032584387425727,-0.0124247932873773,-0.00407235556131802,0.000150471138714359,-0.00366686508059866,-0.000275133315791543,-0.00246758480379583,-0.000379021651546019,-0.00516454647399289,-0.00293470504850823,-0.00337785767728782,-0.00839652100805566,-0.00408249662015203,-0.00846276256221978,-0.00446807978685282,-0.000922565868558323,-0.000596168165519551,0.000115922421173309,-0.00690273556188359,0.000308867834229787,-0.00673144668006209,-0.00559147969812468,-0.0116066244738318,-0.00152861351215172,-0.000940233996908013,-0.00075361999431145,0.000396414378553089,-0.00185483603469372,-0.00191200774112943,-0.00163589970233335,-0.00163337428295307,-0.000777703236044758,-0.00286599197833048,-0.00132109053684548,-0.00113565140289573,-0.000948251347661078,-0.00183804087227912,-5.39252857878481e-05,-0.00676011759948469,-0.000371872482064717,-0.000573061764280069,-0.00402194199098149,-0.00445112216041021,-0.00340533962819034,-0.00384168177515143,-0.00114921694479175,-0.00161217595204022,-0.0030692746705796,-0.000426448664764933,-0.00654524744071949,1.80440830677142e-05,-0.00337785767728782,-0.00163756439921237,-0.00429125767261507,0.37617823019457,-0.000247996125088079,-0.00481260092893843,0.00047056603125295,0.000203749831885425,-0.000709209621169826,-0.0123153740461492,-0.00206778519752238,-0.000281262932231741,-0.0251668972845733,-0.000393206641428279,-0.00778627515419794,-0.00138462121784499,-0.00503210538797383
"4:167018172:T:G",-8.72760811594375e-05,-0.00127340710530799,-0.00118004353298673,6.98452042406927e-05,-0.00284311734375464,0.000738556296929538,0.000181254645135631,-0.00219303520397984,-0.00417952681886824,0.000124889544365736,0.000146569458376433,0.000132297604386267,-9.60357273767087e-05,-0.00258130654488831,0.000181254645135631,-0.000709029294386099,0.000330161065900114,0.000124889544365736,-0.00154761603384745,-0.000123326857184303,-0.000186370530682822,-0.000196020721728196,-9.60357273767087e-05,-0.00434263703208959,-0.00346284949191489,-0.00304056629090343,-0.00125153533435007,-3.33756267254515e-05,-0.000158143151965717,-0.00291621602254022,-0.00525948017739619,-0.000558258812103141,0.000265934573490334,-0.000196020721728196,0.00038924270541596,-0.00196802428608311,-0.000157893094049122,-3.57244342730212e-06,-0.00433538176226023,-0.00358588981137942,-0.00171271953953234,-0.000535820119627495,-0.00102617829924778,-0.00306003452911785,0.000395110399925791,-0.000238816469323666,-0.00032137008903721,-0.00256088883078665,-0.00109631701386892,-3.57244342730212e-06,-0.00433538176226023,-0.000385328778487626,-0.00287110217997188,-0.00401854811245173,-0.0018244575362063,-0.00207988447036378,-9.61188204353647e-05,-0.00233621427717301,-0.000105464245922171,-0.00288918396732285,-0.00032137008903721,-0.00550376812965059,-0.00124190823967218,-5.95373506264707e-05,-0.0012523927675181,-0.00172499726952235,-0.00864862622333185,-8.18847632100272e-06,0.00318088369400549,-0.000510923469929203,-0.00438572069300669,-0.000471932194398228,-0.00443822945265282,-0.00892548296416873,-0.00160770252198006,-0.00031044464408847,-0.00700713253274809,0.000195454383321803,-0.000205795317910429,0.000245852353331522,-0.000114142050795074,-3.33756267263396e-05,-0.00465432998367188,0.000406625680065886,-0.000738081785529587,-0.00616497207319755,-0.00215627371267768,-0.00132649935916351,0.00448184731120005,-0.00248163432051296,-0.00229138121512129,2.34876081250945e-05,-0.00150189188675043,0.000272462310554999,-0.000733027848225376,7.03220362128221e-05,-0.0061695384166276,-0.000913510610110357,-0.00171105656318904,-0.000299923359897036,-0.000423513257181263,-0.000437713335226242,-0.000765759848869507,0.00265090327867057,-0.00369678746952129,-0.00154292042405668,-0.00119146603935416,-0.000247996125088079,0.165682757511258,0.000930224081012732,-0.0012079312186577,-0.000559753226606396,-0.00338734910266147,0.00011284459161498,8.08901751190305e-05,-0.0026246163110164,-0.00489562950345901,-0.000796891158332258,0.000139762716688807,-0.00120600909803326,-0.000596803085020525
"4:167018223:A:T",-0.00161816974044715,-0.0098916576849879,-0.000495988894214427,0.000138104365245084,-0.00361770805457606,-0.00267491722566326,-0.00113746315339647,-0.0114447619949454,-2.14965741243134e-05,6.47345966147128e-05,-0.00336713758984697,-0.00685258083545026,-0.00277427066987279,-0.00943729458066223,-0.0020094076096262,-0.0037334882954001,-0.000197915892780287,-0.00593152868367763,-0.00227863594754973,-0.00550306464256689,-0.00613203295448894,-0.000214685003751214,-0.00277427066987279,-0.00516685901466341,-0.00657538366720356,-0.00310837786887586,-0.000944442486381369,-0.0024990916696872,-4.42333887180624e-05,-0.0122561030855701,-0.00903401801584414,-0.00826464855498532,-0.00383457818727351,-0.000734760056698036,0.000128935681352971,-0.00532463425325158,-0.00641640321204795,-0.0025175909685391,-0.000600021517016103,-0.0108267922650667,-0.00525156914318536,-0.00318723005301758,-0.00230557907363371,-0.000479772303479287,-0.00258846147607983,-0.00021166221871205,-0.00339712079447985,-0.00587500719473466,-0.00191080389073761,-0.0025175909685391,-0.00153252386233316,-0.00377131209204684,-0.00552926240589002,-0.0036375996882394,-0.00315385855807548,-0.00491195984687076,-0.000377027018892306,-0.0103684136507431,-0.000977982017871248,-0.00210768961805119,-0.000451133744096666,-0.0167737301600952,-0.0110747590426574,-0.00101644262826017,-0.0118198854731464,-0.00135761294691727,-0.0152877535934528,-2.10353454859202e-05,-0.00407108589263583,-0.00367163786117075,-0.00527588504391296,-0.00317411733117989,-0.00322252083276808,-0.00217406428549216,-0.00617683197421659,-0.00935450744408284,-0.0057969576769068,-0.0122348611194942,-0.00218433332412804,-0.000429911876040912,-0.000277650889687564,-0.00438444272889082,-0.00331494331086057,-0.00111032479234296,-0.00419672003119453,-0.00739839090448058,-0.0161373264364375,-0.000348085440456281,0.00136535829008189,-0.00124996634392627,-0.000631331565954074,-0.0148038131064987,-0.00219133574765262,-0.00123529214357543,-0.00236268648854399,-0.000962267491014579,-0.0030460049957215,-0.00142665300453348,-4.7001664830848e-05,-0.000947859433790832,-0.000756163845814228,-0.00653583230489208,-0.00416003037644064,-0.00194109106875118,-0.000181399791803649,0.00016750226292972,-1.39580468196954e-05,-0.00481260092893843,0.000930224081012732,0.463342382697412,-0.0148592105510477,-0.000407558741735592,-0.00288461044071209,-0.00361869845139173,-0.000824381684743969,-0.00309790153837319,-0.0028732068131081,-0.00265741199222802,-0.00493706044428066,-0.0045612493490359,-0.00102487070266299
"4:167018571:A:G",-0.0053504387446095,-0.00517354979522011,-0.00331182150546727,5.15989032061626e-05,-6.83301405679515e-06,-0.00218826172641151,-0.0104104184964999,-0.0056462058175768,-0.000636124473460065,-0.00976869753646348,-0.00313393254675542,-0.00234352290274309,-0.00317370725794897,-0.00186707920336593,-0.00528326605243556,-9.70129824082733e-05,-0.00549312903578247,-0.00457469525394849,-0.000320553153761782,-0.00816292448299283,-0.00217162485777056,-0.00418943075951894,-0.00317370725794897,-0.00541036561816011,-0.00540993655406874,-0.0027656285402573,-0.00428186025267729,-0.000152233507922261,-0.00017429959732862,-0.0045805147864062,-0.00624768809418308,-0.000767296920238358,-0.0020553252495823,-0.00394340479567656,-0.00787936737813322,-0.00686061523623094,-0.00105802305269131,-0.00182388887444462,-0.00157330540678302,-0.00232377091120428,-0.0112289162985095,-0.00232786112765115,-0.0119165776334467,-0.0174912328819117,-0.00438975247634588,-0.000348867116378493,-0.00176073773681606,-0.00250391479611922,-0.0126671888145893,-0.00182388887444462,-0.00388563488967186,-0.00458918485797355,-0.000773787706065399,-0.00286592255495854,-0.00611907900468767,-0.00768343886645617,-0.00192094409063426,-0.0016455383607239,-0.00132275779902313,-0.00315278917073147,0.000201701389254794,-0.00716918615213791,-0.00146890455160076,-0.00358781523943463,-0.00192121998685835,-0.00336217858066412,-0.00284550722033083,-0.00378726416752784,-0.000862700812437112,-0.00463463146571641,-0.000949375816335252,-0.00276790790007864,-0.00144033296137547,-0.00505935624960818,-0.00729466635608933,-0.00530700907005688,-0.00172206326700497,-0.00447467283085512,-0.00601156227420407,-0.00276589096852575,-0.00351413118565791,-6.57264977643734e-05,-0.00217419765296789,-0.0011230708699328,-0.00468621965498306,-0.0105893992509181,-0.00304387761675828,0.000293632796218191,-0.00611170903985947,-0.000434492944618725,-0.00334263737076768,-0.0102639039793315,-0.0057157919148878,-0.0024635175184704,-0.0146294078803217,-0.00126613304090428,-0.00178656468575777,-0.0105671085125962,-0.00334299508456493,-0.000282865531049836,-0.000191664009208559,-0.000884262943880998,-0.00185788317218805,-0.00200067666419468,-8.96695801664293e-05,-0.0033686922447318,-0.00283725011833624,0.00047056603125295,-0.0012079312186577,-0.0148592105510477,0.467856849617734,-0.00123801458190531,-6.17063017371855e-05,-0.00851466920025912,-0.00777814058832638,-0.000337620545862727,-0.0064010376884851,-0.00577489358725813,-0.00845766237982115,-0.00209826033378935,-0.0038766302345814
"4:167018858:A:G",-6.47237686433044e-05,-0.00121635179501833,7.31530553403914e-05,5.24039759257633e-05,-5.75233310406986e-06,-0.00177005974784006,0.000137492932045014,-0.00854558543808448,-0.0039877397049084,9.44593177099051e-05,8.61053461287398e-05,-0.00230014928737088,-0.00354275637259782,-0.00252949160681215,0.000137492932045014,-7.09562088898608e-05,-0.00287204129980889,-0.00262440395494856,1.9541657797717e-05,-0.00568350178714727,-0.0107270846942749,-0.000144731901174922,-0.00354275637259782,-0.0117620604961193,-0.00732549338372701,-0.00145673064074714,-0.00472280500496325,-0.00362468289868367,-0.000117953966471518,-0.000109704788173737,5.8872919802333e-05,-0.000847173401884227,0.000200126674569034,-0.000144731901174922,-0.0022690296747232,-0.0009975618859146,-0.000233328707248681,1.04178359094931e-06,-0.000838326297603942,-0.00434101329842651,-0.000561226715707797,0.000700716469312468,-0.00114057943485779,0.000354311176526068,-0.00629781213111702,-0.000178169884779145,-0.000843587694667747,-0.000720426176532563,-2.94893594547929e-05,1.04178359094931e-06,-0.000838326297603942,-0.000670958876742844,-0.000192244470150982,-0.000192869616451041,-0.000187556741020778,-0.00133975529671027,-0.000776606924140388,-0.00198804239303119,-7.40525374434142e-05,8.92325263626148e-05,-0.000843587694667747,-0.00557446325938393,-0.000285258590841053,-4.18140070648221e-05,-0.00618938629282439,-0.00121670742783397,-0.00516720473264609,-5.75233310406986e-06,-0.000333252079927959,-0.000380698506662114,8.99329690939865e-05,-0.00109617527561667,-0.000151640812030784,-0.00283753491471206,-0.00175979700559648,-0.0041240034065968,-6.47237686433044e-05,0.000147340645270333,-0.000151640812030784,-0.00254514169753595,-8.3657623932254e-05,-0.00121638339689323,-0.000610155694363179,0.000305399234656889,-0.000176134286087759,-0.00331365630010927,0.000231637215621916,-0.00285750752639835,-0.000618255046335392,0.000195566369926681,-7.85201223800769e-05,-9.57496682394421e-05,7.858065373334e-05,0.000204630753652957,-0.000435130136606787,5.64478267390811e-05,0.000137492932045014,-9.66844860803562e-05,-5.83650324550433e-05,-0.000221489608734693,2.45911712788427e-05,-0.000338836460602288,-0.00137246031717897,-0.000471472592512789,-4.18140070648221e-05,2.15288939742209e-06,9.54969537225736e-05,0.000203749831885425,-0.000559753226606396,-0.000407558741735592,-0.00123801458190531,0.167518021585652,-0.00155975628947047,-0.00047185748554579,0.000442235749980036,-0.00543904312650412,-0.0053118444346536,-0.000793969319186516,-0.00646399039531964,2.1907923164477e-06,-0.000190230431603489
"4:167018873:A:T",2.07684037762945e-05,-0.0010325733833465,-2.88838463289309e-05,-1.81879893856873e-05,-9.52044279642905e-05,-0.00458488819964575,-5.1047870317511e-05,-0.00437816856614948,-0.00199144444700483,-3.42417091570013e-05,-0.000988794375145652,-3.5546985174939e-05,1.6694325661426e-05,-0.00232420397839217,-5.1047870317511e-05,-0.000266483833758713,-0.00070098961730114,-0.000992410700885848,-0.00256034826150398,-0.00233631423628822,4.3038100094428e-05,4.46895682006954e-05,1.6694325661426e-05,-0.00160847154713917,-0.00388372632504019,-0.000210770541906768,-0.0016873901229113,-0.00183463781247539,3.81783641927314e-05,-0.000105978175323429,-0.0022128292317074,-0.000227958835868236,-7.33059353077437e-05,4.46895682006954e-05,-0.000111478187556635,-8.36206154799513e-05,-0.00550036129077469,-5.3429155562057e-06,-0.00214020414285088,-0.00470497996210817,-0.00167381002187827,-0.00063303060204678,-4.78407023107863e-05,-0.00526408534253253,0.000356335828270993,5.68002968428516e-05,-0.00218423196898954,-0.00539423477012946,7.35930696116327e-06,-5.3429155562057e-06,-0.00214020414285088,-0.00254877052963476,-0.00606378381604067,-0.0016962437791781,5.49455958864797e-05,-0.00229624387830096,-0.00218931775294617,-0.00543394328975833,1.83068451562463e-05,-3.29229653512897e-05,-0.00218423196898954,-0.0173530561749606,-0.00859055656379049,1.04077953517745e-05,-0.000517256462026161,-0.000202634897346954,-0.0140965986907569,1.44279161595762e-06,0.000100444127010491,0.000114494833730383,-0.000558832934984821,-0.0027131443556172,4.63571842184152e-05,-0.00396299838513503,-6.9835069826496e-05,-0.00121496505872454,2.07684037762945e-05,-5.35296899855098e-05,4.63571842184152e-05,-6.98350698256078e-05,2.54354864903661e-05,-0.00203404187085532,-0.00243856682512344,-0.000114354569671349,-0.00194788900730725,-0.00260566673053653,-0.00602690040631959,7.97183464600337e-05,-0.0030831955056021,-0.000808895126183984,-0.00169695236628176,-0.000381026010983554,-0.00323386204935883,-7.44385171165263e-05,-0.00309569422219269,-0.0031454859902702,-5.1047870317511e-05,-0.00235359738039875,-0.00168198254771923,6.71190306684721e-05,-0.00151805539660632,-2.10814347303412e-05,-0.000423261852657397,-0.0042995858404522,1.04077953517745e-05,-5.8721958567709e-05,-4.05749143164158e-05,-0.000709209621169826,-0.00338734910266147,-0.00288461044071209,-6.17063017371855e-05,-0.00155975628947047,0.199743261322705,-0.000938537203744261,-0.00129286304495935,-0.000123923443893226,-0.00659698328396496,-0.00120331977428911,-0.00112175061622555,-0.00144983207226268,-0.00246667750229523
"4:167019072:T:C",-0.00619363846194787,-0.00476468768464544,-0.00190116215061042,2.49369910845232e-05,-0.00398803253930691,-0.0141949236902867,-0.00321847273209119,-0.000862542182629156,-0.00408381907934086,-0.00117547009421948,-0.00320619429901647,-0.00236337088278482,-0.000383382866495197,-0.00223406589010544,-0.00112040334990748,-0.0104112200314725,-0.00586921879653612,-4.36198761946116e-05,-0.00465515886686729,-0.0134747360497798,-0.00323952145199957,-0.00216825722106062,-0.000383382866495197,-0.00254871903745535,-0.00360323603206014,-0.0010146164492415,-0.00275861395686583,-0.00017736948738456,-0.000782065165377155,-0.00717286725877431,-0.00462932895910795,-0.00824876153039256,-0.000506925923851931,4.41461522848741e-05,-0.00161999879380481,6.48111579151234e-05,-0.000487284164733204,-4.47898197704077e-05,-0.0014298069304024,-0.000411166728342405,-0.00428573346332062,-0.00554928457035464,-0.0019439192977968,-0.00326008143316159,-0.000144101732604263,-0.00083098990036401,-0.00226322722967609,-0.0114995517138103,-0.00175179437073503,-4.47898197704077e-05,-0.00320811850957714,-0.00201763856492665,-0.0122752185929729,-0.000968328788042871,-0.00551496439987798,-0.00421901777827349,-0.00517979398247359,-0.00374455613617286,-0.000518838749761663,-0.000918843632369715,-2.56929786335292e-06,-0.00133181970950602,-0.000603495947197441,-0.00161855903007613,-0.00145708005578227,-0.00669440679570155,-0.000479335883797116,-0.00398803253930691,-2.58584499226444e-05,9.7995688870256e-05,-0.00674578366032197,-0.00313446737240852,-0.00125371812855768,-0.0111323599645279,-0.000746338406606206,-0.00771311406558395,-0.00619363846194787,-0.00231108124603008,-0.00215109676893821,-0.00145783401148414,-0.00110213576622442,-0.000876434941116777,-0.00326914077778895,-0.000392216508253718,-0.00326297163190858,-0.00676680902518179,-0.0140026813936238,-0.00544879605596016,0.00020790371433943,-0.00492368904905582,-0.000591404153842401,-0.0212815839646923,-0.0027499475111421,-0.000760612383383652,-0.00671687764292495,-0.00548358679978644,-0.00951907249302142,-0.00194819883473674,-0.000523849407992216,-0.00384254842427278,-0.000995866649275534,-0.00279440843584666,-0.00275233363121252,-0.000163447289837748,-0.00192149739383218,-0.00057898200766715,-0.00151476097553527,-0.0123153740461492,0.00011284459161498,-0.00361869845139173,-0.00851466920025912,-0.00047185748554579,-0.000938537203744261,0.43325410722105,-0.00830356032257162,-0.00391626069377349,-0.0114258352905918,-0.00293042633000695,-0.00644098102138324,-0.00282282816945312,-0.0133736503912125
"4:167021183:T:G",-0.00193945953255525,-0.0050963954857437,-0.00373498124146021,-6.84880367005647e-05,4.09955360680669e-06,-0.00480218277879541,-0.000566573918495017,-0.00612408635976847,-0.0020834070366833,-0.0102175294843736,-0.00455078359012706,-0.00698712138801749,-0.00018002668013839,-5.07617527034654e-06,-1.64304441963026e-05,-0.00212741864238186,-0.00148615591141699,-0.00438664617061768,-0.00476038937317824,9.36822313182262e-05,-0.002533289328146,-0.00224157611722742,-0.00018002668013839,-0.00670873073410405,-0.00751493690053273,-0.00504576466752393,0.000243217786938921,-0.00170640369473762,-0.000407282964397737,-0.00556715214120729,-0.00759839476710855,-0.00311315181663296,-0.00132618263801643,-8.3318245613917e-05,-0.00181030556052519,-0.00564141687643449,-0.00789851938611807,-0.00148261638170677,-0.000701012990080407,-0.00707622078271619,-0.00538396393468377,-0.00415638481749703,-0.000125269259262595,-0.00122037154448495,-0.00120842168022506,-0.000329033416132773,-0.00418103334239017,-0.0063780198740826,-0.00263081343193505,-0.00148261638170677,-0.000701012990080407,-0.00367654007598794,-0.00207371723143268,-0.000214032091751193,-0.000391215664896194,-0.00225813324778734,-0.00212741864238186,-0.0120132062308413,-5.46291592327108e-05,-0.00379118162909631,0.000251246289151297,-0.00434188783527967,-0.00736570341748166,2.96536896371435e-05,-0.00410442334907168,-0.00413744977424635,-0.00505939787005705,-0.00442456266545665,-0.000142668588230421,-0.00136153265843664,-0.000497479808210244,-0.00139707106825693,-2.98181016908927e-05,-0.00425842598540704,-0.00388869285498661,-0.00141348640531636,7.54060660357325e-05,-0.000796647573193532,-0.00197181230643384,-0.00394253880293416,-5.64072205326838e-05,1.66671573476052e-05,-0.0159752854116215,-0.000959461284028684,-0.00750677865094307,-0.00128306385830745,-0.00085028193643133,-0.00163440021641215,0.000277921314011387,-0.00461899917354014,-0.00465603693707006,-0.000412666569507891,-0.00664516008968885,-0.000283216026123689,-0.00114512554515311,-0.00300557456326178,-0.00350482719956524,-0.00228064063407629,-0.00159191055128538,8.85247672055556e-06,-4.91919804792573e-05,-0.000649055977501867,-0.00169007768460316,-0.00263244440884236,-0.00352912882573087,-0.00172835259828652,-0.00240716456622714,-0.00206778519752238,8.08901751190305e-05,-0.000824381684743969,-0.00777814058832638,0.000442235749980036,-0.00129286304495935,-0.00830356032257162,0.335489473224452,-0.00021176358554964,-0.000637898022769257,0.00015634380745233,-0.00482665224634538,-0.00588280309488809,-0.00494852119140798
"4:167022173:A:G",5.18746522049085e-05,1.33042196237554e-05,-7.66917394550148e-05,-4.62111850936253e-05,3.16381264919841e-06,4.18043120555822e-05,-0.000504243857568198,-0.000310676045401692,0.000130269445497433,-8.80421974809309e-05,-0.000842757901735602,-0.00175834429125832,-6.87468853053375e-05,-0.00112840476723441,-0.00224306238944472,5.53066840689453e-05,-0.000236335225941353,-0.0022673406342637,-0.00136507113152806,-0.00192636951162406,-0.000240068158407603,-0.00194494127617162,-6.87468853053375e-05,-0.00224524530172676,-0.00189779793732514,-0.00259794305902794,0.000101491968159451,1.2857895292484e-05,9.628680919338e-05,-0.000893307551154798,-0.00164307215412762,-0.00946362750816121,-0.000187069937652495,-0.00231437137806711,-0.0002855689386001,-0.0036674197068276,-2.97198439369595e-05,-0.00317591889128366,0.000118583384359994,-0.00512229994653257,4.47658442332965e-05,-0.0016153163225372,-0.00232185174678889,-0.000665274686035389,0.000406180776249876,0.000143411936229576,-0.00194628927375806,-0.0013869126704984,-0.000356015877748028,-0.00317591889128366,-0.00207418369664669,-0.00168438687277916,0.000151122295394934,0.000125354846564285,-0.00470867511817108,-0.00366963653677477,5.53066840689453e-05,-0.00299206874909919,-0.00587536684521428,-0.00111248237660355,-0.00432352979404715,-0.00432025028162197,-0.00112940275835705,2.28673335005425e-05,-0.000951896863152335,-0.000525623070647185,-0.000785603380166755,3.16381264919841e-06,-0.00134871335714681,-0.000887975506045358,-0.0013995228088719,-0.00152281782195995,-0.00841269776282783,-0.00190596095784334,-0.000180098391032502,-0.00356192370658004,5.18746522049085e-05,0.000475261919046233,0.000114769744463672,-0.00212595856391928,6.22795371958418e-05,1.2857895292484e-05,-0.000201667824920371,-0.000515962619278554,-0.000623506624060965,-0.00655169651614917,0.000164294517928987,-0.00126676606166853,-0.000289760451362753,-0.000914792283404964,-0.00295182160662044,-0.000269368107058465,-7.95763357057666e-05,-0.000333194227109423,-0.0021805389343772,-0.00297215695338604,-0.000131837586469175,6.94012485702444e-05,-0.00291444677712516,0.000167025528919673,-0.00144502391674184,-0.000751403789302607,-0.0018016504201066,-0.00187053745560029,-0.00112369242182986,-0.00277918941623678,-0.00011011923279014,-0.000281262932231741,-0.0026246163110164,-0.00309790153837319,-0.000337620545862727,-0.00543904312650412,-0.000123923443893226,-0.00391626069377349,-0.00021176358554964,0.161318288224432,-9.56066070183503e-05,0.000542503322624732,-0.000823458167380942,-3.94031371975245e-05,0.000119667273233759
"4:167022359:C:A",-0.00146236492746077,-0.00860282139540214,-0.0013983764542238,-2.12241056276596e-05,-0.0036549143768223,-0.000727515950754487,-0.00410934566944743,-0.00323658248465053,-0.000511610659826189,-0.00379928585123412,-0.00112309349888351,-0.00601425593488081,-0.000503929093204292,-0.00594476277345013,-0.00714500709745192,-0.00164993261016821,-0.006458427330581,-0.00140222959469138,-0.00632971224897227,-0.00023777042323303,-0.00319489916064608,-0.00151392583928445,-0.000503929093204292,-0.00214252308378926,-0.00312998585758528,-0.00129651463775637,-0.00063154977237101,-0.00121655171753687,-8.04578083588581e-05,-0.0136944306367957,-0.00685901174367665,-0.000735933786819576,-0.00259383930107049,-0.00161162507623391,-0.00318152703373498,-0.0018382776417174,-0.00374035672014417,-0.0022708283819699,-0.00375395636446108,-0.00854854779995895,-0.00547392304885985,-0.0114264859675655,-5.30781817738024e-05,-0.000777340160441842,-0.0082163491793481,-8.79839324490206e-05,-0.00126335477357475,-0.00451649719166447,-0.000555640868796559,-0.0022708283819699,-0.00375395636446108,-0.000787557885747692,-0.000126366898616226,-0.000798086422526101,-0.000886551565168592,-0.00129274822859582,-0.00335598099144097,-0.00269580271193837,-0.000109184785629601,-0.00902838389113914,-0.000218069247526653,-0.000918845555724968,-0.000741426102602194,-0.00364062231511175,-0.00511184797376751,-0.00324287408583812,-0.00107396606807031,-9.52581920010687e-06,-0.00376574841704125,-0.000461537909454357,-0.00243273270897859,-0.00366504204073825,-0.000507883499917039,-0.00408616331198886,-0.00695416881312427,-0.00669524617655348,-0.000104472905608333,4.79574740666067e-05,-0.00251257055274179,-0.00634744758299544,-0.000406779264679358,-0.00230954200221412,-0.000652856417563186,-0.00626043559569478,-0.000610553538677117,-0.00863055178406258,-0.000460435299007411,-0.00339909398422256,-0.00259601442593294,-0.00151250582483797,-0.00829399942946063,-0.00548743292112297,-0.012094573856209,-0.00341721494024227,-0.0032250768237172,-0.00208908303149524,-0.0050741234815348,-0.00101942557964652,-0.00627335002457086,-0.00219640709543345,-0.00186354282040924,-0.00131738864879694,-0.0032616239473513,-0.000517564864957354,-0.00157565563569095,-0.00196351400224648,-0.0028046898527041,-0.0251668972845733,-0.00489562950345901,-0.0028732068131081,-0.0064010376884851,-0.0053118444346536,-0.00659698328396496,-0.0114258352905918,-0.000637898022769257,-9.56066070183503e-05,0.398049761553677,-0.00164732244826959,-0.00408376769453467,-7.21956447047312e-05,-0.00273793276235823
"4:167023179:C:T",-0.000123772196391592,-0.000418490164821428,-0.0024620288166588,9.71911168416995e-05,-1.25566716446812e-05,0.00102171139405094,-0.00297791181020912,-0.00497985677648094,0.000406302092549105,-0.00175389842441831,-0.0017308621895511,0.000182977939654272,-0.00312848539154498,-0.000121331335369845,0.000247652089170103,-0.000137281312167836,-0.00235366052687613,0.00017150518730169,-0.00130693899434764,-0.000178865245959337,-0.00213543736999444,-0.000280002612804253,-0.00312848539154498,-0.0041000182661266,-0.00544279017996319,-0.00433411625078062,-0.000684905615054632,-5.11966286529386e-05,-0.000222339022804441,-0.00174691902289492,5.34612573193094e-05,-0.00186103189547282,-0.00300126507378806,-0.000582036409230824,-0.00176257588712669,-0.00355646301950596,-0.000254710042842277,-0.0006207899638353,-0.000309976208099805,-0.00255294669597372,-0.000541897315712525,0.000434866665435685,-0.000478182153761608,-0.00270743103287963,0.000545718714054289,-0.00033573930851194,-0.00492008947267397,-0.0048963137386222,-6.44103772504678e-05,-0.0006207899638353,-0.000309976208099805,-0.00538618065514562,-0.000365853001366823,0.000587581488620259,-0.000882781938992494,-0.00157165728110442,-0.000137281312167836,-0.00250851813388753,-0.000817123030838474,-0.000681468103413074,-0.00203650699613078,-0.00232412124108761,-0.000541788397448784,-0.00092234444987227,-0.000264546130939181,-0.00122167796728068,-0.00490936441583489,-1.25566716446812e-05,-0.000455857151175465,-0.000266260957134001,-0.000106730882885486,-0.00154475622740247,-0.00066145287314523,-0.00518581693926912,0.000336469128086492,4.92802276168547e-05,-0.000123772196391592,0.000269775004392514,-0.00129469206697941,-0.00155984931418551,-0.000727865931185789,-5.11966286529386e-05,-0.00163669725149873,0.000564050664731752,-0.00106295660281575,-0.0152270484340518,-0.00649001877910305,-0.00426842404456984,-0.000614651914964348,-0.00258024458460415,-0.00132833903464125,-0.00405449489454712,-0.00129569961290965,0.000378190178955684,-0.000492421440358548,-0.00409404005020608,-0.00164457278932684,-0.00169635704028437,-0.00130582880272279,-0.00467070677079562,3.59307615465099e-05,-0.000638045266268428,-0.00821791406862316,-0.00203626480600416,-9.1358187291668e-05,-0.000661971607067713,-0.000482334707610832,-0.000393206641428279,-0.000796891158332258,-0.00265741199222802,-0.00577489358725813,-0.000793969319186516,-0.00120331977428911,-0.00293042633000695,0.00015634380745233,0.000542503322624732,-0.00164732244826959,0.189708999089583,-0.000566413256512632,-0.00105694012370972,-0.00362852892865284
"4:167023255:A:G",1.76891467535967e-05,-0.0107877055846268,-0.000978179228404485,-1.73424860747673e-05,2.68287951410429e-06,-0.00215966681782831,-0.00232208642674436,-0.00697840856144571,-0.00197519930941059,-0.000226727308053398,-0.00616433415434336,-0.00100853827717362,2.11641719820577e-05,-0.00539273590451383,-0.000318947904163203,-0.00408691248249138,-0.000170968091512513,-0.00132592823863931,-0.00348958251964593,-0.0117065939350693,-0.00735985408471773,-0.00146807009480909,2.11641719820577e-05,-0.000681925574020248,-0.0114078472963408,-0.00116955442413946,-0.00441254921533307,-0.000792040240408021,3.06111779773133e-05,-0.00593341115252599,-0.0054334747192315,-0.00232824981350888,-0.000953392781251949,-0.0028226362395829,-0.00574866728743029,-0.00297464973076433,-0.00831833205254817,-0.00217958161993437,-0.00355603342749955,-0.00498558921843673,-0.00497500726020972,-0.00147603097388238,-0.00252254216217906,-0.000908366635330005,-0.00768190957342352,4.24282126614273e-05,-0.00144106354105134,-0.00241188395631386,1.17769395711065e-05,-0.00217958161993437,-0.00355603342749955,-0.000418021303470795,-0.000786033786819296,-0.00329421017714271,-0.00230828140314099,-0.00294143809235958,-0.0016223779139013,-0.00901216983426867,-0.00159335364659974,-0.00148703436653452,-7.19420988994912e-05,-0.00478873936444035,-0.00702695340310111,-0.00207862483299515,-0.00307163725003345,-0.00265925135623135,-0.00213430609843046,1.31366925515408e-06,-0.00353986939934003,6.40187535294601e-05,-0.000153904241602554,3.07512143828959e-05,-0.00265122186786293,-0.00221528046679254,-0.00698643639643404,-0.00459709699654232,-0.00143159184386388,-5.57678021140262e-05,3.6196062007221e-05,-0.00226450834491398,2.13952272174467e-05,-0.00450287058252918,-0.0049405168536234,-0.000134886659165723,-0.00316605122781244,-0.00535075264810869,-0.00942929716453067,-0.0019409442659013,-4.96161553131813e-05,-0.000116722172661454,-0.0058057830276903,-0.00924890792960298,-0.000218220658281254,-8.11563776146329e-05,-0.00390198239040629,-0.00371799546566187,-5.29333797487652e-05,2.38605712512552e-05,-0.00573413157499658,-0.00185626808935435,-0.00107337310454714,-0.00262840008083387,-0.00342915172792546,-5.49549924322434e-06,-0.00446620914114959,-0.00547682647482084,-7.86776082897234e-05,-0.00778627515419794,0.000139762716688807,-0.00493706044428066,-0.00845766237982115,-0.00646399039531964,-0.00112175061622555,-0.00644098102138324,-0.00482665224634538,-0.000823458167380942,-0.00408376769453467,-0.000566413256512632,0.359847028751483,-0.000837981880163596,-0.00858049250999571
"4:167024736:G:C",3.47113728693671e-06,-1.01205855065345e-05,-0.00622553949179672,-3.87122458800349e-06,2.93452782074155e-07,-0.000771829144369462,-0.00249756194938211,-0.00638765794012475,-3.94221247175253e-05,-0.00395346948918895,-1.87332334800061e-05,-8.24093243778634e-06,-0.00205770410226869,-0.00316958332381567,-0.00329309920436227,3.69687209023084e-06,-0.00427242853936782,-7.85926144519777e-06,-0.0015902361653497,4.34365346180243e-06,-0.00158711139105083,6.06532535396553e-06,-0.00205770410226869,-0.00194781314606196,-0.00875159505982293,-0.00268878120963212,-0.000329307653655242,1.15568375580466e-06,5.48892837670678e-06,-7.848718394321e-06,-0.00754042735749572,-0.00345103116666934,-0.00477620144814761,6.06532535396553e-06,-0.00563597449258069,-0.00204569500269258,-0.00062678325516341,-0.0028301910178552,-0.00244048194476409,-0.00153979434236318,-1.01274987800437e-05,-1.13760571140986e-05,-0.00650353129177006,0.000129271937931996,-3.49768557796892e-05,6.72620072972308e-06,-0.0024630096816507,-0.0073693253678635,-0.00226867777316464,-0.0028301910178552,-0.00244048194476409,-0.00284341580902492,6.84769474190716e-06,-9.54231165941621e-05,-3.35620923266333e-05,-0.00791274714269807,3.69687209023084e-06,-0.00798409759839247,3.28874457444783e-06,-0.00344040837013893,-0.00525856747404774,-0.0051119763331271,-2.41999308965291e-05,-1.40110987176811e-05,-0.00376078088068343,-0.000125183630856895,-0.00298470642148185,2.93452782074155e-07,-0.00351686161928555,-0.000783457089434947,-5.96224045530391e-05,-0.00302834426820997,-0.00174964157819613,-0.00178112759208959,-0.001333015938072,-0.000402237286609264,3.47113728693671e-06,-1.34466322156968e-05,-0.00339730434393992,-1.86588327641957e-05,4.1333640190544e-06,1.15568375580466e-06,-0.0037942736394001,-0.00546917258676149,-0.0003222725407106,-0.000691225529497963,-0.00317744025020694,-0.00566336175320536,-1.3238498977941e-05,-1.95318969389291e-05,-0.00472463532669742,-0.00315353977780575,-0.00282736928064597,-0.00370865476872417,-0.00385478465821887,-0.0016399317891489,-1.26199740941857e-05,0.000153699856152656,-0.00487821415029099,-0.00163557676756287,-2.17474789465655e-06,-0.00189069743537207,-0.00820950923511843,-0.00163895190924457,1.98695690745154e-06,-0.00359514536716699,-0.00113307333183332,-0.00138462121784499,-0.00120600909803326,-0.0045612493490359,-0.00209826033378935,2.1907923164477e-06,-0.00144983207226268,-0.00282282816945312,-0.00588280309488809,-3.94031371975245e-05,-7.21956447047312e-05,-0.00105694012370972,-0.000837981880163596,0.258068883240963,-0.0127801139821937
"4:167026453:C:T",-0.0013734601900639,-0.00266049443106375,3.15247504341087e-05,2.1513357093994e-05,-2.12193128401594e-06,-0.00293495595090754,-0.00668373132076461,-0.00255776605464941,-0.000125986489026175,3.88039738172807e-05,-0.000757135719807067,4.05526378708387e-05,-0.0019115590735943,-0.00137554470157131,-0.00320741927006107,-0.00156771885967633,-0.00386040383028075,3.88039738163926e-05,-0.00363795588388705,-3.68323897630418e-05,-5.84179900666726e-05,-0.00146220168771194,-0.0019115590735943,-0.000180609875702231,-0.00441142688480589,-0.00101058789699771,-0.00679742484408052,-8.69318257823437e-06,6.93934896807136e-05,-0.00663113446870511,-0.00226094609882699,-0.00222218285356579,7.8751681223288e-05,-0.00676204996294949,0.00011223150884021,-0.00136722739045414,-0.000477765055093116,-0.0020316212626188,-0.0015794550480468,-0.00687995509118089,-0.00298987201346002,0.000109632642954161,-0.00366813427104073,-0.00501562014059243,-0.00099762464298081,5.21835058640008e-05,-0.001998698199289,-0.0065063854648808,-0.00445572178344378,-0.0020316212626188,-0.0015794550480468,-0.00137913719740812,-8.3283632562825e-05,-0.00197736213526323,-0.00111264607527151,-0.00189740479244893,-2.93672782918364e-05,-0.00142946828268542,-2.55460737701441e-05,3.70274946659421e-05,-0.000102139590122619,-0.000479488541244688,-9.36278652101663e-05,-0.00194669210589815,-0.00467478220939732,-2.3244476174078e-05,-0.00605288328598563,-2.12193128401594e-06,-0.00107028909049856,-0.00560004937430048,-1.83358058292171e-05,-0.00223244518151589,-0.000148981832547967,-0.00519347672220283,-0.000102379190531465,-0.00179966082126093,-0.00147650148049561,5.91768441866591e-05,-0.0015301061001356,7.44921884461291e-05,-3.4303620024545e-05,-8.69318257823437e-06,-0.00249180988582953,-0.000674078327175032,-0.000232040836637637,-0.00600976569760503,-0.000242082634437146,-0.00346900363180058,-0.0030575956612422,-0.00112876813335117,-0.000640922241554875,-0.00225104619716765,3.3388543478452e-05,-0.00062696238709492,-0.00325030157947381,-0.00634694068239305,-0.00143813897585066,-0.00377809988025568,-0.000600115063903672,0.000369569942775705,1.16142797317309e-05,-0.000283718157536583,-0.00297812207501957,-0.00168641928458246,-1.5589359595225e-05,-0.00219336369234391,-0.000958752080156167,-0.00503210538797383,-0.000596803085020525,-0.00102487070266299,-0.0038766302345814,-0.000190230431603489,-0.00246667750229523,-0.0133736503912125,-0.00494852119140798,0.000119667273233759,-0.00273793276235823,-0.00362852892865284,-0.00858049250999571,-0.0127801139821937,0.250805760951524
